Run Date,Strategy,company,ticker,maxProfit,breakeven,nextEPSDate,releaseTime,confirmDate,expDate,lastTrade,avgEPSMove,maxReturn,maxRisk,epsImpact,longStrike,shortBid,shortStrike,longAsk,maxLoss,ewRating,totRatings,netRatings,Strike_Hit,Hit_Date,Max_Favorable,Min_Unfavorable,Day0_Check,Day1_Check,Day2_Check,Day3_Check,Day4_Check,Day5_Check,Exp_Result,Risk_Reward,Peak_Profit_Date,Hit_RSI,Hit_SMA20,Hit_SMA50,Hit_EMA9,Hit_EMA21,Hit_VWAP,Hit_RVOL,Hit_ATR,Hit_PriceVsSMA20,Hit_PriceVsVWAP,GF_Name,GF_Price,GF_ChangePct,GF_High,GF_Low,GF_High52,GF_Low52,GF_Volume,GF_AvgVol10,GF_MktCap,GF_PE,GF_Beta,HV_30D,RVOL_10,Ret_5D,Ret_20D,GapPct,Days_To_Exp,Success_Score,Historical_High,Historical_Low,Ever_Hit_Strike,First_Hit_Date,Last_Update,Total_Hit_Days
2025-08-15 16:44:03,Bull Spreads,"Workday, Inc.",WDAY,16.1,228.9,2025-08-21 0:00:00,3,2025-08-04 8:35:44,2025-08-22 0:00:00,221.92,0.0946,0.0725,0.0401,0.0888,220,2,245,10.9,8.9,2.75,7,1,"[""0.027591"",""0.054182"",""0.044591"",""0.034005"",""0.034455"",""0.005773""]",2025-08-15,"[""0.00"",""0.00"",""0.00"",""0.00"",""0.00"",""0.00""]","[""0.00"",""0.00"",""0.00"",""0.00"",""0.00"",""0.00""]",226.07,231.92,229.81,227.48,227.58,221.27,221.27,,,"[""63.61"",""82.85"",""52.93"",""61.21"",""69.72"",""10.66""]","[""225.51"",""231.25"",""234.44"",""230.56"",""227.66"",""227.32""]","[""225.48"",""231.10"",""228.86"",""230.09"",""227.25"",""227.23""]","[""225.78"",""231.57"",""234.57"",""230.73"",""227.73"",""226.29""]","[""225.59"",""231.34"",""233.90"",""230.47"",""227.60"",""226.99""]","[""225.07"",""227.83"",""228.40"",""228.90"",""228.26"",""228.25""]","[""3.60"",""2.39"",""0.88"",""3.66"",""0.95"",""0.00""]","[""0.2425"",""0.1620"",""0.2332"",""0.4322"",""0.2196"",""0.7287""]","[""0.25"",""0.34"",""0.15"",""0.43"",""0.17"",""-2.66""]","[""0.44"",""1.85"",""2.80"",""1.16"",""-0.10"",""-3.06""]",Workday Inc,221.27,-2.77,222.02,211.31,294,205.33,8226649,5092711,59079090000,102.59,1.24,31.10577985,1.615377154,-2.131894378,-8.467775296,3.455208528,-1,66.15377154,221.27,221.27,TRUE,2025-08-23,2025-08-23 15:10:46,0
2025-08-15 16:44:03,Bull Spreads,"Estée Lauder Companies, Inc.",EL,6.48,93.52,2025-08-20 0:00:00,1,2025-08-13 16:42:36,2025-08-22 0:00:00,89.5,0.1104,0.0724,0.0505,0.1162,89,1.38,100,5.9,4.52,1.84,9,1,"[""0.022135"",""0.019551"",""0.011011"",""-0.026180"",""-0.014382"",""0.025056""]",2025-08-15,"[""0.00"",""0.00"",""0.00"",""0.00"",""0.00"",""0.00""]","[""0.00"",""0.00"",""0.00"",""0.00"",""0.00"",""0.00""]",90.97,90.74,89.98,86.67,87.72,91.23,91.23,,,"[""52.17"",""60.23"",""52.18"",""54.04"",""44.73"",""92.89""]","[""91.63"",""92.03"",""86.33"",""88.96"",""87.76"",""87.92""]","[""89.70"",""91.90"",""89.06"",""89.69"",""87.86"",""87.92""]","[""91.65"",""92.07"",""89.88"",""88.68"",""87.70"",""88.41""]","[""91.00"",""92.02"",""88.33"",""88.91"",""87.75"",""88.07""]","[""90.48"",""90.86"",""90.97"",""90.14"",""88.32"",""88.32""]","[""0.41"",""2.62"",""0.36"",""0.41"",""3.79"",""0.00""]","[""0.0506"",""0.1159"",""13.1831"",""1.1265"",""0.1079"",""0.3350""]","[""0.17"",""0.17"",""5.96"",""0.69"",""-0.04"",""3.76""]","[""1.44"",""1.46"",""0.54"",""-0.63"",""-0.68"",""3.30""]",Estee Lauder Companies Inc,91.23,3.99,91.94,87.77,103.44,48.37,4051423,2821480,32832711170,,1.18,40.31496219,1.435921219,0.2858085083,0.9181415929,3.423648112,-1,64.35921219,91.23,91.23,TRUE,2025-08-23,2025-08-23 15:10:46,0
2025-08-15 16:44:03,Bull Spreads,Target Corp.,TGT,7.21,107.79,2025-08-20 0:00:00,1,2025-07-18 11:38:24,2025-08-22 0:00:00,104.25,0.1009,0.0691,0.0363,0.0921,104,1.21,115,5,3.79,1.9,6,0,"[""-0.009423"",""0.009231"",""0.013365"",""-0.051058"",""-0.066827"",""-0.045769""]",2025-08-15,"[""0.00"",""0.00"",""0.00"",""0.00"",""0.00"",""0.00""]","[""0.00"",""0.00"",""0.00"",""0.00"",""0.00"",""0.00""]",103.02,104.96,105.39,98.69,97.05,99.24,99.24,,,"[""50.36"",""75.26"",""52.48"",""44.46"",""41.66"",""87.44""]","[null,""105.90"",""101.06"",""98.75"",""97.15"",""97.25""]","[null,""105.48"",""103.50"",""99.07"",""97.17"",""97.21""]","[""102.40"",""106.06"",""106.27"",""98.71"",""97.14"",""97.56""]","[null,""105.87"",""104.27"",""98.80"",""97.15"",""97.34""]","[""103.35"",""103.60"",""104.26"",""99.69"",""99.20"",""99.20""]","[""0.38"",""0.76"",""0.78"",""2.71"",""3.33"",""0.00""]","[""0.3564"",""0.1019"",""0.2076"",""0.1775"",""0.0878"",""0.2403""]","[null,""0.29"",""6.00"",""-0.07"",""-0.11"",""2.04""]","[""0.62"",""2.52"",""2.75"",""-1.01"",""-2.17"",""0.04""]",Target Corp,99.24,2.25,101.34,97.36,161.84,87.35,13663612,5020050,45094258069,11.57,1.22,33.75922782,2.72180795,-3.669190448,-6.421499293,1.701168272,-1,50,99.24,99.24,FALSE,,2025-08-23 15:10:46,0
2025-08-15 16:44:03,Bull Spreads,"Palo Alto Networks, Inc.",PANW,11.63,178.37,2025-08-18 0:00:00,3,2025-07-30 8:10:50,2025-08-22 0:00:00,173.55,0.0805,0.067,0.0338,0.0799,172.5,1.73,190,7.6,5.87,6.21,10,6,"[""0.026667"",""0.022435"",""0.053043"",""0.069159"",""0.062841"",""0.077565""]",2025-08-15,"[""0.00"",""0.00"",""0.00"",""0.00"",""0.00"",""0.00""]","[""0.00"",""0.00"",""0.00"",""0.00"",""0.00"",""0.00""]",177.1,176.37,181.65,184.43,183.34,185.88,185.88,,,"[""66.50"",""72.77"",""96.61"",""65.96"",""24.13"",""85.17""]","[""176.88"",""177.04"",""177.90"",""187.18"",""184.81"",""183.43""]","[""176.70"",""176.78"",""176.99"",""186.74"",""184.84"",""183.32""]","[""177.06"",""177.32"",""181.85"",""187.36"",""184.55"",""183.83""]","[""176.91"",""177.09"",""179.06"",""187.18"",""184.71"",""183.54""]","[""175.46"",""175.67"",""177.44"",""181.33"",""181.63"",""181.65""]","[""2.69"",""1.60"",""2.08"",""1.37"",""5.36"",""0.00""]","[""0.1713"",""0.3149"",""1.2864"",""0.2047"",""0.2527"",""0.3437""]","[""0.22"",""0.40"",""5.91"",""0.17"",""-0.46"",""1.34""]","[""1.03"",""1.18"",""6.18"",""3.40"",""1.28"",""2.33""]",Palo Alto Networks Inc,185.88,1.4,187.11,182.94,210.39,144.15,6861721,10219730,124155909765,116.28,1.43,37.77572015,0.6714190101,4.963577842,-8.555123727,1.214266267,-1,60,185.88,185.88,TRUE,2025-08-23,2025-08-23 15:10:46,0
2025-08-15 16:44:03,Bull Spreads,Bilibili Inc.,BILI,1.58,24.42,2025-08-21 0:00:00,1,2025-08-05 7:00:24,2025-08-22 0:00:00,23.82,0.0735,0.0663,0.0386,0.1167,23.5,0.62,26,1.54,0.92,6.75,11,9,"[""0.057447"",""0.078936"",""0.066808"",""0.077021"",""0.011489"",""0.020426""]",2025-08-15,"[""0.00"",""0.00"",""0.00"",""0.00"",""0.00"",""0.00""]","[""0.00"",""0.00"",""0.00"",""0.00"",""0.00"",""0.00""]",24.85,25.35,25.07,25.31,23.77,23.98,23.98,,,"[""54.29"",""53.29"",""51.87"",""57.75"",""45.97"",""54.69""]","[""24.90"",""25.48"",""25.51"",""25.09"",""24.82"",""23.72""]","[""24.85"",""24.89"",""24.94"",""25.06"",""24.53"",""23.23""]","[""24.91"",""25.50"",""25.49"",""25.09"",""24.33"",""23.80""]","[""24.89"",""25.44"",""25.23"",""25.08"",""24.61"",""23.67""]","[""24.72"",""24.95"",""25.10"",""25.11"",""24.97"",""24.57""]","[""1.10"",""0.94"",""1.54"",""5.34"",""0.65"",""0.00""]","[""0.0107"",""0.0415"",""0.0202"",""0.0345"",""0.2784"",""0.0475""]","[""0.08"",""0.24"",""-0.06"",""0.39"",""-2.21"",""1.09""]","[""0.79"",""2.40"",""1.60"",""0.29"",""-2.77"",""-2.41""]",Bilibili Inc - ADR,23.98,0.93,24.25,23.58,31.77,13.6,5691474,1976890,9898471405,341.11,0.94,48.08370321,2.87900389,-3.501006036,2.610183997,0.7139857203,-1,70,23.98,23.98,TRUE,2025-08-23,2025-08-23 15:10:46,0
2025-08-15 16:44:03,Bull Spreads,XPeng Inc.,XPEV,1.27,19.73,2025-08-19 0:00:00,1,2025-08-05 7:00:46,2025-08-22 0:00:00,19.38,0.062,0.0655,0.0376,0.0957,19,0.39,21,1.12,0.73,3.52,6,2,"[""0.037632"",""0.047212"",""0.092105"",""0.072368"",""0.196842"",""0.250000""]",2025-08-15,"[""0.00"",""0.00"",""0.00"",""0.00"",""0.00"",""0.00""]","[""0.00"",""0.00"",""0.00"",""0.00"",""0.00"",""0.00""]",19.72,19.9,20.75,20.38,22.74,23.75,23.75,,,"[null,""89.29"",""60.30"",""45.14"",""34.77"",""85.04""]","[null,""19.78"",""20.90"",""20.50"",""22.84"",""22.88""]","[null,""19.77"",""20.92"",""20.70"",""22.86"",""22.88""]","[""19.03"",""19.85"",""20.96"",""20.45"",""22.80"",""22.99""]","[null,""19.80"",""20.93"",""20.51"",""22.82"",""22.91""]","[""19.86"",""19.85"",""20.19"",""20.28"",""21.28"",""21.28""]","[""1.07"",""8.64"",""0.33"",""0.32"",""3.88"",""0.00""]","[null,""0.0624"",""0.0347"",""0.0991"",""0.0457"",""0.1161""]","[null,""2.45"",""0.44"",""-0.07"",""-0.43"",""3.79""]","[""1.20"",""2.11"",""3.98"",""1.04"",""6.85"",""11.59""]",Xpeng Inc - ADR,23.75,4.4,24.1,22.95,27.16,6.94,16052829,11449160,20610530250,,2.5,50.42499019,1.40209666,20.55837563,25.19768055,1.80025718,-1,44.0209666,23.75,23.75,FALSE,,2025-08-23 15:10:46,0
2025-08-15 16:44:03,Bull Spreads,Bitdeer Technologies Group,BTDR,0.85,14.15,2025-08-18 0:00:00,1,2025-08-04 7:10:04,2025-08-22 0:00:00,13.78,0.0734,0.0616,0.0471,0.1506,13.5,0.5,15,1.15,0.65,1.94,7,-1,"[""-0.007407"",""0.062963"",""-0.041111"",""-0.042222"",""-0.065926"",""-0.011111""]",2025-08-15,"[""0.00"",""0.00"",""0.00"",""0.00"",""0.00"",""0.00""]","[""0.00"",""0.00"",""0.00"",""0.00"",""0.00"",""0.00""]",13.4,14.35,12.94,12.93,12.61,13.35,13.35,,,"[null,""52.62"",""16.70"",""53.05"",""48.12"",""87.05""]","[null,""14.56"",""14.44"",""12.88"",""12.62"",""12.66""]","[null,""13.93"",""14.40"",""12.60"",""12.63"",""12.64""]","[null,""14.59"",""14.35"",""12.89"",""12.62"",""12.76""]","[null,""14.36"",""14.40"",""12.85"",""12.62"",""12.69""]","[""13.70"",""13.62"",""13.81"",""13.41"",""13.30"",""13.30""]","[""1.00"",""6.08"",""2.25"",""3.95"",""2.95"",""0.00""]","[null,""0.0555"",""0.0739"",""0.0212"",""0.0215"",""0.0726""]","[null,""0.91"",""-3.22"",""0.38"",""-0.07"",""5.48""]","[""-0.51"",""7.88"",""1.24"",""-3.58"",""-5.17"",""0.39""]",Bitdeer Technologies Group,13.35,5.87,13.66,12.34,26.99,5.4,3781315,3825894,2626560510,,2.23,70.93759789,0.9883480828,-0.2987303958,-8.81147541,6.544293695,-1,40,13.35,13.35,FALSE,,2025-08-23 15:10:46,0
2025-08-15 16:44:03,Bull Spreads,Intuit Inc.,INTU,35.9,729.1,2025-08-21 0:00:00,3,2025-07-31 19:10:48,2025-08-22 0:00:00,710.64,0.0697,0.0505,0.0268,0.0689,710,5.9,765,25,19.1,5.39,10,8,"[""0.009697"",""0.010056"",""-0.012732"",""-0.015704"",""-0.016958"",""-0.066676""]",2025-08-15,"[""0.00"",""0.00"",""0.00"",""0.00"",""0.00"",""0.00""]","[""0.00"",""0.00"",""0.00"",""0.00"",""0.00"",""0.00""]",716.89,717.14,700.96,698.85,697.96,662.66,662.66,,,"[""51.88"",""52.42"",""52.04"",""52.02"",""51.21"",""24.24""]","[""647.15"",""575.08"",""681.08"",""698.92"",""698.38"",""696.63""]","[""675.29"",""603.30"",""702.57"",""685.39"",""697.90"",""697.21""]","[""621.44"",""616.04"",""712.35"",""698.80"",""698.26"",""691.14""]","[""636.38"",""586.13"",""700.82"",""696.95"",""697.95"",""694.74""]","[""714.55"",""715.92"",""716.95"",""708.95"",""706.37"",""706.37""]","[""0.60"",""1.76"",""0.74"",""4.47"",""4.06"",""0.00""]","[""205.7283"",""308.5371"",""0.7907"",""0.4539"",""0.6145"",""3.0938""]","[""11.26"",""25.21"",""5.58"",""-0.01"",""-0.06"",""-4.88""]","[""0.76"",""0.58"",""0.30"",""-1.42"",""-1.19"",""-6.19""]",Intuit Inc,662.66,-5.03,670.39,642.52,813.48,532.65,6368783,3195318,184847011528,48.47,1.28,29.22827645,1.993160931,-7.545274437,-15.68674852,1.169465649,-1,49.93160931,662.66,662.66,FALSE,,2025-08-23 15:10:46,0
2025-08-15 16:44:03,Bull Spreads,"Baidu, Inc.",BIDU,3.78,90.22,2025-08-20 0:00:00,1,2025-07-22 10:08:49,2025-08-22 0:00:00,88.73,0.0531,0.0426,0.025,0.0656,88,1.13,94,3.35,2.22,3.24,9,-1,"[""0.021023"",""0.024091"",""0.012045"",""-0.014091"",""-0.004330"",""0.022841""]",2025-08-15,"[""0.00"",""0.00"",""0.00"",""0.00"",""0.00"",""0.00""]","[""0.00"",""0.00"",""0.00"",""0.00"",""0.00"",""0.00""]",89.85,90.12,89.06,86.76,87.62,90.01,90.01,,,"[""51.92"",""53.96"",""52.61"",""55.52"",""63.10"",""93.84""]","[""85.54"",""90.91"",""90.42"",""86.58"",""87.99"",""87.73""]","[""84.54"",""87.01"",""88.65"",""86.41"",""87.96"",""87.89""]","[""89.56"",""90.67"",""90.58"",""86.71"",""88.08"",""88.09""]","[""87.74"",""88.58"",""89.91"",""86.59"",""88.01"",""87.87""]","[""89.56"",""89.82"",""90.06"",""88.19"",""88.12"",""88.10""]","[""1.82"",""1.01"",""1.23"",""2.75"",""0.43"",""0.00""]","[""0.0357"",""0.1110"",""0.2110"",""0.1040"",""0.0778"",""0.2117""]","[""5.37"",""0.24"",""0.57"",""0.21"",""0.21"",""2.60""]","[""0.64"",""1.45"",""0.97"",""-1.62"",""0.07"",""2.17""]",Baidu Inc,90.01,2.74,90.54,88.14,116.25,74.71,4256864,6991064,30942819443,8.19,0.34,44.77317255,0.6089007339,0.1780745687,-0.8700440529,1.476888388,-1,60,90.01,90.01,TRUE,2025-08-23,2025-08-23 15:10:46,0
2025-08-15 16:44:03,Bull Spreads,Walmart Inc.,WMT,3.82,102.18,2025-08-21 0:00:00,1,2025-08-14 7:01:15,2025-08-22 0:00:00,100.85,0.0447,0.0378,0.0216,0.0487,100,0.66,106,2.84,2.18,2.25,8,4,"[""0.000300"",""0.006800"",""0.013100"",""0.025700"",""-0.020450"",""-0.031700""]",2025-08-15,"[""0.00"",""0.00"",""0.00"",""0.00"",""0.00"",""0.00""]","[""0.00"",""0.00"",""0.00"",""0.00"",""0.00"",""0.00""]",100.03,100.68,101.31,102.57,97.96,96.83,96.83,,,"[null,""51.92"",""60.12"",""55.32"",""61.31"",""21.93""]","[null,""95.74"",""102.12"",""102.54"",""97.77"",""97.74""]","[null,""98.68"",""102.08"",""102.51"",""97.74"",""97.72""]","[""89.42"",""99.70"",""102.26"",""102.57"",""97.94"",""97.72""]","[null,""98.12"",""102.15"",""102.53"",""97.84"",""97.75""]","[""100.51"",""100.22"",""100.49"",""101.14"",""99.59"",""99.59""]","[""0.08"",""2.03"",""1.13"",""0.67"",""3.83"",""0.00""]","[null,""14.4187"",""0.0847"",""0.0451"",""0.1423"",""0.2191""]","[null,""5.34"",""0.28"",""0.09"",""0.19"",""-0.93""]","[""0.14"",""0.63"",""1.92"",""1.47"",""-1.64"",""-2.77""]",Walmart Inc,96.83,-1.15,99.05,96.76,105.3,75.01,32695177,12856706,772743889552,36.53,0.66,22.05115473,2.543044618,-3.17,-0.656612291,-1.264402977,-1,50,7140,96.83,FALSE,,2025-08-23 15:10:46,0
2025-08-15 16:44:03,Bull Spreads,Futu Holdings Ltd,FUTU,6.45,178.55,2025-08-20 0:00:00,1,2025-08-06 5:59:58,2025-08-22 0:00:00,174.75,0.0524,0.0369,0.0346,0.0953,172.5,3.85,185,9.9,6.05,1.36,6,0,"[""0.009855"",""0.002348"",""-0.021217"",""0.036058"",""0.045681"",""0.105159""]",2025-08-15,"[""0.00"",""0.00"",""0.00"",""0.00"",""0.00"",""0.00""]","[""0.00"",""0.00"",""0.00"",""0.00"",""0.00"",""0.00""]",174.2,172.9,168.84,178.72,180.38,190.64,190.64,,,"[null,""56.59"",""52.55"",""53.78"",""59.98"",""89.63""]","[null,""174.46"",""163.60"",""177.39"",""182.74"",""180.90""]","[null,""164.06"",""165.31"",""172.67"",""179.57"",""181.31""]","[null,""174.91"",""172.93"",""177.94"",""183.31"",""182.35""]","[null,""173.87"",""169.74"",""176.61"",""182.24"",""181.40""]","[""176.71"",""175.09"",""173.93"",""171.48"",""172.59"",""174.01""]","[""0.11"",""11.91"",""0.59"",""2.83"",""1.09"",""0.00""]","[null,""0.4425"",""0.4586"",""0.4530"",""0.9763"",""1.0300""]","[null,""1.74"",""6.43"",""0.75"",""0.62"",""5.39""]","[""0.34"",""1.37"",""0.11"",""4.23"",""6.54"",""9.56""]",Futu Holdings Ltd,190.64,5.65,194.32,184.74,194.32,56.22,3105782,1128812,18069522569,26.5,0.49,55.83868859,2.751372239,9.406025825,16.52099505,3.004106332,-1,50,190.64,190.64,FALSE,,2025-08-23 15:10:46,0
2025-08-15 16:44:03,Bull Spreads,"Medtronic, Inc.",MDT,2.76,93.24,2025-08-19 0:00:00,1,2025-08-05 17:38:42,2025-08-22 0:00:00,91.98,0.0332,0.03,0.0243,0.0489,91,0.5,96,2.74,2.24,1.93,5,1,"[""0.021978"",""0.020110"",""-0.012088"",""0.024396"",""0.001209"",""0.018791""]",2025-08-15,"[""0.00"",""0.00"",""0.00"",""0.00"",""0.00"",""0.00""]","[""0.00"",""0.00"",""0.00"",""0.00"",""0.00"",""0.00""]",93,92.83,89.9,93.22,91.11,92.71,92.71,,,"[""83.06"",""61.11"",""43.45"",""80.33"",""42.48"",""87.07""]","[""92.96"",""93.12"",""89.96"",""93.01"",""93.32"",""91.27""]","[""92.77"",""93.12"",""89.96"",""91.30"",""93.36"",""91.41""]","[""93.08"",""93.21"",""89.92"",""93.54"",""93.24"",""91.47""]","[""92.98"",""93.15"",""89.95"",""92.86"",""93.29"",""91.36""]","[""92.53"",""92.78"",""90.77"",""90.88"",""91.50"",""91.55""]","[""1.48"",""2.18"",""4.37"",""3.02"",""2.30"",""0.00""]","[""0.0524"",""0.0680"",""0.0807"",""0.2893"",""0.1511"",""0.1833""]","[""0.19"",""0.18"",""-0.07"",""1.01"",""-0.13"",""1.58""]","[""0.66"",""0.55"",""-0.96"",""3.38"",""1.85"",""1.26""]",Medtronic PLC,92.71,1.76,92.96,91.68,96.25,79.29,4876003,6782958,118785984266,25.6,0.8,21.75092157,0.7188608569,-0.3332616642,-0.247471487,1.123472949,-1,60,92.71,92.71,TRUE,2025-08-23,2025-08-23 15:10:46,0
2025-08-15 16:44:03,Bull Spreads,"Gap, Inc.",GAP,2.69,21.81,2025-08-28 0:00:00,3,2025-08-07 16:29:29,2025-08-29 0:00:00,20.88,0.1506,0.1288,0.0627,0.0773,20.5,0.27,24.5,1.58,1.31,2.4,8,0,,,,,,,,,,,,,,,,,,,,,,,,Gap Inc,21.42,1.11,21.63,20.65,29.29,16.99,11285194,6860762,7991084458,9.35,2.16,36.06591557,1.644889299,3.528274529,3.678606002,2.832453193,6,78.44889299,21.42,21.42,TRUE,2025-08-23,2025-08-23 15:10:46,0
2025-08-15 16:44:03,Bull Spreads,Snowflake,SNOW,22.2,202.8,2025-08-27 0:00:00,3,2025-08-04 9:21:57,2025-08-29 0:00:00,194.9,0.1481,0.1139,0.0528,0.0708,192.5,3.25,225,13.55,10.3,4.88,9,5,,,,,,,,,,,,,,,,,,,,,,,,Snowflake Inc,196.81,1.08,199.91,191.24,229.27,107.13,3107867,5214015,65667230165,,1.22,39.64205553,0.5960602338,-1.140245128,-10.34121452,0.8454601353,6,72,196.81,196.81,TRUE,2025-08-23,2025-08-23 15:10:46,0
2025-08-15 16:44:03,Bull Spreads,"Affirm Holdings, Inc.",AFRM,8.58,81.42,2025-08-28 0:00:00,3,2025-07-31 16:11:15,2025-08-29 0:00:00,77.02,0.1556,0.1113,0.0573,0.0818,77,1.78,90,6.2,4.42,1.59,6,2,,,,,,,,,,,,,,,,,,,,,,,,Affirm Holdings Inc,79.49,6.71,80.41,74.15,82.53,30.02,8391529,4722605,25643465361,,3.63,58.43202995,1.776885638,0.9781504065,18.48263527,6.999596177,6,79.76885638,79.49,79.49,TRUE,2025-08-23,2025-08-23 15:10:46,0
2025-08-15 16:44:03,Bull Spreads,Kohl's Corporation,KSS,1.61,14.89,2025-08-27 0:00:00,1,2025-08-04 0:00:00,2025-08-29 0:00:00,14.46,0.1194,0.1113,0.0615,0.1207,14,0.84,16.5,1.73,0.89,0.87,7,-1,,,,,,,,,,,,,,,,,,,,,,,,Kohls Corp,13.89,4.28,14.25,13.31,21.39,6.04,6864149,7354465,1556257862,12.87,1.73,127.856869,0.9333308405,0.871459695,8.600469116,3.734129948,6,52,13.89,13.89,FALSE,,2025-08-23 15:10:46,0
2025-08-15 16:44:03,Bull Spreads,Dell Technologies,DELL,14.9,145.1,2025-08-28 0:00:00,3,2025-07-28 0:00:00,2025-08-29 0:00:00,138.86,0.1214,0.1073,0.0511,0.0564,138,0.8,160,7.9,7.1,4.03,12,4,,,,,,,,,,,,,,,,,,,,,,,,Dell Technologies Inc,130.84,2.38,132.05,128.12,147.66,66.25,3785951,4402805,88497766067,0,,38.04176615,0.8598952259,-5.380387619,-0.2895900015,1.54443151,6,52,130.84,130.84,FALSE,,2025-08-23 15:10:46,0
2025-08-15 16:44:03,Bull Spreads,Marvell Technology Group Ltd.,MRVL,7.44,82.56,2025-08-28 0:00:00,3,2025-08-04 9:21:44,2025-08-29 0:00:00,79.04,0.1326,0.0941,0.045,0.068,79,1.69,90,5.25,3.56,3.9,7,7,,,,,,,,,,,,,,,,,,,,,,,,Marvell Technology Inc,73,2.51,74.73,70.68,127.48,47.09,14435874,11843620,62940592700,,1.83,44.23751124,1.218873453,-4.186901168,-1.630508018,2.326885338,6,54.18873453,73,73,FALSE,,2025-08-23 15:10:46,0
2025-08-15 16:44:03,Bull Spreads,Abercrombie & Fitch Co.,ANF,8.3,101.7,2025-08-27 0:00:00,1,2025-08-01 8:03:35,2025-08-29 0:00:00,97.32,0.1231,0.0852,0.0482,0.0786,97,3,110,7.7,4.7,3.96,8,4,,,,,,,,,,,,,,,,,,,,,,,,Abercrombie & Fitch Co,98.46,6.03,98.73,91.86,171.47,65.4,2743869,1504415,4690959274,9.7,1.54,50.90292524,1.82387772,4.945640588,6.627680312,5.814078452,6,80.2387772,98.46,98.46,TRUE,2025-08-23,2025-08-23 15:10:46,0
2025-08-15 16:44:03,Bull Spreads,Iris Energy Limited ,IREN,1.54,19.96,2025-08-28 0:00:00,3,2025-08-14 9:06:55,2025-08-29 0:00:00,19.08,0.1143,0.0807,0.0503,0.1124,19,0.94,21.5,1.9,0.96,1.8,6,2,,,,,,,,,,,,,,,,,,,,,,,,IREN Ltd,21.43,9.39,21.72,18.87,21.72,5.13,28734853,18186512,4810152152,,3.98,74.971169,1.58000902,8.836973083,20.93679458,10.23662551,6,77.8000902,21.43,21.43,TRUE,2025-08-23,2025-08-23 15:10:46,0
2025-08-15 16:44:03,Bull Spreads,HP Inc.,HPQ,1.83,27.67,2025-08-27 0:00:00,3,2025-08-14 16:16:16,2025-08-29 0:00:00,26.93,0.078,0.0679,0.0434,0.0511,26.5,0.2,29.5,1.37,1.17,0.37,5,-3,,,,,,,,,,,,,,,,,,,,,,,,HP Inc,27.74,4.36,27.75,26.67,39.8,21.21,6574155,7540216,26055424483,10.7,1.3,28.3143359,0.8718788693,3.739715782,8.021806854,3.662182362,6,72,27.74,27.74,TRUE,2025-08-23,2025-08-23 15:10:46,0
2025-08-15 16:44:03,Bull Spreads,"Best Buy Co., Inc.",BBY,4.84,74.16,2025-08-28 0:00:00,1,2025-08-01 17:16:35,2025-08-29 0:00:00,71.74,0.0908,0.0674,0.044,0.0561,71,0.79,79,3.95,3.16,1.15,4,0,,,,,,,,,,,,,,,,,,,,,,,,Best Buy Co Inc,75.39,4.1,75.9,73.18,103.71,54.99,4186390,2862507,15933427584,18.42,1.21,31.41894292,1.462490747,5.249197264,11.78825623,2.75316887,6,76.62490747,75.39,75.39,TRUE,2025-08-23,2025-08-23 15:10:46,0
2025-08-15 16:44:03,Bull Spreads,ULTA Beauty,ULTA,26.6,543.4,2025-08-28 0:00:00,3,2025-08-15 9:16:19,2025-08-29 0:00:00,526.18,0.0769,0.0505,0.0349,0.0427,525,5.1,570,23.5,18.4,6.81,11,9,,,,,,,,,,,,,,,,,,,,,,,,Ulta Beauty Inc,529.5,1.79,534.09,526,534.1,309.01,624343,446845,23798700000,20.68,1.12,21.51503123,1.397224989,1.631477927,2.82551704,0.3163897467,6,75.97224989,529.5,529.5,TRUE,2025-08-23,2025-08-23 15:10:46,0
2025-08-15 16:44:03,Bull Spreads,"DICK'S Sporting Goods, Inc.",DKS,10.5,229.5,2025-08-28 0:00:00,1,2025-08-05 8:04:05,2025-08-29 0:00:00,222.81,0.0751,0.0471,0.0314,0.0469,222.5,3.3,240,10.3,7,2.25,6,2,,,,,,,,,,,,,,,,,,,,,,,,DICK'S Sporting Goods Inc,227.63,1.9,228.52,222.97,254.6,166.37,1583040,943355,18231551770,16.27,1.04,29.60426546,1.678095733,1.63414743,4.806851144,1.475570613,6,78.78095733,227.63,227.63,TRUE,2025-08-23,2025-08-23 15:10:46,0
2025-08-15 16:44:03,Bull Spreads,"CrowdStrike, Inc.",CRWD,18.4,436.6,2025-08-27 0:00:00,3,2025-08-05 16:10:56,2025-08-29 0:00:00,424.86,0.0704,0.0433,0.0331,0.0535,422.5,10.15,455,24.25,14.1,-0.08,5,-3,,,,,,,,,,,,,,,,,,,,,,,,Crowdstrike Holdings Inc,420.55,1.57,423.99,412.55,517.98,242.25,2202292,2525352,104821285412,,1.13,27.84560642,0.8720732793,-1.717691049,-10.12352539,1.337349398,6,52,420.55,420.55,FALSE,,2025-08-23 15:10:46,0
2025-08-15 16:44:03,Bull Spreads,Hormel Foods Corp.,HRL,1.05,28.95,2025-08-28 0:00:00,1,2025-08-05 7:28:08,2025-08-29 0:00:00,28.3,0.056,0.0371,0.0335,0.0539,28,0.15,30,1.1,0.95,1.82,5,1,,,,,,,,,,,,,,,,,,,,,,,,Hormel Foods Corp,29.25,1.18,29.35,28.99,33.8,27.59,2258824,2436004,16084414125,21.51,0.31,19.58099181,0.9272661293,2.703651685,0.0341997264,0.7578367206,6,72,29.25,29.25,TRUE,2025-08-23,2025-08-23 15:10:46,0
2025-08-15 16:44:03,Bull Spreads,"UiPath, Inc.",PATH,0.93,11.07,2025-09-04 0:00:00,3,2025-08-07 16:39:24,2025-09-05 0:00:00,10.73,0.1108,0.0866,0.0531,,10.5,0.31,12,0.88,0.57,4.26,5,5,,,,,,,,,,,,,,,,,,,,,,,,UiPath Inc,11.17,2.62,11.24,10.88,15.93,9.38,10224373,10109430,5976383436,,1.03,31.98955873,1.011369879,1.916058394,-8.29228243,2.1023766,13,86.11369879,11.17,11.17,TRUE,2025-08-23,2025-08-23 15:10:46,0
2025-08-15 16:44:03,Bull Spreads,Credo Technology Group Holding Ltd,CRDO,19.9,125.1,2025-09-03 0:00:00,3,2025-08-13 9:17:53,2025-09-19 0:00:00,117.33,0.1987,0.1696,0.086,,115,5.7,145,15.8,10.1,4.65,6,6,,,,,,,,,,,,,,,,,,,,,,,,Credo Technology Group Holding Ltd,114.04,2.87,116.35,105.86,128.56,24.08,4815231,2358157,19574031029,395.9,2.59,66.88631831,2.041946741,-2.312831934,12.66548113,6.192382903,27,80,114.04,114.04,FALSE,,2025-08-23 15:10:46,0
2025-08-15 16:44:03,Bull Spreads,"Pure Storage, Inc.",PSTG,9.8,60.2,2025-08-27 0:00:00,3,2025-08-06 16:26:42,2025-09-19 0:00:00,57.85,0.1346,0.1694,0.0898,0.1392,55,0.9,70,6.1,5.2,3.51,6,6,,,,,,,,,,,,,,,,,,,,,,,,Pure Storage Inc,58.33,4.67,58.37,55.47,73.67,34.51,1726156,1487749,19064087826,157.48,1.07,43.49381436,1.160246789,-0.4947117025,1.284945303,4.796981674,27,91.60246789,58.33,58.33,TRUE,2025-08-23,2025-08-23 15:10:46,0
2025-08-15 16:44:03,Bull Spreads,"Amer Sports, Inc. ",AS,6.05,38.95,2025-08-19 0:00:00,1,2025-07-14 16:21:01,2025-09-19 0:00:00,37.92,0.0818,0.1595,0.1041,0.1523,35,0.75,45,4.7,3.95,4.66,10,8,,,,,,,,,,,,,,,,,,,,,,,,Amer Sports Inc,41.48,11.54,41.56,37.81,41.56,13.16,9374490,4057265,22964617774,100.42,,52.21501688,2.310544172,7.155773702,10.14338821,9.157894737,27,100,41.48,41.48,TRUE,2025-08-23,2025-08-23 15:10:46,0
2025-08-15 16:44:03,Bull Spreads,"Domo, Inc.",DOMO,2,15,2025-08-28 0:00:00,3,2025-08-11 16:22:55,2025-09-19 0:00:00,14.14,0.1335,0.1414,0.0707,0.1485,14,0.5,17,1.5,1,3.74,6,4,,,,,,,,,,,,,,,,,,,,,,,,Domo Inc,14.15,4.51,14.35,13.31,16.95,6.01,517498,998293,569326083,,1.88,62.33148212,0.5183828796,0.2124645892,-11.34085213,4.814814815,27,90,14.15,14.15,TRUE,2025-08-23,2025-08-23 15:10:46,0
2025-08-15 16:44:03,Bull Spreads,MINISO Group Holding Limited,MNSO,2.75,19.75,2025-08-21 0:00:00,1,2025-08-14 12:26:01,2025-09-19 0:00:00,19.52,0.0696,0.1408,0.1152,0.1191,17.5,0.4,22.5,2.65,2.25,1.85,6,0,,,,,,,,,,,,,,,,,,,,,,,,MINISO Group Holding Ltd - ADR,26.63,20.17,26.74,24.3,27.71,12.51,6841104,387077,7462820257,24.09,0.12,66.69822862,17.67375483,34.97212367,38.91497131,9.273697169,27,80,26.63,26.63,FALSE,,2025-08-23 15:10:46,0
2025-08-15 16:44:03,Bull Spreads,Full Truck Alliance Co. Ltd.,YMM,1.45,11.05,2025-08-21 0:00:00,1,2025-08-07 7:17:39,2025-09-19 0:00:00,10.77,0.066,0.1346,0.0974,0.137,10,0.15,12.5,1.2,1.05,0.06,7,-3,,,,,,,,,,,,,,,,,,,,,,,,Full Truck Alliance Co Ltd - ADR,12.73,5.03,13.13,12.11,13.85,6.85,28819347,6915424,13314230141,22.84,0.2,54.5100026,4.167401305,15.0994575,11.3735783,3.83360522,27,80,12.73,12.73,FALSE,,2025-08-23 15:10:46,0
2025-08-15 16:44:03,Bull Spreads,Semtech Corp.,SMTC,6.4,53.6,2025-08-25 0:00:00,3,2025-08-11 16:31:31,2025-09-19 0:00:00,50.52,0.1059,0.1266,0.0712,0.1712,50,1.7,60,5.3,3.6,3.03,6,4,,,,,,,,,,,,,,,,,,,,,,,,Semtech Corp,51.09,3.44,52.45,49.04,79.52,24.06,2428230,1636946,4426212000,,1.94,48.59785457,1.483390411,2.528597231,-3.730921425,3.421052632,27,94.83390411,51.09,51.09,TRUE,2025-08-23,2025-08-23 15:10:46,0
2025-08-15 16:44:03,Bull Spreads,GDS Holdings Ltd,GDS,3.65,33.35,2025-08-20 0:00:00,1,2025-08-06 6:03:54,2025-09-19 0:00:00,31.84,0.1493,0.1146,0.0738,0.1241,31,1.65,37,4,2.35,6.45,10,10,,,,,,,,,,,,,,,,,,,,,,,,GDS Holdings Ltd - ADR,33.51,4.72,34.59,31.73,52.5,15.88,3169030,2582114,6086963000,9.91,0.33,59.98818022,1.227300576,6.685768863,-8.890701468,4.555382215,27,92.27300576,33.51,33.51,TRUE,2025-08-23,2025-08-23 15:10:46,0
2025-08-15 16:44:03,Bull Spreads,Kingsoft Cloud Holdings Limited,KC,1.5,13.5,2025-08-20 0:00:00,1,2025-08-07 7:15:56,2025-09-19 0:00:00,13.26,0.0744,0.1131,0.0754,0.2583,12.5,0.9,15,1.9,1,1.11,7,-3,,,,,,,,,,,,,,,,,,,,,,,,Kingsoft Cloud Holdings Ltd,14.82,9.21,14.98,13.84,22.26,2.02,3379984,917408,4143458506,,2.1,86.09037688,3.684275698,9.13107511,-6.202531646,6.695464363,27,100,14.82,14.82,TRUE,2025-08-23,2025-08-23 15:10:46,0
2025-08-15 16:44:03,Bull Spreads,Brown-Forman Corporation,BF.B,3.4,31.6,2025-08-28 0:00:00,1,2025-08-04 0:00:00,2025-09-19 0:00:00,30.18,0.0887,0.1126,0.053,0.0787,30,0.25,35,1.85,1.6,1.33,6,-2,,,,,,,,,,,,,,,,,,,,,,,,Brown-Forman Corp Class B,31.26,2.69,31.27,30.57,49.89,25.53,2849361,2526900,14807755824,17.01,0.53,34.48239833,1.127611302,2.727571476,0.9689922481,2.190258254,27,91.27611302,31.26,31.26,TRUE,2025-08-23,2025-08-23 15:10:46,0
2025-08-15 16:44:03,Bull Spreads,Build-A-Bear Workshop Inc,BBW,6.1,58.9,2025-08-28 0:00:00,1,2025-08-14 16:07:29,2025-09-19 0:00:00,55.71,0.1506,0.1094,0.07,0.1216,55,1,65,4.9,3.9,6.28,9,9,,,,,,,,,,,,,,,,,,,,,,,,"Build-A-Bear Workshop, Inc",56.59,3.81,57.91,54.57,59.78,27.44,318211,212160,747474110,13.59,0.72,47.51095251,1.499863311,1.78057554,10.22594468,2.890909091,27,94.99863311,56.59,56.59,TRUE,2025-08-23,2025-08-23 15:10:46,0
2025-08-15 16:44:03,Bull Spreads,Opera Limited,OPRA,1.5,16,2025-08-19 0:00:00,1,2025-08-05 16:24:23,2025-09-19 0:00:00,15.4,0.0708,0.0974,0.0649,0.2078,15,0.5,17.5,1.5,1,1.42,6,0,,,,,,,,,,,,,,,,,,,,,,,,Opera Ltd,16.04,0,16.58,16,22.5,12.83,765330,417581,1435792932,20.19,1,43.09764496,1.832770169,-1.715686275,-6.744186047,0,27,98.32770169,16.04,16.04,TRUE,2025-08-23,2025-08-23 15:10:46,0
2025-08-15 16:44:03,Bull Spreads,"PagerDuty, Inc.",PD,1.45,16.05,2025-09-03 0:00:00,3,2025-08-14 16:08:13,2025-09-19 0:00:00,15.48,0.073,0.0936,0.0678,,15,0.5,17.5,1.55,1.05,1.55,3,1,,,,,,,,,,,,,,,,,,,,,,,,Pagerduty Inc,16.72,5.86,16.76,15.85,21.98,13.7,2762199,1918582,1541148715,,0.89,44.422254,1.439708597,6.024096386,6.361323155,4.827586207,27,94.39708597,16.72,16.72,TRUE,2025-08-23,2025-08-23 15:10:46,0
2025-08-15 16:44:03,Bull Spreads,"HealthEquity, Inc.",HQY,8.1,91.9,2025-09-02 0:00:00,3,2025-08-06 9:29:21,2025-09-19 0:00:00,87.43,0.07,0.0926,0.0789,,85,0.8,100,7.7,6.9,4.84,7,7,,,,,,,,,,,,,,,,,,,,,,,,Healthequity Inc,89.82,-1.36,92.63,89.4,116.65,73.84,1284444,607162,7767215012,65.38,0.54,33.34065959,2.115488123,-0.07787295583,-6.476468138,-1.836065574,27,100,89.82,89.82,TRUE,2025-08-23,2025-08-23 15:10:46,0
2025-08-15 16:44:03,Bull Spreads,"Nutanix, Inc.",NTNX,6.2,71.3,2025-08-27 0:00:00,3,2025-08-07 16:30:59,2025-09-19 0:00:00,68.61,0.1207,0.0903,0.0553,0.094,67.5,1.8,77.5,5.6,3.8,3.87,7,3,,,,,,,,,,,,,,,,,,,,,,,,Nutanix Inc,68.79,1.25,69,67.3,83.36,52.18,2798601,3383421,18441050000,8785.44,0.71,32.09008518,0.8271512768,0.1601630751,-7.899317178,1.072583015,27,90,68.79,68.79,TRUE,2025-08-23,2025-08-23 15:10:46,0
2025-08-15 16:44:03,Bull Spreads,Veeva Systems Inc.,VEEV,24.8,285.2,2025-08-27 0:00:00,3,2025-08-06 20:09:17,2025-09-19 0:00:00,274.98,0.0919,0.0901,0.0552,0.0762,270,3.1,310,18.3,15.2,8.07,11,11,,,,,,,,,,,,,,,,,,,,,,,,Veeva Systems Inc,290.86,3.08,291.26,280.97,296.72,196.1,961496,780799,47530070098,61.7,0.95,21.9311331,1.231425757,3.652756495,0.1549533418,2.952003398,27,92.31425757,290.86,290.86,TRUE,2025-08-23,2025-08-23 15:10:46,0
2025-08-15 16:44:03,Bull Spreads,"Rubrik, Inc.",RBRK,7.3,87.7,2025-09-09 0:00:00,3,2025-08-13 8:28:48,2025-09-19 0:00:00,84.45,0.1186,0.0864,0.0615,,82.5,4.3,95,9.5,5.2,2.42,3,3,,,,,,,,,,,,,,,,,,,,,,,,Rubrik Inc,88.77,4.1,88.8,84.91,103,29.18,2208049,2000964,17176399591,,,50.6515398,1.103492617,3.425375743,4.435294118,4.14124824,27,91.03492617,88.77,88.77,TRUE,2025-08-23,2025-08-23 15:10:46,0
2025-08-15 16:44:03,Bull Spreads,Victoria's Secret & Co.,VSCO,1.55,23.45,2025-08-28 0:00:00,1,2025-08-07 7:15:17,2025-09-19 0:00:00,22.42,0.1085,0.0691,0.0646,0.1282,22,1.25,25,2.7,1.45,-0.68,7,-5,,,,,,,,,,,,,,,,,,,,,,,,Victoria's Secret & Co,22.15,3.75,22.62,21.58,48.73,13.76,3414068,2603682,1768732401,12.24,2.26,58.2386426,1.311246151,-0.8504923903,3.119180633,2.641334569,27,93.11246151,22.15,22.15,TRUE,2025-08-23,2025-08-23 15:10:46,0
2025-08-15 16:44:03,Bull Spreads,Fabrinet,FN,22,338,2025-08-18 0:00:00,3,2025-07-28 16:48:35,2025-09-19 0:00:00,322.08,0.1073,0.0683,0.0558,0.0866,320,10.5,360,28.5,18,1.26,8,2,,,,,,,,,,,,,,,,,,,,,,,,Fabrinet,294.35,6.39,295.61,275.22,356.55,148.55,1291319,574236,10517002091,32.1,1.02,57.39131708,2.248760092,-10.74893875,-4.707177312,5.991862014,27,80,294.35,294.35,FALSE,,2025-08-23 15:10:46,0
2025-08-15 16:44:03,Bull Spreads,Ciena Corporation,CIEN,5.7,94.3,2025-09-04 0:00:00,1,2025-08-06 13:22:09,2025-09-19 0:00:00,91.42,0.0782,0.0623,0.047,,90,2.9,100,7.2,4.3,1.55,8,0,,,,,,,,,,,,,,,,,,,,,,,,Ciena Corp,89.81,2.83,90.45,87.25,101.44,49.21,1971325,1409338,12696187886,125.09,1.11,36.39376906,1.398759559,-1.166501596,1.365688488,2.593100297,27,73.98759559,89.81,89.81,FALSE,,2025-08-23 15:10:46,0
2025-08-15 16:44:03,Bull Spreads,"Keysight Technologies, Inc.",KEYS,10.2,169.8,2025-08-19 0:00:00,3,2025-07-29 8:11:06,2025-09-19 0:00:00,164.48,0.0747,0.062,0.0595,0.0672,160,1.9,180,11.7,9.8,1.64,6,2,,,,,,,,,,,,,,,,,,,,,,,,Keysight Technologies Inc,166.87,3.88,167.99,161.16,186.2,121.43,1035087,744740,28668248474,53.12,1.11,28.71880411,1.389863577,2.123623011,0.2523280264,2.898193254,27,93.89863577,166.87,166.87,TRUE,2025-08-23,2025-08-23 15:10:46,0
2025-08-15 16:44:03,Bull Spreads,J.M. Smucker Co.,SJM,6.5,113.5,2025-08-27 0:00:00,1,2025-08-06 9:29:45,2025-09-19 0:00:00,111.44,0.0548,0.0583,0.0314,0.0682,110,0.8,120,4.3,3.5,2.7,7,1,,,,,,,,,,,,,,,,,,,,,,,,J M Smucker Co,113.2,0.23,114.74,113.15,125.42,93.3,2387303,1234548,12076583194,,0.31,22.99082675,1.933746602,2.202961358,3.83415887,-0.1851688564,27,99.33746602,113.2,113.2,TRUE,2025-08-23,2025-08-23 15:10:46,0
2025-08-15 16:44:03,Bull Spreads,"Five Below, Inc.",FIVE,7.8,137.2,2025-08-27 0:00:00,3,2025-08-13 16:34:56,2025-09-19 0:00:00,134.36,0.0727,0.058,0.0535,0.0945,130,4.9,145,12.1,7.2,5.7,9,9,,,,,,,,,,,,,,,,,,,,,,,,Five Below Inc,141.81,0.02,144.68,139.75,144.68,52.38,1182020,987618,7807774845,29.71,1.06,33.1878927,1.196839264,5.021106421,2.264368645,0.08469193309,27,91.96839264,141.81,141.81,TRUE,2025-08-23,2025-08-23 15:10:46,0
2025-08-15 16:44:03,Bull Spreads,"BJ's Wholesale Club, Inc.",BJ,5.2,104.8,2025-08-22 0:00:00,1,2025-07-21 6:51:04,2025-09-19 0:00:00,102.86,0.0688,0.0505,0.0466,0.0642,100,2.3,110,7.1,4.8,1.17,5,1,,,,,,,,,,,,,,,,,,,,,,,,BJ's Wholesale Club Holdings Inc,97.11,-8.55,101.89,96.62,121.1,76.33,9143690,1981210,12823433846,22.3,0.43,35.03315432,4.61520485,-5.937621077,-6.804222649,-1.511156187,27,80,97.11,97.11,FALSE,,2025-08-23 15:10:46,0
2025-08-15 16:44:03,Bull Spreads,Trip.com Group Limited,TCOM,3,62,2025-08-27 0:00:00,3,2025-08-15 8:15:48,2025-09-19 0:00:00,60.31,0.0609,0.0497,0.0331,,60,1.2,65,3.2,2,,,,,,,,,,,,,,,,,,,,,,,,,,,Trip.com Group Ltd,64.92,2.04,64.95,63.72,77.18,41.86,2899649,4234296,44265824099,18.92,0.06,32.83433386,0.6848007319,4.088504089,0.7605152879,1.105746768,27,90,64.92,64.92,TRUE,2025-08-23,2025-08-23 15:10:46,0
2025-08-15 16:44:03,Bull Spreads,Viking Holdings Ltd,VIK,2.85,62.15,2025-08-19 0:00:00,1,2025-08-05 16:26:01,2025-09-19 0:00:00,60.02,0.0469,0.0474,0.0358,0.1158,60,1.15,65,3.3,2.15,1.15,8,0,,,,,,,,,,,,,,,,,,,,,,,,Viking Holdings Ltd,60.39,3.69,60.45,58.18,60.97,30.75,4190128,3251843,26777994632,32.9,,22.88685508,1.288539453,-0.5434782609,3.513884128,2.634262407,27,92.88539453,60.39,60.39,TRUE,2025-08-23,2025-08-23 15:10:46,0
2025-08-15 16:44:03,Bull Spreads,Flex LNG Ltd.,FLNG,1.1,25.9,2025-08-20 0:00:00,1,2025-08-14 12:25:01,2025-09-19 0:00:00,25.23,0.0348,0.0435,0.0356,0.0426,25,0.1,27,1,0.9,1.56,7,-3,,,,,,,,,,,,,,,,,,,,,,,,FLEX LNG Ltd,26.79,0.71,26.95,26.51,27.77,19.46,471659,239617,,,0.37,29.74776839,1.968387051,6.946107784,15.77355229,0.1495327103,27,99.68387051,26.79,26.79,TRUE,2025-08-23,2025-08-23 15:10:46,0
2025-08-15 16:44:03,Bull Spreads,Credo Technology Group Holding Ltd,CRDO,19.9,125.1,2025-09-03 0:00:00,3,2025-08-13 9:17:53,2025-09-19 0:00:00,117.33,0.1987,0.1696,0.086,,115,5.7,145,15.8,10.1,4.65,6,6,,,,,,,,,,,,,,,,,,,,,,,,Credo Technology Group Holding Ltd,114.04,2.87,116.35,105.86,128.56,24.08,4815231,2358157,19574031029,395.9,2.59,66.88631831,2.041946741,-2.312831934,12.66548113,6.192382903,27,80,114.04,114.04,FALSE,,2025-08-23 15:10:46,0
2025-08-15 16:44:03,Bull Spreads,"Pure Storage, Inc.",PSTG,9.8,60.2,2025-08-27 0:00:00,3,2025-08-06 16:26:42,2025-09-19 0:00:00,57.85,0.1346,0.1694,0.0898,0.1392,55,0.9,70,6.1,5.2,3.51,6,6,,,,,,,,,,,,,,,,,,,,,,,,Pure Storage Inc,58.33,4.67,58.37,55.47,73.67,34.51,1726156,1487749,19064087826,157.48,1.07,43.49381436,1.160246789,-0.4947117025,1.284945303,4.796981674,27,91.60246789,58.33,58.33,TRUE,2025-08-23,2025-08-23 15:10:46,0
2025-08-15 16:44:03,Bull Spreads,"Amer Sports, Inc. ",AS,6.05,38.95,2025-08-19 0:00:00,1,2025-07-14 16:21:01,2025-09-19 0:00:00,37.92,0.0818,0.1595,0.1041,0.1523,35,0.75,45,4.7,3.95,4.66,10,8,,,,,,,,,,,,,,,,,,,,,,,,Amer Sports Inc,41.48,11.54,41.56,37.81,41.56,13.16,9374490,4057265,22964617774,100.42,,52.21501688,2.310544172,7.155773702,10.14338821,9.157894737,27,100,41.48,41.48,TRUE,2025-08-23,2025-08-23 15:10:46,0
2025-08-15 16:44:03,Bull Spreads,"Domo, Inc.",DOMO,2,15,2025-08-28 0:00:00,3,2025-08-11 16:22:55,2025-09-19 0:00:00,14.14,0.1335,0.1414,0.0707,0.1485,14,0.5,17,1.5,1,3.74,6,4,,,,,,,,,,,,,,,,,,,,,,,,Domo Inc,14.15,4.51,14.35,13.31,16.95,6.01,517498,998293,569326083,,1.88,62.33148212,0.5183828796,0.2124645892,-11.34085213,4.814814815,27,90,14.15,14.15,TRUE,2025-08-23,2025-08-23 15:10:46,0
2025-08-15 16:44:03,Bull Spreads,MINISO Group Holding Limited,MNSO,2.75,19.75,2025-08-21 0:00:00,1,2025-08-14 12:26:01,2025-09-19 0:00:00,19.52,0.0696,0.1408,0.1152,0.1191,17.5,0.4,22.5,2.65,2.25,1.85,6,0,,,,,,,,,,,,,,,,,,,,,,,,MINISO Group Holding Ltd - ADR,26.63,20.17,26.74,24.3,27.71,12.51,6841104,387077,7462820257,24.09,0.12,66.69822862,17.67375483,34.97212367,38.91497131,9.273697169,27,80,26.63,26.63,FALSE,,2025-08-23 15:10:46,0
2025-08-15 16:44:03,Bull Spreads,Full Truck Alliance Co. Ltd.,YMM,1.45,11.05,2025-08-21 0:00:00,1,2025-08-07 7:17:39,2025-09-19 0:00:00,10.77,0.066,0.1346,0.0974,0.137,10,0.15,12.5,1.2,1.05,0.06,7,-3,,,,,,,,,,,,,,,,,,,,,,,,Full Truck Alliance Co Ltd - ADR,12.73,5.03,13.13,12.11,13.85,6.85,28819347,6915424,13314230141,22.84,0.2,54.5100026,4.167401305,15.0994575,11.3735783,3.83360522,27,80,12.73,12.73,FALSE,,2025-08-23 15:10:46,0
2025-08-15 16:44:03,Bull Spreads,"Gap, Inc.",GAP,2.69,21.81,2025-08-28 0:00:00,3,2025-08-07 16:29:29,2025-08-29 0:00:00,20.88,0.1506,0.1288,0.0627,0.0773,20.5,0.27,24.5,1.58,1.31,2.4,8,0,,,,,,,,,,,,,,,,,,,,,,,,Gap Inc,21.42,1.11,21.63,20.65,29.29,16.99,11285194,6860762,7991084458,9.35,2.16,36.06591557,1.644889299,3.528274529,3.678606002,2.832453193,6,78.44889299,21.42,21.42,TRUE,2025-08-23,2025-08-23 15:10:46,0
2025-08-15 16:44:03,Bull Spreads,Semtech Corp.,SMTC,6.4,53.6,2025-08-25 0:00:00,3,2025-08-11 16:31:31,2025-09-19 0:00:00,50.52,0.1059,0.1266,0.0712,0.1712,50,1.7,60,5.3,3.6,3.03,6,4,,,,,,,,,,,,,,,,,,,,,,,,Semtech Corp,51.09,3.44,52.45,49.04,79.52,24.06,2428230,1636946,4426212000,,1.94,48.59785457,1.483390411,2.528597231,-3.730921425,3.421052632,27,94.83390411,51.09,51.09,TRUE,2025-08-23,2025-08-23 15:10:46,0
2025-08-15 16:44:03,Bull Spreads,GDS Holdings Ltd,GDS,3.65,33.35,2025-08-20 0:00:00,1,2025-08-06 6:03:54,2025-09-19 0:00:00,31.84,0.1493,0.1146,0.0738,0.1241,31,1.65,37,4,2.35,6.45,10,10,,,,,,,,,,,,,,,,,,,,,,,,GDS Holdings Ltd - ADR,33.51,4.72,34.59,31.73,52.5,15.88,3169030,2582114,6086963000,9.91,0.33,59.98818022,1.227300576,6.685768863,-8.890701468,4.555382215,27,92.27300576,33.51,33.51,TRUE,2025-08-23,2025-08-23 15:10:46,0
2025-08-15 16:44:03,Bull Spreads,Snowflake,SNOW,22.2,202.8,2025-08-27 0:00:00,3,2025-08-04 9:21:57,2025-08-29 0:00:00,194.9,0.1481,0.1139,0.0528,0.0708,192.5,3.25,225,13.55,10.3,4.88,9,5,,,,,,,,,,,,,,,,,,,,,,,,Snowflake Inc,196.81,1.08,199.91,191.24,229.27,107.13,3107867,5214015,65667230165,,1.22,39.64205553,0.5960602338,-1.140245128,-10.34121452,0.8454601353,6,72,196.81,196.81,TRUE,2025-08-23,2025-08-23 15:10:46,0
2025-08-15 16:44:03,Bull Spreads,Kingsoft Cloud Holdings Limited,KC,1.5,13.5,2025-08-20 0:00:00,1,2025-08-07 7:15:56,2025-09-19 0:00:00,13.26,0.0744,0.1131,0.0754,0.2583,12.5,0.9,15,1.9,1,1.11,7,-3,,,,,,,,,,,,,,,,,,,,,,,,Kingsoft Cloud Holdings Ltd,14.82,9.21,14.98,13.84,22.26,2.02,3379984,917408,4143458506,,2.1,86.09037688,3.684275698,9.13107511,-6.202531646,6.695464363,27,100,14.82,14.82,TRUE,2025-08-23,2025-08-23 15:10:46,0
2025-08-15 16:44:03,Bull Spreads,Brown-Forman Corporation,BF.B,3.4,31.6,2025-08-28 0:00:00,1,2025-08-04 0:00:00,2025-09-19 0:00:00,30.18,0.0887,0.1126,0.053,0.0787,30,0.25,35,1.85,1.6,1.33,6,-2,,,,,,,,,,,,,,,,,,,,,,,,Brown-Forman Corp Class B,31.26,2.69,31.27,30.57,49.89,25.53,2849361,2526900,14807755824,17.01,0.53,34.48239833,1.127611302,2.727571476,0.9689922481,2.190258254,27,91.27611302,31.26,31.26,TRUE,2025-08-23,2025-08-23 15:10:46,0
2025-08-15 16:44:03,Bull Spreads,Kohl's Corporation,KSS,1.61,14.89,2025-08-27 0:00:00,1,2025-08-04 0:00:00,2025-08-29 0:00:00,14.46,0.1194,0.1113,0.0615,0.1207,14,0.84,16.5,1.73,0.89,0.87,7,-1,,,,,,,,,,,,,,,,,,,,,,,,Kohls Corp,13.89,4.28,14.25,13.31,21.39,6.04,6864149,7354465,1556257862,12.87,1.73,127.856869,0.9333308405,0.871459695,8.600469116,3.734129948,6,52,13.89,13.89,FALSE,,2025-08-23 15:10:46,0
2025-08-15 16:44:03,Bull Spreads,"Affirm Holdings, Inc.",AFRM,8.58,81.42,2025-08-28 0:00:00,3,2025-07-31 16:11:15,2025-08-29 0:00:00,77.02,0.1556,0.1113,0.0573,0.0818,77,1.78,90,6.2,4.42,1.59,6,2,,,,,,,,,,,,,,,,,,,,,,,,Affirm Holdings Inc,79.49,6.71,80.41,74.15,82.53,30.02,8391529,4722605,25643465361,,3.63,58.43202995,1.776885638,0.9781504065,18.48263527,6.999596177,6,79.76885638,79.49,79.49,TRUE,2025-08-23,2025-08-23 15:10:46,0
2025-08-15 16:44:03,Bull Spreads,Build-A-Bear Workshop Inc,BBW,6.1,58.9,2025-08-28 0:00:00,1,2025-08-14 16:07:29,2025-09-19 0:00:00,55.71,0.1506,0.1094,0.07,0.1216,55,1,65,4.9,3.9,6.28,9,9,,,,,,,,,,,,,,,,,,,,,,,,"Build-A-Bear Workshop, Inc",56.59,3.81,57.91,54.57,59.78,27.44,318211,212160,747474110,13.59,0.72,47.51095251,1.499863311,1.78057554,10.22594468,2.890909091,27,94.99863311,56.59,56.59,TRUE,2025-08-23,2025-08-23 15:10:46,0
2025-08-15 16:44:03,Bull Spreads,Dell Technologies,DELL,14.9,145.1,2025-08-28 0:00:00,3,2025-07-28 0:00:00,2025-08-29 0:00:00,138.86,0.1214,0.1073,0.0511,0.0564,138,0.8,160,7.9,7.1,4.03,12,4,,,,,,,,,,,,,,,,,,,,,,,,Dell Technologies Inc,130.84,2.38,132.05,128.12,147.66,66.25,3785951,4402805,88497766067,0,,38.04176615,0.8598952259,-5.380387619,-0.2895900015,1.54443151,6,52,130.84,130.84,FALSE,,2025-08-23 15:10:46,0
2025-08-15 16:44:03,Bull Spreads,Opera Limited,OPRA,1.5,16,2025-08-19 0:00:00,1,2025-08-05 16:24:23,2025-09-19 0:00:00,15.4,0.0708,0.0974,0.0649,0.2078,15,0.5,17.5,1.5,1,1.42,6,0,,,,,,,,,,,,,,,,,,,,,,,,Opera Ltd,16.04,0,16.58,16,22.5,12.83,765330,417581,1435792932,20.19,1,43.09764496,1.832770169,-1.715686275,-6.744186047,0,27,98.32770169,16.04,16.04,TRUE,2025-08-23,2025-08-23 15:10:46,0
2025-08-15 16:44:03,Bull Spreads,Marvell Technology Group Ltd.,MRVL,7.44,82.56,2025-08-28 0:00:00,3,2025-08-04 9:21:44,2025-08-29 0:00:00,79.04,0.1326,0.0941,0.045,0.068,79,1.69,90,5.25,3.56,3.9,7,7,,,,,,,,,,,,,,,,,,,,,,,,Marvell Technology Inc,73,2.51,74.73,70.68,127.48,47.09,14435874,11843620,62940592700,,1.83,44.23751124,1.218873453,-4.186901168,-1.630508018,2.326885338,6,54.18873453,73,73,FALSE,,2025-08-23 15:10:46,0
2025-08-15 16:44:03,Bull Spreads,"PagerDuty, Inc.",PD,1.45,16.05,2025-09-03 0:00:00,3,2025-08-14 16:08:13,2025-09-19 0:00:00,15.48,0.073,0.0936,0.0678,,15,0.5,17.5,1.55,1.05,1.55,3,1,,,,,,,,,,,,,,,,,,,,,,,,Pagerduty Inc,16.72,5.86,16.76,15.85,21.98,13.7,2762199,1918582,1541148715,,0.89,44.422254,1.439708597,6.024096386,6.361323155,4.827586207,27,94.39708597,16.72,16.72,TRUE,2025-08-23,2025-08-23 15:10:46,0
2025-08-15 16:44:03,Bull Spreads,"HealthEquity, Inc.",HQY,8.1,91.9,2025-09-02 0:00:00,3,2025-08-06 9:29:21,2025-09-19 0:00:00,87.43,0.07,0.0926,0.0789,,85,0.8,100,7.7,6.9,4.84,7,7,,,,,,,,,,,,,,,,,,,,,,,,Healthequity Inc,89.82,-1.36,92.63,89.4,116.65,73.84,1284444,607162,7767215012,65.38,0.54,33.34065959,2.115488123,-0.07787295583,-6.476468138,-1.836065574,27,100,89.82,89.82,TRUE,2025-08-23,2025-08-23 15:10:46,0
2025-08-15 16:44:03,Bull Spreads,"Nutanix, Inc.",NTNX,6.2,71.3,2025-08-27 0:00:00,3,2025-08-07 16:30:59,2025-09-19 0:00:00,68.61,0.1207,0.0903,0.0553,0.094,67.5,1.8,77.5,5.6,3.8,3.87,7,3,,,,,,,,,,,,,,,,,,,,,,,,Nutanix Inc,68.79,1.25,69,67.3,83.36,52.18,2798601,3383421,18441050000,8785.44,0.71,32.09008518,0.8271512768,0.1601630751,-7.899317178,1.072583015,27,90,68.79,68.79,TRUE,2025-08-23,2025-08-23 15:10:46,0
2025-08-15 16:44:03,Bull Spreads,Veeva Systems Inc.,VEEV,24.8,285.2,2025-08-27 0:00:00,3,2025-08-06 20:09:17,2025-09-19 0:00:00,274.98,0.0919,0.0901,0.0552,0.0762,270,3.1,310,18.3,15.2,8.07,11,11,,,,,,,,,,,,,,,,,,,,,,,,Veeva Systems Inc,290.86,3.08,291.26,280.97,296.72,196.1,961496,780799,47530070098,61.7,0.95,21.9311331,1.231425757,3.652756495,0.1549533418,2.952003398,27,92.31425757,290.86,290.86,TRUE,2025-08-23,2025-08-23 15:10:46,0
2025-08-15 16:44:03,Bull Spreads,"UiPath, Inc.",PATH,0.93,11.07,2025-09-04 0:00:00,3,2025-08-07 16:39:24,2025-09-05 0:00:00,10.73,0.1108,0.0866,0.0531,,10.5,0.31,12,0.88,0.57,4.26,5,5,,,,,,,,,,,,,,,,,,,,,,,,UiPath Inc,11.17,2.62,11.24,10.88,15.93,9.38,10224373,10109430,5976383436,,1.03,31.98955873,1.011369879,1.916058394,-8.29228243,2.1023766,13,86.11369879,11.17,11.17,TRUE,2025-08-23,2025-08-23 15:10:46,0
2025-08-15 16:44:03,Bull Spreads,"Rubrik, Inc.",RBRK,7.3,87.7,2025-09-09 0:00:00,3,2025-08-13 8:28:48,2025-09-19 0:00:00,84.45,0.1186,0.0864,0.0615,,82.5,4.3,95,9.5,5.2,2.42,3,3,,,,,,,,,,,,,,,,,,,,,,,,Rubrik Inc,88.77,4.1,88.8,84.91,103,29.18,2208049,2000964,17176399591,,,50.6515398,1.103492617,3.425375743,4.435294118,4.14124824,27,91.03492617,88.77,88.77,TRUE,2025-08-23,2025-08-23 15:10:46,0
2025-08-15 16:44:03,Bull Spreads,Abercrombie & Fitch Co.,ANF,8.3,101.7,2025-08-27 0:00:00,1,2025-08-01 8:03:35,2025-08-29 0:00:00,97.32,0.1231,0.0852,0.0482,0.0786,97,3,110,7.7,4.7,3.96,8,4,,,,,,,,,,,,,,,,,,,,,,,,Abercrombie & Fitch Co,98.46,6.03,98.73,91.86,171.47,65.4,2743869,1504415,4690959274,9.7,1.54,50.90292524,1.82387772,4.945640588,6.627680312,5.814078452,6,80.2387772,98.46,98.46,TRUE,2025-08-23,2025-08-23 15:10:46,0
2025-08-15 16:44:03,Bull Spreads,Iris Energy Limited ,IREN,1.54,19.96,2025-08-28 0:00:00,3,2025-08-14 9:06:55,2025-08-29 0:00:00,19.08,0.1143,0.0807,0.0503,0.1124,19,0.94,21.5,1.9,0.96,1.8,6,2,,,,,,,,,,,,,,,,,,,,,,,,IREN Ltd,21.43,9.39,21.72,18.87,21.72,5.13,28734853,18186512,4810152152,,3.98,74.971169,1.58000902,8.836973083,20.93679458,10.23662551,6,77.8000902,21.43,21.43,TRUE,2025-08-23,2025-08-23 15:10:46,0
2025-08-15 16:44:03,Bull Spreads,"Workday, Inc.",WDAY,16.1,228.9,2025-08-21 0:00:00,3,2025-08-04 8:35:44,2025-08-22 0:00:00,221.92,0.0946,0.0725,0.0401,0.0888,220,2,245,10.9,8.9,2.75,7,1,"[""0.027591"",""0.054182"",""0.044591"",""0.034005"",""0.034455"",""0.005773""]",2025-08-15,"[""0.00"",""0.00"",""0.00"",""0.00"",""0.00"",""0.00""]","[""0.00"",""0.00"",""0.00"",""0.00"",""0.00"",""0.00""]",226.07,231.92,229.81,227.48,227.58,221.27,221.27,,,"[""63.61"",""82.85"",""52.93"",""61.21"",""69.72"",""10.66""]","[""225.51"",""231.25"",""234.44"",""230.56"",""227.66"",""227.32""]","[""225.48"",""231.10"",""228.86"",""230.09"",""227.25"",""227.23""]","[""225.78"",""231.57"",""234.57"",""230.73"",""227.73"",""226.29""]","[""225.59"",""231.34"",""233.90"",""230.47"",""227.60"",""226.99""]","[""225.07"",""227.83"",""228.40"",""228.90"",""228.26"",""228.25""]","[""3.60"",""2.39"",""0.88"",""3.66"",""0.95"",""0.00""]","[""0.2425"",""0.1620"",""0.2332"",""0.4322"",""0.2196"",""0.7287""]","[""0.25"",""0.34"",""0.15"",""0.43"",""0.17"",""-2.66""]","[""0.44"",""1.85"",""2.80"",""1.16"",""-0.10"",""-3.06""]",Workday Inc,221.27,-2.77,222.02,211.31,294,205.33,8226649,5092711,59079090000,102.59,1.24,31.10577985,1.615377154,-2.131894378,-8.467775296,3.455208528,-1,66.15377154,221.27,221.27,TRUE,2025-08-23,2025-08-23 15:10:46,0
2025-08-15 16:44:03,Bull Spreads,"Estée Lauder Companies, Inc.",EL,6.48,93.52,2025-08-20 0:00:00,1,2025-08-13 16:42:36,2025-08-22 0:00:00,89.5,0.1104,0.0724,0.0505,0.1162,89,1.38,100,5.9,4.52,1.84,9,1,"[""0.022135"",""0.019551"",""0.011011"",""-0.026180"",""-0.014382"",""0.025056""]",2025-08-15,"[""0.00"",""0.00"",""0.00"",""0.00"",""0.00"",""0.00""]","[""0.00"",""0.00"",""0.00"",""0.00"",""0.00"",""0.00""]",90.97,90.74,89.98,86.67,87.72,91.23,91.23,,,"[""52.17"",""60.23"",""52.18"",""54.04"",""44.73"",""92.89""]","[""91.63"",""92.03"",""86.33"",""88.96"",""87.76"",""87.92""]","[""89.70"",""91.90"",""89.06"",""89.69"",""87.86"",""87.92""]","[""91.65"",""92.07"",""89.88"",""88.68"",""87.70"",""88.41""]","[""91.00"",""92.02"",""88.33"",""88.91"",""87.75"",""88.07""]","[""90.48"",""90.86"",""90.97"",""90.14"",""88.32"",""88.32""]","[""0.41"",""2.62"",""0.36"",""0.41"",""3.79"",""0.00""]","[""0.0506"",""0.1159"",""13.1831"",""1.1265"",""0.1079"",""0.3350""]","[""0.17"",""0.17"",""5.96"",""0.69"",""-0.04"",""3.76""]","[""1.44"",""1.46"",""0.54"",""-0.63"",""-0.68"",""3.30""]",Estee Lauder Companies Inc,91.23,3.99,91.94,87.77,103.44,48.37,4051423,2821480,32832711170,,1.18,40.31496219,1.435921219,0.2858085083,0.9181415929,3.423648112,-1,64.35921219,91.23,91.23,TRUE,2025-08-23,2025-08-23 15:10:46,0
2025-08-15 16:44:03,Bull Spreads,Target Corp.,TGT,7.21,107.79,2025-08-20 0:00:00,1,2025-07-18 11:38:24,2025-08-22 0:00:00,104.25,0.1009,0.0691,0.0363,0.0921,104,1.21,115,5,3.79,1.9,6,0,"[""-0.009423"",""0.009231"",""0.013365"",""-0.051058"",""-0.066827"",""-0.045769""]",2025-08-15,"[""0.00"",""0.00"",""0.00"",""0.00"",""0.00"",""0.00""]","[""0.00"",""0.00"",""0.00"",""0.00"",""0.00"",""0.00""]",103.02,104.96,105.39,98.69,97.05,99.24,99.24,,,"[""50.36"",""75.26"",""52.48"",""44.46"",""41.66"",""87.44""]","[null,""105.90"",""101.06"",""98.75"",""97.15"",""97.25""]","[null,""105.48"",""103.50"",""99.07"",""97.17"",""97.21""]","[""102.40"",""106.06"",""106.27"",""98.71"",""97.14"",""97.56""]","[null,""105.87"",""104.27"",""98.80"",""97.15"",""97.34""]","[""103.35"",""103.60"",""104.26"",""99.69"",""99.20"",""99.20""]","[""0.38"",""0.76"",""0.78"",""2.71"",""3.33"",""0.00""]","[""0.3564"",""0.1019"",""0.2076"",""0.1775"",""0.0878"",""0.2403""]","[null,""0.29"",""6.00"",""-0.07"",""-0.11"",""2.04""]","[""0.62"",""2.52"",""2.75"",""-1.01"",""-2.17"",""0.04""]",Target Corp,99.24,2.25,101.34,97.36,161.84,87.35,13663612,5020050,45094258069,11.57,1.22,33.75922782,2.72180795,-3.669190448,-6.421499293,1.701168272,-1,50,99.24,99.24,FALSE,,2025-08-23 15:10:46,0
2025-08-15 16:44:03,Bull Spreads,Victoria's Secret & Co.,VSCO,1.55,23.45,2025-08-28 0:00:00,1,2025-08-07 7:15:17,2025-09-19 0:00:00,22.42,0.1085,0.0691,0.0646,0.1282,22,1.25,25,2.7,1.45,-0.68,7,-5,,,,,,,,,,,,,,,,,,,,,,,,Victoria's Secret & Co,22.15,3.75,22.62,21.58,48.73,13.76,3414068,2603682,1768732401,12.24,2.26,58.2386426,1.311246151,-0.8504923903,3.119180633,2.641334569,27,93.11246151,22.15,22.15,TRUE,2025-08-23,2025-08-23 15:10:46,0
2025-08-15 16:44:03,Bull Spreads,Fabrinet,FN,22,338,2025-08-18 0:00:00,3,2025-07-28 16:48:35,2025-09-19 0:00:00,322.08,0.1073,0.0683,0.0558,0.0866,320,10.5,360,28.5,18,1.26,8,2,,,,,,,,,,,,,,,,,,,,,,,,Fabrinet,294.35,6.39,295.61,275.22,356.55,148.55,1291319,574236,10517002091,32.1,1.02,57.39131708,2.248760092,-10.74893875,-4.707177312,5.991862014,27,80,294.35,294.35,FALSE,,2025-08-23 15:10:46,0
2025-08-15 16:44:03,Bull Spreads,HP Inc.,HPQ,1.83,27.67,2025-08-27 0:00:00,3,2025-08-14 16:16:16,2025-08-29 0:00:00,26.93,0.078,0.0679,0.0434,0.0511,26.5,0.2,29.5,1.37,1.17,0.37,5,-3,,,,,,,,,,,,,,,,,,,,,,,,HP Inc,27.74,4.36,27.75,26.67,39.8,21.21,6574155,7540216,26055424483,10.7,1.3,28.3143359,0.8718788693,3.739715782,8.021806854,3.662182362,6,72,27.74,27.74,TRUE,2025-08-23,2025-08-23 15:10:46,0
2025-08-15 16:44:03,Bull Spreads,"Best Buy Co., Inc.",BBY,4.84,74.16,2025-08-28 0:00:00,1,2025-08-01 17:16:35,2025-08-29 0:00:00,71.74,0.0908,0.0674,0.044,0.0561,71,0.79,79,3.95,3.16,1.15,4,0,,,,,,,,,,,,,,,,,,,,,,,,Best Buy Co Inc,75.39,4.1,75.9,73.18,103.71,54.99,4186390,2862507,15933427584,18.42,1.21,31.41894292,1.462490747,5.249197264,11.78825623,2.75316887,6,76.62490747,75.39,75.39,TRUE,2025-08-23,2025-08-23 15:10:46,0
2025-08-15 16:44:03,Bull Spreads,"Palo Alto Networks, Inc.",PANW,11.63,178.37,2025-08-18 0:00:00,3,2025-07-30 8:10:50,2025-08-22 0:00:00,173.55,0.0805,0.067,0.0338,0.0799,172.5,1.73,190,7.6,5.87,6.21,10,6,"[""0.026667"",""0.022435"",""0.053043"",""0.069159"",""0.062841"",""0.077565""]",2025-08-15,"[""0.00"",""0.00"",""0.00"",""0.00"",""0.00"",""0.00""]","[""0.00"",""0.00"",""0.00"",""0.00"",""0.00"",""0.00""]",177.1,176.37,181.65,184.43,183.34,185.88,185.88,,,"[""66.50"",""72.77"",""96.61"",""65.96"",""24.13"",""85.17""]","[""176.88"",""177.04"",""177.90"",""187.18"",""184.81"",""183.43""]","[""176.70"",""176.78"",""176.99"",""186.74"",""184.84"",""183.32""]","[""177.06"",""177.32"",""181.85"",""187.36"",""184.55"",""183.83""]","[""176.91"",""177.09"",""179.06"",""187.18"",""184.71"",""183.54""]","[""175.46"",""175.67"",""177.44"",""181.33"",""181.63"",""181.65""]","[""2.69"",""1.60"",""2.08"",""1.37"",""5.36"",""0.00""]","[""0.1713"",""0.3149"",""1.2864"",""0.2047"",""0.2527"",""0.3437""]","[""0.22"",""0.40"",""5.91"",""0.17"",""-0.46"",""1.34""]","[""1.03"",""1.18"",""6.18"",""3.40"",""1.28"",""2.33""]",Palo Alto Networks Inc,185.88,1.4,187.11,182.94,210.39,144.15,6861721,10219730,124155909765,116.28,1.43,37.77572015,0.6714190101,4.963577842,-8.555123727,1.214266267,-1,60,185.88,185.88,TRUE,2025-08-23,2025-08-23 15:10:46,0
2025-08-15 16:44:03,Bull Spreads,Bilibili Inc.,BILI,1.58,24.42,2025-08-21 0:00:00,1,2025-08-05 7:00:24,2025-08-22 0:00:00,23.82,0.0735,0.0663,0.0386,0.1167,23.5,0.62,26,1.54,0.92,6.75,11,9,"[""0.057447"",""0.078936"",""0.066808"",""0.077021"",""0.011489"",""0.020426""]",2025-08-15,"[""0.00"",""0.00"",""0.00"",""0.00"",""0.00"",""0.00""]","[""0.00"",""0.00"",""0.00"",""0.00"",""0.00"",""0.00""]",24.85,25.35,25.07,25.31,23.77,23.98,23.98,,,"[""54.29"",""53.29"",""51.87"",""57.75"",""45.97"",""54.69""]","[""24.90"",""25.48"",""25.51"",""25.09"",""24.82"",""23.72""]","[""24.85"",""24.89"",""24.94"",""25.06"",""24.53"",""23.23""]","[""24.91"",""25.50"",""25.49"",""25.09"",""24.33"",""23.80""]","[""24.89"",""25.44"",""25.23"",""25.08"",""24.61"",""23.67""]","[""24.72"",""24.95"",""25.10"",""25.11"",""24.97"",""24.57""]","[""1.10"",""0.94"",""1.54"",""5.34"",""0.65"",""0.00""]","[""0.0107"",""0.0415"",""0.0202"",""0.0345"",""0.2784"",""0.0475""]","[""0.08"",""0.24"",""-0.06"",""0.39"",""-2.21"",""1.09""]","[""0.79"",""2.40"",""1.60"",""0.29"",""-2.77"",""-2.41""]",Bilibili Inc - ADR,23.98,0.93,24.25,23.58,31.77,13.6,5691474,1976890,9898471405,341.11,0.94,48.08370321,2.87900389,-3.501006036,2.610183997,0.7139857203,-1,70,23.98,23.98,TRUE,2025-08-23,2025-08-23 15:10:46,0
2025-08-15 16:44:03,Bull Spreads,XPeng Inc.,XPEV,1.27,19.73,2025-08-19 0:00:00,1,2025-08-05 7:00:46,2025-08-22 0:00:00,19.38,0.062,0.0655,0.0376,0.0957,19,0.39,21,1.12,0.73,3.52,6,2,"[""0.037632"",""0.047212"",""0.092105"",""0.072368"",""0.196842"",""0.250000""]",2025-08-15,"[""0.00"",""0.00"",""0.00"",""0.00"",""0.00"",""0.00""]","[""0.00"",""0.00"",""0.00"",""0.00"",""0.00"",""0.00""]",19.72,19.9,20.75,20.38,22.74,23.75,23.75,,,"[null,""89.29"",""60.30"",""45.14"",""34.77"",""85.04""]","[null,""19.78"",""20.90"",""20.50"",""22.84"",""22.88""]","[null,""19.77"",""20.92"",""20.70"",""22.86"",""22.88""]","[""19.03"",""19.85"",""20.96"",""20.45"",""22.80"",""22.99""]","[null,""19.80"",""20.93"",""20.51"",""22.82"",""22.91""]","[""19.86"",""19.85"",""20.19"",""20.28"",""21.28"",""21.28""]","[""1.07"",""8.64"",""0.33"",""0.32"",""3.88"",""0.00""]","[null,""0.0624"",""0.0347"",""0.0991"",""0.0457"",""0.1161""]","[null,""2.45"",""0.44"",""-0.07"",""-0.43"",""3.79""]","[""1.20"",""2.11"",""3.98"",""1.04"",""6.85"",""11.59""]",Xpeng Inc - ADR,23.75,4.4,24.1,22.95,27.16,6.94,16052829,11449160,20610530250,,2.5,50.42499019,1.40209666,20.55837563,25.19768055,1.80025718,-1,44.0209666,23.75,23.75,FALSE,,2025-08-23 15:10:46,0
2025-08-15 16:44:03,Bull Spreads,Ciena Corporation,CIEN,5.7,94.3,2025-09-04 0:00:00,1,2025-08-06 13:22:09,2025-09-19 0:00:00,91.42,0.0782,0.0623,0.047,,90,2.9,100,7.2,4.3,1.55,8,0,,,,,,,,,,,,,,,,,,,,,,,,Ciena Corp,89.81,2.83,90.45,87.25,101.44,49.21,1971325,1409338,12696187886,125.09,1.11,36.39376906,1.398759559,-1.166501596,1.365688488,2.593100297,27,73.98759559,89.81,89.81,FALSE,,2025-08-23 15:10:46,0
2025-08-15 16:44:03,Bull Spreads,"Keysight Technologies, Inc.",KEYS,10.2,169.8,2025-08-19 0:00:00,3,2025-07-29 8:11:06,2025-09-19 0:00:00,164.48,0.0747,0.062,0.0595,0.0672,160,1.9,180,11.7,9.8,1.64,6,2,,,,,,,,,,,,,,,,,,,,,,,,Keysight Technologies Inc,166.87,3.88,167.99,161.16,186.2,121.43,1035087,744740,28668248474,53.12,1.11,28.71880411,1.389863577,2.123623011,0.2523280264,2.898193254,27,93.89863577,166.87,166.87,TRUE,2025-08-23,2025-08-23 15:10:46,0
2025-08-15 16:44:03,Bull Spreads,Bitdeer Technologies Group,BTDR,0.85,14.15,2025-08-18 0:00:00,1,2025-08-04 7:10:04,2025-08-22 0:00:00,13.78,0.0734,0.0616,0.0471,0.1506,13.5,0.5,15,1.15,0.65,1.94,7,-1,"[""-0.007407"",""0.062963"",""-0.041111"",""-0.042222"",""-0.065926"",""-0.011111""]",2025-08-15,"[""0.00"",""0.00"",""0.00"",""0.00"",""0.00"",""0.00""]","[""0.00"",""0.00"",""0.00"",""0.00"",""0.00"",""0.00""]",13.4,14.35,12.94,12.93,12.61,13.35,13.35,,,"[null,""52.62"",""16.70"",""53.05"",""48.12"",""87.05""]","[null,""14.56"",""14.44"",""12.88"",""12.62"",""12.66""]","[null,""13.93"",""14.40"",""12.60"",""12.63"",""12.64""]","[null,""14.59"",""14.35"",""12.89"",""12.62"",""12.76""]","[null,""14.36"",""14.40"",""12.85"",""12.62"",""12.69""]","[""13.70"",""13.62"",""13.81"",""13.41"",""13.30"",""13.30""]","[""1.00"",""6.08"",""2.25"",""3.95"",""2.95"",""0.00""]","[null,""0.0555"",""0.0739"",""0.0212"",""0.0215"",""0.0726""]","[null,""0.91"",""-3.22"",""0.38"",""-0.07"",""5.48""]","[""-0.51"",""7.88"",""1.24"",""-3.58"",""-5.17"",""0.39""]",Bitdeer Technologies Group,13.35,5.87,13.66,12.34,26.99,5.4,3781315,3825894,2626560510,,2.23,70.93759789,0.9883480828,-0.2987303958,-8.81147541,6.544293695,-1,40,13.35,13.35,FALSE,,2025-08-23 15:10:46,0
2025-08-15 16:44:03,Bull Spreads,J.M. Smucker Co.,SJM,6.5,113.5,2025-08-27 0:00:00,1,2025-08-06 9:29:45,2025-09-19 0:00:00,111.44,0.0548,0.0583,0.0314,0.0682,110,0.8,120,4.3,3.5,2.7,7,1,,,,,,,,,,,,,,,,,,,,,,,,J M Smucker Co,113.2,0.23,114.74,113.15,125.42,93.3,2387303,1234548,12076583194,,0.31,22.99082675,1.933746602,2.202961358,3.83415887,-0.1851688564,27,99.33746602,113.2,113.2,TRUE,2025-08-23,2025-08-23 15:10:46,0
2025-08-15 16:44:03,Bull Spreads,"Five Below, Inc.",FIVE,7.8,137.2,2025-08-27 0:00:00,3,2025-08-13 16:34:56,2025-09-19 0:00:00,134.36,0.0727,0.058,0.0535,0.0945,130,4.9,145,12.1,7.2,5.7,9,9,,,,,,,,,,,,,,,,,,,,,,,,Five Below Inc,141.81,0.02,144.68,139.75,144.68,52.38,1182020,987618,7807774845,29.71,1.06,33.1878927,1.196839264,5.021106421,2.264368645,0.08469193309,27,91.96839264,141.81,141.81,TRUE,2025-08-23,2025-08-23 15:10:46,0
2025-08-15 16:44:03,Bull Spreads,ULTA Beauty,ULTA,26.6,543.4,2025-08-28 0:00:00,3,2025-08-15 9:16:19,2025-08-29 0:00:00,526.18,0.0769,0.0505,0.0349,0.0427,525,5.1,570,23.5,18.4,6.81,11,9,,,,,,,,,,,,,,,,,,,,,,,,Ulta Beauty Inc,529.5,1.79,534.09,526,534.1,309.01,624343,446845,23798700000,20.68,1.12,21.51503123,1.397224989,1.631477927,2.82551704,0.3163897467,6,75.97224989,529.5,529.5,TRUE,2025-08-23,2025-08-23 15:10:46,0
2025-08-15 16:44:03,Bull Spreads,Intuit Inc.,INTU,35.9,729.1,2025-08-21 0:00:00,3,2025-07-31 19:10:48,2025-08-22 0:00:00,710.64,0.0697,0.0505,0.0268,0.0689,710,5.9,765,25,19.1,5.39,10,8,"[""0.009697"",""0.010056"",""-0.012732"",""-0.015704"",""-0.016958"",""-0.066676""]",2025-08-15,"[""0.00"",""0.00"",""0.00"",""0.00"",""0.00"",""0.00""]","[""0.00"",""0.00"",""0.00"",""0.00"",""0.00"",""0.00""]",716.89,717.14,700.96,698.85,697.96,662.66,662.66,,,"[""51.88"",""52.42"",""52.04"",""52.02"",""51.21"",""24.24""]","[""647.15"",""575.08"",""681.08"",""698.92"",""698.38"",""696.63""]","[""675.29"",""603.30"",""702.57"",""685.39"",""697.90"",""697.21""]","[""621.44"",""616.04"",""712.35"",""698.80"",""698.26"",""691.14""]","[""636.38"",""586.13"",""700.82"",""696.95"",""697.95"",""694.74""]","[""714.55"",""715.92"",""716.95"",""708.95"",""706.37"",""706.37""]","[""0.60"",""1.76"",""0.74"",""4.47"",""4.06"",""0.00""]","[""205.7283"",""308.5371"",""0.7907"",""0.4539"",""0.6145"",""3.0938""]","[""11.26"",""25.21"",""5.58"",""-0.01"",""-0.06"",""-4.88""]","[""0.76"",""0.58"",""0.30"",""-1.42"",""-1.19"",""-6.19""]",Intuit Inc,662.66,-5.03,670.39,642.52,813.48,532.65,6368783,3195318,184847011528,48.47,1.28,29.22827645,1.993160931,-7.545274437,-15.68674852,1.169465649,-1,49.93160931,662.66,662.66,FALSE,,2025-08-23 15:10:46,0
2025-08-15 16:44:03,Bull Spreads,"BJ's Wholesale Club, Inc.",BJ,5.2,104.8,2025-08-22 0:00:00,1,2025-07-21 6:51:04,2025-09-19 0:00:00,102.86,0.0688,0.0505,0.0466,0.0642,100,2.3,110,7.1,4.8,1.17,5,1,,,,,,,,,,,,,,,,,,,,,,,,BJ's Wholesale Club Holdings Inc,97.11,-8.55,101.89,96.62,121.1,76.33,9143690,1981210,12823433846,22.3,0.43,35.03315432,4.61520485,-5.937621077,-6.804222649,-1.511156187,27,80,97.11,97.11,FALSE,,2025-08-23 15:10:46,0
2025-08-15 16:44:03,Bull Spreads,Trip.com Group Limited,TCOM,3,62,2025-08-27 0:00:00,3,2025-08-15 8:15:48,2025-09-19 0:00:00,60.31,0.0609,0.0497,0.0331,,60,1.2,65,3.2,2,,,,,,,,,,,,,,,,,,,,,,,,,,,Trip.com Group Ltd,64.92,2.04,64.95,63.72,77.18,41.86,2899649,4234296,44265824099,18.92,0.06,32.83433386,0.6848007319,4.088504089,0.7605152879,1.105746768,27,90,64.92,64.92,TRUE,2025-08-23,2025-08-23 15:10:46,0
2025-08-15 16:44:03,Bull Spreads,Viking Holdings Ltd,VIK,2.85,62.15,2025-08-19 0:00:00,1,2025-08-05 16:26:01,2025-09-19 0:00:00,60.02,0.0469,0.0474,0.0358,0.1158,60,1.15,65,3.3,2.15,1.15,8,0,,,,,,,,,,,,,,,,,,,,,,,,Viking Holdings Ltd,60.39,3.69,60.45,58.18,60.97,30.75,4190128,3251843,26777994632,32.9,,22.88685508,1.288539453,-0.5434782609,3.513884128,2.634262407,27,92.88539453,60.39,60.39,TRUE,2025-08-23,2025-08-23 15:10:46,0
2025-08-15 16:44:03,Bull Spreads,"DICK'S Sporting Goods, Inc.",DKS,10.5,229.5,2025-08-28 0:00:00,1,2025-08-05 8:04:05,2025-08-29 0:00:00,222.81,0.0751,0.0471,0.0314,0.0469,222.5,3.3,240,10.3,7,2.25,6,2,,,,,,,,,,,,,,,,,,,,,,,,DICK'S Sporting Goods Inc,227.63,1.9,228.52,222.97,254.6,166.37,1583040,943355,18231551770,16.27,1.04,29.60426546,1.678095733,1.63414743,4.806851144,1.475570613,6,78.78095733,227.63,227.63,TRUE,2025-08-23,2025-08-23 15:10:46,0
2025-08-15 16:44:03,Bull Spreads,Flex LNG Ltd.,FLNG,1.1,25.9,2025-08-20 0:00:00,1,2025-08-14 12:25:01,2025-09-19 0:00:00,25.23,0.0348,0.0435,0.0356,0.0426,25,0.1,27,1,0.9,1.56,7,-3,,,,,,,,,,,,,,,,,,,,,,,,FLEX LNG Ltd,26.79,0.71,26.95,26.51,27.77,19.46,471659,239617,,,0.37,29.74776839,1.968387051,6.946107784,15.77355229,0.1495327103,27,99.68387051,26.79,26.79,TRUE,2025-08-23,2025-08-23 15:10:46,0
2025-08-15 16:44:03,Bull Spreads,"CrowdStrike, Inc.",CRWD,18.4,436.6,2025-08-27 0:00:00,3,2025-08-05 16:10:56,2025-08-29 0:00:00,424.86,0.0704,0.0433,0.0331,0.0535,422.5,10.15,455,24.25,14.1,-0.08,5,-3,,,,,,,,,,,,,,,,,,,,,,,,Crowdstrike Holdings Inc,420.55,1.57,423.99,412.55,517.98,242.25,2202292,2525352,104821285412,,1.13,27.84560642,0.8720732793,-1.717691049,-10.12352539,1.337349398,6,52,420.55,420.55,FALSE,,2025-08-23 15:10:46,0
2025-08-15 16:44:03,Bull Spreads,"Baidu, Inc.",BIDU,3.78,90.22,2025-08-20 0:00:00,1,2025-07-22 10:08:49,2025-08-22 0:00:00,88.73,0.0531,0.0426,0.025,0.0656,88,1.13,94,3.35,2.22,3.24,9,-1,"[""0.021023"",""0.024091"",""0.012045"",""-0.014091"",""-0.004330"",""0.022841""]",2025-08-15,"[""0.00"",""0.00"",""0.00"",""0.00"",""0.00"",""0.00""]","[""0.00"",""0.00"",""0.00"",""0.00"",""0.00"",""0.00""]",89.85,90.12,89.06,86.76,87.62,90.01,90.01,,,"[""51.92"",""53.96"",""52.61"",""55.52"",""63.10"",""93.84""]","[""85.54"",""90.91"",""90.42"",""86.58"",""87.99"",""87.73""]","[""84.54"",""87.01"",""88.65"",""86.41"",""87.96"",""87.89""]","[""89.56"",""90.67"",""90.58"",""86.71"",""88.08"",""88.09""]","[""87.74"",""88.58"",""89.91"",""86.59"",""88.01"",""87.87""]","[""89.56"",""89.82"",""90.06"",""88.19"",""88.12"",""88.10""]","[""1.82"",""1.01"",""1.23"",""2.75"",""0.43"",""0.00""]","[""0.0357"",""0.1110"",""0.2110"",""0.1040"",""0.0778"",""0.2117""]","[""5.37"",""0.24"",""0.57"",""0.21"",""0.21"",""2.60""]","[""0.64"",""1.45"",""0.97"",""-1.62"",""0.07"",""2.17""]",Baidu Inc,90.01,2.74,90.54,88.14,116.25,74.71,4256864,6991064,30942819443,8.19,0.34,44.77317255,0.6089007339,0.1780745687,-0.8700440529,1.476888388,-1,60,90.01,90.01,TRUE,2025-08-23,2025-08-23 15:10:46,0
2025-08-15 16:44:03,Bull Spreads,Walmart Inc.,WMT,3.82,102.18,2025-08-21 0:00:00,1,2025-08-14 7:01:15,2025-08-22 0:00:00,100.85,0.0447,0.0378,0.0216,0.0487,100,0.66,106,2.84,2.18,2.25,8,4,"[""0.000300"",""0.006800"",""0.013100"",""0.025700"",""-0.020450"",""-0.031700""]",2025-08-15,"[""0.00"",""0.00"",""0.00"",""0.00"",""0.00"",""0.00""]","[""0.00"",""0.00"",""0.00"",""0.00"",""0.00"",""0.00""]",100.03,100.68,101.31,102.57,97.96,96.83,96.83,,,"[null,""51.92"",""60.12"",""55.32"",""61.31"",""21.93""]","[null,""95.74"",""102.12"",""102.54"",""97.77"",""97.74""]","[null,""98.68"",""102.08"",""102.51"",""97.74"",""97.72""]","[""89.42"",""99.70"",""102.26"",""102.57"",""97.94"",""97.72""]","[null,""98.12"",""102.15"",""102.53"",""97.84"",""97.75""]","[""100.51"",""100.22"",""100.49"",""101.14"",""99.59"",""99.59""]","[""0.08"",""2.03"",""1.13"",""0.67"",""3.83"",""0.00""]","[null,""14.4187"",""0.0847"",""0.0451"",""0.1423"",""0.2191""]","[null,""5.34"",""0.28"",""0.09"",""0.19"",""-0.93""]","[""0.14"",""0.63"",""1.92"",""1.47"",""-1.64"",""-2.77""]",Walmart Inc,96.83,-1.15,99.05,96.76,105.3,75.01,32695177,12856706,772743889552,36.53,0.66,22.05115473,2.543044618,-3.17,-0.656612291,-1.264402977,-1,50,7140,96.83,FALSE,,2025-08-23 15:10:46,0
2025-08-15 16:44:03,Bull Spreads,Hormel Foods Corp.,HRL,1.05,28.95,2025-08-28 0:00:00,1,2025-08-05 7:28:08,2025-08-29 0:00:00,28.3,0.056,0.0371,0.0335,0.0539,28,0.15,30,1.1,0.95,1.82,5,1,,,,,,,,,,,,,,,,,,,,,,,,Hormel Foods Corp,29.25,1.18,29.35,28.99,33.8,27.59,2258824,2436004,16084414125,21.51,0.31,19.58099181,0.9272661293,2.703651685,0.0341997264,0.7578367206,6,72,29.25,29.25,TRUE,2025-08-23,2025-08-23 15:10:46,0
2025-08-15 16:44:03,Bull Spreads,Futu Holdings Ltd,FUTU,6.45,178.55,2025-08-20 0:00:00,1,2025-08-06 5:59:58,2025-08-22 0:00:00,174.75,0.0524,0.0369,0.0346,0.0953,172.5,3.85,185,9.9,6.05,1.36,6,0,"[""0.009855"",""0.002348"",""-0.021217"",""0.036058"",""0.045681"",""0.105159""]",2025-08-15,"[""0.00"",""0.00"",""0.00"",""0.00"",""0.00"",""0.00""]","[""0.00"",""0.00"",""0.00"",""0.00"",""0.00"",""0.00""]",174.2,172.9,168.84,178.72,180.38,190.64,190.64,,,"[null,""56.59"",""52.55"",""53.78"",""59.98"",""89.63""]","[null,""174.46"",""163.60"",""177.39"",""182.74"",""180.90""]","[null,""164.06"",""165.31"",""172.67"",""179.57"",""181.31""]","[null,""174.91"",""172.93"",""177.94"",""183.31"",""182.35""]","[null,""173.87"",""169.74"",""176.61"",""182.24"",""181.40""]","[""176.71"",""175.09"",""173.93"",""171.48"",""172.59"",""174.01""]","[""0.11"",""11.91"",""0.59"",""2.83"",""1.09"",""0.00""]","[null,""0.4425"",""0.4586"",""0.4530"",""0.9763"",""1.0300""]","[null,""1.74"",""6.43"",""0.75"",""0.62"",""5.39""]","[""0.34"",""1.37"",""0.11"",""4.23"",""6.54"",""9.56""]",Futu Holdings Ltd,190.64,5.65,194.32,184.74,194.32,56.22,3105782,1128812,18069522569,26.5,0.49,55.83868859,2.751372239,9.406025825,16.52099505,3.004106332,-1,50,190.64,190.64,FALSE,,2025-08-23 15:10:46,0
2025-08-15 16:44:03,Bull Spreads,"Medtronic, Inc.",MDT,2.76,93.24,2025-08-19 0:00:00,1,2025-08-05 17:38:42,2025-08-22 0:00:00,91.98,0.0332,0.03,0.0243,0.0489,91,0.5,96,2.74,2.24,1.93,5,1,"[""0.021978"",""0.020110"",""-0.012088"",""0.024396"",""0.001209"",""0.018791""]",2025-08-15,"[""0.00"",""0.00"",""0.00"",""0.00"",""0.00"",""0.00""]","[""0.00"",""0.00"",""0.00"",""0.00"",""0.00"",""0.00""]",93,92.83,89.9,93.22,91.11,92.71,92.71,,,"[""83.06"",""61.11"",""43.45"",""80.33"",""42.48"",""87.07""]","[""92.96"",""93.12"",""89.96"",""93.01"",""93.32"",""91.27""]","[""92.77"",""93.12"",""89.96"",""91.30"",""93.36"",""91.41""]","[""93.08"",""93.21"",""89.92"",""93.54"",""93.24"",""91.47""]","[""92.98"",""93.15"",""89.95"",""92.86"",""93.29"",""91.36""]","[""92.53"",""92.78"",""90.77"",""90.88"",""91.50"",""91.55""]","[""1.48"",""2.18"",""4.37"",""3.02"",""2.30"",""0.00""]","[""0.0524"",""0.0680"",""0.0807"",""0.2893"",""0.1511"",""0.1833""]","[""0.19"",""0.18"",""-0.07"",""1.01"",""-0.13"",""1.58""]","[""0.66"",""0.55"",""-0.96"",""3.38"",""1.85"",""1.26""]",Medtronic PLC,92.71,1.76,92.96,91.68,96.25,79.29,4876003,6782958,118785984266,25.6,0.8,21.75092157,0.7188608569,-0.3332616642,-0.247471487,1.123472949,-1,60,92.71,92.71,TRUE,2025-08-23,2025-08-23 15:10:46,0
2025-08-22 19:34:00,Bull Spreads,Elastic N.V.,ESTC,12.55,77.45,2025-08-28 0:00:00,3,2025-08-14 16:15:58,2025-09-19 0:00:00,77.59,0.1541,0.1617,0.1604,0.0922,65,1.95,90,14.4,12.45,2.23,5,1,,,,,,,,,,,,,,,,,,,,,,,,Elastic NV,80.06,3.22,80.49,77.48,118.84,69,1404864,1650873,8449115830,,1.07,35.54850747,0.8509824802,3.624126327,-10.90585355,3.210003867,27,90,80.06,80.06,TRUE,2025-08-23,2025-08-23 15:10:46,0
2025-08-22 19:34:00,Bull Spreads,"Photronics, Inc.",PLAB,3.2,21.8,2025-08-27 0:00:00,1,2025-08-13 16:02:43,2025-09-19 0:00:00,20.89,0.0876,0.1531,0.0861,0.1544,20,0.15,25,1.95,1.8,1.1,7,-1,,,,,,,,,,,,,,,,,,,,,,,,Photronics Inc,22.08,5.7,22.15,21.07,31.6,16.46,520530,462612,1328123000,11.49,1.4,41.45399074,1.12519779,6.615161758,11.96754564,4.200094384,27,91.2519779,22.08,22.08,TRUE,2025-08-23,2025-08-23 15:10:46,0
2025-08-22 19:34:00,Bull Spreads,"Domo, Inc.",DOMO,1.9,14.1,2025-08-28 0:00:00,3,2025-08-11 16:22:55,2025-09-19 0:00:00,13.54,0.1335,0.1403,0.0812,0.1422,13,0.45,16,1.55,1.1,4.14,7,5,,,,,,,,,,,,,,,,,,,,,,,,Domo Inc,14.15,4.51,14.35,13.31,16.95,6.01,517498,998293,569326083,,1.88,62.33148212,0.5183828796,0.2124645892,-11.34085213,4.814814815,27,90,14.15,14.15,TRUE,2025-08-23,2025-08-23 15:10:46,0
2025-08-22 19:34:00,Bull Spreads,"SailPoint, Inc.",SAIL,2.65,19.85,2025-09-09 0:00:00,1,2025-08-12 9:34:18,2025-09-19 0:00:00,19.51,0.0792,0.1358,0.1204,,17.5,0.55,22.5,2.9,2.35,4.59,7,5,,,,,,,,,,,,,,,,,,,,,,,,Sailpoint Inc,20.5,5.07,20.5,19.49,26.35,15.05,1315238,3122242,11410072450,,,51.78727859,0.4212479366,0.1465559355,1.28458498,4.538500765,27,90,20.5,20.5,TRUE,2025-08-23,2025-08-23 15:10:46,0
2025-08-22 19:34:00,Bull Spreads,PVH Corp.,PVH,10.15,79.85,2025-08-26 0:00:00,3,2025-08-14 12:33:43,2025-09-19 0:00:00,76.37,0.1203,0.1329,0.0635,0.0877,75,0.75,90,5.6,4.85,2.93,8,0,,,,,,,,,,,,,,,,,,,,,,,,PVH Corp,79.87,4.57,80.34,76.58,113.47,59.28,962140,897911,3839599427,11.26,1.84,34.03902869,1.071531588,3.875666537,3.929733247,4.296160878,27,90.71531588,79.87,79.87,TRUE,2025-08-23,2025-08-23 15:10:46,0
2025-08-22 19:34:00,Bull Spreads,Titan Machinery Inc.,TITN,2.55,19.95,2025-08-28 0:00:00,1,2025-08-14 6:46:16,2025-09-19 0:00:00,19.435,0.0672,0.1312,0.126,0.3452,17.5,0.25,22.5,2.7,2.45,1.86,5,1,,,,,,,,,,,,,,,,,,,,,,,,Titan Machinery Inc,20.58,5.89,20.82,19.57,23.41,12.5,260572,65644,475080400,,1.37,35.82567733,3.969471696,5.755395683,2.286282306,5.160960654,27,100,20.58,20.58,TRUE,2025-08-23,2025-08-23 15:10:46,0
2025-08-22 19:34:00,Bull Spreads,"MongoDB, Inc.",MDB,26.6,223.4,2025-08-26 0:00:00,3,2025-08-05 16:11:16,2025-08-29 0:00:00,211.96,0.1764,0.1254,0.0632,0.1693,210,5.7,250,19.1,13.4,5.49,8,6,,,,,,,,,,,,,,,,,,,,,,,,Mongodb Inc,219.06,3.35,220,208.65,370,140.94,1804476,3128059,17900340930,,1.44,54.34068834,0.5768676358,0.3665353248,-9.243070804,3.805146188,6,72,219.06,219.06,TRUE,2025-08-23,2025-08-23 15:10:46,0
2025-08-22 19:34:00,Bull Spreads,Braze,BRZE,3.1,26.9,2025-09-04 0:00:00,3,2025-08-14 16:15:30,2025-09-19 0:00:00,25.535,0.0901,0.1214,0.0744,0.1204,25,0.65,30,2.55,1.9,-0.21,5,-5,,,,,,,,,,,,,,,,,,,,,,,,Braze Inc,26.9,5.33,26.95,25.5,48.33,23.91,761321,1365593,2839872682,,1.1,47.83779311,0.5575021255,5.490196078,-7.845152449,4.996096799,27,90,26.9,26.9,TRUE,2025-08-23,2025-08-23 15:10:46,0
2025-08-22 19:34:00,Bull Spreads,"Williams-Sonoma, Inc.",WSM,23.5,206.5,2025-08-27 0:00:00,1,2025-08-20 9:41:11,2025-09-19 0:00:00,197.21,0.1225,0.1191,0.0583,0.0745,195,2.1,230,13.6,11.5,2.22,8,4,,,,,,,,,,,,,,,,,,,,,,,,Williams-Sonoma Inc,203.42,3.18,204.52,197.61,219.98,125.33,1770980,1061750,25020252934,23.57,1.47,36.70983052,1.667982105,0.09349013433,11.94760883,2.607818411,27,96.67982105,203.42,203.42,TRUE,2025-08-23,2025-08-23 15:10:46,0
2025-08-22 19:34:00,Bull Spreads,"C3.ai, Inc. ",AI,2,17.5,2025-09-03 0:00:00,3,2025-08-10 15:43:39,2025-09-05 0:00:00,16.86,0.1379,0.1186,0.0593,0.0869,16.5,0.32,19.5,1.32,1,1.68,7,-1,,,,,,,,,,,,,,,,,,,,,,,,C3.ai Inc,17.5,3.73,17.64,16.9,45.08,14.7,6985260,66978320,2351753250,,1.98,102.9549959,0.1042913588,-1.960784314,-32.71818531,2.941176471,13,86,17.5,17.5,TRUE,2025-08-23,2025-08-23 15:10:46,0
2025-08-22 19:34:00,Bull Spreads,"UiPath, Inc.",PATH,1.26,11.24,2025-09-04 0:00:00,3,2025-08-07 16:39:24,2025-09-05 0:00:00,10.89,0.1108,0.1157,0.0679,0.0973,10.5,0.21,12.5,0.95,0.74,5.35,7,7,,,,,,,,,,,,,,,,,,,,,,,,UiPath Inc,11.17,2.62,11.24,10.88,15.93,9.38,10224373,10109430,5976383436,,1.03,31.98955873,1.011369879,1.916058394,-8.29228243,2.1023766,13,86.11369879,11.17,11.17,TRUE,2025-08-23,2025-08-23 15:10:46,0
2025-08-22 19:34:00,Bull Spreads,"Pure Storage, Inc.",PSTG,6.45,58.55,2025-08-27 0:00:00,3,2025-08-06 16:26:42,2025-09-19 0:00:00,55.73,0.1346,0.1157,0.0636,0.1418,55,1.15,65,4.7,3.55,3.91,7,7,,,,,,,,,,,,,,,,,,,,,,,,Pure Storage Inc,58.33,4.67,58.37,55.47,73.67,34.51,1726156,1487749,19064087826,157.48,1.07,43.49381436,1.160246789,-0.4947117025,1.284945303,4.796981674,27,91.60246789,58.33,58.33,TRUE,2025-08-23,2025-08-23 15:10:46,0
2025-08-22 19:34:00,Bull Spreads,"Okta, Inc.",OKTA,10.33,93.67,2025-08-26 0:00:00,3,2025-08-01 8:03:44,2025-08-29 0:00:00,89.78,0.157,0.115,0.052,0.1247,89,1.38,104,6.05,4.67,3.89,9,3,,,,,,,,,,,,,,,,,,,,,,,,Okta Inc,92.05,2.53,93.3,89.78,127.57,70.56,2741700,3891775,16115488594,125.43,0.8,34.70423146,0.7044857424,0.03260160835,-8.951533136,2.152924204,6,72,92.05,92.05,TRUE,2025-08-23,2025-08-23 15:10:46,0
2025-08-22 19:34:00,Bull Spreads,"Affirm Holdings, Inc.",AFRM,8.4,78.6,2025-08-28 0:00:00,3,2025-07-31 16:11:15,2025-08-29 0:00:00,74.49,0.1556,0.1127,0.0617,0.1477,74,1.2,87,5.8,4.6,2.31,8,4,,,,,,,,,,,,,,,,,,,,,,,,Affirm Holdings Inc,79.49,6.71,80.41,74.15,82.53,30.02,8391529,4722605,25643465361,,3.63,58.43202995,1.776885638,0.9781504065,18.48263527,6.999596177,6,79.76885638,79.49,79.49,TRUE,2025-08-23,2025-08-23 15:10:46,0
2025-08-22 19:34:00,Bull Spreads,Snowflake,SNOW,21.83,203.17,2025-08-27 0:00:00,3,2025-08-04 9:21:57,2025-08-29 0:00:00,194.68,0.1481,0.1121,0.0548,0.1233,192.5,2.58,225,13.25,10.67,5.28,10,6,,,,,,,,,,,,,,,,,,,,,,,,Snowflake Inc,196.81,1.08,199.91,191.24,229.27,107.13,3107867,5214015,65667230165,,1.22,39.64205553,0.5960602338,-1.140245128,-10.34121452,0.8454601353,6,72,196.81,196.81,TRUE,2025-08-23,2025-08-23 15:10:46,0
2025-08-22 19:34:00,Bull Spreads,"Gap, Inc.",GAP,2.28,22.22,2025-08-28 0:00:00,3,2025-08-07 16:29:29,2025-08-29 0:00:00,21.2,0.1506,0.1075,0.0575,0.1318,21,0.32,24.5,1.54,1.22,2.72,10,0,,,,,,,,,,,,,,,,,,,,,,,,Gap Inc,21.42,1.11,21.63,20.65,29.29,16.99,11285194,6860762,7991084458,9.35,2.16,36.06591557,1.644889299,3.528274529,3.678606002,2.832453193,6,78.44889299,21.42,21.42,TRUE,2025-08-23,2025-08-23 15:10:46,0
2025-08-22 19:34:00,Bull Spreads,Argan Inc.,AGX,22.7,227.3,2025-09-04 0:00:00,3,2025-08-21 8:56:08,2025-09-19 0:00:00,218.29,0.1443,0.1039,0.0792,0.1182,210,8,250,25.3,17.3,1.89,5,3,,,,,,,,,,,,,,,,,,,,,,,,Argan Inc,222.16,1.81,227.74,218.32,253.79,69.81,259012,289184,3030442399,31.18,0.59,52.82102259,0.8956650437,-0.817000759,-5.828493917,1.069105136,27,90,222.16,222.16,TRUE,2025-08-23,2025-08-23 15:10:46,0
2025-08-22 19:34:00,Bull Spreads,Li Auto Inc.,LI,2.42,24.08,2025-08-28 0:00:00,1,2025-08-15 6:54:38,2025-08-29 0:00:00,23.46,0.1129,0.1031,0.046,0.0944,23,0.26,26.5,1.34,1.08,4.65,8,4,,,,,,,,,,,,,,,,,,,,,,,,Li Auto Inc,24.06,2.56,24.11,23.54,33.11,17.44,5053489,5207027,25575418532,22.66,0.94,46.19553589,0.9705133083,-0.5374121538,-18.66125761,2.03562341,6,72,24.06,24.06,TRUE,2025-08-23,2025-08-23 15:10:46,0
2025-08-22 19:34:00,Bull Spreads,"NAPCO Security Technologies, Inc.",NSSC,3,32,2025-08-25 0:00:00,1,2025-08-20 7:15:30,2025-09-19 0:00:00,30.39,0.1349,0.0987,0.0658,0.1218,30,0.4,35,2.4,2,2,5,1,,,,,,,,,,,,,,,,,,,,,,,,Napco Security Technologies Inc,31.7,4.31,31.86,30.4,56.07,19.01,318881,132062,1130309000,25.8,1.42,33.75877114,2.414631007,3.968514267,4.207758054,3.628636809,27,100,31.7,31.7,TRUE,2025-08-23,2025-08-23 15:10:46,0
2025-08-22 19:34:00,Bull Spreads,Kohl's Corporation,KSS,1.31,13.69,2025-08-27 0:00:00,1,2025-08-04 0:00:00,2025-08-29 0:00:00,13.32,0.1194,0.0983,0.0518,0.158,13,0.5,15,1.19,0.69,0.95,9,-1,,,,,,,,,,,,,,,,,,,,,,,,Kohls Corp,13.89,4.28,14.25,13.31,21.39,6.04,6864149,7354465,1556257862,12.87,1.73,127.856869,0.9333308405,0.871459695,8.600469116,3.734129948,6,72,13.89,13.89,TRUE,2025-08-23,2025-08-23 15:10:46,0
2025-08-22 19:34:00,Bull Spreads,"Nutanix, Inc.",NTNX,6.5,71,2025-08-27 0:00:00,3,2025-08-07 16:30:59,2025-09-19 0:00:00,67.94,0.1207,0.0956,0.0515,0.092,67.5,1.4,77.5,4.9,3.5,4.61,8,6,,,,,,,,,,,,,,,,,,,,,,,,Nutanix Inc,68.79,1.25,69,67.3,83.36,52.18,2798601,3383421,18441050000,8785.44,0.71,32.09008518,0.8271512768,0.1601630751,-7.899317178,1.072583015,27,90,68.79,68.79,TRUE,2025-08-23,2025-08-23 15:10:46,0
2025-08-22 19:34:00,Bull Spreads,Marvell Technology Group Ltd.,MRVL,6.75,74.25,2025-08-28 0:00:00,3,2025-08-04 9:21:44,2025-08-29 0:00:00,71.21,0.1326,0.0947,0.0456,0.1208,71,1.2,81,4.45,3.25,3.39,7,7,,,,,,,,,,,,,,,,,,,,,,,,Marvell Technology Inc,73,2.51,74.73,70.68,127.48,47.09,14435874,11843620,62940592700,,1.83,44.23751124,1.218873453,-4.186901168,-1.630508018,2.326885338,6,74.18873453,73,73,TRUE,2025-08-23,2025-08-23 15:10:46,0
2025-08-22 19:34:00,Bull Spreads,DocuSign,DOCU,6.36,73.64,2025-09-04 0:00:00,3,2025-08-14 16:07:46,2025-09-05 0:00:00,70.74,0.1246,0.0899,0.0514,0.071,70,1.31,80,4.95,3.64,3.12,6,0,,,,,,,,,,,,,,,,,,,,,,,,Docusign Inc,74.81,5.75,75.21,70.82,107.86,54.32,2694052,3402490,15116310093,14.13,1.01,39.65832943,0.7917883668,5.514809591,-6.335294854,5.499929488,13,86,74.81,74.81,TRUE,2025-08-23,2025-08-23 15:10:46,0
2025-08-22 19:34:00,Bull Spreads,Trip.com Group Limited,TCOM,5.7,64.3,2025-08-27 0:00:00,3,2025-08-15 8:15:48,2025-09-19 0:00:00,63.62,0.0609,0.0895,0.0675,0.1053,60,1,70,5.3,4.3,2.08,10,-4,,,,,,,,,,,,,,,,,,,,,,,,Trip.com Group Ltd,64.92,2.04,64.95,63.72,77.18,41.86,2899649,4234296,44265824099,18.92,0.06,32.83433386,0.6848007319,4.088504089,0.7605152879,1.105746768,27,90,64.92,64.92,TRUE,2025-08-23,2025-08-23 15:10:46,0
2025-08-22 19:34:00,Bull Spreads,Dell Technologies,DELL,11.36,132.64,2025-08-28 0:00:00,3,2025-08-18 19:50:29,2025-08-29 0:00:00,127.83,0.1214,0.0888,0.0441,0.1019,127,1.31,144,6.95,5.64,3.52,12,4,,,,,,,,,,,,,,,,,,,,,,,,Dell Technologies Inc,130.84,2.38,132.05,128.12,147.66,66.25,3785951,4402805,88497766067,0,,38.04176615,0.8598952259,-5.380387619,-0.2895900015,1.54443151,6,72,130.84,130.84,TRUE,2025-08-23,2025-08-23 15:10:46,0
2025-08-22 19:34:00,Bull Spreads,UP Fintech Holding Limited,TIGR,0.99,11.51,2025-08-27 0:00:00,1,2025-08-18 6:34:06,2025-08-29 0:00:00,11.23,0.0922,0.0881,0.0454,0.1082,11,0.21,12.5,0.72,0.51,-0.18,4,-2,,,,,,,,,,,,,,,,,,,,,,,,UP Fintech Holding Ltd,12.71,13.18,12.96,11.49,14.46,3.39,15013533,3097082,2237235813,28.72,0.6,63.83722392,4.847638196,17.14285714,20.24597919,9.7582038,6,62,12.71,12.71,FALSE,,2025-08-23 15:10:46,0
2025-08-22 19:34:00,Bull Spreads,"Ollie's Bargain Outlet Holdings, Inc.",OLLI,11.8,138.2,2025-08-28 0:00:00,1,2025-08-14 9:06:14,2025-09-19 0:00:00,134.13,0.0706,0.0879,0.0611,0.0787,130,2.1,150,10.3,8.2,1.86,6,2,,,,,,,,,,,,,,,,,,,,,,,,Ollie's Bargain Outlet Holdings Inc,132.22,-1.43,134.84,130,141.74,86.29,1689683,1006914,8108683000,40.64,0.4,30.72005809,1.67808075,-0.9961054524,-1.151574067,-1.585411239,27,96.7808075,132.22,132.22,TRUE,2025-08-23,2025-08-23 15:10:46,0
2025-08-22 19:34:00,Bull Spreads,Victoria's Secret & Co.,VSCO,1.8,22.2,2025-08-28 0:00:00,1,2025-08-07 7:15:17,2025-09-19 0:00:00,21.34,0.1085,0.0843,0.0562,0.123,21,0.95,24,2.15,1.2,0.63,9,-3,,,,,,,,,,,,,,,,,,,,,,,,Victoria's Secret & Co,22.15,3.75,22.62,21.58,48.73,13.76,3414068,2603682,1768732401,12.24,2.26,58.2386426,1.311246151,-0.8504923903,3.119180633,2.641334569,27,93.11246151,22.15,22.15,TRUE,2025-08-23,2025-08-23 15:10:46,0
2025-08-22 19:34:00,Bull Spreads,"PagerDuty, Inc.",PD,1.3,16.2,2025-09-03 0:00:00,3,2025-08-14 16:08:13,2025-09-19 0:00:00,15.79,0.073,0.0823,0.0759,0.1694,15,0.5,17.5,1.7,1.2,1.48,5,1,,,,,,,,,,,,,,,,,,,,,,,,Pagerduty Inc,16.72,5.86,16.76,15.85,21.98,13.7,2762199,1918582,1541148715,,0.89,44.422254,1.439708597,6.024096386,6.361323155,4.827586207,27,94.39708597,16.72,16.72,TRUE,2025-08-23,2025-08-23 15:10:46,0
2025-08-22 19:34:00,Bull Spreads,"Box, Inc.",BOX,2.55,32.45,2025-08-26 0:00:00,3,2025-08-04 8:06:02,2025-09-19 0:00:00,31.18,0.0937,0.0817,0.0465,0.0601,31,0.3,35,1.75,1.45,4.19,9,3,,,,,,,,,,,,,,,,,,,,,,,,Box Inc,31.8,1.99,31.89,31.24,38.8,28,1577896,1697849,4605018309,24.67,0.96,18.33221061,0.9293500188,0.6647673314,-3.607153683,1.597444089,27,90,31.8,31.8,TRUE,2025-08-23,2025-08-23 15:10:46,0
2025-08-22 19:34:00,Bull Spreads,Abercrombie & Fitch Co.,ANF,7.55,97.45,2025-08-27 0:00:00,1,2025-08-01 8:03:35,2025-08-29 0:00:00,92.89,0.1231,0.0812,0.0586,0.1491,92,2.55,105,8,5.45,5.88,11,7,,,,,,,,,,,,,,,,,,,,,,,,Abercrombie & Fitch Co,98.46,6.03,98.73,91.86,171.47,65.4,2743869,1504415,4690959274,9.7,1.54,50.90292524,1.82387772,4.945640588,6.627680312,5.814078452,6,80.2387772,98.46,98.46,TRUE,2025-08-23,2025-08-23 15:10:46,0
2025-08-22 19:34:00,Bull Spreads,"BILL Holdings, Inc.",BILL,3.35,44.15,2025-08-27 0:00:00,3,2025-07-29 16:21:27,2025-08-29 0:00:00,41.25,0.1495,0.0812,0.0763,0.1709,41,0.45,47.5,3.6,3.15,1.4,7,-1,,,,,,,,,,,,,,,,,,,,,,,,BILL Holdings Inc,42.29,2.5,42.57,40.88,100.19,36.55,2721547,3217757,4357016153,116.75,1.35,37.88995943,0.8457900954,4.574678536,-7.905052265,2.421893921,6,72,42.29,42.29,TRUE,2025-08-23,2025-08-23 15:10:46,0
2025-08-22 19:34:00,Bull Spreads,Semtech Corp.,SMTC,4,51,2025-08-25 0:00:00,3,2025-08-11 16:31:31,2025-09-19 0:00:00,49.39,0.1059,0.0809,0.0607,0.1174,48,2.3,55,5.3,3,3.35,8,4,,,,,,,,,,,,,,,,,,,,,,,,Semtech Corp,51.09,3.44,52.45,49.04,79.52,24.06,2428230,1636946,4426212000,,1.94,48.59785457,1.483390411,2.528597231,-3.730921425,3.421052632,27,94.83390411,51.09,51.09,TRUE,2025-08-23,2025-08-23 15:10:46,0
2025-08-22 19:34:00,Bull Spreads,Iris Energy Limited ,IREN,1.58,20.42,2025-08-28 0:00:00,3,2025-08-14 9:06:55,2025-08-29 0:00:00,19.59,0.1143,0.0806,0.0469,0.1827,19.5,0.91,22,1.83,0.92,2.13,6,2,,,,,,,,,,,,,,,,,,,,,,,,IREN Ltd,21.43,9.39,21.72,18.87,21.72,5.13,28734853,18186512,4810152152,,3.98,74.971169,1.58000902,8.836973083,20.93679458,10.23662551,6,77.8000902,21.43,21.43,TRUE,2025-08-23,2025-08-23 15:10:46,0
2025-08-22 19:34:00,Bull Spreads,Broadcom Inc.,AVGO,23.15,299.35,2025-09-04 0:00:00,3,2025-08-04 8:05:55,2025-09-05 0:00:00,289.6,0.1128,0.0799,0.0409,0.0527,287.5,3.1,322.5,14.95,11.85,4.03,12,4,,,,,,,,,,,,,,,,,,,,,,,,Broadcom Inc,294,1.52,300.09,289.01,317.35,134.91,16301330,12396384,1382820180000,110.5,0.95,29.22615877,1.31500686,-4.028203956,1.316424288,0.7712082262,13,89.1500686,294,294,TRUE,2025-08-23,2025-08-23 15:10:46,0
2025-08-22 19:34:00,Bull Spreads,Pinduoduo Inc.,PDD,9.75,126.25,2025-08-25 0:00:00,1,2025-08-18 7:31:59,2025-08-29 0:00:00,122.96,0.1023,0.0792,0.0345,0.0795,122,1.2,136,5.45,4.25,1.79,8,-4,,,,,,,,,,,,,,,,,,,,,,,,PDD Holdings Inc - ADR,127.11,3.38,129,125.82,155.67,87.12,20172298,4445824,180451203926,13.63,0.42,30.75515687,4.537358654,6.860025221,7.311101731,-0.2902416065,6,82,127.11,127.11,TRUE,2025-08-23,2025-08-23 15:10:46,0
2025-08-22 19:34:00,Bull Spreads,"Rubrik, Inc.",RBRK,6.7,90.8,2025-09-09 0:00:00,3,2025-08-13 8:28:48,2025-09-19 0:00:00,85.24,0.1186,0.0786,0.068,,85,3.2,97.5,9,5.8,2.42,3,3,,,,,,,,,,,,,,,,,,,,,,,,Rubrik Inc,88.77,4.1,88.8,84.91,103,29.18,2208049,2000964,17176399591,,,50.6515398,1.103492617,3.425375743,4.435294118,4.14124824,27,91.03492617,88.77,88.77,TRUE,2025-08-23,2025-08-23 15:10:46,0
2025-08-22 19:34:00,Bull Spreads,"SentinelOne, Inc. ",S,1.25,17.25,2025-08-28 0:00:00,3,2025-08-07 16:38:46,2025-08-29 0:00:00,16.64,0.1027,0.0751,0.045,0.1307,16.5,0.3,18.5,1.05,0.75,1.6,6,0,,,,,,,,,,,,,,,,,,,,,,,,SentinelOne Inc,16.96,1.98,17.09,16.53,29.29,15.36,5080054,6963530,5638953000,,0.77,50.11393584,0.7295228139,0.9523809524,-13.29243354,1.800720288,6,72,16.96,16.96,TRUE,2025-08-23,2025-08-23 15:10:46,0
2025-08-22 19:34:00,Bull Spreads,"Bath & Body Works, Inc.",BBWI,2.2,30.3,2025-08-28 0:00:00,1,2025-08-14 8:49:22,2025-08-29 0:00:00,29.42,0.1012,0.0747,0.0441,0.1096,29,0.35,32.5,1.65,1.3,1.22,4,0,,,,,,,,,,,,,,,,,,,,,,,,Bath & Body Works Inc,31.09,6.4,31.13,29.43,41.87,24.94,4793856,4387020,6579007785,8.27,1.54,40.7373468,1.092736299,8.40306834,-1.489226869,5.425567989,6,72.92736299,31.09,31.09,TRUE,2025-08-23,2025-08-23 15:10:46,0
2025-08-22 19:34:00,Bull Spreads,lululemon athletica inc.,LULU,13.33,209.17,2025-09-04 0:00:00,3,2025-08-21 6:31:31,2025-09-05 0:00:00,198.18,0.1178,0.0672,0.0588,0.0763,197.5,2.43,222.5,14.1,11.67,0.98,7,-3,,,,,,,,,,,,,,,,,,,,,,,,Lululemon Athletica Inc,207.59,4.75,208.13,198.5,423.32,185.95,3808746,2581798,24878685388,14.06,1.16,38.38003464,1.475230053,4.600423259,-5.395798204,4.579345088,13,90.75230053,207.59,207.59,TRUE,2025-08-23,2025-08-23 15:10:46,0
2025-08-22 19:34:00,Bull Spreads,Veeva Systems Inc.,VEEV,18.4,291.6,2025-08-27 0:00:00,3,2025-08-06 20:09:17,2025-09-19 0:00:00,282.28,0.0919,0.0651,0.041,0.0732,280,4,310,15.6,11.6,8.39,13,11,,,,,,,,,,,,,,,,,,,,,,,,Veeva Systems Inc,290.86,3.08,291.26,280.97,296.72,196.1,961496,780799,47530070098,61.7,0.95,21.9311331,1.231425757,3.652756495,0.1549533418,2.952003398,27,92.31425757,290.86,290.86,TRUE,2025-08-23,2025-08-23 15:10:46,0
2025-08-22 19:34:00,Bull Spreads,Ciena Corporation,CIEN,5.6,89.4,2025-09-04 0:00:00,1,2025-08-06 13:22:09,2025-09-19 0:00:00,87.36,0.0782,0.0641,0.0503,0.0859,85,2.7,95,7.1,4.4,0.57,9,-1,,,,,,,,,,,,,,,,,,,,,,,,Ciena Corp,89.81,2.83,90.45,87.25,101.44,49.21,1971325,1409338,12696187886,125.09,1.11,36.39376906,1.398759559,-1.166501596,1.365688488,2.593100297,27,93.98759559,89.81,89.81,TRUE,2025-08-23,2025-08-23 15:10:46,0
2025-08-22 19:34:00,Bull Spreads,"Best Buy Co., Inc.",BBY,4.4,74.6,2025-08-28 0:00:00,1,2025-08-01 17:16:35,2025-08-29 0:00:00,72.39,0.0908,0.0607,0.0359,0.0939,72,1.05,79,3.65,2.6,1.27,4,0,,,,,,,,,,,,,,,,,,,,,,,,Best Buy Co Inc,75.39,4.1,75.9,73.18,103.71,54.99,4186390,2862507,15933427584,18.42,1.21,31.41894292,1.462490747,5.249197264,11.78825623,2.75316887,6,76.62490747,75.39,75.39,TRUE,2025-08-23,2025-08-23 15:10:46,0
2025-08-22 19:34:00,Bull Spreads,HP Inc.,HPQ,1.61,27.39,2025-08-27 0:00:00,3,2025-08-14 16:16:16,2025-08-29 0:00:00,26.58,0.078,0.0605,0.0334,0.0766,26.5,0.18,29,1.07,0.89,0.77,6,-2,,,,,,,,,,,,,,,,,,,,,,,,HP Inc,27.74,4.36,27.75,26.67,39.8,21.21,6574155,7540216,26055424483,10.7,1.3,28.3143359,0.8718788693,3.739715782,8.021806854,3.662182362,6,72,27.74,27.74,TRUE,2025-08-23,2025-08-23 15:10:46,0
2025-08-22 19:34:00,Bull Spreads,"Dollar Tree, Inc.",DLTR,6.75,116.25,2025-09-03 0:00:00,1,2025-08-13 16:10:06,2025-09-05 0:00:00,112.59,0.091,0.0599,0.0377,0.0524,112,1.6,123,5.85,4.25,3.39,6,4,,,,,,,,,,,,,,,,,,,,,,,,Dollar Tree Inc,113.32,0.65,113.87,111.97,118.06,60.49,2223752,2484088,23649396660,,0.88,16.63154093,0.8951985598,-0.1497929333,-0.9527139236,0.389794472,13,86,113.32,113.32,TRUE,2025-08-23,2025-08-23 15:10:46,0
2025-08-22 19:34:00,Bull Spreads,Hormel Foods Corp.,HRL,1.7,29.3,2025-08-28 0:00:00,1,2025-08-05 7:28:08,2025-08-29 0:00:00,28.91,0.056,0.0588,0.0449,0.0562,28,0.05,31,1.35,1.3,3.02,7,1,,,,,,,,,,,,,,,,,,,,,,,,Hormel Foods Corp,29.25,1.18,29.35,28.99,33.8,27.59,2258824,2436004,16084414125,21.51,0.31,19.58099181,0.9272661293,2.703651685,0.0341997264,0.7578367206,6,72,29.25,29.25,TRUE,2025-08-23,2025-08-23 15:10:46,0
2025-08-22 19:34:00,Bull Spreads,"Five Below, Inc.",FIVE,8.1,146.9,2025-08-27 0:00:00,3,2025-08-13 16:34:56,2025-09-19 0:00:00,141.78,0.0727,0.0571,0.0486,0.0797,140,3.9,155,10.8,6.9,6.02,11,9,,,,,,,,,,,,,,,,,,,,,,,,Five Below Inc,141.81,0.02,144.68,139.75,144.68,52.38,1182020,987618,7807774845,29.71,1.06,33.1878927,1.196839264,5.021106421,2.264368645,0.08469193309,27,91.96839264,141.81,141.81,TRUE,2025-08-23,2025-08-23 15:10:46,0
2025-08-22 19:34:00,Bull Spreads,FedEx Corp.,FDX,12.85,232.15,2025-09-18 0:00:00,3,2025-08-14 12:36:42,2025-09-19 0:00:00,225.28,0.0798,0.057,0.0317,,225,3.8,245,10.95,7.15,1.25,4,0,,,,,,,,,,,,,,,,,,,,,,,,FedEx Corp,236.8,5.07,238.09,226.78,308.53,194.3,1750364,1522397,55872510800,14.08,1.3,33.34279852,1.14974215,4.197835079,-2.631578947,4.418379046,27,91.4974215,236.8,236.8,TRUE,2025-08-23,2025-08-23 15:10:46,0
2025-08-22 19:34:00,Bull Spreads,NetApp,NTAP,6.15,110.85,2025-08-27 0:00:00,3,2025-07-31 16:05:51,2025-08-29 0:00:00,107.775,0.0837,0.057,0.0357,0.0812,107,1.25,117,5.1,3.85,3.92,8,4,,,,,,,,,,,,,,,,,,,,,,,,NetApp Inc,110.52,2.55,110.86,107.56,135.45,71.84,1331260,1334343,22113901920,19.48,1.44,22.85953259,0.9976894996,1.590219689,5.317324185,1.889923481,6,72,110.52,110.52,TRUE,2025-08-23,2025-08-23 15:10:46,0
2025-08-22 19:34:00,Bull Spreads,Frontline Ltd.,FRO,1.15,20.85,2025-08-29 0:00:00,1,2025-08-14 12:34:34,2025-09-19 0:00:00,20.3,0.043,0.0566,0.0418,0.0628,20,0.3,22,1.15,0.85,2.24,5,3,,,,,,,,,,,,,,,,,,,,,,,,Frontline Plc,20.57,1.31,20.88,20.39,25.68,12.4,2489835,2225252,4579352985,13.16,0.18,41.72558586,1.118900241,9.473124002,11.06911447,0.3414634146,27,91.18900241,20.57,20.57,TRUE,2025-08-23,2025-08-23 15:10:46,0
2025-08-22 19:34:00,Bull Spreads,NIO Inc.,NIO,0.31,5.69,2025-09-02 0:00:00,1,2025-08-20 6:14:49,2025-09-05 0:00:00,5.54,0.0487,0.0559,0.0342,0.1426,5.5,0.23,6,0.42,0.19,1.19,4,2,,,,,,,,,,,,,,,,,,,,,,,,Nio Inc - ADR,6.34,14.65,6.58,5.24,7.71,3.02,234464695,36250506,13232651778,,1.42,83.30818341,6.467901303,31.80873181,28.86178862,8.00681431,13,76,6.34,6.34,FALSE,,2025-08-23 15:10:46,0
2025-08-22 19:34:00,Bull Spreads,Salesforce,CRM,12.55,252.45,2025-09-03 0:00:00,3,2025-08-07 16:33:58,2025-09-05 0:00:00,245.83,0.0697,0.051,0.0303,0.052,245,4.45,265,11.9,7.45,6.66,8,6,,,,,,,,,,,,,,,,,,,,,,,,Salesforce Inc,248.29,0.98,249.53,244.11,369,226.48,6694286,10737994,237365233581,38.8,1.37,25.24509893,0.6234205383,2.412968157,-7.736613281,1.021238506,13,86,248.29,248.29,TRUE,2025-08-23,2025-08-23 15:10:46,0
2025-08-22 19:34:00,Bull Spreads,"Darden Restaurants, Inc.",DRI,10.55,209.45,2025-09-18 0:00:00,1,2025-08-21 16:34:29,2025-09-19 0:00:00,206.54,0.0636,0.051,0.0457,,200,2.05,220,11.5,9.45,0.55,2,0,,,,,,,,,,,,,,,,,,,,,,,,Darden Restaurants Inc,208.58,0.83,210,207.48,228.27,153.75,863743,793072,24319343597,23.5,0.75,16.64128452,1.089110446,0.5931999035,2.005086072,0.1103911687,27,90.89110446,208.58,208.58,TRUE,2025-08-23,2025-08-23 15:10:46,0
2025-08-22 19:34:00,Bull Spreads,Hewlett Packard Enterprise,HPE,1.11,22.39,2025-09-03 0:00:00,3,2025-08-13 8:29:28,2025-09-05 0:00:00,21.82,0.0705,0.0508,0.0407,0.0637,21.5,0.37,23.5,1.26,0.89,4.17,8,6,,,,,,,,,,,,,,,,,,,,,,,,Hewlett Packard Enterprise Co,22.45,2.84,22.69,21.84,24.66,11.97,18245308,15792920,29459227751,22.27,1.37,28.93447965,1.155284013,6.096408318,8.297153883,2.652034751,13,87.55284013,22.45,22.45,TRUE,2025-08-23,2025-08-23 15:10:46,0
2025-08-22 19:34:00,Bull Spreads,"CrowdStrike, Inc.",CRWD,19.95,425.05,2025-08-27 0:00:00,3,2025-08-05 16:10:56,2025-08-29 0:00:00,414.06,0.0704,0.0481,0.0303,0.0936,412.5,7.9,445,20.45,12.55,-0.08,7,-3,,,,,,,,,,,,,,,,,,,,,,,,Crowdstrike Holdings Inc,420.55,1.57,423.99,412.55,517.98,242.25,2202292,2525352,104821285412,,1.13,27.84560642,0.8720732793,-1.717691049,-10.12352539,1.337349398,6,72,420.55,420.55,TRUE,2025-08-23,2025-08-23 15:10:46,0
2025-08-22 19:34:00,Bull Spreads,"Agilent Technologies, Inc.",A,5.55,119.45,2025-08-27 0:00:00,3,2025-08-19 0:10:28,2025-09-19 0:00:00,117.15,0.0349,0.0473,0.0379,0.0713,115,1.65,125,6.1,4.45,4.46,8,8,,,,,,,,,,,,,,,,,,,,,,,,Agilent Technologies Inc,121.63,3.8,122.41,117.47,153.84,96.43,1290989,1082339,34550788680,29.94,1.22,33.91182096,1.19277694,2.038590604,1.206523548,2.840957132,27,91.9277694,121.63,121.63,TRUE,2025-08-23,2025-08-23 15:10:46,0
2025-08-22 19:34:00,Bull Spreads,J.M. Smucker Co.,SJM,5.3,114.7,2025-08-27 0:00:00,1,2025-08-06 9:29:45,2025-09-19 0:00:00,112.96,0.0548,0.0469,0.0416,0.0651,110,1.1,120,5.8,4.7,2.7,8,0,,,,,,,,,,,,,,,,,,,,,,,,J M Smucker Co,113.2,0.23,114.74,113.15,125.42,93.3,2387303,1234548,12076583194,,0.31,22.99082675,1.933746602,2.202961358,3.83415887,-0.1851688564,27,99.33746602,113.2,113.2,TRUE,2025-08-23,2025-08-23 15:10:46,0
2025-08-22 19:34:00,Bull Spreads,"American Eagle Outfitters, Inc.",AEO,0.55,12.45,2025-09-03 0:00:00,3,2025-08-21 8:51:28,2025-09-05 0:00:00,12.26,0.0568,0.0448,0.0367,0.0958,12,0.55,13,1,0.45,2.19,8,0,,,,,,,,,,,,,,,,,,,,,,,,American Eagle Outfitters Inc,12.85,4.81,12.93,12.21,22.83,9.27,7217297,11707254,2226496436,13.06,1.51,86.46776232,0.6164807734,-1.077752117,9.454855196,5.069501226,13,86,12.85,12.85,TRUE,2025-08-23,2025-08-23 15:10:46,0
2025-08-22 19:34:00,Bull Spreads,ULTA Beauty,ULTA,22.6,539.9,2025-08-28 0:00:00,3,2025-08-15 9:16:19,2025-08-29 0:00:00,520.18,0.0769,0.0434,0.0382,0.083,520,1,562.5,20.9,19.9,7.53,13,11,,,,,,,,,,,,,,,,,,,,,,,,Ulta Beauty Inc,529.5,1.79,534.09,526,534.1,309.01,624343,446845,23798700000,20.68,1.12,21.51503123,1.397224989,1.631477927,2.82551704,0.3163897467,6,75.97224989,529.5,529.5,TRUE,2025-08-23,2025-08-23 15:10:46,0
2025-08-22 19:34:00,Bull Spreads,Canadian Imperial Bank of Commerce,CM,3,74.5,2025-08-28 0:00:00,1,2025-07-28 0:00:00,2025-09-19 0:00:00,73.07,0.0347,0.041,0.0273,0.0363,72.5,0.2,77.5,2.2,2,2.99,8,6,,,,,,,,,,,,,,,,,,,,,,,,Canadian Imperial Bank of Commerce,73.18,0.17,73.81,72.79,74.63,53.62,1508258,800875,68142332992,12.73,1.01,10.94045554,1.883262681,-0.8535428804,-1.068000541,-0.1364628821,27,98.83262681,73.18,73.18,TRUE,2025-08-23,2025-08-23 15:10:46,0
2025-08-22 19:34:00,Bull Spreads,Alibaba Group Holding Ltd.,BABA,3.04,120.96,2025-08-29 0:00:00,1,2025-08-18 6:33:20,2025-09-05 0:00:00,118.09,0.0497,0.0257,0.025,0.0669,118,2.44,124,5.4,2.96,2.31,9,-3,,,,,,,,,,,,,,,,,,,,,,,,Alibaba Group Holding Ltd - ADR,122.94,4.12,123.4,120.28,148.43,79.21,13855325,12071979,293117733780,16.43,0.41,37.97561017,1.147726069,1.385452746,2.424393902,2.041832669,13,87.47726069,122.94,122.94,TRUE,2025-08-23,2025-08-23 15:10:46,0
,,,,,,,,,,,,,,,,,,,,,,,,,,,,,,,,,,,,,,,,,,,,,,,,,,,,,,,,,,,,,,,,,,,,,,
,,,,,,,,,,,,,,,,,,,,,,,,,,,,,,,,,,,,,,,,,,,,,,,,,,,,,,,,,,,,,,,,,,,,,,
,,,,,,,,,,,,,,,,,,,,,,,,,,,,,,,,,,,,,,,,,,,,,,,,,,,,,,,,,,,,,,,,,,,,,,
,,,,,,,,,,,,,,,,,,,,,,,,,,,,,,,,,,,,,,,,,,,,,,,,,,,,,,,,,,,,,,,,,,,,,,
,,,,,,,,,,,,,,,,,,,,,,,,,,,,,,,,,,,,,,,,,,,,,,,,,,,,,,,,,,,,,,,,,,,,,,
,,,,,,,,,,,,,,,,,,,,,,,,,,,,,,,,,,,,,,,,,,,,,,,,,,,,,,,,,,,,,,,,,,,,,,
,,,,,,,,,,,,,,,,,,,,,,,,,,,,,,,,,,,,,,,,,,,,,,,,,,,,,,,,,,,,,,,,,,,,,,
,,,,,,,,,,,,,,,,,,,,,,,,,,,,,,,,,,,,,,,,,,,,,,,,,,,,,,,,,,,,,,,,,,,,,,
,,,,,,,,,,,,,,,,,,,,,,,,,,,,,,,,,,,,,,,,,,,,,,,,,,,,,,,,,,,,,,,,,,,,,,
,,,,,,,,,,,,,,,,,,,,,,,,,,,,,,,,,,,,,,,,,,,,,,,,,,,,,,,,,,,,,,,,,,,,,,
,,,,,,,,,,,,,,,,,,,,,,,,,,,,,,,,,,,,,,,,,,,,,,,,,,,,,,,,,,,,,,,,,,,,,,
,,,,,,,,,,,,,,,,,,,,,,,,,,,,,,,,,,,,,,,,,,,,,,,,,,,,,,,,,,,,,,,,,,,,,,
,,,,,,,,,,,,,,,,,,,,,,,,,,,,,,,,,,,,,,,,,,,,,,,,,,,,,,,,,,,,,,,,,,,,,,
,,,,,,,,,,,,,,,,,,,,,,,,,,,,,,,,,,,,,,,,,,,,,,,,,,,,,,,,,,,,,,,,,,,,,,
,,,,,,,,,,,,,,,,,,,,,,,,,,,,,,,,,,,,,,,,,,,,,,,,,,,,,,,,,,,,,,,,,,,,,,
,,,,,,,,,,,,,,,,,,,,,,,,,,,,,,,,,,,,,,,,,,,,,,,,,,,,,,,,,,,,,,,,,,,,,,
,,,,,,,,,,,,,,,,,,,,,,,,,,,,,,,,,,,,,,,,,,,,,,,,,,,,,,,,,,,,,,,,,,,,,,
,,,,,,,,,,,,,,,,,,,,,,,,,,,,,,,,,,,,,,,,,,,,,,,,,,,,,,,,,,,,,,,,,,,,,,
,,,,,,,,,,,,,,,,,,,,,,,,,,,,,,,,,,,,,,,,,,,,,,,,,,,,,,,,,,,,,,,,,,,,,,
,,,,,,,,,,,,,,,,,,,,,,,,,,,,,,,,,,,,,,,,,,,,,,,,,,,,,,,,,,,,,,,,,,,,,,
,,,,,,,,,,,,,,,,,,,,,,,,,,,,,,,,,,,,,,,,,,,,,,,,,,,,,,,,,,,,,,,,,,,,,,
,,,,,,,,,,,,,,,,,,,,,,,,,,,,,,,,,,,,,,,,,,,,,,,,,,,,,,,,,,,,,,,,,,,,,,
,,,,,,,,,,,,,,,,,,,,,,,,,,,,,,,,,,,,,,,,,,,,,,,,,,,,,,,,,,,,,,,,,,,,,,
,,,,,,,,,,,,,,,,,,,,,,,,,,,,,,,,,,,,,,,,,,,,,,,,,,,,,,,,,,,,,,,,,,,,,,
,,,,,,,,,,,,,,,,,,,,,,,,,,,,,,,,,,,,,,,,,,,,,,,,,,,,,,,,,,,,,,,,,,,,,,
,,,,,,,,,,,,,,,,,,,,,,,,,,,,,,,,,,,,,,,,,,,,,,,,,,,,,,,,,,,,,,,,,,,,,,
,,,,,,,,,,,,,,,,,,,,,,,,,,,,,,,,,,,,,,,,,,,,,,,,,,,,,,,,,,,,,,,,,,,,,,
,,,,,,,,,,,,,,,,,,,,,,,,,,,,,,,,,,,,,,,,,,,,,,,,,,,,,,,,,,,,,,,,,,,,,,
,,,,,,,,,,,,,,,,,,,,,,,,,,,,,,,,,,,,,,,,,,,,,,,,,,,,,,,,,,,,,,,,,,,,,,
,,,,,,,,,,,,,,,,,,,,,,,,,,,,,,,,,,,,,,,,,,,,,,,,,,,,,,,,,,,,,,,,,,,,,,
,,,,,,,,,,,,,,,,,,,,,,,,,,,,,,,,,,,,,,,,,,,,,,,,,,,,,,,,,,,,,,,,,,,,,,
,,,,,,,,,,,,,,,,,,,,,,,,,,,,,,,,,,,,,,,,,,,,,,,,,,,,,,,,,,,,,,,,,,,,,,
,,,,,,,,,,,,,,,,,,,,,,,,,,,,,,,,,,,,,,,,,,,,,,,,,,,,,,,,,,,,,,,,,,,,,,
,,,,,,,,,,,,,,,,,,,,,,,,,,,,,,,,,,,,,,,,,,,,,,,,,,,,,,,,,,,,,,,,,,,,,,
,,,,,,,,,,,,,,,,,,,,,,,,,,,,,,,,,,,,,,,,,,,,,,,,,,,,,,,,,,,,,,,,,,,,,,
,,,,,,,,,,,,,,,,,,,,,,,,,,,,,,,,,,,,,,,,,,,,,,,,,,,,,,,,,,,,,,,,,,,,,,
,,,,,,,,,,,,,,,,,,,,,,,,,,,,,,,,,,,,,,,,,,,,,,,,,,,,,,,,,,,,,,,,,,,,,,
,,,,,,,,,,,,,,,,,,,,,,,,,,,,,,,,,,,,,,,,,,,,,,,,,,,,,,,,,,,,,,,,,,,,,,
,,,,,,,,,,,,,,,,,,,,,,,,,,,,,,,,,,,,,,,,,,,,,,,,,,,,,,,,,,,,,,,,,,,,,,
,,,,,,,,,,,,,,,,,,,,,,,,,,,,,,,,,,,,,,,,,,,,,,,,,,,,,,,,,,,,,,,,,,,,,,
,,,,,,,,,,,,,,,,,,,,,,,,,,,,,,,,,,,,,,,,,,,,,,,,,,,,,,,,,,,,,,,,,,,,,,
,,,,,,,,,,,,,,,,,,,,,,,,,,,,,,,,,,,,,,,,,,,,,,,,,,,,,,,,,,,,,,,,,,,,,,
,,,,,,,,,,,,,,,,,,,,,,,,,,,,,,,,,,,,,,,,,,,,,,,,,,,,,,,,,,,,,,,,,,,,,,
,,,,,,,,,,,,,,,,,,,,,,,,,,,,,,,,,,,,,,,,,,,,,,,,,,,,,,,,,,,,,,,,,,,,,,
,,,,,,,,,,,,,,,,,,,,,,,,,,,,,,,,,,,,,,,,,,,,,,,,,,,,,,,,,,,,,,,,,,,,,,
,,,,,,,,,,,,,,,,,,,,,,,,,,,,,,,,,,,,,,,,,,,,,,,,,,,,,,,,,,,,,,,,,,,,,,
,,,,,,,,,,,,,,,,,,,,,,,,,,,,,,,,,,,,,,,,,,,,,,,,,,,,,,,,,,,,,,,,,,,,,,
,,,,,,,,,,,,,,,,,,,,,,,,,,,,,,,,,,,,,,,,,,,,,,,,,,,,,,,,,,,,,,,,,,,,,,
,,,,,,,,,,,,,,,,,,,,,,,,,,,,,,,,,,,,,,,,,,,,,,,,,,,,,,,,,,,,,,,,,,,,,,
,,,,,,,,,,,,,,,,,,,,,,,,,,,,,,,,,,,,,,,,,,,,,,,,,,,,,,,,,,,,,,,,,,,,,,
,,,,,,,,,,,,,,,,,,,,,,,,,,,,,,,,,,,,,,,,,,,,,,,,,,,,,,,,,,,,,,,,,,,,,,
,,,,,,,,,,,,,,,,,,,,,,,,,,,,,,,,,,,,,,,,,,,,,,,,,,,,,,,,,,,,,,,,,,,,,,
,,,,,,,,,,,,,,,,,,,,,,,,,,,,,,,,,,,,,,,,,,,,,,,,,,,,,,,,,,,,,,,,,,,,,,
,,,,,,,,,,,,,,,,,,,,,,,,,,,,,,,,,,,,,,,,,,,,,,,,,,,,,,,,,,,,,,,,,,,,,,
,,,,,,,,,,,,,,,,,,,,,,,,,,,,,,,,,,,,,,,,,,,,,,,,,,,,,,,,,,,,,,,,,,,,,,
,,,,,,,,,,,,,,,,,,,,,,,,,,,,,,,,,,,,,,,,,,,,,,,,,,,,,,,,,,,,,,,,,,,,,,
,,,,,,,,,,,,,,,,,,,,,,,,,,,,,,,,,,,,,,,,,,,,,,,,,,,,,,,,,,,,,,,,,,,,,,
,,,,,,,,,,,,,,,,,,,,,,,,,,,,,,,,,,,,,,,,,,,,,,,,,,,,,,,,,,,,,,,,,,,,,,
,,,,,,,,,,,,,,,,,,,,,,,,,,,,,,,,,,,,,,,,,,,,,,,,,,,,,,,,,,,,,,,,,,,,,,
,,,,,,,,,,,,,,,,,,,,,,,,,,,,,,,,,,,,,,,,,,,,,,,,,,,,,,,,,,,,,,,,,,,,,,
,,,,,,,,,,,,,,,,,,,,,,,,,,,,,,,,,,,,,,,,,,,,,,,,,,,,,,,,,,,,,,,,,,,,,,
,,,,,,,,,,,,,,,,,,,,,,,,,,,,,,,,,,,,,,,,,,,,,,,,,,,,,,,,,,,,,,,,,,,,,,
,,,,,,,,,,,,,,,,,,,,,,,,,,,,,,,,,,,,,,,,,,,,,,,,,,,,,,,,,,,,,,,,,,,,,,
,,,,,,,,,,,,,,,,,,,,,,,,,,,,,,,,,,,,,,,,,,,,,,,,,,,,,,,,,,,,,,,,,,,,,,
,,,,,,,,,,,,,,,,,,,,,,,,,,,,,,,,,,,,,,,,,,,,,,,,,,,,,,,,,,,,,,,,,,,,,,
,,,,,,,,,,,,,,,,,,,,,,,,,,,,,,,,,,,,,,,,,,,,,,,,,,,,,,,,,,,,,,,,,,,,,,
,,,,,,,,,,,,,,,,,,,,,,,,,,,,,,,,,,,,,,,,,,,,,,,,,,,,,,,,,,,,,,,,,,,,,,
,,,,,,,,,,,,,,,,,,,,,,,,,,,,,,,,,,,,,,,,,,,,,,,,,,,,,,,,,,,,,,,,,,,,,,
,,,,,,,,,,,,,,,,,,,,,,,,,,,,,,,,,,,,,,,,,,,,,,,,,,,,,,,,,,,,,,,,,,,,,,
,,,,,,,,,,,,,,,,,,,,,,,,,,,,,,,,,,,,,,,,,,,,,,,,,,,,,,,,,,,,,,,,,,,,,,
,,,,,,,,,,,,,,,,,,,,,,,,,,,,,,,,,,,,,,,,,,,,,,,,,,,,,,,,,,,,,,,,,,,,,,
,,,,,,,,,,,,,,,,,,,,,,,,,,,,,,,,,,,,,,,,,,,,,,,,,,,,,,,,,,,,,,,,,,,,,,
,,,,,,,,,,,,,,,,,,,,,,,,,,,,,,,,,,,,,,,,,,,,,,,,,,,,,,,,,,,,,,,,,,,,,,
,,,,,,,,,,,,,,,,,,,,,,,,,,,,,,,,,,,,,,,,,,,,,,,,,,,,,,,,,,,,,,,,,,,,,,
,,,,,,,,,,,,,,,,,,,,,,,,,,,,,,,,,,,,,,,,,,,,,,,,,,,,,,,,,,,,,,,,,,,,,,
,,,,,,,,,,,,,,,,,,,,,,,,,,,,,,,,,,,,,,,,,,,,,,,,,,,,,,,,,,,,,,,,,,,,,,
,,,,,,,,,,,,,,,,,,,,,,,,,,,,,,,,,,,,,,,,,,,,,,,,,,,,,,,,,,,,,,,,,,,,,,
,,,,,,,,,,,,,,,,,,,,,,,,,,,,,,,,,,,,,,,,,,,,,,,,,,,,,,,,,,,,,,,,,,,,,,
,,,,,,,,,,,,,,,,,,,,,,,,,,,,,,,,,,,,,,,,,,,,,,,,,,,,,,,,,,,,,,,,,,,,,,
,,,,,,,,,,,,,,,,,,,,,,,,,,,,,,,,,,,,,,,,,,,,,,,,,,,,,,,,,,,,,,,,,,,,,,
,,,,,,,,,,,,,,,,,,,,,,,,,,,,,,,,,,,,,,,,,,,,,,,,,,,,,,,,,,,,,,,,,,,,,,
,,,,,,,,,,,,,,,,,,,,,,,,,,,,,,,,,,,,,,,,,,,,,,,,,,,,,,,,,,,,,,,,,,,,,,
,,,,,,,,,,,,,,,,,,,,,,,,,,,,,,,,,,,,,,,,,,,,,,,,,,,,,,,,,,,,,,,,,,,,,,
,,,,,,,,,,,,,,,,,,,,,,,,,,,,,,,,,,,,,,,,,,,,,,,,,,,,,,,,,,,,,,,,,,,,,,
,,,,,,,,,,,,,,,,,,,,,,,,,,,,,,,,,,,,,,,,,,,,,,,,,,,,,,,,,,,,,,,,,,,,,,
,,,,,,,,,,,,,,,,,,,,,,,,,,,,,,,,,,,,,,,,,,,,,,,,,,,,,,,,,,,,,,,,,,,,,,
,,,,,,,,,,,,,,,,,,,,,,,,,,,,,,,,,,,,,,,,,,,,,,,,,,,,,,,,,,,,,,,,,,,,,,
,,,,,,,,,,,,,,,,,,,,,,,,,,,,,,,,,,,,,,,,,,,,,,,,,,,,,,,,,,,,,,,,,,,,,,
,,,,,,,,,,,,,,,,,,,,,,,,,,,,,,,,,,,,,,,,,,,,,,,,,,,,,,,,,,,,,,,,,,,,,,
,,,,,,,,,,,,,,,,,,,,,,,,,,,,,,,,,,,,,,,,,,,,,,,,,,,,,,,,,,,,,,,,,,,,,,
,,,,,,,,,,,,,,,,,,,,,,,,,,,,,,,,,,,,,,,,,,,,,,,,,,,,,,,,,,,,,,,,,,,,,,
,,,,,,,,,,,,,,,,,,,,,,,,,,,,,,,,,,,,,,,,,,,,,,,,,,,,,,,,,,,,,,,,,,,,,,
,,,,,,,,,,,,,,,,,,,,,,,,,,,,,,,,,,,,,,,,,,,,,,,,,,,,,,,,,,,,,,,,,,,,,,
,,,,,,,,,,,,,,,,,,,,,,,,,,,,,,,,,,,,,,,,,,,,,,,,,,,,,,,,,,,,,,,,,,,,,,
,,,,,,,,,,,,,,,,,,,,,,,,,,,,,,,,,,,,,,,,,,,,,,,,,,,,,,,,,,,,,,,,,,,,,,
,,,,,,,,,,,,,,,,,,,,,,,,,,,,,,,,,,,,,,,,,,,,,,,,,,,,,,,,,,,,,,,,,,,,,,
,,,,,,,,,,,,,,,,,,,,,,,,,,,,,,,,,,,,,,,,,,,,,,,,,,,,,,,,,,,,,,,,,,,,,,
,,,,,,,,,,,,,,,,,,,,,,,,,,,,,,,,,,,,,,,,,,,,,,,,,,,,,,,,,,,,,,,,,,,,,,
,,,,,,,,,,,,,,,,,,,,,,,,,,,,,,,,,,,,,,,,,,,,,,,,,,,,,,,,,,,,,,,,,,,,,,
,,,,,,,,,,,,,,,,,,,,,,,,,,,,,,,,,,,,,,,,,,,,,,,,,,,,,,,,,,,,,,,,,,,,,,
,,,,,,,,,,,,,,,,,,,,,,,,,,,,,,,,,,,,,,,,,,,,,,,,,,,,,,,,,,,,,,,,,,,,,,
,,,,,,,,,,,,,,,,,,,,,,,,,,,,,,,,,,,,,,,,,,,,,,,,,,,,,,,,,,,,,,,,,,,,,,
,,,,,,,,,,,,,,,,,,,,,,,,,,,,,,,,,,,,,,,,,,,,,,,,,,,,,,,,,,,,,,,,,,,,,,
,,,,,,,,,,,,,,,,,,,,,,,,,,,,,,,,,,,,,,,,,,,,,,,,,,,,,,,,,,,,,,,,,,,,,,
,,,,,,,,,,,,,,,,,,,,,,,,,,,,,,,,,,,,,,,,,,,,,,,,,,,,,,,,,,,,,,,,,,,,,,
,,,,,,,,,,,,,,,,,,,,,,,,,,,,,,,,,,,,,,,,,,,,,,,,,,,,,,,,,,,,,,,,,,,,,,
,,,,,,,,,,,,,,,,,,,,,,,,,,,,,,,,,,,,,,,,,,,,,,,,,,,,,,,,,,,,,,,,,,,,,,
,,,,,,,,,,,,,,,,,,,,,,,,,,,,,,,,,,,,,,,,,,,,,,,,,,,,,,,,,,,,,,,,,,,,,,
,,,,,,,,,,,,,,,,,,,,,,,,,,,,,,,,,,,,,,,,,,,,,,,,,,,,,,,,,,,,,,,,,,,,,,
,,,,,,,,,,,,,,,,,,,,,,,,,,,,,,,,,,,,,,,,,,,,,,,,,,,,,,,,,,,,,,,,,,,,,,
,,,,,,,,,,,,,,,,,,,,,,,,,,,,,,,,,,,,,,,,,,,,,,,,,,,,,,,,,,,,,,,,,,,,,,
,,,,,,,,,,,,,,,,,,,,,,,,,,,,,,,,,,,,,,,,,,,,,,,,,,,,,,,,,,,,,,,,,,,,,,
,,,,,,,,,,,,,,,,,,,,,,,,,,,,,,,,,,,,,,,,,,,,,,,,,,,,,,,,,,,,,,,,,,,,,,
,,,,,,,,,,,,,,,,,,,,,,,,,,,,,,,,,,,,,,,,,,,,,,,,,,,,,,,,,,,,,,,,,,,,,,
,,,,,,,,,,,,,,,,,,,,,,,,,,,,,,,,,,,,,,,,,,,,,,,,,,,,,,,,,,,,,,,,,,,,,,
,,,,,,,,,,,,,,,,,,,,,,,,,,,,,,,,,,,,,,,,,,,,,,,,,,,,,,,,,,,,,,,,,,,,,,
,,,,,,,,,,,,,,,,,,,,,,,,,,,,,,,,,,,,,,,,,,,,,,,,,,,,,,,,,,,,,,,,,,,,,,
,,,,,,,,,,,,,,,,,,,,,,,,,,,,,,,,,,,,,,,,,,,,,,,,,,,,,,,,,,,,,,,,,,,,,,
,,,,,,,,,,,,,,,,,,,,,,,,,,,,,,,,,,,,,,,,,,,,,,,,,,,,,,,,,,,,,,,,,,,,,,
,,,,,,,,,,,,,,,,,,,,,,,,,,,,,,,,,,,,,,,,,,,,,,,,,,,,,,,,,,,,,,,,,,,,,,
,,,,,,,,,,,,,,,,,,,,,,,,,,,,,,,,,,,,,,,,,,,,,,,,,,,,,,,,,,,,,,,,,,,,,,
,,,,,,,,,,,,,,,,,,,,,,,,,,,,,,,,,,,,,,,,,,,,,,,,,,,,,,,,,,,,,,,,,,,,,,
,,,,,,,,,,,,,,,,,,,,,,,,,,,,,,,,,,,,,,,,,,,,,,,,,,,,,,,,,,,,,,,,,,,,,,
,,,,,,,,,,,,,,,,,,,,,,,,,,,,,,,,,,,,,,,,,,,,,,,,,,,,,,,,,,,,,,,,,,,,,,
,,,,,,,,,,,,,,,,,,,,,,,,,,,,,,,,,,,,,,,,,,,,,,,,,,,,,,,,,,,,,,,,,,,,,,
,,,,,,,,,,,,,,,,,,,,,,,,,,,,,,,,,,,,,,,,,,,,,,,,,,,,,,,,,,,,,,,,,,,,,,
,,,,,,,,,,,,,,,,,,,,,,,,,,,,,,,,,,,,,,,,,,,,,,,,,,,,,,,,,,,,,,,,,,,,,,
,,,,,,,,,,,,,,,,,,,,,,,,,,,,,,,,,,,,,,,,,,,,,,,,,,,,,,,,,,,,,,,,,,,,,,
,,,,,,,,,,,,,,,,,,,,,,,,,,,,,,,,,,,,,,,,,,,,,,,,,,,,,,,,,,,,,,,,,,,,,,
,,,,,,,,,,,,,,,,,,,,,,,,,,,,,,,,,,,,,,,,,,,,,,,,,,,,,,,,,,,,,,,,,,,,,,
,,,,,,,,,,,,,,,,,,,,,,,,,,,,,,,,,,,,,,,,,,,,,,,,,,,,,,,,,,,,,,,,,,,,,,
,,,,,,,,,,,,,,,,,,,,,,,,,,,,,,,,,,,,,,,,,,,,,,,,,,,,,,,,,,,,,,,,,,,,,,
,,,,,,,,,,,,,,,,,,,,,,,,,,,,,,,,,,,,,,,,,,,,,,,,,,,,,,,,,,,,,,,,,,,,,,
,,,,,,,,,,,,,,,,,,,,,,,,,,,,,,,,,,,,,,,,,,,,,,,,,,,,,,,,,,,,,,,,,,,,,,
,,,,,,,,,,,,,,,,,,,,,,,,,,,,,,,,,,,,,,,,,,,,,,,,,,,,,,,,,,,,,,,,,,,,,,
,,,,,,,,,,,,,,,,,,,,,,,,,,,,,,,,,,,,,,,,,,,,,,,,,,,,,,,,,,,,,,,,,,,,,,
,,,,,,,,,,,,,,,,,,,,,,,,,,,,,,,,,,,,,,,,,,,,,,,,,,,,,,,,,,,,,,,,,,,,,,
,,,,,,,,,,,,,,,,,,,,,,,,,,,,,,,,,,,,,,,,,,,,,,,,,,,,,,,,,,,,,,,,,,,,,,
,,,,,,,,,,,,,,,,,,,,,,,,,,,,,,,,,,,,,,,,,,,,,,,,,,,,,,,,,,,,,,,,,,,,,,
,,,,,,,,,,,,,,,,,,,,,,,,,,,,,,,,,,,,,,,,,,,,,,,,,,,,,,,,,,,,,,,,,,,,,,
,,,,,,,,,,,,,,,,,,,,,,,,,,,,,,,,,,,,,,,,,,,,,,,,,,,,,,,,,,,,,,,,,,,,,,
,,,,,,,,,,,,,,,,,,,,,,,,,,,,,,,,,,,,,,,,,,,,,,,,,,,,,,,,,,,,,,,,,,,,,,
,,,,,,,,,,,,,,,,,,,,,,,,,,,,,,,,,,,,,,,,,,,,,,,,,,,,,,,,,,,,,,,,,,,,,,
,,,,,,,,,,,,,,,,,,,,,,,,,,,,,,,,,,,,,,,,,,,,,,,,,,,,,,,,,,,,,,,,,,,,,,
,,,,,,,,,,,,,,,,,,,,,,,,,,,,,,,,,,,,,,,,,,,,,,,,,,,,,,,,,,,,,,,,,,,,,,
,,,,,,,,,,,,,,,,,,,,,,,,,,,,,,,,,,,,,,,,,,,,,,,,,,,,,,,,,,,,,,,,,,,,,,
,,,,,,,,,,,,,,,,,,,,,,,,,,,,,,,,,,,,,,,,,,,,,,,,,,,,,,,,,,,,,,,,,,,,,,
,,,,,,,,,,,,,,,,,,,,,,,,,,,,,,,,,,,,,,,,,,,,,,,,,,,,,,,,,,,,,,,,,,,,,,
,,,,,,,,,,,,,,,,,,,,,,,,,,,,,,,,,,,,,,,,,,,,,,,,,,,,,,,,,,,,,,,,,,,,,,
,,,,,,,,,,,,,,,,,,,,,,,,,,,,,,,,,,,,,,,,,,,,,,,,,,,,,,,,,,,,,,,,,,,,,,
,,,,,,,,,,,,,,,,,,,,,,,,,,,,,,,,,,,,,,,,,,,,,,,,,,,,,,,,,,,,,,,,,,,,,,
,,,,,,,,,,,,,,,,,,,,,,,,,,,,,,,,,,,,,,,,,,,,,,,,,,,,,,,,,,,,,,,,,,,,,,
,,,,,,,,,,,,,,,,,,,,,,,,,,,,,,,,,,,,,,,,,,,,,,,,,,,,,,,,,,,,,,,,,,,,,,
,,,,,,,,,,,,,,,,,,,,,,,,,,,,,,,,,,,,,,,,,,,,,,,,,,,,,,,,,,,,,,,,,,,,,,
,,,,,,,,,,,,,,,,,,,,,,,,,,,,,,,,,,,,,,,,,,,,,,,,,,,,,,,,,,,,,,,,,,,,,,
,,,,,,,,,,,,,,,,,,,,,,,,,,,,,,,,,,,,,,,,,,,,,,,,,,,,,,,,,,,,,,,,,,,,,,
,,,,,,,,,,,,,,,,,,,,,,,,,,,,,,,,,,,,,,,,,,,,,,,,,,,,,,,,,,,,,,,,,,,,,,
,,,,,,,,,,,,,,,,,,,,,,,,,,,,,,,,,,,,,,,,,,,,,,,,,,,,,,,,,,,,,,,,,,,,,,
,,,,,,,,,,,,,,,,,,,,,,,,,,,,,,,,,,,,,,,,,,,,,,,,,,,,,,,,,,,,,,,,,,,,,,
,,,,,,,,,,,,,,,,,,,,,,,,,,,,,,,,,,,,,,,,,,,,,,,,,,,,,,,,,,,,,,,,,,,,,,
,,,,,,,,,,,,,,,,,,,,,,,,,,,,,,,,,,,,,,,,,,,,,,,,,,,,,,,,,,,,,,,,,,,,,,
,,,,,,,,,,,,,,,,,,,,,,,,,,,,,,,,,,,,,,,,,,,,,,,,,,,,,,,,,,,,,,,,,,,,,,
,,,,,,,,,,,,,,,,,,,,,,,,,,,,,,,,,,,,,,,,,,,,,,,,,,,,,,,,,,,,,,,,,,,,,,
,,,,,,,,,,,,,,,,,,,,,,,,,,,,,,,,,,,,,,,,,,,,,,,,,,,,,,,,,,,,,,,,,,,,,,
,,,,,,,,,,,,,,,,,,,,,,,,,,,,,,,,,,,,,,,,,,,,,,,,,,,,,,,,,,,,,,,,,,,,,,
,,,,,,,,,,,,,,,,,,,,,,,,,,,,,,,,,,,,,,,,,,,,,,,,,,,,,,,,,,,,,,,,,,,,,,
,,,,,,,,,,,,,,,,,,,,,,,,,,,,,,,,,,,,,,,,,,,,,,,,,,,,,,,,,,,,,,,,,,,,,,
,,,,,,,,,,,,,,,,,,,,,,,,,,,,,,,,,,,,,,,,,,,,,,,,,,,,,,,,,,,,,,,,,,,,,,
,,,,,,,,,,,,,,,,,,,,,,,,,,,,,,,,,,,,,,,,,,,,,,,,,,,,,,,,,,,,,,,,,,,,,,
,,,,,,,,,,,,,,,,,,,,,,,,,,,,,,,,,,,,,,,,,,,,,,,,,,,,,,,,,,,,,,,,,,,,,,
,,,,,,,,,,,,,,,,,,,,,,,,,,,,,,,,,,,,,,,,,,,,,,,,,,,,,,,,,,,,,,,,,,,,,,
,,,,,,,,,,,,,,,,,,,,,,,,,,,,,,,,,,,,,,,,,,,,,,,,,,,,,,,,,,,,,,,,,,,,,,
,,,,,,,,,,,,,,,,,,,,,,,,,,,,,,,,,,,,,,,,,,,,,,,,,,,,,,,,,,,,,,,,,,,,,,
,,,,,,,,,,,,,,,,,,,,,,,,,,,,,,,,,,,,,,,,,,,,,,,,,,,,,,,,,,,,,,,,,,,,,,
,,,,,,,,,,,,,,,,,,,,,,,,,,,,,,,,,,,,,,,,,,,,,,,,,,,,,,,,,,,,,,,,,,,,,,
,,,,,,,,,,,,,,,,,,,,,,,,,,,,,,,,,,,,,,,,,,,,,,,,,,,,,,,,,,,,,,,,,,,,,,
,,,,,,,,,,,,,,,,,,,,,,,,,,,,,,,,,,,,,,,,,,,,,,,,,,,,,,,,,,,,,,,,,,,,,,
,,,,,,,,,,,,,,,,,,,,,,,,,,,,,,,,,,,,,,,,,,,,,,,,,,,,,,,,,,,,,,,,,,,,,,
,,,,,,,,,,,,,,,,,,,,,,,,,,,,,,,,,,,,,,,,,,,,,,,,,,,,,,,,,,,,,,,,,,,,,,
,,,,,,,,,,,,,,,,,,,,,,,,,,,,,,,,,,,,,,,,,,,,,,,,,,,,,,,,,,,,,,,,,,,,,,
,,,,,,,,,,,,,,,,,,,,,,,,,,,,,,,,,,,,,,,,,,,,,,,,,,,,,,,,,,,,,,,,,,,,,,
,,,,,,,,,,,,,,,,,,,,,,,,,,,,,,,,,,,,,,,,,,,,,,,,,,,,,,,,,,,,,,,,,,,,,,
,,,,,,,,,,,,,,,,,,,,,,,,,,,,,,,,,,,,,,,,,,,,,,,,,,,,,,,,,,,,,,,,,,,,,,
,,,,,,,,,,,,,,,,,,,,,,,,,,,,,,,,,,,,,,,,,,,,,,,,,,,,,,,,,,,,,,,,,,,,,,
,,,,,,,,,,,,,,,,,,,,,,,,,,,,,,,,,,,,,,,,,,,,,,,,,,,,,,,,,,,,,,,,,,,,,,
,,,,,,,,,,,,,,,,,,,,,,,,,,,,,,,,,,,,,,,,,,,,,,,,,,,,,,,,,,,,,,,,,,,,,,
,,,,,,,,,,,,,,,,,,,,,,,,,,,,,,,,,,,,,,,,,,,,,,,,,,,,,,,,,,,,,,,,,,,,,,
,,,,,,,,,,,,,,,,,,,,,,,,,,,,,,,,,,,,,,,,,,,,,,,,,,,,,,,,,,,,,,,,,,,,,,
,,,,,,,,,,,,,,,,,,,,,,,,,,,,,,,,,,,,,,,,,,,,,,,,,,,,,,,,,,,,,,,,,,,,,,
,,,,,,,,,,,,,,,,,,,,,,,,,,,,,,,,,,,,,,,,,,,,,,,,,,,,,,,,,,,,,,,,,,,,,,
,,,,,,,,,,,,,,,,,,,,,,,,,,,,,,,,,,,,,,,,,,,,,,,,,,,,,,,,,,,,,,,,,,,,,,
,,,,,,,,,,,,,,,,,,,,,,,,,,,,,,,,,,,,,,,,,,,,,,,,,,,,,,,,,,,,,,,,,,,,,,
,,,,,,,,,,,,,,,,,,,,,,,,,,,,,,,,,,,,,,,,,,,,,,,,,,,,,,,,,,,,,,,,,,,,,,
,,,,,,,,,,,,,,,,,,,,,,,,,,,,,,,,,,,,,,,,,,,,,,,,,,,,,,,,,,,,,,,,,,,,,,
,,,,,,,,,,,,,,,,,,,,,,,,,,,,,,,,,,,,,,,,,,,,,,,,,,,,,,,,,,,,,,,,,,,,,,
,,,,,,,,,,,,,,,,,,,,,,,,,,,,,,,,,,,,,,,,,,,,,,,,,,,,,,,,,,,,,,,,,,,,,,
,,,,,,,,,,,,,,,,,,,,,,,,,,,,,,,,,,,,,,,,,,,,,,,,,,,,,,,,,,,,,,,,,,,,,,
,,,,,,,,,,,,,,,,,,,,,,,,,,,,,,,,,,,,,,,,,,,,,,,,,,,,,,,,,,,,,,,,,,,,,,
,,,,,,,,,,,,,,,,,,,,,,,,,,,,,,,,,,,,,,,,,,,,,,,,,,,,,,,,,,,,,,,,,,,,,,
,,,,,,,,,,,,,,,,,,,,,,,,,,,,,,,,,,,,,,,,,,,,,,,,,,,,,,,,,,,,,,,,,,,,,,
,,,,,,,,,,,,,,,,,,,,,,,,,,,,,,,,,,,,,,,,,,,,,,,,,,,,,,,,,,,,,,,,,,,,,,
,,,,,,,,,,,,,,,,,,,,,,,,,,,,,,,,,,,,,,,,,,,,,,,,,,,,,,,,,,,,,,,,,,,,,,
,,,,,,,,,,,,,,,,,,,,,,,,,,,,,,,,,,,,,,,,,,,,,,,,,,,,,,,,,,,,,,,,,,,,,,
,,,,,,,,,,,,,,,,,,,,,,,,,,,,,,,,,,,,,,,,,,,,,,,,,,,,,,,,,,,,,,,,,,,,,,
,,,,,,,,,,,,,,,,,,,,,,,,,,,,,,,,,,,,,,,,,,,,,,,,,,,,,,,,,,,,,,,,,,,,,,
,,,,,,,,,,,,,,,,,,,,,,,,,,,,,,,,,,,,,,,,,,,,,,,,,,,,,,,,,,,,,,,,,,,,,,
,,,,,,,,,,,,,,,,,,,,,,,,,,,,,,,,,,,,,,,,,,,,,,,,,,,,,,,,,,,,,,,,,,,,,,
,,,,,,,,,,,,,,,,,,,,,,,,,,,,,,,,,,,,,,,,,,,,,,,,,,,,,,,,,,,,,,,,,,,,,,
,,,,,,,,,,,,,,,,,,,,,,,,,,,,,,,,,,,,,,,,,,,,,,,,,,,,,,,,,,,,,,,,,,,,,,
,,,,,,,,,,,,,,,,,,,,,,,,,,,,,,,,,,,,,,,,,,,,,,,,,,,,,,,,,,,,,,,,,,,,,,
,,,,,,,,,,,,,,,,,,,,,,,,,,,,,,,,,,,,,,,,,,,,,,,,,,,,,,,,,,,,,,,,,,,,,,
,,,,,,,,,,,,,,,,,,,,,,,,,,,,,,,,,,,,,,,,,,,,,,,,,,,,,,,,,,,,,,,,,,,,,,
,,,,,,,,,,,,,,,,,,,,,,,,,,,,,,,,,,,,,,,,,,,,,,,,,,,,,,,,,,,,,,,,,,,,,,
,,,,,,,,,,,,,,,,,,,,,,,,,,,,,,,,,,,,,,,,,,,,,,,,,,,,,,,,,,,,,,,,,,,,,,
,,,,,,,,,,,,,,,,,,,,,,,,,,,,,,,,,,,,,,,,,,,,,,,,,,,,,,,,,,,,,,,,,,,,,,
,,,,,,,,,,,,,,,,,,,,,,,,,,,,,,,,,,,,,,,,,,,,,,,,,,,,,,,,,,,,,,,,,,,,,,
,,,,,,,,,,,,,,,,,,,,,,,,,,,,,,,,,,,,,,,,,,,,,,,,,,,,,,,,,,,,,,,,,,,,,,
,,,,,,,,,,,,,,,,,,,,,,,,,,,,,,,,,,,,,,,,,,,,,,,,,,,,,,,,,,,,,,,,,,,,,,
,,,,,,,,,,,,,,,,,,,,,,,,,,,,,,,,,,,,,,,,,,,,,,,,,,,,,,,,,,,,,,,,,,,,,,
,,,,,,,,,,,,,,,,,,,,,,,,,,,,,,,,,,,,,,,,,,,,,,,,,,,,,,,,,,,,,,,,,,,,,,
,,,,,,,,,,,,,,,,,,,,,,,,,,,,,,,,,,,,,,,,,,,,,,,,,,,,,,,,,,,,,,,,,,,,,,
,,,,,,,,,,,,,,,,,,,,,,,,,,,,,,,,,,,,,,,,,,,,,,,,,,,,,,,,,,,,,,,,,,,,,,
,,,,,,,,,,,,,,,,,,,,,,,,,,,,,,,,,,,,,,,,,,,,,,,,,,,,,,,,,,,,,,,,,,,,,,
,,,,,,,,,,,,,,,,,,,,,,,,,,,,,,,,,,,,,,,,,,,,,,,,,,,,,,,,,,,,,,,,,,,,,,
,,,,,,,,,,,,,,,,,,,,,,,,,,,,,,,,,,,,,,,,,,,,,,,,,,,,,,,,,,,,,,,,,,,,,,
,,,,,,,,,,,,,,,,,,,,,,,,,,,,,,,,,,,,,,,,,,,,,,,,,,,,,,,,,,,,,,,,,,,,,,
,,,,,,,,,,,,,,,,,,,,,,,,,,,,,,,,,,,,,,,,,,,,,,,,,,,,,,,,,,,,,,,,,,,,,,
,,,,,,,,,,,,,,,,,,,,,,,,,,,,,,,,,,,,,,,,,,,,,,,,,,,,,,,,,,,,,,,,,,,,,,
,,,,,,,,,,,,,,,,,,,,,,,,,,,,,,,,,,,,,,,,,,,,,,,,,,,,,,,,,,,,,,,,,,,,,,
,,,,,,,,,,,,,,,,,,,,,,,,,,,,,,,,,,,,,,,,,,,,,,,,,,,,,,,,,,,,,,,,,,,,,,
,,,,,,,,,,,,,,,,,,,,,,,,,,,,,,,,,,,,,,,,,,,,,,,,,,,,,,,,,,,,,,,,,,,,,,
,,,,,,,,,,,,,,,,,,,,,,,,,,,,,,,,,,,,,,,,,,,,,,,,,,,,,,,,,,,,,,,,,,,,,,
,,,,,,,,,,,,,,,,,,,,,,,,,,,,,,,,,,,,,,,,,,,,,,,,,,,,,,,,,,,,,,,,,,,,,,
,,,,,,,,,,,,,,,,,,,,,,,,,,,,,,,,,,,,,,,,,,,,,,,,,,,,,,,,,,,,,,,,,,,,,,
,,,,,,,,,,,,,,,,,,,,,,,,,,,,,,,,,,,,,,,,,,,,,,,,,,,,,,,,,,,,,,,,,,,,,,
,,,,,,,,,,,,,,,,,,,,,,,,,,,,,,,,,,,,,,,,,,,,,,,,,,,,,,,,,,,,,,,,,,,,,,
,,,,,,,,,,,,,,,,,,,,,,,,,,,,,,,,,,,,,,,,,,,,,,,,,,,,,,,,,,,,,,,,,,,,,,
,,,,,,,,,,,,,,,,,,,,,,,,,,,,,,,,,,,,,,,,,,,,,,,,,,,,,,,,,,,,,,,,,,,,,,
,,,,,,,,,,,,,,,,,,,,,,,,,,,,,,,,,,,,,,,,,,,,,,,,,,,,,,,,,,,,,,,,,,,,,,
,,,,,,,,,,,,,,,,,,,,,,,,,,,,,,,,,,,,,,,,,,,,,,,,,,,,,,,,,,,,,,,,,,,,,,
,,,,,,,,,,,,,,,,,,,,,,,,,,,,,,,,,,,,,,,,,,,,,,,,,,,,,,,,,,,,,,,,,,,,,,
,,,,,,,,,,,,,,,,,,,,,,,,,,,,,,,,,,,,,,,,,,,,,,,,,,,,,,,,,,,,,,,,,,,,,,
,,,,,,,,,,,,,,,,,,,,,,,,,,,,,,,,,,,,,,,,,,,,,,,,,,,,,,,,,,,,,,,,,,,,,,
,,,,,,,,,,,,,,,,,,,,,,,,,,,,,,,,,,,,,,,,,,,,,,,,,,,,,,,,,,,,,,,,,,,,,,
,,,,,,,,,,,,,,,,,,,,,,,,,,,,,,,,,,,,,,,,,,,,,,,,,,,,,,,,,,,,,,,,,,,,,,
,,,,,,,,,,,,,,,,,,,,,,,,,,,,,,,,,,,,,,,,,,,,,,,,,,,,,,,,,,,,,,,,,,,,,,
,,,,,,,,,,,,,,,,,,,,,,,,,,,,,,,,,,,,,,,,,,,,,,,,,,,,,,,,,,,,,,,,,,,,,,
,,,,,,,,,,,,,,,,,,,,,,,,,,,,,,,,,,,,,,,,,,,,,,,,,,,,,,,,,,,,,,,,,,,,,,
,,,,,,,,,,,,,,,,,,,,,,,,,,,,,,,,,,,,,,,,,,,,,,,,,,,,,,,,,,,,,,,,,,,,,,
,,,,,,,,,,,,,,,,,,,,,,,,,,,,,,,,,,,,,,,,,,,,,,,,,,,,,,,,,,,,,,,,,,,,,,
,,,,,,,,,,,,,,,,,,,,,,,,,,,,,,,,,,,,,,,,,,,,,,,,,,,,,,,,,,,,,,,,,,,,,,
,,,,,,,,,,,,,,,,,,,,,,,,,,,,,,,,,,,,,,,,,,,,,,,,,,,,,,,,,,,,,,,,,,,,,,
,,,,,,,,,,,,,,,,,,,,,,,,,,,,,,,,,,,,,,,,,,,,,,,,,,,,,,,,,,,,,,,,,,,,,,
,,,,,,,,,,,,,,,,,,,,,,,,,,,,,,,,,,,,,,,,,,,,,,,,,,,,,,,,,,,,,,,,,,,,,,
,,,,,,,,,,,,,,,,,,,,,,,,,,,,,,,,,,,,,,,,,,,,,,,,,,,,,,,,,,,,,,,,,,,,,,
,,,,,,,,,,,,,,,,,,,,,,,,,,,,,,,,,,,,,,,,,,,,,,,,,,,,,,,,,,,,,,,,,,,,,,
,,,,,,,,,,,,,,,,,,,,,,,,,,,,,,,,,,,,,,,,,,,,,,,,,,,,,,,,,,,,,,,,,,,,,,
,,,,,,,,,,,,,,,,,,,,,,,,,,,,,,,,,,,,,,,,,,,,,,,,,,,,,,,,,,,,,,,,,,,,,,
,,,,,,,,,,,,,,,,,,,,,,,,,,,,,,,,,,,,,,,,,,,,,,,,,,,,,,,,,,,,,,,,,,,,,,
,,,,,,,,,,,,,,,,,,,,,,,,,,,,,,,,,,,,,,,,,,,,,,,,,,,,,,,,,,,,,,,,,,,,,,
,,,,,,,,,,,,,,,,,,,,,,,,,,,,,,,,,,,,,,,,,,,,,,,,,,,,,,,,,,,,,,,,,,,,,,
,,,,,,,,,,,,,,,,,,,,,,,,,,,,,,,,,,,,,,,,,,,,,,,,,,,,,,,,,,,,,,,,,,,,,,
,,,,,,,,,,,,,,,,,,,,,,,,,,,,,,,,,,,,,,,,,,,,,,,,,,,,,,,,,,,,,,,,,,,,,,
,,,,,,,,,,,,,,,,,,,,,,,,,,,,,,,,,,,,,,,,,,,,,,,,,,,,,,,,,,,,,,,,,,,,,,
,,,,,,,,,,,,,,,,,,,,,,,,,,,,,,,,,,,,,,,,,,,,,,,,,,,,,,,,,,,,,,,,,,,,,,
,,,,,,,,,,,,,,,,,,,,,,,,,,,,,,,,,,,,,,,,,,,,,,,,,,,,,,,,,,,,,,,,,,,,,,
,,,,,,,,,,,,,,,,,,,,,,,,,,,,,,,,,,,,,,,,,,,,,,,,,,,,,,,,,,,,,,,,,,,,,,
,,,,,,,,,,,,,,,,,,,,,,,,,,,,,,,,,,,,,,,,,,,,,,,,,,,,,,,,,,,,,,,,,,,,,,
,,,,,,,,,,,,,,,,,,,,,,,,,,,,,,,,,,,,,,,,,,,,,,,,,,,,,,,,,,,,,,,,,,,,,,
,,,,,,,,,,,,,,,,,,,,,,,,,,,,,,,,,,,,,,,,,,,,,,,,,,,,,,,,,,,,,,,,,,,,,,
,,,,,,,,,,,,,,,,,,,,,,,,,,,,,,,,,,,,,,,,,,,,,,,,,,,,,,,,,,,,,,,,,,,,,,
,,,,,,,,,,,,,,,,,,,,,,,,,,,,,,,,,,,,,,,,,,,,,,,,,,,,,,,,,,,,,,,,,,,,,,
,,,,,,,,,,,,,,,,,,,,,,,,,,,,,,,,,,,,,,,,,,,,,,,,,,,,,,,,,,,,,,,,,,,,,,
,,,,,,,,,,,,,,,,,,,,,,,,,,,,,,,,,,,,,,,,,,,,,,,,,,,,,,,,,,,,,,,,,,,,,,
,,,,,,,,,,,,,,,,,,,,,,,,,,,,,,,,,,,,,,,,,,,,,,,,,,,,,,,,,,,,,,,,,,,,,,
,,,,,,,,,,,,,,,,,,,,,,,,,,,,,,,,,,,,,,,,,,,,,,,,,,,,,,,,,,,,,,,,,,,,,,
,,,,,,,,,,,,,,,,,,,,,,,,,,,,,,,,,,,,,,,,,,,,,,,,,,,,,,,,,,,,,,,,,,,,,,
,,,,,,,,,,,,,,,,,,,,,,,,,,,,,,,,,,,,,,,,,,,,,,,,,,,,,,,,,,,,,,,,,,,,,,
,,,,,,,,,,,,,,,,,,,,,,,,,,,,,,,,,,,,,,,,,,,,,,,,,,,,,,,,,,,,,,,,,,,,,,
,,,,,,,,,,,,,,,,,,,,,,,,,,,,,,,,,,,,,,,,,,,,,,,,,,,,,,,,,,,,,,,,,,,,,,
,,,,,,,,,,,,,,,,,,,,,,,,,,,,,,,,,,,,,,,,,,,,,,,,,,,,,,,,,,,,,,,,,,,,,,
,,,,,,,,,,,,,,,,,,,,,,,,,,,,,,,,,,,,,,,,,,,,,,,,,,,,,,,,,,,,,,,,,,,,,,
,,,,,,,,,,,,,,,,,,,,,,,,,,,,,,,,,,,,,,,,,,,,,,,,,,,,,,,,,,,,,,,,,,,,,,
,,,,,,,,,,,,,,,,,,,,,,,,,,,,,,,,,,,,,,,,,,,,,,,,,,,,,,,,,,,,,,,,,,,,,,
,,,,,,,,,,,,,,,,,,,,,,,,,,,,,,,,,,,,,,,,,,,,,,,,,,,,,,,,,,,,,,,,,,,,,,
,,,,,,,,,,,,,,,,,,,,,,,,,,,,,,,,,,,,,,,,,,,,,,,,,,,,,,,,,,,,,,,,,,,,,,
,,,,,,,,,,,,,,,,,,,,,,,,,,,,,,,,,,,,,,,,,,,,,,,,,,,,,,,,,,,,,,,,,,,,,,
,,,,,,,,,,,,,,,,,,,,,,,,,,,,,,,,,,,,,,,,,,,,,,,,,,,,,,,,,,,,,,,,,,,,,,
,,,,,,,,,,,,,,,,,,,,,,,,,,,,,,,,,,,,,,,,,,,,,,,,,,,,,,,,,,,,,,,,,,,,,,
,,,,,,,,,,,,,,,,,,,,,,,,,,,,,,,,,,,,,,,,,,,,,,,,,,,,,,,,,,,,,,,,,,,,,,
,,,,,,,,,,,,,,,,,,,,,,,,,,,,,,,,,,,,,,,,,,,,,,,,,,,,,,,,,,,,,,,,,,,,,,
,,,,,,,,,,,,,,,,,,,,,,,,,,,,,,,,,,,,,,,,,,,,,,,,,,,,,,,,,,,,,,,,,,,,,,
,,,,,,,,,,,,,,,,,,,,,,,,,,,,,,,,,,,,,,,,,,,,,,,,,,,,,,,,,,,,,,,,,,,,,,
,,,,,,,,,,,,,,,,,,,,,,,,,,,,,,,,,,,,,,,,,,,,,,,,,,,,,,,,,,,,,,,,,,,,,,
,,,,,,,,,,,,,,,,,,,,,,,,,,,,,,,,,,,,,,,,,,,,,,,,,,,,,,,,,,,,,,,,,,,,,,
,,,,,,,,,,,,,,,,,,,,,,,,,,,,,,,,,,,,,,,,,,,,,,,,,,,,,,,,,,,,,,,,,,,,,,
,,,,,,,,,,,,,,,,,,,,,,,,,,,,,,,,,,,,,,,,,,,,,,,,,,,,,,,,,,,,,,,,,,,,,,
,,,,,,,,,,,,,,,,,,,,,,,,,,,,,,,,,,,,,,,,,,,,,,,,,,,,,,,,,,,,,,,,,,,,,,
,,,,,,,,,,,,,,,,,,,,,,,,,,,,,,,,,,,,,,,,,,,,,,,,,,,,,,,,,,,,,,,,,,,,,,
,,,,,,,,,,,,,,,,,,,,,,,,,,,,,,,,,,,,,,,,,,,,,,,,,,,,,,,,,,,,,,,,,,,,,,
,,,,,,,,,,,,,,,,,,,,,,,,,,,,,,,,,,,,,,,,,,,,,,,,,,,,,,,,,,,,,,,,,,,,,,
,,,,,,,,,,,,,,,,,,,,,,,,,,,,,,,,,,,,,,,,,,,,,,,,,,,,,,,,,,,,,,,,,,,,,,
,,,,,,,,,,,,,,,,,,,,,,,,,,,,,,,,,,,,,,,,,,,,,,,,,,,,,,,,,,,,,,,,,,,,,,
,,,,,,,,,,,,,,,,,,,,,,,,,,,,,,,,,,,,,,,,,,,,,,,,,,,,,,,,,,,,,,,,,,,,,,
,,,,,,,,,,,,,,,,,,,,,,,,,,,,,,,,,,,,,,,,,,,,,,,,,,,,,,,,,,,,,,,,,,,,,,
,,,,,,,,,,,,,,,,,,,,,,,,,,,,,,,,,,,,,,,,,,,,,,,,,,,,,,,,,,,,,,,,,,,,,,
,,,,,,,,,,,,,,,,,,,,,,,,,,,,,,,,,,,,,,,,,,,,,,,,,,,,,,,,,,,,,,,,,,,,,,
,,,,,,,,,,,,,,,,,,,,,,,,,,,,,,,,,,,,,,,,,,,,,,,,,,,,,,,,,,,,,,,,,,,,,,
,,,,,,,,,,,,,,,,,,,,,,,,,,,,,,,,,,,,,,,,,,,,,,,,,,,,,,,,,,,,,,,,,,,,,,
,,,,,,,,,,,,,,,,,,,,,,,,,,,,,,,,,,,,,,,,,,,,,,,,,,,,,,,,,,,,,,,,,,,,,,
,,,,,,,,,,,,,,,,,,,,,,,,,,,,,,,,,,,,,,,,,,,,,,,,,,,,,,,,,,,,,,,,,,,,,,
,,,,,,,,,,,,,,,,,,,,,,,,,,,,,,,,,,,,,,,,,,,,,,,,,,,,,,,,,,,,,,,,,,,,,,
,,,,,,,,,,,,,,,,,,,,,,,,,,,,,,,,,,,,,,,,,,,,,,,,,,,,,,,,,,,,,,,,,,,,,,
,,,,,,,,,,,,,,,,,,,,,,,,,,,,,,,,,,,,,,,,,,,,,,,,,,,,,,,,,,,,,,,,,,,,,,
,,,,,,,,,,,,,,,,,,,,,,,,,,,,,,,,,,,,,,,,,,,,,,,,,,,,,,,,,,,,,,,,,,,,,,
,,,,,,,,,,,,,,,,,,,,,,,,,,,,,,,,,,,,,,,,,,,,,,,,,,,,,,,,,,,,,,,,,,,,,,
,,,,,,,,,,,,,,,,,,,,,,,,,,,,,,,,,,,,,,,,,,,,,,,,,,,,,,,,,,,,,,,,,,,,,,
,,,,,,,,,,,,,,,,,,,,,,,,,,,,,,,,,,,,,,,,,,,,,,,,,,,,,,,,,,,,,,,,,,,,,,
,,,,,,,,,,,,,,,,,,,,,,,,,,,,,,,,,,,,,,,,,,,,,,,,,,,,,,,,,,,,,,,,,,,,,,
,,,,,,,,,,,,,,,,,,,,,,,,,,,,,,,,,,,,,,,,,,,,,,,,,,,,,,,,,,,,,,,,,,,,,,
,,,,,,,,,,,,,,,,,,,,,,,,,,,,,,,,,,,,,,,,,,,,,,,,,,,,,,,,,,,,,,,,,,,,,,
,,,,,,,,,,,,,,,,,,,,,,,,,,,,,,,,,,,,,,,,,,,,,,,,,,,,,,,,,,,,,,,,,,,,,,
,,,,,,,,,,,,,,,,,,,,,,,,,,,,,,,,,,,,,,,,,,,,,,,,,,,,,,,,,,,,,,,,,,,,,,
,,,,,,,,,,,,,,,,,,,,,,,,,,,,,,,,,,,,,,,,,,,,,,,,,,,,,,,,,,,,,,,,,,,,,,
,,,,,,,,,,,,,,,,,,,,,,,,,,,,,,,,,,,,,,,,,,,,,,,,,,,,,,,,,,,,,,,,,,,,,,
,,,,,,,,,,,,,,,,,,,,,,,,,,,,,,,,,,,,,,,,,,,,,,,,,,,,,,,,,,,,,,,,,,,,,,
,,,,,,,,,,,,,,,,,,,,,,,,,,,,,,,,,,,,,,,,,,,,,,,,,,,,,,,,,,,,,,,,,,,,,,
,,,,,,,,,,,,,,,,,,,,,,,,,,,,,,,,,,,,,,,,,,,,,,,,,,,,,,,,,,,,,,,,,,,,,,
,,,,,,,,,,,,,,,,,,,,,,,,,,,,,,,,,,,,,,,,,,,,,,,,,,,,,,,,,,,,,,,,,,,,,,
,,,,,,,,,,,,,,,,,,,,,,,,,,,,,,,,,,,,,,,,,,,,,,,,,,,,,,,,,,,,,,,,,,,,,,
,,,,,,,,,,,,,,,,,,,,,,,,,,,,,,,,,,,,,,,,,,,,,,,,,,,,,,,,,,,,,,,,,,,,,,
,,,,,,,,,,,,,,,,,,,,,,,,,,,,,,,,,,,,,,,,,,,,,,,,,,,,,,,,,,,,,,,,,,,,,,
,,,,,,,,,,,,,,,,,,,,,,,,,,,,,,,,,,,,,,,,,,,,,,,,,,,,,,,,,,,,,,,,,,,,,,
,,,,,,,,,,,,,,,,,,,,,,,,,,,,,,,,,,,,,,,,,,,,,,,,,,,,,,,,,,,,,,,,,,,,,,
,,,,,,,,,,,,,,,,,,,,,,,,,,,,,,,,,,,,,,,,,,,,,,,,,,,,,,,,,,,,,,,,,,,,,,
,,,,,,,,,,,,,,,,,,,,,,,,,,,,,,,,,,,,,,,,,,,,,,,,,,,,,,,,,,,,,,,,,,,,,,
,,,,,,,,,,,,,,,,,,,,,,,,,,,,,,,,,,,,,,,,,,,,,,,,,,,,,,,,,,,,,,,,,,,,,,
,,,,,,,,,,,,,,,,,,,,,,,,,,,,,,,,,,,,,,,,,,,,,,,,,,,,,,,,,,,,,,,,,,,,,,
,,,,,,,,,,,,,,,,,,,,,,,,,,,,,,,,,,,,,,,,,,,,,,,,,,,,,,,,,,,,,,,,,,,,,,
,,,,,,,,,,,,,,,,,,,,,,,,,,,,,,,,,,,,,,,,,,,,,,,,,,,,,,,,,,,,,,,,,,,,,,
,,,,,,,,,,,,,,,,,,,,,,,,,,,,,,,,,,,,,,,,,,,,,,,,,,,,,,,,,,,,,,,,,,,,,,
,,,,,,,,,,,,,,,,,,,,,,,,,,,,,,,,,,,,,,,,,,,,,,,,,,,,,,,,,,,,,,,,,,,,,,
,,,,,,,,,,,,,,,,,,,,,,,,,,,,,,,,,,,,,,,,,,,,,,,,,,,,,,,,,,,,,,,,,,,,,,
,,,,,,,,,,,,,,,,,,,,,,,,,,,,,,,,,,,,,,,,,,,,,,,,,,,,,,,,,,,,,,,,,,,,,,
,,,,,,,,,,,,,,,,,,,,,,,,,,,,,,,,,,,,,,,,,,,,,,,,,,,,,,,,,,,,,,,,,,,,,,
,,,,,,,,,,,,,,,,,,,,,,,,,,,,,,,,,,,,,,,,,,,,,,,,,,,,,,,,,,,,,,,,,,,,,,
,,,,,,,,,,,,,,,,,,,,,,,,,,,,,,,,,,,,,,,,,,,,,,,,,,,,,,,,,,,,,,,,,,,,,,
,,,,,,,,,,,,,,,,,,,,,,,,,,,,,,,,,,,,,,,,,,,,,,,,,,,,,,,,,,,,,,,,,,,,,,
,,,,,,,,,,,,,,,,,,,,,,,,,,,,,,,,,,,,,,,,,,,,,,,,,,,,,,,,,,,,,,,,,,,,,,
,,,,,,,,,,,,,,,,,,,,,,,,,,,,,,,,,,,,,,,,,,,,,,,,,,,,,,,,,,,,,,,,,,,,,,
,,,,,,,,,,,,,,,,,,,,,,,,,,,,,,,,,,,,,,,,,,,,,,,,,,,,,,,,,,,,,,,,,,,,,,
,,,,,,,,,,,,,,,,,,,,,,,,,,,,,,,,,,,,,,,,,,,,,,,,,,,,,,,,,,,,,,,,,,,,,,
,,,,,,,,,,,,,,,,,,,,,,,,,,,,,,,,,,,,,,,,,,,,,,,,,,,,,,,,,,,,,,,,,,,,,,
,,,,,,,,,,,,,,,,,,,,,,,,,,,,,,,,,,,,,,,,,,,,,,,,,,,,,,,,,,,,,,,,,,,,,,
,,,,,,,,,,,,,,,,,,,,,,,,,,,,,,,,,,,,,,,,,,,,,,,,,,,,,,,,,,,,,,,,,,,,,,
,,,,,,,,,,,,,,,,,,,,,,,,,,,,,,,,,,,,,,,,,,,,,,,,,,,,,,,,,,,,,,,,,,,,,,
,,,,,,,,,,,,,,,,,,,,,,,,,,,,,,,,,,,,,,,,,,,,,,,,,,,,,,,,,,,,,,,,,,,,,,
,,,,,,,,,,,,,,,,,,,,,,,,,,,,,,,,,,,,,,,,,,,,,,,,,,,,,,,,,,,,,,,,,,,,,,
,,,,,,,,,,,,,,,,,,,,,,,,,,,,,,,,,,,,,,,,,,,,,,,,,,,,,,,,,,,,,,,,,,,,,,
,,,,,,,,,,,,,,,,,,,,,,,,,,,,,,,,,,,,,,,,,,,,,,,,,,,,,,,,,,,,,,,,,,,,,,
,,,,,,,,,,,,,,,,,,,,,,,,,,,,,,,,,,,,,,,,,,,,,,,,,,,,,,,,,,,,,,,,,,,,,,
,,,,,,,,,,,,,,,,,,,,,,,,,,,,,,,,,,,,,,,,,,,,,,,,,,,,,,,,,,,,,,,,,,,,,,
,,,,,,,,,,,,,,,,,,,,,,,,,,,,,,,,,,,,,,,,,,,,,,,,,,,,,,,,,,,,,,,,,,,,,,
,,,,,,,,,,,,,,,,,,,,,,,,,,,,,,,,,,,,,,,,,,,,,,,,,,,,,,,,,,,,,,,,,,,,,,
,,,,,,,,,,,,,,,,,,,,,,,,,,,,,,,,,,,,,,,,,,,,,,,,,,,,,,,,,,,,,,,,,,,,,,
,,,,,,,,,,,,,,,,,,,,,,,,,,,,,,,,,,,,,,,,,,,,,,,,,,,,,,,,,,,,,,,,,,,,,,
,,,,,,,,,,,,,,,,,,,,,,,,,,,,,,,,,,,,,,,,,,,,,,,,,,,,,,,,,,,,,,,,,,,,,,
,,,,,,,,,,,,,,,,,,,,,,,,,,,,,,,,,,,,,,,,,,,,,,,,,,,,,,,,,,,,,,,,,,,,,,
,,,,,,,,,,,,,,,,,,,,,,,,,,,,,,,,,,,,,,,,,,,,,,,,,,,,,,,,,,,,,,,,,,,,,,
,,,,,,,,,,,,,,,,,,,,,,,,,,,,,,,,,,,,,,,,,,,,,,,,,,,,,,,,,,,,,,,,,,,,,,
,,,,,,,,,,,,,,,,,,,,,,,,,,,,,,,,,,,,,,,,,,,,,,,,,,,,,,,,,,,,,,,,,,,,,,
,,,,,,,,,,,,,,,,,,,,,,,,,,,,,,,,,,,,,,,,,,,,,,,,,,,,,,,,,,,,,,,,,,,,,,
,,,,,,,,,,,,,,,,,,,,,,,,,,,,,,,,,,,,,,,,,,,,,,,,,,,,,,,,,,,,,,,,,,,,,,
,,,,,,,,,,,,,,,,,,,,,,,,,,,,,,,,,,,,,,,,,,,,,,,,,,,,,,,,,,,,,,,,,,,,,,
,,,,,,,,,,,,,,,,,,,,,,,,,,,,,,,,,,,,,,,,,,,,,,,,,,,,,,,,,,,,,,,,,,,,,,
,,,,,,,,,,,,,,,,,,,,,,,,,,,,,,,,,,,,,,,,,,,,,,,,,,,,,,,,,,,,,,,,,,,,,,
,,,,,,,,,,,,,,,,,,,,,,,,,,,,,,,,,,,,,,,,,,,,,,,,,,,,,,,,,,,,,,,,,,,,,,
,,,,,,,,,,,,,,,,,,,,,,,,,,,,,,,,,,,,,,,,,,,,,,,,,,,,,,,,,,,,,,,,,,,,,,
,,,,,,,,,,,,,,,,,,,,,,,,,,,,,,,,,,,,,,,,,,,,,,,,,,,,,,,,,,,,,,,,,,,,,,
,,,,,,,,,,,,,,,,,,,,,,,,,,,,,,,,,,,,,,,,,,,,,,,,,,,,,,,,,,,,,,,,,,,,,,
,,,,,,,,,,,,,,,,,,,,,,,,,,,,,,,,,,,,,,,,,,,,,,,,,,,,,,,,,,,,,,,,,,,,,,
,,,,,,,,,,,,,,,,,,,,,,,,,,,,,,,,,,,,,,,,,,,,,,,,,,,,,,,,,,,,,,,,,,,,,,
,,,,,,,,,,,,,,,,,,,,,,,,,,,,,,,,,,,,,,,,,,,,,,,,,,,,,,,,,,,,,,,,,,,,,,
,,,,,,,,,,,,,,,,,,,,,,,,,,,,,,,,,,,,,,,,,,,,,,,,,,,,,,,,,,,,,,,,,,,,,,
,,,,,,,,,,,,,,,,,,,,,,,,,,,,,,,,,,,,,,,,,,,,,,,,,,,,,,,,,,,,,,,,,,,,,,
,,,,,,,,,,,,,,,,,,,,,,,,,,,,,,,,,,,,,,,,,,,,,,,,,,,,,,,,,,,,,,,,,,,,,,
,,,,,,,,,,,,,,,,,,,,,,,,,,,,,,,,,,,,,,,,,,,,,,,,,,,,,,,,,,,,,,,,,,,,,,
,,,,,,,,,,,,,,,,,,,,,,,,,,,,,,,,,,,,,,,,,,,,,,,,,,,,,,,,,,,,,,,,,,,,,,
,,,,,,,,,,,,,,,,,,,,,,,,,,,,,,,,,,,,,,,,,,,,,,,,,,,,,,,,,,,,,,,,,,,,,,
,,,,,,,,,,,,,,,,,,,,,,,,,,,,,,,,,,,,,,,,,,,,,,,,,,,,,,,,,,,,,,,,,,,,,,
,,,,,,,,,,,,,,,,,,,,,,,,,,,,,,,,,,,,,,,,,,,,,,,,,,,,,,,,,,,,,,,,,,,,,,
,,,,,,,,,,,,,,,,,,,,,,,,,,,,,,,,,,,,,,,,,,,,,,,,,,,,,,,,,,,,,,,,,,,,,,
,,,,,,,,,,,,,,,,,,,,,,,,,,,,,,,,,,,,,,,,,,,,,,,,,,,,,,,,,,,,,,,,,,,,,,
,,,,,,,,,,,,,,,,,,,,,,,,,,,,,,,,,,,,,,,,,,,,,,,,,,,,,,,,,,,,,,,,,,,,,,
,,,,,,,,,,,,,,,,,,,,,,,,,,,,,,,,,,,,,,,,,,,,,,,,,,,,,,,,,,,,,,,,,,,,,,
,,,,,,,,,,,,,,,,,,,,,,,,,,,,,,,,,,,,,,,,,,,,,,,,,,,,,,,,,,,,,,,,,,,,,,
,,,,,,,,,,,,,,,,,,,,,,,,,,,,,,,,,,,,,,,,,,,,,,,,,,,,,,,,,,,,,,,,,,,,,,
,,,,,,,,,,,,,,,,,,,,,,,,,,,,,,,,,,,,,,,,,,,,,,,,,,,,,,,,,,,,,,,,,,,,,,
,,,,,,,,,,,,,,,,,,,,,,,,,,,,,,,,,,,,,,,,,,,,,,,,,,,,,,,,,,,,,,,,,,,,,,
,,,,,,,,,,,,,,,,,,,,,,,,,,,,,,,,,,,,,,,,,,,,,,,,,,,,,,,,,,,,,,,,,,,,,,
,,,,,,,,,,,,,,,,,,,,,,,,,,,,,,,,,,,,,,,,,,,,,,,,,,,,,,,,,,,,,,,,,,,,,,
,,,,,,,,,,,,,,,,,,,,,,,,,,,,,,,,,,,,,,,,,,,,,,,,,,,,,,,,,,,,,,,,,,,,,,
,,,,,,,,,,,,,,,,,,,,,,,,,,,,,,,,,,,,,,,,,,,,,,,,,,,,,,,,,,,,,,,,,,,,,,
,,,,,,,,,,,,,,,,,,,,,,,,,,,,,,,,,,,,,,,,,,,,,,,,,,,,,,,,,,,,,,,,,,,,,,
,,,,,,,,,,,,,,,,,,,,,,,,,,,,,,,,,,,,,,,,,,,,,,,,,,,,,,,,,,,,,,,,,,,,,,
,,,,,,,,,,,,,,,,,,,,,,,,,,,,,,,,,,,,,,,,,,,,,,,,,,,,,,,,,,,,,,,,,,,,,,
,,,,,,,,,,,,,,,,,,,,,,,,,,,,,,,,,,,,,,,,,,,,,,,,,,,,,,,,,,,,,,,,,,,,,,
,,,,,,,,,,,,,,,,,,,,,,,,,,,,,,,,,,,,,,,,,,,,,,,,,,,,,,,,,,,,,,,,,,,,,,
,,,,,,,,,,,,,,,,,,,,,,,,,,,,,,,,,,,,,,,,,,,,,,,,,,,,,,,,,,,,,,,,,,,,,,
,,,,,,,,,,,,,,,,,,,,,,,,,,,,,,,,,,,,,,,,,,,,,,,,,,,,,,,,,,,,,,,,,,,,,,
,,,,,,,,,,,,,,,,,,,,,,,,,,,,,,,,,,,,,,,,,,,,,,,,,,,,,,,,,,,,,,,,,,,,,,
,,,,,,,,,,,,,,,,,,,,,,,,,,,,,,,,,,,,,,,,,,,,,,,,,,,,,,,,,,,,,,,,,,,,,,
,,,,,,,,,,,,,,,,,,,,,,,,,,,,,,,,,,,,,,,,,,,,,,,,,,,,,,,,,,,,,,,,,,,,,,
,,,,,,,,,,,,,,,,,,,,,,,,,,,,,,,,,,,,,,,,,,,,,,,,,,,,,,,,,,,,,,,,,,,,,,
,,,,,,,,,,,,,,,,,,,,,,,,,,,,,,,,,,,,,,,,,,,,,,,,,,,,,,,,,,,,,,,,,,,,,,
,,,,,,,,,,,,,,,,,,,,,,,,,,,,,,,,,,,,,,,,,,,,,,,,,,,,,,,,,,,,,,,,,,,,,,
,,,,,,,,,,,,,,,,,,,,,,,,,,,,,,,,,,,,,,,,,,,,,,,,,,,,,,,,,,,,,,,,,,,,,,
,,,,,,,,,,,,,,,,,,,,,,,,,,,,,,,,,,,,,,,,,,,,,,,,,,,,,,,,,,,,,,,,,,,,,,
,,,,,,,,,,,,,,,,,,,,,,,,,,,,,,,,,,,,,,,,,,,,,,,,,,,,,,,,,,,,,,,,,,,,,,
,,,,,,,,,,,,,,,,,,,,,,,,,,,,,,,,,,,,,,,,,,,,,,,,,,,,,,,,,,,,,,,,,,,,,,
,,,,,,,,,,,,,,,,,,,,,,,,,,,,,,,,,,,,,,,,,,,,,,,,,,,,,,,,,,,,,,,,,,,,,,
,,,,,,,,,,,,,,,,,,,,,,,,,,,,,,,,,,,,,,,,,,,,,,,,,,,,,,,,,,,,,,,,,,,,,,
,,,,,,,,,,,,,,,,,,,,,,,,,,,,,,,,,,,,,,,,,,,,,,,,,,,,,,,,,,,,,,,,,,,,,,
,,,,,,,,,,,,,,,,,,,,,,,,,,,,,,,,,,,,,,,,,,,,,,,,,,,,,,,,,,,,,,,,,,,,,,
,,,,,,,,,,,,,,,,,,,,,,,,,,,,,,,,,,,,,,,,,,,,,,,,,,,,,,,,,,,,,,,,,,,,,,
,,,,,,,,,,,,,,,,,,,,,,,,,,,,,,,,,,,,,,,,,,,,,,,,,,,,,,,,,,,,,,,,,,,,,,
,,,,,,,,,,,,,,,,,,,,,,,,,,,,,,,,,,,,,,,,,,,,,,,,,,,,,,,,,,,,,,,,,,,,,,
,,,,,,,,,,,,,,,,,,,,,,,,,,,,,,,,,,,,,,,,,,,,,,,,,,,,,,,,,,,,,,,,,,,,,,
,,,,,,,,,,,,,,,,,,,,,,,,,,,,,,,,,,,,,,,,,,,,,,,,,,,,,,,,,,,,,,,,,,,,,,
,,,,,,,,,,,,,,,,,,,,,,,,,,,,,,,,,,,,,,,,,,,,,,,,,,,,,,,,,,,,,,,,,,,,,,
,,,,,,,,,,,,,,,,,,,,,,,,,,,,,,,,,,,,,,,,,,,,,,,,,,,,,,,,,,,,,,,,,,,,,,
,,,,,,,,,,,,,,,,,,,,,,,,,,,,,,,,,,,,,,,,,,,,,,,,,,,,,,,,,,,,,,,,,,,,,,
,,,,,,,,,,,,,,,,,,,,,,,,,,,,,,,,,,,,,,,,,,,,,,,,,,,,,,,,,,,,,,,,,,,,,,
,,,,,,,,,,,,,,,,,,,,,,,,,,,,,,,,,,,,,,,,,,,,,,,,,,,,,,,,,,,,,,,,,,,,,,
,,,,,,,,,,,,,,,,,,,,,,,,,,,,,,,,,,,,,,,,,,,,,,,,,,,,,,,,,,,,,,,,,,,,,,
,,,,,,,,,,,,,,,,,,,,,,,,,,,,,,,,,,,,,,,,,,,,,,,,,,,,,,,,,,,,,,,,,,,,,,
,,,,,,,,,,,,,,,,,,,,,,,,,,,,,,,,,,,,,,,,,,,,,,,,,,,,,,,,,,,,,,,,,,,,,,
,,,,,,,,,,,,,,,,,,,,,,,,,,,,,,,,,,,,,,,,,,,,,,,,,,,,,,,,,,,,,,,,,,,,,,
,,,,,,,,,,,,,,,,,,,,,,,,,,,,,,,,,,,,,,,,,,,,,,,,,,,,,,,,,,,,,,,,,,,,,,
,,,,,,,,,,,,,,,,,,,,,,,,,,,,,,,,,,,,,,,,,,,,,,,,,,,,,,,,,,,,,,,,,,,,,,
,,,,,,,,,,,,,,,,,,,,,,,,,,,,,,,,,,,,,,,,,,,,,,,,,,,,,,,,,,,,,,,,,,,,,,
,,,,,,,,,,,,,,,,,,,,,,,,,,,,,,,,,,,,,,,,,,,,,,,,,,,,,,,,,,,,,,,,,,,,,,
,,,,,,,,,,,,,,,,,,,,,,,,,,,,,,,,,,,,,,,,,,,,,,,,,,,,,,,,,,,,,,,,,,,,,,
,,,,,,,,,,,,,,,,,,,,,,,,,,,,,,,,,,,,,,,,,,,,,,,,,,,,,,,,,,,,,,,,,,,,,,
,,,,,,,,,,,,,,,,,,,,,,,,,,,,,,,,,,,,,,,,,,,,,,,,,,,,,,,,,,,,,,,,,,,,,,
,,,,,,,,,,,,,,,,,,,,,,,,,,,,,,,,,,,,,,,,,,,,,,,,,,,,,,,,,,,,,,,,,,,,,,
,,,,,,,,,,,,,,,,,,,,,,,,,,,,,,,,,,,,,,,,,,,,,,,,,,,,,,,,,,,,,,,,,,,,,,
,,,,,,,,,,,,,,,,,,,,,,,,,,,,,,,,,,,,,,,,,,,,,,,,,,,,,,,,,,,,,,,,,,,,,,
,,,,,,,,,,,,,,,,,,,,,,,,,,,,,,,,,,,,,,,,,,,,,,,,,,,,,,,,,,,,,,,,,,,,,,
,,,,,,,,,,,,,,,,,,,,,,,,,,,,,,,,,,,,,,,,,,,,,,,,,,,,,,,,,,,,,,,,,,,,,,
,,,,,,,,,,,,,,,,,,,,,,,,,,,,,,,,,,,,,,,,,,,,,,,,,,,,,,,,,,,,,,,,,,,,,,
,,,,,,,,,,,,,,,,,,,,,,,,,,,,,,,,,,,,,,,,,,,,,,,,,,,,,,,,,,,,,,,,,,,,,,
,,,,,,,,,,,,,,,,,,,,,,,,,,,,,,,,,,,,,,,,,,,,,,,,,,,,,,,,,,,,,,,,,,,,,,
,,,,,,,,,,,,,,,,,,,,,,,,,,,,,,,,,,,,,,,,,,,,,,,,,,,,,,,,,,,,,,,,,,,,,,
,,,,,,,,,,,,,,,,,,,,,,,,,,,,,,,,,,,,,,,,,,,,,,,,,,,,,,,,,,,,,,,,,,,,,,
,,,,,,,,,,,,,,,,,,,,,,,,,,,,,,,,,,,,,,,,,,,,,,,,,,,,,,,,,,,,,,,,,,,,,,
,,,,,,,,,,,,,,,,,,,,,,,,,,,,,,,,,,,,,,,,,,,,,,,,,,,,,,,,,,,,,,,,,,,,,,
,,,,,,,,,,,,,,,,,,,,,,,,,,,,,,,,,,,,,,,,,,,,,,,,,,,,,,,,,,,,,,,,,,,,,,
,,,,,,,,,,,,,,,,,,,,,,,,,,,,,,,,,,,,,,,,,,,,,,,,,,,,,,,,,,,,,,,,,,,,,,
,,,,,,,,,,,,,,,,,,,,,,,,,,,,,,,,,,,,,,,,,,,,,,,,,,,,,,,,,,,,,,,,,,,,,,
,,,,,,,,,,,,,,,,,,,,,,,,,,,,,,,,,,,,,,,,,,,,,,,,,,,,,,,,,,,,,,,,,,,,,,
,,,,,,,,,,,,,,,,,,,,,,,,,,,,,,,,,,,,,,,,,,,,,,,,,,,,,,,,,,,,,,,,,,,,,,
,,,,,,,,,,,,,,,,,,,,,,,,,,,,,,,,,,,,,,,,,,,,,,,,,,,,,,,,,,,,,,,,,,,,,,
,,,,,,,,,,,,,,,,,,,,,,,,,,,,,,,,,,,,,,,,,,,,,,,,,,,,,,,,,,,,,,,,,,,,,,
,,,,,,,,,,,,,,,,,,,,,,,,,,,,,,,,,,,,,,,,,,,,,,,,,,,,,,,,,,,,,,,,,,,,,,
,,,,,,,,,,,,,,,,,,,,,,,,,,,,,,,,,,,,,,,,,,,,,,,,,,,,,,,,,,,,,,,,,,,,,,
,,,,,,,,,,,,,,,,,,,,,,,,,,,,,,,,,,,,,,,,,,,,,,,,,,,,,,,,,,,,,,,,,,,,,,
,,,,,,,,,,,,,,,,,,,,,,,,,,,,,,,,,,,,,,,,,,,,,,,,,,,,,,,,,,,,,,,,,,,,,,
,,,,,,,,,,,,,,,,,,,,,,,,,,,,,,,,,,,,,,,,,,,,,,,,,,,,,,,,,,,,,,,,,,,,,,
,,,,,,,,,,,,,,,,,,,,,,,,,,,,,,,,,,,,,,,,,,,,,,,,,,,,,,,,,,,,,,,,,,,,,,
,,,,,,,,,,,,,,,,,,,,,,,,,,,,,,,,,,,,,,,,,,,,,,,,,,,,,,,,,,,,,,,,,,,,,,
,,,,,,,,,,,,,,,,,,,,,,,,,,,,,,,,,,,,,,,,,,,,,,,,,,,,,,,,,,,,,,,,,,,,,,
,,,,,,,,,,,,,,,,,,,,,,,,,,,,,,,,,,,,,,,,,,,,,,,,,,,,,,,,,,,,,,,,,,,,,,
,,,,,,,,,,,,,,,,,,,,,,,,,,,,,,,,,,,,,,,,,,,,,,,,,,,,,,,,,,,,,,,,,,,,,,
,,,,,,,,,,,,,,,,,,,,,,,,,,,,,,,,,,,,,,,,,,,,,,,,,,,,,,,,,,,,,,,,,,,,,,
,,,,,,,,,,,,,,,,,,,,,,,,,,,,,,,,,,,,,,,,,,,,,,,,,,,,,,,,,,,,,,,,,,,,,,
,,,,,,,,,,,,,,,,,,,,,,,,,,,,,,,,,,,,,,,,,,,,,,,,,,,,,,,,,,,,,,,,,,,,,,
,,,,,,,,,,,,,,,,,,,,,,,,,,,,,,,,,,,,,,,,,,,,,,,,,,,,,,,,,,,,,,,,,,,,,,
,,,,,,,,,,,,,,,,,,,,,,,,,,,,,,,,,,,,,,,,,,,,,,,,,,,,,,,,,,,,,,,,,,,,,,
,,,,,,,,,,,,,,,,,,,,,,,,,,,,,,,,,,,,,,,,,,,,,,,,,,,,,,,,,,,,,,,,,,,,,,
,,,,,,,,,,,,,,,,,,,,,,,,,,,,,,,,,,,,,,,,,,,,,,,,,,,,,,,,,,,,,,,,,,,,,,
,,,,,,,,,,,,,,,,,,,,,,,,,,,,,,,,,,,,,,,,,,,,,,,,,,,,,,,,,,,,,,,,,,,,,,
,,,,,,,,,,,,,,,,,,,,,,,,,,,,,,,,,,,,,,,,,,,,,,,,,,,,,,,,,,,,,,,,,,,,,,
,,,,,,,,,,,,,,,,,,,,,,,,,,,,,,,,,,,,,,,,,,,,,,,,,,,,,,,,,,,,,,,,,,,,,,
,,,,,,,,,,,,,,,,,,,,,,,,,,,,,,,,,,,,,,,,,,,,,,,,,,,,,,,,,,,,,,,,,,,,,,
,,,,,,,,,,,,,,,,,,,,,,,,,,,,,,,,,,,,,,,,,,,,,,,,,,,,,,,,,,,,,,,,,,,,,,
,,,,,,,,,,,,,,,,,,,,,,,,,,,,,,,,,,,,,,,,,,,,,,,,,,,,,,,,,,,,,,,,,,,,,,
,,,,,,,,,,,,,,,,,,,,,,,,,,,,,,,,,,,,,,,,,,,,,,,,,,,,,,,,,,,,,,,,,,,,,,
,,,,,,,,,,,,,,,,,,,,,,,,,,,,,,,,,,,,,,,,,,,,,,,,,,,,,,,,,,,,,,,,,,,,,,
,,,,,,,,,,,,,,,,,,,,,,,,,,,,,,,,,,,,,,,,,,,,,,,,,,,,,,,,,,,,,,,,,,,,,,
,,,,,,,,,,,,,,,,,,,,,,,,,,,,,,,,,,,,,,,,,,,,,,,,,,,,,,,,,,,,,,,,,,,,,,
,,,,,,,,,,,,,,,,,,,,,,,,,,,,,,,,,,,,,,,,,,,,,,,,,,,,,,,,,,,,,,,,,,,,,,
,,,,,,,,,,,,,,,,,,,,,,,,,,,,,,,,,,,,,,,,,,,,,,,,,,,,,,,,,,,,,,,,,,,,,,
,,,,,,,,,,,,,,,,,,,,,,,,,,,,,,,,,,,,,,,,,,,,,,,,,,,,,,,,,,,,,,,,,,,,,,
,,,,,,,,,,,,,,,,,,,,,,,,,,,,,,,,,,,,,,,,,,,,,,,,,,,,,,,,,,,,,,,,,,,,,,
,,,,,,,,,,,,,,,,,,,,,,,,,,,,,,,,,,,,,,,,,,,,,,,,,,,,,,,,,,,,,,,,,,,,,,
,,,,,,,,,,,,,,,,,,,,,,,,,,,,,,,,,,,,,,,,,,,,,,,,,,,,,,,,,,,,,,,,,,,,,,
,,,,,,,,,,,,,,,,,,,,,,,,,,,,,,,,,,,,,,,,,,,,,,,,,,,,,,,,,,,,,,,,,,,,,,
,,,,,,,,,,,,,,,,,,,,,,,,,,,,,,,,,,,,,,,,,,,,,,,,,,,,,,,,,,,,,,,,,,,,,,
,,,,,,,,,,,,,,,,,,,,,,,,,,,,,,,,,,,,,,,,,,,,,,,,,,,,,,,,,,,,,,,,,,,,,,
,,,,,,,,,,,,,,,,,,,,,,,,,,,,,,,,,,,,,,,,,,,,,,,,,,,,,,,,,,,,,,,,,,,,,,
,,,,,,,,,,,,,,,,,,,,,,,,,,,,,,,,,,,,,,,,,,,,,,,,,,,,,,,,,,,,,,,,,,,,,,
,,,,,,,,,,,,,,,,,,,,,,,,,,,,,,,,,,,,,,,,,,,,,,,,,,,,,,,,,,,,,,,,,,,,,,
,,,,,,,,,,,,,,,,,,,,,,,,,,,,,,,,,,,,,,,,,,,,,,,,,,,,,,,,,,,,,,,,,,,,,,
,,,,,,,,,,,,,,,,,,,,,,,,,,,,,,,,,,,,,,,,,,,,,,,,,,,,,,,,,,,,,,,,,,,,,,
,,,,,,,,,,,,,,,,,,,,,,,,,,,,,,,,,,,,,,,,,,,,,,,,,,,,,,,,,,,,,,,,,,,,,,
,,,,,,,,,,,,,,,,,,,,,,,,,,,,,,,,,,,,,,,,,,,,,,,,,,,,,,,,,,,,,,,,,,,,,,
,,,,,,,,,,,,,,,,,,,,,,,,,,,,,,,,,,,,,,,,,,,,,,,,,,,,,,,,,,,,,,,,,,,,,,
,,,,,,,,,,,,,,,,,,,,,,,,,,,,,,,,,,,,,,,,,,,,,,,,,,,,,,,,,,,,,,,,,,,,,,
,,,,,,,,,,,,,,,,,,,,,,,,,,,,,,,,,,,,,,,,,,,,,,,,,,,,,,,,,,,,,,,,,,,,,,
,,,,,,,,,,,,,,,,,,,,,,,,,,,,,,,,,,,,,,,,,,,,,,,,,,,,,,,,,,,,,,,,,,,,,,
,,,,,,,,,,,,,,,,,,,,,,,,,,,,,,,,,,,,,,,,,,,,,,,,,,,,,,,,,,,,,,,,,,,,,,
,,,,,,,,,,,,,,,,,,,,,,,,,,,,,,,,,,,,,,,,,,,,,,,,,,,,,,,,,,,,,,,,,,,,,,
,,,,,,,,,,,,,,,,,,,,,,,,,,,,,,,,,,,,,,,,,,,,,,,,,,,,,,,,,,,,,,,,,,,,,,
,,,,,,,,,,,,,,,,,,,,,,,,,,,,,,,,,,,,,,,,,,,,,,,,,,,,,,,,,,,,,,,,,,,,,,
,,,,,,,,,,,,,,,,,,,,,,,,,,,,,,,,,,,,,,,,,,,,,,,,,,,,,,,,,,,,,,,,,,,,,,
,,,,,,,,,,,,,,,,,,,,,,,,,,,,,,,,,,,,,,,,,,,,,,,,,,,,,,,,,,,,,,,,,,,,,,
,,,,,,,,,,,,,,,,,,,,,,,,,,,,,,,,,,,,,,,,,,,,,,,,,,,,,,,,,,,,,,,,,,,,,,
,,,,,,,,,,,,,,,,,,,,,,,,,,,,,,,,,,,,,,,,,,,,,,,,,,,,,,,,,,,,,,,,,,,,,,
,,,,,,,,,,,,,,,,,,,,,,,,,,,,,,,,,,,,,,,,,,,,,,,,,,,,,,,,,,,,,,,,,,,,,,
,,,,,,,,,,,,,,,,,,,,,,,,,,,,,,,,,,,,,,,,,,,,,,,,,,,,,,,,,,,,,,,,,,,,,,
,,,,,,,,,,,,,,,,,,,,,,,,,,,,,,,,,,,,,,,,,,,,,,,,,,,,,,,,,,,,,,,,,,,,,,
,,,,,,,,,,,,,,,,,,,,,,,,,,,,,,,,,,,,,,,,,,,,,,,,,,,,,,,,,,,,,,,,,,,,,,
,,,,,,,,,,,,,,,,,,,,,,,,,,,,,,,,,,,,,,,,,,,,,,,,,,,,,,,,,,,,,,,,,,,,,,
,,,,,,,,,,,,,,,,,,,,,,,,,,,,,,,,,,,,,,,,,,,,,,,,,,,,,,,,,,,,,,,,,,,,,,
,,,,,,,,,,,,,,,,,,,,,,,,,,,,,,,,,,,,,,,,,,,,,,,,,,,,,,,,,,,,,,,,,,,,,,
,,,,,,,,,,,,,,,,,,,,,,,,,,,,,,,,,,,,,,,,,,,,,,,,,,,,,,,,,,,,,,,,,,,,,,
,,,,,,,,,,,,,,,,,,,,,,,,,,,,,,,,,,,,,,,,,,,,,,,,,,,,,,,,,,,,,,,,,,,,,,
,,,,,,,,,,,,,,,,,,,,,,,,,,,,,,,,,,,,,,,,,,,,,,,,,,,,,,,,,,,,,,,,,,,,,,
,,,,,,,,,,,,,,,,,,,,,,,,,,,,,,,,,,,,,,,,,,,,,,,,,,,,,,,,,,,,,,,,,,,,,,
,,,,,,,,,,,,,,,,,,,,,,,,,,,,,,,,,,,,,,,,,,,,,,,,,,,,,,,,,,,,,,,,,,,,,,
,,,,,,,,,,,,,,,,,,,,,,,,,,,,,,,,,,,,,,,,,,,,,,,,,,,,,,,,,,,,,,,,,,,,,,
,,,,,,,,,,,,,,,,,,,,,,,,,,,,,,,,,,,,,,,,,,,,,,,,,,,,,,,,,,,,,,,,,,,,,,
,,,,,,,,,,,,,,,,,,,,,,,,,,,,,,,,,,,,,,,,,,,,,,,,,,,,,,,,,,,,,,,,,,,,,,
,,,,,,,,,,,,,,,,,,,,,,,,,,,,,,,,,,,,,,,,,,,,,,,,,,,,,,,,,,,,,,,,,,,,,,
,,,,,,,,,,,,,,,,,,,,,,,,,,,,,,,,,,,,,,,,,,,,,,,,,,,,,,,,,,,,,,,,,,,,,,
,,,,,,,,,,,,,,,,,,,,,,,,,,,,,,,,,,,,,,,,,,,,,,,,,,,,,,,,,,,,,,,,,,,,,,
,,,,,,,,,,,,,,,,,,,,,,,,,,,,,,,,,,,,,,,,,,,,,,,,,,,,,,,,,,,,,,,,,,,,,,
,,,,,,,,,,,,,,,,,,,,,,,,,,,,,,,,,,,,,,,,,,,,,,,,,,,,,,,,,,,,,,,,,,,,,,
,,,,,,,,,,,,,,,,,,,,,,,,,,,,,,,,,,,,,,,,,,,,,,,,,,,,,,,,,,,,,,,,,,,,,,
,,,,,,,,,,,,,,,,,,,,,,,,,,,,,,,,,,,,,,,,,,,,,,,,,,,,,,,,,,,,,,,,,,,,,,
,,,,,,,,,,,,,,,,,,,,,,,,,,,,,,,,,,,,,,,,,,,,,,,,,,,,,,,,,,,,,,,,,,,,,,
,,,,,,,,,,,,,,,,,,,,,,,,,,,,,,,,,,,,,,,,,,,,,,,,,,,,,,,,,,,,,,,,,,,,,,
,,,,,,,,,,,,,,,,,,,,,,,,,,,,,,,,,,,,,,,,,,,,,,,,,,,,,,,,,,,,,,,,,,,,,,
,,,,,,,,,,,,,,,,,,,,,,,,,,,,,,,,,,,,,,,,,,,,,,,,,,,,,,,,,,,,,,,,,,,,,,
,,,,,,,,,,,,,,,,,,,,,,,,,,,,,,,,,,,,,,,,,,,,,,,,,,,,,,,,,,,,,,,,,,,,,,
,,,,,,,,,,,,,,,,,,,,,,,,,,,,,,,,,,,,,,,,,,,,,,,,,,,,,,,,,,,,,,,,,,,,,,
,,,,,,,,,,,,,,,,,,,,,,,,,,,,,,,,,,,,,,,,,,,,,,,,,,,,,,,,,,,,,,,,,,,,,,
,,,,,,,,,,,,,,,,,,,,,,,,,,,,,,,,,,,,,,,,,,,,,,,,,,,,,,,,,,,,,,,,,,,,,,
,,,,,,,,,,,,,,,,,,,,,,,,,,,,,,,,,,,,,,,,,,,,,,,,,,,,,,,,,,,,,,,,,,,,,,
,,,,,,,,,,,,,,,,,,,,,,,,,,,,,,,,,,,,,,,,,,,,,,,,,,,,,,,,,,,,,,,,,,,,,,
,,,,,,,,,,,,,,,,,,,,,,,,,,,,,,,,,,,,,,,,,,,,,,,,,,,,,,,,,,,,,,,,,,,,,,
,,,,,,,,,,,,,,,,,,,,,,,,,,,,,,,,,,,,,,,,,,,,,,,,,,,,,,,,,,,,,,,,,,,,,,
,,,,,,,,,,,,,,,,,,,,,,,,,,,,,,,,,,,,,,,,,,,,,,,,,,,,,,,,,,,,,,,,,,,,,,
,,,,,,,,,,,,,,,,,,,,,,,,,,,,,,,,,,,,,,,,,,,,,,,,,,,,,,,,,,,,,,,,,,,,,,
,,,,,,,,,,,,,,,,,,,,,,,,,,,,,,,,,,,,,,,,,,,,,,,,,,,,,,,,,,,,,,,,,,,,,,
,,,,,,,,,,,,,,,,,,,,,,,,,,,,,,,,,,,,,,,,,,,,,,,,,,,,,,,,,,,,,,,,,,,,,,
,,,,,,,,,,,,,,,,,,,,,,,,,,,,,,,,,,,,,,,,,,,,,,,,,,,,,,,,,,,,,,,,,,,,,,
,,,,,,,,,,,,,,,,,,,,,,,,,,,,,,,,,,,,,,,,,,,,,,,,,,,,,,,,,,,,,,,,,,,,,,
,,,,,,,,,,,,,,,,,,,,,,,,,,,,,,,,,,,,,,,,,,,,,,,,,,,,,,,,,,,,,,,,,,,,,,
,,,,,,,,,,,,,,,,,,,,,,,,,,,,,,,,,,,,,,,,,,,,,,,,,,,,,,,,,,,,,,,,,,,,,,
,,,,,,,,,,,,,,,,,,,,,,,,,,,,,,,,,,,,,,,,,,,,,,,,,,,,,,,,,,,,,,,,,,,,,,
,,,,,,,,,,,,,,,,,,,,,,,,,,,,,,,,,,,,,,,,,,,,,,,,,,,,,,,,,,,,,,,,,,,,,,
,,,,,,,,,,,,,,,,,,,,,,,,,,,,,,,,,,,,,,,,,,,,,,,,,,,,,,,,,,,,,,,,,,,,,,
,,,,,,,,,,,,,,,,,,,,,,,,,,,,,,,,,,,,,,,,,,,,,,,,,,,,,,,,,,,,,,,,,,,,,,
,,,,,,,,,,,,,,,,,,,,,,,,,,,,,,,,,,,,,,,,,,,,,,,,,,,,,,,,,,,,,,,,,,,,,,
,,,,,,,,,,,,,,,,,,,,,,,,,,,,,,,,,,,,,,,,,,,,,,,,,,,,,,,,,,,,,,,,,,,,,,
,,,,,,,,,,,,,,,,,,,,,,,,,,,,,,,,,,,,,,,,,,,,,,,,,,,,,,,,,,,,,,,,,,,,,,
,,,,,,,,,,,,,,,,,,,,,,,,,,,,,,,,,,,,,,,,,,,,,,,,,,,,,,,,,,,,,,,,,,,,,,
,,,,,,,,,,,,,,,,,,,,,,,,,,,,,,,,,,,,,,,,,,,,,,,,,,,,,,,,,,,,,,,,,,,,,,
,,,,,,,,,,,,,,,,,,,,,,,,,,,,,,,,,,,,,,,,,,,,,,,,,,,,,,,,,,,,,,,,,,,,,,
,,,,,,,,,,,,,,,,,,,,,,,,,,,,,,,,,,,,,,,,,,,,,,,,,,,,,,,,,,,,,,,,,,,,,,
,,,,,,,,,,,,,,,,,,,,,,,,,,,,,,,,,,,,,,,,,,,,,,,,,,,,,,,,,,,,,,,,,,,,,,
,,,,,,,,,,,,,,,,,,,,,,,,,,,,,,,,,,,,,,,,,,,,,,,,,,,,,,,,,,,,,,,,,,,,,,
,,,,,,,,,,,,,,,,,,,,,,,,,,,,,,,,,,,,,,,,,,,,,,,,,,,,,,,,,,,,,,,,,,,,,,
,,,,,,,,,,,,,,,,,,,,,,,,,,,,,,,,,,,,,,,,,,,,,,,,,,,,,,,,,,,,,,,,,,,,,,
,,,,,,,,,,,,,,,,,,,,,,,,,,,,,,,,,,,,,,,,,,,,,,,,,,,,,,,,,,,,,,,,,,,,,,
,,,,,,,,,,,,,,,,,,,,,,,,,,,,,,,,,,,,,,,,,,,,,,,,,,,,,,,,,,,,,,,,,,,,,,
,,,,,,,,,,,,,,,,,,,,,,,,,,,,,,,,,,,,,,,,,,,,,,,,,,,,,,,,,,,,,,,,,,,,,,
,,,,,,,,,,,,,,,,,,,,,,,,,,,,,,,,,,,,,,,,,,,,,,,,,,,,,,,,,,,,,,,,,,,,,,
,,,,,,,,,,,,,,,,,,,,,,,,,,,,,,,,,,,,,,,,,,,,,,,,,,,,,,,,,,,,,,,,,,,,,,
,,,,,,,,,,,,,,,,,,,,,,,,,,,,,,,,,,,,,,,,,,,,,,,,,,,,,,,,,,,,,,,,,,,,,,
,,,,,,,,,,,,,,,,,,,,,,,,,,,,,,,,,,,,,,,,,,,,,,,,,,,,,,,,,,,,,,,,,,,,,,
,,,,,,,,,,,,,,,,,,,,,,,,,,,,,,,,,,,,,,,,,,,,,,,,,,,,,,,,,,,,,,,,,,,,,,
,,,,,,,,,,,,,,,,,,,,,,,,,,,,,,,,,,,,,,,,,,,,,,,,,,,,,,,,,,,,,,,,,,,,,,
,,,,,,,,,,,,,,,,,,,,,,,,,,,,,,,,,,,,,,,,,,,,,,,,,,,,,,,,,,,,,,,,,,,,,,
,,,,,,,,,,,,,,,,,,,,,,,,,,,,,,,,,,,,,,,,,,,,,,,,,,,,,,,,,,,,,,,,,,,,,,
,,,,,,,,,,,,,,,,,,,,,,,,,,,,,,,,,,,,,,,,,,,,,,,,,,,,,,,,,,,,,,,,,,,,,,
,,,,,,,,,,,,,,,,,,,,,,,,,,,,,,,,,,,,,,,,,,,,,,,,,,,,,,,,,,,,,,,,,,,,,,
,,,,,,,,,,,,,,,,,,,,,,,,,,,,,,,,,,,,,,,,,,,,,,,,,,,,,,,,,,,,,,,,,,,,,,
,,,,,,,,,,,,,,,,,,,,,,,,,,,,,,,,,,,,,,,,,,,,,,,,,,,,,,,,,,,,,,,,,,,,,,
,,,,,,,,,,,,,,,,,,,,,,,,,,,,,,,,,,,,,,,,,,,,,,,,,,,,,,,,,,,,,,,,,,,,,,
,,,,,,,,,,,,,,,,,,,,,,,,,,,,,,,,,,,,,,,,,,,,,,,,,,,,,,,,,,,,,,,,,,,,,,
,,,,,,,,,,,,,,,,,,,,,,,,,,,,,,,,,,,,,,,,,,,,,,,,,,,,,,,,,,,,,,,,,,,,,,
,,,,,,,,,,,,,,,,,,,,,,,,,,,,,,,,,,,,,,,,,,,,,,,,,,,,,,,,,,,,,,,,,,,,,,
,,,,,,,,,,,,,,,,,,,,,,,,,,,,,,,,,,,,,,,,,,,,,,,,,,,,,,,,,,,,,,,,,,,,,,
,,,,,,,,,,,,,,,,,,,,,,,,,,,,,,,,,,,,,,,,,,,,,,,,,,,,,,,,,,,,,,,,,,,,,,
,,,,,,,,,,,,,,,,,,,,,,,,,,,,,,,,,,,,,,,,,,,,,,,,,,,,,,,,,,,,,,,,,,,,,,
,,,,,,,,,,,,,,,,,,,,,,,,,,,,,,,,,,,,,,,,,,,,,,,,,,,,,,,,,,,,,,,,,,,,,,
,,,,,,,,,,,,,,,,,,,,,,,,,,,,,,,,,,,,,,,,,,,,,,,,,,,,,,,,,,,,,,,,,,,,,,
,,,,,,,,,,,,,,,,,,,,,,,,,,,,,,,,,,,,,,,,,,,,,,,,,,,,,,,,,,,,,,,,,,,,,,
,,,,,,,,,,,,,,,,,,,,,,,,,,,,,,,,,,,,,,,,,,,,,,,,,,,,,,,,,,,,,,,,,,,,,,
,,,,,,,,,,,,,,,,,,,,,,,,,,,,,,,,,,,,,,,,,,,,,,,,,,,,,,,,,,,,,,,,,,,,,,
,,,,,,,,,,,,,,,,,,,,,,,,,,,,,,,,,,,,,,,,,,,,,,,,,,,,,,,,,,,,,,,,,,,,,,
,,,,,,,,,,,,,,,,,,,,,,,,,,,,,,,,,,,,,,,,,,,,,,,,,,,,,,,,,,,,,,,,,,,,,,
,,,,,,,,,,,,,,,,,,,,,,,,,,,,,,,,,,,,,,,,,,,,,,,,,,,,,,,,,,,,,,,,,,,,,,
,,,,,,,,,,,,,,,,,,,,,,,,,,,,,,,,,,,,,,,,,,,,,,,,,,,,,,,,,,,,,,,,,,,,,,
,,,,,,,,,,,,,,,,,,,,,,,,,,,,,,,,,,,,,,,,,,,,,,,,,,,,,,,,,,,,,,,,,,,,,,
,,,,,,,,,,,,,,,,,,,,,,,,,,,,,,,,,,,,,,,,,,,,,,,,,,,,,,,,,,,,,,,,,,,,,,
,,,,,,,,,,,,,,,,,,,,,,,,,,,,,,,,,,,,,,,,,,,,,,,,,,,,,,,,,,,,,,,,,,,,,,
,,,,,,,,,,,,,,,,,,,,,,,,,,,,,,,,,,,,,,,,,,,,,,,,,,,,,,,,,,,,,,,,,,,,,,
,,,,,,,,,,,,,,,,,,,,,,,,,,,,,,,,,,,,,,,,,,,,,,,,,,,,,,,,,,,,,,,,,,,,,,
,,,,,,,,,,,,,,,,,,,,,,,,,,,,,,,,,,,,,,,,,,,,,,,,,,,,,,,,,,,,,,,,,,,,,,
,,,,,,,,,,,,,,,,,,,,,,,,,,,,,,,,,,,,,,,,,,,,,,,,,,,,,,,,,,,,,,,,,,,,,,
,,,,,,,,,,,,,,,,,,,,,,,,,,,,,,,,,,,,,,,,,,,,,,,,,,,,,,,,,,,,,,,,,,,,,,
,,,,,,,,,,,,,,,,,,,,,,,,,,,,,,,,,,,,,,,,,,,,,,,,,,,,,,,,,,,,,,,,,,,,,,
,,,,,,,,,,,,,,,,,,,,,,,,,,,,,,,,,,,,,,,,,,,,,,,,,,,,,,,,,,,,,,,,,,,,,,
,,,,,,,,,,,,,,,,,,,,,,,,,,,,,,,,,,,,,,,,,,,,,,,,,,,,,,,,,,,,,,,,,,,,,,
,,,,,,,,,,,,,,,,,,,,,,,,,,,,,,,,,,,,,,,,,,,,,,,,,,,,,,,,,,,,,,,,,,,,,,
,,,,,,,,,,,,,,,,,,,,,,,,,,,,,,,,,,,,,,,,,,,,,,,,,,,,,,,,,,,,,,,,,,,,,,
,,,,,,,,,,,,,,,,,,,,,,,,,,,,,,,,,,,,,,,,,,,,,,,,,,,,,,,,,,,,,,,,,,,,,,
,,,,,,,,,,,,,,,,,,,,,,,,,,,,,,,,,,,,,,,,,,,,,,,,,,,,,,,,,,,,,,,,,,,,,,
,,,,,,,,,,,,,,,,,,,,,,,,,,,,,,,,,,,,,,,,,,,,,,,,,,,,,,,,,,,,,,,,,,,,,,
,,,,,,,,,,,,,,,,,,,,,,,,,,,,,,,,,,,,,,,,,,,,,,,,,,,,,,,,,,,,,,,,,,,,,,
,,,,,,,,,,,,,,,,,,,,,,,,,,,,,,,,,,,,,,,,,,,,,,,,,,,,,,,,,,,,,,,,,,,,,,
,,,,,,,,,,,,,,,,,,,,,,,,,,,,,,,,,,,,,,,,,,,,,,,,,,,,,,,,,,,,,,,,,,,,,,
,,,,,,,,,,,,,,,,,,,,,,,,,,,,,,,,,,,,,,,,,,,,,,,,,,,,,,,,,,,,,,,,,,,,,,
,,,,,,,,,,,,,,,,,,,,,,,,,,,,,,,,,,,,,,,,,,,,,,,,,,,,,,,,,,,,,,,,,,,,,,
,,,,,,,,,,,,,,,,,,,,,,,,,,,,,,,,,,,,,,,,,,,,,,,,,,,,,,,,,,,,,,,,,,,,,,
,,,,,,,,,,,,,,,,,,,,,,,,,,,,,,,,,,,,,,,,,,,,,,,,,,,,,,,,,,,,,,,,,,,,,,
,,,,,,,,,,,,,,,,,,,,,,,,,,,,,,,,,,,,,,,,,,,,,,,,,,,,,,,,,,,,,,,,,,,,,,
,,,,,,,,,,,,,,,,,,,,,,,,,,,,,,,,,,,,,,,,,,,,,,,,,,,,,,,,,,,,,,,,,,,,,,
,,,,,,,,,,,,,,,,,,,,,,,,,,,,,,,,,,,,,,,,,,,,,,,,,,,,,,,,,,,,,,,,,,,,,,
,,,,,,,,,,,,,,,,,,,,,,,,,,,,,,,,,,,,,,,,,,,,,,,,,,,,,,,,,,,,,,,,,,,,,,
,,,,,,,,,,,,,,,,,,,,,,,,,,,,,,,,,,,,,,,,,,,,,,,,,,,,,,,,,,,,,,,,,,,,,,
,,,,,,,,,,,,,,,,,,,,,,,,,,,,,,,,,,,,,,,,,,,,,,,,,,,,,,,,,,,,,,,,,,,,,,
,,,,,,,,,,,,,,,,,,,,,,,,,,,,,,,,,,,,,,,,,,,,,,,,,,,,,,,,,,,,,,,,,,,,,,
,,,,,,,,,,,,,,,,,,,,,,,,,,,,,,,,,,,,,,,,,,,,,,,,,,,,,,,,,,,,,,,,,,,,,,
,,,,,,,,,,,,,,,,,,,,,,,,,,,,,,,,,,,,,,,,,,,,,,,,,,,,,,,,,,,,,,,,,,,,,,
,,,,,,,,,,,,,,,,,,,,,,,,,,,,,,,,,,,,,,,,,,,,,,,,,,,,,,,,,,,,,,,,,,,,,,
,,,,,,,,,,,,,,,,,,,,,,,,,,,,,,,,,,,,,,,,,,,,,,,,,,,,,,,,,,,,,,,,,,,,,,
,,,,,,,,,,,,,,,,,,,,,,,,,,,,,,,,,,,,,,,,,,,,,,,,,,,,,,,,,,,,,,,,,,,,,,
,,,,,,,,,,,,,,,,,,,,,,,,,,,,,,,,,,,,,,,,,,,,,,,,,,,,,,,,,,,,,,,,,,,,,,
,,,,,,,,,,,,,,,,,,,,,,,,,,,,,,,,,,,,,,,,,,,,,,,,,,,,,,,,,,,,,,,,,,,,,,
,,,,,,,,,,,,,,,,,,,,,,,,,,,,,,,,,,,,,,,,,,,,,,,,,,,,,,,,,,,,,,,,,,,,,,
,,,,,,,,,,,,,,,,,,,,,,,,,,,,,,,,,,,,,,,,,,,,,,,,,,,,,,,,,,,,,,,,,,,,,,
,,,,,,,,,,,,,,,,,,,,,,,,,,,,,,,,,,,,,,,,,,,,,,,,,,,,,,,,,,,,,,,,,,,,,,
,,,,,,,,,,,,,,,,,,,,,,,,,,,,,,,,,,,,,,,,,,,,,,,,,,,,,,,,,,,,,,,,,,,,,,
,,,,,,,,,,,,,,,,,,,,,,,,,,,,,,,,,,,,,,,,,,,,,,,,,,,,,,,,,,,,,,,,,,,,,,
,,,,,,,,,,,,,,,,,,,,,,,,,,,,,,,,,,,,,,,,,,,,,,,,,,,,,,,,,,,,,,,,,,,,,,
,,,,,,,,,,,,,,,,,,,,,,,,,,,,,,,,,,,,,,,,,,,,,,,,,,,,,,,,,,,,,,,,,,,,,,
,,,,,,,,,,,,,,,,,,,,,,,,,,,,,,,,,,,,,,,,,,,,,,,,,,,,,,,,,,,,,,,,,,,,,,
,,,,,,,,,,,,,,,,,,,,,,,,,,,,,,,,,,,,,,,,,,,,,,,,,,,,,,,,,,,,,,,,,,,,,,
,,,,,,,,,,,,,,,,,,,,,,,,,,,,,,,,,,,,,,,,,,,,,,,,,,,,,,,,,,,,,,,,,,,,,,
,,,,,,,,,,,,,,,,,,,,,,,,,,,,,,,,,,,,,,,,,,,,,,,,,,,,,,,,,,,,,,,,,,,,,,
,,,,,,,,,,,,,,,,,,,,,,,,,,,,,,,,,,,,,,,,,,,,,,,,,,,,,,,,,,,,,,,,,,,,,,
,,,,,,,,,,,,,,,,,,,,,,,,,,,,,,,,,,,,,,,,,,,,,,,,,,,,,,,,,,,,,,,,,,,,,,
,,,,,,,,,,,,,,,,,,,,,,,,,,,,,,,,,,,,,,,,,,,,,,,,,,,,,,,,,,,,,,,,,,,,,,
,,,,,,,,,,,,,,,,,,,,,,,,,,,,,,,,,,,,,,,,,,,,,,,,,,,,,,,,,,,,,,,,,,,,,,
,,,,,,,,,,,,,,,,,,,,,,,,,,,,,,,,,,,,,,,,,,,,,,,,,,,,,,,,,,,,,,,,,,,,,,
,,,,,,,,,,,,,,,,,,,,,,,,,,,,,,,,,,,,,,,,,,,,,,,,,,,,,,,,,,,,,,,,,,,,,,
,,,,,,,,,,,,,,,,,,,,,,,,,,,,,,,,,,,,,,,,,,,,,,,,,,,,,,,,,,,,,,,,,,,,,,
,,,,,,,,,,,,,,,,,,,,,,,,,,,,,,,,,,,,,,,,,,,,,,,,,,,,,,,,,,,,,,,,,,,,,,
,,,,,,,,,,,,,,,,,,,,,,,,,,,,,,,,,,,,,,,,,,,,,,,,,,,,,,,,,,,,,,,,,,,,,,
,,,,,,,,,,,,,,,,,,,,,,,,,,,,,,,,,,,,,,,,,,,,,,,,,,,,,,,,,,,,,,,,,,,,,,
,,,,,,,,,,,,,,,,,,,,,,,,,,,,,,,,,,,,,,,,,,,,,,,,,,,,,,,,,,,,,,,,,,,,,,
,,,,,,,,,,,,,,,,,,,,,,,,,,,,,,,,,,,,,,,,,,,,,,,,,,,,,,,,,,,,,,,,,,,,,,
,,,,,,,,,,,,,,,,,,,,,,,,,,,,,,,,,,,,,,,,,,,,,,,,,,,,,,,,,,,,,,,,,,,,,,
,,,,,,,,,,,,,,,,,,,,,,,,,,,,,,,,,,,,,,,,,,,,,,,,,,,,,,,,,,,,,,,,,,,,,,
,,,,,,,,,,,,,,,,,,,,,,,,,,,,,,,,,,,,,,,,,,,,,,,,,,,,,,,,,,,,,,,,,,,,,,
,,,,,,,,,,,,,,,,,,,,,,,,,,,,,,,,,,,,,,,,,,,,,,,,,,,,,,,,,,,,,,,,,,,,,,
,,,,,,,,,,,,,,,,,,,,,,,,,,,,,,,,,,,,,,,,,,,,,,,,,,,,,,,,,,,,,,,,,,,,,,
,,,,,,,,,,,,,,,,,,,,,,,,,,,,,,,,,,,,,,,,,,,,,,,,,,,,,,,,,,,,,,,,,,,,,,
,,,,,,,,,,,,,,,,,,,,,,,,,,,,,,,,,,,,,,,,,,,,,,,,,,,,,,,,,,,,,,,,,,,,,,
,,,,,,,,,,,,,,,,,,,,,,,,,,,,,,,,,,,,,,,,,,,,,,,,,,,,,,,,,,,,,,,,,,,,,,
,,,,,,,,,,,,,,,,,,,,,,,,,,,,,,,,,,,,,,,,,,,,,,,,,,,,,,,,,,,,,,,,,,,,,,
,,,,,,,,,,,,,,,,,,,,,,,,,,,,,,,,,,,,,,,,,,,,,,,,,,,,,,,,,,,,,,,,,,,,,,
,,,,,,,,,,,,,,,,,,,,,,,,,,,,,,,,,,,,,,,,,,,,,,,,,,,,,,,,,,,,,,,,,,,,,,
,,,,,,,,,,,,,,,,,,,,,,,,,,,,,,,,,,,,,,,,,,,,,,,,,,,,,,,,,,,,,,,,,,,,,,
,,,,,,,,,,,,,,,,,,,,,,,,,,,,,,,,,,,,,,,,,,,,,,,,,,,,,,,,,,,,,,,,,,,,,,
,,,,,,,,,,,,,,,,,,,,,,,,,,,,,,,,,,,,,,,,,,,,,,,,,,,,,,,,,,,,,,,,,,,,,,
,,,,,,,,,,,,,,,,,,,,,,,,,,,,,,,,,,,,,,,,,,,,,,,,,,,,,,,,,,,,,,,,,,,,,,
,,,,,,,,,,,,,,,,,,,,,,,,,,,,,,,,,,,,,,,,,,,,,,,,,,,,,,,,,,,,,,,,,,,,,,
,,,,,,,,,,,,,,,,,,,,,,,,,,,,,,,,,,,,,,,,,,,,,,,,,,,,,,,,,,,,,,,,,,,,,,
,,,,,,,,,,,,,,,,,,,,,,,,,,,,,,,,,,,,,,,,,,,,,,,,,,,,,,,,,,,,,,,,,,,,,,
,,,,,,,,,,,,,,,,,,,,,,,,,,,,,,,,,,,,,,,,,,,,,,,,,,,,,,,,,,,,,,,,,,,,,,
,,,,,,,,,,,,,,,,,,,,,,,,,,,,,,,,,,,,,,,,,,,,,,,,,,,,,,,,,,,,,,,,,,,,,,
,,,,,,,,,,,,,,,,,,,,,,,,,,,,,,,,,,,,,,,,,,,,,,,,,,,,,,,,,,,,,,,,,,,,,,
,,,,,,,,,,,,,,,,,,,,,,,,,,,,,,,,,,,,,,,,,,,,,,,,,,,,,,,,,,,,,,,,,,,,,,
,,,,,,,,,,,,,,,,,,,,,,,,,,,,,,,,,,,,,,,,,,,,,,,,,,,,,,,,,,,,,,,,,,,,,,
,,,,,,,,,,,,,,,,,,,,,,,,,,,,,,,,,,,,,,,,,,,,,,,,,,,,,,,,,,,,,,,,,,,,,,
,,,,,,,,,,,,,,,,,,,,,,,,,,,,,,,,,,,,,,,,,,,,,,,,,,,,,,,,,,,,,,,,,,,,,,
,,,,,,,,,,,,,,,,,,,,,,,,,,,,,,,,,,,,,,,,,,,,,,,,,,,,,,,,,,,,,,,,,,,,,,
,,,,,,,,,,,,,,,,,,,,,,,,,,,,,,,,,,,,,,,,,,,,,,,,,,,,,,,,,,,,,,,,,,,,,,
,,,,,,,,,,,,,,,,,,,,,,,,,,,,,,,,,,,,,,,,,,,,,,,,,,,,,,,,,,,,,,,,,,,,,,
,,,,,,,,,,,,,,,,,,,,,,,,,,,,,,,,,,,,,,,,,,,,,,,,,,,,,,,,,,,,,,,,,,,,,,
,,,,,,,,,,,,,,,,,,,,,,,,,,,,,,,,,,,,,,,,,,,,,,,,,,,,,,,,,,,,,,,,,,,,,,
,,,,,,,,,,,,,,,,,,,,,,,,,,,,,,,,,,,,,,,,,,,,,,,,,,,,,,,,,,,,,,,,,,,,,,
,,,,,,,,,,,,,,,,,,,,,,,,,,,,,,,,,,,,,,,,,,,,,,,,,,,,,,,,,,,,,,,,,,,,,,
,,,,,,,,,,,,,,,,,,,,,,,,,,,,,,,,,,,,,,,,,,,,,,,,,,,,,,,,,,,,,,,,,,,,,,
,,,,,,,,,,,,,,,,,,,,,,,,,,,,,,,,,,,,,,,,,,,,,,,,,,,,,,,,,,,,,,,,,,,,,,
,,,,,,,,,,,,,,,,,,,,,,,,,,,,,,,,,,,,,,,,,,,,,,,,,,,,,,,,,,,,,,,,,,,,,,
,,,,,,,,,,,,,,,,,,,,,,,,,,,,,,,,,,,,,,,,,,,,,,,,,,,,,,,,,,,,,,,,,,,,,,
,,,,,,,,,,,,,,,,,,,,,,,,,,,,,,,,,,,,,,,,,,,,,,,,,,,,,,,,,,,,,,,,,,,,,,
,,,,,,,,,,,,,,,,,,,,,,,,,,,,,,,,,,,,,,,,,,,,,,,,,,,,,,,,,,,,,,,,,,,,,,
,,,,,,,,,,,,,,,,,,,,,,,,,,,,,,,,,,,,,,,,,,,,,,,,,,,,,,,,,,,,,,,,,,,,,,
,,,,,,,,,,,,,,,,,,,,,,,,,,,,,,,,,,,,,,,,,,,,,,,,,,,,,,,,,,,,,,,,,,,,,,
,,,,,,,,,,,,,,,,,,,,,,,,,,,,,,,,,,,,,,,,,,,,,,,,,,,,,,,,,,,,,,,,,,,,,,
,,,,,,,,,,,,,,,,,,,,,,,,,,,,,,,,,,,,,,,,,,,,,,,,,,,,,,,,,,,,,,,,,,,,,,
,,,,,,,,,,,,,,,,,,,,,,,,,,,,,,,,,,,,,,,,,,,,,,,,,,,,,,,,,,,,,,,,,,,,,,
,,,,,,,,,,,,,,,,,,,,,,,,,,,,,,,,,,,,,,,,,,,,,,,,,,,,,,,,,,,,,,,,,,,,,,
,,,,,,,,,,,,,,,,,,,,,,,,,,,,,,,,,,,,,,,,,,,,,,,,,,,,,,,,,,,,,,,,,,,,,,
,,,,,,,,,,,,,,,,,,,,,,,,,,,,,,,,,,,,,,,,,,,,,,,,,,,,,,,,,,,,,,,,,,,,,,
,,,,,,,,,,,,,,,,,,,,,,,,,,,,,,,,,,,,,,,,,,,,,,,,,,,,,,,,,,,,,,,,,,,,,,
,,,,,,,,,,,,,,,,,,,,,,,,,,,,,,,,,,,,,,,,,,,,,,,,,,,,,,,,,,,,,,,,,,,,,,
,,,,,,,,,,,,,,,,,,,,,,,,,,,,,,,,,,,,,,,,,,,,,,,,,,,,,,,,,,,,,,,,,,,,,,
,,,,,,,,,,,,,,,,,,,,,,,,,,,,,,,,,,,,,,,,,,,,,,,,,,,,,,,,,,,,,,,,,,,,,,
,,,,,,,,,,,,,,,,,,,,,,,,,,,,,,,,,,,,,,,,,,,,,,,,,,,,,,,,,,,,,,,,,,,,,,
,,,,,,,,,,,,,,,,,,,,,,,,,,,,,,,,,,,,,,,,,,,,,,,,,,,,,,,,,,,,,,,,,,,,,,
,,,,,,,,,,,,,,,,,,,,,,,,,,,,,,,,,,,,,,,,,,,,,,,,,,,,,,,,,,,,,,,,,,,,,,
,,,,,,,,,,,,,,,,,,,,,,,,,,,,,,,,,,,,,,,,,,,,,,,,,,,,,,,,,,,,,,,,,,,,,,
,,,,,,,,,,,,,,,,,,,,,,,,,,,,,,,,,,,,,,,,,,,,,,,,,,,,,,,,,,,,,,,,,,,,,,
,,,,,,,,,,,,,,,,,,,,,,,,,,,,,,,,,,,,,,,,,,,,,,,,,,,,,,,,,,,,,,,,,,,,,,
,,,,,,,,,,,,,,,,,,,,,,,,,,,,,,,,,,,,,,,,,,,,,,,,,,,,,,,,,,,,,,,,,,,,,,
,,,,,,,,,,,,,,,,,,,,,,,,,,,,,,,,,,,,,,,,,,,,,,,,,,,,,,,,,,,,,,,,,,,,,,
,,,,,,,,,,,,,,,,,,,,,,,,,,,,,,,,,,,,,,,,,,,,,,,,,,,,,,,,,,,,,,,,,,,,,,
,,,,,,,,,,,,,,,,,,,,,,,,,,,,,,,,,,,,,,,,,,,,,,,,,,,,,,,,,,,,,,,,,,,,,,
,,,,,,,,,,,,,,,,,,,,,,,,,,,,,,,,,,,,,,,,,,,,,,,,,,,,,,,,,,,,,,,,,,,,,,
,,,,,,,,,,,,,,,,,,,,,,,,,,,,,,,,,,,,,,,,,,,,,,,,,,,,,,,,,,,,,,,,,,,,,,
,,,,,,,,,,,,,,,,,,,,,,,,,,,,,,,,,,,,,,,,,,,,,,,,,,,,,,,,,,,,,,,,,,,,,,
,,,,,,,,,,,,,,,,,,,,,,,,,,,,,,,,,,,,,,,,,,,,,,,,,,,,,,,,,,,,,,,,,,,,,,
,,,,,,,,,,,,,,,,,,,,,,,,,,,,,,,,,,,,,,,,,,,,,,,,,,,,,,,,,,,,,,,,,,,,,,
,,,,,,,,,,,,,,,,,,,,,,,,,,,,,,,,,,,,,,,,,,,,,,,,,,,,,,,,,,,,,,,,,,,,,,
,,,,,,,,,,,,,,,,,,,,,,,,,,,,,,,,,,,,,,,,,,,,,,,,,,,,,,,,,,,,,,,,,,,,,,
,,,,,,,,,,,,,,,,,,,,,,,,,,,,,,,,,,,,,,,,,,,,,,,,,,,,,,,,,,,,,,,,,,,,,,
,,,,,,,,,,,,,,,,,,,,,,,,,,,,,,,,,,,,,,,,,,,,,,,,,,,,,,,,,,,,,,,,,,,,,,
,,,,,,,,,,,,,,,,,,,,,,,,,,,,,,,,,,,,,,,,,,,,,,,,,,,,,,,,,,,,,,,,,,,,,,
,,,,,,,,,,,,,,,,,,,,,,,,,,,,,,,,,,,,,,,,,,,,,,,,,,,,,,,,,,,,,,,,,,,,,,
,,,,,,,,,,,,,,,,,,,,,,,,,,,,,,,,,,,,,,,,,,,,,,,,,,,,,,,,,,,,,,,,,,,,,,
,,,,,,,,,,,,,,,,,,,,,,,,,,,,,,,,,,,,,,,,,,,,,,,,,,,,,,,,,,,,,,,,,,,,,,
,,,,,,,,,,,,,,,,,,,,,,,,,,,,,,,,,,,,,,,,,,,,,,,,,,,,,,,,,,,,,,,,,,,,,,
,,,,,,,,,,,,,,,,,,,,,,,,,,,,,,,,,,,,,,,,,,,,,,,,,,,,,,,,,,,,,,,,,,,,,,
,,,,,,,,,,,,,,,,,,,,,,,,,,,,,,,,,,,,,,,,,,,,,,,,,,,,,,,,,,,,,,,,,,,,,,
,,,,,,,,,,,,,,,,,,,,,,,,,,,,,,,,,,,,,,,,,,,,,,,,,,,,,,,,,,,,,,,,,,,,,,
,,,,,,,,,,,,,,,,,,,,,,,,,,,,,,,,,,,,,,,,,,,,,,,,,,,,,,,,,,,,,,,,,,,,,,
,,,,,,,,,,,,,,,,,,,,,,,,,,,,,,,,,,,,,,,,,,,,,,,,,,,,,,,,,,,,,,,,,,,,,,
,,,,,,,,,,,,,,,,,,,,,,,,,,,,,,,,,,,,,,,,,,,,,,,,,,,,,,,,,,,,,,,,,,,,,,
,,,,,,,,,,,,,,,,,,,,,,,,,,,,,,,,,,,,,,,,,,,,,,,,,,,,,,,,,,,,,,,,,,,,,,
,,,,,,,,,,,,,,,,,,,,,,,,,,,,,,,,,,,,,,,,,,,,,,,,,,,,,,,,,,,,,,,,,,,,,,
,,,,,,,,,,,,,,,,,,,,,,,,,,,,,,,,,,,,,,,,,,,,,,,,,,,,,,,,,,,,,,,,,,,,,,
,,,,,,,,,,,,,,,,,,,,,,,,,,,,,,,,,,,,,,,,,,,,,,,,,,,,,,,,,,,,,,,,,,,,,,
,,,,,,,,,,,,,,,,,,,,,,,,,,,,,,,,,,,,,,,,,,,,,,,,,,,,,,,,,,,,,,,,,,,,,,
,,,,,,,,,,,,,,,,,,,,,,,,,,,,,,,,,,,,,,,,,,,,,,,,,,,,,,,,,,,,,,,,,,,,,,
,,,,,,,,,,,,,,,,,,,,,,,,,,,,,,,,,,,,,,,,,,,,,,,,,,,,,,,,,,,,,,,,,,,,,,
,,,,,,,,,,,,,,,,,,,,,,,,,,,,,,,,,,,,,,,,,,,,,,,,,,,,,,,,,,,,,,,,,,,,,,
,,,,,,,,,,,,,,,,,,,,,,,,,,,,,,,,,,,,,,,,,,,,,,,,,,,,,,,,,,,,,,,,,,,,,,
,,,,,,,,,,,,,,,,,,,,,,,,,,,,,,,,,,,,,,,,,,,,,,,,,,,,,,,,,,,,,,,,,,,,,,
,,,,,,,,,,,,,,,,,,,,,,,,,,,,,,,,,,,,,,,,,,,,,,,,,,,,,,,,,,,,,,,,,,,,,,
,,,,,,,,,,,,,,,,,,,,,,,,,,,,,,,,,,,,,,,,,,,,,,,,,,,,,,,,,,,,,,,,,,,,,,
,,,,,,,,,,,,,,,,,,,,,,,,,,,,,,,,,,,,,,,,,,,,,,,,,,,,,,,,,,,,,,,,,,,,,,
,,,,,,,,,,,,,,,,,,,,,,,,,,,,,,,,,,,,,,,,,,,,,,,,,,,,,,,,,,,,,,,,,,,,,,
,,,,,,,,,,,,,,,,,,,,,,,,,,,,,,,,,,,,,,,,,,,,,,,,,,,,,,,,,,,,,,,,,,,,,,
,,,,,,,,,,,,,,,,,,,,,,,,,,,,,,,,,,,,,,,,,,,,,,,,,,,,,,,,,,,,,,,,,,,,,,
,,,,,,,,,,,,,,,,,,,,,,,,,,,,,,,,,,,,,,,,,,,,,,,,,,,,,,,,,,,,,,,,,,,,,,
,,,,,,,,,,,,,,,,,,,,,,,,,,,,,,,,,,,,,,,,,,,,,,,,,,,,,,,,,,,,,,,,,,,,,,
,,,,,,,,,,,,,,,,,,,,,,,,,,,,,,,,,,,,,,,,,,,,,,,,,,,,,,,,,,,,,,,,,,,,,,
,,,,,,,,,,,,,,,,,,,,,,,,,,,,,,,,,,,,,,,,,,,,,,,,,,,,,,,,,,,,,,,,,,,,,,
,,,,,,,,,,,,,,,,,,,,,,,,,,,,,,,,,,,,,,,,,,,,,,,,,,,,,,,,,,,,,,,,,,,,,,
,,,,,,,,,,,,,,,,,,,,,,,,,,,,,,,,,,,,,,,,,,,,,,,,,,,,,,,,,,,,,,,,,,,,,,
2025-08-23 8:50:47,Bull Spreads,"NAPCO Security Technologies, Inc.",NSSC,6.95,33.05,2025-08-25 0:00:00,1,2025-08-20 7:15:30,2025-09-19 0:00:00,31.7,0.1349,0.2192,0.0962,0.1814,30,0.05,40,3.1,3.05,2,5,1,,,,,,,,,,,,,,,,,,,,,,,,Napco Security Technologies Inc,31.7,4.31,31.86,30.4,56.07,19.01,318881,132062,1130309000,25.8,1.42,33.75877114,2.414631007,3.968514267,4.207758054,3.628636809,27,100,31.7,31.7,TRUE,2025-08-23,2025-08-23 15:10:46,0
2025-08-23 8:50:47,Bull Spreads,Endava,DAVA,2.55,14.95,2025-09-04 0:00:00,1,2025-08-21 16:35:01,2025-09-19 0:00:00,13.69,0.1497,0.1862,0.1789,0.168,12.5,0.1,17.5,2.55,2.45,2.47,10,-2,,,,,,,,,,,,,,,,,,,,,,,,Endava PLC - ADR,13.69,5.43,14.07,13.2,34.94,11.63,725896,757432,768924974,33.17,1.12,59.41343774,0.9583645793,8.737092931,-8.428093645,3.712121212,27,90,13.69,13.69,TRUE,2025-08-23,2025-08-23 15:10:46,0
2025-08-23 8:50:47,Bull Spreads,"PagerDuty, Inc.",PD,2.9,17.1,2025-09-03 0:00:00,3,2025-08-14 16:08:13,2025-09-19 0:00:00,16.72,0.073,0.1734,0.1255,0.142,15,0.2,20,2.3,2.1,1.48,5,1,,,,,,,,,,,,,,,,,,,,,,,,Pagerduty Inc,16.72,5.86,16.76,15.85,21.98,13.7,2762199,1918582,1541148715,,0.89,44.422254,1.439708597,6.024096386,6.361323155,4.827586207,27,94.39708597,16.72,16.72,TRUE,2025-08-23,2025-08-23 15:10:46,0
2025-08-23 8:50:47,Bull Spreads,"Pure Storage, Inc.",PSTG,9.65,60.35,2025-08-27 0:00:00,3,2025-08-06 16:26:42,2025-09-19 0:00:00,58.33,0.1346,0.1654,0.0917,0.1234,55,0.85,70,6.2,5.35,3.96,8,6,,,,,,,,,,,,,,,,,,,,,,,,Pure Storage Inc,58.33,4.67,58.37,55.47,73.67,34.51,1726156,1487749,19064087826,157.48,1.07,43.49381436,1.160246789,-0.4947117025,1.284945303,4.796981674,27,91.60246789,58.33,58.33,TRUE,2025-08-23,2025-08-23 15:10:46,0
2025-08-23 8:50:47,Bull Spreads,"Asana, Inc",ASAN,2.25,15.25,2025-09-03 0:00:00,3,2025-08-01 16:56:40,2025-09-05 0:00:00,14.47,0.1778,0.1554,0.0863,0.1106,14,0.35,17.5,1.6,1.25,2.63,6,2,,,,,,,,,,,,,,,,,,,,,,,,Asana Inc,14.47,5.58,14.54,13.73,27.77,11.05,4357455,5799400,3405110849,,1.14,48.39960519,0.751363072,4.476534296,-2.88590604,4.855072464,13,86,14.47,14.47,TRUE,2025-08-23,2025-08-23 15:10:46,0
2025-08-23 8:50:47,Bull Spreads,"Domo, Inc.",DOMO,2,15,2025-08-28 0:00:00,3,2025-08-11 16:22:55,2025-09-19 0:00:00,14.15,0.1335,0.1413,0.0706,0.1396,14,0.4,17,1.4,1,4.46,8,6,,,,,,,,,,,,,,,,,,,,,,,,Domo Inc,14.15,4.51,14.35,13.31,16.95,6.01,517498,998293,569326083,,1.88,62.33148212,0.5183828796,0.2124645892,-11.34085213,4.814814815,27,90,14.15,14.15,TRUE,2025-08-23,2025-08-23 15:10:46,0
2025-08-23 8:50:47,Bull Spreads,Elastic N.V.,ESTC,10.25,84.75,2025-08-28 0:00:00,3,2025-08-14 16:15:58,2025-09-19 0:00:00,80.06,0.1541,0.128,0.0593,0.0931,80,1.55,95,6.3,4.75,2.23,5,1,,,,,,,,,,,,,,,,,,,,,,,,Elastic NV,80.06,3.22,80.49,77.48,118.84,69,1404864,1650873,8449115830,,1.07,35.54850747,0.8509824802,3.624126327,-10.90585355,3.210003867,27,90,80.06,80.06,TRUE,2025-08-23,2025-08-23 15:10:46,0
2025-08-23 8:50:47,Bull Spreads,"MongoDB, Inc.",MDB,27.95,232.05,2025-08-26 0:00:00,3,2025-08-05 16:11:16,2025-08-29 0:00:00,219.06,0.1764,0.1275,0.0664,0.1623,217.5,4.55,260,19.1,14.55,5.49,8,6,,,,,,,,,,,,,,,,,,,,,,,,Mongodb Inc,219.06,3.35,220,208.65,370,140.94,1804476,3128059,17900340930,,1.44,54.34068834,0.5768676358,0.3665353248,-9.243070804,3.805146188,6,72,219.06,219.06,TRUE,2025-08-23,2025-08-23 15:10:46,0
2025-08-23 8:50:47,Bull Spreads,Semtech Corp.,SMTC,6.4,53.6,2025-08-25 0:00:00,3,2025-08-11 16:31:31,2025-09-19 0:00:00,51.09,0.1059,0.1252,0.0704,0.1644,50,1.7,60,5.3,3.6,3.35,8,4,,,,,,,,,,,,,,,,,,,,,,,,Semtech Corp,51.09,3.44,52.45,49.04,79.52,24.06,2428230,1636946,4426212000,,1.94,48.59785457,1.483390411,2.528597231,-3.730921425,3.421052632,27,94.83390411,51.09,51.09,TRUE,2025-08-23,2025-08-23 15:10:46,0
2025-08-23 8:50:47,Bull Spreads,Kohl's Corporation,KSS,1.67,14.33,2025-08-27 0:00:00,1,2025-08-04 0:00:00,2025-08-29 0:00:00,13.89,0.1194,0.1202,0.0597,0.1526,13.5,0.4,16,1.23,0.83,0.95,9,-1,,,,,,,,,,,,,,,,,,,,,,,,Kohls Corp,13.89,4.28,14.25,13.31,21.39,6.04,6864149,7354465,1556257862,12.87,1.73,127.856869,0.9333308405,0.871459695,8.600469116,3.734129948,6,72,13.89,13.89,TRUE,2025-08-23,2025-08-23 15:10:46,0
2025-08-23 8:50:47,Bull Spreads,"ServiceTitan, Inc.",TTAN,12.15,107.85,2025-09-04 0:00:00,3,2025-08-06 9:28:43,2025-09-19 0:00:00,104.82,0.0793,0.1159,0.0748,0.0615,100,0.85,120,8.7,7.85,2.71,5,1,,,,,,,,,,,,,,,,,,,,,,,,ServiceTitan Inc,104.82,0.9,106.78,103.82,131.33,79.81,494367,847550,9504119000,,,36.63589344,0.5832894814,1.080038573,-10.36428938,0.4407819088,27,90,104.82,104.82,TRUE,2025-08-23,2025-08-23 15:10:46,0
2025-08-23 8:50:47,Bull Spreads,"Okta, Inc.",OKTA,10.58,96.42,2025-08-26 0:00:00,3,2025-08-01 8:03:44,2025-08-29 0:00:00,92.05,0.157,0.1149,0.048,0.1225,92,1.28,107,5.7,4.42,3.89,9,3,,,,,,,,,,,,,,,,,,,,,,,,Okta Inc,92.05,2.53,93.3,89.78,127.57,70.56,2741700,3891775,16115488594,125.43,0.8,34.70423146,0.7044857424,0.03260160835,-8.951533136,2.152924204,6,72,92.05,92.05,TRUE,2025-08-23,2025-08-23 15:10:46,0
2025-08-23 8:50:47,Bull Spreads,Snowflake,SNOW,22.3,205.2,2025-08-27 0:00:00,3,2025-08-04 9:21:57,2025-08-29 0:00:00,196.81,0.1481,0.1133,0.0518,0.1161,195,2.25,227.5,12.45,10.2,5.28,10,6,,,,,,,,,,,,,,,,,,,,,,,,Snowflake Inc,196.81,1.08,199.91,191.24,229.27,107.13,3107867,5214015,65667230165,,1.22,39.64205553,0.5960602338,-1.140245128,-10.34121452,0.8454601353,6,72,196.81,196.81,TRUE,2025-08-23,2025-08-23 15:10:46,0
2025-08-23 8:50:47,Bull Spreads,"C3.ai, Inc. ",AI,1.95,18.05,2025-09-03 0:00:00,3,2025-08-10 15:43:39,2025-09-05 0:00:00,17.5,0.1379,0.1114,0.06,0.1043,17,0.32,20,1.37,1.05,1.68,7,-1,,,,,,,,,,,,,,,,,,,,,,,,C3.ai Inc,17.5,3.73,17.64,16.9,45.08,14.7,6985260,66978320,2351753250,,1.98,102.9549959,0.1042913588,-1.960784314,-32.71818531,2.941176471,13,86,17.5,17.5,TRUE,2025-08-23,2025-08-23 15:10:46,0
2025-08-23 8:50:47,Bull Spreads,"Gap, Inc.",GAP,2.38,22.62,2025-08-28 0:00:00,3,2025-08-07 16:29:29,2025-08-29 0:00:00,21.42,0.1506,0.1111,0.0756,0.1303,21,0.04,25,1.66,1.62,2.32,11,-1,,,,,,,,,,,,,,,,,,,,,,,,Gap Inc,21.42,1.11,21.63,20.65,29.29,16.99,11285194,6860762,7991084458,9.35,2.16,36.06591557,1.644889299,3.528274529,3.678606002,2.832453193,6,78.44889299,21.42,21.42,TRUE,2025-08-23,2025-08-23 15:10:46,0
2025-08-23 8:50:47,Bull Spreads,"BILL Holdings, Inc.",BILL,4.55,44.45,2025-08-27 0:00:00,3,2025-07-29 16:21:27,2025-08-29 0:00:00,42.29,0.1495,0.1075,0.0579,0.1797,42,1.15,49,3.6,2.45,1.4,7,-1,,,,,,,,,,,,,,,,,,,,,,,,BILL Holdings Inc,42.29,2.5,42.57,40.88,100.19,36.55,2721547,3217757,4357016153,116.75,1.35,37.88995943,0.8457900954,4.574678536,-7.905052265,2.421893921,6,72,42.29,42.29,TRUE,2025-08-23,2025-08-23 15:10:46,0
2025-08-23 8:50:47,Bull Spreads,"Affirm Holdings, Inc.",AFRM,8.49,83.51,2025-08-28 0:00:00,3,2025-07-31 16:11:15,2025-08-29 0:00:00,79.49,0.1556,0.1068,0.0567,0.1453,79,1.54,92,6.05,4.51,2.31,8,4,,,,,,,,,,,,,,,,,,,,,,,,Affirm Holdings Inc,79.49,6.71,80.41,74.15,82.53,30.02,8391529,4722605,25643465361,,3.63,58.43202995,1.776885638,0.9781504065,18.48263527,6.999596177,6,79.76885638,79.49,79.49,TRUE,2025-08-23,2025-08-23 15:10:46,0
2025-08-23 8:50:47,Bull Spreads,Argan Inc.,AGX,23.4,236.6,2025-09-04 0:00:00,3,2025-08-21 8:56:08,2025-09-19 0:00:00,222.16,0.1443,0.1053,0.0747,0.0999,220,4.5,260,21.1,16.6,1.89,5,3,,,,,,,,,,,,,,,,,,,,,,,,Argan Inc,222.16,1.81,227.74,218.32,253.79,69.81,259012,289184,3030442399,31.18,0.59,52.82102259,0.8956650437,-0.817000759,-5.828493917,1.069105136,27,90,222.16,222.16,TRUE,2025-08-23,2025-08-23 15:10:46,0
2025-08-23 8:50:47,Bull Spreads,PVH Corp.,PVH,8,82,2025-08-26 0:00:00,3,2025-08-14 12:33:43,2025-09-19 0:00:00,79.87,0.1203,0.1001,0.0876,0.1058,75,1.1,90,8.1,7,2.93,8,0,,,,,,,,,,,,,,,,,,,,,,,,PVH Corp,79.87,4.57,80.34,76.58,113.47,59.28,962140,897911,3839599427,11.26,1.84,34.03902869,1.071531588,3.875666537,3.929733247,4.296160878,27,90.71531588,79.87,79.87,TRUE,2025-08-23,2025-08-23 15:10:46,0
2025-08-23 8:50:47,Bull Spreads,Braze,BRZE,2.65,27.35,2025-09-04 0:00:00,3,2025-08-14 16:15:30,2025-09-19 0:00:00,26.895,0.0901,0.0985,0.0873,0.1459,25,1.15,30,3.5,2.35,-0.21,5,-5,,,,,,,,,,,,,,,,,,,,,,,,Braze Inc,26.9,5.33,26.95,25.5,48.33,23.91,761321,1365593,2839872682,,1.1,47.83779311,0.5575021255,5.490196078,-7.845152449,4.996096799,27,90,26.9,26.9,TRUE,2025-08-23,2025-08-23 15:10:46,0
2025-08-23 8:50:47,Bull Spreads,DocuSign,DOCU,7.16,77.84,2025-09-04 0:00:00,3,2025-08-14 16:07:46,2025-09-05 0:00:00,74.81,0.1246,0.0957,0.0513,0.0708,74,1.31,85,5.15,3.84,3.12,6,0,,,,,,,,,,,,,,,,,,,,,,,,Docusign Inc,74.81,5.75,75.21,70.82,107.86,54.32,2694052,3402490,15116310093,14.13,1.01,39.65832943,0.7917883668,5.514809591,-6.335294854,5.499929488,13,86,74.81,74.81,TRUE,2025-08-23,2025-08-23 15:10:46,0
2025-08-23 8:50:47,Bull Spreads,NIO Inc.,NIO,0.58,6.42,2025-09-02 0:00:00,1,2025-08-20 6:14:49,2025-09-05 0:00:00,6.34,0.0487,0.0914,0.0662,0.1364,6,0.28,7,0.7,0.42,1.19,4,2,,,,,,,,,,,,,,,,,,,,,,,,Nio Inc - ADR,6.34,14.65,6.58,5.24,7.71,3.02,234464695,36250506,13232651778,,1.42,83.30818341,6.467901303,31.80873181,28.86178862,8.00681431,13,96,6.34,6.34,TRUE,2025-08-23,2025-08-23 15:10:46,0
2025-08-23 8:50:47,Bull Spreads,"Williams-Sonoma, Inc.",WSM,18.6,211.4,2025-08-27 0:00:00,1,2025-08-20 9:41:11,2025-09-19 0:00:00,203.42,0.1225,0.0914,0.056,0.0919,200,3,230,14.4,11.4,2.22,8,4,,,,,,,,,,,,,,,,,,,,,,,,Williams-Sonoma Inc,203.42,3.18,204.52,197.61,219.98,125.33,1770980,1061750,25020252934,23.57,1.47,36.70983052,1.667982105,0.09349013433,11.94760883,2.607818411,27,96.67982105,203.42,203.42,TRUE,2025-08-23,2025-08-23 15:10:46,0
2025-08-23 8:50:47,Bull Spreads,"SentinelOne, Inc. ",S,1.55,17.45,2025-08-28 0:00:00,3,2025-08-07 16:38:46,2025-08-29 0:00:00,16.96,0.1027,0.0913,0.056,0.1091,16.5,0.2,19,1.15,0.95,1.6,6,0,,,,,,,,,,,,,,,,,,,,,,,,SentinelOne Inc,16.96,1.98,17.09,16.53,29.29,15.36,5080054,6963530,5638953000,,0.77,50.11393584,0.7295228139,0.9523809524,-13.29243354,1.800720288,6,72,16.96,16.96,TRUE,2025-08-23,2025-08-23 15:10:46,0
2025-08-23 8:50:47,Bull Spreads,"Urban Outfitters, Inc",URBN,7,80,2025-08-27 0:00:00,3,2025-08-10 20:42:05,2025-08-29 0:00:00,76.98,0.1271,0.0909,0.0519,0.1137,76,0.8,87,4.8,4,6.29,12,10,,,,,,,,,,,,,,,,,,,,,,,,Urban Outfitters Inc,76.98,4.18,77.33,74.07,80.69,33.86,1486599,2278535,6900653000,16.13,1.44,39.46193035,0.6524363242,-0.7094028118,1.811929639,3.509479629,6,72,76.98,76.98,TRUE,2025-08-23,2025-08-23 15:10:46,0
2025-08-23 8:50:47,Bull Spreads,"Nutanix, Inc.",NTNX,6.1,71.4,2025-08-27 0:00:00,3,2025-08-07 16:30:59,2025-09-19 0:00:00,68.79,0.1207,0.0886,0.0566,0.0821,67.5,1.5,77.5,5.4,3.9,4.93,9,7,,,,,,,,,,,,,,,,,,,,,,,,Nutanix Inc,68.79,1.25,69,67.3,83.36,52.18,2798601,3383421,18441050000,8785.44,0.71,32.09008518,0.8271512768,0.1601630751,-7.899317178,1.072583015,27,90,68.79,68.79,TRUE,2025-08-23,2025-08-23 15:10:46,0
2025-08-23 8:50:47,Bull Spreads,Li Auto Inc.,LI,2.12,24.88,2025-08-28 0:00:00,1,2025-08-15 6:54:38,2025-08-29 0:00:00,24.06,0.1129,0.0881,0.0365,0.0902,24,0.23,27,1.11,0.88,4.25,9,3,,,,,,,,,,,,,,,,,,,,,,,,Li Auto Inc,24.06,2.56,24.11,23.54,33.11,17.44,5053489,5207027,25575418532,22.66,0.94,46.19553589,0.9705133083,-0.5374121538,-18.66125761,2.03562341,6,72,24.06,24.06,TRUE,2025-08-23,2025-08-23 15:10:46,0
2025-08-23 8:50:47,Bull Spreads,Atour Lifestyle Holdings Limited,ATAT,3.15,36.85,2025-08-26 0:00:00,1,2025-08-12 8:34:02,2025-09-19 0:00:00,35.73,0.0633,0.0881,0.0517,0.1455,35,0.7,40,2.55,1.85,1.89,9,3,,,,,,,,,,,,,,,,,,,,,,,,Atour Lifestyle Holdings Ltd - ADR,35.73,3.6,36.06,34.71,37.46,16.17,1302558,591186,4937382143,28.34,,28.76930832,2.203296424,2.436926606,0.1120762118,2.319587629,27,100,35.73,35.73,TRUE,2025-08-23,2025-08-23 15:10:46,0
2025-08-23 8:50:47,Bull Spreads,Caleres Inc.,CAL,1.35,16.15,2025-09-04 0:00:00,1,2025-08-18 7:00:40,2025-09-19 0:00:00,15.51,0.1055,0.087,0.0741,0.1418,15,0.45,17.5,1.6,1.15,1.23,7,-3,,,,,,,,,,,,,,,,,,,,,,,,Caleres Inc,15.51,5.05,15.95,14.86,44.51,12.09,923542,539537,524187134,6.44,1.14,55.82829462,1.711730613,6.015037594,0.7142857143,4.374158816,27,97.11730613,15.51,15.51,TRUE,2025-08-23,2025-08-23 15:10:46,0
2025-08-23 8:50:47,Bull Spreads,Dell Technologies,DELL,11.3,135.7,2025-08-28 0:00:00,3,2025-08-18 19:50:29,2025-08-29 0:00:00,130.84,0.1214,0.0863,0.0435,0.0927,130,0.95,147,6.65,5.7,3.52,12,4,,,,,,,,,,,,,,,,,,,,,,,,Dell Technologies Inc,130.84,2.38,132.05,128.12,147.66,66.25,3785951,4402805,88497766067,0,,38.04176615,0.8598952259,-5.380387619,-0.2895900015,1.54443151,6,72,130.84,130.84,TRUE,2025-08-23,2025-08-23 15:10:46,0
2025-08-23 8:50:47,Bull Spreads,"Worthington Industries, Inc.",WOR,5.75,69.25,2025-09-23 0:00:00,3,2025-08-21 9:00:09,2025-10-17 0:00:00,67.05,0.0766,0.0857,0.0633,,65,0.85,75,5.1,4.25,,,,,,,,,,,,,,,,,,,,,,,,,,,Worthington Enterprises Inc,67.05,4.16,67.28,64.58,70.91,37.88,203351,228490,3338656338,34.99,1.21,24.71895218,0.8899776795,3.344636252,8.741485566,3.648168187,55,90,67.05,67.05,TRUE,2025-08-23,2025-08-23 15:10:46,0
2025-08-23 8:50:47,Bull Spreads,Abercrombie & Fitch Co.,ANF,8.4,102.6,2025-08-27 0:00:00,1,2025-08-01 8:03:35,2025-08-29 0:00:00,98.46,0.1231,0.0853,0.0467,0.1422,98,2.6,111,7.2,4.6,5.88,11,7,,,,,,,,,,,,,,,,,,,,,,,,Abercrombie & Fitch Co,98.46,6.03,98.73,91.86,171.47,65.4,2743869,1504415,4690959274,9.7,1.54,50.90292524,1.82387772,4.945640588,6.627680312,5.814078452,6,80.2387772,98.46,98.46,TRUE,2025-08-23,2025-08-23 15:10:46,0
2025-08-23 8:50:47,Bull Spreads,"UiPath, Inc.",PATH,0.95,11.55,2025-09-04 0:00:00,3,2025-08-07 16:39:24,2025-09-05 0:00:00,11.17,0.1108,0.085,0.0492,0.0971,11,0.27,12.5,0.82,0.55,5.35,7,7,,,,,,,,,,,,,,,,,,,,,,,,UiPath Inc,11.17,2.62,11.24,10.88,15.93,9.38,10224373,10109430,5976383436,,1.03,31.98955873,1.011369879,1.916058394,-8.29228243,2.1023766,13,86.11369879,11.17,11.17,TRUE,2025-08-23,2025-08-23 15:10:46,0
2025-08-23 8:50:47,Bull Spreads,"Darden Restaurants, Inc.",DRI,17.65,212.35,2025-09-18 0:00:00,1,2025-08-21 16:34:29,2025-09-19 0:00:00,208.58,0.0636,0.0846,0.0592,,200,0.55,230,12.9,12.35,0.55,2,0,,,,,,,,,,,,,,,,,,,,,,,,Darden Restaurants Inc,208.58,0.83,210,207.48,228.27,153.75,863743,793072,24319343597,23.5,0.75,16.64128452,1.089110446,0.5931999035,2.005086072,0.1103911687,27,90.89110446,208.58,208.58,TRUE,2025-08-23,2025-08-23 15:10:46,0
2025-08-23 8:50:47,Bull Spreads,"Guidewire Software, Inc.",GWRE,18,222,2025-09-04 0:00:00,3,2025-08-21 16:35:19,2025-09-19 0:00:00,213.99,0.1146,0.0841,0.056,0.0722,210,2.3,240,14.3,12,8.35,10,10,,,,,,,,,,,,,,,,,,,,,,,,Guidewire Software Inc,213.99,0.41,215.58,210.74,263.2,142.94,515096,691551,18016931310,536.6,1.16,19.57368182,0.7448416675,1.21080263,-4.203599248,1.479584578,27,90,213.99,213.99,TRUE,2025-08-23,2025-08-23 15:10:46,0
2025-08-23 8:50:47,Bull Spreads,GitLab Inc.,GTLB,3.8,47.2,2025-09-03 0:00:00,3,2025-08-20 16:07:20,2025-09-05 0:00:00,45.18,0.1192,0.0841,0.0486,0.0764,45,1.4,51,3.6,2.2,0.74,6,-4,,,,,,,,,,,,,,,,,,,,,,,,Gitlab Inc,45.18,2.26,46.54,44.25,74.18,37.9,4786631,4549977,7463736050,628.29,0.74,50.73500338,1.052012131,2.032520325,-5.65880142,2.055568105,13,86.52012131,45.18,45.18,TRUE,2025-08-23,2025-08-23 15:10:46,0
2025-08-23 8:50:47,Bull Spreads,Dollar General Corporation,DG,9.45,116.55,2025-08-28 0:00:00,1,2025-07-31 7:27:38,2025-08-29 0:00:00,112.4,0.1137,0.084,0.0404,0.0863,112,0.75,126,5.3,4.55,4.66,10,8,,,,,,,,,,,,,,,,,,,,,,,,Dollar General Corp,112.4,-0.06,113.75,111.37,125.42,66.43,2428681,2696133,24735924535,21.44,0.31,24.62605602,0.9008016296,-0.3281014454,4.499814057,0.2586745161,6,72,112.4,112.4,TRUE,2025-08-23,2025-08-23 15:10:46,0
2025-08-23 8:50:47,Bull Spreads,Victoria's Secret & Co.,VSCO,1.85,23.15,2025-08-28 0:00:00,1,2025-08-07 7:15:17,2025-09-19 0:00:00,22.15,0.1085,0.0835,0.0519,0.0982,22,0.85,25,2,1.15,0.63,9,-3,,,,,,,,,,,,,,,,,,,,,,,,Victoria's Secret & Co,22.15,3.75,22.62,21.58,48.73,13.76,3414068,2603682,1768732401,12.24,2.26,58.2386426,1.311246151,-0.8504923903,3.119180633,2.641334569,27,93.11246151,22.15,22.15,TRUE,2025-08-23,2025-08-23 15:10:46,0
2025-08-23 8:50:47,Bull Spreads,"Rubrik, Inc.",RBRK,7.4,92.6,2025-09-09 0:00:00,3,2025-08-13 8:28:48,2025-09-19 0:00:00,88.77,0.1186,0.0833,0.0574,,87.5,4.2,100,9.3,5.1,2.42,3,3,,,,,,,,,,,,,,,,,,,,,,,,Rubrik Inc,88.77,4.1,88.8,84.91,103,29.18,2208049,2000964,17176399591,,,50.6515398,1.103492617,3.425375743,4.435294118,4.14124824,27,91.03492617,88.77,88.77,TRUE,2025-08-23,2025-08-23 15:10:46,0
2025-08-23 8:50:47,Bull Spreads,Iris Energy Limited ,IREN,1.72,22.28,2025-08-28 0:00:00,3,2025-08-14 9:06:55,2025-08-29 0:00:00,21.43,0.1143,0.0802,0.0597,0.1727,21,0.84,24,2.12,1.28,2.45,7,3,,,,,,,,,,,,,,,,,,,,,,,,IREN Ltd,21.43,9.39,21.72,18.87,21.72,5.13,28734853,18186512,4810152152,,3.98,74.971169,1.58000902,8.836973083,20.93679458,10.23662551,6,77.8000902,21.43,21.43,TRUE,2025-08-23,2025-08-23 15:10:46,0
2025-08-23 8:50:47,Bull Spreads,Pinduoduo Inc.,PDD,10.15,130.85,2025-08-25 0:00:00,1,2025-08-18 7:31:59,2025-08-29 0:00:00,127.11,0.1023,0.0798,0.0302,0.0804,127,1.35,141,5.2,3.85,1.47,9,-5,,,,,,,,,,,,,,,,,,,,,,,,PDD Holdings Inc - ADR,127.11,3.38,129,125.82,155.67,87.12,20172298,4445824,180451203926,13.63,0.42,30.75515687,4.537358654,6.860025221,7.311101731,-0.2902416065,6,82,127.11,127.11,TRUE,2025-08-23,2025-08-23 15:10:46,0
2025-08-23 8:50:47,Bull Spreads,Broadcom Inc.,AVGO,23.45,304.05,2025-09-04 0:00:00,3,2025-08-04 8:05:55,2025-09-05 0:00:00,294,0.1128,0.0797,0.0392,0.0504,292.5,2.8,327.5,14.35,11.55,4.03,12,4,,,,,,,,,,,,,,,,,,,,,,,,Broadcom Inc,294,1.52,300.09,289.01,317.35,134.91,16301330,12396384,1382820180000,110.5,0.95,29.22615877,1.31500686,-4.028203956,1.316424288,0.7712082262,13,89.1500686,294,294,TRUE,2025-08-23,2025-08-23 15:10:46,0
2025-08-23 8:50:47,Bull Spreads,UP Fintech Holding Limited,TIGR,1,13,2025-08-27 0:00:00,1,2025-08-18 6:34:06,2025-08-29 0:00:00,12.71,0.0922,0.0786,0.0393,0.1094,12.5,0.28,14,0.78,0.5,-0.18,4,-2,,,,,,,,,,,,,,,,,,,,,,,,UP Fintech Holding Ltd,12.71,13.18,12.96,11.49,14.46,3.39,15013533,3097082,2237235813,28.72,0.6,63.83722392,4.847638196,17.14285714,20.24597919,9.7582038,6,82,12.71,12.71,TRUE,2025-08-23,2025-08-23 15:10:46,0
2025-08-23 8:50:47,Bull Spreads,Adobe Inc.,ADBE,28,377,2025-09-11 0:00:00,3,2025-08-21 8:54:37,2025-09-12 0:00:00,362.09,0.1159,0.0773,0.0469,,360,2.25,405,19.25,17,3.42,6,4,,,,,,,,,,,,,,,,,,,,,,,,Adobe Inc,362.09,2.45,362.65,354,587.75,330.04,3058636,4366242,153598540237,23.17,1.51,25.1135027,0.7005191192,2.040298718,-2.333171495,1.767847105,20,90,362.09,362.09,TRUE,2025-08-23,2025-08-23 15:10:46,0
2025-08-23 8:50:47,Bull Spreads,Samsara Inc. ,IOT,2.65,36.35,2025-09-04 0:00:00,3,2025-08-04 16:33:40,2025-09-05 0:00:00,34.79,0.1087,0.0761,0.0531,0.0884,34.5,1.25,39,3.1,1.85,3.53,6,4,,,,,,,,,,,,,,,,,,,,,,,,Samsara Inc,34.79,5.97,34.99,32.55,61.9,31.4,5980429,7183206,19807193003,,1.62,45.01864995,0.8325570783,3.75782881,-10.77199282,6.261453879,13,86,34.79,34.79,TRUE,2025-08-23,2025-08-23 15:10:46,0
2025-08-23 8:50:47,Bull Spreads,"Ambarella, Inc.",AMBA,5.45,75.55,2025-08-28 0:00:00,3,2025-08-07 17:01:51,2025-08-29 0:00:00,71.94,0.1157,0.0757,0.0632,0.189,71,1.35,81,5.9,4.55,2.76,5,3,,,,,,,,,,,,,,,,,,,,,,,,Ambarella Inc,71.94,8.97,72,66.27,85.15,38.9,966152,508227,3051270000,,2.08,45.22665036,1.901024542,7.389162562,6.862745098,7.985589913,6,81.01024542,71.94,71.94,TRUE,2025-08-23,2025-08-23 15:10:46,0
2025-08-23 8:50:47,Bull Spreads,"Box, Inc.",BOX,2.35,32.65,2025-08-26 0:00:00,3,2025-08-04 8:06:02,2025-09-19 0:00:00,31.8,0.0937,0.0738,0.0518,0.0708,31,0.45,35,2.1,1.65,4.19,9,3,,,,,,,,,,,,,,,,,,,,,,,,Box Inc,31.8,1.99,31.89,31.24,38.8,28,1577896,1697849,4605018309,24.67,0.96,18.33221061,0.9293500188,0.6647673314,-3.607153683,1.597444089,27,90,31.8,31.8,TRUE,2025-08-23,2025-08-23 15:10:46,0
2025-08-23 8:50:47,Bull Spreads,"CooperCompanies, Inc.",COO,5.35,79.65,2025-08-27 0:00:00,3,2025-07-24 16:19:24,2025-09-19 0:00:00,75.22,0.0852,0.0711,0.0618,0.0638,75,0.15,85,4.8,4.65,4.93,9,7,,,,,,,,,,,,,,,,,,,,,,,,Cooper Companies Inc,75.22,2.98,75.54,73.65,112.38,65,1992164,2105057,15007322971,36.47,1,25.36032187,0.9463705733,2.675402675,0.8446172409,1.868905742,27,90,75.22,75.22,TRUE,2025-08-23,2025-08-23 15:10:46,0
2025-08-23 8:50:47,Bull Spreads,"Bath & Body Works, Inc.",BBWI,2.2,32.3,2025-08-28 0:00:00,1,2025-08-14 8:49:22,2025-08-29 0:00:00,31.09,0.1012,0.0707,0.0418,0.1166,31,0.3,34.5,1.6,1.3,1.22,4,0,,,,,,,,,,,,,,,,,,,,,,,,Bath & Body Works Inc,31.09,6.4,31.13,29.43,41.87,24.94,4793856,4387020,6579007785,8.27,1.54,40.7373468,1.092736299,8.40306834,-1.489226869,5.425567989,6,72.92736299,31.09,31.09,TRUE,2025-08-23,2025-08-23 15:10:46,0
2025-08-23 8:50:47,Bull Spreads,FedEx Corp.,FDX,16.25,243.75,2025-09-18 0:00:00,3,2025-08-14 12:36:42,2025-09-19 0:00:00,236.8,0.0798,0.0686,0.0369,,235,3.1,260,11.85,8.75,1.25,4,0,,,,,,,,,,,,,,,,,,,,,,,,FedEx Corp,236.8,5.07,238.09,226.78,308.53,194.3,1750364,1522397,55872510800,14.08,1.3,33.34279852,1.14974215,4.197835079,-2.631578947,4.418379046,27,91.4974215,236.8,236.8,TRUE,2025-08-23,2025-08-23 15:10:46,0
2025-08-23 8:50:47,Bull Spreads,Hewlett Packard Enterprise,HPE,1.51,22.99,2025-09-03 0:00:00,3,2025-08-13 8:29:28,2025-09-05 0:00:00,22.45,0.0705,0.0672,0.044,0.061,22,0.31,24.5,1.3,0.99,4.17,8,6,,,,,,,,,,,,,,,,,,,,,,,,Hewlett Packard Enterprise Co,22.45,2.84,22.69,21.84,24.66,11.97,18245308,15792920,29459227751,22.27,1.37,28.93447965,1.155284013,6.096408318,8.297153883,2.652034751,13,87.55284013,22.45,22.45,TRUE,2025-08-23,2025-08-23 15:10:46,0
2025-08-23 8:50:47,Bull Spreads,"American Eagle Outfitters, Inc.",AEO,0.85,13.15,2025-09-03 0:00:00,3,2025-08-21 8:51:28,2025-09-05 0:00:00,12.85,0.0568,0.0661,0.0505,0.0934,12.5,0.45,14,1.1,0.65,2.19,8,0,,,,,,,,,,,,,,,,,,,,,,,,American Eagle Outfitters Inc,12.85,4.81,12.93,12.21,22.83,9.27,7217297,11707254,2226496436,13.06,1.51,86.46776232,0.6164807734,-1.077752117,9.454855196,5.069501226,13,86,12.85,12.85,TRUE,2025-08-23,2025-08-23 15:10:46,0
2025-08-23 8:50:47,Bull Spreads,Veeva Systems Inc.,VEEV,19.1,300.9,2025-08-27 0:00:00,3,2025-08-06 20:09:17,2025-09-19 0:00:00,290.86,0.0919,0.0656,0.0374,0.0708,290,3.8,320,14.7,10.9,8.39,13,11,,,,,,,,,,,,,,,,,,,,,,,,Veeva Systems Inc,290.86,3.08,291.26,280.97,296.72,196.1,961496,780799,47530070098,61.7,0.95,21.9311331,1.231425757,3.652756495,0.1549533418,2.952003398,27,92.31425757,290.86,290.86,TRUE,2025-08-23,2025-08-23 15:10:46,0
2025-08-23 8:50:47,Bull Spreads,Ciena Corporation,CIEN,5.5,92,2025-09-04 0:00:00,1,2025-08-06 13:22:09,2025-09-19 0:00:00,89.81,0.0782,0.0612,0.0501,0.083,87.5,2.6,97.5,7.1,4.5,0.57,9,-1,,,,,,,,,,,,,,,,,,,,,,,,Ciena Corp,89.81,2.83,90.45,87.25,101.44,49.21,1971325,1409338,12696187886,125.09,1.11,36.39376906,1.398759559,-1.166501596,1.365688488,2.593100297,27,93.98759559,89.81,89.81,TRUE,2025-08-23,2025-08-23 15:10:46,0
2025-08-23 8:50:47,Bull Spreads,"Ollie's Bargain Outlet Holdings, Inc.",OLLI,8,137,2025-08-28 0:00:00,1,2025-08-14 9:06:14,2025-09-19 0:00:00,132.19,0.0706,0.0605,0.0529,0.0828,130,2.7,145,9.7,7,2.18,7,3,,,,,,,,,,,,,,,,,,,,,,,,Ollie's Bargain Outlet Holdings Inc,132.22,-1.43,134.84,130,141.74,86.29,1689683,1006914,8108683000,40.64,0.4,30.72005809,1.67808075,-0.9961054524,-1.151574067,-1.585411239,27,96.7808075,132.22,132.22,TRUE,2025-08-23,2025-08-23 15:10:46,0
2025-08-23 8:50:47,Bull Spreads,"Dollar Tree, Inc.",DLTR,6.58,117.42,2025-09-03 0:00:00,1,2025-08-13 16:10:06,2025-09-05 0:00:00,113.32,0.091,0.058,0.039,0.0507,113,1.08,124,5.5,4.42,3.39,6,4,,,,,,,,,,,,,,,,,,,,,,,,Dollar Tree Inc,113.32,0.65,113.87,111.97,118.06,60.49,2223752,2484088,23649396660,,0.88,16.63154093,0.8951985598,-0.1497929333,-0.9527139236,0.389794472,13,86,113.32,113.32,TRUE,2025-08-23,2025-08-23 15:10:46,0
2025-08-23 8:50:47,Bull Spreads,HP Inc.,HPQ,1.57,28.43,2025-08-27 0:00:00,3,2025-08-14 16:16:16,2025-08-29 0:00:00,27.74,0.078,0.0565,0.0335,0.0717,27.5,0.2,30,1.13,0.93,0.97,8,-2,,,,,,,,,,,,,,,,,,,,,,,,HP Inc,27.74,4.36,27.75,26.67,39.8,21.21,6574155,7540216,26055424483,10.7,1.3,28.3143359,0.8718788693,3.739715782,8.021806854,3.662182362,6,72,27.74,27.74,TRUE,2025-08-23,2025-08-23 15:10:46,0
2025-08-23 8:50:47,Bull Spreads,NetApp,NTAP,6.15,113.85,2025-08-27 0:00:00,3,2025-07-31 16:05:51,2025-08-29 0:00:00,110.52,0.0837,0.0556,0.0348,0.0846,110,0.95,120,4.8,3.85,3.06,8,2,,,,,,,,,,,,,,,,,,,,,,,,NetApp Inc,110.52,2.55,110.86,107.56,135.45,71.84,1331260,1334343,22113901920,19.48,1.44,22.85953259,0.9976894996,1.590219689,5.317324185,1.889923481,6,72,110.52,110.52,TRUE,2025-08-23,2025-08-23 15:10:46,0
2025-08-23 8:50:47,Bull Spreads,"CrowdStrike, Inc.",CRWD,20.45,432.05,2025-08-27 0:00:00,3,2025-08-05 16:10:56,2025-08-29 0:00:00,420.55,0.0704,0.0486,0.0286,0.0873,420,6.6,452.5,18.65,12.05,0.24,8,-2,,,,,,,,,,,,,,,,,,,,,,,,Crowdstrike Holdings Inc,420.55,1.57,423.99,412.55,517.98,242.25,2202292,2525352,104821285412,,1.13,27.84560642,0.8720732793,-1.717691049,-10.12352539,1.337349398,6,72,420.55,420.55,TRUE,2025-08-23,2025-08-23 15:10:46,0
2025-08-23 8:50:47,Bull Spreads,"DICK'S Sporting Goods, Inc.",DKS,10.75,234.25,2025-08-28 0:00:00,1,2025-08-05 8:04:05,2025-08-29 0:00:00,227.63,0.0751,0.0472,0.0296,0.0784,227.5,2.05,245,8.8,6.75,3.77,9,3,,,,,,,,,,,,,,,,,,,,,,,,DICK'S Sporting Goods Inc,227.63,1.9,228.52,222.97,254.6,166.37,1583040,943355,18231551770,16.27,1.04,29.60426546,1.678095733,1.63414743,4.806851144,1.475570613,6,78.78095733,227.63,227.63,TRUE,2025-08-23,2025-08-23 15:10:46,0
2025-08-23 8:50:47,Bull Spreads,"Agilent Technologies, Inc.",A,5.75,124.25,2025-08-27 0:00:00,3,2025-08-19 0:10:28,2025-09-19 0:00:00,121.63,0.0349,0.0472,0.0349,0.0674,120,1.35,130,5.6,4.25,4.51,9,7,,,,,,,,,,,,,,,,,,,,,,,,Agilent Technologies Inc,121.63,3.8,122.41,117.47,153.84,96.43,1290989,1082339,34550788680,29.94,1.22,33.91182096,1.19277694,2.038590604,1.206523548,2.840957132,27,91.9277694,121.63,121.63,TRUE,2025-08-23,2025-08-23 15:10:46,0
2025-08-23 8:50:47,Bull Spreads,J.M. Smucker Co.,SJM,5.3,114.7,2025-08-27 0:00:00,1,2025-08-06 9:29:45,2025-09-19 0:00:00,113.2,0.0548,0.0468,0.0415,0.0636,110,1,120,5.7,4.7,2.7,8,0,,,,,,,,,,,,,,,,,,,,,,,,J M Smucker Co,113.2,0.23,114.74,113.15,125.42,93.3,2387303,1234548,12076583194,,0.31,22.99082675,1.933746602,2.202961358,3.83415887,-0.1851688564,27,99.33746602,113.2,113.2,TRUE,2025-08-23,2025-08-23 15:10:46,0
2025-08-23 8:50:47,Bull Spreads,Burlington Stores Inc,BURL,12.9,292.1,2025-08-28 0:00:00,1,2025-08-14 16:15:51,2025-08-29 0:00:00,280.84,0.07,0.0459,0.043,0.0986,280,2.2,305,14.3,12.1,3.83,10,6,,,,,,,,,,,,,,,,,,,,,,,,Burlington Stores Inc,280.84,1.98,282.89,276.22,298.89,212.92,831499,1031109,17717254554,34.57,1.69,29.60664926,0.8064123192,0.2212547284,0.5117927061,0.6414621036,6,72,280.84,280.84,TRUE,2025-08-23,2025-08-23 15:10:46,0
2025-08-23 8:50:47,Bull Spreads,ULTA Beauty,ULTA,23.6,548.9,2025-08-28 0:00:00,3,2025-08-15 9:16:19,2025-08-29 0:00:00,529.5,0.0769,0.0445,0.0404,0.0808,527.5,2.4,572.5,23.8,21.4,7.13,14,10,,,,,,,,,,,,,,,,,,,,,,,,Ulta Beauty Inc,529.5,1.79,534.09,526,534.1,309.01,624343,446845,23798700000,20.68,1.12,21.51503123,1.397224989,1.631477927,2.82551704,0.3163897467,6,75.97224989,529.5,529.5,TRUE,2025-08-23,2025-08-23 15:10:46,0
2025-08-23 8:50:47,Bull Spreads,"Macy's, Inc.",M,0.57,13.93,2025-09-03 0:00:00,1,2025-08-12 7:14:48,2025-09-05 0:00:00,13.58,0.0388,0.0419,0.0316,0.077,13.5,0.31,14.5,0.74,0.43,1.06,8,-2,,,,,,,,,,,,,,,,,,,,,,,,Macy's Inc,13.58,4.95,13.58,12.94,18.13,9.76,6803656,5723125,3687505031,6.87,1.79,43.4971699,1.188800874,6.010928962,3.822629969,4.54195535,13,87.88800874,13.58,13.58,TRUE,2025-08-23,2025-08-23 15:10:46,0
2025-08-23 8:50:47,Bull Spreads,Alibaba Group Holding Ltd.,BABA,4.95,125.05,2025-08-29 0:00:00,1,2025-08-18 6:33:20,2025-09-05 0:00:00,122.94,0.0497,0.0402,0.0248,0.0665,122,2.4,130,5.45,3.05,1.4,9,-5,,,,,,,,,,,,,,,,,,,,,,,,Alibaba Group Holding Ltd - ADR,122.94,4.12,123.4,120.28,148.43,79.21,13855325,12071979,293117733780,16.43,0.41,37.97561017,1.147726069,1.385452746,2.424393902,2.041832669,13,87.47726069,122.94,122.94,TRUE,2025-08-23,2025-08-23 15:10:46,0
2025-08-23 8:50:47,Bull Spreads,Hormel Foods Corp.,HRL,1.15,29.85,2025-08-28 0:00:00,1,2025-08-05 7:28:08,2025-08-29 0:00:00,29.25,0.056,0.0393,0.029,0.053,29,0.05,31,0.9,0.85,3.02,7,1,,,,,,,,,,,,,,,,,,,,,,,,Hormel Foods Corp,29.25,1.18,29.35,28.99,33.8,27.59,2258824,2436004,16084414125,21.51,0.31,19.58099181,0.9272661293,2.703651685,0.0341997264,0.7578367206,6,72,29.25,29.25,TRUE,2025-08-23,2025-08-23 15:10:46,0
2025-08-23 8:50:47,Bull Spreads,Bank of Nova Scotia,BNS,1.35,58.65,2025-08-26 0:00:00,1,2025-07-28 0:00:00,2025-09-19 0:00:00,57.63,0.0201,0.0234,0.0199,0.0291,57.5,0.15,60,1.3,1.15,1.3,7,1,,,,,,,,,,,,,,,,,,,,,,,,Bank of Nova Scotia,57.63,1.81,57.7,56.55,57.7,44.09,2135103,967057,71610520657,16.12,1.15,9.546839395,2.207835733,1.47913365,1.783821971,1.801801802,27,100,57.63,57.63,TRUE,2025-08-23,2025-08-23 15:10:46,0