Run Date,Strategy,,company,ticker,price,strike,nextEPSDate,releaseTime,lastEPSTime,confirmDate,lastTrade,optionDate,score,openInterest,volume,bid,ask,expDate,epsImpact,avgEPSMove,avgVolume,Strike_Hit,Hit_Date,Max_Favorable,Min_Unfavorable,Day0_Check,Day1_Check,Day2_Check,Day3_Check,Day4_Check,Day5_Check,Exp_Result,Risk_Reward,Peak_Profit_Date,Hit_RSI,Hit_SMA20,Hit_SMA50,Hit_EMA9,Hit_EMA21,Hit_VWAP,Hit_RVOL,Hit_ATR,Hit_PriceVsSMA20,Hit_PriceVsVWAP,GF_Name,GF_Price,GF_ChangePct,GF_High,GF_Low,GF_High52,GF_Low52,GF_Volume,GF_AvgVol10,GF_MktCap,GF_PE,GF_Beta,HV_30D,RVOL_10,Ret_5D,Ret_20D,GapPct,Days_To_Exp,Success_Score,Historical_High,Historical_Low,Ever_Hit_Strike,First_Hit_Date,Last_Update,Total_Hit_Days
2025-08-15 16:44:03,Long Calls,,"Palo Alto Networks, Inc.",PANW,7.59,172.5,2025-08-18 0:00:00,3,2025-05-20 16:05:00,2025-07-30 8:10:50,173.55,2025-08-14 0:00:00,5,3908,307,7.35,7.6,2025-08-22 0:00:00,0.0799,0.0805,6537703.274,"[""0.026667"",""0.022435"",""0.053043"",""0.069159"",""0.062841"",""0.077565""]",2025-08-18,"[""4.85"",""5.63"",""16.42"",""15.15"",""11.80"",""13.38""]","[""0.00"",""0.00"",""0.00"",""0.00"",""0.00"",""0.00""]",178.13,188.92,187.65,184.3,185.88,185.88,185.88,,,"[""66.50"",""72.77"",""96.61"",""65.96"",""24.13"",""85.17""]","[""176.88"",""177.04"",""177.90"",""187.18"",""184.81"",""183.43""]","[""176.70"",""176.78"",""176.99"",""186.74"",""184.84"",""183.32""]","[""177.06"",""177.32"",""181.85"",""187.36"",""184.55"",""183.83""]","[""176.91"",""177.09"",""179.06"",""187.18"",""184.71"",""183.54""]","[""175.46"",""175.67"",""177.44"",""181.33"",""181.63"",""181.65""]","[""2.69"",""1.60"",""2.08"",""1.37"",""5.36"",""0.00""]","[""0.1713"",""0.3149"",""1.2864"",""0.2047"",""0.2527"",""0.3437""]","[""0.22"",""0.40"",""5.91"",""0.17"",""-0.46"",""1.34""]","[""1.03"",""1.18"",""6.18"",""3.40"",""1.28"",""2.33""]",Palo Alto Networks Inc,185.88,1.4,187.11,182.94,210.39,144.15,6861721,10219730,124155909765,116.28,1.43,37.77572015,0.6714190101,4.963577842,-8.555123727,1.214266267,-1,80,185.88,185.88,TRUE,2025-08-23,2025-08-23 16:06:46,53
2025-08-15 16:44:03,Long Calls,,XP Inc.,XP,0.93,17,2025-08-18 0:00:00,3,2025-05-20 16:20:00,2025-08-04 14:42:59,17.39,2025-08-14 0:00:00,5,206,17,0.85,0.95,2025-08-22 0:00:00,0.0848,0.0562,6455244.203,"[""0.032353"",""0.030588"",""-0.059118"",""-0.056471"",""-0.048235"",""-0.031765""]",2025-08-18,"[""0.76"",""0.75"",""0.00"",""0.00"",""0.00"",""0.00""]","[""0.00"",""0.00"",""1.27"",""1.02"",""1.12"",""0.54""]",17.75,16.66,16.38,16.21,16.46,16.46,16.46,0.59,,"[""52.14"",""81.47"",""46.87"",""21.41"",""59.17"",""89.18""]","[""16.79"",""17.57"",""16.00"",""16.13"",""16.16"",""16.17""]","[null,""17.55"",""16.07"",""16.14"",""16.17"",""16.17""]","[""17.22"",""17.59"",""15.96"",""16.10"",""16.16"",""16.22""]","[""17.19"",""17.57"",""16.00"",""16.12"",""16.16"",""16.19""]","[""17.64"",""17.54"",""16.67"",""16.56"",""16.50"",""16.50""]","[""2.10"",""2.17"",""2.78"",""4.42"",""4.84"",""0.00""]","[""2.5539"",""0.0257"",""0.0335"",""0.0157"",""0.0143"",""0.0332""]","[""5.64"",""0.85"",""-0.06"",""-0.57"",""0.13"",""1.77""]","[""0.57"",""1.05"",""-4.02"",""-3.11"",""-1.92"",""-0.22""]",XP Inc,16.46,1.79,16.8,16.14,20.64,10.82,8968292,5551856,8690853180,9.88,1.09,39.08314221,1.615368266,-6.264236902,-0.6038647343,1.667696109,-1,66.15368266,16.46,16.46,FALSE,2025-08-23,2025-08-23 16:06:46,53
2025-08-15 16:44:03,Long Calls,,"Analog Devices, Inc.",ADI,7.41,235,2025-08-20 0:00:00,1,2025-05-22 7:01:00,2025-07-24 16:05:11,236.21,2025-08-14 0:00:00,5,126,4,6.7,7.7,2025-08-22 0:00:00,0.0641,0.0522,4175731.314,"[""-0.014638"",""-0.014851"",""-0.018766"",""0.042000"",""0.050766"",""0.073191""]",2025-08-20,"[""2.21"",""0.00"",""0.00"",""10.40"",""15.18"",""17.20""]","[""3.96"",""4.32"",""5.19"",""6.89"",""0.00"",""0.00""]",234.04,234.22,245.4,250.18,252.2,252.2,252.2,2.5,,"[""51.73"",""51.73"",""36.68"",""57.95"",""78.49"",""80.45""]","[""231.82"",""231.82"",""231.29"",""244.96"",""249.46"",""247.82""]","[""222.79"",""222.79"",""231.55"",""244.78"",""249.18"",""248.78""]","[""231.07"",""231.07"",""230.58"",""244.91"",""249.84"",""248.19""]","[""227.02"",""227.02"",""231.06"",""244.89"",""249.55"",""248.08""]","[""236.46"",""232.62"",""232.14"",""235.28"",""238.11"",""238.68""]","[""1.00"",""4.72"",""3.92"",""3.73"",""1.90"",""0.00""]","[""0.1874"",""0.1874"",""0.3100"",""0.3547"",""0.1877"",""0.6413""]","[""-0.14"",""-0.14"",""-0.30"",""0.09"",""0.29"",""1.77""]","[""-0.10"",""-0.48"",""-0.67"",""4.20"",""5.07"",""5.66""]",Analog Devices Inc,252.2,2.13,257.21,248.22,257.21,158.65,4990768,3479224,124071200000,64.16,1.05,28.80233399,1.434448601,8.880542244,10.70143095,1.211975279,-1,84.34448601,252.2,252.2,TRUE,2025-08-23,2025-08-23 16:06:46,53
2025-08-15 16:44:03,Long Calls,,Bilibili Inc.,BILI,1.57,23.5,2025-08-21 0:00:00,1,2025-05-20 6:00:00,2025-08-05 7:00:24,23.82,2025-08-14 0:00:00,5,108,38,1.47,1.54,2025-08-22 0:00:00,0.1167,0.0735,3748398.448,"[""0.057447"",""0.078936"",""0.066808"",""0.077021"",""0.011489"",""0.020426""]",2025-08-18,"[""1.43"",""2.09"",""2.05"",""1.83"",""0.87"",""0.48""]","[""0.00"",""0.00"",""0.00"",""0.00"",""0.09"",""0.00""]",25.59,25.55,25.33,24.37,23.98,23.98,23.98,23.22,,"[""54.29"",""53.29"",""51.87"",""57.75"",""45.97"",""54.69""]","[""24.90"",""25.48"",""25.51"",""25.09"",""24.82"",""23.72""]","[""24.85"",""24.89"",""24.94"",""25.06"",""24.53"",""23.23""]","[""24.91"",""25.50"",""25.49"",""25.09"",""24.33"",""23.80""]","[""24.89"",""25.44"",""25.23"",""25.08"",""24.61"",""23.67""]","[""24.72"",""24.95"",""25.10"",""25.11"",""24.97"",""24.57""]","[""1.10"",""0.94"",""1.54"",""5.34"",""0.65"",""0.00""]","[""0.0107"",""0.0415"",""0.0202"",""0.0345"",""0.2784"",""0.0475""]","[""0.08"",""0.24"",""-0.06"",""0.39"",""-2.21"",""1.09""]","[""0.79"",""2.40"",""1.60"",""0.29"",""-2.77"",""-2.41""]",Bilibili Inc - ADR,23.98,0.93,24.25,23.58,31.77,13.6,5691474,1976890,9898471405,341.11,0.94,48.08370321,2.87900389,-3.501006036,2.610183997,0.7139857203,-1,90,23.98,23.98,TRUE,2025-08-23,2025-08-23 16:06:46,53
2025-08-15 16:44:03,Long Calls,,Walmart Inc.,WMT,2.8,100,2025-08-21 0:00:00,1,2025-05-15 7:02:00,2025-08-14 7:01:15,100.85,2025-08-14 0:00:00,4,2959,1127,2.77,2.84,2025-08-22 0:00:00,0.0487,0.0447,17663881.95,"[""0.000300"",""0.006800"",""0.013100"",""0.025700"",""-0.020450"",""-0.031700""]",2025-08-18,"[""0.75"",""0.88"",""2.43"",""2.65"",""0.00"",""0.00""]","[""0.46"",""0.08"",""0.00"",""0.00"",""3.05"",""3.17""]",100.88,102.43,102.65,99.45,96.83,96.83,96.83,0.84,,"[""51.92"",""51.92"",""60.12"",""55.32"",""61.31"",""21.93""]","[""95.74"",""95.74"",""102.12"",""102.54"",""97.77"",""97.74""]","[""98.68"",""98.68"",""102.08"",""102.51"",""97.74"",""97.72""]","[""89.42"",""99.70"",""102.26"",""102.57"",""97.94"",""97.72""]","[""98.12"",""98.12"",""102.15"",""102.53"",""97.84"",""97.75""]","[""100.51"",""100.22"",""100.49"",""101.14"",""99.59"",""99.59""]","[""0.08"",""2.03"",""1.13"",""0.67"",""3.83"",""0.00""]","[""14.4187"",""14.4187"",""0.0847"",""0.0451"",""0.1423"",""0.2191""]","[""5.34"",""5.34"",""0.28"",""0.09"",""0.19"",""-0.93""]","[""0.14"",""0.63"",""1.92"",""1.47"",""-1.64"",""-2.77""]",Walmart Inc,96.83,-1.15,99.05,96.76,105.3,75.01,32695177,12856706,772743889552,36.53,0.66,22.05115473,2.543044618,-3.17,-0.656612291,-1.264402977,-1,70,96.83,96.83,FALSE,2025-08-23,2025-08-23 16:06:46,53
2025-08-15 16:44:03,Long Calls,,"Zoom Communications, Inc.",ZM,3.47,71,2025-08-21 0:00:00,3,2025-05-21 16:05:00,2025-07-31 16:16:52,71.86,2025-08-14 0:00:00,4,112,4,3.75,3.9,2025-08-29 0:00:00,0.0901,0.0606,2671698.908,,,,,,,,,,,,,,,,,,,,,,,,Zoom Communications Inc,82.47,12.71,83.01,75.72,92.8,64.41,15999992,2187790,24951100000,21.72,0.68,42.35138672,7.313312521,12.75635767,10.22453889,8.813827682,6,82,82.47,82.47,TRUE,2025-08-23,2025-08-23 16:06:46,0
2025-08-15 16:44:03,Long Calls,,Intuit Inc.,INTU,24.2,710,2025-08-21 0:00:00,3,2025-05-22 16:00:00,2025-07-31 19:10:48,710.64,2025-08-14 0:00:00,5,51,53,23.8,25,2025-08-22 0:00:00,0.0689,0.0697,1707873.74,"[""0.009697"",""0.010056"",""-0.012732"",""-0.015704"",""-0.016958"",""-0.066676""]",2025-08-15,"[""10.09"",""11.54"",""9.10"",""0.00"",""0.00"",""0.00""]","[""2.50"",""0.00"",""11.15"",""14.31"",""17.15"",""47.34""]",720.09,721.54,719.1,705.1,700.96,662.66,662.66,0.24,,"[""51.88"",""52.42"",""52.04"",""52.02"",""51.21"",""24.24""]","[""647.15"",""575.08"",""681.08"",""698.92"",""698.38"",""696.63""]","[""675.29"",""603.30"",""702.57"",""685.39"",""697.90"",""697.21""]","[""621.44"",""616.04"",""712.35"",""698.80"",""698.26"",""691.14""]","[""636.38"",""586.13"",""700.82"",""696.95"",""697.95"",""694.74""]","[""714.55"",""715.92"",""716.95"",""708.95"",""706.37"",""706.37""]","[""0.60"",""1.76"",""0.74"",""4.47"",""4.06"",""0.00""]","[""205.7283"",""308.5371"",""0.7907"",""0.4539"",""0.6145"",""3.0938""]","[""11.26"",""25.21"",""5.58"",""-0.01"",""-0.06"",""-4.88""]","[""0.76"",""0.58"",""0.30"",""-1.42"",""-1.19"",""-6.19""]",Intuit Inc,662.66,-5.03,670.39,642.52,813.48,532.65,6368783,3195318,184847011528,48.47,1.28,29.22827645,1.993160931,-7.545274437,-15.68674852,1.169465649,-1,69.93160931,662.66,662.66,FALSE,2025-08-23,2025-08-23 16:06:46,53
2025-08-15 16:44:03,Long Calls,,"MongoDB, Inc.",MDB,18.1,202.5,2025-08-26 0:00:00,3,2025-06-04 16:05:00,2025-08-05 16:11:16,204.37,2025-08-14 0:00:00,5,17,1,16.9,18.05,2025-08-29 0:00:00,0.0875,0.1764,2443208.57,,,,,,,,,,,,,,,,,,,,,,,,Mongodb Inc,219.06,3.35,220,208.65,370,140.94,1804476,3128059,17900340930,,1.44,54.34068834,0.5768676358,0.3665353248,-9.243070804,3.805146188,6,72,219.06,219.06,TRUE,2025-08-23,2025-08-23 16:06:46,0
2025-08-15 16:44:03,Long Calls,,Abercrombie & Fitch Co.,ANF,7.5,97,2025-08-27 0:00:00,1,2025-05-28 7:30:00,2025-08-01 8:03:35,97.32,2025-08-14 0:00:00,4,42,2,7.4,7.7,2025-08-29 0:00:00,0.0786,0.1231,2507965.606,,,,,,,,,,,,,,,,,,,,,,,,Abercrombie & Fitch Co,98.46,6.03,98.73,91.86,171.47,65.4,2743869,1504415,4690959274,9.7,1.54,50.90292524,1.82387772,4.945640588,6.627680312,5.814078452,6,80.2387772,98.46,98.46,TRUE,2025-08-23,2025-08-23 16:06:46,0
2025-08-15 16:44:03,Long Calls,,NVIDIA Corp.,NVDA,8.8,180,2025-08-27 0:00:00,3,2025-05-28 16:20:00,2025-07-30 17:05:27,182.02,2025-08-14 0:00:00,5,19403,4085,8.75,8.85,2025-08-29 0:00:00,0.0516,0.0739,213327004.6,,,,,,,,,,,,,,,,,,,,,,,,NVIDIA Corp,177.99,1.72,178.59,171.2,184.48,86.63,172789427,138323191,4342956000000,57.33,2.14,26.16687354,1.249171782,-1.36325852,2.587896254,3.116853021,6,54.49171782,177.99,177.99,FALSE,,2025-08-23 16:06:46,0
2025-08-15 16:44:03,Long Calls,,"Urban Outfitters, Inc",URBN,5.6,76,2025-08-27 0:00:00,3,2025-05-21 16:05:00,2025-08-10 20:42:05,77.29,2025-08-14 0:00:00,5,1,5,5.6,5.9,2025-09-05 0:00:00,0.0692,0.1271,2153494.374,,,,,,,,,,,,,,,,,,,,,,,,Urban Outfitters Inc,76.98,4.18,77.33,74.07,80.69,33.86,1486599,2278535,6900653000,16.13,1.44,39.46193035,0.6524363242,-0.7094028118,1.811929639,3.509479629,13,86,76.98,76.98,TRUE,2025-08-23,2025-08-23 16:06:46,0
2025-08-15 16:44:03,Long Calls,,Snowflake,SNOW,13,192.5,2025-08-27 0:00:00,3,2025-05-21 16:05:00,2025-08-04 9:21:57,194.9,2025-08-14 0:00:00,5,39,5,13.3,13.55,2025-08-29 0:00:00,0.0708,0.1481,4509198.315,,,,,,,,,,,,,,,,,,,,,,,,Snowflake Inc,196.81,1.08,199.91,191.24,229.27,107.13,3107867,5214015,65667230165,,1.22,39.64205553,0.5960602338,-1.140245128,-10.34121452,0.8454601353,6,72,196.81,196.81,TRUE,2025-08-23,2025-08-23 16:06:46,0
2025-08-15 16:44:03,Long Calls,,Burlington Stores Inc,BURL,130,150,2025-08-28 0:00:00,1,2025-05-29 6:45:00,2025-08-14 16:15:51,281.33,2025-08-14 0:00:00,4,0,2,130.2,133.8,2025-08-29 0:00:00,0.0649,0.07,1140418.238,,,,,,,,,,,,,,,,,,,,,,,,Burlington Stores Inc,280.84,1.98,282.89,276.22,298.89,212.92,831499,1031109,17717254554,34.57,1.69,29.60664926,0.8064123192,0.2212547284,0.5117927061,0.6414621036,6,72,280.84,280.84,TRUE,2025-08-23,2025-08-23 16:06:46,0
2025-08-15 16:44:03,Long Calls,,Dollar General Corporation,DG,5.4,114,2025-08-28 0:00:00,1,2025-06-03 6:50:00,2025-07-31 7:27:38,114.7,2025-08-14 0:00:00,5,85,1,5.8,6.1,2025-09-05 0:00:00,0.0501,0.1137,3547327.203,,,,,,,,,,,,,,,,,,,,,,,,Dollar General Corp,112.4,-0.06,113.75,111.37,125.42,66.43,2428681,2696133,24735924535,21.44,0.31,24.62605602,0.9008016296,-0.3281014454,4.499814057,0.2586745161,13,66,112.4,112.4,FALSE,,2025-08-23 16:06:46,0
2025-08-15 16:44:03,Long Calls,,Marvell Technology Group Ltd.,MRVL,5.35,79,2025-08-28 0:00:00,3,2025-05-29 16:05:00,2025-08-04 9:21:44,79.04,2025-08-14 0:00:00,5,394,253,5.1,5.25,2025-08-29 0:00:00,0.068,0.1326,19942818.48,,,,,,,,,,,,,,,,,,,,,,,,Marvell Technology Inc,73,2.51,74.73,70.68,127.48,47.09,14435874,11843620,62940592700,,1.83,44.23751124,1.218873453,-4.186901168,-1.630508018,2.326885338,6,54.18873453,73,73,FALSE,,2025-08-23 16:06:46,0
2025-08-15 16:44:03,Long Calls,,Dell Technologies,DELL,7.8,138,2025-08-28 0:00:00,3,2025-05-29 16:05:00,2025-07-28 0:00:00,138.86,2025-08-14 0:00:00,4,89,6,7.65,7.9,2025-08-29 0:00:00,0.0564,0.1214,6162992.745,,,,,,,,,,,,,,,,,,,,,,,,Dell Technologies Inc,130.84,2.38,132.05,128.12,147.66,66.25,3785951,4402805,88497766067,0,,38.04176615,0.8598952259,-5.380387619,-0.2895900015,1.54443151,6,52,130.84,130.84,FALSE,,2025-08-23 16:06:46,0
2025-08-15 16:44:03,Long Calls,,"Autodesk, Inc.",ADSK,14.4,280,2025-08-28 0:00:00,3,2025-05-22 16:01:00,2025-08-04 8:05:38,283.75,2025-08-14 0:00:00,5,6,1,13.2,14,2025-09-05 0:00:00,0.0379,0.0328,1584888.23,,,,,,,,,,,,,,,,,,,,,,,,Autodesk Inc,290.23,1.46,291.3,285.28,326.55,232.67,1116927,2227759,62109222351,62.19,1.46,26.51836092,0.5013679666,1.220660552,-4.302954366,1.301919721,13,86,290.23,290.23,TRUE,2025-08-23,2025-08-23 16:06:46,0
2025-08-15 16:44:03,Long Calls,,ULTA Beauty,ULTA,21.47,525,2025-08-28 0:00:00,3,2025-05-29 16:05:00,2025-08-15 9:16:19,526.18,2025-08-14 0:00:00,5,24,33,21.9,23.5,2025-08-29 0:00:00,0.0427,0.0769,776918.5106,,,,,,,,,,,,,,,,,,,,,,,,Ulta Beauty Inc,529.5,1.79,534.09,526,534.1,309.01,624343,446845,23798700000,20.68,1.12,21.51503123,1.397224989,1.631477927,2.82551704,0.3163897467,6,75.97224989,529.5,529.5,TRUE,2025-08-23,2025-08-23 16:06:46,0
2025-08-15 16:44:03,Long Calls,,"Zscaler, Inc.",ZS,16.9,270,2025-09-02 0:00:00,3,2025-05-29 16:05:00,2025-08-07 8:12:56,270.99,2025-08-14 0:00:00,4,21,21,16.4,18.1,2025-09-05 0:00:00,,0.09,2373877.391,,,,,,,,,,,,,,,,,,,,,,,,Zscaler Inc,272.52,0.8,276.79,269.14,318.46,153.45,882802,1281214,42429410000,,1.06,25.23278479,0.6890355553,-0.8910062916,-4.776547049,0.7840236686,13,86,272.52,272.52,TRUE,2025-08-23,2025-08-23 16:06:46,0
2025-08-15 16:44:03,Long Calls,,"Dollar Tree, Inc.",DLTR,5.76,113,2025-09-03 0:00:00,1,2025-06-04 6:30:00,2025-08-13 16:10:06,114.63,2025-08-14 0:00:00,4,14,1,6.5,7,2025-09-05 0:00:00,,0.091,4137018.547,,,,,,,,,,,,,,,,,,,,,,,,Dollar Tree Inc,113.32,0.65,113.87,111.97,118.06,60.49,2223752,2484088,23649396660,,0.88,16.63154093,0.8951985598,-0.1497929333,-0.9527139236,0.389794472,13,86,113.32,113.32,TRUE,2025-08-23,2025-08-23 16:06:46,0
2025-08-15 16:44:03,Long Calls,,"UiPath, Inc.",PATH,0.9,10.5,2025-09-04 0:00:00,3,2025-05-29 16:10:00,2025-08-07 16:39:24,10.73,2025-08-14 0:00:00,5,54,9,0.83,0.88,2025-09-05 0:00:00,,0.1108,12378270.83,,,,,,,,,,,,,,,,,,,,,,,,UiPath Inc,11.17,2.62,11.24,10.88,15.93,9.38,10224373,10109430,5976383436,,1.03,31.98955873,1.011369879,1.916058394,-8.29228243,2.1023766,13,86.11369879,11.17,11.17,TRUE,2025-08-23,2025-08-23 16:06:46,0
2025-08-15 16:44:03,Long Calls,,Planet Labs PBC ,PL,1.27,6,2025-09-08 0:00:00,1,2004-11-02 7:00:10,2025-08-07 9:40:58,6.82,2025-08-14 0:00:00,5,382,435,1.2,1.3,2025-09-19 0:00:00,,0.192,7610269.386,,,,,,,,,,,,,,,,,,,,,,,,Planet Labs PBC,6.8,5.1,6.84,6.37,7.72,1.76,5216290,4692769,2063329497,,1.8,47.80312539,1.111559082,0.2949852507,2.255639098,4.776579353,27,91.11559082,6.8,6.8,TRUE,2025-08-23,2025-08-23 16:06:46,0
2025-08-15 16:44:03,Long Calls,,"REV Group, Inc.",REVG,5.8,50,2025-09-08 0:00:00,1,2025-06-04 7:00:00,,52.96,2025-08-14 0:00:00,5,6,1,5.5,6.1,2025-09-19 0:00:00,,0.0977,735586.1783,,,,,,,,,,,,,,,,,,,,,,,,Rev Group Inc,52.31,3.54,52.53,50.16,53.75,21.54,1006505,669223,2552588922,28.18,1.18,26.19862123,1.503990449,0,9.115561118,3.584158416,27,95.03990449,52.31,52.31,TRUE,2025-08-23,2025-08-23 16:06:46,0
2025-08-15 16:44:03,Long Calls,,"AeroVironment, Inc",AVAV,20.2,245,2025-09-08 0:00:00,3,2025-06-24 16:05:00,,249.73,2025-08-14 0:00:00,5,4,9,20.5,21.5,2025-09-12 0:00:00,,0.138,1119350.33,,,,,,,,,,,,,,,,,,,,,,,,"AeroVironment, Inc.",239.84,2.03,244.7,233.93,295.9,102.25,806357,898872,11975750000,154.91,0.99,34.64516454,0.8970765582,-2.760997365,-12.10788625,2.246664109,20,70,239.84,239.84,FALSE,,2025-08-23 16:06:46,0
2025-08-15 16:44:03,Long Calls,,"SailPoint, Inc.",SAIL,5.2,15,2025-09-09 0:00:00,1,2025-06-11 7:00:00,2025-08-12 9:34:18,19.83,2025-08-14 0:00:00,5,124,2,5.1,5.3,2025-09-19 0:00:00,,0.0792,,,,,,,,,,,,,,,,,,,,,,,,,Sailpoint Inc,20.5,5.07,20.5,19.49,26.35,15.05,1315238,3122242,11410072450,,,51.78727859,0.4212479366,0.1465559355,1.28458498,4.538500765,27,90,20.5,20.5,TRUE,2025-08-23,2025-08-23 16:06:46,0
2025-08-15 16:44:03,Long Calls,,"Casey’s General Stores, Inc.",CASY,36.95,490,2025-09-09 0:00:00,3,2025-06-09 16:30:00,,508.18,2025-08-14 0:00:00,5,5,1,31.5,34.9,2025-09-19 0:00:00,,0.0729,391850.5677,,,,,,,,,,,,,,,,,,,,,,,,Caseys General Stores Inc,503.26,-1.36,510.52,498.87,531.24,350.52,301761,206850,18711695325,34.39,0.69,13.6231022,1.458839739,-0.9018588532,-4.59706925,-1.422079448,27,94.58839739,503.26,503.26,TRUE,2025-08-23,2025-08-23 16:06:46,0
2025-08-15 16:44:03,Long Calls,,Adobe Inc.,ADBE,21.21,345,2025-09-10 0:00:00,3,2025-06-12 16:05:00,2025-08-11 0:00:00,348.58,2025-08-14 0:00:00,4,176,11,20.4,21.65,2025-09-12 0:00:00,,0.1159,3898334.87,,,,,,,,,,,,,,,,,,,,,,,,Adobe Inc,362.09,2.45,362.65,354,587.75,330.04,3058636,4366242,153598540237,23.17,1.51,25.1135027,0.7005191192,2.040298718,-2.333171495,1.767847105,20,90,362.09,362.09,TRUE,2025-08-23,2025-08-23 16:06:46,0
2025-08-15 16:44:03,Long Calls,,"Dave & Buster's Entertainment, Inc.",PLAY,6.9,19,2025-09-10 0:00:00,3,2025-06-10 16:05:00,,25.99,2025-08-14 0:00:00,4,224,6,7.3,7.5,2025-09-19 0:00:00,,0.1076,1197914.935,,,,,,,,,,,,,,,,,,,,,,,,Dave & Buster's Entertainment Inc,25.34,5.67,25.55,23.96,43.73,15.08,887562,690977,876157000,25.04,2.14,65.77031574,1.284502957,-0.9382329945,-22.83800244,5.759599332,27,92.84502957,25.34,25.34,TRUE,2025-08-23,2025-08-23 16:06:46,0
2025-08-22 19:44:55,Long Calls,,"MongoDB, Inc.",MDB,18.65,210,2025-08-26 0:00:00,3,2025-06-04 16:05:00,2025-08-05 16:11:16,211.96,2025-08-21 0:00:00,5,182,138,18.5,19.1,2025-08-29 0:00:00,0.1693,0.1764,2382691.037,,,,,,,,,,,,,,,,,,,,,,,,Mongodb Inc,219.06,3.35,220,208.65,370,140.94,1804476,3128059,17900340930,,1.44,54.34068834,0.5768676358,0.3665353248,-9.243070804,3.805146188,6,72,219.06,219.06,TRUE,2025-08-23,2025-08-23 16:06:46,0
2025-08-22 19:44:55,Long Calls,,Abercrombie & Fitch Co.,ANF,6.93,92,2025-08-27 0:00:00,1,2025-05-28 7:30:00,2025-08-01 8:03:35,92.89,2025-08-21 0:00:00,5,19,17,7,8,2025-08-29 0:00:00,0.1491,0.1231,2408594.484,,,,,,,,,,,,,,,,,,,,,,,,Abercrombie & Fitch Co,98.46,6.03,98.73,91.86,171.47,65.4,2743869,1504415,4690959274,9.7,1.54,50.90292524,1.82387772,4.945640588,6.627680312,5.814078452,6,80.2387772,98.46,98.46,TRUE,2025-08-23,2025-08-23 16:06:46,0
2025-08-22 19:44:55,Long Calls,,NetApp,NTAP,5.1,107,2025-08-27 0:00:00,3,2025-05-29 16:01:00,2025-07-31 16:05:51,107.775,2025-08-21 0:00:00,4,46,17,4.9,5.1,2025-08-29 0:00:00,0.0812,0.0837,1909089.392,,,,,,,,,,,,,,,,,,,,,,,,NetApp Inc,110.52,2.55,110.86,107.56,135.45,71.84,1331260,1334343,22113901920,19.48,1.44,22.85953259,0.9976894996,1.590219689,5.317324185,1.889923481,6,72,110.52,110.52,TRUE,2025-08-23,2025-08-23 16:06:46,0
2025-08-22 19:44:55,Long Calls,,NVIDIA Corp.,NVDA,7.9,172.5,2025-08-27 0:00:00,3,2025-05-28 16:20:00,2025-07-30 17:05:27,174.98,2025-08-21 0:00:00,5,5868,4802,7.95,8,2025-08-29 0:00:00,0.0754,0.0739,195312181.3,,,,,,,,,,,,,,,,,,,,,,,,NVIDIA Corp,177.99,1.72,178.59,171.2,184.48,86.63,172789427,138323191,4342956000000,57.33,2.14,26.16687354,1.249171782,-1.36325852,2.587896254,3.116853021,6,74.49171782,177.99,177.99,TRUE,2025-08-23,2025-08-23 16:06:46,0
2025-08-22 19:44:55,Long Calls,,Snowflake,SNOW,13.3,192.5,2025-08-27 0:00:00,3,2025-05-21 16:05:00,2025-08-04 9:21:57,194.68,2025-08-21 0:00:00,5,178,26,13.05,13.25,2025-08-29 0:00:00,0.1233,0.1481,4335448.12,,,,,,,,,,,,,,,,,,,,,,,,Snowflake Inc,196.81,1.08,199.91,191.24,229.27,107.13,3107867,5214015,65667230165,,1.22,39.64205553,0.5960602338,-1.140245128,-10.34121452,0.8454601353,6,72,196.81,196.81,TRUE,2025-08-23,2025-08-23 16:06:46,0
2025-08-22 19:44:55,Long Calls,,"Urban Outfitters, Inc",URBN,5.2,72,2025-08-27 0:00:00,3,2025-05-21 16:05:00,2025-08-10 20:42:05,73.89,2025-08-21 0:00:00,5,2,10,5.2,5.4,2025-08-29 0:00:00,0.1211,0.1271,2042942.368,,,,,,,,,,,,,,,,,,,,,,,,Urban Outfitters Inc,76.98,4.18,77.33,74.07,80.69,33.86,1486599,2278535,6900653000,16.13,1.44,39.46193035,0.6524363242,-0.7094028118,1.811929639,3.509479629,6,72,76.98,76.98,TRUE,2025-08-23,2025-08-23 16:06:46,0
2025-08-22 19:44:55,Long Calls,,Li Auto Inc.,LI,1.27,23,2025-08-28 0:00:00,1,2025-05-29 4:30:00,2025-08-15 6:54:38,23.46,2025-08-21 0:00:00,4,14,11,1.29,1.34,2025-08-29 0:00:00,0.0944,0.1129,4472458.106,,,,,,,,,,,,,,,,,,,,,,,,Li Auto Inc,24.06,2.56,24.11,23.54,33.11,17.44,5053489,5207027,25575418532,22.66,0.94,46.19553589,0.9705133083,-0.5374121538,-18.66125761,2.03562341,6,72,24.06,24.06,TRUE,2025-08-23,2025-08-23 16:06:46,0
2025-08-22 19:44:55,Long Calls,,Dollar General Corporation,DG,5.25,112,2025-08-28 0:00:00,1,2025-06-03 6:50:00,2025-07-31 7:27:38,112.49,2025-08-21 0:00:00,5,25,21,5.05,5.35,2025-08-29 0:00:00,0.0885,0.1137,3304676.962,,,,,,,,,,,,,,,,,,,,,,,,Dollar General Corp,112.4,-0.06,113.75,111.37,125.42,66.43,2428681,2696133,24735924535,21.44,0.31,24.62605602,0.9008016296,-0.3281014454,4.499814057,0.2586745161,6,72,112.4,112.4,TRUE,2025-08-23,2025-08-23 16:06:46,0
2025-08-22 19:44:55,Long Calls,,Burlington Stores Inc,BURL,16.2,270,2025-08-28 0:00:00,1,2025-05-29 6:45:00,2025-08-14 16:15:51,275.59,2025-08-21 0:00:00,5,1,1,16.8,17.3,2025-09-05 0:00:00,0.0798,0.07,1096857.668,,,,,,,,,,,,,,,,,,,,,,,,Burlington Stores Inc,280.84,1.98,282.89,276.22,298.89,212.92,831499,1031109,17717254554,34.57,1.69,29.60664926,0.8064123192,0.2212547284,0.5117927061,0.6414621036,13,86,280.84,280.84,TRUE,2025-08-23,2025-08-23 16:06:46,0
2025-08-22 19:44:55,Long Calls,,Dell Technologies,DELL,6.9,127,2025-08-28 0:00:00,3,2025-05-29 16:05:00,2025-08-18 19:50:29,127.83,2025-08-21 0:00:00,4,70,8,6.75,6.95,2025-08-29 0:00:00,0.1019,0.1214,5661345.216,,,,,,,,,,,,,,,,,,,,,,,,Dell Technologies Inc,130.84,2.38,132.05,128.12,147.66,66.25,3785951,4402805,88497766067,0,,38.04176615,0.8598952259,-5.380387619,-0.2895900015,1.54443151,6,72,130.84,130.84,TRUE,2025-08-23,2025-08-23 16:06:46,0
2025-08-22 19:44:55,Long Calls,,"Affirm Holdings, Inc.",AFRM,5.75,74,2025-08-28 0:00:00,3,2025-05-08 16:05:00,2025-07-31 16:11:15,74.49,2025-08-21 0:00:00,4,439,352,5.7,5.8,2025-08-29 0:00:00,0.1477,0.1556,6339452.926,,,,,,,,,,,,,,,,,,,,,,,,Affirm Holdings Inc,79.49,6.71,80.41,74.15,82.53,30.02,8391529,4722605,25643465361,,3.63,58.43202995,1.776885638,0.9781504065,18.48263527,6.999596177,6,79.76885638,79.49,79.49,TRUE,2025-08-23,2025-08-23 16:06:46,0
2025-08-22 19:44:55,Long Calls,,Marvell Technology Group Ltd.,MRVL,4.35,71,2025-08-28 0:00:00,3,2025-05-29 16:05:00,2025-08-04 9:21:44,71.21,2025-08-21 0:00:00,5,829,1243,4.35,4.45,2025-08-29 0:00:00,0.1208,0.1326,19014211.48,,,,,,,,,,,,,,,,,,,,,,,,Marvell Technology Inc,73,2.51,74.73,70.68,127.48,47.09,14435874,11843620,62940592700,,1.83,44.23751124,1.218873453,-4.186901168,-1.630508018,2.326885338,6,74.18873453,73,73,TRUE,2025-08-23,2025-08-23 16:06:46,0
2025-08-22 19:44:55,Long Calls,,ULTA Beauty,ULTA,20.5,520,2025-08-28 0:00:00,3,2025-05-29 16:05:00,2025-08-15 9:16:19,520.18,2025-08-21 0:00:00,5,40,40,19.7,20.9,2025-08-29 0:00:00,0.083,0.0769,723682.3386,,,,,,,,,,,,,,,,,,,,,,,,Ulta Beauty Inc,529.5,1.79,534.09,526,534.1,309.01,624343,446845,23798700000,20.68,1.12,21.51503123,1.397224989,1.631477927,2.82551704,0.3163897467,6,75.97224989,529.5,529.5,TRUE,2025-08-23,2025-08-23 16:06:46,0
2025-08-22 19:44:55,Long Calls,,"Academy Sports and Outdoors, Inc.",ASO,3.3,50,2025-09-02 0:00:00,1,2025-06-10 8:00:00,2025-08-21 8:55:57,51.6,2025-08-21 0:00:00,4,16,49,3.1,3.6,2025-09-05 0:00:00,0.0741,0.0386,1505517.682,,,,,,,,,,,,,,,,,,,,,,,,Academy Sports and Outdoors Inc,53.95,4.55,54.59,51.42,64.61,33.34,1098812,1205089,3586365684,9.95,1.3,41.93596839,0.9118098331,-0.1295816364,-2.757750541,3.75,13,86,53.95,53.95,TRUE,2025-08-23,2025-08-23 16:06:46,0
2025-08-22 19:44:55,Long Calls,,"Dollar Tree, Inc.",DLTR,5.55,112,2025-09-03 0:00:00,1,2025-06-04 6:30:00,2025-08-13 16:10:06,112.59,2025-08-21 0:00:00,4,19,50,5.65,5.85,2025-09-05 0:00:00,0.0524,0.091,3812177.935,,,,,,,,,,,,,,,,,,,,,,,,Dollar Tree Inc,113.32,0.65,113.87,111.97,118.06,60.49,2223752,2484088,23649396660,,0.88,16.63154093,0.8951985598,-0.1497929333,-0.9527139236,0.389794472,13,86,113.32,113.32,TRUE,2025-08-23,2025-08-23 16:06:46,0
2025-08-22 19:44:55,Long Calls,,Hewlett Packard Enterprise,HPE,1.24,21.5,2025-09-03 0:00:00,3,2025-06-03 16:05:00,2025-08-13 8:29:28,21.82,2025-08-21 0:00:00,5,102,2342,1.21,1.26,2025-09-05 0:00:00,0.0637,0.0705,17828447.76,,,,,,,,,,,,,,,,,,,,,,,,Hewlett Packard Enterprise Co,22.45,2.84,22.69,21.84,24.66,11.97,18245308,15792920,29459227751,22.27,1.37,28.93447965,1.155284013,6.096408318,8.297153883,2.652034751,13,87.55284013,22.45,22.45,TRUE,2025-08-23,2025-08-23 16:06:46,0
2025-08-22 19:44:55,Long Calls,,Credo Technology Group Holding Ltd,CRDO,11.7,110,2025-09-03 0:00:00,3,2025-06-02 16:05:00,2025-08-13 9:17:53,110.86,2025-08-21 0:00:00,5,0,109,11.5,11.9,2025-09-12 0:00:00,0.0848,0.1987,4716331.085,,,,,,,,,,,,,,,,,,,,,,,,Credo Technology Group Holding Ltd,114.04,2.87,116.35,105.86,128.56,24.08,4815231,2358157,19574031029,395.9,2.59,66.88631831,2.041946741,-2.312831934,12.66548113,6.192382903,20,100,114.04,114.04,TRUE,2025-08-23,2025-08-23 16:06:46,0
2025-08-22 19:44:55,Long Calls,,Salesforce,CRM,11.8,245,2025-09-03 0:00:00,3,2025-05-28 16:02:00,2025-08-07 16:33:58,245.83,2025-08-21 0:00:00,5,339,42,11.65,11.9,2025-09-05 0:00:00,0.052,0.0697,7347998.936,,,,,,,,,,,,,,,,,,,,,,,,Salesforce Inc,248.29,0.98,249.53,244.11,369,226.48,6694286,10737994,237365233581,38.8,1.37,25.24509893,0.6234205383,2.412968157,-7.736613281,1.021238506,13,86,248.29,248.29,TRUE,2025-08-23,2025-08-23 16:06:46,0
2025-08-22 19:44:55,Long Calls,,Broadcom Inc.,AVGO,14.45,287.5,2025-09-04 0:00:00,3,2025-06-05 16:15:00,2025-08-04 8:05:55,289.6,2025-08-21 0:00:00,4,62,121,14.8,14.95,2025-09-05 0:00:00,0.0527,0.1128,20586631.31,,,,,,,,,,,,,,,,,,,,,,,,Broadcom Inc,294,1.52,300.09,289.01,317.35,134.91,16301330,12396384,1382820180000,110.5,0.95,29.22615877,1.31500686,-4.028203956,1.316424288,0.7712082262,13,89.1500686,294,294,TRUE,2025-08-23,2025-08-23 16:06:46,0
2025-08-22 19:44:55,Long Calls,,Samsara Inc. ,IOT,3.09,32,2025-09-04 0:00:00,3,2025-06-05 16:10:00,2025-08-04 16:33:40,32.84,2025-08-21 0:00:00,4,21,1,3.1,3.3,2025-09-12 0:00:00,0.1051,0.1087,4843186.929,,,,,,,,,,,,,,,,,,,,,,,,Samsara Inc,34.79,5.97,34.99,32.55,61.9,31.4,5980429,7183206,19807193003,,1.62,45.01864995,0.8325570783,3.75782881,-10.77199282,6.261453879,20,90,34.79,34.79,TRUE,2025-08-23,2025-08-23 16:06:46,0
2025-08-22 19:44:55,Long Calls,,"UiPath, Inc.",PATH,0.93,10.5,2025-09-04 0:00:00,3,2025-05-29 16:10:00,2025-08-07 16:39:24,10.89,2025-08-21 0:00:00,5,97,14,0.89,0.95,2025-09-05 0:00:00,0.0973,0.1108,11788368.77,,,,,,,,,,,,,,,,,,,,,,,,UiPath Inc,11.17,2.62,11.24,10.88,15.93,9.38,10224373,10109430,5976383436,,1.03,31.98955873,1.011369879,1.916058394,-8.29228243,2.1023766,13,86.11369879,11.17,11.17,TRUE,2025-08-23,2025-08-23 16:06:46,0
2025-08-22 19:44:55,Long Calls,,Planet Labs PBC ,PL,0.94,6,2025-09-08 0:00:00,1,2004-11-02 7:00:10,2025-08-07 9:40:58,6.48,2025-08-21 0:00:00,5,674,4,0.95,1.05,2025-09-19 0:00:00,,0.192,7567823.563,,,,,,,,,,,,,,,,,,,,,,,,Planet Labs PBC,6.8,5.1,6.84,6.37,7.72,1.76,5216290,4692769,2063329497,,1.8,47.80312539,1.111559082,0.2949852507,2.255639098,4.776579353,27,91.11559082,6.8,6.8,TRUE,2025-08-23,2025-08-23 16:06:46,0
2025-08-22 19:44:55,Long Calls,,"AeroVironment, Inc",AVAV,16.8,235,2025-09-08 0:00:00,3,2025-06-24 16:05:00,,235.07,2025-08-21 0:00:00,5,33,11,17.5,18.1,2025-09-19 0:00:00,,0.138,1110317.751,,,,,,,,,,,,,,,,,,,,,,,,"AeroVironment, Inc.",239.84,2.03,244.7,233.93,295.9,102.25,806357,898872,11975750000,154.91,0.99,34.64516454,0.8970765582,-2.760997365,-12.10788625,2.246664109,27,90,239.84,239.84,TRUE,2025-08-23,2025-08-23 16:06:46,0
2025-08-22 19:44:55,Long Calls,,"SailPoint, Inc.",SAIL,2.8,17.5,2025-09-09 0:00:00,1,2025-06-11 7:00:00,2025-08-12 9:34:18,19.51,2025-08-21 0:00:00,5,303,5,2.75,2.9,2025-09-19 0:00:00,,0.0792,,,,,,,,,,,,,,,,,,,,,,,,,Sailpoint Inc,20.5,5.07,20.5,19.49,26.35,15.05,1315238,3122242,11410072450,,,51.78727859,0.4212479366,0.1465559355,1.28458498,4.538500765,27,90,20.5,20.5,TRUE,2025-08-23,2025-08-23 16:06:46,0
2025-08-22 19:44:55,Long Calls,,"Synopsys, Inc.",SNPS,37,580,2025-09-09 0:00:00,3,2025-05-28 16:05:00,2025-07-30 16:19:27,598.17,2025-08-21 0:00:00,4,131,1,35.7,39.7,2025-09-19 0:00:00,,0.0491,1511366.302,,,,,,,,,,,,,,,,,,,,,,,,Synopsys Inc,606.52,1.4,612.98,597.48,651.65,365.74,863358,956156,112232708538,43.79,1.15,33.74270246,0.9029467995,-1.843310514,0.826198986,1.026051036,27,90,606.52,606.52,TRUE,2025-08-23,2025-08-23 16:06:46,0
2025-08-22 19:44:55,Long Calls,,"Dave & Buster's Entertainment, Inc.",PLAY,2.58,23,2025-09-10 0:00:00,3,2025-06-10 16:05:00,,23.98,2025-08-21 0:00:00,4,14,2,2.65,2.85,2025-09-19 0:00:00,,0.1076,1091718.111,,,,,,,,,,,,,,,,,,,,,,,,Dave & Buster's Entertainment Inc,25.34,5.67,25.55,23.96,43.73,15.08,887562,690977,876157000,25.04,2.14,65.77031574,1.284502957,-0.9382329945,-22.83800244,5.759599332,27,92.84502957,25.34,25.34,TRUE,2025-08-23,2025-08-23 16:06:46,0
2025-08-22 19:44:55,Long Calls,,Adobe Inc.,ADBE,19.76,352.5,2025-09-11 0:00:00,3,2025-06-12 16:05:00,2025-08-21 8:54:37,353.43,2025-08-21 0:00:00,4,22,11,20.2,21.25,2025-09-19 0:00:00,,0.1159,3804159.717,,,,,,,,,,,,,,,,,,,,,,,,Adobe Inc,362.09,2.45,362.65,354,587.75,330.04,3058636,4366242,153598540237,23.17,1.51,25.1135027,0.7005191192,2.040298718,-2.333171495,1.767847105,27,90,362.09,362.09,TRUE,2025-08-23,2025-08-23 16:06:46,0
2025-08-22 19:44:55,Long Calls,,Kroger Co.,KR,2.73,71,2025-09-12 0:00:00,1,2025-06-20 8:00:00,,71.42,2025-08-21 0:00:00,5,49,2,2.53,2.72,2025-09-12 0:00:00,,0.0559,7384505.927,,,,,,,,,,,,,,,,,,,,,,,,Kroger Co,69.56,-2.6,71.9,68.82,74.9,50.69,6983633,4588525,45989995833,18.91,0.59,24.41141255,1.52197776,-0.1865403932,-2.658830115,-2.590673575,20,75.2197776,69.56,69.56,FALSE,,2025-08-23 16:06:46,0
2025-08-22 19:44:55,Long Calls,,Oracle Corp.,ORCL,14.87,232.5,2025-09-15 0:00:00,3,2025-06-11 16:05:00,,233.16,2025-08-21 0:00:00,5,66,27,14.65,15,2025-09-19 0:00:00,,0.0993,11864953.7,,,,,,,,,,,,,,,,,,,,,,,,Oracle Corp,236.37,1.37,238.5,231.46,260.87,118.86,9343637,9012112,663923606125,54.44,1.43,33.33951918,1.036786605,-4.797003383,-3.569680157,0.9869264291,27,90.36786605,236.37,236.37,TRUE,2025-08-23,2025-08-23 16:06:46,0
,,,,,,,,,,,,,,,,,,,,,,,,,,,,,,,,,,,,,,,,,,,,,,,,,,,,,,,,,,,,,,,,,,,,,
,,,,,,,,,,,,,,,,,,,,,,,,,,,,,,,,,,,,,,,,,,,,,,,,,,,,,,,,,,,,,,,,,,,,,
,,,,,,,,,,,,,,,,,,,,,,,,,,,,,,,,,,,,,,,,,,,,,,,,,,,,,,,,,,,,,,,,,,,,,
,,,,,,,,,,,,,,,,,,,,,,,,,,,,,,,,,,,,,,,,,,,,,,,,,,,,,,,,,,,,,,,,,,,,,
,,,,,,,,,,,,,,,,,,,,,,,,,,,,,,,,,,,,,,,,,,,,,,,,,,,,,,,,,,,,,,,,,,,,,
,,,,,,,,,,,,,,,,,,,,,,,,,,,,,,,,,,,,,,,,,,,,,,,,,,,,,,,,,,,,,,,,,,,,,
,,,,,,,,,,,,,,,,,,,,,,,,,,,,,,,,,,,,,,,,,,,,,,,,,,,,,,,,,,,,,,,,,,,,,
,,,,,,,,,,,,,,,,,,,,,,,,,,,,,,,,,,,,,,,,,,,,,,,,,,,,,,,,,,,,,,,,,,,,,
,,,,,,,,,,,,,,,,,,,,,,,,,,,,,,,,,,,,,,,,,,,,,,,,,,,,,,,,,,,,,,,,,,,,,
,,,,,,,,,,,,,,,,,,,,,,,,,,,,,,,,,,,,,,,,,,,,,,,,,,,,,,,,,,,,,,,,,,,,,
,,,,,,,,,,,,,,,,,,,,,,,,,,,,,,,,,,,,,,,,,,,,,,,,,,,,,,,,,,,,,,,,,,,,,
,,,,,,,,,,,,,,,,,,,,,,,,,,,,,,,,,,,,,,,,,,,,,,,,,,,,,,,,,,,,,,,,,,,,,
,,,,,,,,,,,,,,,,,,,,,,,,,,,,,,,,,,,,,,,,,,,,,,,,,,,,,,,,,,,,,,,,,,,,,
,,,,,,,,,,,,,,,,,,,,,,,,,,,,,,,,,,,,,,,,,,,,,,,,,,,,,,,,,,,,,,,,,,,,,
,,,,,,,,,,,,,,,,,,,,,,,,,,,,,,,,,,,,,,,,,,,,,,,,,,,,,,,,,,,,,,,,,,,,,
,,,,,,,,,,,,,,,,,,,,,,,,,,,,,,,,,,,,,,,,,,,,,,,,,,,,,,,,,,,,,,,,,,,,,
,,,,,,,,,,,,,,,,,,,,,,,,,,,,,,,,,,,,,,,,,,,,,,,,,,,,,,,,,,,,,,,,,,,,,
,,,,,,,,,,,,,,,,,,,,,,,,,,,,,,,,,,,,,,,,,,,,,,,,,,,,,,,,,,,,,,,,,,,,,
,,,,,,,,,,,,,,,,,,,,,,,,,,,,,,,,,,,,,,,,,,,,,,,,,,,,,,,,,,,,,,,,,,,,,
,,,,,,,,,,,,,,,,,,,,,,,,,,,,,,,,,,,,,,,,,,,,,,,,,,,,,,,,,,,,,,,,,,,,,
,,,,,,,,,,,,,,,,,,,,,,,,,,,,,,,,,,,,,,,,,,,,,,,,,,,,,,,,,,,,,,,,,,,,,
,,,,,,,,,,,,,,,,,,,,,,,,,,,,,,,,,,,,,,,,,,,,,,,,,,,,,,,,,,,,,,,,,,,,,
,,,,,,,,,,,,,,,,,,,,,,,,,,,,,,,,,,,,,,,,,,,,,,,,,,,,,,,,,,,,,,,,,,,,,
,,,,,,,,,,,,,,,,,,,,,,,,,,,,,,,,,,,,,,,,,,,,,,,,,,,,,,,,,,,,,,,,,,,,,
,,,,,,,,,,,,,,,,,,,,,,,,,,,,,,,,,,,,,,,,,,,,,,,,,,,,,,,,,,,,,,,,,,,,,
,,,,,,,,,,,,,,,,,,,,,,,,,,,,,,,,,,,,,,,,,,,,,,,,,,,,,,,,,,,,,,,,,,,,,
,,,,,,,,,,,,,,,,,,,,,,,,,,,,,,,,,,,,,,,,,,,,,,,,,,,,,,,,,,,,,,,,,,,,,
,,,,,,,,,,,,,,,,,,,,,,,,,,,,,,,,,,,,,,,,,,,,,,,,,,,,,,,,,,,,,,,,,,,,,
,,,,,,,,,,,,,,,,,,,,,,,,,,,,,,,,,,,,,,,,,,,,,,,,,,,,,,,,,,,,,,,,,,,,,
,,,,,,,,,,,,,,,,,,,,,,,,,,,,,,,,,,,,,,,,,,,,,,,,,,,,,,,,,,,,,,,,,,,,,
,,,,,,,,,,,,,,,,,,,,,,,,,,,,,,,,,,,,,,,,,,,,,,,,,,,,,,,,,,,,,,,,,,,,,
,,,,,,,,,,,,,,,,,,,,,,,,,,,,,,,,,,,,,,,,,,,,,,,,,,,,,,,,,,,,,,,,,,,,,
,,,,,,,,,,,,,,,,,,,,,,,,,,,,,,,,,,,,,,,,,,,,,,,,,,,,,,,,,,,,,,,,,,,,,
,,,,,,,,,,,,,,,,,,,,,,,,,,,,,,,,,,,,,,,,,,,,,,,,,,,,,,,,,,,,,,,,,,,,,
,,,,,,,,,,,,,,,,,,,,,,,,,,,,,,,,,,,,,,,,,,,,,,,,,,,,,,,,,,,,,,,,,,,,,
,,,,,,,,,,,,,,,,,,,,,,,,,,,,,,,,,,,,,,,,,,,,,,,,,,,,,,,,,,,,,,,,,,,,,
,,,,,,,,,,,,,,,,,,,,,,,,,,,,,,,,,,,,,,,,,,,,,,,,,,,,,,,,,,,,,,,,,,,,,
,,,,,,,,,,,,,,,,,,,,,,,,,,,,,,,,,,,,,,,,,,,,,,,,,,,,,,,,,,,,,,,,,,,,,
,,,,,,,,,,,,,,,,,,,,,,,,,,,,,,,,,,,,,,,,,,,,,,,,,,,,,,,,,,,,,,,,,,,,,
,,,,,,,,,,,,,,,,,,,,,,,,,,,,,,,,,,,,,,,,,,,,,,,,,,,,,,,,,,,,,,,,,,,,,
,,,,,,,,,,,,,,,,,,,,,,,,,,,,,,,,,,,,,,,,,,,,,,,,,,,,,,,,,,,,,,,,,,,,,
,,,,,,,,,,,,,,,,,,,,,,,,,,,,,,,,,,,,,,,,,,,,,,,,,,,,,,,,,,,,,,,,,,,,,
,,,,,,,,,,,,,,,,,,,,,,,,,,,,,,,,,,,,,,,,,,,,,,,,,,,,,,,,,,,,,,,,,,,,,
,,,,,,,,,,,,,,,,,,,,,,,,,,,,,,,,,,,,,,,,,,,,,,,,,,,,,,,,,,,,,,,,,,,,,
,,,,,,,,,,,,,,,,,,,,,,,,,,,,,,,,,,,,,,,,,,,,,,,,,,,,,,,,,,,,,,,,,,,,,
,,,,,,,,,,,,,,,,,,,,,,,,,,,,,,,,,,,,,,,,,,,,,,,,,,,,,,,,,,,,,,,,,,,,,
,,,,,,,,,,,,,,,,,,,,,,,,,,,,,,,,,,,,,,,,,,,,,,,,,,,,,,,,,,,,,,,,,,,,,
,,,,,,,,,,,,,,,,,,,,,,,,,,,,,,,,,,,,,,,,,,,,,,,,,,,,,,,,,,,,,,,,,,,,,
,,,,,,,,,,,,,,,,,,,,,,,,,,,,,,,,,,,,,,,,,,,,,,,,,,,,,,,,,,,,,,,,,,,,,
,,,,,,,,,,,,,,,,,,,,,,,,,,,,,,,,,,,,,,,,,,,,,,,,,,,,,,,,,,,,,,,,,,,,,
,,,,,,,,,,,,,,,,,,,,,,,,,,,,,,,,,,,,,,,,,,,,,,,,,,,,,,,,,,,,,,,,,,,,,
,,,,,,,,,,,,,,,,,,,,,,,,,,,,,,,,,,,,,,,,,,,,,,,,,,,,,,,,,,,,,,,,,,,,,
,,,,,,,,,,,,,,,,,,,,,,,,,,,,,,,,,,,,,,,,,,,,,,,,,,,,,,,,,,,,,,,,,,,,,
,,,,,,,,,,,,,,,,,,,,,,,,,,,,,,,,,,,,,,,,,,,,,,,,,,,,,,,,,,,,,,,,,,,,,
,,,,,,,,,,,,,,,,,,,,,,,,,,,,,,,,,,,,,,,,,,,,,,,,,,,,,,,,,,,,,,,,,,,,,
,,,,,,,,,,,,,,,,,,,,,,,,,,,,,,,,,,,,,,,,,,,,,,,,,,,,,,,,,,,,,,,,,,,,,
,,,,,,,,,,,,,,,,,,,,,,,,,,,,,,,,,,,,,,,,,,,,,,,,,,,,,,,,,,,,,,,,,,,,,
,,,,,,,,,,,,,,,,,,,,,,,,,,,,,,,,,,,,,,,,,,,,,,,,,,,,,,,,,,,,,,,,,,,,,
,,,,,,,,,,,,,,,,,,,,,,,,,,,,,,,,,,,,,,,,,,,,,,,,,,,,,,,,,,,,,,,,,,,,,
,,,,,,,,,,,,,,,,,,,,,,,,,,,,,,,,,,,,,,,,,,,,,,,,,,,,,,,,,,,,,,,,,,,,,
,,,,,,,,,,,,,,,,,,,,,,,,,,,,,,,,,,,,,,,,,,,,,,,,,,,,,,,,,,,,,,,,,,,,,
,,,,,,,,,,,,,,,,,,,,,,,,,,,,,,,,,,,,,,,,,,,,,,,,,,,,,,,,,,,,,,,,,,,,,
,,,,,,,,,,,,,,,,,,,,,,,,,,,,,,,,,,,,,,,,,,,,,,,,,,,,,,,,,,,,,,,,,,,,,
,,,,,,,,,,,,,,,,,,,,,,,,,,,,,,,,,,,,,,,,,,,,,,,,,,,,,,,,,,,,,,,,,,,,,
,,,,,,,,,,,,,,,,,,,,,,,,,,,,,,,,,,,,,,,,,,,,,,,,,,,,,,,,,,,,,,,,,,,,,
,,,,,,,,,,,,,,,,,,,,,,,,,,,,,,,,,,,,,,,,,,,,,,,,,,,,,,,,,,,,,,,,,,,,,
,,,,,,,,,,,,,,,,,,,,,,,,,,,,,,,,,,,,,,,,,,,,,,,,,,,,,,,,,,,,,,,,,,,,,
,,,,,,,,,,,,,,,,,,,,,,,,,,,,,,,,,,,,,,,,,,,,,,,,,,,,,,,,,,,,,,,,,,,,,
,,,,,,,,,,,,,,,,,,,,,,,,,,,,,,,,,,,,,,,,,,,,,,,,,,,,,,,,,,,,,,,,,,,,,
,,,,,,,,,,,,,,,,,,,,,,,,,,,,,,,,,,,,,,,,,,,,,,,,,,,,,,,,,,,,,,,,,,,,,
,,,,,,,,,,,,,,,,,,,,,,,,,,,,,,,,,,,,,,,,,,,,,,,,,,,,,,,,,,,,,,,,,,,,,
,,,,,,,,,,,,,,,,,,,,,,,,,,,,,,,,,,,,,,,,,,,,,,,,,,,,,,,,,,,,,,,,,,,,,
,,,,,,,,,,,,,,,,,,,,,,,,,,,,,,,,,,,,,,,,,,,,,,,,,,,,,,,,,,,,,,,,,,,,,
,,,,,,,,,,,,,,,,,,,,,,,,,,,,,,,,,,,,,,,,,,,,,,,,,,,,,,,,,,,,,,,,,,,,,
,,,,,,,,,,,,,,,,,,,,,,,,,,,,,,,,,,,,,,,,,,,,,,,,,,,,,,,,,,,,,,,,,,,,,
,,,,,,,,,,,,,,,,,,,,,,,,,,,,,,,,,,,,,,,,,,,,,,,,,,,,,,,,,,,,,,,,,,,,,
,,,,,,,,,,,,,,,,,,,,,,,,,,,,,,,,,,,,,,,,,,,,,,,,,,,,,,,,,,,,,,,,,,,,,
,,,,,,,,,,,,,,,,,,,,,,,,,,,,,,,,,,,,,,,,,,,,,,,,,,,,,,,,,,,,,,,,,,,,,
,,,,,,,,,,,,,,,,,,,,,,,,,,,,,,,,,,,,,,,,,,,,,,,,,,,,,,,,,,,,,,,,,,,,,
,,,,,,,,,,,,,,,,,,,,,,,,,,,,,,,,,,,,,,,,,,,,,,,,,,,,,,,,,,,,,,,,,,,,,
,,,,,,,,,,,,,,,,,,,,,,,,,,,,,,,,,,,,,,,,,,,,,,,,,,,,,,,,,,,,,,,,,,,,,
,,,,,,,,,,,,,,,,,,,,,,,,,,,,,,,,,,,,,,,,,,,,,,,,,,,,,,,,,,,,,,,,,,,,,
,,,,,,,,,,,,,,,,,,,,,,,,,,,,,,,,,,,,,,,,,,,,,,,,,,,,,,,,,,,,,,,,,,,,,
,,,,,,,,,,,,,,,,,,,,,,,,,,,,,,,,,,,,,,,,,,,,,,,,,,,,,,,,,,,,,,,,,,,,,
,,,,,,,,,,,,,,,,,,,,,,,,,,,,,,,,,,,,,,,,,,,,,,,,,,,,,,,,,,,,,,,,,,,,,
,,,,,,,,,,,,,,,,,,,,,,,,,,,,,,,,,,,,,,,,,,,,,,,,,,,,,,,,,,,,,,,,,,,,,
,,,,,,,,,,,,,,,,,,,,,,,,,,,,,,,,,,,,,,,,,,,,,,,,,,,,,,,,,,,,,,,,,,,,,
,,,,,,,,,,,,,,,,,,,,,,,,,,,,,,,,,,,,,,,,,,,,,,,,,,,,,,,,,,,,,,,,,,,,,
,,,,,,,,,,,,,,,,,,,,,,,,,,,,,,,,,,,,,,,,,,,,,,,,,,,,,,,,,,,,,,,,,,,,,
,,,,,,,,,,,,,,,,,,,,,,,,,,,,,,,,,,,,,,,,,,,,,,,,,,,,,,,,,,,,,,,,,,,,,
,,,,,,,,,,,,,,,,,,,,,,,,,,,,,,,,,,,,,,,,,,,,,,,,,,,,,,,,,,,,,,,,,,,,,
,,,,,,,,,,,,,,,,,,,,,,,,,,,,,,,,,,,,,,,,,,,,,,,,,,,,,,,,,,,,,,,,,,,,,
,,,,,,,,,,,,,,,,,,,,,,,,,,,,,,,,,,,,,,,,,,,,,,,,,,,,,,,,,,,,,,,,,,,,,
,,,,,,,,,,,,,,,,,,,,,,,,,,,,,,,,,,,,,,,,,,,,,,,,,,,,,,,,,,,,,,,,,,,,,
,,,,,,,,,,,,,,,,,,,,,,,,,,,,,,,,,,,,,,,,,,,,,,,,,,,,,,,,,,,,,,,,,,,,,
,,,,,,,,,,,,,,,,,,,,,,,,,,,,,,,,,,,,,,,,,,,,,,,,,,,,,,,,,,,,,,,,,,,,,
,,,,,,,,,,,,,,,,,,,,,,,,,,,,,,,,,,,,,,,,,,,,,,,,,,,,,,,,,,,,,,,,,,,,,
,,,,,,,,,,,,,,,,,,,,,,,,,,,,,,,,,,,,,,,,,,,,,,,,,,,,,,,,,,,,,,,,,,,,,
,,,,,,,,,,,,,,,,,,,,,,,,,,,,,,,,,,,,,,,,,,,,,,,,,,,,,,,,,,,,,,,,,,,,,
,,,,,,,,,,,,,,,,,,,,,,,,,,,,,,,,,,,,,,,,,,,,,,,,,,,,,,,,,,,,,,,,,,,,,
,,,,,,,,,,,,,,,,,,,,,,,,,,,,,,,,,,,,,,,,,,,,,,,,,,,,,,,,,,,,,,,,,,,,,
,,,,,,,,,,,,,,,,,,,,,,,,,,,,,,,,,,,,,,,,,,,,,,,,,,,,,,,,,,,,,,,,,,,,,
,,,,,,,,,,,,,,,,,,,,,,,,,,,,,,,,,,,,,,,,,,,,,,,,,,,,,,,,,,,,,,,,,,,,,
,,,,,,,,,,,,,,,,,,,,,,,,,,,,,,,,,,,,,,,,,,,,,,,,,,,,,,,,,,,,,,,,,,,,,
,,,,,,,,,,,,,,,,,,,,,,,,,,,,,,,,,,,,,,,,,,,,,,,,,,,,,,,,,,,,,,,,,,,,,
,,,,,,,,,,,,,,,,,,,,,,,,,,,,,,,,,,,,,,,,,,,,,,,,,,,,,,,,,,,,,,,,,,,,,
,,,,,,,,,,,,,,,,,,,,,,,,,,,,,,,,,,,,,,,,,,,,,,,,,,,,,,,,,,,,,,,,,,,,,
,,,,,,,,,,,,,,,,,,,,,,,,,,,,,,,,,,,,,,,,,,,,,,,,,,,,,,,,,,,,,,,,,,,,,
,,,,,,,,,,,,,,,,,,,,,,,,,,,,,,,,,,,,,,,,,,,,,,,,,,,,,,,,,,,,,,,,,,,,,
,,,,,,,,,,,,,,,,,,,,,,,,,,,,,,,,,,,,,,,,,,,,,,,,,,,,,,,,,,,,,,,,,,,,,
,,,,,,,,,,,,,,,,,,,,,,,,,,,,,,,,,,,,,,,,,,,,,,,,,,,,,,,,,,,,,,,,,,,,,
,,,,,,,,,,,,,,,,,,,,,,,,,,,,,,,,,,,,,,,,,,,,,,,,,,,,,,,,,,,,,,,,,,,,,
,,,,,,,,,,,,,,,,,,,,,,,,,,,,,,,,,,,,,,,,,,,,,,,,,,,,,,,,,,,,,,,,,,,,,
,,,,,,,,,,,,,,,,,,,,,,,,,,,,,,,,,,,,,,,,,,,,,,,,,,,,,,,,,,,,,,,,,,,,,
,,,,,,,,,,,,,,,,,,,,,,,,,,,,,,,,,,,,,,,,,,,,,,,,,,,,,,,,,,,,,,,,,,,,,
,,,,,,,,,,,,,,,,,,,,,,,,,,,,,,,,,,,,,,,,,,,,,,,,,,,,,,,,,,,,,,,,,,,,,
,,,,,,,,,,,,,,,,,,,,,,,,,,,,,,,,,,,,,,,,,,,,,,,,,,,,,,,,,,,,,,,,,,,,,
,,,,,,,,,,,,,,,,,,,,,,,,,,,,,,,,,,,,,,,,,,,,,,,,,,,,,,,,,,,,,,,,,,,,,
,,,,,,,,,,,,,,,,,,,,,,,,,,,,,,,,,,,,,,,,,,,,,,,,,,,,,,,,,,,,,,,,,,,,,
,,,,,,,,,,,,,,,,,,,,,,,,,,,,,,,,,,,,,,,,,,,,,,,,,,,,,,,,,,,,,,,,,,,,,
,,,,,,,,,,,,,,,,,,,,,,,,,,,,,,,,,,,,,,,,,,,,,,,,,,,,,,,,,,,,,,,,,,,,,
,,,,,,,,,,,,,,,,,,,,,,,,,,,,,,,,,,,,,,,,,,,,,,,,,,,,,,,,,,,,,,,,,,,,,
,,,,,,,,,,,,,,,,,,,,,,,,,,,,,,,,,,,,,,,,,,,,,,,,,,,,,,,,,,,,,,,,,,,,,
,,,,,,,,,,,,,,,,,,,,,,,,,,,,,,,,,,,,,,,,,,,,,,,,,,,,,,,,,,,,,,,,,,,,,
,,,,,,,,,,,,,,,,,,,,,,,,,,,,,,,,,,,,,,,,,,,,,,,,,,,,,,,,,,,,,,,,,,,,,
,,,,,,,,,,,,,,,,,,,,,,,,,,,,,,,,,,,,,,,,,,,,,,,,,,,,,,,,,,,,,,,,,,,,,
,,,,,,,,,,,,,,,,,,,,,,,,,,,,,,,,,,,,,,,,,,,,,,,,,,,,,,,,,,,,,,,,,,,,,
,,,,,,,,,,,,,,,,,,,,,,,,,,,,,,,,,,,,,,,,,,,,,,,,,,,,,,,,,,,,,,,,,,,,,
,,,,,,,,,,,,,,,,,,,,,,,,,,,,,,,,,,,,,,,,,,,,,,,,,,,,,,,,,,,,,,,,,,,,,
,,,,,,,,,,,,,,,,,,,,,,,,,,,,,,,,,,,,,,,,,,,,,,,,,,,,,,,,,,,,,,,,,,,,,
,,,,,,,,,,,,,,,,,,,,,,,,,,,,,,,,,,,,,,,,,,,,,,,,,,,,,,,,,,,,,,,,,,,,,
,,,,,,,,,,,,,,,,,,,,,,,,,,,,,,,,,,,,,,,,,,,,,,,,,,,,,,,,,,,,,,,,,,,,,
,,,,,,,,,,,,,,,,,,,,,,,,,,,,,,,,,,,,,,,,,,,,,,,,,,,,,,,,,,,,,,,,,,,,,
,,,,,,,,,,,,,,,,,,,,,,,,,,,,,,,,,,,,,,,,,,,,,,,,,,,,,,,,,,,,,,,,,,,,,
,,,,,,,,,,,,,,,,,,,,,,,,,,,,,,,,,,,,,,,,,,,,,,,,,,,,,,,,,,,,,,,,,,,,,
,,,,,,,,,,,,,,,,,,,,,,,,,,,,,,,,,,,,,,,,,,,,,,,,,,,,,,,,,,,,,,,,,,,,,
,,,,,,,,,,,,,,,,,,,,,,,,,,,,,,,,,,,,,,,,,,,,,,,,,,,,,,,,,,,,,,,,,,,,,
,,,,,,,,,,,,,,,,,,,,,,,,,,,,,,,,,,,,,,,,,,,,,,,,,,,,,,,,,,,,,,,,,,,,,
,,,,,,,,,,,,,,,,,,,,,,,,,,,,,,,,,,,,,,,,,,,,,,,,,,,,,,,,,,,,,,,,,,,,,
,,,,,,,,,,,,,,,,,,,,,,,,,,,,,,,,,,,,,,,,,,,,,,,,,,,,,,,,,,,,,,,,,,,,,
,,,,,,,,,,,,,,,,,,,,,,,,,,,,,,,,,,,,,,,,,,,,,,,,,,,,,,,,,,,,,,,,,,,,,
,,,,,,,,,,,,,,,,,,,,,,,,,,,,,,,,,,,,,,,,,,,,,,,,,,,,,,,,,,,,,,,,,,,,,
,,,,,,,,,,,,,,,,,,,,,,,,,,,,,,,,,,,,,,,,,,,,,,,,,,,,,,,,,,,,,,,,,,,,,
,,,,,,,,,,,,,,,,,,,,,,,,,,,,,,,,,,,,,,,,,,,,,,,,,,,,,,,,,,,,,,,,,,,,,
,,,,,,,,,,,,,,,,,,,,,,,,,,,,,,,,,,,,,,,,,,,,,,,,,,,,,,,,,,,,,,,,,,,,,
,,,,,,,,,,,,,,,,,,,,,,,,,,,,,,,,,,,,,,,,,,,,,,,,,,,,,,,,,,,,,,,,,,,,,
,,,,,,,,,,,,,,,,,,,,,,,,,,,,,,,,,,,,,,,,,,,,,,,,,,,,,,,,,,,,,,,,,,,,,
,,,,,,,,,,,,,,,,,,,,,,,,,,,,,,,,,,,,,,,,,,,,,,,,,,,,,,,,,,,,,,,,,,,,,
,,,,,,,,,,,,,,,,,,,,,,,,,,,,,,,,,,,,,,,,,,,,,,,,,,,,,,,,,,,,,,,,,,,,,
,,,,,,,,,,,,,,,,,,,,,,,,,,,,,,,,,,,,,,,,,,,,,,,,,,,,,,,,,,,,,,,,,,,,,
,,,,,,,,,,,,,,,,,,,,,,,,,,,,,,,,,,,,,,,,,,,,,,,,,,,,,,,,,,,,,,,,,,,,,
,,,,,,,,,,,,,,,,,,,,,,,,,,,,,,,,,,,,,,,,,,,,,,,,,,,,,,,,,,,,,,,,,,,,,
,,,,,,,,,,,,,,,,,,,,,,,,,,,,,,,,,,,,,,,,,,,,,,,,,,,,,,,,,,,,,,,,,,,,,
,,,,,,,,,,,,,,,,,,,,,,,,,,,,,,,,,,,,,,,,,,,,,,,,,,,,,,,,,,,,,,,,,,,,,
,,,,,,,,,,,,,,,,,,,,,,,,,,,,,,,,,,,,,,,,,,,,,,,,,,,,,,,,,,,,,,,,,,,,,
,,,,,,,,,,,,,,,,,,,,,,,,,,,,,,,,,,,,,,,,,,,,,,,,,,,,,,,,,,,,,,,,,,,,,
,,,,,,,,,,,,,,,,,,,,,,,,,,,,,,,,,,,,,,,,,,,,,,,,,,,,,,,,,,,,,,,,,,,,,
,,,,,,,,,,,,,,,,,,,,,,,,,,,,,,,,,,,,,,,,,,,,,,,,,,,,,,,,,,,,,,,,,,,,,
,,,,,,,,,,,,,,,,,,,,,,,,,,,,,,,,,,,,,,,,,,,,,,,,,,,,,,,,,,,,,,,,,,,,,
,,,,,,,,,,,,,,,,,,,,,,,,,,,,,,,,,,,,,,,,,,,,,,,,,,,,,,,,,,,,,,,,,,,,,
,,,,,,,,,,,,,,,,,,,,,,,,,,,,,,,,,,,,,,,,,,,,,,,,,,,,,,,,,,,,,,,,,,,,,
,,,,,,,,,,,,,,,,,,,,,,,,,,,,,,,,,,,,,,,,,,,,,,,,,,,,,,,,,,,,,,,,,,,,,
,,,,,,,,,,,,,,,,,,,,,,,,,,,,,,,,,,,,,,,,,,,,,,,,,,,,,,,,,,,,,,,,,,,,,
,,,,,,,,,,,,,,,,,,,,,,,,,,,,,,,,,,,,,,,,,,,,,,,,,,,,,,,,,,,,,,,,,,,,,
,,,,,,,,,,,,,,,,,,,,,,,,,,,,,,,,,,,,,,,,,,,,,,,,,,,,,,,,,,,,,,,,,,,,,
,,,,,,,,,,,,,,,,,,,,,,,,,,,,,,,,,,,,,,,,,,,,,,,,,,,,,,,,,,,,,,,,,,,,,
,,,,,,,,,,,,,,,,,,,,,,,,,,,,,,,,,,,,,,,,,,,,,,,,,,,,,,,,,,,,,,,,,,,,,
,,,,,,,,,,,,,,,,,,,,,,,,,,,,,,,,,,,,,,,,,,,,,,,,,,,,,,,,,,,,,,,,,,,,,
,,,,,,,,,,,,,,,,,,,,,,,,,,,,,,,,,,,,,,,,,,,,,,,,,,,,,,,,,,,,,,,,,,,,,
,,,,,,,,,,,,,,,,,,,,,,,,,,,,,,,,,,,,,,,,,,,,,,,,,,,,,,,,,,,,,,,,,,,,,
,,,,,,,,,,,,,,,,,,,,,,,,,,,,,,,,,,,,,,,,,,,,,,,,,,,,,,,,,,,,,,,,,,,,,
,,,,,,,,,,,,,,,,,,,,,,,,,,,,,,,,,,,,,,,,,,,,,,,,,,,,,,,,,,,,,,,,,,,,,
,,,,,,,,,,,,,,,,,,,,,,,,,,,,,,,,,,,,,,,,,,,,,,,,,,,,,,,,,,,,,,,,,,,,,
,,,,,,,,,,,,,,,,,,,,,,,,,,,,,,,,,,,,,,,,,,,,,,,,,,,,,,,,,,,,,,,,,,,,,
,,,,,,,,,,,,,,,,,,,,,,,,,,,,,,,,,,,,,,,,,,,,,,,,,,,,,,,,,,,,,,,,,,,,,
,,,,,,,,,,,,,,,,,,,,,,,,,,,,,,,,,,,,,,,,,,,,,,,,,,,,,,,,,,,,,,,,,,,,,
,,,,,,,,,,,,,,,,,,,,,,,,,,,,,,,,,,,,,,,,,,,,,,,,,,,,,,,,,,,,,,,,,,,,,
,,,,,,,,,,,,,,,,,,,,,,,,,,,,,,,,,,,,,,,,,,,,,,,,,,,,,,,,,,,,,,,,,,,,,
,,,,,,,,,,,,,,,,,,,,,,,,,,,,,,,,,,,,,,,,,,,,,,,,,,,,,,,,,,,,,,,,,,,,,
,,,,,,,,,,,,,,,,,,,,,,,,,,,,,,,,,,,,,,,,,,,,,,,,,,,,,,,,,,,,,,,,,,,,,
,,,,,,,,,,,,,,,,,,,,,,,,,,,,,,,,,,,,,,,,,,,,,,,,,,,,,,,,,,,,,,,,,,,,,
,,,,,,,,,,,,,,,,,,,,,,,,,,,,,,,,,,,,,,,,,,,,,,,,,,,,,,,,,,,,,,,,,,,,,
,,,,,,,,,,,,,,,,,,,,,,,,,,,,,,,,,,,,,,,,,,,,,,,,,,,,,,,,,,,,,,,,,,,,,
,,,,,,,,,,,,,,,,,,,,,,,,,,,,,,,,,,,,,,,,,,,,,,,,,,,,,,,,,,,,,,,,,,,,,
,,,,,,,,,,,,,,,,,,,,,,,,,,,,,,,,,,,,,,,,,,,,,,,,,,,,,,,,,,,,,,,,,,,,,
,,,,,,,,,,,,,,,,,,,,,,,,,,,,,,,,,,,,,,,,,,,,,,,,,,,,,,,,,,,,,,,,,,,,,
,,,,,,,,,,,,,,,,,,,,,,,,,,,,,,,,,,,,,,,,,,,,,,,,,,,,,,,,,,,,,,,,,,,,,
,,,,,,,,,,,,,,,,,,,,,,,,,,,,,,,,,,,,,,,,,,,,,,,,,,,,,,,,,,,,,,,,,,,,,
,,,,,,,,,,,,,,,,,,,,,,,,,,,,,,,,,,,,,,,,,,,,,,,,,,,,,,,,,,,,,,,,,,,,,
,,,,,,,,,,,,,,,,,,,,,,,,,,,,,,,,,,,,,,,,,,,,,,,,,,,,,,,,,,,,,,,,,,,,,
,,,,,,,,,,,,,,,,,,,,,,,,,,,,,,,,,,,,,,,,,,,,,,,,,,,,,,,,,,,,,,,,,,,,,
,,,,,,,,,,,,,,,,,,,,,,,,,,,,,,,,,,,,,,,,,,,,,,,,,,,,,,,,,,,,,,,,,,,,,
,,,,,,,,,,,,,,,,,,,,,,,,,,,,,,,,,,,,,,,,,,,,,,,,,,,,,,,,,,,,,,,,,,,,,
,,,,,,,,,,,,,,,,,,,,,,,,,,,,,,,,,,,,,,,,,,,,,,,,,,,,,,,,,,,,,,,,,,,,,
,,,,,,,,,,,,,,,,,,,,,,,,,,,,,,,,,,,,,,,,,,,,,,,,,,,,,,,,,,,,,,,,,,,,,
,,,,,,,,,,,,,,,,,,,,,,,,,,,,,,,,,,,,,,,,,,,,,,,,,,,,,,,,,,,,,,,,,,,,,
,,,,,,,,,,,,,,,,,,,,,,,,,,,,,,,,,,,,,,,,,,,,,,,,,,,,,,,,,,,,,,,,,,,,,
,,,,,,,,,,,,,,,,,,,,,,,,,,,,,,,,,,,,,,,,,,,,,,,,,,,,,,,,,,,,,,,,,,,,,
,,,,,,,,,,,,,,,,,,,,,,,,,,,,,,,,,,,,,,,,,,,,,,,,,,,,,,,,,,,,,,,,,,,,,
,,,,,,,,,,,,,,,,,,,,,,,,,,,,,,,,,,,,,,,,,,,,,,,,,,,,,,,,,,,,,,,,,,,,,
,,,,,,,,,,,,,,,,,,,,,,,,,,,,,,,,,,,,,,,,,,,,,,,,,,,,,,,,,,,,,,,,,,,,,
,,,,,,,,,,,,,,,,,,,,,,,,,,,,,,,,,,,,,,,,,,,,,,,,,,,,,,,,,,,,,,,,,,,,,
,,,,,,,,,,,,,,,,,,,,,,,,,,,,,,,,,,,,,,,,,,,,,,,,,,,,,,,,,,,,,,,,,,,,,
,,,,,,,,,,,,,,,,,,,,,,,,,,,,,,,,,,,,,,,,,,,,,,,,,,,,,,,,,,,,,,,,,,,,,
,,,,,,,,,,,,,,,,,,,,,,,,,,,,,,,,,,,,,,,,,,,,,,,,,,,,,,,,,,,,,,,,,,,,,
,,,,,,,,,,,,,,,,,,,,,,,,,,,,,,,,,,,,,,,,,,,,,,,,,,,,,,,,,,,,,,,,,,,,,
,,,,,,,,,,,,,,,,,,,,,,,,,,,,,,,,,,,,,,,,,,,,,,,,,,,,,,,,,,,,,,,,,,,,,
,,,,,,,,,,,,,,,,,,,,,,,,,,,,,,,,,,,,,,,,,,,,,,,,,,,,,,,,,,,,,,,,,,,,,
,,,,,,,,,,,,,,,,,,,,,,,,,,,,,,,,,,,,,,,,,,,,,,,,,,,,,,,,,,,,,,,,,,,,,
,,,,,,,,,,,,,,,,,,,,,,,,,,,,,,,,,,,,,,,,,,,,,,,,,,,,,,,,,,,,,,,,,,,,,
,,,,,,,,,,,,,,,,,,,,,,,,,,,,,,,,,,,,,,,,,,,,,,,,,,,,,,,,,,,,,,,,,,,,,
,,,,,,,,,,,,,,,,,,,,,,,,,,,,,,,,,,,,,,,,,,,,,,,,,,,,,,,,,,,,,,,,,,,,,
,,,,,,,,,,,,,,,,,,,,,,,,,,,,,,,,,,,,,,,,,,,,,,,,,,,,,,,,,,,,,,,,,,,,,
,,,,,,,,,,,,,,,,,,,,,,,,,,,,,,,,,,,,,,,,,,,,,,,,,,,,,,,,,,,,,,,,,,,,,
,,,,,,,,,,,,,,,,,,,,,,,,,,,,,,,,,,,,,,,,,,,,,,,,,,,,,,,,,,,,,,,,,,,,,
,,,,,,,,,,,,,,,,,,,,,,,,,,,,,,,,,,,,,,,,,,,,,,,,,,,,,,,,,,,,,,,,,,,,,
,,,,,,,,,,,,,,,,,,,,,,,,,,,,,,,,,,,,,,,,,,,,,,,,,,,,,,,,,,,,,,,,,,,,,
,,,,,,,,,,,,,,,,,,,,,,,,,,,,,,,,,,,,,,,,,,,,,,,,,,,,,,,,,,,,,,,,,,,,,
,,,,,,,,,,,,,,,,,,,,,,,,,,,,,,,,,,,,,,,,,,,,,,,,,,,,,,,,,,,,,,,,,,,,,
,,,,,,,,,,,,,,,,,,,,,,,,,,,,,,,,,,,,,,,,,,,,,,,,,,,,,,,,,,,,,,,,,,,,,
,,,,,,,,,,,,,,,,,,,,,,,,,,,,,,,,,,,,,,,,,,,,,,,,,,,,,,,,,,,,,,,,,,,,,
,,,,,,,,,,,,,,,,,,,,,,,,,,,,,,,,,,,,,,,,,,,,,,,,,,,,,,,,,,,,,,,,,,,,,
,,,,,,,,,,,,,,,,,,,,,,,,,,,,,,,,,,,,,,,,,,,,,,,,,,,,,,,,,,,,,,,,,,,,,
,,,,,,,,,,,,,,,,,,,,,,,,,,,,,,,,,,,,,,,,,,,,,,,,,,,,,,,,,,,,,,,,,,,,,
,,,,,,,,,,,,,,,,,,,,,,,,,,,,,,,,,,,,,,,,,,,,,,,,,,,,,,,,,,,,,,,,,,,,,
,,,,,,,,,,,,,,,,,,,,,,,,,,,,,,,,,,,,,,,,,,,,,,,,,,,,,,,,,,,,,,,,,,,,,
,,,,,,,,,,,,,,,,,,,,,,,,,,,,,,,,,,,,,,,,,,,,,,,,,,,,,,,,,,,,,,,,,,,,,
,,,,,,,,,,,,,,,,,,,,,,,,,,,,,,,,,,,,,,,,,,,,,,,,,,,,,,,,,,,,,,,,,,,,,
,,,,,,,,,,,,,,,,,,,,,,,,,,,,,,,,,,,,,,,,,,,,,,,,,,,,,,,,,,,,,,,,,,,,,
,,,,,,,,,,,,,,,,,,,,,,,,,,,,,,,,,,,,,,,,,,,,,,,,,,,,,,,,,,,,,,,,,,,,,
,,,,,,,,,,,,,,,,,,,,,,,,,,,,,,,,,,,,,,,,,,,,,,,,,,,,,,,,,,,,,,,,,,,,,
,,,,,,,,,,,,,,,,,,,,,,,,,,,,,,,,,,,,,,,,,,,,,,,,,,,,,,,,,,,,,,,,,,,,,
,,,,,,,,,,,,,,,,,,,,,,,,,,,,,,,,,,,,,,,,,,,,,,,,,,,,,,,,,,,,,,,,,,,,,
,,,,,,,,,,,,,,,,,,,,,,,,,,,,,,,,,,,,,,,,,,,,,,,,,,,,,,,,,,,,,,,,,,,,,
,,,,,,,,,,,,,,,,,,,,,,,,,,,,,,,,,,,,,,,,,,,,,,,,,,,,,,,,,,,,,,,,,,,,,
,,,,,,,,,,,,,,,,,,,,,,,,,,,,,,,,,,,,,,,,,,,,,,,,,,,,,,,,,,,,,,,,,,,,,
,,,,,,,,,,,,,,,,,,,,,,,,,,,,,,,,,,,,,,,,,,,,,,,,,,,,,,,,,,,,,,,,,,,,,
,,,,,,,,,,,,,,,,,,,,,,,,,,,,,,,,,,,,,,,,,,,,,,,,,,,,,,,,,,,,,,,,,,,,,
,,,,,,,,,,,,,,,,,,,,,,,,,,,,,,,,,,,,,,,,,,,,,,,,,,,,,,,,,,,,,,,,,,,,,
,,,,,,,,,,,,,,,,,,,,,,,,,,,,,,,,,,,,,,,,,,,,,,,,,,,,,,,,,,,,,,,,,,,,,
,,,,,,,,,,,,,,,,,,,,,,,,,,,,,,,,,,,,,,,,,,,,,,,,,,,,,,,,,,,,,,,,,,,,,
,,,,,,,,,,,,,,,,,,,,,,,,,,,,,,,,,,,,,,,,,,,,,,,,,,,,,,,,,,,,,,,,,,,,,
,,,,,,,,,,,,,,,,,,,,,,,,,,,,,,,,,,,,,,,,,,,,,,,,,,,,,,,,,,,,,,,,,,,,,
,,,,,,,,,,,,,,,,,,,,,,,,,,,,,,,,,,,,,,,,,,,,,,,,,,,,,,,,,,,,,,,,,,,,,
,,,,,,,,,,,,,,,,,,,,,,,,,,,,,,,,,,,,,,,,,,,,,,,,,,,,,,,,,,,,,,,,,,,,,
,,,,,,,,,,,,,,,,,,,,,,,,,,,,,,,,,,,,,,,,,,,,,,,,,,,,,,,,,,,,,,,,,,,,,
,,,,,,,,,,,,,,,,,,,,,,,,,,,,,,,,,,,,,,,,,,,,,,,,,,,,,,,,,,,,,,,,,,,,,
,,,,,,,,,,,,,,,,,,,,,,,,,,,,,,,,,,,,,,,,,,,,,,,,,,,,,,,,,,,,,,,,,,,,,
,,,,,,,,,,,,,,,,,,,,,,,,,,,,,,,,,,,,,,,,,,,,,,,,,,,,,,,,,,,,,,,,,,,,,
,,,,,,,,,,,,,,,,,,,,,,,,,,,,,,,,,,,,,,,,,,,,,,,,,,,,,,,,,,,,,,,,,,,,,
,,,,,,,,,,,,,,,,,,,,,,,,,,,,,,,,,,,,,,,,,,,,,,,,,,,,,,,,,,,,,,,,,,,,,
,,,,,,,,,,,,,,,,,,,,,,,,,,,,,,,,,,,,,,,,,,,,,,,,,,,,,,,,,,,,,,,,,,,,,
,,,,,,,,,,,,,,,,,,,,,,,,,,,,,,,,,,,,,,,,,,,,,,,,,,,,,,,,,,,,,,,,,,,,,
,,,,,,,,,,,,,,,,,,,,,,,,,,,,,,,,,,,,,,,,,,,,,,,,,,,,,,,,,,,,,,,,,,,,,
,,,,,,,,,,,,,,,,,,,,,,,,,,,,,,,,,,,,,,,,,,,,,,,,,,,,,,,,,,,,,,,,,,,,,
,,,,,,,,,,,,,,,,,,,,,,,,,,,,,,,,,,,,,,,,,,,,,,,,,,,,,,,,,,,,,,,,,,,,,
,,,,,,,,,,,,,,,,,,,,,,,,,,,,,,,,,,,,,,,,,,,,,,,,,,,,,,,,,,,,,,,,,,,,,
,,,,,,,,,,,,,,,,,,,,,,,,,,,,,,,,,,,,,,,,,,,,,,,,,,,,,,,,,,,,,,,,,,,,,
,,,,,,,,,,,,,,,,,,,,,,,,,,,,,,,,,,,,,,,,,,,,,,,,,,,,,,,,,,,,,,,,,,,,,
,,,,,,,,,,,,,,,,,,,,,,,,,,,,,,,,,,,,,,,,,,,,,,,,,,,,,,,,,,,,,,,,,,,,,
,,,,,,,,,,,,,,,,,,,,,,,,,,,,,,,,,,,,,,,,,,,,,,,,,,,,,,,,,,,,,,,,,,,,,
,,,,,,,,,,,,,,,,,,,,,,,,,,,,,,,,,,,,,,,,,,,,,,,,,,,,,,,,,,,,,,,,,,,,,
,,,,,,,,,,,,,,,,,,,,,,,,,,,,,,,,,,,,,,,,,,,,,,,,,,,,,,,,,,,,,,,,,,,,,
,,,,,,,,,,,,,,,,,,,,,,,,,,,,,,,,,,,,,,,,,,,,,,,,,,,,,,,,,,,,,,,,,,,,,
,,,,,,,,,,,,,,,,,,,,,,,,,,,,,,,,,,,,,,,,,,,,,,,,,,,,,,,,,,,,,,,,,,,,,
,,,,,,,,,,,,,,,,,,,,,,,,,,,,,,,,,,,,,,,,,,,,,,,,,,,,,,,,,,,,,,,,,,,,,
,,,,,,,,,,,,,,,,,,,,,,,,,,,,,,,,,,,,,,,,,,,,,,,,,,,,,,,,,,,,,,,,,,,,,
,,,,,,,,,,,,,,,,,,,,,,,,,,,,,,,,,,,,,,,,,,,,,,,,,,,,,,,,,,,,,,,,,,,,,
,,,,,,,,,,,,,,,,,,,,,,,,,,,,,,,,,,,,,,,,,,,,,,,,,,,,,,,,,,,,,,,,,,,,,
,,,,,,,,,,,,,,,,,,,,,,,,,,,,,,,,,,,,,,,,,,,,,,,,,,,,,,,,,,,,,,,,,,,,,
,,,,,,,,,,,,,,,,,,,,,,,,,,,,,,,,,,,,,,,,,,,,,,,,,,,,,,,,,,,,,,,,,,,,,
,,,,,,,,,,,,,,,,,,,,,,,,,,,,,,,,,,,,,,,,,,,,,,,,,,,,,,,,,,,,,,,,,,,,,
,,,,,,,,,,,,,,,,,,,,,,,,,,,,,,,,,,,,,,,,,,,,,,,,,,,,,,,,,,,,,,,,,,,,,
,,,,,,,,,,,,,,,,,,,,,,,,,,,,,,,,,,,,,,,,,,,,,,,,,,,,,,,,,,,,,,,,,,,,,
,,,,,,,,,,,,,,,,,,,,,,,,,,,,,,,,,,,,,,,,,,,,,,,,,,,,,,,,,,,,,,,,,,,,,
,,,,,,,,,,,,,,,,,,,,,,,,,,,,,,,,,,,,,,,,,,,,,,,,,,,,,,,,,,,,,,,,,,,,,
,,,,,,,,,,,,,,,,,,,,,,,,,,,,,,,,,,,,,,,,,,,,,,,,,,,,,,,,,,,,,,,,,,,,,
,,,,,,,,,,,,,,,,,,,,,,,,,,,,,,,,,,,,,,,,,,,,,,,,,,,,,,,,,,,,,,,,,,,,,
,,,,,,,,,,,,,,,,,,,,,,,,,,,,,,,,,,,,,,,,,,,,,,,,,,,,,,,,,,,,,,,,,,,,,
,,,,,,,,,,,,,,,,,,,,,,,,,,,,,,,,,,,,,,,,,,,,,,,,,,,,,,,,,,,,,,,,,,,,,
,,,,,,,,,,,,,,,,,,,,,,,,,,,,,,,,,,,,,,,,,,,,,,,,,,,,,,,,,,,,,,,,,,,,,
,,,,,,,,,,,,,,,,,,,,,,,,,,,,,,,,,,,,,,,,,,,,,,,,,,,,,,,,,,,,,,,,,,,,,
,,,,,,,,,,,,,,,,,,,,,,,,,,,,,,,,,,,,,,,,,,,,,,,,,,,,,,,,,,,,,,,,,,,,,
,,,,,,,,,,,,,,,,,,,,,,,,,,,,,,,,,,,,,,,,,,,,,,,,,,,,,,,,,,,,,,,,,,,,,
,,,,,,,,,,,,,,,,,,,,,,,,,,,,,,,,,,,,,,,,,,,,,,,,,,,,,,,,,,,,,,,,,,,,,
,,,,,,,,,,,,,,,,,,,,,,,,,,,,,,,,,,,,,,,,,,,,,,,,,,,,,,,,,,,,,,,,,,,,,
,,,,,,,,,,,,,,,,,,,,,,,,,,,,,,,,,,,,,,,,,,,,,,,,,,,,,,,,,,,,,,,,,,,,,
,,,,,,,,,,,,,,,,,,,,,,,,,,,,,,,,,,,,,,,,,,,,,,,,,,,,,,,,,,,,,,,,,,,,,
,,,,,,,,,,,,,,,,,,,,,,,,,,,,,,,,,,,,,,,,,,,,,,,,,,,,,,,,,,,,,,,,,,,,,
,,,,,,,,,,,,,,,,,,,,,,,,,,,,,,,,,,,,,,,,,,,,,,,,,,,,,,,,,,,,,,,,,,,,,
,,,,,,,,,,,,,,,,,,,,,,,,,,,,,,,,,,,,,,,,,,,,,,,,,,,,,,,,,,,,,,,,,,,,,
,,,,,,,,,,,,,,,,,,,,,,,,,,,,,,,,,,,,,,,,,,,,,,,,,,,,,,,,,,,,,,,,,,,,,
,,,,,,,,,,,,,,,,,,,,,,,,,,,,,,,,,,,,,,,,,,,,,,,,,,,,,,,,,,,,,,,,,,,,,
,,,,,,,,,,,,,,,,,,,,,,,,,,,,,,,,,,,,,,,,,,,,,,,,,,,,,,,,,,,,,,,,,,,,,
,,,,,,,,,,,,,,,,,,,,,,,,,,,,,,,,,,,,,,,,,,,,,,,,,,,,,,,,,,,,,,,,,,,,,
,,,,,,,,,,,,,,,,,,,,,,,,,,,,,,,,,,,,,,,,,,,,,,,,,,,,,,,,,,,,,,,,,,,,,
,,,,,,,,,,,,,,,,,,,,,,,,,,,,,,,,,,,,,,,,,,,,,,,,,,,,,,,,,,,,,,,,,,,,,
,,,,,,,,,,,,,,,,,,,,,,,,,,,,,,,,,,,,,,,,,,,,,,,,,,,,,,,,,,,,,,,,,,,,,
,,,,,,,,,,,,,,,,,,,,,,,,,,,,,,,,,,,,,,,,,,,,,,,,,,,,,,,,,,,,,,,,,,,,,
,,,,,,,,,,,,,,,,,,,,,,,,,,,,,,,,,,,,,,,,,,,,,,,,,,,,,,,,,,,,,,,,,,,,,
,,,,,,,,,,,,,,,,,,,,,,,,,,,,,,,,,,,,,,,,,,,,,,,,,,,,,,,,,,,,,,,,,,,,,
,,,,,,,,,,,,,,,,,,,,,,,,,,,,,,,,,,,,,,,,,,,,,,,,,,,,,,,,,,,,,,,,,,,,,
,,,,,,,,,,,,,,,,,,,,,,,,,,,,,,,,,,,,,,,,,,,,,,,,,,,,,,,,,,,,,,,,,,,,,
,,,,,,,,,,,,,,,,,,,,,,,,,,,,,,,,,,,,,,,,,,,,,,,,,,,,,,,,,,,,,,,,,,,,,
,,,,,,,,,,,,,,,,,,,,,,,,,,,,,,,,,,,,,,,,,,,,,,,,,,,,,,,,,,,,,,,,,,,,,
,,,,,,,,,,,,,,,,,,,,,,,,,,,,,,,,,,,,,,,,,,,,,,,,,,,,,,,,,,,,,,,,,,,,,
,,,,,,,,,,,,,,,,,,,,,,,,,,,,,,,,,,,,,,,,,,,,,,,,,,,,,,,,,,,,,,,,,,,,,
,,,,,,,,,,,,,,,,,,,,,,,,,,,,,,,,,,,,,,,,,,,,,,,,,,,,,,,,,,,,,,,,,,,,,
,,,,,,,,,,,,,,,,,,,,,,,,,,,,,,,,,,,,,,,,,,,,,,,,,,,,,,,,,,,,,,,,,,,,,
,,,,,,,,,,,,,,,,,,,,,,,,,,,,,,,,,,,,,,,,,,,,,,,,,,,,,,,,,,,,,,,,,,,,,
,,,,,,,,,,,,,,,,,,,,,,,,,,,,,,,,,,,,,,,,,,,,,,,,,,,,,,,,,,,,,,,,,,,,,
,,,,,,,,,,,,,,,,,,,,,,,,,,,,,,,,,,,,,,,,,,,,,,,,,,,,,,,,,,,,,,,,,,,,,
,,,,,,,,,,,,,,,,,,,,,,,,,,,,,,,,,,,,,,,,,,,,,,,,,,,,,,,,,,,,,,,,,,,,,
,,,,,,,,,,,,,,,,,,,,,,,,,,,,,,,,,,,,,,,,,,,,,,,,,,,,,,,,,,,,,,,,,,,,,
,,,,,,,,,,,,,,,,,,,,,,,,,,,,,,,,,,,,,,,,,,,,,,,,,,,,,,,,,,,,,,,,,,,,,
,,,,,,,,,,,,,,,,,,,,,,,,,,,,,,,,,,,,,,,,,,,,,,,,,,,,,,,,,,,,,,,,,,,,,
,,,,,,,,,,,,,,,,,,,,,,,,,,,,,,,,,,,,,,,,,,,,,,,,,,,,,,,,,,,,,,,,,,,,,
,,,,,,,,,,,,,,,,,,,,,,,,,,,,,,,,,,,,,,,,,,,,,,,,,,,,,,,,,,,,,,,,,,,,,
,,,,,,,,,,,,,,,,,,,,,,,,,,,,,,,,,,,,,,,,,,,,,,,,,,,,,,,,,,,,,,,,,,,,,
,,,,,,,,,,,,,,,,,,,,,,,,,,,,,,,,,,,,,,,,,,,,,,,,,,,,,,,,,,,,,,,,,,,,,
,,,,,,,,,,,,,,,,,,,,,,,,,,,,,,,,,,,,,,,,,,,,,,,,,,,,,,,,,,,,,,,,,,,,,
,,,,,,,,,,,,,,,,,,,,,,,,,,,,,,,,,,,,,,,,,,,,,,,,,,,,,,,,,,,,,,,,,,,,,
,,,,,,,,,,,,,,,,,,,,,,,,,,,,,,,,,,,,,,,,,,,,,,,,,,,,,,,,,,,,,,,,,,,,,
,,,,,,,,,,,,,,,,,,,,,,,,,,,,,,,,,,,,,,,,,,,,,,,,,,,,,,,,,,,,,,,,,,,,,
,,,,,,,,,,,,,,,,,,,,,,,,,,,,,,,,,,,,,,,,,,,,,,,,,,,,,,,,,,,,,,,,,,,,,
,,,,,,,,,,,,,,,,,,,,,,,,,,,,,,,,,,,,,,,,,,,,,,,,,,,,,,,,,,,,,,,,,,,,,
,,,,,,,,,,,,,,,,,,,,,,,,,,,,,,,,,,,,,,,,,,,,,,,,,,,,,,,,,,,,,,,,,,,,,
,,,,,,,,,,,,,,,,,,,,,,,,,,,,,,,,,,,,,,,,,,,,,,,,,,,,,,,,,,,,,,,,,,,,,
,,,,,,,,,,,,,,,,,,,,,,,,,,,,,,,,,,,,,,,,,,,,,,,,,,,,,,,,,,,,,,,,,,,,,
,,,,,,,,,,,,,,,,,,,,,,,,,,,,,,,,,,,,,,,,,,,,,,,,,,,,,,,,,,,,,,,,,,,,,
,,,,,,,,,,,,,,,,,,,,,,,,,,,,,,,,,,,,,,,,,,,,,,,,,,,,,,,,,,,,,,,,,,,,,
,,,,,,,,,,,,,,,,,,,,,,,,,,,,,,,,,,,,,,,,,,,,,,,,,,,,,,,,,,,,,,,,,,,,,
,,,,,,,,,,,,,,,,,,,,,,,,,,,,,,,,,,,,,,,,,,,,,,,,,,,,,,,,,,,,,,,,,,,,,
,,,,,,,,,,,,,,,,,,,,,,,,,,,,,,,,,,,,,,,,,,,,,,,,,,,,,,,,,,,,,,,,,,,,,
,,,,,,,,,,,,,,,,,,,,,,,,,,,,,,,,,,,,,,,,,,,,,,,,,,,,,,,,,,,,,,,,,,,,,
,,,,,,,,,,,,,,,,,,,,,,,,,,,,,,,,,,,,,,,,,,,,,,,,,,,,,,,,,,,,,,,,,,,,,
,,,,,,,,,,,,,,,,,,,,,,,,,,,,,,,,,,,,,,,,,,,,,,,,,,,,,,,,,,,,,,,,,,,,,
,,,,,,,,,,,,,,,,,,,,,,,,,,,,,,,,,,,,,,,,,,,,,,,,,,,,,,,,,,,,,,,,,,,,,
,,,,,,,,,,,,,,,,,,,,,,,,,,,,,,,,,,,,,,,,,,,,,,,,,,,,,,,,,,,,,,,,,,,,,
,,,,,,,,,,,,,,,,,,,,,,,,,,,,,,,,,,,,,,,,,,,,,,,,,,,,,,,,,,,,,,,,,,,,,
,,,,,,,,,,,,,,,,,,,,,,,,,,,,,,,,,,,,,,,,,,,,,,,,,,,,,,,,,,,,,,,,,,,,,
,,,,,,,,,,,,,,,,,,,,,,,,,,,,,,,,,,,,,,,,,,,,,,,,,,,,,,,,,,,,,,,,,,,,,
,,,,,,,,,,,,,,,,,,,,,,,,,,,,,,,,,,,,,,,,,,,,,,,,,,,,,,,,,,,,,,,,,,,,,
,,,,,,,,,,,,,,,,,,,,,,,,,,,,,,,,,,,,,,,,,,,,,,,,,,,,,,,,,,,,,,,,,,,,,
,,,,,,,,,,,,,,,,,,,,,,,,,,,,,,,,,,,,,,,,,,,,,,,,,,,,,,,,,,,,,,,,,,,,,
,,,,,,,,,,,,,,,,,,,,,,,,,,,,,,,,,,,,,,,,,,,,,,,,,,,,,,,,,,,,,,,,,,,,,
,,,,,,,,,,,,,,,,,,,,,,,,,,,,,,,,,,,,,,,,,,,,,,,,,,,,,,,,,,,,,,,,,,,,,
,,,,,,,,,,,,,,,,,,,,,,,,,,,,,,,,,,,,,,,,,,,,,,,,,,,,,,,,,,,,,,,,,,,,,
,,,,,,,,,,,,,,,,,,,,,,,,,,,,,,,,,,,,,,,,,,,,,,,,,,,,,,,,,,,,,,,,,,,,,
,,,,,,,,,,,,,,,,,,,,,,,,,,,,,,,,,,,,,,,,,,,,,,,,,,,,,,,,,,,,,,,,,,,,,
,,,,,,,,,,,,,,,,,,,,,,,,,,,,,,,,,,,,,,,,,,,,,,,,,,,,,,,,,,,,,,,,,,,,,
,,,,,,,,,,,,,,,,,,,,,,,,,,,,,,,,,,,,,,,,,,,,,,,,,,,,,,,,,,,,,,,,,,,,,
,,,,,,,,,,,,,,,,,,,,,,,,,,,,,,,,,,,,,,,,,,,,,,,,,,,,,,,,,,,,,,,,,,,,,
,,,,,,,,,,,,,,,,,,,,,,,,,,,,,,,,,,,,,,,,,,,,,,,,,,,,,,,,,,,,,,,,,,,,,
,,,,,,,,,,,,,,,,,,,,,,,,,,,,,,,,,,,,,,,,,,,,,,,,,,,,,,,,,,,,,,,,,,,,,
,,,,,,,,,,,,,,,,,,,,,,,,,,,,,,,,,,,,,,,,,,,,,,,,,,,,,,,,,,,,,,,,,,,,,
,,,,,,,,,,,,,,,,,,,,,,,,,,,,,,,,,,,,,,,,,,,,,,,,,,,,,,,,,,,,,,,,,,,,,
,,,,,,,,,,,,,,,,,,,,,,,,,,,,,,,,,,,,,,,,,,,,,,,,,,,,,,,,,,,,,,,,,,,,,
,,,,,,,,,,,,,,,,,,,,,,,,,,,,,,,,,,,,,,,,,,,,,,,,,,,,,,,,,,,,,,,,,,,,,
,,,,,,,,,,,,,,,,,,,,,,,,,,,,,,,,,,,,,,,,,,,,,,,,,,,,,,,,,,,,,,,,,,,,,
,,,,,,,,,,,,,,,,,,,,,,,,,,,,,,,,,,,,,,,,,,,,,,,,,,,,,,,,,,,,,,,,,,,,,
,,,,,,,,,,,,,,,,,,,,,,,,,,,,,,,,,,,,,,,,,,,,,,,,,,,,,,,,,,,,,,,,,,,,,
,,,,,,,,,,,,,,,,,,,,,,,,,,,,,,,,,,,,,,,,,,,,,,,,,,,,,,,,,,,,,,,,,,,,,
,,,,,,,,,,,,,,,,,,,,,,,,,,,,,,,,,,,,,,,,,,,,,,,,,,,,,,,,,,,,,,,,,,,,,
,,,,,,,,,,,,,,,,,,,,,,,,,,,,,,,,,,,,,,,,,,,,,,,,,,,,,,,,,,,,,,,,,,,,,
,,,,,,,,,,,,,,,,,,,,,,,,,,,,,,,,,,,,,,,,,,,,,,,,,,,,,,,,,,,,,,,,,,,,,
,,,,,,,,,,,,,,,,,,,,,,,,,,,,,,,,,,,,,,,,,,,,,,,,,,,,,,,,,,,,,,,,,,,,,
,,,,,,,,,,,,,,,,,,,,,,,,,,,,,,,,,,,,,,,,,,,,,,,,,,,,,,,,,,,,,,,,,,,,,
,,,,,,,,,,,,,,,,,,,,,,,,,,,,,,,,,,,,,,,,,,,,,,,,,,,,,,,,,,,,,,,,,,,,,
,,,,,,,,,,,,,,,,,,,,,,,,,,,,,,,,,,,,,,,,,,,,,,,,,,,,,,,,,,,,,,,,,,,,,
,,,,,,,,,,,,,,,,,,,,,,,,,,,,,,,,,,,,,,,,,,,,,,,,,,,,,,,,,,,,,,,,,,,,,
,,,,,,,,,,,,,,,,,,,,,,,,,,,,,,,,,,,,,,,,,,,,,,,,,,,,,,,,,,,,,,,,,,,,,
,,,,,,,,,,,,,,,,,,,,,,,,,,,,,,,,,,,,,,,,,,,,,,,,,,,,,,,,,,,,,,,,,,,,,
,,,,,,,,,,,,,,,,,,,,,,,,,,,,,,,,,,,,,,,,,,,,,,,,,,,,,,,,,,,,,,,,,,,,,
,,,,,,,,,,,,,,,,,,,,,,,,,,,,,,,,,,,,,,,,,,,,,,,,,,,,,,,,,,,,,,,,,,,,,
,,,,,,,,,,,,,,,,,,,,,,,,,,,,,,,,,,,,,,,,,,,,,,,,,,,,,,,,,,,,,,,,,,,,,
,,,,,,,,,,,,,,,,,,,,,,,,,,,,,,,,,,,,,,,,,,,,,,,,,,,,,,,,,,,,,,,,,,,,,
,,,,,,,,,,,,,,,,,,,,,,,,,,,,,,,,,,,,,,,,,,,,,,,,,,,,,,,,,,,,,,,,,,,,,
,,,,,,,,,,,,,,,,,,,,,,,,,,,,,,,,,,,,,,,,,,,,,,,,,,,,,,,,,,,,,,,,,,,,,
,,,,,,,,,,,,,,,,,,,,,,,,,,,,,,,,,,,,,,,,,,,,,,,,,,,,,,,,,,,,,,,,,,,,,
,,,,,,,,,,,,,,,,,,,,,,,,,,,,,,,,,,,,,,,,,,,,,,,,,,,,,,,,,,,,,,,,,,,,,
,,,,,,,,,,,,,,,,,,,,,,,,,,,,,,,,,,,,,,,,,,,,,,,,,,,,,,,,,,,,,,,,,,,,,
,,,,,,,,,,,,,,,,,,,,,,,,,,,,,,,,,,,,,,,,,,,,,,,,,,,,,,,,,,,,,,,,,,,,,
,,,,,,,,,,,,,,,,,,,,,,,,,,,,,,,,,,,,,,,,,,,,,,,,,,,,,,,,,,,,,,,,,,,,,
,,,,,,,,,,,,,,,,,,,,,,,,,,,,,,,,,,,,,,,,,,,,,,,,,,,,,,,,,,,,,,,,,,,,,
,,,,,,,,,,,,,,,,,,,,,,,,,,,,,,,,,,,,,,,,,,,,,,,,,,,,,,,,,,,,,,,,,,,,,
,,,,,,,,,,,,,,,,,,,,,,,,,,,,,,,,,,,,,,,,,,,,,,,,,,,,,,,,,,,,,,,,,,,,,
,,,,,,,,,,,,,,,,,,,,,,,,,,,,,,,,,,,,,,,,,,,,,,,,,,,,,,,,,,,,,,,,,,,,,
,,,,,,,,,,,,,,,,,,,,,,,,,,,,,,,,,,,,,,,,,,,,,,,,,,,,,,,,,,,,,,,,,,,,,
,,,,,,,,,,,,,,,,,,,,,,,,,,,,,,,,,,,,,,,,,,,,,,,,,,,,,,,,,,,,,,,,,,,,,
,,,,,,,,,,,,,,,,,,,,,,,,,,,,,,,,,,,,,,,,,,,,,,,,,,,,,,,,,,,,,,,,,,,,,
,,,,,,,,,,,,,,,,,,,,,,,,,,,,,,,,,,,,,,,,,,,,,,,,,,,,,,,,,,,,,,,,,,,,,
,,,,,,,,,,,,,,,,,,,,,,,,,,,,,,,,,,,,,,,,,,,,,,,,,,,,,,,,,,,,,,,,,,,,,
,,,,,,,,,,,,,,,,,,,,,,,,,,,,,,,,,,,,,,,,,,,,,,,,,,,,,,,,,,,,,,,,,,,,,
,,,,,,,,,,,,,,,,,,,,,,,,,,,,,,,,,,,,,,,,,,,,,,,,,,,,,,,,,,,,,,,,,,,,,
,,,,,,,,,,,,,,,,,,,,,,,,,,,,,,,,,,,,,,,,,,,,,,,,,,,,,,,,,,,,,,,,,,,,,
,,,,,,,,,,,,,,,,,,,,,,,,,,,,,,,,,,,,,,,,,,,,,,,,,,,,,,,,,,,,,,,,,,,,,
,,,,,,,,,,,,,,,,,,,,,,,,,,,,,,,,,,,,,,,,,,,,,,,,,,,,,,,,,,,,,,,,,,,,,
,,,,,,,,,,,,,,,,,,,,,,,,,,,,,,,,,,,,,,,,,,,,,,,,,,,,,,,,,,,,,,,,,,,,,
,,,,,,,,,,,,,,,,,,,,,,,,,,,,,,,,,,,,,,,,,,,,,,,,,,,,,,,,,,,,,,,,,,,,,
,,,,,,,,,,,,,,,,,,,,,,,,,,,,,,,,,,,,,,,,,,,,,,,,,,,,,,,,,,,,,,,,,,,,,
,,,,,,,,,,,,,,,,,,,,,,,,,,,,,,,,,,,,,,,,,,,,,,,,,,,,,,,,,,,,,,,,,,,,,
,,,,,,,,,,,,,,,,,,,,,,,,,,,,,,,,,,,,,,,,,,,,,,,,,,,,,,,,,,,,,,,,,,,,,
,,,,,,,,,,,,,,,,,,,,,,,,,,,,,,,,,,,,,,,,,,,,,,,,,,,,,,,,,,,,,,,,,,,,,
,,,,,,,,,,,,,,,,,,,,,,,,,,,,,,,,,,,,,,,,,,,,,,,,,,,,,,,,,,,,,,,,,,,,,
,,,,,,,,,,,,,,,,,,,,,,,,,,,,,,,,,,,,,,,,,,,,,,,,,,,,,,,,,,,,,,,,,,,,,
,,,,,,,,,,,,,,,,,,,,,,,,,,,,,,,,,,,,,,,,,,,,,,,,,,,,,,,,,,,,,,,,,,,,,
,,,,,,,,,,,,,,,,,,,,,,,,,,,,,,,,,,,,,,,,,,,,,,,,,,,,,,,,,,,,,,,,,,,,,
,,,,,,,,,,,,,,,,,,,,,,,,,,,,,,,,,,,,,,,,,,,,,,,,,,,,,,,,,,,,,,,,,,,,,
,,,,,,,,,,,,,,,,,,,,,,,,,,,,,,,,,,,,,,,,,,,,,,,,,,,,,,,,,,,,,,,,,,,,,
,,,,,,,,,,,,,,,,,,,,,,,,,,,,,,,,,,,,,,,,,,,,,,,,,,,,,,,,,,,,,,,,,,,,,
,,,,,,,,,,,,,,,,,,,,,,,,,,,,,,,,,,,,,,,,,,,,,,,,,,,,,,,,,,,,,,,,,,,,,
,,,,,,,,,,,,,,,,,,,,,,,,,,,,,,,,,,,,,,,,,,,,,,,,,,,,,,,,,,,,,,,,,,,,,
,,,,,,,,,,,,,,,,,,,,,,,,,,,,,,,,,,,,,,,,,,,,,,,,,,,,,,,,,,,,,,,,,,,,,
,,,,,,,,,,,,,,,,,,,,,,,,,,,,,,,,,,,,,,,,,,,,,,,,,,,,,,,,,,,,,,,,,,,,,
,,,,,,,,,,,,,,,,,,,,,,,,,,,,,,,,,,,,,,,,,,,,,,,,,,,,,,,,,,,,,,,,,,,,,
,,,,,,,,,,,,,,,,,,,,,,,,,,,,,,,,,,,,,,,,,,,,,,,,,,,,,,,,,,,,,,,,,,,,,
,,,,,,,,,,,,,,,,,,,,,,,,,,,,,,,,,,,,,,,,,,,,,,,,,,,,,,,,,,,,,,,,,,,,,
,,,,,,,,,,,,,,,,,,,,,,,,,,,,,,,,,,,,,,,,,,,,,,,,,,,,,,,,,,,,,,,,,,,,,
,,,,,,,,,,,,,,,,,,,,,,,,,,,,,,,,,,,,,,,,,,,,,,,,,,,,,,,,,,,,,,,,,,,,,
,,,,,,,,,,,,,,,,,,,,,,,,,,,,,,,,,,,,,,,,,,,,,,,,,,,,,,,,,,,,,,,,,,,,,
,,,,,,,,,,,,,,,,,,,,,,,,,,,,,,,,,,,,,,,,,,,,,,,,,,,,,,,,,,,,,,,,,,,,,
,,,,,,,,,,,,,,,,,,,,,,,,,,,,,,,,,,,,,,,,,,,,,,,,,,,,,,,,,,,,,,,,,,,,,
,,,,,,,,,,,,,,,,,,,,,,,,,,,,,,,,,,,,,,,,,,,,,,,,,,,,,,,,,,,,,,,,,,,,,
,,,,,,,,,,,,,,,,,,,,,,,,,,,,,,,,,,,,,,,,,,,,,,,,,,,,,,,,,,,,,,,,,,,,,
,,,,,,,,,,,,,,,,,,,,,,,,,,,,,,,,,,,,,,,,,,,,,,,,,,,,,,,,,,,,,,,,,,,,,
,,,,,,,,,,,,,,,,,,,,,,,,,,,,,,,,,,,,,,,,,,,,,,,,,,,,,,,,,,,,,,,,,,,,,
,,,,,,,,,,,,,,,,,,,,,,,,,,,,,,,,,,,,,,,,,,,,,,,,,,,,,,,,,,,,,,,,,,,,,
,,,,,,,,,,,,,,,,,,,,,,,,,,,,,,,,,,,,,,,,,,,,,,,,,,,,,,,,,,,,,,,,,,,,,
,,,,,,,,,,,,,,,,,,,,,,,,,,,,,,,,,,,,,,,,,,,,,,,,,,,,,,,,,,,,,,,,,,,,,
,,,,,,,,,,,,,,,,,,,,,,,,,,,,,,,,,,,,,,,,,,,,,,,,,,,,,,,,,,,,,,,,,,,,,
,,,,,,,,,,,,,,,,,,,,,,,,,,,,,,,,,,,,,,,,,,,,,,,,,,,,,,,,,,,,,,,,,,,,,
,,,,,,,,,,,,,,,,,,,,,,,,,,,,,,,,,,,,,,,,,,,,,,,,,,,,,,,,,,,,,,,,,,,,,
,,,,,,,,,,,,,,,,,,,,,,,,,,,,,,,,,,,,,,,,,,,,,,,,,,,,,,,,,,,,,,,,,,,,,
,,,,,,,,,,,,,,,,,,,,,,,,,,,,,,,,,,,,,,,,,,,,,,,,,,,,,,,,,,,,,,,,,,,,,
,,,,,,,,,,,,,,,,,,,,,,,,,,,,,,,,,,,,,,,,,,,,,,,,,,,,,,,,,,,,,,,,,,,,,
,,,,,,,,,,,,,,,,,,,,,,,,,,,,,,,,,,,,,,,,,,,,,,,,,,,,,,,,,,,,,,,,,,,,,
,,,,,,,,,,,,,,,,,,,,,,,,,,,,,,,,,,,,,,,,,,,,,,,,,,,,,,,,,,,,,,,,,,,,,
,,,,,,,,,,,,,,,,,,,,,,,,,,,,,,,,,,,,,,,,,,,,,,,,,,,,,,,,,,,,,,,,,,,,,
,,,,,,,,,,,,,,,,,,,,,,,,,,,,,,,,,,,,,,,,,,,,,,,,,,,,,,,,,,,,,,,,,,,,,
,,,,,,,,,,,,,,,,,,,,,,,,,,,,,,,,,,,,,,,,,,,,,,,,,,,,,,,,,,,,,,,,,,,,,
,,,,,,,,,,,,,,,,,,,,,,,,,,,,,,,,,,,,,,,,,,,,,,,,,,,,,,,,,,,,,,,,,,,,,
,,,,,,,,,,,,,,,,,,,,,,,,,,,,,,,,,,,,,,,,,,,,,,,,,,,,,,,,,,,,,,,,,,,,,
,,,,,,,,,,,,,,,,,,,,,,,,,,,,,,,,,,,,,,,,,,,,,,,,,,,,,,,,,,,,,,,,,,,,,
,,,,,,,,,,,,,,,,,,,,,,,,,,,,,,,,,,,,,,,,,,,,,,,,,,,,,,,,,,,,,,,,,,,,,
,,,,,,,,,,,,,,,,,,,,,,,,,,,,,,,,,,,,,,,,,,,,,,,,,,,,,,,,,,,,,,,,,,,,,
,,,,,,,,,,,,,,,,,,,,,,,,,,,,,,,,,,,,,,,,,,,,,,,,,,,,,,,,,,,,,,,,,,,,,
,,,,,,,,,,,,,,,,,,,,,,,,,,,,,,,,,,,,,,,,,,,,,,,,,,,,,,,,,,,,,,,,,,,,,
,,,,,,,,,,,,,,,,,,,,,,,,,,,,,,,,,,,,,,,,,,,,,,,,,,,,,,,,,,,,,,,,,,,,,
,,,,,,,,,,,,,,,,,,,,,,,,,,,,,,,,,,,,,,,,,,,,,,,,,,,,,,,,,,,,,,,,,,,,,
,,,,,,,,,,,,,,,,,,,,,,,,,,,,,,,,,,,,,,,,,,,,,,,,,,,,,,,,,,,,,,,,,,,,,
,,,,,,,,,,,,,,,,,,,,,,,,,,,,,,,,,,,,,,,,,,,,,,,,,,,,,,,,,,,,,,,,,,,,,
,,,,,,,,,,,,,,,,,,,,,,,,,,,,,,,,,,,,,,,,,,,,,,,,,,,,,,,,,,,,,,,,,,,,,
,,,,,,,,,,,,,,,,,,,,,,,,,,,,,,,,,,,,,,,,,,,,,,,,,,,,,,,,,,,,,,,,,,,,,
,,,,,,,,,,,,,,,,,,,,,,,,,,,,,,,,,,,,,,,,,,,,,,,,,,,,,,,,,,,,,,,,,,,,,
,,,,,,,,,,,,,,,,,,,,,,,,,,,,,,,,,,,,,,,,,,,,,,,,,,,,,,,,,,,,,,,,,,,,,
,,,,,,,,,,,,,,,,,,,,,,,,,,,,,,,,,,,,,,,,,,,,,,,,,,,,,,,,,,,,,,,,,,,,,
,,,,,,,,,,,,,,,,,,,,,,,,,,,,,,,,,,,,,,,,,,,,,,,,,,,,,,,,,,,,,,,,,,,,,
,,,,,,,,,,,,,,,,,,,,,,,,,,,,,,,,,,,,,,,,,,,,,,,,,,,,,,,,,,,,,,,,,,,,,
,,,,,,,,,,,,,,,,,,,,,,,,,,,,,,,,,,,,,,,,,,,,,,,,,,,,,,,,,,,,,,,,,,,,,
,,,,,,,,,,,,,,,,,,,,,,,,,,,,,,,,,,,,,,,,,,,,,,,,,,,,,,,,,,,,,,,,,,,,,
,,,,,,,,,,,,,,,,,,,,,,,,,,,,,,,,,,,,,,,,,,,,,,,,,,,,,,,,,,,,,,,,,,,,,
,,,,,,,,,,,,,,,,,,,,,,,,,,,,,,,,,,,,,,,,,,,,,,,,,,,,,,,,,,,,,,,,,,,,,
,,,,,,,,,,,,,,,,,,,,,,,,,,,,,,,,,,,,,,,,,,,,,,,,,,,,,,,,,,,,,,,,,,,,,
,,,,,,,,,,,,,,,,,,,,,,,,,,,,,,,,,,,,,,,,,,,,,,,,,,,,,,,,,,,,,,,,,,,,,
,,,,,,,,,,,,,,,,,,,,,,,,,,,,,,,,,,,,,,,,,,,,,,,,,,,,,,,,,,,,,,,,,,,,,
,,,,,,,,,,,,,,,,,,,,,,,,,,,,,,,,,,,,,,,,,,,,,,,,,,,,,,,,,,,,,,,,,,,,,
,,,,,,,,,,,,,,,,,,,,,,,,,,,,,,,,,,,,,,,,,,,,,,,,,,,,,,,,,,,,,,,,,,,,,
,,,,,,,,,,,,,,,,,,,,,,,,,,,,,,,,,,,,,,,,,,,,,,,,,,,,,,,,,,,,,,,,,,,,,
,,,,,,,,,,,,,,,,,,,,,,,,,,,,,,,,,,,,,,,,,,,,,,,,,,,,,,,,,,,,,,,,,,,,,
,,,,,,,,,,,,,,,,,,,,,,,,,,,,,,,,,,,,,,,,,,,,,,,,,,,,,,,,,,,,,,,,,,,,,
,,,,,,,,,,,,,,,,,,,,,,,,,,,,,,,,,,,,,,,,,,,,,,,,,,,,,,,,,,,,,,,,,,,,,
,,,,,,,,,,,,,,,,,,,,,,,,,,,,,,,,,,,,,,,,,,,,,,,,,,,,,,,,,,,,,,,,,,,,,
,,,,,,,,,,,,,,,,,,,,,,,,,,,,,,,,,,,,,,,,,,,,,,,,,,,,,,,,,,,,,,,,,,,,,
,,,,,,,,,,,,,,,,,,,,,,,,,,,,,,,,,,,,,,,,,,,,,,,,,,,,,,,,,,,,,,,,,,,,,
,,,,,,,,,,,,,,,,,,,,,,,,,,,,,,,,,,,,,,,,,,,,,,,,,,,,,,,,,,,,,,,,,,,,,
,,,,,,,,,,,,,,,,,,,,,,,,,,,,,,,,,,,,,,,,,,,,,,,,,,,,,,,,,,,,,,,,,,,,,
,,,,,,,,,,,,,,,,,,,,,,,,,,,,,,,,,,,,,,,,,,,,,,,,,,,,,,,,,,,,,,,,,,,,,
,,,,,,,,,,,,,,,,,,,,,,,,,,,,,,,,,,,,,,,,,,,,,,,,,,,,,,,,,,,,,,,,,,,,,
,,,,,,,,,,,,,,,,,,,,,,,,,,,,,,,,,,,,,,,,,,,,,,,,,,,,,,,,,,,,,,,,,,,,,
,,,,,,,,,,,,,,,,,,,,,,,,,,,,,,,,,,,,,,,,,,,,,,,,,,,,,,,,,,,,,,,,,,,,,
,,,,,,,,,,,,,,,,,,,,,,,,,,,,,,,,,,,,,,,,,,,,,,,,,,,,,,,,,,,,,,,,,,,,,
,,,,,,,,,,,,,,,,,,,,,,,,,,,,,,,,,,,,,,,,,,,,,,,,,,,,,,,,,,,,,,,,,,,,,
,,,,,,,,,,,,,,,,,,,,,,,,,,,,,,,,,,,,,,,,,,,,,,,,,,,,,,,,,,,,,,,,,,,,,
,,,,,,,,,,,,,,,,,,,,,,,,,,,,,,,,,,,,,,,,,,,,,,,,,,,,,,,,,,,,,,,,,,,,,
,,,,,,,,,,,,,,,,,,,,,,,,,,,,,,,,,,,,,,,,,,,,,,,,,,,,,,,,,,,,,,,,,,,,,
,,,,,,,,,,,,,,,,,,,,,,,,,,,,,,,,,,,,,,,,,,,,,,,,,,,,,,,,,,,,,,,,,,,,,
,,,,,,,,,,,,,,,,,,,,,,,,,,,,,,,,,,,,,,,,,,,,,,,,,,,,,,,,,,,,,,,,,,,,,
,,,,,,,,,,,,,,,,,,,,,,,,,,,,,,,,,,,,,,,,,,,,,,,,,,,,,,,,,,,,,,,,,,,,,
,,,,,,,,,,,,,,,,,,,,,,,,,,,,,,,,,,,,,,,,,,,,,,,,,,,,,,,,,,,,,,,,,,,,,
,,,,,,,,,,,,,,,,,,,,,,,,,,,,,,,,,,,,,,,,,,,,,,,,,,,,,,,,,,,,,,,,,,,,,
,,,,,,,,,,,,,,,,,,,,,,,,,,,,,,,,,,,,,,,,,,,,,,,,,,,,,,,,,,,,,,,,,,,,,
,,,,,,,,,,,,,,,,,,,,,,,,,,,,,,,,,,,,,,,,,,,,,,,,,,,,,,,,,,,,,,,,,,,,,
,,,,,,,,,,,,,,,,,,,,,,,,,,,,,,,,,,,,,,,,,,,,,,,,,,,,,,,,,,,,,,,,,,,,,
,,,,,,,,,,,,,,,,,,,,,,,,,,,,,,,,,,,,,,,,,,,,,,,,,,,,,,,,,,,,,,,,,,,,,
,,,,,,,,,,,,,,,,,,,,,,,,,,,,,,,,,,,,,,,,,,,,,,,,,,,,,,,,,,,,,,,,,,,,,
,,,,,,,,,,,,,,,,,,,,,,,,,,,,,,,,,,,,,,,,,,,,,,,,,,,,,,,,,,,,,,,,,,,,,
,,,,,,,,,,,,,,,,,,,,,,,,,,,,,,,,,,,,,,,,,,,,,,,,,,,,,,,,,,,,,,,,,,,,,
,,,,,,,,,,,,,,,,,,,,,,,,,,,,,,,,,,,,,,,,,,,,,,,,,,,,,,,,,,,,,,,,,,,,,
,,,,,,,,,,,,,,,,,,,,,,,,,,,,,,,,,,,,,,,,,,,,,,,,,,,,,,,,,,,,,,,,,,,,,
,,,,,,,,,,,,,,,,,,,,,,,,,,,,,,,,,,,,,,,,,,,,,,,,,,,,,,,,,,,,,,,,,,,,,
,,,,,,,,,,,,,,,,,,,,,,,,,,,,,,,,,,,,,,,,,,,,,,,,,,,,,,,,,,,,,,,,,,,,,
,,,,,,,,,,,,,,,,,,,,,,,,,,,,,,,,,,,,,,,,,,,,,,,,,,,,,,,,,,,,,,,,,,,,,
,,,,,,,,,,,,,,,,,,,,,,,,,,,,,,,,,,,,,,,,,,,,,,,,,,,,,,,,,,,,,,,,,,,,,
,,,,,,,,,,,,,,,,,,,,,,,,,,,,,,,,,,,,,,,,,,,,,,,,,,,,,,,,,,,,,,,,,,,,,
,,,,,,,,,,,,,,,,,,,,,,,,,,,,,,,,,,,,,,,,,,,,,,,,,,,,,,,,,,,,,,,,,,,,,
,,,,,,,,,,,,,,,,,,,,,,,,,,,,,,,,,,,,,,,,,,,,,,,,,,,,,,,,,,,,,,,,,,,,,
,,,,,,,,,,,,,,,,,,,,,,,,,,,,,,,,,,,,,,,,,,,,,,,,,,,,,,,,,,,,,,,,,,,,,
,,,,,,,,,,,,,,,,,,,,,,,,,,,,,,,,,,,,,,,,,,,,,,,,,,,,,,,,,,,,,,,,,,,,,
,,,,,,,,,,,,,,,,,,,,,,,,,,,,,,,,,,,,,,,,,,,,,,,,,,,,,,,,,,,,,,,,,,,,,
,,,,,,,,,,,,,,,,,,,,,,,,,,,,,,,,,,,,,,,,,,,,,,,,,,,,,,,,,,,,,,,,,,,,,
,,,,,,,,,,,,,,,,,,,,,,,,,,,,,,,,,,,,,,,,,,,,,,,,,,,,,,,,,,,,,,,,,,,,,
,,,,,,,,,,,,,,,,,,,,,,,,,,,,,,,,,,,,,,,,,,,,,,,,,,,,,,,,,,,,,,,,,,,,,
,,,,,,,,,,,,,,,,,,,,,,,,,,,,,,,,,,,,,,,,,,,,,,,,,,,,,,,,,,,,,,,,,,,,,
,,,,,,,,,,,,,,,,,,,,,,,,,,,,,,,,,,,,,,,,,,,,,,,,,,,,,,,,,,,,,,,,,,,,,
,,,,,,,,,,,,,,,,,,,,,,,,,,,,,,,,,,,,,,,,,,,,,,,,,,,,,,,,,,,,,,,,,,,,,
,,,,,,,,,,,,,,,,,,,,,,,,,,,,,,,,,,,,,,,,,,,,,,,,,,,,,,,,,,,,,,,,,,,,,
,,,,,,,,,,,,,,,,,,,,,,,,,,,,,,,,,,,,,,,,,,,,,,,,,,,,,,,,,,,,,,,,,,,,,
,,,,,,,,,,,,,,,,,,,,,,,,,,,,,,,,,,,,,,,,,,,,,,,,,,,,,,,,,,,,,,,,,,,,,
,,,,,,,,,,,,,,,,,,,,,,,,,,,,,,,,,,,,,,,,,,,,,,,,,,,,,,,,,,,,,,,,,,,,,
,,,,,,,,,,,,,,,,,,,,,,,,,,,,,,,,,,,,,,,,,,,,,,,,,,,,,,,,,,,,,,,,,,,,,
,,,,,,,,,,,,,,,,,,,,,,,,,,,,,,,,,,,,,,,,,,,,,,,,,,,,,,,,,,,,,,,,,,,,,
,,,,,,,,,,,,,,,,,,,,,,,,,,,,,,,,,,,,,,,,,,,,,,,,,,,,,,,,,,,,,,,,,,,,,
,,,,,,,,,,,,,,,,,,,,,,,,,,,,,,,,,,,,,,,,,,,,,,,,,,,,,,,,,,,,,,,,,,,,,
,,,,,,,,,,,,,,,,,,,,,,,,,,,,,,,,,,,,,,,,,,,,,,,,,,,,,,,,,,,,,,,,,,,,,
,,,,,,,,,,,,,,,,,,,,,,,,,,,,,,,,,,,,,,,,,,,,,,,,,,,,,,,,,,,,,,,,,,,,,
,,,,,,,,,,,,,,,,,,,,,,,,,,,,,,,,,,,,,,,,,,,,,,,,,,,,,,,,,,,,,,,,,,,,,
,,,,,,,,,,,,,,,,,,,,,,,,,,,,,,,,,,,,,,,,,,,,,,,,,,,,,,,,,,,,,,,,,,,,,
,,,,,,,,,,,,,,,,,,,,,,,,,,,,,,,,,,,,,,,,,,,,,,,,,,,,,,,,,,,,,,,,,,,,,
,,,,,,,,,,,,,,,,,,,,,,,,,,,,,,,,,,,,,,,,,,,,,,,,,,,,,,,,,,,,,,,,,,,,,
,,,,,,,,,,,,,,,,,,,,,,,,,,,,,,,,,,,,,,,,,,,,,,,,,,,,,,,,,,,,,,,,,,,,,
,,,,,,,,,,,,,,,,,,,,,,,,,,,,,,,,,,,,,,,,,,,,,,,,,,,,,,,,,,,,,,,,,,,,,
,,,,,,,,,,,,,,,,,,,,,,,,,,,,,,,,,,,,,,,,,,,,,,,,,,,,,,,,,,,,,,,,,,,,,
,,,,,,,,,,,,,,,,,,,,,,,,,,,,,,,,,,,,,,,,,,,,,,,,,,,,,,,,,,,,,,,,,,,,,
,,,,,,,,,,,,,,,,,,,,,,,,,,,,,,,,,,,,,,,,,,,,,,,,,,,,,,,,,,,,,,,,,,,,,
,,,,,,,,,,,,,,,,,,,,,,,,,,,,,,,,,,,,,,,,,,,,,,,,,,,,,,,,,,,,,,,,,,,,,
,,,,,,,,,,,,,,,,,,,,,,,,,,,,,,,,,,,,,,,,,,,,,,,,,,,,,,,,,,,,,,,,,,,,,
,,,,,,,,,,,,,,,,,,,,,,,,,,,,,,,,,,,,,,,,,,,,,,,,,,,,,,,,,,,,,,,,,,,,,
,,,,,,,,,,,,,,,,,,,,,,,,,,,,,,,,,,,,,,,,,,,,,,,,,,,,,,,,,,,,,,,,,,,,,
,,,,,,,,,,,,,,,,,,,,,,,,,,,,,,,,,,,,,,,,,,,,,,,,,,,,,,,,,,,,,,,,,,,,,
,,,,,,,,,,,,,,,,,,,,,,,,,,,,,,,,,,,,,,,,,,,,,,,,,,,,,,,,,,,,,,,,,,,,,
,,,,,,,,,,,,,,,,,,,,,,,,,,,,,,,,,,,,,,,,,,,,,,,,,,,,,,,,,,,,,,,,,,,,,
,,,,,,,,,,,,,,,,,,,,,,,,,,,,,,,,,,,,,,,,,,,,,,,,,,,,,,,,,,,,,,,,,,,,,
,,,,,,,,,,,,,,,,,,,,,,,,,,,,,,,,,,,,,,,,,,,,,,,,,,,,,,,,,,,,,,,,,,,,,
,,,,,,,,,,,,,,,,,,,,,,,,,,,,,,,,,,,,,,,,,,,,,,,,,,,,,,,,,,,,,,,,,,,,,
,,,,,,,,,,,,,,,,,,,,,,,,,,,,,,,,,,,,,,,,,,,,,,,,,,,,,,,,,,,,,,,,,,,,,
,,,,,,,,,,,,,,,,,,,,,,,,,,,,,,,,,,,,,,,,,,,,,,,,,,,,,,,,,,,,,,,,,,,,,
,,,,,,,,,,,,,,,,,,,,,,,,,,,,,,,,,,,,,,,,,,,,,,,,,,,,,,,,,,,,,,,,,,,,,
,,,,,,,,,,,,,,,,,,,,,,,,,,,,,,,,,,,,,,,,,,,,,,,,,,,,,,,,,,,,,,,,,,,,,
,,,,,,,,,,,,,,,,,,,,,,,,,,,,,,,,,,,,,,,,,,,,,,,,,,,,,,,,,,,,,,,,,,,,,
,,,,,,,,,,,,,,,,,,,,,,,,,,,,,,,,,,,,,,,,,,,,,,,,,,,,,,,,,,,,,,,,,,,,,
,,,,,,,,,,,,,,,,,,,,,,,,,,,,,,,,,,,,,,,,,,,,,,,,,,,,,,,,,,,,,,,,,,,,,
,,,,,,,,,,,,,,,,,,,,,,,,,,,,,,,,,,,,,,,,,,,,,,,,,,,,,,,,,,,,,,,,,,,,,
,,,,,,,,,,,,,,,,,,,,,,,,,,,,,,,,,,,,,,,,,,,,,,,,,,,,,,,,,,,,,,,,,,,,,
,,,,,,,,,,,,,,,,,,,,,,,,,,,,,,,,,,,,,,,,,,,,,,,,,,,,,,,,,,,,,,,,,,,,,
,,,,,,,,,,,,,,,,,,,,,,,,,,,,,,,,,,,,,,,,,,,,,,,,,,,,,,,,,,,,,,,,,,,,,
,,,,,,,,,,,,,,,,,,,,,,,,,,,,,,,,,,,,,,,,,,,,,,,,,,,,,,,,,,,,,,,,,,,,,
,,,,,,,,,,,,,,,,,,,,,,,,,,,,,,,,,,,,,,,,,,,,,,,,,,,,,,,,,,,,,,,,,,,,,
,,,,,,,,,,,,,,,,,,,,,,,,,,,,,,,,,,,,,,,,,,,,,,,,,,,,,,,,,,,,,,,,,,,,,
,,,,,,,,,,,,,,,,,,,,,,,,,,,,,,,,,,,,,,,,,,,,,,,,,,,,,,,,,,,,,,,,,,,,,
,,,,,,,,,,,,,,,,,,,,,,,,,,,,,,,,,,,,,,,,,,,,,,,,,,,,,,,,,,,,,,,,,,,,,
,,,,,,,,,,,,,,,,,,,,,,,,,,,,,,,,,,,,,,,,,,,,,,,,,,,,,,,,,,,,,,,,,,,,,
,,,,,,,,,,,,,,,,,,,,,,,,,,,,,,,,,,,,,,,,,,,,,,,,,,,,,,,,,,,,,,,,,,,,,
,,,,,,,,,,,,,,,,,,,,,,,,,,,,,,,,,,,,,,,,,,,,,,,,,,,,,,,,,,,,,,,,,,,,,
,,,,,,,,,,,,,,,,,,,,,,,,,,,,,,,,,,,,,,,,,,,,,,,,,,,,,,,,,,,,,,,,,,,,,
,,,,,,,,,,,,,,,,,,,,,,,,,,,,,,,,,,,,,,,,,,,,,,,,,,,,,,,,,,,,,,,,,,,,,
,,,,,,,,,,,,,,,,,,,,,,,,,,,,,,,,,,,,,,,,,,,,,,,,,,,,,,,,,,,,,,,,,,,,,
,,,,,,,,,,,,,,,,,,,,,,,,,,,,,,,,,,,,,,,,,,,,,,,,,,,,,,,,,,,,,,,,,,,,,
,,,,,,,,,,,,,,,,,,,,,,,,,,,,,,,,,,,,,,,,,,,,,,,,,,,,,,,,,,,,,,,,,,,,,
,,,,,,,,,,,,,,,,,,,,,,,,,,,,,,,,,,,,,,,,,,,,,,,,,,,,,,,,,,,,,,,,,,,,,
,,,,,,,,,,,,,,,,,,,,,,,,,,,,,,,,,,,,,,,,,,,,,,,,,,,,,,,,,,,,,,,,,,,,,
,,,,,,,,,,,,,,,,,,,,,,,,,,,,,,,,,,,,,,,,,,,,,,,,,,,,,,,,,,,,,,,,,,,,,
,,,,,,,,,,,,,,,,,,,,,,,,,,,,,,,,,,,,,,,,,,,,,,,,,,,,,,,,,,,,,,,,,,,,,
,,,,,,,,,,,,,,,,,,,,,,,,,,,,,,,,,,,,,,,,,,,,,,,,,,,,,,,,,,,,,,,,,,,,,
,,,,,,,,,,,,,,,,,,,,,,,,,,,,,,,,,,,,,,,,,,,,,,,,,,,,,,,,,,,,,,,,,,,,,
,,,,,,,,,,,,,,,,,,,,,,,,,,,,,,,,,,,,,,,,,,,,,,,,,,,,,,,,,,,,,,,,,,,,,
,,,,,,,,,,,,,,,,,,,,,,,,,,,,,,,,,,,,,,,,,,,,,,,,,,,,,,,,,,,,,,,,,,,,,
,,,,,,,,,,,,,,,,,,,,,,,,,,,,,,,,,,,,,,,,,,,,,,,,,,,,,,,,,,,,,,,,,,,,,
,,,,,,,,,,,,,,,,,,,,,,,,,,,,,,,,,,,,,,,,,,,,,,,,,,,,,,,,,,,,,,,,,,,,,
,,,,,,,,,,,,,,,,,,,,,,,,,,,,,,,,,,,,,,,,,,,,,,,,,,,,,,,,,,,,,,,,,,,,,
,,,,,,,,,,,,,,,,,,,,,,,,,,,,,,,,,,,,,,,,,,,,,,,,,,,,,,,,,,,,,,,,,,,,,
,,,,,,,,,,,,,,,,,,,,,,,,,,,,,,,,,,,,,,,,,,,,,,,,,,,,,,,,,,,,,,,,,,,,,
,,,,,,,,,,,,,,,,,,,,,,,,,,,,,,,,,,,,,,,,,,,,,,,,,,,,,,,,,,,,,,,,,,,,,
,,,,,,,,,,,,,,,,,,,,,,,,,,,,,,,,,,,,,,,,,,,,,,,,,,,,,,,,,,,,,,,,,,,,,
,,,,,,,,,,,,,,,,,,,,,,,,,,,,,,,,,,,,,,,,,,,,,,,,,,,,,,,,,,,,,,,,,,,,,
,,,,,,,,,,,,,,,,,,,,,,,,,,,,,,,,,,,,,,,,,,,,,,,,,,,,,,,,,,,,,,,,,,,,,
,,,,,,,,,,,,,,,,,,,,,,,,,,,,,,,,,,,,,,,,,,,,,,,,,,,,,,,,,,,,,,,,,,,,,
,,,,,,,,,,,,,,,,,,,,,,,,,,,,,,,,,,,,,,,,,,,,,,,,,,,,,,,,,,,,,,,,,,,,,
,,,,,,,,,,,,,,,,,,,,,,,,,,,,,,,,,,,,,,,,,,,,,,,,,,,,,,,,,,,,,,,,,,,,,
,,,,,,,,,,,,,,,,,,,,,,,,,,,,,,,,,,,,,,,,,,,,,,,,,,,,,,,,,,,,,,,,,,,,,
,,,,,,,,,,,,,,,,,,,,,,,,,,,,,,,,,,,,,,,,,,,,,,,,,,,,,,,,,,,,,,,,,,,,,
,,,,,,,,,,,,,,,,,,,,,,,,,,,,,,,,,,,,,,,,,,,,,,,,,,,,,,,,,,,,,,,,,,,,,
,,,,,,,,,,,,,,,,,,,,,,,,,,,,,,,,,,,,,,,,,,,,,,,,,,,,,,,,,,,,,,,,,,,,,
,,,,,,,,,,,,,,,,,,,,,,,,,,,,,,,,,,,,,,,,,,,,,,,,,,,,,,,,,,,,,,,,,,,,,
,,,,,,,,,,,,,,,,,,,,,,,,,,,,,,,,,,,,,,,,,,,,,,,,,,,,,,,,,,,,,,,,,,,,,
,,,,,,,,,,,,,,,,,,,,,,,,,,,,,,,,,,,,,,,,,,,,,,,,,,,,,,,,,,,,,,,,,,,,,
,,,,,,,,,,,,,,,,,,,,,,,,,,,,,,,,,,,,,,,,,,,,,,,,,,,,,,,,,,,,,,,,,,,,,
,,,,,,,,,,,,,,,,,,,,,,,,,,,,,,,,,,,,,,,,,,,,,,,,,,,,,,,,,,,,,,,,,,,,,
,,,,,,,,,,,,,,,,,,,,,,,,,,,,,,,,,,,,,,,,,,,,,,,,,,,,,,,,,,,,,,,,,,,,,
,,,,,,,,,,,,,,,,,,,,,,,,,,,,,,,,,,,,,,,,,,,,,,,,,,,,,,,,,,,,,,,,,,,,,
,,,,,,,,,,,,,,,,,,,,,,,,,,,,,,,,,,,,,,,,,,,,,,,,,,,,,,,,,,,,,,,,,,,,,
,,,,,,,,,,,,,,,,,,,,,,,,,,,,,,,,,,,,,,,,,,,,,,,,,,,,,,,,,,,,,,,,,,,,,
,,,,,,,,,,,,,,,,,,,,,,,,,,,,,,,,,,,,,,,,,,,,,,,,,,,,,,,,,,,,,,,,,,,,,
,,,,,,,,,,,,,,,,,,,,,,,,,,,,,,,,,,,,,,,,,,,,,,,,,,,,,,,,,,,,,,,,,,,,,
,,,,,,,,,,,,,,,,,,,,,,,,,,,,,,,,,,,,,,,,,,,,,,,,,,,,,,,,,,,,,,,,,,,,,
,,,,,,,,,,,,,,,,,,,,,,,,,,,,,,,,,,,,,,,,,,,,,,,,,,,,,,,,,,,,,,,,,,,,,
,,,,,,,,,,,,,,,,,,,,,,,,,,,,,,,,,,,,,,,,,,,,,,,,,,,,,,,,,,,,,,,,,,,,,
,,,,,,,,,,,,,,,,,,,,,,,,,,,,,,,,,,,,,,,,,,,,,,,,,,,,,,,,,,,,,,,,,,,,,
,,,,,,,,,,,,,,,,,,,,,,,,,,,,,,,,,,,,,,,,,,,,,,,,,,,,,,,,,,,,,,,,,,,,,
,,,,,,,,,,,,,,,,,,,,,,,,,,,,,,,,,,,,,,,,,,,,,,,,,,,,,,,,,,,,,,,,,,,,,
,,,,,,,,,,,,,,,,,,,,,,,,,,,,,,,,,,,,,,,,,,,,,,,,,,,,,,,,,,,,,,,,,,,,,
,,,,,,,,,,,,,,,,,,,,,,,,,,,,,,,,,,,,,,,,,,,,,,,,,,,,,,,,,,,,,,,,,,,,,
,,,,,,,,,,,,,,,,,,,,,,,,,,,,,,,,,,,,,,,,,,,,,,,,,,,,,,,,,,,,,,,,,,,,,
,,,,,,,,,,,,,,,,,,,,,,,,,,,,,,,,,,,,,,,,,,,,,,,,,,,,,,,,,,,,,,,,,,,,,
,,,,,,,,,,,,,,,,,,,,,,,,,,,,,,,,,,,,,,,,,,,,,,,,,,,,,,,,,,,,,,,,,,,,,
,,,,,,,,,,,,,,,,,,,,,,,,,,,,,,,,,,,,,,,,,,,,,,,,,,,,,,,,,,,,,,,,,,,,,
,,,,,,,,,,,,,,,,,,,,,,,,,,,,,,,,,,,,,,,,,,,,,,,,,,,,,,,,,,,,,,,,,,,,,
,,,,,,,,,,,,,,,,,,,,,,,,,,,,,,,,,,,,,,,,,,,,,,,,,,,,,,,,,,,,,,,,,,,,,
,,,,,,,,,,,,,,,,,,,,,,,,,,,,,,,,,,,,,,,,,,,,,,,,,,,,,,,,,,,,,,,,,,,,,
,,,,,,,,,,,,,,,,,,,,,,,,,,,,,,,,,,,,,,,,,,,,,,,,,,,,,,,,,,,,,,,,,,,,,
,,,,,,,,,,,,,,,,,,,,,,,,,,,,,,,,,,,,,,,,,,,,,,,,,,,,,,,,,,,,,,,,,,,,,
,,,,,,,,,,,,,,,,,,,,,,,,,,,,,,,,,,,,,,,,,,,,,,,,,,,,,,,,,,,,,,,,,,,,,
,,,,,,,,,,,,,,,,,,,,,,,,,,,,,,,,,,,,,,,,,,,,,,,,,,,,,,,,,,,,,,,,,,,,,
,,,,,,,,,,,,,,,,,,,,,,,,,,,,,,,,,,,,,,,,,,,,,,,,,,,,,,,,,,,,,,,,,,,,,
,,,,,,,,,,,,,,,,,,,,,,,,,,,,,,,,,,,,,,,,,,,,,,,,,,,,,,,,,,,,,,,,,,,,,
,,,,,,,,,,,,,,,,,,,,,,,,,,,,,,,,,,,,,,,,,,,,,,,,,,,,,,,,,,,,,,,,,,,,,
,,,,,,,,,,,,,,,,,,,,,,,,,,,,,,,,,,,,,,,,,,,,,,,,,,,,,,,,,,,,,,,,,,,,,
,,,,,,,,,,,,,,,,,,,,,,,,,,,,,,,,,,,,,,,,,,,,,,,,,,,,,,,,,,,,,,,,,,,,,
,,,,,,,,,,,,,,,,,,,,,,,,,,,,,,,,,,,,,,,,,,,,,,,,,,,,,,,,,,,,,,,,,,,,,
,,,,,,,,,,,,,,,,,,,,,,,,,,,,,,,,,,,,,,,,,,,,,,,,,,,,,,,,,,,,,,,,,,,,,
,,,,,,,,,,,,,,,,,,,,,,,,,,,,,,,,,,,,,,,,,,,,,,,,,,,,,,,,,,,,,,,,,,,,,
,,,,,,,,,,,,,,,,,,,,,,,,,,,,,,,,,,,,,,,,,,,,,,,,,,,,,,,,,,,,,,,,,,,,,
,,,,,,,,,,,,,,,,,,,,,,,,,,,,,,,,,,,,,,,,,,,,,,,,,,,,,,,,,,,,,,,,,,,,,
,,,,,,,,,,,,,,,,,,,,,,,,,,,,,,,,,,,,,,,,,,,,,,,,,,,,,,,,,,,,,,,,,,,,,
,,,,,,,,,,,,,,,,,,,,,,,,,,,,,,,,,,,,,,,,,,,,,,,,,,,,,,,,,,,,,,,,,,,,,
,,,,,,,,,,,,,,,,,,,,,,,,,,,,,,,,,,,,,,,,,,,,,,,,,,,,,,,,,,,,,,,,,,,,,
,,,,,,,,,,,,,,,,,,,,,,,,,,,,,,,,,,,,,,,,,,,,,,,,,,,,,,,,,,,,,,,,,,,,,
,,,,,,,,,,,,,,,,,,,,,,,,,,,,,,,,,,,,,,,,,,,,,,,,,,,,,,,,,,,,,,,,,,,,,
,,,,,,,,,,,,,,,,,,,,,,,,,,,,,,,,,,,,,,,,,,,,,,,,,,,,,,,,,,,,,,,,,,,,,
,,,,,,,,,,,,,,,,,,,,,,,,,,,,,,,,,,,,,,,,,,,,,,,,,,,,,,,,,,,,,,,,,,,,,
,,,,,,,,,,,,,,,,,,,,,,,,,,,,,,,,,,,,,,,,,,,,,,,,,,,,,,,,,,,,,,,,,,,,,
,,,,,,,,,,,,,,,,,,,,,,,,,,,,,,,,,,,,,,,,,,,,,,,,,,,,,,,,,,,,,,,,,,,,,
,,,,,,,,,,,,,,,,,,,,,,,,,,,,,,,,,,,,,,,,,,,,,,,,,,,,,,,,,,,,,,,,,,,,,
,,,,,,,,,,,,,,,,,,,,,,,,,,,,,,,,,,,,,,,,,,,,,,,,,,,,,,,,,,,,,,,,,,,,,
,,,,,,,,,,,,,,,,,,,,,,,,,,,,,,,,,,,,,,,,,,,,,,,,,,,,,,,,,,,,,,,,,,,,,
,,,,,,,,,,,,,,,,,,,,,,,,,,,,,,,,,,,,,,,,,,,,,,,,,,,,,,,,,,,,,,,,,,,,,
,,,,,,,,,,,,,,,,,,,,,,,,,,,,,,,,,,,,,,,,,,,,,,,,,,,,,,,,,,,,,,,,,,,,,
,,,,,,,,,,,,,,,,,,,,,,,,,,,,,,,,,,,,,,,,,,,,,,,,,,,,,,,,,,,,,,,,,,,,,
,,,,,,,,,,,,,,,,,,,,,,,,,,,,,,,,,,,,,,,,,,,,,,,,,,,,,,,,,,,,,,,,,,,,,
,,,,,,,,,,,,,,,,,,,,,,,,,,,,,,,,,,,,,,,,,,,,,,,,,,,,,,,,,,,,,,,,,,,,,
,,,,,,,,,,,,,,,,,,,,,,,,,,,,,,,,,,,,,,,,,,,,,,,,,,,,,,,,,,,,,,,,,,,,,
,,,,,,,,,,,,,,,,,,,,,,,,,,,,,,,,,,,,,,,,,,,,,,,,,,,,,,,,,,,,,,,,,,,,,
,,,,,,,,,,,,,,,,,,,,,,,,,,,,,,,,,,,,,,,,,,,,,,,,,,,,,,,,,,,,,,,,,,,,,
,,,,,,,,,,,,,,,,,,,,,,,,,,,,,,,,,,,,,,,,,,,,,,,,,,,,,,,,,,,,,,,,,,,,,
,,,,,,,,,,,,,,,,,,,,,,,,,,,,,,,,,,,,,,,,,,,,,,,,,,,,,,,,,,,,,,,,,,,,,
,,,,,,,,,,,,,,,,,,,,,,,,,,,,,,,,,,,,,,,,,,,,,,,,,,,,,,,,,,,,,,,,,,,,,
,,,,,,,,,,,,,,,,,,,,,,,,,,,,,,,,,,,,,,,,,,,,,,,,,,,,,,,,,,,,,,,,,,,,,
,,,,,,,,,,,,,,,,,,,,,,,,,,,,,,,,,,,,,,,,,,,,,,,,,,,,,,,,,,,,,,,,,,,,,
,,,,,,,,,,,,,,,,,,,,,,,,,,,,,,,,,,,,,,,,,,,,,,,,,,,,,,,,,,,,,,,,,,,,,
,,,,,,,,,,,,,,,,,,,,,,,,,,,,,,,,,,,,,,,,,,,,,,,,,,,,,,,,,,,,,,,,,,,,,
,,,,,,,,,,,,,,,,,,,,,,,,,,,,,,,,,,,,,,,,,,,,,,,,,,,,,,,,,,,,,,,,,,,,,
,,,,,,,,,,,,,,,,,,,,,,,,,,,,,,,,,,,,,,,,,,,,,,,,,,,,,,,,,,,,,,,,,,,,,
,,,,,,,,,,,,,,,,,,,,,,,,,,,,,,,,,,,,,,,,,,,,,,,,,,,,,,,,,,,,,,,,,,,,,
,,,,,,,,,,,,,,,,,,,,,,,,,,,,,,,,,,,,,,,,,,,,,,,,,,,,,,,,,,,,,,,,,,,,,
,,,,,,,,,,,,,,,,,,,,,,,,,,,,,,,,,,,,,,,,,,,,,,,,,,,,,,,,,,,,,,,,,,,,,
,,,,,,,,,,,,,,,,,,,,,,,,,,,,,,,,,,,,,,,,,,,,,,,,,,,,,,,,,,,,,,,,,,,,,
,,,,,,,,,,,,,,,,,,,,,,,,,,,,,,,,,,,,,,,,,,,,,,,,,,,,,,,,,,,,,,,,,,,,,
,,,,,,,,,,,,,,,,,,,,,,,,,,,,,,,,,,,,,,,,,,,,,,,,,,,,,,,,,,,,,,,,,,,,,
,,,,,,,,,,,,,,,,,,,,,,,,,,,,,,,,,,,,,,,,,,,,,,,,,,,,,,,,,,,,,,,,,,,,,
,,,,,,,,,,,,,,,,,,,,,,,,,,,,,,,,,,,,,,,,,,,,,,,,,,,,,,,,,,,,,,,,,,,,,
,,,,,,,,,,,,,,,,,,,,,,,,,,,,,,,,,,,,,,,,,,,,,,,,,,,,,,,,,,,,,,,,,,,,,
,,,,,,,,,,,,,,,,,,,,,,,,,,,,,,,,,,,,,,,,,,,,,,,,,,,,,,,,,,,,,,,,,,,,,
,,,,,,,,,,,,,,,,,,,,,,,,,,,,,,,,,,,,,,,,,,,,,,,,,,,,,,,,,,,,,,,,,,,,,
,,,,,,,,,,,,,,,,,,,,,,,,,,,,,,,,,,,,,,,,,,,,,,,,,,,,,,,,,,,,,,,,,,,,,
,,,,,,,,,,,,,,,,,,,,,,,,,,,,,,,,,,,,,,,,,,,,,,,,,,,,,,,,,,,,,,,,,,,,,
,,,,,,,,,,,,,,,,,,,,,,,,,,,,,,,,,,,,,,,,,,,,,,,,,,,,,,,,,,,,,,,,,,,,,
,,,,,,,,,,,,,,,,,,,,,,,,,,,,,,,,,,,,,,,,,,,,,,,,,,,,,,,,,,,,,,,,,,,,,
,,,,,,,,,,,,,,,,,,,,,,,,,,,,,,,,,,,,,,,,,,,,,,,,,,,,,,,,,,,,,,,,,,,,,
,,,,,,,,,,,,,,,,,,,,,,,,,,,,,,,,,,,,,,,,,,,,,,,,,,,,,,,,,,,,,,,,,,,,,
,,,,,,,,,,,,,,,,,,,,,,,,,,,,,,,,,,,,,,,,,,,,,,,,,,,,,,,,,,,,,,,,,,,,,
,,,,,,,,,,,,,,,,,,,,,,,,,,,,,,,,,,,,,,,,,,,,,,,,,,,,,,,,,,,,,,,,,,,,,
,,,,,,,,,,,,,,,,,,,,,,,,,,,,,,,,,,,,,,,,,,,,,,,,,,,,,,,,,,,,,,,,,,,,,
,,,,,,,,,,,,,,,,,,,,,,,,,,,,,,,,,,,,,,,,,,,,,,,,,,,,,,,,,,,,,,,,,,,,,
,,,,,,,,,,,,,,,,,,,,,,,,,,,,,,,,,,,,,,,,,,,,,,,,,,,,,,,,,,,,,,,,,,,,,
,,,,,,,,,,,,,,,,,,,,,,,,,,,,,,,,,,,,,,,,,,,,,,,,,,,,,,,,,,,,,,,,,,,,,
,,,,,,,,,,,,,,,,,,,,,,,,,,,,,,,,,,,,,,,,,,,,,,,,,,,,,,,,,,,,,,,,,,,,,
,,,,,,,,,,,,,,,,,,,,,,,,,,,,,,,,,,,,,,,,,,,,,,,,,,,,,,,,,,,,,,,,,,,,,
,,,,,,,,,,,,,,,,,,,,,,,,,,,,,,,,,,,,,,,,,,,,,,,,,,,,,,,,,,,,,,,,,,,,,
,,,,,,,,,,,,,,,,,,,,,,,,,,,,,,,,,,,,,,,,,,,,,,,,,,,,,,,,,,,,,,,,,,,,,
,,,,,,,,,,,,,,,,,,,,,,,,,,,,,,,,,,,,,,,,,,,,,,,,,,,,,,,,,,,,,,,,,,,,,
,,,,,,,,,,,,,,,,,,,,,,,,,,,,,,,,,,,,,,,,,,,,,,,,,,,,,,,,,,,,,,,,,,,,,
,,,,,,,,,,,,,,,,,,,,,,,,,,,,,,,,,,,,,,,,,,,,,,,,,,,,,,,,,,,,,,,,,,,,,
,,,,,,,,,,,,,,,,,,,,,,,,,,,,,,,,,,,,,,,,,,,,,,,,,,,,,,,,,,,,,,,,,,,,,
,,,,,,,,,,,,,,,,,,,,,,,,,,,,,,,,,,,,,,,,,,,,,,,,,,,,,,,,,,,,,,,,,,,,,
,,,,,,,,,,,,,,,,,,,,,,,,,,,,,,,,,,,,,,,,,,,,,,,,,,,,,,,,,,,,,,,,,,,,,
,,,,,,,,,,,,,,,,,,,,,,,,,,,,,,,,,,,,,,,,,,,,,,,,,,,,,,,,,,,,,,,,,,,,,
,,,,,,,,,,,,,,,,,,,,,,,,,,,,,,,,,,,,,,,,,,,,,,,,,,,,,,,,,,,,,,,,,,,,,
,,,,,,,,,,,,,,,,,,,,,,,,,,,,,,,,,,,,,,,,,,,,,,,,,,,,,,,,,,,,,,,,,,,,,
,,,,,,,,,,,,,,,,,,,,,,,,,,,,,,,,,,,,,,,,,,,,,,,,,,,,,,,,,,,,,,,,,,,,,
,,,,,,,,,,,,,,,,,,,,,,,,,,,,,,,,,,,,,,,,,,,,,,,,,,,,,,,,,,,,,,,,,,,,,
,,,,,,,,,,,,,,,,,,,,,,,,,,,,,,,,,,,,,,,,,,,,,,,,,,,,,,,,,,,,,,,,,,,,,
,,,,,,,,,,,,,,,,,,,,,,,,,,,,,,,,,,,,,,,,,,,,,,,,,,,,,,,,,,,,,,,,,,,,,
,,,,,,,,,,,,,,,,,,,,,,,,,,,,,,,,,,,,,,,,,,,,,,,,,,,,,,,,,,,,,,,,,,,,,
,,,,,,,,,,,,,,,,,,,,,,,,,,,,,,,,,,,,,,,,,,,,,,,,,,,,,,,,,,,,,,,,,,,,,
,,,,,,,,,,,,,,,,,,,,,,,,,,,,,,,,,,,,,,,,,,,,,,,,,,,,,,,,,,,,,,,,,,,,,
,,,,,,,,,,,,,,,,,,,,,,,,,,,,,,,,,,,,,,,,,,,,,,,,,,,,,,,,,,,,,,,,,,,,,
,,,,,,,,,,,,,,,,,,,,,,,,,,,,,,,,,,,,,,,,,,,,,,,,,,,,,,,,,,,,,,,,,,,,,
,,,,,,,,,,,,,,,,,,,,,,,,,,,,,,,,,,,,,,,,,,,,,,,,,,,,,,,,,,,,,,,,,,,,,
,,,,,,,,,,,,,,,,,,,,,,,,,,,,,,,,,,,,,,,,,,,,,,,,,,,,,,,,,,,,,,,,,,,,,
,,,,,,,,,,,,,,,,,,,,,,,,,,,,,,,,,,,,,,,,,,,,,,,,,,,,,,,,,,,,,,,,,,,,,
,,,,,,,,,,,,,,,,,,,,,,,,,,,,,,,,,,,,,,,,,,,,,,,,,,,,,,,,,,,,,,,,,,,,,
,,,,,,,,,,,,,,,,,,,,,,,,,,,,,,,,,,,,,,,,,,,,,,,,,,,,,,,,,,,,,,,,,,,,,
,,,,,,,,,,,,,,,,,,,,,,,,,,,,,,,,,,,,,,,,,,,,,,,,,,,,,,,,,,,,,,,,,,,,,
,,,,,,,,,,,,,,,,,,,,,,,,,,,,,,,,,,,,,,,,,,,,,,,,,,,,,,,,,,,,,,,,,,,,,
,,,,,,,,,,,,,,,,,,,,,,,,,,,,,,,,,,,,,,,,,,,,,,,,,,,,,,,,,,,,,,,,,,,,,
,,,,,,,,,,,,,,,,,,,,,,,,,,,,,,,,,,,,,,,,,,,,,,,,,,,,,,,,,,,,,,,,,,,,,
,,,,,,,,,,,,,,,,,,,,,,,,,,,,,,,,,,,,,,,,,,,,,,,,,,,,,,,,,,,,,,,,,,,,,
,,,,,,,,,,,,,,,,,,,,,,,,,,,,,,,,,,,,,,,,,,,,,,,,,,,,,,,,,,,,,,,,,,,,,
,,,,,,,,,,,,,,,,,,,,,,,,,,,,,,,,,,,,,,,,,,,,,,,,,,,,,,,,,,,,,,,,,,,,,
,,,,,,,,,,,,,,,,,,,,,,,,,,,,,,,,,,,,,,,,,,,,,,,,,,,,,,,,,,,,,,,,,,,,,
,,,,,,,,,,,,,,,,,,,,,,,,,,,,,,,,,,,,,,,,,,,,,,,,,,,,,,,,,,,,,,,,,,,,,
,,,,,,,,,,,,,,,,,,,,,,,,,,,,,,,,,,,,,,,,,,,,,,,,,,,,,,,,,,,,,,,,,,,,,
,,,,,,,,,,,,,,,,,,,,,,,,,,,,,,,,,,,,,,,,,,,,,,,,,,,,,,,,,,,,,,,,,,,,,
,,,,,,,,,,,,,,,,,,,,,,,,,,,,,,,,,,,,,,,,,,,,,,,,,,,,,,,,,,,,,,,,,,,,,
,,,,,,,,,,,,,,,,,,,,,,,,,,,,,,,,,,,,,,,,,,,,,,,,,,,,,,,,,,,,,,,,,,,,,
,,,,,,,,,,,,,,,,,,,,,,,,,,,,,,,,,,,,,,,,,,,,,,,,,,,,,,,,,,,,,,,,,,,,,
,,,,,,,,,,,,,,,,,,,,,,,,,,,,,,,,,,,,,,,,,,,,,,,,,,,,,,,,,,,,,,,,,,,,,
,,,,,,,,,,,,,,,,,,,,,,,,,,,,,,,,,,,,,,,,,,,,,,,,,,,,,,,,,,,,,,,,,,,,,
,,,,,,,,,,,,,,,,,,,,,,,,,,,,,,,,,,,,,,,,,,,,,,,,,,,,,,,,,,,,,,,,,,,,,
,,,,,,,,,,,,,,,,,,,,,,,,,,,,,,,,,,,,,,,,,,,,,,,,,,,,,,,,,,,,,,,,,,,,,
,,,,,,,,,,,,,,,,,,,,,,,,,,,,,,,,,,,,,,,,,,,,,,,,,,,,,,,,,,,,,,,,,,,,,
,,,,,,,,,,,,,,,,,,,,,,,,,,,,,,,,,,,,,,,,,,,,,,,,,,,,,,,,,,,,,,,,,,,,,
,,,,,,,,,,,,,,,,,,,,,,,,,,,,,,,,,,,,,,,,,,,,,,,,,,,,,,,,,,,,,,,,,,,,,
,,,,,,,,,,,,,,,,,,,,,,,,,,,,,,,,,,,,,,,,,,,,,,,,,,,,,,,,,,,,,,,,,,,,,
,,,,,,,,,,,,,,,,,,,,,,,,,,,,,,,,,,,,,,,,,,,,,,,,,,,,,,,,,,,,,,,,,,,,,
,,,,,,,,,,,,,,,,,,,,,,,,,,,,,,,,,,,,,,,,,,,,,,,,,,,,,,,,,,,,,,,,,,,,,
,,,,,,,,,,,,,,,,,,,,,,,,,,,,,,,,,,,,,,,,,,,,,,,,,,,,,,,,,,,,,,,,,,,,,
,,,,,,,,,,,,,,,,,,,,,,,,,,,,,,,,,,,,,,,,,,,,,,,,,,,,,,,,,,,,,,,,,,,,,
,,,,,,,,,,,,,,,,,,,,,,,,,,,,,,,,,,,,,,,,,,,,,,,,,,,,,,,,,,,,,,,,,,,,,
,,,,,,,,,,,,,,,,,,,,,,,,,,,,,,,,,,,,,,,,,,,,,,,,,,,,,,,,,,,,,,,,,,,,,
,,,,,,,,,,,,,,,,,,,,,,,,,,,,,,,,,,,,,,,,,,,,,,,,,,,,,,,,,,,,,,,,,,,,,
,,,,,,,,,,,,,,,,,,,,,,,,,,,,,,,,,,,,,,,,,,,,,,,,,,,,,,,,,,,,,,,,,,,,,
,,,,,,,,,,,,,,,,,,,,,,,,,,,,,,,,,,,,,,,,,,,,,,,,,,,,,,,,,,,,,,,,,,,,,
,,,,,,,,,,,,,,,,,,,,,,,,,,,,,,,,,,,,,,,,,,,,,,,,,,,,,,,,,,,,,,,,,,,,,
,,,,,,,,,,,,,,,,,,,,,,,,,,,,,,,,,,,,,,,,,,,,,,,,,,,,,,,,,,,,,,,,,,,,,
,,,,,,,,,,,,,,,,,,,,,,,,,,,,,,,,,,,,,,,,,,,,,,,,,,,,,,,,,,,,,,,,,,,,,
,,,,,,,,,,,,,,,,,,,,,,,,,,,,,,,,,,,,,,,,,,,,,,,,,,,,,,,,,,,,,,,,,,,,,
,,,,,,,,,,,,,,,,,,,,,,,,,,,,,,,,,,,,,,,,,,,,,,,,,,,,,,,,,,,,,,,,,,,,,
,,,,,,,,,,,,,,,,,,,,,,,,,,,,,,,,,,,,,,,,,,,,,,,,,,,,,,,,,,,,,,,,,,,,,
,,,,,,,,,,,,,,,,,,,,,,,,,,,,,,,,,,,,,,,,,,,,,,,,,,,,,,,,,,,,,,,,,,,,,
,,,,,,,,,,,,,,,,,,,,,,,,,,,,,,,,,,,,,,,,,,,,,,,,,,,,,,,,,,,,,,,,,,,,,
,,,,,,,,,,,,,,,,,,,,,,,,,,,,,,,,,,,,,,,,,,,,,,,,,,,,,,,,,,,,,,,,,,,,,
,,,,,,,,,,,,,,,,,,,,,,,,,,,,,,,,,,,,,,,,,,,,,,,,,,,,,,,,,,,,,,,,,,,,,
,,,,,,,,,,,,,,,,,,,,,,,,,,,,,,,,,,,,,,,,,,,,,,,,,,,,,,,,,,,,,,,,,,,,,
,,,,,,,,,,,,,,,,,,,,,,,,,,,,,,,,,,,,,,,,,,,,,,,,,,,,,,,,,,,,,,,,,,,,,
,,,,,,,,,,,,,,,,,,,,,,,,,,,,,,,,,,,,,,,,,,,,,,,,,,,,,,,,,,,,,,,,,,,,,
,,,,,,,,,,,,,,,,,,,,,,,,,,,,,,,,,,,,,,,,,,,,,,,,,,,,,,,,,,,,,,,,,,,,,
,,,,,,,,,,,,,,,,,,,,,,,,,,,,,,,,,,,,,,,,,,,,,,,,,,,,,,,,,,,,,,,,,,,,,
,,,,,,,,,,,,,,,,,,,,,,,,,,,,,,,,,,,,,,,,,,,,,,,,,,,,,,,,,,,,,,,,,,,,,
,,,,,,,,,,,,,,,,,,,,,,,,,,,,,,,,,,,,,,,,,,,,,,,,,,,,,,,,,,,,,,,,,,,,,
,,,,,,,,,,,,,,,,,,,,,,,,,,,,,,,,,,,,,,,,,,,,,,,,,,,,,,,,,,,,,,,,,,,,,
,,,,,,,,,,,,,,,,,,,,,,,,,,,,,,,,,,,,,,,,,,,,,,,,,,,,,,,,,,,,,,,,,,,,,
,,,,,,,,,,,,,,,,,,,,,,,,,,,,,,,,,,,,,,,,,,,,,,,,,,,,,,,,,,,,,,,,,,,,,
,,,,,,,,,,,,,,,,,,,,,,,,,,,,,,,,,,,,,,,,,,,,,,,,,,,,,,,,,,,,,,,,,,,,,
,,,,,,,,,,,,,,,,,,,,,,,,,,,,,,,,,,,,,,,,,,,,,,,,,,,,,,,,,,,,,,,,,,,,,
,,,,,,,,,,,,,,,,,,,,,,,,,,,,,,,,,,,,,,,,,,,,,,,,,,,,,,,,,,,,,,,,,,,,,
,,,,,,,,,,,,,,,,,,,,,,,,,,,,,,,,,,,,,,,,,,,,,,,,,,,,,,,,,,,,,,,,,,,,,
,,,,,,,,,,,,,,,,,,,,,,,,,,,,,,,,,,,,,,,,,,,,,,,,,,,,,,,,,,,,,,,,,,,,,
,,,,,,,,,,,,,,,,,,,,,,,,,,,,,,,,,,,,,,,,,,,,,,,,,,,,,,,,,,,,,,,,,,,,,
,,,,,,,,,,,,,,,,,,,,,,,,,,,,,,,,,,,,,,,,,,,,,,,,,,,,,,,,,,,,,,,,,,,,,
,,,,,,,,,,,,,,,,,,,,,,,,,,,,,,,,,,,,,,,,,,,,,,,,,,,,,,,,,,,,,,,,,,,,,
,,,,,,,,,,,,,,,,,,,,,,,,,,,,,,,,,,,,,,,,,,,,,,,,,,,,,,,,,,,,,,,,,,,,,
,,,,,,,,,,,,,,,,,,,,,,,,,,,,,,,,,,,,,,,,,,,,,,,,,,,,,,,,,,,,,,,,,,,,,
,,,,,,,,,,,,,,,,,,,,,,,,,,,,,,,,,,,,,,,,,,,,,,,,,,,,,,,,,,,,,,,,,,,,,
,,,,,,,,,,,,,,,,,,,,,,,,,,,,,,,,,,,,,,,,,,,,,,,,,,,,,,,,,,,,,,,,,,,,,
,,,,,,,,,,,,,,,,,,,,,,,,,,,,,,,,,,,,,,,,,,,,,,,,,,,,,,,,,,,,,,,,,,,,,
,,,,,,,,,,,,,,,,,,,,,,,,,,,,,,,,,,,,,,,,,,,,,,,,,,,,,,,,,,,,,,,,,,,,,
,,,,,,,,,,,,,,,,,,,,,,,,,,,,,,,,,,,,,,,,,,,,,,,,,,,,,,,,,,,,,,,,,,,,,
,,,,,,,,,,,,,,,,,,,,,,,,,,,,,,,,,,,,,,,,,,,,,,,,,,,,,,,,,,,,,,,,,,,,,
,,,,,,,,,,,,,,,,,,,,,,,,,,,,,,,,,,,,,,,,,,,,,,,,,,,,,,,,,,,,,,,,,,,,,
,,,,,,,,,,,,,,,,,,,,,,,,,,,,,,,,,,,,,,,,,,,,,,,,,,,,,,,,,,,,,,,,,,,,,
,,,,,,,,,,,,,,,,,,,,,,,,,,,,,,,,,,,,,,,,,,,,,,,,,,,,,,,,,,,,,,,,,,,,,
,,,,,,,,,,,,,,,,,,,,,,,,,,,,,,,,,,,,,,,,,,,,,,,,,,,,,,,,,,,,,,,,,,,,,
,,,,,,,,,,,,,,,,,,,,,,,,,,,,,,,,,,,,,,,,,,,,,,,,,,,,,,,,,,,,,,,,,,,,,
,,,,,,,,,,,,,,,,,,,,,,,,,,,,,,,,,,,,,,,,,,,,,,,,,,,,,,,,,,,,,,,,,,,,,
,,,,,,,,,,,,,,,,,,,,,,,,,,,,,,,,,,,,,,,,,,,,,,,,,,,,,,,,,,,,,,,,,,,,,
,,,,,,,,,,,,,,,,,,,,,,,,,,,,,,,,,,,,,,,,,,,,,,,,,,,,,,,,,,,,,,,,,,,,,
,,,,,,,,,,,,,,,,,,,,,,,,,,,,,,,,,,,,,,,,,,,,,,,,,,,,,,,,,,,,,,,,,,,,,
,,,,,,,,,,,,,,,,,,,,,,,,,,,,,,,,,,,,,,,,,,,,,,,,,,,,,,,,,,,,,,,,,,,,,
,,,,,,,,,,,,,,,,,,,,,,,,,,,,,,,,,,,,,,,,,,,,,,,,,,,,,,,,,,,,,,,,,,,,,
,,,,,,,,,,,,,,,,,,,,,,,,,,,,,,,,,,,,,,,,,,,,,,,,,,,,,,,,,,,,,,,,,,,,,
,,,,,,,,,,,,,,,,,,,,,,,,,,,,,,,,,,,,,,,,,,,,,,,,,,,,,,,,,,,,,,,,,,,,,
,,,,,,,,,,,,,,,,,,,,,,,,,,,,,,,,,,,,,,,,,,,,,,,,,,,,,,,,,,,,,,,,,,,,,
,,,,,,,,,,,,,,,,,,,,,,,,,,,,,,,,,,,,,,,,,,,,,,,,,,,,,,,,,,,,,,,,,,,,,
,,,,,,,,,,,,,,,,,,,,,,,,,,,,,,,,,,,,,,,,,,,,,,,,,,,,,,,,,,,,,,,,,,,,,
,,,,,,,,,,,,,,,,,,,,,,,,,,,,,,,,,,,,,,,,,,,,,,,,,,,,,,,,,,,,,,,,,,,,,
,,,,,,,,,,,,,,,,,,,,,,,,,,,,,,,,,,,,,,,,,,,,,,,,,,,,,,,,,,,,,,,,,,,,,
,,,,,,,,,,,,,,,,,,,,,,,,,,,,,,,,,,,,,,,,,,,,,,,,,,,,,,,,,,,,,,,,,,,,,
,,,,,,,,,,,,,,,,,,,,,,,,,,,,,,,,,,,,,,,,,,,,,,,,,,,,,,,,,,,,,,,,,,,,,
,,,,,,,,,,,,,,,,,,,,,,,,,,,,,,,,,,,,,,,,,,,,,,,,,,,,,,,,,,,,,,,,,,,,,
,,,,,,,,,,,,,,,,,,,,,,,,,,,,,,,,,,,,,,,,,,,,,,,,,,,,,,,,,,,,,,,,,,,,,
,,,,,,,,,,,,,,,,,,,,,,,,,,,,,,,,,,,,,,,,,,,,,,,,,,,,,,,,,,,,,,,,,,,,,
,,,,,,,,,,,,,,,,,,,,,,,,,,,,,,,,,,,,,,,,,,,,,,,,,,,,,,,,,,,,,,,,,,,,,
,,,,,,,,,,,,,,,,,,,,,,,,,,,,,,,,,,,,,,,,,,,,,,,,,,,,,,,,,,,,,,,,,,,,,
,,,,,,,,,,,,,,,,,,,,,,,,,,,,,,,,,,,,,,,,,,,,,,,,,,,,,,,,,,,,,,,,,,,,,
,,,,,,,,,,,,,,,,,,,,,,,,,,,,,,,,,,,,,,,,,,,,,,,,,,,,,,,,,,,,,,,,,,,,,
,,,,,,,,,,,,,,,,,,,,,,,,,,,,,,,,,,,,,,,,,,,,,,,,,,,,,,,,,,,,,,,,,,,,,
,,,,,,,,,,,,,,,,,,,,,,,,,,,,,,,,,,,,,,,,,,,,,,,,,,,,,,,,,,,,,,,,,,,,,
,,,,,,,,,,,,,,,,,,,,,,,,,,,,,,,,,,,,,,,,,,,,,,,,,,,,,,,,,,,,,,,,,,,,,
,,,,,,,,,,,,,,,,,,,,,,,,,,,,,,,,,,,,,,,,,,,,,,,,,,,,,,,,,,,,,,,,,,,,,
,,,,,,,,,,,,,,,,,,,,,,,,,,,,,,,,,,,,,,,,,,,,,,,,,,,,,,,,,,,,,,,,,,,,,
,,,,,,,,,,,,,,,,,,,,,,,,,,,,,,,,,,,,,,,,,,,,,,,,,,,,,,,,,,,,,,,,,,,,,
,,,,,,,,,,,,,,,,,,,,,,,,,,,,,,,,,,,,,,,,,,,,,,,,,,,,,,,,,,,,,,,,,,,,,
,,,,,,,,,,,,,,,,,,,,,,,,,,,,,,,,,,,,,,,,,,,,,,,,,,,,,,,,,,,,,,,,,,,,,
,,,,,,,,,,,,,,,,,,,,,,,,,,,,,,,,,,,,,,,,,,,,,,,,,,,,,,,,,,,,,,,,,,,,,
,,,,,,,,,,,,,,,,,,,,,,,,,,,,,,,,,,,,,,,,,,,,,,,,,,,,,,,,,,,,,,,,,,,,,
,,,,,,,,,,,,,,,,,,,,,,,,,,,,,,,,,,,,,,,,,,,,,,,,,,,,,,,,,,,,,,,,,,,,,
,,,,,,,,,,,,,,,,,,,,,,,,,,,,,,,,,,,,,,,,,,,,,,,,,,,,,,,,,,,,,,,,,,,,,
,,,,,,,,,,,,,,,,,,,,,,,,,,,,,,,,,,,,,,,,,,,,,,,,,,,,,,,,,,,,,,,,,,,,,
,,,,,,,,,,,,,,,,,,,,,,,,,,,,,,,,,,,,,,,,,,,,,,,,,,,,,,,,,,,,,,,,,,,,,
,,,,,,,,,,,,,,,,,,,,,,,,,,,,,,,,,,,,,,,,,,,,,,,,,,,,,,,,,,,,,,,,,,,,,
,,,,,,,,,,,,,,,,,,,,,,,,,,,,,,,,,,,,,,,,,,,,,,,,,,,,,,,,,,,,,,,,,,,,,
,,,,,,,,,,,,,,,,,,,,,,,,,,,,,,,,,,,,,,,,,,,,,,,,,,,,,,,,,,,,,,,,,,,,,
,,,,,,,,,,,,,,,,,,,,,,,,,,,,,,,,,,,,,,,,,,,,,,,,,,,,,,,,,,,,,,,,,,,,,
,,,,,,,,,,,,,,,,,,,,,,,,,,,,,,,,,,,,,,,,,,,,,,,,,,,,,,,,,,,,,,,,,,,,,
,,,,,,,,,,,,,,,,,,,,,,,,,,,,,,,,,,,,,,,,,,,,,,,,,,,,,,,,,,,,,,,,,,,,,
,,,,,,,,,,,,,,,,,,,,,,,,,,,,,,,,,,,,,,,,,,,,,,,,,,,,,,,,,,,,,,,,,,,,,
,,,,,,,,,,,,,,,,,,,,,,,,,,,,,,,,,,,,,,,,,,,,,,,,,,,,,,,,,,,,,,,,,,,,,
,,,,,,,,,,,,,,,,,,,,,,,,,,,,,,,,,,,,,,,,,,,,,,,,,,,,,,,,,,,,,,,,,,,,,
,,,,,,,,,,,,,,,,,,,,,,,,,,,,,,,,,,,,,,,,,,,,,,,,,,,,,,,,,,,,,,,,,,,,,
,,,,,,,,,,,,,,,,,,,,,,,,,,,,,,,,,,,,,,,,,,,,,,,,,,,,,,,,,,,,,,,,,,,,,
,,,,,,,,,,,,,,,,,,,,,,,,,,,,,,,,,,,,,,,,,,,,,,,,,,,,,,,,,,,,,,,,,,,,,
,,,,,,,,,,,,,,,,,,,,,,,,,,,,,,,,,,,,,,,,,,,,,,,,,,,,,,,,,,,,,,,,,,,,,
,,,,,,,,,,,,,,,,,,,,,,,,,,,,,,,,,,,,,,,,,,,,,,,,,,,,,,,,,,,,,,,,,,,,,
,,,,,,,,,,,,,,,,,,,,,,,,,,,,,,,,,,,,,,,,,,,,,,,,,,,,,,,,,,,,,,,,,,,,,
,,,,,,,,,,,,,,,,,,,,,,,,,,,,,,,,,,,,,,,,,,,,,,,,,,,,,,,,,,,,,,,,,,,,,
,,,,,,,,,,,,,,,,,,,,,,,,,,,,,,,,,,,,,,,,,,,,,,,,,,,,,,,,,,,,,,,,,,,,,
,,,,,,,,,,,,,,,,,,,,,,,,,,,,,,,,,,,,,,,,,,,,,,,,,,,,,,,,,,,,,,,,,,,,,
,,,,,,,,,,,,,,,,,,,,,,,,,,,,,,,,,,,,,,,,,,,,,,,,,,,,,,,,,,,,,,,,,,,,,
,,,,,,,,,,,,,,,,,,,,,,,,,,,,,,,,,,,,,,,,,,,,,,,,,,,,,,,,,,,,,,,,,,,,,
,,,,,,,,,,,,,,,,,,,,,,,,,,,,,,,,,,,,,,,,,,,,,,,,,,,,,,,,,,,,,,,,,,,,,
,,,,,,,,,,,,,,,,,,,,,,,,,,,,,,,,,,,,,,,,,,,,,,,,,,,,,,,,,,,,,,,,,,,,,
,,,,,,,,,,,,,,,,,,,,,,,,,,,,,,,,,,,,,,,,,,,,,,,,,,,,,,,,,,,,,,,,,,,,,
,,,,,,,,,,,,,,,,,,,,,,,,,,,,,,,,,,,,,,,,,,,,,,,,,,,,,,,,,,,,,,,,,,,,,
,,,,,,,,,,,,,,,,,,,,,,,,,,,,,,,,,,,,,,,,,,,,,,,,,,,,,,,,,,,,,,,,,,,,,
,,,,,,,,,,,,,,,,,,,,,,,,,,,,,,,,,,,,,,,,,,,,,,,,,,,,,,,,,,,,,,,,,,,,,
,,,,,,,,,,,,,,,,,,,,,,,,,,,,,,,,,,,,,,,,,,,,,,,,,,,,,,,,,,,,,,,,,,,,,
,,,,,,,,,,,,,,,,,,,,,,,,,,,,,,,,,,,,,,,,,,,,,,,,,,,,,,,,,,,,,,,,,,,,,
,,,,,,,,,,,,,,,,,,,,,,,,,,,,,,,,,,,,,,,,,,,,,,,,,,,,,,,,,,,,,,,,,,,,,
,,,,,,,,,,,,,,,,,,,,,,,,,,,,,,,,,,,,,,,,,,,,,,,,,,,,,,,,,,,,,,,,,,,,,
,,,,,,,,,,,,,,,,,,,,,,,,,,,,,,,,,,,,,,,,,,,,,,,,,,,,,,,,,,,,,,,,,,,,,
,,,,,,,,,,,,,,,,,,,,,,,,,,,,,,,,,,,,,,,,,,,,,,,,,,,,,,,,,,,,,,,,,,,,,
,,,,,,,,,,,,,,,,,,,,,,,,,,,,,,,,,,,,,,,,,,,,,,,,,,,,,,,,,,,,,,,,,,,,,
,,,,,,,,,,,,,,,,,,,,,,,,,,,,,,,,,,,,,,,,,,,,,,,,,,,,,,,,,,,,,,,,,,,,,
,,,,,,,,,,,,,,,,,,,,,,,,,,,,,,,,,,,,,,,,,,,,,,,,,,,,,,,,,,,,,,,,,,,,,
,,,,,,,,,,,,,,,,,,,,,,,,,,,,,,,,,,,,,,,,,,,,,,,,,,,,,,,,,,,,,,,,,,,,,
,,,,,,,,,,,,,,,,,,,,,,,,,,,,,,,,,,,,,,,,,,,,,,,,,,,,,,,,,,,,,,,,,,,,,
,,,,,,,,,,,,,,,,,,,,,,,,,,,,,,,,,,,,,,,,,,,,,,,,,,,,,,,,,,,,,,,,,,,,,
,,,,,,,,,,,,,,,,,,,,,,,,,,,,,,,,,,,,,,,,,,,,,,,,,,,,,,,,,,,,,,,,,,,,,
,,,,,,,,,,,,,,,,,,,,,,,,,,,,,,,,,,,,,,,,,,,,,,,,,,,,,,,,,,,,,,,,,,,,,
,,,,,,,,,,,,,,,,,,,,,,,,,,,,,,,,,,,,,,,,,,,,,,,,,,,,,,,,,,,,,,,,,,,,,
,,,,,,,,,,,,,,,,,,,,,,,,,,,,,,,,,,,,,,,,,,,,,,,,,,,,,,,,,,,,,,,,,,,,,
,,,,,,,,,,,,,,,,,,,,,,,,,,,,,,,,,,,,,,,,,,,,,,,,,,,,,,,,,,,,,,,,,,,,,
,,,,,,,,,,,,,,,,,,,,,,,,,,,,,,,,,,,,,,,,,,,,,,,,,,,,,,,,,,,,,,,,,,,,,
,,,,,,,,,,,,,,,,,,,,,,,,,,,,,,,,,,,,,,,,,,,,,,,,,,,,,,,,,,,,,,,,,,,,,
,,,,,,,,,,,,,,,,,,,,,,,,,,,,,,,,,,,,,,,,,,,,,,,,,,,,,,,,,,,,,,,,,,,,,
,,,,,,,,,,,,,,,,,,,,,,,,,,,,,,,,,,,,,,,,,,,,,,,,,,,,,,,,,,,,,,,,,,,,,
,,,,,,,,,,,,,,,,,,,,,,,,,,,,,,,,,,,,,,,,,,,,,,,,,,,,,,,,,,,,,,,,,,,,,
,,,,,,,,,,,,,,,,,,,,,,,,,,,,,,,,,,,,,,,,,,,,,,,,,,,,,,,,,,,,,,,,,,,,,
,,,,,,,,,,,,,,,,,,,,,,,,,,,,,,,,,,,,,,,,,,,,,,,,,,,,,,,,,,,,,,,,,,,,,
,,,,,,,,,,,,,,,,,,,,,,,,,,,,,,,,,,,,,,,,,,,,,,,,,,,,,,,,,,,,,,,,,,,,,
,,,,,,,,,,,,,,,,,,,,,,,,,,,,,,,,,,,,,,,,,,,,,,,,,,,,,,,,,,,,,,,,,,,,,
,,,,,,,,,,,,,,,,,,,,,,,,,,,,,,,,,,,,,,,,,,,,,,,,,,,,,,,,,,,,,,,,,,,,,
,,,,,,,,,,,,,,,,,,,,,,,,,,,,,,,,,,,,,,,,,,,,,,,,,,,,,,,,,,,,,,,,,,,,,
,,,,,,,,,,,,,,,,,,,,,,,,,,,,,,,,,,,,,,,,,,,,,,,,,,,,,,,,,,,,,,,,,,,,,
,,,,,,,,,,,,,,,,,,,,,,,,,,,,,,,,,,,,,,,,,,,,,,,,,,,,,,,,,,,,,,,,,,,,,
,,,,,,,,,,,,,,,,,,,,,,,,,,,,,,,,,,,,,,,,,,,,,,,,,,,,,,,,,,,,,,,,,,,,,
,,,,,,,,,,,,,,,,,,,,,,,,,,,,,,,,,,,,,,,,,,,,,,,,,,,,,,,,,,,,,,,,,,,,,
,,,,,,,,,,,,,,,,,,,,,,,,,,,,,,,,,,,,,,,,,,,,,,,,,,,,,,,,,,,,,,,,,,,,,
,,,,,,,,,,,,,,,,,,,,,,,,,,,,,,,,,,,,,,,,,,,,,,,,,,,,,,,,,,,,,,,,,,,,,
,,,,,,,,,,,,,,,,,,,,,,,,,,,,,,,,,,,,,,,,,,,,,,,,,,,,,,,,,,,,,,,,,,,,,
,,,,,,,,,,,,,,,,,,,,,,,,,,,,,,,,,,,,,,,,,,,,,,,,,,,,,,,,,,,,,,,,,,,,,
,,,,,,,,,,,,,,,,,,,,,,,,,,,,,,,,,,,,,,,,,,,,,,,,,,,,,,,,,,,,,,,,,,,,,
,,,,,,,,,,,,,,,,,,,,,,,,,,,,,,,,,,,,,,,,,,,,,,,,,,,,,,,,,,,,,,,,,,,,,
,,,,,,,,,,,,,,,,,,,,,,,,,,,,,,,,,,,,,,,,,,,,,,,,,,,,,,,,,,,,,,,,,,,,,
,,,,,,,,,,,,,,,,,,,,,,,,,,,,,,,,,,,,,,,,,,,,,,,,,,,,,,,,,,,,,,,,,,,,,
,,,,,,,,,,,,,,,,,,,,,,,,,,,,,,,,,,,,,,,,,,,,,,,,,,,,,,,,,,,,,,,,,,,,,
,,,,,,,,,,,,,,,,,,,,,,,,,,,,,,,,,,,,,,,,,,,,,,,,,,,,,,,,,,,,,,,,,,,,,
,,,,,,,,,,,,,,,,,,,,,,,,,,,,,,,,,,,,,,,,,,,,,,,,,,,,,,,,,,,,,,,,,,,,,
,,,,,,,,,,,,,,,,,,,,,,,,,,,,,,,,,,,,,,,,,,,,,,,,,,,,,,,,,,,,,,,,,,,,,
,,,,,,,,,,,,,,,,,,,,,,,,,,,,,,,,,,,,,,,,,,,,,,,,,,,,,,,,,,,,,,,,,,,,,
,,,,,,,,,,,,,,,,,,,,,,,,,,,,,,,,,,,,,,,,,,,,,,,,,,,,,,,,,,,,,,,,,,,,,
,,,,,,,,,,,,,,,,,,,,,,,,,,,,,,,,,,,,,,,,,,,,,,,,,,,,,,,,,,,,,,,,,,,,,
,,,,,,,,,,,,,,,,,,,,,,,,,,,,,,,,,,,,,,,,,,,,,,,,,,,,,,,,,,,,,,,,,,,,,
,,,,,,,,,,,,,,,,,,,,,,,,,,,,,,,,,,,,,,,,,,,,,,,,,,,,,,,,,,,,,,,,,,,,,
,,,,,,,,,,,,,,,,,,,,,,,,,,,,,,,,,,,,,,,,,,,,,,,,,,,,,,,,,,,,,,,,,,,,,
,,,,,,,,,,,,,,,,,,,,,,,,,,,,,,,,,,,,,,,,,,,,,,,,,,,,,,,,,,,,,,,,,,,,,
,,,,,,,,,,,,,,,,,,,,,,,,,,,,,,,,,,,,,,,,,,,,,,,,,,,,,,,,,,,,,,,,,,,,,
,,,,,,,,,,,,,,,,,,,,,,,,,,,,,,,,,,,,,,,,,,,,,,,,,,,,,,,,,,,,,,,,,,,,,
,,,,,,,,,,,,,,,,,,,,,,,,,,,,,,,,,,,,,,,,,,,,,,,,,,,,,,,,,,,,,,,,,,,,,
,,,,,,,,,,,,,,,,,,,,,,,,,,,,,,,,,,,,,,,,,,,,,,,,,,,,,,,,,,,,,,,,,,,,,
,,,,,,,,,,,,,,,,,,,,,,,,,,,,,,,,,,,,,,,,,,,,,,,,,,,,,,,,,,,,,,,,,,,,,
,,,,,,,,,,,,,,,,,,,,,,,,,,,,,,,,,,,,,,,,,,,,,,,,,,,,,,,,,,,,,,,,,,,,,
,,,,,,,,,,,,,,,,,,,,,,,,,,,,,,,,,,,,,,,,,,,,,,,,,,,,,,,,,,,,,,,,,,,,,
,,,,,,,,,,,,,,,,,,,,,,,,,,,,,,,,,,,,,,,,,,,,,,,,,,,,,,,,,,,,,,,,,,,,,
,,,,,,,,,,,,,,,,,,,,,,,,,,,,,,,,,,,,,,,,,,,,,,,,,,,,,,,,,,,,,,,,,,,,,
,,,,,,,,,,,,,,,,,,,,,,,,,,,,,,,,,,,,,,,,,,,,,,,,,,,,,,,,,,,,,,,,,,,,,
,,,,,,,,,,,,,,,,,,,,,,,,,,,,,,,,,,,,,,,,,,,,,,,,,,,,,,,,,,,,,,,,,,,,,
,,,,,,,,,,,,,,,,,,,,,,,,,,,,,,,,,,,,,,,,,,,,,,,,,,,,,,,,,,,,,,,,,,,,,
,,,,,,,,,,,,,,,,,,,,,,,,,,,,,,,,,,,,,,,,,,,,,,,,,,,,,,,,,,,,,,,,,,,,,
,,,,,,,,,,,,,,,,,,,,,,,,,,,,,,,,,,,,,,,,,,,,,,,,,,,,,,,,,,,,,,,,,,,,,
,,,,,,,,,,,,,,,,,,,,,,,,,,,,,,,,,,,,,,,,,,,,,,,,,,,,,,,,,,,,,,,,,,,,,
,,,,,,,,,,,,,,,,,,,,,,,,,,,,,,,,,,,,,,,,,,,,,,,,,,,,,,,,,,,,,,,,,,,,,
2025-08-23 8:50:58,Long Calls,,"MongoDB, Inc.",MDB,18.3,217.5,2025-08-26 0:00:00,3,2025-06-04 16:05:00,2025-08-05 16:11:16,219.06,2025-08-22 0:00:00,5,15,43,18.1,19.1,2025-08-29 0:00:00,0.1623,0.1764,2382015.682,,,,,,,,,,,,,,,,,,,,,,,,Mongodb Inc,219.06,3.35,220,208.65,370,140.94,1804476,3128059,17900340930,,1.44,54.34068834,0.5768676358,0.3665353248,-9.243070804,3.805146188,6,72,219.06,219.06,TRUE,2025-08-23,2025-08-23 16:06:46,0
2025-08-23 8:50:58,Long Calls,,Abercrombie & Fitch Co.,ANF,7.01,98,2025-08-27 0:00:00,1,2025-05-28 7:30:00,2025-08-01 8:03:35,98.46,2025-08-22 0:00:00,5,71,29,6.9,7.2,2025-08-29 0:00:00,0.1422,0.1231,2417448.058,,,,,,,,,,,,,,,,,,,,,,,,Abercrombie & Fitch Co,98.46,6.03,98.73,91.86,171.47,65.4,2743869,1504415,4690959274,9.7,1.54,50.90292524,1.82387772,4.945640588,6.627680312,5.814078452,6,80.2387772,98.46,98.46,TRUE,2025-08-23,2025-08-23 16:06:46,0
2025-08-23 8:50:58,Long Calls,,NVIDIA Corp.,NVDA,6.52,177.5,2025-08-27 0:00:00,3,2025-05-28 16:20:00,2025-07-30 17:05:27,177.99,2025-08-22 0:00:00,5,8222,34863,6.5,6.55,2025-08-29 0:00:00,0.0701,0.0739,194293098.3,,,,,,,,,,,,,,,,,,,,,,,,NVIDIA Corp,177.99,1.72,178.59,171.2,184.48,86.63,172789427,138323191,4342956000000,57.33,2.14,26.16687354,1.249171782,-1.36325852,2.587896254,3.116853021,6,74.49171782,177.99,177.99,TRUE,2025-08-23,2025-08-23 16:06:46,0
2025-08-23 8:50:58,Long Calls,,Snowflake,SNOW,12.41,195,2025-08-27 0:00:00,3,2025-05-21 16:05:00,2025-08-04 9:21:57,196.81,2025-08-22 0:00:00,5,1630,907,12.2,12.45,2025-08-29 0:00:00,0.1161,0.1481,4339388.299,,,,,,,,,,,,,,,,,,,,,,,,Snowflake Inc,196.81,1.08,199.91,191.24,229.27,107.13,3107867,5214015,65667230165,,1.22,39.64205553,0.5960602338,-1.140245128,-10.34121452,0.8454601353,6,72,196.81,196.81,TRUE,2025-08-23,2025-08-23 16:06:46,0
2025-08-23 8:50:58,Long Calls,,"Urban Outfitters, Inc",URBN,4.72,76,2025-08-27 0:00:00,3,2025-05-21 16:05:00,2025-08-10 20:42:05,76.98,2025-08-22 0:00:00,5,112,99,4.6,4.8,2025-08-29 0:00:00,0.1137,0.1271,2028216.431,,,,,,,,,,,,,,,,,,,,,,,,Urban Outfitters Inc,76.98,4.18,77.33,74.07,80.69,33.86,1486599,2278535,6900653000,16.13,1.44,39.46193035,0.6524363242,-0.7094028118,1.811929639,3.509479629,6,72,76.98,76.98,TRUE,2025-08-23,2025-08-23 16:06:46,0
2025-08-23 8:50:58,Long Calls,,Burlington Stores Inc,BURL,13.73,280,2025-08-28 0:00:00,1,2025-05-29 6:45:00,2025-08-14 16:15:51,280.84,2025-08-22 0:00:00,5,14,1,12.9,14.6,2025-09-05 0:00:00,0.0986,0.07,1090230.541,,,,,,,,,,,,,,,,,,,,,,,,Burlington Stores Inc,280.84,1.98,282.89,276.22,298.89,212.92,831499,1031109,17717254554,34.57,1.69,29.60664926,0.8064123192,0.2212547284,0.5117927061,0.6414621036,13,86,280.84,280.84,TRUE,2025-08-23,2025-08-23 16:06:46,0
2025-08-23 8:50:58,Long Calls,,Dollar General Corporation,DG,4.91,112,2025-08-28 0:00:00,1,2025-06-03 6:50:00,2025-07-31 7:27:38,112.4,2025-08-22 0:00:00,5,36,29,4.7,5.3,2025-08-29 0:00:00,0.0863,0.1137,3295366.987,,,,,,,,,,,,,,,,,,,,,,,,Dollar General Corp,112.4,-0.06,113.75,111.37,125.42,66.43,2428681,2696133,24735924535,21.44,0.31,24.62605602,0.9008016296,-0.3281014454,4.499814057,0.2586745161,6,72,112.4,112.4,TRUE,2025-08-23,2025-08-23 16:06:46,0
2025-08-23 8:50:58,Long Calls,,Marvell Technology Group Ltd.,MRVL,4.35,72,2025-08-28 0:00:00,3,2025-05-29 16:05:00,2025-08-04 9:21:44,73,2025-08-22 0:00:00,5,311,103,4.3,4.45,2025-08-29 0:00:00,0.1065,0.1326,18958793,,,,,,,,,,,,,,,,,,,,,,,,Marvell Technology Inc,73,2.51,74.73,70.68,127.48,47.09,14435874,11843620,62940592700,,1.83,44.23751124,1.218873453,-4.186901168,-1.630508018,2.326885338,6,74.18873453,73,73,TRUE,2025-08-23,2025-08-23 16:06:46,0
2025-08-23 8:50:58,Long Calls,,"Autodesk, Inc.",ADSK,9.3,290,2025-08-28 0:00:00,3,2025-05-22 16:01:00,2025-08-04 8:05:38,290.23,2025-08-22 0:00:00,5,43,14,8.8,9.8,2025-08-29 0:00:00,0.072,0.0328,1516769.804,,,,,,,,,,,,,,,,,,,,,,,,Autodesk Inc,290.23,1.46,291.3,285.28,326.55,232.67,1116927,2227759,62109222351,62.19,1.46,26.51836092,0.5013679666,1.220660552,-4.302954366,1.301919721,6,72,290.23,290.23,TRUE,2025-08-23,2025-08-23 16:06:46,0
2025-08-23 8:50:58,Long Calls,,"Affirm Holdings, Inc.",AFRM,5.91,79,2025-08-28 0:00:00,3,2025-05-08 16:05:00,2025-07-31 16:11:15,79.49,2025-08-22 0:00:00,4,625,295,5.8,6.05,2025-08-29 0:00:00,0.1453,0.1556,6364401.027,,,,,,,,,,,,,,,,,,,,,,,,Affirm Holdings Inc,79.49,6.71,80.41,74.15,82.53,30.02,8391529,4722605,25643465361,,3.63,58.43202995,1.776885638,0.9781504065,18.48263527,6.999596177,6,79.76885638,79.49,79.49,TRUE,2025-08-23,2025-08-23 16:06:46,0
2025-08-23 8:50:58,Long Calls,,ULTA Beauty,ULTA,24.09,525,2025-08-28 0:00:00,3,2025-05-29 16:05:00,2025-08-15 9:16:19,529.5,2025-08-22 0:00:00,5,43,5,20.8,22.7,2025-08-29 0:00:00,0.0808,0.0769,719527.0138,,,,,,,,,,,,,,,,,,,,,,,,Ulta Beauty Inc,529.5,1.79,534.09,526,534.1,309.01,624343,446845,23798700000,20.68,1.12,21.51503123,1.397224989,1.631477927,2.82551704,0.3163897467,6,75.97224989,529.5,529.5,TRUE,2025-08-23,2025-08-23 16:06:46,0
2025-08-23 8:50:58,Long Calls,,Dell Technologies,DELL,6.4,130,2025-08-28 0:00:00,3,2025-05-29 16:05:00,2025-08-18 19:50:29,130.84,2025-08-22 0:00:00,4,501,103,6.3,6.65,2025-08-29 0:00:00,0.0927,0.1214,5566136.717,,,,,,,,,,,,,,,,,,,,,,,,Dell Technologies Inc,130.84,2.38,132.05,128.12,147.66,66.25,3785951,4402805,88497766067,0,,38.04176615,0.8598952259,-5.380387619,-0.2895900015,1.54443151,6,72,130.84,130.84,TRUE,2025-08-23,2025-08-23 16:06:46,0
2025-08-23 8:50:58,Long Calls,,Signet Jewelers Ltd,SIG,5.9,87,2025-09-02 0:00:00,1,2025-06-03 6:50:00,2025-08-05 7:31:49,87.33,2025-08-22 0:00:00,5,25,5,5.8,6.2,2025-09-05 0:00:00,0.063,0.1334,1030175.39,,,,,,,,,,,,,,,,,,,,,,,,Signet Jewelers Ltd,87.33,6.03,88.07,81.94,106.28,45.55,1004837,819056,3593649661,93.19,1.41,42.41457496,1.226823319,6.525981947,3.032090609,4.561781609,13,88.26823319,87.33,87.33,TRUE,2025-08-23,2025-08-23 16:06:46,0
2025-08-23 8:50:58,Long Calls,,"Dollar Tree, Inc.",DLTR,5.25,113,2025-09-03 0:00:00,1,2025-06-04 6:30:00,2025-08-13 16:10:06,113.32,2025-08-22 0:00:00,4,80,99,5.25,5.5,2025-09-05 0:00:00,0.0507,0.091,3789377.163,,,,,,,,,,,,,,,,,,,,,,,,Dollar Tree Inc,113.32,0.65,113.87,111.97,118.06,60.49,2223752,2484088,23649396660,,0.88,16.63154093,0.8951985598,-0.1497929333,-0.9527139236,0.389794472,13,86,113.32,113.32,TRUE,2025-08-23,2025-08-23 16:06:46,0
2025-08-23 8:50:58,Long Calls,,Credo Technology Group Holding Ltd,CRDO,9.9,114,2025-09-03 0:00:00,3,2025-06-02 16:05:00,2025-08-13 9:17:53,114.04,2025-08-22 0:00:00,5,2,35,9.9,11,2025-09-05 0:00:00,0.0925,0.1987,4738845.818,,,,,,,,,,,,,,,,,,,,,,,,Credo Technology Group Holding Ltd,114.04,2.87,116.35,105.86,128.56,24.08,4815231,2358157,19574031029,395.9,2.59,66.88631831,2.041946741,-2.312831934,12.66548113,6.192382903,13,96,114.04,114.04,TRUE,2025-08-23,2025-08-23 16:06:46,0
2025-08-23 8:50:58,Long Calls,,Salesforce,CRM,11.4,247.5,2025-09-03 0:00:00,3,2025-05-28 16:02:00,2025-08-07 16:33:58,248.29,2025-08-22 0:00:00,5,146,25,11.15,11.5,2025-09-05 0:00:00,0.0502,0.0697,7355400.248,,,,,,,,,,,,,,,,,,,,,,,,Salesforce Inc,248.29,0.98,249.53,244.11,369,226.48,6694286,10737994,237365233581,38.8,1.37,25.24509893,0.6234205383,2.412968157,-7.736613281,1.021238506,13,86,248.29,248.29,TRUE,2025-08-23,2025-08-23 16:06:46,0
2025-08-23 8:50:58,Long Calls,,Hewlett Packard Enterprise,HPE,1.39,22,2025-09-03 0:00:00,3,2025-06-03 16:05:00,2025-08-13 8:29:28,22.45,2025-08-22 0:00:00,5,254,156,1.27,1.3,2025-09-05 0:00:00,0.061,0.0705,17762524.99,,,,,,,,,,,,,,,,,,,,,,,,Hewlett Packard Enterprise Co,22.45,2.84,22.69,21.84,24.66,11.97,18245308,15792920,29459227751,22.27,1.37,28.93447965,1.155284013,6.096408318,8.297153883,2.652034751,13,87.55284013,22.45,22.45,TRUE,2025-08-23,2025-08-23 16:06:46,0
2025-08-23 8:50:58,Long Calls,,Samsara Inc. ,IOT,2.75,34.5,2025-09-04 0:00:00,3,2025-06-05 16:10:00,2025-08-04 16:33:40,34.79,2025-08-22 0:00:00,4,6,42,2.9,3.1,2025-09-05 0:00:00,0.0884,0.1087,4884927.821,,,,,,,,,,,,,,,,,,,,,,,,Samsara Inc,34.79,5.97,34.99,32.55,61.9,31.4,5980429,7183206,19807193003,,1.62,45.01864995,0.8325570783,3.75782881,-10.77199282,6.261453879,13,86,34.79,34.79,TRUE,2025-08-23,2025-08-23 16:06:46,0
2025-08-23 8:50:58,Long Calls,,Broadcom Inc.,AVGO,14.3,292.5,2025-09-04 0:00:00,3,2025-06-05 16:15:00,2025-08-04 8:05:55,294,2025-08-22 0:00:00,4,181,50,14.05,14.35,2025-09-05 0:00:00,0.0504,0.1128,20481617.85,,,,,,,,,,,,,,,,,,,,,,,,Broadcom Inc,294,1.52,300.09,289.01,317.35,134.91,16301330,12396384,1382820180000,110.5,0.95,29.22615877,1.31500686,-4.028203956,1.316424288,0.7712082262,13,89.1500686,294,294,TRUE,2025-08-23,2025-08-23 16:06:46,0
2025-08-23 8:50:58,Long Calls,,"UiPath, Inc.",PATH,0.81,11,2025-09-04 0:00:00,3,2025-05-29 16:10:00,2025-08-07 16:39:24,11.17,2025-08-22 0:00:00,5,363,38,0.78,0.82,2025-09-05 0:00:00,0.0971,0.1108,11724221.82,,,,,,,,,,,,,,,,,,,,,,,,UiPath Inc,11.17,2.62,11.24,10.88,15.93,9.38,10224373,10109430,5976383436,,1.03,31.98955873,1.011369879,1.916058394,-8.29228243,2.1023766,13,86.11369879,11.17,11.17,TRUE,2025-08-23,2025-08-23 16:06:46,0
2025-08-23 8:50:58,Long Calls,,Planet Labs PBC ,PL,1.09,6,2025-09-08 0:00:00,1,2004-11-02 7:00:10,2025-08-07 9:40:58,6.8,2025-08-22 0:00:00,5,125,10,1.1,1.2,2025-09-12 0:00:00,,0.192,7584385.943,,,,,,,,,,,,,,,,,,,,,,,,Planet Labs PBC,6.8,5.1,6.84,6.37,7.72,1.76,5216290,4692769,2063329497,,1.8,47.80312539,1.111559082,0.2949852507,2.255639098,4.776579353,20,91.11559082,6.8,6.8,TRUE,2025-08-23,2025-08-23 16:06:46,0
2025-08-23 8:50:58,Long Calls,,"Casey’s General Stores, Inc.",CASY,22.2,500,2025-09-08 0:00:00,3,2025-06-09 16:30:00,2025-08-18 17:35:44,503.26,2025-08-22 0:00:00,5,15,8,21.8,23.7,2025-09-19 0:00:00,,0.0729,375084.0191,,,,,,,,,,,,,,,,,,,,,,,,Caseys General Stores Inc,503.26,-1.36,510.52,498.87,531.24,350.52,301761,206850,18711695325,34.39,0.69,13.6231022,1.458839739,-0.9018588532,-4.59706925,-1.422079448,27,94.58839739,503.26,503.26,TRUE,2025-08-23,2025-08-23 16:06:46,0
2025-08-23 8:50:58,Long Calls,,"AeroVironment, Inc",AVAV,20.7,237.5,2025-09-08 0:00:00,3,2025-06-24 16:05:00,,239.84,2025-08-22 0:00:00,5,1,3,18.3,19,2025-09-19 0:00:00,,0.138,1113782.418,,,,,,,,,,,,,,,,,,,,,,,,"AeroVironment, Inc.",239.84,2.03,244.7,233.93,295.9,102.25,806357,898872,11975750000,154.91,0.99,34.64516454,0.8970765582,-2.760997365,-12.10788625,2.246664109,27,90,239.84,239.84,TRUE,2025-08-23,2025-08-23 16:06:46,0
2025-08-23 8:50:58,Long Calls,,"SailPoint, Inc.",SAIL,1.88,20,2025-09-09 0:00:00,1,2025-06-11 7:00:00,2025-08-12 9:34:18,20.5,2025-08-22 0:00:00,5,959,17,1.85,2.15,2025-09-19 0:00:00,,0.0792,,,,,,,,,,,,,,,,,,,,,,,,,Sailpoint Inc,20.5,5.07,20.5,19.49,26.35,15.05,1315238,3122242,11410072450,,,51.78727859,0.4212479366,0.1465559355,1.28458498,4.538500765,27,90,20.5,20.5,TRUE,2025-08-23,2025-08-23 16:06:46,0
2025-08-23 8:50:58,Long Calls,,"Synopsys, Inc.",SNPS,33.9,595,2025-09-09 0:00:00,3,2025-05-28 16:05:00,2025-07-30 16:19:27,606.52,2025-08-22 0:00:00,4,8,2,31.7,35.8,2025-09-19 0:00:00,,0.0491,1508489.776,,,,,,,,,,,,,,,,,,,,,,,,Synopsys Inc,606.52,1.4,612.98,597.48,651.65,365.74,863358,956156,112232708538,43.79,1.15,33.74270246,0.9029467995,-1.843310514,0.826198986,1.026051036,27,90,606.52,606.52,TRUE,2025-08-23,2025-08-23 16:06:46,0
2025-08-23 8:50:58,Long Calls,,"Dave & Buster's Entertainment, Inc.",PLAY,2.17,25,2025-09-10 0:00:00,3,2025-06-10 16:05:00,,25.34,2025-08-22 0:00:00,4,76,5,2.4,2.5,2025-09-19 0:00:00,,0.1076,1083317.487,,,,,,,,,,,,,,,,,,,,,,,,Dave & Buster's Entertainment Inc,25.34,5.67,25.55,23.96,43.73,15.08,887562,690977,876157000,25.04,2.14,65.77031574,1.284502957,-0.9382329945,-22.83800244,5.759599332,27,92.84502957,25.34,25.34,TRUE,2025-08-23,2025-08-23 16:06:46,0
2025-08-23 8:50:58,Long Calls,,Adobe Inc.,ADBE,18.42,360,2025-09-11 0:00:00,3,2025-06-12 16:05:00,2025-08-21 8:54:37,362.09,2025-08-22 0:00:00,4,1088,36,18.85,19.25,2025-09-12 0:00:00,,0.1159,3804752.481,,,,,,,,,,,,,,,,,,,,,,,,Adobe Inc,362.09,2.45,362.65,354,587.75,330.04,3058636,4366242,153598540237,23.17,1.51,25.1135027,0.7005191192,2.040298718,-2.333171495,1.767847105,20,90,362.09,362.09,TRUE,2025-08-23,2025-08-23 16:06:46,0
2025-08-23 8:50:58,Long Calls,,Kroger Co.,KR,2.6,69,2025-09-12 0:00:00,1,2025-06-20 8:00:00,,69.56,2025-08-22 0:00:00,5,13,24,2.65,2.75,2025-09-19 0:00:00,,0.0559,7372139.45,,,,,,,,,,,,,,,,,,,,,,,,Kroger Co,69.56,-2.6,71.9,68.82,74.9,50.69,6983633,4588525,45989995833,18.91,0.59,24.41141255,1.52197776,-0.1865403932,-2.658830115,-2.590673575,27,95.2197776,69.56,69.56,TRUE,2025-08-23,2025-08-23 16:06:46,0
2025-08-23 8:50:58,Long Calls,,Oracle Corp.,ORCL,14.75,235,2025-09-15 0:00:00,3,2025-06-11 16:05:00,,236.37,2025-08-22 0:00:00,5,149,64,14.9,15.15,2025-09-19 0:00:00,,0.0993,11877880.22,,,,,,,,,,,,,,,,,,,,,,,,Oracle Corp,236.37,1.37,238.5,231.46,260.87,118.86,9343637,9012112,663923606125,54.44,1.43,33.33951918,1.036786605,-4.797003383,-3.569680157,0.9869264291,27,90.36786605,236.37,236.37,TRUE,2025-08-23,2025-08-23 16:06:46,0
2025-08-23 8:50:58,Long Calls,,Ferguson plc,FERG,13,230,2025-09-16 0:00:00,1,2025-06-03 6:45:00,2025-08-18 0:00:00,233.62,2025-08-22 0:00:00,5,112,3,10.2,11.8,2025-09-19 0:00:00,,0.0947,1484238.638,,,,,,,,,,,,,,,,,,,,,,,,Ferguson Enterprises Inc,233.62,1.95,238.16,229.29,238.16,146,1664462,1359748,46065424257,29.16,1.13,17.833556,1.224095935,1.020496411,4.262060963,1.888438222,27,92.24095935,233.62,233.62,TRUE,2025-08-23,2025-08-23 16:06:46,0