Run Date,Strategy,,company,ticker,price,strike,nextEPSDate,releaseTime,lastEPSTime,confirmDate,lastTrade,optionDate,score,openInterest,volume,bid,ask,expDate,epsImpact,avgEPSMove,avgVolume,Strike_Hit,Hit_Date,Max_Favorable,Min_Unfavorable,Day0_Check,Day1_Check,Day2_Check,Day3_Check,Day4_Check,Day5_Check,Exp_Result,Risk_Reward,OHLC_Volume,Hit_RSI,Hit_SMA20,Hit_SMA50,Hit_EMA9,Hit_EMA21,Hit_VWAP,Hit_RVOL,Hit_ATR,Hit_PriceVsSMA20,Hit_PriceVsVWAP,GF_Name,GF_Price,GF_ChangePct,GF_High,GF_Low,GF_High52,GF_Low52,GF_Volume,GF_AvgVol10,GF_MktCap,GF_PE,GF_Beta,HV_30D,RVOL_10,Ret_5D,Ret_20D,GapPct,Days_To_Exp,Success_Score,#REF!,#REF!,Ever_Hit_Strike,#REF!,Last_Update,Total_Hit_Days
2025-08-22 19:44:55,Long Calls,,"MongoDB, Inc.",MDB,18.65,210,2025-08-26 0:00:00,3,4:05:00 PM,2025-08-05 16:11:16,211.96,2025-08-21 0:00:00,5,182,138,18.5,19.1,2025-08-29 0:00:00,0.1693,0.1764,2382691.037,"[""0.045762"",""0.049905"",""0.415524"",""0.531286"",""0.532952"",""0.533571""]",2025-08-29,"[""0.045762"",""0.049905"",""0.415524"",""0.531286"",""0.532952"",""0.533571""]","[""0.000000"",""0.000000"",""0.000000"",""0.000000"",""0.000000"",""0.000000""]",219.07,220.48,297.26,321.55,321.92,322.05,315.61,,"[{""o"":""219.00"",""h"":""219.61"",""l"":""214.30"",""c"":""218.44"",""v"":0,""src"":""BACKFILL""},{""o"":""217.91"",""h"":""220.48"",""l"":""212.31"",""c"":""214.34"",""v"":0,""src"":""BACKFILL""},{""o"":""282.05"",""h"":""297.26"",""l"":""275.66"",""c"":""295.70"",""v"":0,""src"":""BACKFILL""},{""o"":""299.49"",""h"":""321.57"",""l"":""297.00"",""c"":""318.10"",""v"":0,""src"":""BACKFILL""},{""o"":""314.42"",""h"":""321.92"",""l"":""308.39"",""c"":""315.61"",""v"":0,""src"":""BACKFILL""},{""o"":""322.05"",""h"":""322.05"",""l"":""322.05"",""c"":""322.05"",""v"":0,""src"":""BACKFILL""}]","[null,""69.78"",""72.26"",""65.73"",""92.22"",""92.59""]","[null,""218.24"",""294.94"",""320.65"",""318.59"",""313.75""]","[null,""217.43"",""293.61"",""319.05"",""318.29"",""311.55""]","[null,""219.12"",""295.62"",""320.73"",""314.04"",""315.98""]","[null,""218.46"",""295.00"",""320.36"",""318.82"",""314.12""]","[""217.45"",""216.10"",""265.40"",""277.46"",""278.05"",""281.54""]","[""1.00"",""1.56"",""2.01"",""1.03"",""0.02"",""0.00""]","[null,""0.6234"",""0.7757"",""0.5111"",""9.3020"",""0.9812""]","[null,""0.76"",""0.66"",""0.25"",""0.95"",""2.65""]","[""0.46"",""-0.81"",""11.42"",""14.65"",""15.67"",""14.39""]",Mongodb Inc,322.05,0,,,370,140.94,17747,1541140,26200988651,,1.5,109.1896594,0.01151550151,8.911058505,36.56602493,,-7,60,297.2600098,,TRUE,,2025-09-05 06:19:59,0
2025-08-22 19:44:55,Long Calls,,Abercrombie & Fitch Co.,ANF,6.93,92,2025-08-27 0:00:00,1,7:30:00 AM,2025-08-01 8:03:35,92.89,2025-08-21 0:00:00,5,19,17,7,8,2025-08-29 0:00:00,0.1491,0.1231,2408594.484,"[""0.093587"",""0.092283"",""0.086304"",""0.070761"",""0.054348"",""0.016087""]",2025-08-29,"[""0.093587"",""0.092283"",""0.086304"",""0.070761"",""0.054348"",""0.016087""]","[""0.000000"",""0.000000"",""0.056956"",""0.000000"",""0.000000"",""0.000000""]",100.61,100.49,99.94,98.51,97,93.48,93.53,1.64,"[{""o"":""98.77"",""h"":""100.61"",""l"":""97.75"",""c"":""99.76"",""v"":1747400,""src"":""BACKFILL""},{""o"":""99.39"",""h"":""100.49"",""l"":""96.02"",""c"":""96.74"",""v"":3318100,""src"":""BACKFILL""},{""o"":""89.01"",""h"":""99.94"",""l"":""86.76"",""c"":""95.36"",""v"":6827500,""src"":""BACKFILL""},{""o"":""95.95"",""h"":""98.51"",""l"":""95.51"",""c"":""96.52"",""v"":2146300,""src"":""BACKFILL""},{""o"":""96.80"",""h"":""97.00"",""l"":""92.13"",""c"":""93.59"",""v"":1611121,""src"":""BACKFILL""},{""o"":""93.48"",""h"":""93.48"",""l"":""93.48"",""c"":""93.48"",""v"":0,""src"":""BACKFILL""}]","[""51.88"",""62.32"",""61.57"",""75.53"",""50.24"",""57.29""]","[""95.30"",""99.71"",""98.90"",""98.03"",""96.80"",""93.39""]","[""94.23"",""99.65"",""98.07"",""97.86"",""96.97"",""93.04""]","[""95.03"",""99.94"",""99.32"",""98.27"",""96.82"",""93.53""]","[""94.03"",""99.79"",""98.93"",""98.09"",""96.85"",""93.39""]","[""99.37"",""98.31"",""95.85"",""96.00"",""96.00"",""95.74""]","[""1.00"",""1.31"",""1.72"",""0.61"",""0.00"",""0.00""]","[""14.4130"",""0.2604"",""0.5295"",""0.0986"",""0.1772"",""0.1502""]","[""5.38"",""0.54"",""0.64"",""0.49"",""0.08"",""0.09""]","[""0.39"",""-1.60"",""-0.51"",""0.54"",""0.92"",""-2.36""]",Abercrombie & Fitch Co,93.48,0,,,167.71,65.4,13722,1433917,4453697713,8.85,1.44,50.0772303,0.009569591545,-1.97147651,-9.392265193,,-7,60,99.94000244,86.76000214,TRUE,,2025-09-05 06:19:59,0
2025-08-22 19:44:55,Long Calls,,NetApp,NTAP,5.1,107,2025-08-27 0:00:00,3,4:01:00 PM,2025-07-31 16:05:51,107.775,2025-08-21 0:00:00,4,46,17,4.9,5.1,2025-08-29 0:00:00,0.0812,0.0837,1909089.392,"[""0.042430"",""0.039813"",""0.051028"",""0.097383"",""0.104486"",""0.110561""]",2025-08-29,"[""0.042430"",""0.039813"",""0.051028"",""0.097383"",""0.104486"",""0.110561""]","[""0.000000"",""0.000000"",""0.000000"",""0.000000"",""0.000000"",""0.000000""]",111.54,111.25,112.46,117.42,118.18,118.83,112.79,,"[{""o"":""110.37"",""h"":""111.54"",""l"":""109.94"",""c"":""111.01"",""v"":2293700,""src"":""BACKFILL""},{""o"":""110.80"",""h"":""111.26"",""l"":""109.39"",""c"":""109.41"",""v"":3099400,""src"":""BACKFILL""},{""o"":""109.42"",""h"":""112.46"",""l"":""109.30"",""c"":""112.13"",""v"":3377500,""src"":""BACKFILL""},{""o"":""108.61"",""h"":""117.42"",""l"":""108.61"",""c"":""117.22"",""v"":4683700,""src"":""BACKFILL""},{""o"":""115.96"",""h"":""118.18"",""l"":""112.19"",""c"":""112.77"",""v"":1927584,""src"":""BACKFILL""},{""o"":""118.83"",""h"":""118.83"",""l"":""118.83"",""c"":""118.83"",""v"":0,""src"":""BACKFILL""}]","[""57.44"",""58.50"",""71.78"",""58.38"",""74.34"",""89.15""]","[""111.33"",""110.86"",""112.11"",""117.16"",""117.48"",""113.24""]","[""111.07"",""111.12"",""111.97"",""117.00"",""117.25"",""113.45""]","[""111.39"",""110.96"",""112.26"",""117.19"",""117.66"",""113.97""]","[""111.30"",""110.93"",""112.14"",""117.14"",""116.97"",""113.47""]","[""110.83"",""110.36"",""110.72"",""112.01"",""112.08"",""112.32""]","[""1.00"",""1.15"",""1.16"",""1.39"",""4.06"",""0.00""]","[""0.0618"",""0.1843"",""0.1117"",""0.1261"",""0.6817"",""0.5755""]","[""0.06"",""0.36"",""0.28"",""0.07"",""0.53"",""4.93""]","[""0.16"",""-0.86"",""1.27"",""4.65"",""5.38"",""5.79""]",NetApp Inc,118.83,0,,,135.45,71.84,424,1509514,23720642954,21,1.46,28.0602401,0.0002808851061,5.975207349,15.00048389,,-7,60,112.4599991,109.3000031,TRUE,,2025-09-05 06:19:59,0
2025-08-22 19:44:55,Long Calls,,NVIDIA Corp.,NVDA,7.9,172.5,2025-08-27 0:00:00,3,4:20:00 PM,2025-07-30 17:05:27,174.98,2025-08-21 0:00:00,5,5868,4802,7.95,8,2025-08-29 0:00:00,0.0754,0.0739,195312181.3,"[""0.054551"",""0.057333"",""0.057913"",""0.069391"",""0.032522"",""0.032522""]",2025-08-29,"[""0.054551"",""0.057333"",""0.057913"",""0.069391"",""0.032522"",""0.000000""]","[""0.000000"",""0.000000"",""0.000000"",""0.000000"",""0.000000"",""0.004870""]",181.91,182.39,182.49,184.47,178.11,171.66,174.11,14.25,,"[""59.78"",""67.38"",""85.94"",""72.86"",""14.98"",""21.68""]","[""181.64"",""182.04"",""182.10"",""181.72"",""180.52"",""173.98""]","[""181.44"",""182.01"",""181.96"",""181.58"",""180.43"",""174.02""]","[""181.73"",""182.13"",""182.26"",""182.31"",""179.93"",""173.53""]","[""181.63"",""182.06"",""182.13"",""181.91"",""180.30"",""173.82""]","[""179.43"",""180.22"",""180.57"",""180.50"",""180.47"",""179.30""]","[""1.00"",""1.02"",""1.25"",""1.33"",""0.05"",""0.00""]","[""0.1647"",""0.1333"",""0.0795"",""0.3671"",""0.4238"",""0.3794""]","[""0.09"",""0.13"",""0.20"",""0.91"",""-1.58"",""-1.33""]","[""0.21"",""0.86"",""0.57"",""-0.18"",""-1.55"",""-4.26""]",NVIDIA Corp,171.66,0,,,184.48,86.62,7501652,140040850,4171338088989,48.86,2.11,24.70565555,0.05356759831,-5.473568282,-4.325047375,,-7,60,182.4900055,,TRUE,,2025-09-05 06:19:59,0
2025-08-22 19:44:55,Long Calls,,Snowflake,SNOW,13.3,192.5,2025-08-27 0:00:00,3,4:05:00 PM,2025-08-04 9:21:57,194.68,2025-08-21 0:00:00,5,178,26,13.05,13.25,2025-08-29 0:00:00,0.1233,0.1481,4335448.12,"[""0.041403"",""0.020779"",""0.052156"",""0.298649"",""0.253247"",""0.152727""]",2025-08-29,"[""0.041403"",""0.020779"",""0.052156"",""0.298649"",""0.253247"",""0.152727""]","[""0.000000"",""0.000000"",""0.000000"",""0.000000"",""0.000000"",""0.000000""]",200.47,196.5,202.54,249.99,241.25,221.9,238.66,,,"[null,""67.31"",""81.71"",""78.00"",""29.87"",""8.99""]","[null,""195.37"",""201.74"",""247.77"",""241.32"",""236.88""]","[null,""195.36"",""201.21"",""245.51"",""242.35"",""237.01""]","[null,""195.83"",""202.09"",""248.27"",""240.81"",""234.81""]","[null,""195.55"",""201.78"",""247.46"",""241.26"",""236.27""]","[""196.61"",""195.58"",""198.49"",""221.82"",""222.04"",""223.92""]","[""1.00"",""1.11"",""2.04"",""2.46"",""0.06"",""0.00""]","[null,""0.3067"",""0.1833"",""0.6845"",""0.5601"",""1.4900""]","[null,""0.43"",""0.36"",""0.88"",""-0.44"",""-6.32""]","[""-0.98"",""-0.63"",""0.96"",""8.65"",""8.20"",""-0.90""]",Snowflake Inc,221.9,0,,,249.99,107.13,52425,2848425,74038708163,,1.22,68.61413933,0.01840490798,10.73406857,5.395649283,,-7,60,202.5399933,,TRUE,,2025-09-05 06:19:59,0
2025-08-22 19:44:55,Long Calls,,"Urban Outfitters, Inc",URBN,5.2,72,2025-08-27 0:00:00,3,4:05:00 PM,2025-08-10 20:42:05,73.89,2025-08-21 0:00:00,5,2,10,5.2,5.4,2025-08-29 0:00:00,0.1211,0.1271,2042942.368,"[""0.081944"",""0.080556"",""0.087639"",""0.097222"",null,null]",2025-08-25,"[""0.081944"",""0.080556"",""0.087639"",""0.097222"",""0.000000"",""0.000000""]","[""0.000000"",""0.000000"",""0.000000"",""0.042500"",""0.070708"",""0.009028""]",77.9,77.8,78.31,79,69.54,71.35,67.07,2.29,,"[""71.87"",""68.62"",""65.79"",""30.00"",""15.48"",""94.23""]","[""77.45"",""77.55"",""78.10"",""78.06"",""69.78"",""67.29""]","[null,""77.45"",""77.85"",""77.93"",""70.56"",""67.18""]","[""77.71"",""77.60"",""78.14"",""77.91"",""69.46"",""67.88""]","[""77.48"",""77.54"",""78.07"",""77.99"",""69.80"",""67.44""]","[""76.67"",""76.65"",""77.14"",""74.60"",""74.56"",""73.58""]","[""1.00"",""1.05"",""1.57"",""2.22"",""0.03"",""0.00""]","[""0.1196"",""0.0918"",""0.0891"",""0.3298"",""0.1906"",""0.3642""]","[""0.57"",""0.33"",""0.17"",""-1.00"",""-1.70"",""6.03""]","[""-0.23"",""-0.51"",""1.13"",""-6.56"",""-8.01"",""-3.03""]",Urban Outfitters Inc,71.35,0,,,80.69,33.86,2886,1630515,6399829441,13.96,1.29,53.15480045,0.001769992916,-8.537367004,-10.57776664,,-7,60,78.30999756,,TRUE,,2025-09-05 06:19:59,0
2025-08-22 19:44:55,Long Calls,,Li Auto Inc.,LI,1.27,23,2025-08-28 0:00:00,1,4:30:00 AM,2025-08-15 6:54:38,23.46,2025-08-21 0:00:00,4,14,11,1.29,1.34,2025-08-29 0:00:00,0.0944,0.1129,4472458.106,"[""0.066087"",""0.077391"",""0.020000"",""0.055652"",""0.026522"",""0.042609""]",2025-08-29,"[""0.066087"",""0.077391"",""0.020000"",""0.055652"",""0.026522"",""0.042609""]","[""0.000000"",""0.000000"",""0.025217"",""0.015217"",""0.000000"",""0.000000""]",24.51,24.78,23.46,24.28,23.61,23.98,23.35,3.07,,"[""63.50"",""73.96"",""5.51"",""75.89"",""56.43"",""95.87""]","[""24.29"",""24.62"",""24.53"",""23.91"",""23.50"",""23.31""]","[null,""24.49"",""24.54"",""23.36"",""23.38"",""23.27""]","[""24.39"",""24.68"",""24.31"",""24.01"",""23.54"",""23.45""]","[null,""24.62"",""24.47"",""23.86"",""23.50"",""23.35""]","[""24.17"",""24.32"",""23.50"",""23.46"",""23.46"",""23.45""]","[""1.00"",""1.09"",""1.64"",""1.56"",""1.48"",""0.00""]","[""0.0608"",""0.0457"",""0.1394"",""0.1069"",""0.0580"",""0.0631""]","[""0.82"",""0.56"",""-6.23"",""1.10"",""0.23"",""2.87""]","[""-0.70"",""1.35"",""-3.85"",""-0.86"",""0.42"",""2.27""]",Li Auto Inc,23.98,0,,,33.11,18.11,102976,6115387,199423068416,22.51,0.97,48.00736467,0.0168388362,6.10619469,-0.9090909091,,-7,40,,22.42000008,FALSE,,2025-09-05 06:19:59,0
2025-08-22 19:44:55,Long Calls,,Dollar General Corporation,DG,5.25,112,2025-08-28 0:00:00,1,6:50:00 AM,2025-07-31 7:27:38,112.49,2025-08-21 0:00:00,5,25,21,5.05,5.35,2025-08-29 0:00:00,0.0885,0.1137,3304676.962,"[""0.007143"",""0.004286"",null,""0.026786"",""0.016250"",""0.016250""]",2025-08-29,"[""0.007143"",""0.004286"",""0.000000"",""0.026786"",""0.016250"",""0.000000""]","[""0.008750"",""0.017143"",""0.017768"",""0.056339"",""0.040917"",""0.031786""]",112.8,112.48,111.33,114.98,113.82,108.44,108.76,0.47,,"[""61.11"",""58.78"",""78.02"",""92.95"",""64.26"",""44.64""]","[""112.71"",""112.25"",""110.84"",""111.30"",""111.90"",""108.63""]","[""112.65"",""112.34"",""110.88"",""111.03"",""112.11"",""108.38""]","[""112.72"",""112.35"",""111.03"",""112.38"",""112.31"",""108.68""]","[""112.70"",""112.30"",""110.91"",""111.62"",""112.09"",""108.62""]","[""112.06"",""111.55"",""111.27"",""111.06"",""111.07"",""110.74""]","[""1.00"",""0.98"",""1.19"",""1.79"",""0.02"",""0.00""]","[""0.0585"",""0.1193"",""0.0934"",""0.3909"",""0.3456"",""0.1519""]","[""0.08"",""0.18"",""0.45"",""2.91"",""0.84"",""-0.18""]","[""0.26"",""-0.94"",""-0.06"",""0.59"",""1.60"",""-2.08""]",Dollar General Corp,108.44,0,,,117.95,66.43,1204,2545165,23868295177,20.06,0.29,23.30619581,0.0004730538099,-2.482014388,-4.306388987,,-7,40,,110.0100021,FALSE,,2025-09-05 06:19:59,0
2025-08-22 19:44:55,Long Calls,,Burlington Stores Inc,BURL,16.2,270,2025-08-28 0:00:00,1,6:45:00 AM,2025-08-14 16:15:51,275.59,2025-08-21 0:00:00,5,1,1,16.8,17.3,2025-09-05 0:00:00,0.0798,0.07,1096857.668,"[""0.046556"",""0.044518"",""0.047259"",""0.144444"",""0.098685"",""0.074778""]",2025-08-29,"[""0.046556"",""0.044518"",""0.047259"",""0.144444"",""0.098685"",""0.074778""]","[""0.000000"",""0.000000"",""0.000000"",""0.000000"",""0.000000"",""0.000000""]",282.57,282.02,282.76,309,296.64,290.19,,,,"[""51.91"",""67.44"",""58.67"",""95.76"",""64.88"",""78.57""]","[""253.84"",""280.93"",""282.15"",""289.05"",""295.02"",""289.46""]","[""242.62"",""280.74"",""281.21"",""284.36"",""296.12"",""288.87""]","[""275.65"",""281.44"",""282.35"",""300.49"",""295.37"",""289.76""]","[""261.35"",""281.10"",""282.07"",""292.63"",""295.32"",""289.48""]","[""280.00"",""279.94"",""280.16"",""289.56"",""289.57"",""288.97""]","[""1.00"",""1.02"",""1.33"",""1.96"",""0.01"",""0.55""]","[""60.5305"",""0.2364"",""0.2797"",""2.2431"",""0.4694"",""0.1798""]","[""11.32"",""0.34"",""0.07"",""6.53"",""0.55"",""0.25""]","[""0.14"",""-0.32"",""0.05"",""1.98"",""2.44"",""0.42""]",Burlington Stores Inc,301.35,0,,,309,212.92,776,847651,18995603661,35.66,1.72,30.96036826,0.0009154711078,7.509810917,6.49162485,,0,60,282.7600098,278.2600098,TRUE,,2025-09-05 06:19:59,0
2025-08-22 19:44:55,Long Calls,,Dell Technologies,DELL,6.9,127,2025-08-28 0:00:00,3,4:05:00 PM,2025-08-18 19:50:29,127.83,2025-08-21 0:00:00,4,70,8,6.75,6.95,2025-08-29 0:00:00,0.1019,0.1214,5661345.216,"[""0.040551"",""0.043307"",""0.044646"",""0.064409"",null,null]",2025-08-25,"[""0.040551"",""0.043307"",""0.044646"",""0.064409"",""0.000000"",""0.000000""]","[""0.000000"",""0.000000"",""0.000000"",""0.000000"",""0.058032"",""0.002598""]",132.15,132.5,132.67,135.18,124.31,126.67,122.15,1.11,,"[""59.80"",""67.91"",""61.08"",""68.40"",""76.61"",""87.60""]","[""131.94"",""131.72"",""132.43"",""134.10"",""123.18"",""122.34""]","[""131.76"",""131.83"",""132.28"",""133.87"",""123.01"",""122.15""]","[""132.02"",""132.11"",""132.45"",""134.54"",""123.68"",""123.14""]","[""131.95"",""131.90"",""132.41"",""134.27"",""123.31"",""122.57""]","[""130.98"",""131.13"",""131.41"",""132.73"",""128.03"",""127.06""]","[""1.00"",""1.08"",""1.06"",""2.04"",""2.23"",""0.00""]","[""0.0954"",""0.1878"",""0.0837"",""0.3287"",""0.2400"",""0.5376""]","[""0.08"",""0.51"",""0.05"",""0.79"",""0.79"",""3.54""]","[""0.03"",""-0.10"",""0.83"",""1.00"",""-3.03"",""-0.31""]",Dell Technologies Inc,126.67,0,,,147.66,66.25,32831,4057774,85677256033,0,,42.59587892,0.008090889241,-4.4,-1.147182769,,-7,60,132.6678925,130.6540985,TRUE,,2025-09-05 06:19:59,0
2025-08-22 19:44:55,Long Calls,,"Affirm Holdings, Inc.",AFRM,5.75,74,2025-08-28 0:00:00,3,4:05:00 PM,2025-07-31 16:11:15,74.49,2025-08-21 0:00:00,4,439,352,5.7,5.8,2025-08-29 0:00:00,0.1477,0.1556,6339452.926,"[""0.077703"",""0.074662"",""0.066892"",""0.095270"",""0.351351"",""0.211622""]",2025-08-29,"[""0.077703"",""0.074662"",""0.066892"",""0.095270"",""0.351351"",""0.211622""]","[""0.000000"",""0.000000"",""0.000000"",""0.000000"",""0.000000"",""0.000000""]",79.41,79.52,78.95,81.05,100,89.66,88.45,,,"[null,""74.38"",""55.02"",""73.56"",""89.42"",""78.39""]","[null,""77.92"",""78.35"",""80.47"",""86.29"",""87.71""]","[null,""78.09"",""78.58"",""80.44"",""82.54"",""87.46""]","[null,""77.93"",""78.16"",""80.64"",""92.19"",""88.37""]","[null,""77.92"",""78.31"",""80.52"",""88.73"",""87.91""]","[""77.83"",""78.28"",""78.14"",""78.61"",""81.02"",""85.05""]","[""1.00"",""1.55"",""0.64"",""1.22"",""0.15"",""0.00""]","[null,""0.2543"",""0.2493"",""0.1260"",""1.5787"",""0.3693""]","[null,""1.62"",""0.22"",""0.70"",""13.85"",""2.22""]","[""-0.56"",""-0.42"",""-0.71"",""1.75"",""21.25"",""5.42""]",Affirm Holdings Inc,89.66,0,,,100,30.9,178299,3330773,29197807090,585.9,3.64,68.82709525,0.05353081702,15.55612837,16.01966874,,-7,40,,76.43000031,FALSE,,2025-09-05 06:19:59,0
2025-08-22 19:44:55,Long Calls,,Marvell Technology Group Ltd.,MRVL,4.35,71,2025-08-28 0:00:00,3,4:05:00 PM,2025-08-04 9:21:44,71.21,2025-08-21 0:00:00,5,829,1243,4.35,4.45,2025-08-29 0:00:00,0.1208,0.1326,19014211.48,"[""0.040563"",""0.058310"",""0.056761"",""0.099718"",null,null]",2025-08-25,"[""0.040563"",""0.058310"",""0.056761"",""0.099718"",""0.000000"",""0.000000""]","[""0.000000"",""0.000000"",""0.000000"",""0.000000"",""0.118027"",""0.097183""]",73.88,75.14,75.03,78.08,65.28,64.1,62.87,0.85,,"[""63.59"",""58.53"",""64.57"",""53.82"",""37.14"",""80.79""]","[""73.77"",""74.97"",""74.90"",""77.87"",""64.50"",""62.94""]","[""73.67"",""74.96"",""74.87"",""77.61"",""70.01"",""62.84""]","[""73.78"",""75.04"",""74.96"",""77.92"",""64.68"",""63.10""]","[""73.75"",""75.00"",""74.92"",""77.85"",""65.16"",""62.96""]","[""73.03"",""73.64"",""73.94"",""75.43"",""72.25"",""69.02""]","[""1.00"",""1.10"",""1.01"",""2.09"",""7.51"",""0.00""]","[""0.0581"",""0.0606"",""0.0403"",""0.1327"",""0.6948"",""0.2005""]","[""0.14"",""0.13"",""0.14"",""0.03"",""0.74"",""1.85""]","[""-0.11"",""0.85"",""1.15"",""2.39"",""-10.07"",""-7.13""]",Marvell Technology Inc,64.1,0,,,127.48,47.09,401472,9854126,55260602274,,1.85,75.41460456,0.04074151274,-14.29335473,-14.89644185,,-7,60,75.02639771,,TRUE,,2025-09-05 06:19:59,0
2025-08-22 19:44:55,Long Calls,,ULTA Beauty,ULTA,20.5,520,2025-08-28 0:00:00,3,4:05:00 PM,2025-08-15 9:16:19,520.18,2025-08-21 0:00:00,5,40,40,19.7,20.9,2025-08-29 0:00:00,0.083,0.0769,723682.3386,"[""0.023058"",""0.014154"",""0.032481"",""0.035750"",""0.033346"",""0.018269""]",2025-08-29,"[""0.023058"",""0.014154"",""0.032481"",""0.035750"",""0.033346"",""0.018269""]","[""0.000000"",""0.000000"",""0.000000"",""0.000000"",""0.053846"",""0.000000""]",531.99,527.35,536.89,538.59,537.34,529.5,492.73,0.66,,"[null,""60.18"",""75.41"",""67.08"",""81.69"",""92.89""]","[null,""526.33"",""532.97"",""533.87"",""530.98"",""495.46""]","[null,""526.85"",""530.00"",""533.20"",""529.67"",""494.16""]","[null,""525.59"",""534.87"",""534.13"",""532.12"",""500.40""]","[null,""526.05"",""533.33"",""533.82"",""531.07"",""496.67""]","[""526.45"",""525.41"",""527.47"",""529.05"",""529.15"",""518.73""]","[""1.00"",""1.05"",""0.87"",""1.46"",""0.13"",""0.00""]","[null,""0.4175"",""0.8389"",""0.6713"",""1.6808"",""3.3933""]","[null,""0.19"",""0.64"",""0.19"",""1.20"",""6.87""]","[""-0.40"",""0.12"",""1.20"",""0.30"",""1.55"",""2.08""]",Ulta Beauty Inc,529.5,0,,,539,309.01,297,593311,23741910000,20.3,1.06,37.68506479,0.0005005806398,-0.8074033832,2.578507914,,-7,60,536.8900146,,TRUE,,2025-09-05 06:19:59,0
2025-08-22 19:44:55,Long Calls,,"Academy Sports and Outdoors, Inc.",ASO,3.3,50,2025-09-02 0:00:00,1,8:00:00 AM,2025-08-21 8:55:57,51.6,2025-08-21 0:00:00,4,16,49,3.1,3.6,2025-09-05 0:00:00,0.0741,0.0386,1505517.682,"[""0.081100"",""0.095200"",""0.127400"",""0.148600"",""0.076600"",""0.048088""]",2025-08-29,"[""0.081100"",""0.095200"",""0.127400"",""0.148600"",""0.076600"",""0.048088""]","[""0.000000"",""0.000000"",""0.000000"",""0.000000"",""0.000000"",""0.029000""]",54.06,54.76,56.37,57.42,53.83,52.4,,5.12,,"[""52.72"",""78.52"",""78.89"",""91.03"",""44.83"",""50.06""]","[""53.94"",""54.09"",""56.00"",""56.13"",""53.66"",""52.17""]","[""53.81"",""53.96"",""55.69"",""55.76"",""53.73"",""52.81""]","[""54.00"",""54.32"",""56.20"",""56.50"",""53.65"",""51.75""]","[""53.89"",""54.14"",""56.02"",""56.19"",""53.67"",""52.06""]","[""53.55"",""53.77"",""54.56"",""54.67"",""54.66"",""54.19""]","[""1.00"",""1.09"",""1.38"",""1.38"",""0.01"",""0.30""]","[""0.0375"",""0.0998"",""0.0809"",""0.1579"",""0.1086"",""0.4474""]","[""0.12"",""0.96"",""0.60"",""1.95"",""-0.09"",""0.09""]","[""0.55"",""-0.06"",""3.25"",""-1.84"",""-1.93"",""-3.64""]",Academy Sports and Outdoors Inc,50.04,0,,,64.61,33.34,651,870978,3333936578,9.39,1.3,48.30814236,0.0007474356413,-11.1663412,-3.22954941,,0,60,56.36999893,,TRUE,,2025-09-05 06:19:59,0
2025-08-22 19:44:55,Long Calls,,"Dollar Tree, Inc.",DLTR,5.55,112,2025-09-03 0:00:00,1,6:30:00 AM,2025-08-13 16:10:06,112.59,2025-08-21 0:00:00,4,19,50,5.65,5.85,2025-09-05 0:00:00,0.0524,0.091,3812177.935,"[""0.022321"",""0.008661"",""0.015357"",""0.033393"",""0.014732"",""0.001161""]",2025-08-29,"[""0.022321"",""0.008661"",""0.015357"",""0.033393"",""0.014732"",""0.001161""]","[""0.003304"",""0.007143"",""0.003214"",""0.001964"",""0.030268"",""0.035357""]",114.5,112.97,113.72,115.74,113.65,112.13,,4.67,,"[null,""63.66"",""79.68"",""89.61"",""68.27"",""85.39""]","[null,""112.62"",""113.56"",""113.13"",""113.06"",""111.73""]","[null,""112.26"",""113.30"",""113.19"",""112.84"",""111.39""]","[null,""112.71"",""113.64"",""113.74"",""113.35"",""111.92""]","[null,""112.59"",""113.54"",""113.33"",""112.98"",""111.75""]","[""112.64"",""112.27"",""112.42"",""112.66"",""112.66"",""112.02""]","[""1.00"",""1.25"",""0.98"",""1.01"",""0.04"",""0.83""]","[null,""0.1761"",""0.0410"",""0.2731"",""0.5861"",""0.0967""]","[null,""0.25"",""0.13"",""1.93"",""0.45"",""0.31""]","[""-0.75"",""-0.26"",""0.39"",""-0.14"",""0.80"",""0.05""]",Dollar Tree Inc,100.25,0,,,118.06,60.49,5410,2914995,20921743925,,0.89,29.91347179,0.001855920851,-11.17313486,-13.85236745,,0,60,113.7200012,,TRUE,,2025-09-05 06:19:59,0
2025-08-22 19:44:55,Long Calls,,Hewlett Packard Enterprise,HPE,1.24,21.5,2025-09-03 0:00:00,3,4:05:00 PM,2025-08-13 8:29:28,21.82,2025-08-21 0:00:00,5,102,2342,1.21,1.26,2025-09-05 0:00:00,0.0637,0.0705,17828447.76,"[""0.054419"",""0.057907"",""0.063721"",""0.084186"",""0.061698"",""0.056279""]",2025-08-29,"[""0.054419"",""0.057907"",""0.063721"",""0.084186"",""0.061698"",""0.056279""]","[""0.000000"",""0.000000"",""0.000000"",""0.000000"",""0.000000"",""0.000000""]",22.67,22.74,22.87,23.31,22.83,22.71,,,,"[""68.10"",""73.03"",""64.16"",""71.08"",""57.64"",""85.76""]","[""22.62"",""22.69"",""22.83"",""23.20"",""22.82"",""22.60""]","[""22.58"",""22.61"",""22.82"",""23.16"",""23.05"",""22.56""]","[""22.64"",""22.70"",""22.85"",""23.23"",""22.75"",""22.65""]","[""22.62"",""22.68"",""22.84"",""23.20"",""22.84"",""22.61""]","[""22.52"",""22.54"",""22.57"",""22.72"",""22.71"",""22.65""]","[""1.00"",""0.99"",""1.21"",""1.21"",""0.02"",""2.46""]","[""0.0196"",""0.0184"",""0.0187"",""0.0295"",""0.1601"",""0.0233""]","[""0.22"",""0.19"",""0.17"",""0.43"",""-0.09"",""0.49""]","[""0.16"",""-0.16"",""0.72"",""1.96"",""0.38"",""0.28""]",Hewlett Packard Enterprise Co,23.16,0,,,24.66,11.97,60974,20562570,30390899199,28.32,1.43,27.77487754,0.002965290817,1.891772987,15.05216095,,0,60,22.87000084,22.23999977,TRUE,,2025-09-05 06:19:59,0
2025-08-22 19:44:55,Long Calls,,Credo Technology Group Holding Ltd,CRDO,11.7,110,2025-09-03 0:00:00,3,4:05:00 PM,2025-08-13 9:17:53,110.86,2025-08-21 0:00:00,5,0,109,11.5,11.9,2025-09-12 0:00:00,0.0848,0.1987,4716331.085,"[""0.065273"",""0.103527"",""0.127091"",""0.221364"",""0.192726"",""0.132629""]",2025-08-29,"[""0.065273"",""0.103527"",""0.127091"",""0.221364"",""0.192726"",""0.132629""]","[""0.000000"",""0.000000"",""0.000000"",""0.000000"",""0.000000"",""0.000000""]",117.18,121.39,123.98,134.35,131.2,124.59,,,,"[""59.06"",""55.92"",""61.89"",""55.57"",""22.23"",""62.79""]","[""116.53"",""121.09"",""123.83"",""134.02"",""132.16"",""124.22""]","[""115.99"",""120.85"",""123.41"",""133.79"",""132.65"",""124.29""]","[""116.91"",""121.17"",""123.86"",""134.14"",""131.34"",""124.29""]","[""116.65"",""121.09"",""123.76"",""134.03"",""131.94"",""124.25""]","[""115.03"",""117.42"",""119.06"",""122.84"",""122.93"",""122.77""]","[""1.00"",""1.25"",""1.13"",""1.39"",""0.01"",""2.05""]","[""0.2925"",""0.1247"",""0.1097"",""0.1401"",""0.4201"",""0.1729""]","[""0.34"",""0.05"",""0.03"",""0.06"",""-1.23"",""0.27""]","[""0.33"",""2.29"",""3.09"",""7.31"",""6.19"",""1.45""]",Credo Technology Group Holding Ltd,134,0,,,141.09,24.08,148002,3461832,23178435600,197.41,2.59,69.99327098,0.04275250792,9.182758902,14.19805693,,7,74,123.9800034,,TRUE,,2025-09-05 06:19:59,0
2025-08-22 19:44:55,Long Calls,,Salesforce,CRM,11.8,245,2025-09-03 0:00:00,3,4:02:00 PM,2025-08-07 16:33:58,245.83,2025-08-21 0:00:00,5,339,42,11.65,11.9,2025-09-05 0:00:00,0.052,0.0697,7347998.936,"[""0.017837"",""0.015633"",""0.021918"",""0.043469"",""0.051592"",""0.040776""]",2025-08-29,"[""0.017837"",""0.015633"",""0.021918"",""0.043469"",""0.051592"",""0.040776""]","[""0.000000"",""0.008775"",""0.000000"",""0.000000"",""0.000000"",""0.000000""]",249.37,248.83,250.37,255.65,257.64,254.99,,4.95,,"[null,""62.47"",""63.99"",""67.31"",""75.23"",""19.45""]","[null,""248.08"",""250.00"",""255.25"",""255.91"",""256.18""]","[null,""247.83"",""249.67"",""255.25"",""255.20"",""256.24""]","[null,""248.47"",""250.16"",""255.42"",""256.29"",""255.69""]","[null,""248.21"",""250.01"",""255.31"",""256.10"",""256.02""]","[""248.01"",""246.17"",""246.98"",""248.90"",""249.01"",""250.02""]","[""1.00"",""1.28"",""0.96"",""1.18"",""0.01"",""4.97""]","[null,""0.3035"",""0.1605"",""0.1184"",""1.6017"",""0.4035""]","[null,""0.25"",""0.11"",""0.14"",""0.59"",""-1.05""]","[""-0.06"",""-0.99"",""1.29"",""2.26"",""3.38"",""1.39""]",Salesforce Inc,244.01,0,,,369,226.48,114713,5646824,233273554748,35.41,1.22,30.63155904,0.02031460517,-2.458426607,-2.070875306,,0,60,250.3699951,,TRUE,,2025-09-05 06:19:59,0
2025-08-22 19:44:55,Long Calls,,Broadcom Inc.,AVGO,14.45,287.5,2025-09-04 0:00:00,3,4:15:00 PM,2025-08-04 8:05:55,289.6,2025-08-21 0:00:00,4,62,121,14.8,14.95,2025-09-05 0:00:00,0.0527,0.1128,20586631.31,"[""0.037913"",""0.044348"",""0.047583"",""0.081739"",""0.067861"",""0.038783""]",2025-08-29,"[""0.037913"",""0.044348"",""0.047583"",""0.081739"",""0.067861"",""0.038783""]","[""0.000000"",""0.000000"",""0.000000"",""0.000000"",""0.000000"",""0.001357""]",298.4,300.25,301.18,311,307.01,298.65,,60.24,,"[""57.42"",""79.41"",""70.28"",""75.35"",""11.84"",""61.11""]","[""297.63"",""297.82"",""300.61"",""310.32"",""309.53"",""298.16""]","[""297.31"",""297.80"",""299.89"",""309.97"",""309.68"",""297.77""]","[""297.92"",""298.67"",""300.70"",""310.64"",""308.24"",""298.28""]","[""297.67"",""298.11"",""300.49"",""310.40"",""309.11"",""298.13""]","[""294.78"",""296.44"",""296.94"",""299.61"",""299.66"",""298.42""]","[""1.00"",""1.26"",""0.76"",""1.03"",""0.04"",""2.27""]","[""0.2556"",""0.4011"",""0.2125"",""0.2209"",""0.6540"",""0.2778""]","[""0.10"",""0.79"",""0.09"",""0.19"",""-1.73"",""0.09""]","[""-0.19"",""0.53"",""1.12"",""3.02"",""1.51"",""0.00""]",Broadcom Inc,306.1,0,,,317.35,134.9,5244793,14946309,1439732807907,78.2,0.95,29.22833285,0.35090891,1.948376353,1.468492061,,0,60,301.1799927,293.7799988,TRUE,,2025-09-05 06:19:59,0
2025-08-22 19:44:55,Long Calls,,Samsara Inc. ,IOT,3.09,32,2025-09-04 0:00:00,3,4:10:00 PM,2025-08-04 16:33:40,32.84,2025-08-21 0:00:00,4,21,1,3.1,3.3,2025-09-12 0:00:00,0.1051,0.1087,4843186.929,"[""0.104687"",""0.080312"",""0.117969"",""0.157656"",""0.150625"",""0.122031""]",2025-08-29,"[""0.104687"",""0.080312"",""0.117969"",""0.157656"",""0.150625"",""0.122031""]","[""0.000000"",""0.000000"",""0.000000"",""0.000000"",""0.000000"",""0.000000""]",35.35,34.57,35.78,37.04,36.82,35.9,,,,"[""62.85"",""53.09"",""63.86"",""75.83"",""72.12"",""59.24""]","[""35.26"",""34.44"",""35.64"",""36.60"",""36.58"",""35.69""]","[""35.21"",""34.52"",""35.58"",""36.28"",""36.48"",""35.76""]","[""35.30"",""34.43"",""35.69"",""36.85"",""36.32"",""35.76""]","[""35.26"",""34.45"",""35.65"",""36.66"",""36.59"",""35.72""]","[""34.70"",""34.26"",""34.47"",""34.91"",""34.91"",""35.05""]","[""1.00"",""1.06"",""0.72"",""0.89"",""0.00"",""1.88""]","[""0.0275"",""0.0543"",""0.0321"",""0.0992"",""0.0804"",""0.0943""]","[""0.14"",""0.14"",""0.22"",""1.20"",""0.63"",""0.45""]","[""-0.86"",""-1.92"",""3.43"",""4.42"",""5.43"",""2.29""]",Samsara Inc,35.84,0,,,61.9,31.4,244160,2636771,20404998742,,1.61,47.68949481,0.09259810579,0.5329593268,-2.52923579,,7,74,35.77500153,,TRUE,,2025-09-05 06:19:59,0
2025-08-22 19:44:55,Long Calls,,"UiPath, Inc.",PATH,0.93,10.5,2025-09-04 0:00:00,3,4:10:00 PM,2025-08-07 16:39:24,10.89,2025-08-21 0:00:00,5,97,14,0.89,0.95,2025-09-05 0:00:00,0.0973,0.1108,11788368.77,"[""0.070476"",""0.059524"",""0.064762"",""0.086667"",""0.090000"",""0.054286""]",2025-08-29,"[""0.070476"",""0.059524"",""0.064762"",""0.086667"",""0.090000"",""0.054286""]","[""0.000000"",""0.000000"",""0.000000"",""0.000000"",""0.000000"",""0.000000""]",11.24,11.13,11.18,11.41,11.44,11.07,,,,"[null,""70.74"",""65.25"",""84.27"",""71.11"",""60.91""]","[null,""11.05"",""11.16"",""11.36"",""11.31"",""10.97""]","[null,""11.04"",""11.15"",""11.33"",""11.31"",""11.02""]","[null,""11.09"",""11.17"",""11.39"",""11.35"",""11.01""]","[null,""11.06"",""11.16"",""11.37"",""11.33"",""10.99""]","[""11.08"",""10.99"",""11.02"",""11.09"",""11.09"",""11.10""]","[""1.00"",""1.13"",""0.88"",""1.04"",""0.01"",""0.90""]","[null,""0.0169"",""0.0103"",""0.0104"",""0.0925"",""0.0353""]","[null,""0.55"",""0.10"",""0.40"",""1.06"",""0.83""]","[""-0.42"",""-1.52"",""1.13"",""1.56"",""3.07"",""-0.39""]",UiPath Inc,10.85,0,,,15.93,9.38,1194744,6558036,5805171184,,1.02,32.97197202,0.1821801527,-2.603231598,-3.297682709,,0,60,11.18000031,,TRUE,,2025-09-05 06:19:59,0
2025-08-22 19:44:55,Long Calls,,Planet Labs PBC ,PL,0.94,6,2025-09-08 0:00:00,1,7:00:10 AM,2025-08-07 9:40:58,6.48,2025-08-21 0:00:00,5,674,4,0.95,1.05,2025-09-19 0:00:00,,0.192,7567823.563,"[""0.201667"",""0.206667"",""0.189167"",""0.230000"",""0.191667"",""0.131667""]",2025-08-29,"[""0.201667"",""0.206667"",""0.189167"",""0.230000"",""0.191667"",""0.131667""]","[""0.000000"",""0.000000"",""0.000000"",""0.000000"",""0.000000"",""0.000000""]",7.21,7.24,7.14,7.38,7.15,6.79,,,,"[""64.62"",""68.64"",""78.65"",""70.47"",""35.82"",""17.73""]","[""7.13"",""7.13"",""7.05"",""7.17"",""7.20"",""7.00""]","[""7.15"",""7.09"",""7.01"",""7.12"",""7.21"",""6.99""]","[""7.16"",""7.17"",""7.10"",""7.24"",""7.10"",""6.97""]","[""7.14"",""7.14"",""7.06"",""7.19"",""7.18"",""6.99""]","[""7.00"",""7.02"",""7.02"",""7.07"",""7.07"",""7.03""]","[""1.00"",""0.75"",""0.79"",""1.11"",""0.00"",""7.51""]","[""0.0212"",""0.0287"",""0.0162"",""0.0401"",""0.0225"",""0.0455""]","[""0.85"",""1.05"",""0.98"",""1.96"",""-0.79"",""-4.80""]","[""0.86"",""-0.59"",""0.83"",""2.03"",""1.03"",""-5.23""]",Planet Labs PBC,6.46,0,,,7.72,1.76,111217,3640587,1960163625,,1.81,46.21679752,0.0305491944,-8.757062147,2.215189873,,14,88,7.135000229,,TRUE,,2025-09-05 06:19:59,0
2025-08-22 19:44:55,Long Calls,,"AeroVironment, Inc",AVAV,16.8,235,2025-09-08 0:00:00,3,4:05:00 PM,,235.07,2025-08-21 0:00:00,5,33,11,17.5,18.1,2025-09-19 0:00:00,,0.138,1110317.751,"[""0.054383"",""0.063404"",""0.067234"",""0.067787"",""0.079553"",""0.025702""]",2025-08-29,"[""0.054383"",""0.063404"",""0.067234"",""0.067787"",""0.079553"",""0.025702""]","[""0.000000"",""0.000000"",""0.000000"",""0.000000"",""0.000000"",""0.012766""]",247.78,249.9,250.8,250.93,253.7,241.04,,6.23,,"[""51.82"",""70.45"",""78.81"",""62.64"",""83.76"",""63.71""]","[""221.64"",""247.51"",""248.50"",""249.73"",""248.90"",""240.74""]","[""220.15"",""245.27"",""248.27"",""248.95"",""249.09"",""240.29""]","[""220.45"",""248.79"",""249.37"",""250.31"",""249.66"",""240.85""]","[""219.50"",""247.65"",""248.71"",""249.84"",""249.18"",""240.72""]","[""242.98"",""244.23"",""245.14"",""245.82"",""245.90"",""244.42""]","[""1.00"",""0.94"",""0.93"",""0.71"",""0.06"",""1.56""]","[""70.8034"",""0.6372"",""0.3950"",""0.2456"",""0.5541"",""0.1482""]","[""11.62"",""0.77"",""0.85"",""0.30"",""1.57"",""0.13""]","[""-0.75"",""0.68"",""0.95"",""1.27"",""2.81"",""-1.38""]","AeroVironment, Inc.",226.76,0,,,295.9,102.25,15043,514270,11322636735,146.46,1.02,32.53994841,0.02925117156,-8.368691154,-13.81223869,,14,88,250.7998962,,TRUE,,2025-09-05 06:19:59,0
2025-08-22 19:44:55,Long Calls,,"SailPoint, Inc.",SAIL,2.8,17.5,2025-09-09 0:00:00,1,7:00:00 AM,2025-08-12 9:34:18,19.51,2025-08-21 0:00:00,5,303,5,2.75,2.9,2025-09-19 0:00:00,,0.0792,,"[""0.187429"",""0.184000"",""0.184457"",""0.194857"",""0.192571"",""0.226857""]",2025-08-29,"[""0.187429"",""0.184000"",""0.184457"",""0.194857"",""0.192571"",""0.226857""]","[""0.000000"",""0.000000"",""0.000000"",""0.000000"",""0.000000"",""0.000000""]",20.78,20.72,20.73,20.91,20.87,21.47,,,,"[""51.88"",""83.57"",""66.34"",""82.05"",""61.37"",""67.16""]","[""20.67"",""20.34"",""20.61"",""20.79"",""20.75"",""21.37""]","[""18.94"",""20.36"",""20.51"",""20.70"",""20.74"",""21.34""]","[""20.67"",""20.42"",""20.68"",""20.87"",""20.76"",""21.40""]","[""20.16"",""20.37"",""20.62"",""20.81"",""20.76"",""21.38""]","[""20.46"",""20.40"",""20.41"",""20.47"",""20.47"",""20.55""]","[""1.00"",""0.78"",""0.78"",""0.85"",""0.00"",""0.42""]","[""0.0271"",""0.0545"",""0.0393"",""0.0182"",""0.0523"",""0.0417""]","[""0.41"",""1.88"",""0.55"",""0.56"",""0.56"",""0.47""]","[""-0.60"",""-1.42"",""-0.21"",""1.47"",""1.96"",""4.49""]",Sailpoint Inc,21.06,0,,,26.35,15.05,1050,1532850,11721755618,,,49.48483952,0.0006849985321,3.387334315,4.051383399,,14,88,20.72800064,,TRUE,,2025-09-05 06:19:59,0
2025-08-22 19:44:55,Long Calls,,"Synopsys, Inc.",SNPS,37,580,2025-09-09 0:00:00,3,4:05:00 PM,2025-07-30 16:19:27,598.17,2025-08-21 0:00:00,4,131,1,35.7,39.7,2025-09-19 0:00:00,,0.0491,1511366.302,"[""0.043690"",""0.034707"",""0.041155"",""0.059707"",""0.055172"",""0.029000""]",2025-08-29,"[""0.043690"",""0.034707"",""0.041155"",""0.059707"",""0.055172"",""0.029000""]","[""0.000000"",""0.000000"",""0.000000"",""0.000000"",""0.000000"",""0.000000""]",605.34,600.13,603.87,614.63,612,596.82,,,,"[null,""62.79"",""78.15"",""67.71"",""32.06"",""62.09""]","[null,""599.02"",""602.10"",""613.85"",""612.09"",""595.17""]","[null,""597.55"",""601.49"",""613.14"",""612.30"",""593.53""]","[null,""599.55"",""602.69"",""613.91"",""611.22"",""595.80""]","[null,""598.98"",""602.22"",""613.67"",""611.81"",""595.26""]","[""599.48"",""597.59"",""598.38"",""601.26"",""601.31"",""601.08""]","[""1.00"",""1.22"",""0.94"",""0.94"",""0.01"",""1.36""]","[null,""0.5442"",""0.2953"",""0.5296"",""0.6514"",""0.6720""]","[null,""0.19"",""0.24"",""0.13"",""-0.30"",""0.28""]","[""-0.41"",""-0.27"",""0.80"",""1.81"",""1.49"",""-0.71""]",Synopsys Inc,601.96,0,,,651.73,365.74,1138,1145662,111388789325,43.46,1.14,30.28494977,0.0009933121636,-0.2006067941,-3.821818879,,14,68,,593.3150024,FALSE,,2025-09-05 06:19:59,0
2025-08-22 19:44:55,Long Calls,,"Dave & Buster's Entertainment, Inc.",PLAY,2.58,23,2025-09-10 0:00:00,3,4:05:00 PM,,23.98,2025-08-21 0:00:00,4,14,2,2.65,2.85,2025-09-19 0:00:00,,0.1076,1091718.111,"[""0.096522"",""0.127391"",""0.143913"",""0.104348"",""0.116522"",""0.095435""]",2025-08-29,"[""0.096522"",""0.127391"",""0.143913"",""0.104348"",""0.116522"",""0.095435""]","[""0.000000"",""0.000000"",""0.000000"",""0.000000"",""0.000000"",""0.000000""]",25.22,25.93,26.29,25.4,25.68,25.19,,,,"[null,""82.27"",""70.37"",""58.50"",""93.39"",""85.14""]","[null,""25.74"",""26.11"",""25.32"",""25.45"",""24.93""]","[null,""25.65"",""25.88"",""25.30"",""25.31"",""24.83""]","[null,""25.82"",""26.21"",""25.34"",""25.57"",""25.04""]","[null,""25.75"",""26.11"",""25.33"",""25.48"",""24.95""]","[""24.80"",""25.21"",""25.37"",""25.19"",""25.18"",""25.14""]","[""1.00"",""1.26"",""1.18"",""1.16"",""5.29"",""4.13""]","[null,""0.0322"",""0.0620"",""0.0431"",""0.0294"",""0.0279""]","[null,""0.59"",""0.59"",""0.31"",""0.90"",""0.91""]","[""0.16"",""2.69"",""0.25"",""-2.46"",""1.98"",""0.09""]",Dave & Buster's Entertainment Inc,24.2,0,,,43.73,15.08,50,697620,836740400,23.91,2.04,60.82437718,0.0000716722571,-4.836806921,-3.815580286,,14,88,26.29000092,,TRUE,,2025-09-05 06:19:59,0
2025-08-22 19:44:55,Long Calls,,Adobe Inc.,ADBE,19.76,352.5,2025-09-11 0:00:00,3,4:05:00 PM,2025-08-21 8:54:37,353.43,2025-08-21 0:00:00,4,22,11,20.2,21.25,2025-09-19 0:00:00,,0.1159,3804159.717,"[""0.034468"",""0.030440"",""0.022326"",""0.016340"",""0.013475"",""0.000605""]",2025-08-29,"[""0.034468"",""0.030440"",""0.022326"",""0.016340"",""0.013475"",""0.000605""]","[""0.000000"",""0.000000"",""0.000000"",""0.009617"",""0.000128"",""0.031830""]",364.65,363.23,360.29,358.22,357.25,352.71,,3.58,,"[null,""21.94"",""75.08"",""71.48"",""35.72"",""36.71""]","[null,""363.45"",""358.06"",""356.78"",""355.45"",""354.54""]","[null,""363.50"",""356.90"",""356.16"",""354.51"",""355.43""]","[null,""363.21"",""359.33"",""357.32"",""356.54"",""352.74""]","[null,""363.40"",""358.33"",""356.84"",""355.84"",""353.98""]","[""363.09"",""359.35"",""358.80"",""357.27"",""357.22"",""356.90""]","[""1.00"",""1.29"",""0.81"",""1.22"",""0.04"",""0.40""]","[null,""0.3160"",""0.5173"",""0.3633"",""1.5849"",""0.8919""]","[null,""-0.43"",""0.58"",""0.36"",""0.44"",""-0.70""]","[""0.03"",""-1.24"",""-0.68"",""-0.93"",""-0.06"",""-1.36""]",Adobe Inc,344.31,0,,,587.75,330.04,18985,2363230,146056300964,22.03,1.48,26.90587831,0.008033496528,-3.378700716,-0.3790289914,,14,68,,,FALSE,,2025-09-05 06:19:59,0
2025-08-22 19:44:55,Long Calls,,Kroger Co.,KR,2.73,71,2025-09-12 0:00:00,1,8:00:00 AM,,71.42,2025-08-21 0:00:00,5,49,2,2.53,2.72,2025-09-12 0:00:00,,0.0559,7384505.927,"[null,null,null,null,null,null]",,"[""0.000000"",""0.000000"",""0.000000"",""0.000000"",""0.000000"",""0.000000""]","[""0.019296"",""0.030000"",""0.051972"",""0.059718"",""0.054930"",""0.041831""]",70.47,70.4,69.34,67.98,67.89,68.98,,0,,"[""66.11"",""62.31"",""54.47"",""41.37"",""75.95"",""92.24""]","[""70.28"",""70.16"",""69.13"",""67.81"",""67.65"",""67.78""]","[null,""70.14"",""69.27"",""67.69"",""67.62"",""67.68""]","[""70.32"",""70.27"",""69.15"",""67.88"",""67.73"",""68.10""]","[""70.28"",""70.20"",""69.16"",""67.83"",""67.67"",""67.87""]","[""70.08"",""69.66"",""69.09"",""68.67"",""68.52"",""68.52""]","[""1.00"",""1.27"",""1.19"",""0.98"",""3.58"",""0.73""]","[""0.0790"",""0.0770"",""0.0941"",""0.0803"",""0.0424"",""0.1182""]","[""0.17"",""0.30"",""0.15"",""-0.19"",""0.31"",""1.60""]","[""0.09"",""-0.96"",""-1.60"",""-1.76"",""-0.97"",""0.51""]",Kroger Co,67.84,0,,,74.9,50.69,4863,5222304,44852807050,18.44,0.59,24.04186119,0.0009311981838,-0.2059429244,-7.98860708,,7,54,,67.30999756,FALSE,,2025-09-05 06:19:59,0
2025-08-22 19:44:55,Long Calls,,Oracle Corp.,ORCL,14.87,232.5,2025-09-15 0:00:00,3,4:05:00 PM,,233.16,2025-08-21 0:00:00,5,66,27,14.65,15,2025-09-19 0:00:00,,0.0993,11864953.7,"[""0.028086"",""0.018968"",""0.017333"",""0.040645"",""0.024602"",""0.024602""]",2025-08-29,"[""0.028086"",""0.018968"",""0.017333"",""0.040645"",""0.024602"",""0.000000""]","[""0.000000"",""0.000000"",""0.000000"",""0.000000"",""0.040387"",""0.058968""]",239.03,236.9,236.53,241.95,238.22,225.45,,1.01,,"[""59.47"",""58.23"",""67.11"",""77.35"",""16.72"",""56.96""]","[""238.75"",""236.35"",""236.23"",""240.75"",""239.98"",""224.88""]","[""238.52"",""236.17"",""236.20"",""240.59"",""240.16"",""224.42""]","[""238.80"",""236.54"",""236.40"",""241.34"",""239.34"",""225.04""]","[""238.72"",""236.40"",""236.30"",""240.96"",""239.81"",""224.85""]","[""236.57"",""235.29"",""235.22"",""236.27"",""236.30"",""232.39""]","[""1.00"",""1.30"",""0.71"",""1.07"",""0.01"",""0.72""]","[""0.1562"",""0.2982"",""0.1214"",""0.1946"",""0.4120"",""0.2772""]","[""0.07"",""0.15"",""0.10"",""0.44"",""-1.00"",""0.07""]","[""-0.49"",""-0.46"",""0.25"",""1.71"",""0.54"",""-3.17""]",Oracle Corp,223,0,,,260.87,118.86,186130,7403128,626369759000,51.36,1.46,34.33728032,0.02514207508,-5.432339595,-13.03669617,,14,88,236.5299988,232.6799927,TRUE,,2025-09-05 06:19:59,0
2025-08-23 8:50:58,Long Calls,,"MongoDB, Inc.",MDB,18.3,217.5,2025-08-26 0:00:00,3,4:05:00 PM,2025-08-05 16:11:16,219.06,2025-08-22 0:00:00,5,15,43,18.1,19.1,2025-08-29 0:00:00,0.1623,0.1764,2382015.682,"[""0.007218"",""0.013701"",""0.366713"",""0.478391"",""0.480092"",""0.480092""]",2025-08-29,"[""0.007218"",""0.013701"",""0.366713"",""0.478391"",""0.480092"",""0.480092""]","[""0.014644"",""0.023862"",""0.000000"",""0.000000"",""0.000000"",""-0.417885""]",219.07,220.48,297.26,321.55,321.92,315.61,315.61,20.05,,"[null,""69.77"",""72.26"",""65.73"",""63.85"",""81.42""]","[null,""218.24"",""294.94"",""320.65"",""318.59"",""313.43""]","[null,""217.43"",""293.61"",""319.05"",""318.29"",""311.42""]","[null,""219.12"",""295.62"",""320.73"",""319.37"",""314.69""]","[null,""218.46"",""295.00"",""320.36"",""318.82"",""313.53""]","[null,""217.19"",""269.51"",""280.46"",""283.14"",""313.43""]","[""NaN"",""0.83"",""2.20"",""2.03"",""0.99"",""0.00""]","[null,""0.6460"",""0.7860"",""0.4935"",""1.7186"",""0.6511""]","[null,""0.76"",""0.66"",""0.25"",""0.95"",""0.70""]","[null,""1.25"",""10.16"",""14.61"",""13.59"",""0.69""]",Mongodb Inc,322.05,0,,,370,140.94,17747,1541140,26200988651,,1.5,109.1896594,0.01151550151,8.911058505,36.56602493,,-7,60,297.2600098,,TRUE,,2025-09-05 06:19:59,0
2025-08-23 8:50:58,Long Calls,,Abercrombie & Fitch Co.,ANF,7.01,98,2025-08-27 0:00:00,1,7:30:00 AM,2025-08-01 8:03:35,98.46,2025-08-22 0:00:00,5,71,29,6.9,7.2,2025-08-29 0:00:00,0.1422,0.1231,2417448.058,"[""0.026607"",""0.025408"",""0.019796"",""0.005204"",null,null]",2025-08-25,"[""0.026607"",""0.025408"",""0.019796"",""0.005204"",""0.000000"",""-0.010204""]","[""0.002551"",""0.020204"",""0.114694"",""0.025408"",""0.059949"",""0.059949""]",100.61,100.49,99.94,98.51,97,93.53,93.53,0.23,,"[""51.88"",""62.31"",""61.57"",""51.92"",""51.42"",""59.53""]","[""95.30"",""99.71"",""98.90"",""88.26"",""96.80"",""93.40""]","[""94.23"",""99.65"",""98.07"",""90.02"",""96.97"",""93.04""]","[""95.03"",""99.94"",""99.32"",""80.40"",""96.82"",""93.54""]","[""94.03"",""99.79"",""98.93"",""85.53"",""96.80"",""93.39""]","[""99.70"",""99.74"",""96.36"",""96.49"",""96.55"",""93.44""]","[""1.85"",""0.20"",""0.99"",""0.81"",""0.13"",""0.00""]","[""14.4130"",""0.3349"",""0.5025"",""28.1484"",""0.1955"",""0.1636""]","[""5.38"",""0.54"",""0.64"",""11.62"",""0.08"",""0.14""]","[""0.74"",""0.51"",""3.29"",""2.09"",""0.34"",""0.10""]",Abercrombie & Fitch Co,93.48,0,,,167.71,65.4,13722,1433917,4453697713,8.85,1.44,50.0772303,0.009569591545,-1.97147651,-9.392265193,,-7,60,99.94000244,86.76000214,TRUE,,2025-09-05 06:19:59,0
2025-08-23 8:50:58,Long Calls,,NVIDIA Corp.,NVDA,6.52,177.5,2025-08-27 0:00:00,3,4:20:00 PM,2025-07-30 17:05:27,177.99,2025-08-22 0:00:00,5,8222,34863,6.5,6.55,2025-08-29 0:00:00,0.0701,0.0739,194293098.3,"[""0.024845"",""0.027549"",""0.028113"",""0.039268"",""0.003437"",""0.003437""]",2025-08-29,"[""0.024845"",""0.027549"",""0.028113"",""0.039268"",""0.003437"",""0.003437""]","[""0.005239"",""0.000000"",""0.000000"",""0.006141"",""0.024535"",""0.024535""]",181.91,182.39,182.49,184.47,178.11,177.67,174.11,6.39,,"[""59.78"",""67.35"",""85.94"",""72.86"",""14.98"",null]","[""181.64"",""182.04"",""182.10"",""181.72"",""180.52"",null]","[""181.44"",""182.01"",""181.96"",""181.58"",""180.43"",null]","[""181.73"",""182.13"",""182.26"",""182.31"",""179.93"",null]","[""181.63"",""182.06"",""182.13"",""181.91"",""180.30"",null]","[""179.51"",""180.58"",""180.83"",""181.10"",""180.58"",null]","[""1.50"",""1.39"",""1.77"",""1.93"",""7.14"",""NaN""]","[""0.1647"",""0.1381"",""0.0798"",""0.3787"",""0.4479"",null]","[""0.09"",""0.13"",""0.20"",""0.91"",""-1.58"",null]","[""1.28"",""0.93"",""0.91"",""1.25"",""-1.61"",null]",NVIDIA Corp,171.66,0,,,184.48,86.62,7501652,140040850,4171338088989,48.86,2.11,24.70565555,0.05356759831,-5.473568282,-4.325047375,,-7,60,182.4900055,,TRUE,,2025-09-05 06:19:59,0
2025-08-23 8:50:58,Long Calls,,Snowflake,SNOW,12.41,195,2025-08-27 0:00:00,3,4:05:00 PM,2025-08-04 9:21:57,196.81,2025-08-22 0:00:00,5,1630,907,12.2,12.45,2025-08-29 0:00:00,0.1161,0.1481,4339388.299,"[""0.028051"",""0.007692"",""0.038667"",""0.282000"",""0.237179"",""0.238462""]",2025-08-29,"[""0.028051"",""0.007692"",""0.038667"",""0.282000"",""0.237179"",""0.238462""]","[""0.001692"",""0.008103"",""0.000000"",""0.000000"",""0.000000"",""-0.196359""]",200.47,196.5,202.54,249.99,241.25,238.66,238.66,34.8,,"[null,""67.13"",""81.71"",""78.00"",""29.87"",""71.65""]","[null,""195.37"",""201.74"",""247.77"",""241.32"",""237.72""]","[null,""195.36"",""201.21"",""245.51"",""242.35"",""237.35""]","[null,""195.83"",""202.09"",""248.27"",""240.81"",""238.17""]","[null,""195.55"",""201.78"",""247.46"",""241.26"",""237.80""]","[""199.98"",""196.27"",""198.00"",""222.14"",""225.21"",""236.71""]","[""2.00"",""0.67"",""1.43"",""3.28"",""5.04"",""0.00""]","[null,""0.4160"",""0.1819"",""0.6998"",""0.5689"",""0.3419""]","[null,""0.43"",""0.36"",""0.88"",""-0.44"",""0.40""]","[""0.01"",""-0.03"",""2.26"",""12.51"",""6.68"",""0.82""]",Snowflake Inc,221.9,0,,,249.99,107.13,52425,2848425,74038708163,,1.22,68.61413933,0.01840490798,10.73406857,5.395649283,,-7,60,202.5399933,,TRUE,,2025-09-05 06:19:59,0
2025-08-23 8:50:58,Long Calls,,"Urban Outfitters, Inc",URBN,4.72,76,2025-08-27 0:00:00,3,4:05:00 PM,2025-08-10 20:42:05,76.98,2025-08-22 0:00:00,5,112,99,4.6,4.8,2025-08-29 0:00:00,0.1137,0.1271,2028216.431,"[""0.025000"",""0.023684"",""0.030395"",""0.039474"",null,null]",2025-08-25,"[""0.025000"",""0.023684"",""0.030395"",""0.039474"",""0.000000"",""-0.084934""]","[""0.004980"",""0.002237"",""0.000000"",""0.092895"",""0.119618"",""0.119618""]",77.9,77.8,78.31,79,69.54,67.08,67.07,0.42,,"[""71.87"",""51.96"",""62.75"",""31.03"",""15.48"",""51.54""]","[""77.45"",""73.67"",""78.10"",""78.06"",""69.78"",""67.08""]","[null,""72.80"",""77.85"",""77.93"",""70.56"",""67.10""]","[""77.71"",""75.37"",""78.14"",""77.91"",""69.46"",""67.03""]","[""77.48"",""73.32"",""78.07"",""77.99"",""69.80"",""67.05""]","[""77.13"",""77.15"",""77.08"",""77.20"",""74.06"",""67.54""]","[""1.04"",""3.69"",""2.88"",""5.87"",""1.89"",""0.00""]","[""0.1196"",""11.1564"",""0.0925"",""0.3409"",""0.1985"",""0.0675""]","[""0.57"",""5.60"",""0.17"",""-1.00"",""-1.70"",""0.00""]","[""0.98"",""0.84"",""1.51"",""0.10"",""-7.38"",""-0.69""]",Urban Outfitters Inc,71.35,0,,,80.69,33.86,2886,1630515,6399829441,13.96,1.29,53.15480045,0.001769992916,-8.537367004,-10.57776664,,-7,60,78.30999756,,TRUE,,2025-09-05 06:19:59,0
2025-08-23 8:50:58,Long Calls,,Burlington Stores Inc,BURL,13.73,280,2025-08-28 0:00:00,1,6:45:00 AM,2025-08-14 16:15:51,280.84,2025-08-22 0:00:00,5,14,1,12.9,14.6,2025-09-05 0:00:00,0.0986,0.07,1090230.541,"[""0.009179"",""0.007214"",""0.009857"",""0.103571"",""0.059446"",""0.059446""]",2025-08-29,"[""0.009179"",""0.007214"",""0.009857"",""0.103571"",""0.059446"",""0.059446""]","[""0.010571"",""0.004964"",""0.006214"",""0.000000"",""0.000000"",""-0.007357""]",282.57,282.02,282.76,309,296.64,290.68,,9.8,,"[""51.91"",""51.91"",""51.87"",""53.62"",""53.86"",""53.18""]","[""253.84"",""224.76"",""254.03"",""275.00"",""295.02"",""289.61""]","[""242.62"",""224.66"",""253.27"",""273.10"",""290.16"",""283.24""]","[""275.65"",""258.56"",""227.63"",""281.61"",""295.37"",""290.16""]","[""261.35"",""237.75"",""242.36"",""276.18"",""294.93"",""288.96""]","[""279.35"",""280.27"",""280.28"",""283.33"",""290.75"",""287.30""]","[""0.27"",""0.83"",""1.80"",""0.45"",""0.62"",""0.00""]","[""60.5305"",""80.4068"",""80.8757"",""46.3864"",""0.5282"",""0.3872""]","[""11.32"",""25.42"",""11.14"",""11.97"",""0.55"",""0.37""]","[""1.15"",""0.58"",""0.73"",""8.68"",""2.03"",""1.18""]",Burlington Stores Inc,301.35,0,,,309,212.92,776,847651,18995603661,35.66,1.72,30.96036826,0.0009154711078,7.509810917,6.49162485,,0,60,282.7600098,278.2600098,TRUE,,2025-09-05 06:19:59,0
2025-08-23 8:50:58,Long Calls,,Dollar General Corporation,DG,4.91,112,2025-08-28 0:00:00,1,6:50:00 AM,2025-07-31 7:27:38,112.4,2025-08-22 0:00:00,5,36,29,4.7,5.3,2025-08-29 0:00:00,0.0863,0.1137,3295366.987,"[""0.007143"",""0.004286"",null,""0.026607"",""0.016250"",""0.016250""]",2025-08-29,"[""0.007143"",""0.004286"",""0.000000"",""0.026607"",""0.016250"",""0.016250""]","[""0.008750"",""0.017143"",""0.017768"",""0.056373"",""0.040917"",""0.040917""]",112.8,112.48,111.33,114.98,113.82,112.17,108.76,0.47,,"[""61.11"",""58.78"",""78.02"",""92.95"",""64.26"",null]","[""112.71"",""112.25"",""110.84"",""111.30"",""111.90"",null]","[""112.65"",""112.34"",""110.88"",""111.03"",""112.11"",null]","[""112.72"",""112.35"",""111.03"",""112.38"",""112.31"",null]","[""112.70"",""112.30"",""110.91"",""111.62"",""112.09"",null]","[""111.88"",""112.02"",""111.17"",""111.33"",""111.07"",""112.16""]","[""0.41"",""1.43"",""2.39"",""0.10"",""0.94"",""2.00""]","[""0.0585"",""0.1339"",""0.0953"",""0.4189"",""0.3614"",null]","[""0.08"",""0.18"",""0.45"",""2.91"",""0.84"",null]","[""0.83"",""0.38"",""0.15"",""2.88"",""1.60"",""0.01""]",Dollar General Corp,108.44,0,,,117.95,66.43,1204,2545165,23868295177,20.06,0.29,23.30619581,0.0004730538099,-2.482014388,-4.306388987,,-7,40,,110.0100021,FALSE,,2025-09-05 06:19:59,0
2025-08-23 8:50:58,Long Calls,,Marvell Technology Group Ltd.,MRVL,4.35,72,2025-08-28 0:00:00,3,4:05:00 PM,2025-08-04 9:21:44,73,2025-08-22 0:00:00,5,311,103,4.3,4.45,2025-08-29 0:00:00,0.1065,0.1326,18958793,"[""0.026083"",""0.043611"",""0.042033"",""0.084514"",null,null]",2025-08-25,"[""0.026083"",""0.043611"",""0.042033"",""0.084514"",""0.000000"",""-0.093403""]","[""0.000000"",""0.000000"",""0.000000"",""0.000000"",""0.130276"",""0.130276""]",73.88,75.14,75.03,78.08,65.28,62.87,62.87,0.65,,"[""63.59"",""58.53"",""64.57"",""53.82"",""58.62"",""51.28""]","[""73.77"",""74.97"",""74.90"",""77.87"",""48.44"",""62.88""]","[""73.67"",""74.96"",""74.87"",""77.61"",""62.23"",""62.82""]","[""73.78"",""75.04"",""74.96"",""77.92"",""29.93"",""62.85""]","[""73.75"",""75.00"",""74.92"",""77.85"",""42.84"",""62.85""]","[""73.17"",""73.55"",""74.01"",""75.33"",""71.49"",""63.94""]","[""1.85"",""1.70"",""0.81"",""2.06"",""7.51"",""0.00""]","[""0.0581"",""0.0542"",""0.0406"",""0.1413"",""9.4185"",""0.1375""]","[""0.14"",""0.13"",""0.14"",""0.03"",""34.13"",""-0.02""]","[""0.96"",""2.07"",""1.35"",""3.40"",""-9.12"",""-1.67""]",Marvell Technology Inc,64.1,0,,,127.48,47.09,401472,9854126,55260602274,,1.85,75.41460456,0.04074151274,-14.29335473,-14.89644185,,-7,60,75.02639771,,TRUE,,2025-09-05 06:19:59,0
2025-08-23 8:50:58,Long Calls,,"Autodesk, Inc.",ADSK,9.3,290,2025-08-28 0:00:00,3,4:01:00 PM,2025-08-04 8:05:38,290.23,2025-08-22 0:00:00,5,43,14,8.8,9.8,2025-08-29 0:00:00,0.072,0.0328,1516769.804,"[""0.004224"",null,null,""0.015483"",""0.125690"",""0.125690""]",2025-08-29,"[""0.004224"",""0.000000"",""0.000000"",""0.015483"",""0.125690"",""0.125690""]","[""0.019638"",""0.028310"",""0.023379"",""0.007638"",""0.000000"",""-0.059517""]",291.23,286.67,286.57,294.49,326.45,314.7,314.7,0.55,,"[null,""51.93"",""51.93"",""57.65"",""84.40"",""59.51""]","[null,""242.88"",""286.16"",""293.70"",""301.45"",""314.08""]","[null,""268.34"",""274.32"",""293.25"",""296.59"",""314.34""]","[null,""280.44"",""286.23"",""293.96"",""315.87"",""314.30""]","[null,""267.98"",""283.87"",""293.65"",""306.21"",""314.18""]","[""291.06"",""286.01"",""284.80"",""287.01"",""291.90"",""314.04""]","[""1.83"",""2.21"",""6.63"",""2.27"",""0.55"",""0.00""]","[null,""40.9985"",""0.1739"",""0.2083"",""4.7250"",""0.4527""]","[null,""18.03"",""0.05"",""0.25"",""7.33"",""0.20""]","[""0.06"",""0.23"",""0.53"",""2.58"",""10.84"",""0.21""]",Autodesk Inc,319.93,0,,,326.62,232.67,1769,1184561,68145088439,66.33,1.49,33.66921359,0.001493380248,11.88319636,4.833213186,,-7,40,,,FALSE,,2025-09-05 06:19:59,0
2025-08-23 8:50:58,Long Calls,,"Affirm Holdings, Inc.",AFRM,5.91,79,2025-08-28 0:00:00,3,4:05:00 PM,2025-07-31 16:11:15,79.49,2025-08-22 0:00:00,4,625,295,5.8,6.05,2025-08-29 0:00:00,0.1453,0.1556,6364401.027,"[""0.005190"",""0.006582"",null,""0.025949"",""0.265823"",""0.265823""]",2025-08-29,"[""0.005190"",""0.006582"",""0.000000"",""0.025949"",""0.265823"",""0.265823""]","[""0.033671"",""0.015823"",""0.032532"",""0.012658"",""0.000000"",""-0.098228""]",79.41,79.52,78.95,81.05,100,88.46,88.45,0.77,,"[null,""74.38"",""55.02"",""73.56"",""89.42"",""66.62""]","[null,""77.92"",""78.35"",""80.47"",""86.29"",""87.65""]","[null,""78.09"",""78.58"",""80.44"",""82.54"",""87.44""]","[null,""77.93"",""78.16"",""80.64"",""94.26"",""88.13""]","[null,""77.92"",""78.31"",""80.52"",""88.73"",""87.80""]","[""79.22"",""78.02"",""78.29"",""78.49"",""82.48"",""92.02""]","[""2.00"",""4.05"",""1.31"",""4.05"",""1.71"",""0.00""]","[null,""0.2707"",""0.2992"",""0.1337"",""2.1671"",""0.3312""]","[null,""1.62"",""0.22"",""0.70"",""13.85"",""0.92""]","[""-0.01"",""1.49"",""0.30"",""3.24"",""19.10"",""-3.87""]",Affirm Holdings Inc,89.66,0,,,100,30.9,178299,3330773,29197807090,585.9,3.64,68.82709525,0.05353081702,15.55612837,16.01966874,,-7,40,,76.43000031,FALSE,,2025-09-05 06:19:59,0
2025-08-23 8:50:58,Long Calls,,ULTA Beauty,ULTA,24.09,525,2025-08-28 0:00:00,3,4:05:00 PM,2025-08-15 9:16:19,529.5,2025-08-22 0:00:00,5,43,5,20.8,22.7,2025-08-29 0:00:00,0.0808,0.0769,719527.0138,"[""0.013314"",""0.004476"",""0.022648"",""0.025886"",""0.023505"",""0.023505""]",2025-08-29,"[""0.013314"",""0.004476"",""0.022648"",""0.025886"",""0.023505"",""0.023505""]","[""0.003810"",""0.009524"",""0.000000"",""0.000000"",""0.062857"",""0.062857""]",531.99,527.35,536.89,538.59,537.34,537.34,492.73,2.72,,"[null,""51.94"",""51.94"",""52.57"",""80.28"",null]","[null,""499.94"",""453.40"",""533.87"",""530.98"",null]","[null,""484.67"",""467.15"",""479.94"",""529.67"",null]","[null,""440.53"",""486.46"",""534.03"",""532.12"",null]","[null,""472.36"",""468.36"",""526.95"",""531.07"",null]","[""529.04"",""526.02"",""525.19"",""527.15"",""528.15"",null]","[""1.22"",""0.70"",""1.48"",""0.80"",""5.97"",""NaN""]","[null,""75.6861"",""153.0364"",""0.7314"",""1.6889"",null]","[null,""5.48"",""18.30"",""0.19"",""1.20"",null]","[""0.56"",""0.25"",""2.13"",""1.47"",""1.74"",null]",Ulta Beauty Inc,529.5,0,,,539,309.01,297,593311,23741910000,20.3,1.06,37.68506479,0.0005005806398,-0.8074033832,2.578507914,,-7,60,536.8900146,,TRUE,,2025-09-05 06:19:59,0
2025-08-23 8:50:58,Long Calls,,Dell Technologies,DELL,6.4,130,2025-08-28 0:00:00,3,4:05:00 PM,2025-08-18 19:50:29,130.84,2025-08-22 0:00:00,4,501,103,6.3,6.65,2025-08-29 0:00:00,0.0927,0.1214,5566136.717,"[""0.016500"",""0.019231"",""0.020522"",""0.039846"",null,null]",2025-08-25,"[""0.016500"",""0.019231"",""0.020522"",""0.039846"",""0.000000"",""-0.043769""]","[""0.001769"",""0.000000"",""0.000000"",""0.000000"",""0.079769"",""0.079769""]",132.15,132.5,132.67,135.18,124.31,122.15,122.15,22.52,,"[""59.80"",""67.91"",""61.08"",""53.99"",""76.52"",""50.71""]","[""131.94"",""131.72"",""132.43"",""134.10"",""123.18"",""122.11""]","[""131.76"",""131.83"",""132.28"",""131.22"",""123.01"",""122.06""]","[""132.02"",""132.11"",""132.45"",""134.53"",""123.68"",""122.23""]","[""131.95"",""131.90"",""132.41"",""133.88"",""123.31"",""122.16""]","[""131.30"",""131.55"",""131.50"",""131.88"",""127.10"",""121.71""]","[""0.57"",""2.73"",""2.31"",""0.73"",""2.23"",""0.00""]","[""0.0954"",""0.1854"",""0.0832"",""0.3321"",""0.2429"",""0.2725""]","[""0.08"",""0.51"",""0.05"",""0.79"",""0.79"",""0.03""]","[""0.57"",""0.64"",""0.76"",""2.49"",""-2.32"",""0.36""]",Dell Technologies Inc,126.67,0,,,147.66,66.25,32831,4057774,85677256033,0,,42.59587892,0.008090889241,-4.4,-1.147182769,,-7,60,132.6678925,130.6540985,TRUE,,2025-09-05 06:19:59,0
2025-08-23 8:50:58,Long Calls,,Signet Jewelers Ltd,SIG,5.9,87,2025-09-02 0:00:00,1,6:50:00 AM,2025-08-05 7:31:49,87.33,2025-08-22 0:00:00,5,25,5,5.8,6.2,2025-09-05 0:00:00,0.063,0.1334,1030175.39,"[""0.000632"",""0.011724"",""0.074655"",""0.069425"",""0.035862"",""0.035862""]",2025-08-29,"[""0.000632"",""0.011724"",""0.074655"",""0.069425"",""0.035862"",""0.035862""]","[""0.028218"",""0.027241"",""0.000000"",""0.000000"",""0.003333"",""0.003333""]",87.06,88.02,93.5,93.04,90.12,87.05,,2.65,,"[null,""54.57"",""77.40"",""40.38"",""51.79"",""52.24""]","[null,""87.31"",""92.95"",""93.00"",""85.28"",""69.98""]","[null,""87.10"",""92.74"",""92.80"",""88.15"",""64.82""]","[null,""87.67"",""93.15"",""93.08"",""75.40"",""82.95""]","[null,""87.34"",""92.99"",""93.02"",""82.39"",""76.03""]","[null,""86.59"",""89.09"",""89.31"",""89.53"",""87.90""]","[""NaN"",""3.72"",""1.67"",""0.18"",""1.11"",""2.91""]","[null,""0.1504"",""0.1096"",""0.2350"",""12.9596"",""12.6429""]","[null,""0.53"",""0.51"",""-0.30"",""5.12"",""24.40""]","[null,""1.36"",""4.86"",""3.83"",""0.13"",""-0.97""]",Signet Jewelers Ltd,90.55,-0.01,,,106.28,45.55,722,805552,3726153452,30.22,1.18,46.82386398,0.0008962798181,-3.020242048,20.52442433,,0,60,93.49500275,,TRUE,,2025-09-05 06:19:59,0
2025-08-23 8:50:58,Long Calls,,"Dollar Tree, Inc.",DLTR,5.25,113,2025-09-03 0:00:00,1,6:30:00 AM,2025-08-13 16:10:06,113.32,2025-08-22 0:00:00,4,80,99,5.25,5.5,2025-09-05 0:00:00,0.0507,0.091,3789377.163,"[""0.013274"",null,""0.006372"",""0.024204"",""0.005752"",""0.005752""]",2025-08-29,"[""0.013274"",""0.000000"",""0.006372"",""0.024204"",""0.005752"",""0.005752""]","[""0.012124"",""0.015929"",""0.011062"",""0.010841"",""0.038850"",""0.038850""]",114.5,112.97,113.72,115.74,113.65,112.61,,1.52,,"[null,""61.75"",""79.68"",""89.61"",""53.51"",null]","[null,""112.62"",""113.56"",""113.13"",""113.04"",null]","[null,""112.26"",""113.30"",""113.19"",""110.58"",null]","[null,""112.71"",""113.64"",""113.74"",""113.35"",null]","[null,""112.59"",""113.54"",""113.33"",""112.89"",null]","[""113.89"",""112.36"",""112.23"",""112.42"",""112.51"",null]","[""1.73"",""0.50"",""0.86"",""0.51"",""0.78"",""NaN""]","[null,""0.1630"",""0.0410"",""0.2978"",""0.2531"",null]","[null,""0.25"",""0.13"",""1.93"",""0.47"",null]","[""0.02"",""0.48"",""1.32"",""2.57"",""0.94"",null]",Dollar Tree Inc,100.25,0,,,118.06,60.49,5410,2914995,20921743925,,0.89,29.91347179,0.001855920851,-11.17313486,-13.85236745,,0,60,113.7200012,,TRUE,,2025-09-05 06:19:59,0
2025-08-23 8:50:58,Long Calls,,Credo Technology Group Holding Ltd,CRDO,9.9,114,2025-09-03 0:00:00,3,4:05:00 PM,2025-08-13 9:17:53,114.04,2025-08-22 0:00:00,5,2,35,9.9,11,2025-09-05 0:00:00,0.0925,0.1987,4738845.818,"[""0.027895"",""0.064803"",""0.087544"",""0.178509"",""0.150876"",""0.150876""]",2025-08-29,"[""0.027895"",""0.064803"",""0.087544"",""0.178509"",""0.150876"",""0.150876""]","[""0.013158"",""0.000000"",""0.000000"",""0.000000"",""0.000000"",""-0.061404""]",117.18,121.39,123.98,134.35,131.2,123.06,,13.57,,"[""59.06"",""55.92"",""61.89"",""55.57"",""22.23"",""65.65""]","[""116.53"",""121.09"",""123.83"",""134.02"",""132.16"",""122.63""]","[""115.99"",""120.85"",""123.41"",""133.79"",""132.65"",""122.32""]","[""116.91"",""121.17"",""123.86"",""134.14"",""131.34"",""122.89""]","[""116.65"",""121.09"",""123.76"",""134.03"",""131.94"",""122.67""]","[""115.48"",""116.89"",""119.18"",""123.20"",""124.02"",""124.01""]","[""1.18"",""1.56"",""0.44"",""1.81"",""0.68"",""0.00""]","[""0.2925"",""0.1015"",""0.1201"",""0.1385"",""0.4865"",""0.2542""]","[""0.34"",""0.05"",""0.03"",""0.06"",""-1.23"",""0.35""]","[""1.25"",""3.64"",""3.93"",""8.84"",""5.25"",""-0.77""]",Credo Technology Group Holding Ltd,134,0,,,141.09,24.08,148002,3461832,23178435600,197.41,2.59,69.99327098,0.04275250792,9.182758902,14.19805693,,0,60,123.9800034,,TRUE,,2025-09-05 06:19:59,0
2025-08-23 8:50:58,Long Calls,,Salesforce,CRM,11.4,247.5,2025-09-03 0:00:00,3,4:02:00 PM,2025-08-07 16:33:58,248.29,2025-08-22 0:00:00,5,146,25,11.15,11.5,2025-09-05 0:00:00,0.0502,0.0697,7355400.248,"[""0.007556"",""0.005374"",""0.011596"",""0.032929"",""0.040970"",""0.040970""]",2025-08-29,"[""0.007556"",""0.005374"",""0.011596"",""0.032929"",""0.040970"",""0.040970""]","[""0.002869"",""0.018788"",""0.007636"",""0.000000"",""0.000000"",""-0.021816""]",249.37,248.83,250.37,255.65,257.64,256.25,,1.75,,"[null,""62.47"",""63.99"",""67.31"",""75.51"",""49.53""]","[null,""248.08"",""250.00"",""255.25"",""255.91"",""256.32""]","[null,""247.83"",""249.67"",""255.25"",""255.20"",""256.29""]","[null,""248.47"",""250.16"",""255.42"",""256.74"",""256.24""]","[null,""248.21"",""250.01"",""255.31"",""256.10"",""256.27""]","[null,""247.55"",""246.83"",""248.64"",""249.30"",""255.22""]","[""NaN"",""0.10"",""0.77"",""1.23"",""0.46"",""0.00""]","[null,""0.3426"",""0.1694"",""0.1176"",""0.5749"",""0.2588""]","[null,""0.25"",""0.11"",""0.14"",""0.59"",""-0.03""]","[null,""0.47"",""1.40"",""2.80"",""3.26"",""0.40""]",Salesforce Inc,244.01,0,,,369,226.48,114713,5646824,233273554748,35.41,1.22,30.63155904,0.02031460517,-2.458426607,-2.070875306,,0,60,250.3699951,,TRUE,,2025-09-05 06:19:59,0
2025-08-23 8:50:58,Long Calls,,Hewlett Packard Enterprise,HPE,1.39,22,2025-09-03 0:00:00,3,4:05:00 PM,2025-08-13 8:29:28,22.45,2025-08-22 0:00:00,5,254,156,1.27,1.3,2025-09-05 0:00:00,0.061,0.0705,17762524.99,"[""0.030455"",""0.033636"",""0.039545"",""0.059545"",""0.037568"",""0.037568""]",2025-08-29,"[""0.030455"",""0.033636"",""0.039545"",""0.059545"",""0.037568"",""0.037568""]","[""0.000000"",""0.000000"",""0.000000"",""0.000000"",""0.000000"",""-0.019545""]",22.67,22.74,22.87,23.31,22.83,22.57,,,,"[""68.10"",""73.03"",""64.16"",""66.68"",""51.59"",""38.42""]","[""22.62"",""22.69"",""22.83"",""23.20"",""21.66"",""22.62""]","[""22.58"",""22.61"",""22.82"",""23.16"",""22.59"",""22.61""]","[""22.64"",""22.70"",""22.85"",""23.23"",""22.61"",""22.59""]","[""22.62"",""22.68"",""22.84"",""23.20"",""22.33"",""22.61""]","[""22.52"",""22.54"",""22.59"",""22.67"",""22.79"",""22.61""]","[""1.08"",""6.10"",""1.98"",""1.54"",""0.78"",""0.00""]","[""0.0196"",""0.0173"",""0.0168"",""0.0292"",""0.0588"",""0.0289""]","[""0.22"",""0.19"",""0.17"",""0.43"",""5.25"",""-0.23""]","[""0.66"",""0.84"",""1.25"",""2.77"",""0.04"",""-0.18""]",Hewlett Packard Enterprise Co,23.16,0,,,24.66,11.97,60974,20562570,30390899199,28.32,1.43,27.77487754,0.002965290817,1.891772987,15.05216095,,0,60,22.87000084,22.23999977,TRUE,,2025-09-05 06:19:59,0
2025-08-23 8:50:58,Long Calls,,Samsara Inc. ,IOT,2.75,34.5,2025-09-04 0:00:00,3,4:10:00 PM,2025-08-04 16:33:40,34.79,2025-08-22 0:00:00,4,6,42,2.9,3.1,2025-09-05 0:00:00,0.0884,0.1087,4884927.821,"[""0.024638"",""0.002029"",""0.036957"",""0.073768"",""0.067246"",""0.067246""]",2025-08-29,"[""0.024638"",""0.002029"",""0.036957"",""0.073768"",""0.067246"",""0.067246""]","[""0.004638"",""0.030725"",""0.015362"",""0.000000"",""0.000000"",""-0.040000""]",35.35,34.57,35.78,37.04,36.82,36.14,,2.4,,"[""62.85"",""53.09"",""51.98"",""54.48"",""72.12"",""68.50""]","[""35.26"",""34.44"",""33.86"",""36.60"",""36.58"",""36.07""]","[""35.21"",""34.52"",""34.87"",""35.56"",""36.48"",""36.03""]","[""35.30"",""34.43"",""35.20"",""36.84"",""36.67"",""36.10""]","[""35.26"",""34.45"",""34.62"",""36.51"",""36.59"",""36.08""]","[""35.09"",""34.93"",""34.65"",""34.74"",""35.16"",""36.17""]","[""1.32"",""1.38"",""3.22"",""0.69"",""0.18"",""0.00""]","[""0.0275"",""0.0624"",""5.1204"",""0.0973"",""0.0943"",""0.0404""]","[""0.14"",""0.14"",""5.49"",""1.20"",""0.63"",""0.20""]","[""0.62"",""-1.28"",""3.09"",""6.64"",""4.71"",""-0.09""]",Samsara Inc,35.84,0,,,61.9,31.4,244160,2636771,20404998742,,1.61,47.68949481,0.09259810579,0.5329593268,-2.52923579,,0,60,35.77500153,,TRUE,,2025-09-05 06:19:59,0
2025-08-23 8:50:58,Long Calls,,Broadcom Inc.,AVGO,14.3,292.5,2025-09-04 0:00:00,3,4:15:00 PM,2025-08-04 8:05:55,294,2025-08-22 0:00:00,4,181,50,14.05,14.35,2025-09-05 0:00:00,0.0504,0.1128,20481617.85,"[""0.020176"",""0.026495"",""0.029675"",""0.063248"",""0.049607"",""0.049607""]",2025-08-29,"[""0.020176"",""0.026495"",""0.029675"",""0.063248"",""0.049607"",""0.049607""]","[""0.002701"",""0.000000"",""0.000000"",""0.000000"",""0.000000"",""-0.003983""]",298.4,300.25,301.18,311,307.01,297.39,,23.42,,"[""57.42"",""79.41"",""70.28"",""75.35"",""11.84"",""58.18""]","[""297.63"",""297.82"",""300.61"",""310.32"",""309.53"",""297.02""]","[""297.31"",""297.80"",""299.89"",""309.97"",""309.68"",""296.79""]","[""297.92"",""298.67"",""300.70"",""310.64"",""308.24"",""297.03""]","[""297.67"",""298.11"",""300.49"",""310.40"",""309.11"",""296.93""]","[""295.65"",""296.74"",""297.12"",""299.85"",""300.41"",""296.71""]","[""1.89"",""2.74"",""2.13"",""1.57"",""5.79"",""0.00""]","[""0.2556"",""0.4307"",""0.2160"",""0.2337"",""0.7404"",""0.4795""]","[""0.10"",""0.79"",""0.09"",""0.19"",""-1.73"",""0.13""]","[""0.77"",""1.15"",""1.27"",""3.68"",""1.26"",""0.23""]",Broadcom Inc,306.1,0,,,317.35,134.9,5244793,14946309,1439732807907,78.2,0.95,29.22833285,0.35090891,1.948376353,1.468492061,,0,60,301.1799927,293.7799988,TRUE,,2025-09-05 06:19:59,0
2025-08-23 8:50:58,Long Calls,,"UiPath, Inc.",PATH,0.81,11,2025-09-04 0:00:00,3,4:10:00 PM,2025-08-07 16:39:24,11.17,2025-08-22 0:00:00,5,363,38,0.78,0.82,2025-09-05 0:00:00,0.0971,0.1108,11724221.82,"[""0.021818"",""0.011364"",""0.016364"",""0.037273"",""0.040455"",""0.040455""]",2025-08-29,"[""0.021818"",""0.011364"",""0.016364"",""0.037273"",""0.040455"",""0.040455""]","[""0.003636"",""0.017273"",""0.006364"",""0.000000"",""0.000000"",""-0.009091""]",11.24,11.13,11.18,11.41,11.44,11.12,,2.16,,"[null,""70.74"",""65.25"",""84.27"",""73.89"",""41.84""]","[null,""11.05"",""11.16"",""11.36"",""11.31"",""11.13""]","[null,""11.04"",""11.15"",""11.33"",""11.31"",""11.14""]","[null,""11.09"",""11.17"",""11.39"",""11.37"",""11.13""]","[null,""11.06"",""11.16"",""11.37"",""11.33"",""11.13""]","[null,""11.06"",""11.01"",""11.08"",""11.10"",""11.22""]","[""NaN"",""0.40"",""1.94"",""0.22"",""0.50"",""0.00""]","[null,""0.0171"",""0.0092"",""0.0111"",""0.0351"",""0.0157""]","[null,""0.55"",""0.10"",""0.40"",""1.06"",""-0.10""]","[null,""0.52"",""1.54"",""2.98"",""2.98"",""-0.92""]",UiPath Inc,10.85,0,,,15.93,9.38,1194744,6558036,5805171184,,1.02,32.97197202,0.1821801527,-2.603231598,-3.297682709,,0,60,11.18000031,,TRUE,,2025-09-05 06:19:59,0
2025-08-23 8:50:58,Long Calls,,Planet Labs PBC ,PL,1.09,6,2025-09-08 0:00:00,1,7:00:10 AM,2025-08-07 9:40:58,6.8,2025-08-22 0:00:00,5,125,10,1.1,1.2,2025-09-12 0:00:00,,0.192,7584385.943,"[""0.201667"",""0.206667"",""0.189167"",""0.230000"",""0.191667"",""0.191667""]",2025-08-29,"[""0.201667"",""0.206667"",""0.189167"",""0.230000"",""0.191667"",""0.191667""]","[""0.000000"",""0.000000"",""0.000000"",""0.000000"",""0.000000"",""-0.132133""]",7.21,7.24,7.14,7.38,7.15,7.09,,,,"[""64.62"",""68.43"",""78.60"",""52.61"",""35.83"",""59.73""]","[""7.13"",""7.13"",""7.05"",""6.82"",""7.20"",""7.02""]","[""7.15"",""7.09"",""7.01"",""6.83"",""7.21"",""7.00""]","[""7.16"",""7.17"",""7.10"",""7.12"",""7.15"",""7.06""]","[""7.14"",""7.14"",""7.06"",""6.92"",""7.18"",""7.03""]","[""7.05"",""7.07"",""7.05"",""7.07"",""7.10"",""6.92""]","[""3.70"",""3.85"",""1.83"",""1.07"",""0.15"",""0.00""]","[""0.0212"",""0.0283"",""0.0162"",""1.0855"",""0.0274"",""0.0177""]","[""0.85"",""1.05"",""0.98"",""7.24"",""-0.79"",""1.02""]","[""2.04"",""1.88"",""1.00"",""3.45"",""0.63"",""2.43""]",Planet Labs PBC,6.46,0,,,7.72,1.76,111217,3640587,1960163625,,1.81,46.21679752,0.0305491944,-8.757062147,2.215189873,,7,74,7.135000229,,TRUE,,2025-09-05 06:19:59,0
2025-08-23 8:50:58,Long Calls,,"Casey’s General Stores, Inc.",CASY,22.2,500,2025-09-08 0:00:00,3,4:30:00 PM,2025-08-18 17:35:44,503.26,2025-08-22 0:00:00,5,15,8,21.8,23.7,2025-09-19 0:00:00,,0.0729,375084.0191,"[""0.006850"",""0.009100"",""0.000000"",null,null,null]",2025-08-25,"[""0.006850"",""0.009100"",""0.000000"",""0.000000"",""0.000000"",""-0.004460""]","[""0.007640"",""0.011140"",""0.018000"",""0.020000"",""0.020000"",""0.020000""]",503.42,504.55,500,498.58,497.77,494.52,,0.46,,"[""51.92"",""52.63"",""55.22"",""54.27"",""54.26"",""52.33""]","[null,""349.07"",""273.63"",""323.91"",""347.09"",""444.00""]","[null,""259.09"",""268.67"",""239.06"",""218.31"",""315.38""]","[""140.19"",""351.25"",""247.32"",""464.56"",""452.86"",""479.13""]","[null,""326.12"",""250.77"",""375.43"",""368.54"",""435.23""]","[""502.40"",""499.65"",""498.63"",""498.23"",""497.56"",""492.28""]","[""9.37"",""1.95"",""1.77"",""1.11"",""0.98"",""0.00""]","[""107.7489"",""286.1634"",""213.5371"",""142.6348"",""141.8878"",""105.9754""]","[null,""44.16"",""82.10"",""53.93"",""43.41"",""11.38""]","[""-0.08"",""0.71"",""-0.07"",""0.07"",""0.04"",""0.46""]",Caseys General Stores Inc,498.18,0,,,531.24,362.42,72,184603,18522820344,34.04,0.66,11.80685994,0.0003900261643,-0.0220754982,-4.46988437,,14,68,,491,FALSE,,2025-09-05 06:19:59,0
2025-08-23 8:50:58,Long Calls,,"AeroVironment, Inc",AVAV,20.7,237.5,2025-09-08 0:00:00,3,4:05:00 PM,,239.84,2025-08-22 0:00:00,5,1,3,18.3,19,2025-09-19 0:00:00,,0.138,1113782.418,"[""0.043284"",""0.052211"",""0.056000"",""0.056563"",""0.068190"",""0.068190""]",2025-08-29,"[""0.043284"",""0.052211"",""0.056000"",""0.056563"",""0.068190"",""0.068190""]","[""0.000000"",""0.000000"",""0.000000"",""0.000000"",""0.000000"",""-0.004842""]",247.78,249.9,250.8,250.93,253.7,241.35,,,,"[""51.82"",""52.76"",""54.11"",""52.75"",""53.21"",""52.39""]","[""221.64"",""247.51"",""136.87"",""137.65"",""248.90"",""228.99""]","[""220.15"",""235.50"",""134.02"",""124.78"",""184.20"",""197.78""]","[""220.45"",""248.55"",""193.47"",""161.00"",""248.30"",""239.96""]","[""219.50"",""244.79"",""157.47"",""146.06"",""233.05"",""230.40""]","[""244.09"",""244.61"",""245.69"",""246.52"",""246.77"",""242.37""]","[""1.38"",""2.88"",""2.29"",""1.24"",""6.18"",""0.00""]","[""70.8034"",""0.6140"",""71.1786"",""178.9342"",""0.5759"",""0.2697""]","[""11.62"",""0.77"",""83.11"",""81.97"",""1.57"",""5.40""]","[""1.35"",""1.96"",""2.01"",""1.61"",""2.44"",""-0.42""]","AeroVironment, Inc.",226.76,0,,,295.9,102.25,15043,514270,11322636735,146.46,1.02,32.53994841,0.02925117156,-8.368691154,-13.81223869,,14,88,250.7998962,,TRUE,,2025-09-05 06:19:59,0
2025-08-23 8:50:58,Long Calls,,"SailPoint, Inc.",SAIL,1.88,20,2025-09-09 0:00:00,1,7:00:00 AM,2025-08-12 9:34:18,20.5,2025-08-22 0:00:00,5,959,17,1.85,2.15,2025-09-19 0:00:00,,0.0792,,"[""0.039000"",""0.036000"",""0.036400"",""0.045500"",""0.043500"",""0.043500""]",2025-08-29,"[""0.039000"",""0.036000"",""0.036400"",""0.045500"",""0.043500"",""0.043500""]","[""0.000000"",""0.000000"",""0.000000"",""0.000000"",""0.000000"",""-0.015015""]",20.78,20.72,20.73,20.91,20.87,20.64,,,,"[""51.88"",""68.41"",""52.12"",""51.97"",""55.23"",""52.27""]","[""20.67"",""20.34"",""18.55"",""17.69"",""20.75"",""20.64""]","[""18.94"",""20.36"",""18.08"",""16.16"",""20.74"",""18.95""]","[""20.67"",""20.42"",""16.25"",""15.53"",""20.76"",""20.62""]","[""20.16"",""20.36"",""17.14"",""16.27"",""20.75"",""20.16""]","[""20.61"",""20.54"",""20.44"",""20.46"",""20.50"",""20.60""]","[""13.68"",""0.02"",""0.40"",""0.12"",""0.00"",""0.00""]","[""0.0271"",""0.0587"",""5.9465"",""8.9639"",""0.0595"",""0.0221""]","[""0.41"",""1.88"",""11.67"",""18.21"",""0.56"",""0.01""]","[""0.71"",""0.87"",""1.37"",""2.20"",""1.83"",""0.21""]",Sailpoint Inc,21.06,0,,,26.35,15.05,1050,1532850,11721755618,,,49.48483952,0.0006849985321,3.387334315,4.051383399,,14,88,20.72800064,,TRUE,,2025-09-05 06:19:59,0
2025-08-23 8:50:58,Long Calls,,"Synopsys, Inc.",SNPS,33.9,595,2025-09-09 0:00:00,3,4:05:00 PM,2025-07-30 16:19:27,606.52,2025-08-22 0:00:00,4,8,2,31.7,35.8,2025-09-19 0:00:00,,0.0491,1508489.776,"[""0.017378"",""0.008622"",""0.014908"",""0.032992"",""0.028571"",""0.028571""]",2025-08-29,"[""0.017378"",""0.008622"",""0.014908"",""0.032992"",""0.028571"",""0.028571""]","[""0.000000"",""0.003361"",""0.002832"",""0.000000"",""0.000000"",""-0.011664""]",605.34,600.13,603.87,614.63,612,603.52,,9.82,,"[null,""51.88"",""52.54"",""52.28"",""51.83"",""52.02""]","[null,""539.20"",""541.97"",""552.42"",""581.48"",""603.62""]","[null,""513.94"",""469.24"",""527.39"",""538.73"",""543.50""]","[null,""508.22"",""583.24"",""606.58"",""608.60"",""603.01""]","[null,""516.36"",""541.07"",""580.69"",""590.65"",""593.12""]","[""604.12"",""598.65"",""598.62"",""600.28"",""602.50"",""604.39""]","[""2.08"",""0.48"",""1.65"",""0.74"",""1.00"",""0.00""]","[null,""171.5863"",""86.3123"",""44.3628"",""0.7975"",""0.5764""]","[null,""11.30"",""11.36"",""11.26"",""4.95"",""-0.02""]","[""0.20"",""0.25"",""0.82"",""2.39"",""1.29"",""-0.14""]",Synopsys Inc,601.96,0,,,651.73,365.74,1138,1145662,111388789325,43.46,1.14,30.28494977,0.0009933121636,-0.2006067941,-3.821818879,,14,68,,593.3150024,FALSE,,2025-09-05 06:19:59,0
2025-08-23 8:50:58,Long Calls,,"Dave & Buster's Entertainment, Inc.",PLAY,2.17,25,2025-09-10 0:00:00,3,4:05:00 PM,,25.34,2025-08-22 0:00:00,4,76,5,2.4,2.5,2025-09-19 0:00:00,,0.1076,1083317.487,"[""0.008800"",""0.037200"",""0.051600"",""0.016000"",""0.027200"",""0.027200""]",2025-08-29,"[""0.008800"",""0.037200"",""0.051600"",""0.016000"",""0.027200"",""0.027200""]","[""0.026400"",""0.018800"",""0.000000"",""0.028200"",""0.028800"",""0.028800""]",25.22,25.93,26.29,25.4,25.68,24.98,,1.83,,"[null,""52.48"",""52.64"",""52.08"",""53.57"",""54.16""]","[null,""24.46"",""24.81"",""25.32"",""25.45"",""13.68""]","[null,""21.05"",""23.83"",""23.79"",""22.29"",""13.39""]","[null,""25.70"",""25.88"",""25.30"",""25.56"",""18.94""]","[null,""24.70"",""24.89"",""24.91"",""24.92"",""16.21""]","[null,""25.18"",""25.24"",""25.35"",""25.12"",""24.66""]","[""NaN"",""8.81"",""3.44"",""0.17"",""5.29"",""2.34""]","[null,""0.0357"",""3.7729"",""0.0539"",""0.0325"",""8.8982""]","[null,""5.86"",""5.86"",""0.31"",""0.90"",""82.62""]","[null,""2.80"",""4.05"",""0.20"",""2.23"",""1.32""]",Dave & Buster's Entertainment Inc,24.2,0,,,43.73,15.08,50,697620,836740400,23.91,2.04,60.82437718,0.0000716722571,-4.836806921,-3.815580286,,14,88,26.29000092,,TRUE,,2025-09-05 06:19:59,0
2025-08-23 8:50:58,Long Calls,,Adobe Inc.,ADBE,18.42,360,2025-09-11 0:00:00,3,4:05:00 PM,2025-08-21 8:54:37,362.09,2025-08-22 0:00:00,4,1088,36,18.85,19.25,2025-09-12 0:00:00,,0.1159,3804752.481,"[""0.012917"",""0.008972"",""0.000806"",null,null,null]",2025-08-25,"[""0.012917"",""0.008972"",""0.000806"",""0.000000"",""0.000000"",""-0.007639""]","[""0.000000"",""0.017514"",""0.013444"",""0.030250"",""0.020958"",""0.020958""]",364.65,363.23,360.29,358.22,357.25,356.7,,0.43,,"[null,""47.31"",""71.55"",""53.35"",""68.02"",""53.29""]","[null,""363.45"",""358.06"",""356.78"",""355.32"",""355.98""]","[null,""363.50"",""356.90"",""349.04"",""354.51"",""356.00""]","[null,""363.21"",""359.33"",""357.31"",""356.46"",""356.27""]","[null,""363.18"",""358.33"",""356.05"",""355.67"",""355.80""]","[""363.76"",""363.35"",""359.26"",""358.60"",""356.75"",""355.55""]","[""1.56"",""2.28"",""1.47"",""0.38"",""0.59"",""0.00""]","[null,""0.3651"",""0.4954"",""0.4128"",""0.5812"",""0.3064""]","[null,""-0.43"",""0.58"",""0.36"",""0.47"",""0.20""]","[""0.21"",""-0.40"",""0.25"",""-0.15"",""0.07"",""0.32""]",Adobe Inc,344.31,0,,,587.75,330.04,18985,2363230,146056300964,22.03,1.48,26.90587831,0.008033496528,-3.378700716,-0.3790289914,,7,54,,,FALSE,,2025-09-05 06:19:59,0
2025-08-23 8:50:58,Long Calls,,Kroger Co.,KR,2.6,69,2025-09-12 0:00:00,1,8:00:00 AM,,69.56,2025-08-22 0:00:00,5,13,24,2.65,2.75,2025-09-19 0:00:00,,0.0559,7372139.45,"[""0.021304"",""0.020362"",""0.004927"",null,null,null]",2025-08-25,"[""0.021304"",""0.020362"",""0.004927"",""0.000000"",""0.000000"",""-0.016159""]","[""0.000000"",""0.001884"",""0.024493"",""0.032464"",""0.027536"",""0.027536""]",70.47,70.4,69.34,67.98,67.89,67.84,,0.66,,"[""66.11"",""62.31"",""54.47"",""41.37"",""75.95"",""70.76""]","[""70.28"",""70.16"",""69.13"",""67.81"",""67.65"",""67.69""]","[null,""70.14"",""69.27"",""67.69"",""67.62"",""67.64""]","[""70.32"",""70.27"",""69.15"",""67.88"",""67.73"",""67.78""]","[""70.28"",""70.20"",""69.16"",""67.83"",""67.67"",""67.71""]","[""70.25"",""70.13"",""69.60"",""68.84"",""68.28"",""67.45""]","[""1.45"",""0.49"",""0.11"",""9.48"",""3.58"",""0.00""]","[""0.0790"",""0.0920"",""0.1104"",""0.0911"",""0.0475"",""0.0489""]","[""0.17"",""0.30"",""0.15"",""-0.19"",""0.31"",""0.22""]","[""0.20"",""0.35"",""-0.53"",""-1.68"",""-0.62"",""0.58""]",Kroger Co,67.84,0,,,74.9,50.69,4863,5222304,44852807050,18.44,0.59,24.04186119,0.0009311981838,-0.2059429244,-7.98860708,,14,68,,67.30999756,FALSE,,2025-09-05 06:19:59,0
2025-08-23 8:50:58,Long Calls,,Oracle Corp.,ORCL,14.75,235,2025-09-15 0:00:00,3,4:05:00 PM,,236.37,2025-08-22 0:00:00,5,149,64,14.9,15.15,2025-09-19 0:00:00,,0.0993,11877880.22,"[""0.017149"",""0.008106"",""0.006511"",""0.029574"",""0.013702"",""0.013702""]",2025-08-29,"[""0.017149"",""0.008106"",""0.006511"",""0.029574"",""0.013702"",""0.013702""]","[""0.000000"",""0.009745"",""0.009872"",""0.000000"",""0.050596"",""0.050596""]",239.03,236.9,236.53,241.95,238.22,234.66,,3,,"[""59.47"",""58.23"",""51.98"",""77.35"",""16.72"",null]","[""238.75"",""236.35"",""236.23"",""240.75"",""239.98"",null]","[""238.52"",""236.17"",""231.47"",""240.59"",""240.16"",null]","[""238.80"",""236.54"",""236.22"",""241.34"",""239.34"",""236.62""]","[""238.72"",""236.40"",""234.32"",""240.96"",""239.81"",null]","[""237.17"",""236.89"",""235.83"",""236.82"",""237.16"",""236.60""]","[""1.08"",""1.21"",""1.10"",""1.61"",""0.42"",""1.73""]","[""0.1562"",""0.3094"",""0.1297"",""0.2198"",""0.4627"",null]","[""0.07"",""0.15"",""0.10"",""0.44"",""-1.00"",null]","[""0.73"",""-0.08"",""0.27"",""2.11"",""0.17"",""-0.82""]",Oracle Corp,223,0,,,260.87,118.86,186130,7403128,626369759000,51.36,1.46,34.33728032,0.02514207508,-5.432339595,-13.03669617,,14,88,236.5299988,232.6799927,TRUE,,2025-09-05 06:19:59,0
2025-08-23 8:50:58,Long Calls,,Ferguson plc,FERG,13,230,2025-09-16 0:00:00,1,6:45:00 AM,2025-08-18 0:00:00,233.62,2025-08-22 0:00:00,5,112,3,10.2,11.8,2025-09-19 0:00:00,,0.0947,1484238.638,"[""0.017348"",""0.017913"",""0.024652"",""0.025739"",""0.018065"",""0.018065""]",2025-08-29,"[""0.017348"",""0.017913"",""0.024652"",""0.025739"",""0.018065"",""0.018065""]","[""0.000000"",""0.000000"",""0.000000"",""0.000000"",""0.000000"",""-0.003913""]",233.99,234.12,235.67,235.92,234.15,231.15,,,,"[null,""52.52"",""51.87"",""52.01"",""52.08"",""52.31""]","[null,""233.51"",""211.98"",""164.65"",""233.78"",""231.38""]","[null,""228.79"",""197.75"",""188.21"",""224.40"",""203.61""]","[null,""233.76"",""178.45"",""166.86"",""233.67"",""231.19""]","[null,""233.15"",""197.08"",""171.60"",""230.01"",""228.13""]","[""233.21"",""233.08"",""233.42"",""233.63"",""233.76"",""231.69""]","[""4.25"",""4.23"",""1.30"",""0.60"",""0.90"",""0.00""]","[null,""0.2057"",""67.3560"",""134.5586"",""0.1279"",""0.2325""]","[null,""0.19"",""11.18"",""43.28"",""0.16"",""-0.10""]","[""0.33"",""0.38"",""0.96"",""0.98"",""0.17"",""-0.24""]",Ferguson Enterprises Inc,238.17,0,,,238.21,146,379,770999,38448895690,29.73,1.12,18.49624897,0.000491570028,1.297209935,6.850605653,,14,88,235.6699982,232.3999939,TRUE,,2025-09-05 06:19:59,0
2025-08-26 8:07:19,Long Calls,,Abercrombie & Fitch Co.,ANF,7,99,2025-08-27 0:00:00,1,2025-05-28 7:30:00,2025-08-01 8:03:35,99.76,2025-08-25 0:00:00,5,68,30,6.8,7.1,2025-08-29 0:00:00,0.1373,0.1231,2415462.88,"[""0.015050"",""0.009495"",null,null,null,null]",2025-08-26,"[""0.015050"",""0.009495"",""0.000000"",""0.000000"",""0.000000"",""-0.062121""]","[""0.030101"",""0.123636"",""0.035253"",""0.069444"",""0.055758"",""0.091717""]",100.02,99.94,98.51,97,93.48,,93.53,0.08,"[{""o"":""99.39"",""h"":""100.49"",""l"":""96.02"",""c"":""96.74"",""v"":3318100,""src"":""BACKFILL""},{""o"":""89.01"",""h"":""99.94"",""l"":""86.76"",""c"":""95.36"",""v"":6827500,""src"":""BACKFILL""},{""o"":""95.95"",""h"":""98.51"",""l"":""95.51"",""c"":""96.52"",""v"":2146300,""src"":""BACKFILL""},{""o"":""96.80"",""h"":""97.00"",""l"":""92.13"",""c"":""93.59"",""v"":1611121,""src"":""BACKFILL""},{""o"":""93.48"",""h"":""93.48"",""l"":""93.48"",""c"":""93.48"",""v"":0,""src"":""BACKFILL""}]","[""58.28"",""61.57"",""75.53"",""50.24"",""57.29"",""51.81""]","[""99.89"",""98.90"",""98.03"",""96.80"",""93.39"",""91.97""]","[""99.81"",""98.07"",""97.86"",""96.97"",""93.04"",""91.68""]","[""99.90"",""99.32"",""98.27"",""96.82"",""93.53"",""92.02""]","[""99.88"",""98.93"",""98.09"",""96.85"",""93.39"",""91.95""]","[""97.75"",""95.24"",""95.52"",""95.52"",""95.28"",""91.23""]","[""1.00"",""1.35"",""0.52"",""0.00"",""0.00"",""0.00""]","[""0.1010"",""0.5295"",""0.0986"",""0.1772"",""0.1502"",""0.1131""]","[""0.09"",""0.64"",""0.49"",""0.08"",""0.09"",""-0.05""]","[""-1.03"",""0.13"",""1.05"",""1.42"",""-1.89"",""0.76""]",Abercrombie & Fitch Co,93.48,0,,,167.71,65.4,13722,1433917,4453697713,8.85,1.44,50.0772303,0.009569591545,-1.97147651,-9.392265193,,-7,60,99.94000244,86.76000214,TRUE,,2025-09-05 06:19:59,0
2025-08-26 8:07:19,Long Calls,,NVIDIA Corp.,NVDA,7.31,177.5,2025-08-27 0:00:00,3,2025-05-28 16:20:00,2025-07-30 17:05:27,179.81,2025-08-25 0:00:00,5,18522,21978,7.3,7.35,2025-08-29 0:00:00,0.0678,0.0739,193562177.4,"[""0.027549"",""0.028113"",""0.039268"",""0.003437"",null,null]",2025-08-26,"[""0.027549"",""0.028113"",""0.039268"",""0.003437"",""0.000000"",""-0.028851""]","[""0.000000"",""0.000000"",""0.006141"",""0.024535"",""0.032901"",""0.057915""]",182.39,182.49,184.47,178.11,171.66,,174.11,6.39,"[{""o"":""180.06"",""h"":""182.39"",""l"":""178.81"",""c"":""181.77"",""v"":168688200,""src"":""BACKFILL""},{""o"":""181.98"",""h"":""182.49"",""l"":""179.10"",""c"":""181.60"",""v"":235518900,""src"":""BACKFILL""},{""o"":""180.82"",""h"":""184.47"",""l"":""176.41"",""c"":""180.17"",""v"":281787800,""src"":""BACKFILL""},{""o"":""178.11"",""h"":""178.11"",""l"":""173.15"",""c"":""174.28"",""v"":215275001,""src"":""BACKFILL""},{""o"":""171.66"",""h"":""171.66"",""l"":""171.66"",""c"":""171.66"",""v"":0,""src"":""BACKFILL""}]","[""67.38"",""85.94"",""72.86"",""14.98"",""21.68"",""53.43""]","[""182.04"",""182.10"",""181.72"",""180.52"",""173.98"",""170.74""]","[""182.01"",""181.96"",""181.58"",""180.43"",""174.02"",""170.49""]","[""182.13"",""182.26"",""182.31"",""179.93"",""173.53"",""170.85""]","[""182.06"",""182.13"",""181.91"",""180.30"",""173.82"",""170.75""]","[""180.99"",""181.03"",""180.75"",""180.71"",""179.27"",""169.52""]","[""1.00"",""1.17"",""1.23"",""0.05"",""0.00"",""0.00""]","[""0.1333"",""0.0795"",""0.3671"",""0.4238"",""0.3794"",""0.1673""]","[""0.13"",""0.20"",""0.91"",""-1.58"",""-1.33"",""0.03""]","[""0.43"",""0.31"",""-0.32"",""-1.68"",""-4.25"",""0.74""]",NVIDIA Corp,171.66,0,,,184.48,86.62,7501652,140040850,4171338088989,48.86,2.11,24.70565555,0.05356759831,-5.473568282,-4.325047375,,-7,60,182.4900055,179.1002045,TRUE,,2025-09-05 06:19:59,0
2025-08-26 8:07:19,Long Calls,,Snowflake,SNOW,12.32,192.5,2025-08-27 0:00:00,3,2025-05-21 16:05:00,2025-08-04 9:21:57,194.68,2025-08-25 0:00:00,5,179,63,12.15,12.45,2025-08-29 0:00:00,0.1152,0.1481,4346777.513,"[""0.020779"",""0.052156"",""0.298649"",""0.253247"",""0.152727"",""0.222129""]",2025-09-02,"[""0.020779"",""0.052156"",""0.298649"",""0.253247"",""0.152727"",""0.222129""]","[""0.000000"",""0.000000"",""0.000000"",""0.000000"",""0.000000"",""-0.186493""]",195.42,202.54,249.99,241.25,221.9,,238.66,,"[{""o"":""195.20"",""h"":""196.50"",""l"":""193.42"",""c"":""194.35"",""v"":4665900,""src"":""BACKFILL""},{""o"":""201.75"",""h"":""202.54"",""l"":""196.66"",""c"":""200.39"",""v"":17841900,""src"":""BACKFILL""},{""o"":""222.00"",""h"":""249.99"",""l"":""218.09"",""c"":""241.00"",""v"":42167400,""src"":""BACKFILL""},{""o"":""241.04"",""h"":""241.25"",""l"":""233.29"",""c"":""238.68"",""v"":10956442,""src"":""BACKFILL""},{""o"":""221.90"",""h"":""221.90"",""l"":""221.90"",""c"":""221.90"",""v"":0,""src"":""BACKFILL""}]","[null,""81.71"",""78.00"",""29.87"",""8.99"",""58.17""]","[null,""201.74"",""247.77"",""241.32"",""236.88"",""233.36""]","[null,""201.21"",""245.51"",""242.35"",""237.01"",""233.09""]","[null,""202.09"",""248.27"",""240.81"",""234.81"",""233.52""]","[null,""201.78"",""247.46"",""241.26"",""236.27"",""233.36""]","[""194.76"",""198.80"",""223.29"",""223.50"",""225.28"",""232.31""]","[""1.00"",""1.59"",""1.96"",""0.05"",""0.00"",""0.00""]","[null,""0.1833"",""0.6845"",""0.5601"",""1.4900"",""0.2459""]","[null,""0.36"",""0.88"",""-0.44"",""-6.32"",""0.10""]","[""-0.21"",""0.80"",""7.93"",""7.49"",""-1.50"",""0.55""]",Snowflake Inc,221.9,0,,,249.99,107.13,52425,2848425,74038708163,,1.22,68.61413933,0.01840490798,10.73406857,5.395649283,,-7,60,202.5399933,,TRUE,,2025-09-05 06:19:59,0
2025-08-26 8:07:19,Long Calls,,"Urban Outfitters, Inc",URBN,4.7,76,2025-08-27 0:00:00,3,2025-05-21 16:05:00,2025-08-10 20:42:05,76.5,2025-08-25 0:00:00,5,199,4,4.4,4.6,2025-08-29 0:00:00,0.1137,0.1271,2018741.204,"[""0.023684"",""0.030395"",""0.039474"",null,null,null]",2025-08-26,"[""0.023684"",""0.030395"",""0.039474"",""0.000000"",""0.000000"",""-0.107763""]","[""0.002237"",""0.000000"",""0.092895"",""0.119618"",""0.061184"",""0.138158""]",77.43,78.31,79,69.54,71.35,,67.07,0.42,"[{""o"":""76.08"",""h"":""77.80"",""l"":""75.83"",""c"":""76.26"",""v"":1710400,""src"":""BACKFILL""},{""o"":""76.51"",""h"":""78.31"",""l"":""76.45"",""c"":""78.01"",""v"":3562800,""src"":""BACKFILL""},{""o"":""76.75"",""h"":""79.00"",""l"":""68.94"",""c"":""69.70"",""v"":8475700,""src"":""BACKFILL""},{""o"":""69.42"",""h"":""69.54"",""l"":""66.91"",""c"":""67.04"",""v"":2602313,""src"":""BACKFILL""},{""o"":""71.35"",""h"":""71.35"",""l"":""71.35"",""c"":""71.35"",""v"":0,""src"":""BACKFILL""}]","[null,""65.79"",""30.00"",""15.48"",""94.23"",""53.16""]","[null,""78.10"",""78.06"",""69.78"",""67.29"",""67.62""]","[null,""77.85"",""77.93"",""70.56"",""67.18"",""67.44""]","[null,""78.14"",""77.91"",""69.46"",""67.88"",""67.63""]","[null,""78.07"",""77.99"",""69.80"",""67.44"",""67.60""]","[""76.63"",""77.28"",""74.36"",""74.33"",""73.28"",""66.74""]","[""1.00"",""1.35"",""1.85"",""0.03"",""0.00"",""0.00""]","[null,""0.0891"",""0.3298"",""0.1906"",""0.3642"",""0.0813""]","[null,""0.17"",""-1.00"",""-1.70"",""6.03"",""-0.02""]","[""-0.48"",""0.95"",""-6.27"",""-7.72"",""-2.64"",""1.30""]",Urban Outfitters Inc,71.35,0,,,80.69,33.86,2886,1630515,6399829441,13.96,1.29,53.15480045,0.001769992916,-8.537367004,-10.57776664,,-7,60,78.30999756,,TRUE,,2025-09-05 06:19:59,0
2025-08-26 8:07:19,Long Calls,,Burlington Stores Inc,BURL,15.2,275,2025-08-28 0:00:00,1,2025-05-29 6:45:00,2025-08-14 16:15:51,280.38,2025-08-25 0:00:00,5,1,2,15.2,15.9,2025-09-05 0:00:00,0.1015,0.07,1087491.412,"[""0.025527"",""0.028218"",""0.123636"",""0.078709"",""0.055236"",""0.077673""]",2025-09-02,"[""0.025527"",""0.028218"",""0.123636"",""0.078709"",""0.055236"",""0.077673""]","[""0.000000"",""0.000000"",""0.000000"",""0.000000"",""0.000000"",""0.000000""]",281.35,282.76,309,296.64,290.19,296.36,,,,"[""55.17"",""58.67"",""95.76"",""64.88"",""78.57"",""70.82""]","[""280.91"",""282.15"",""289.05"",""295.02"",""289.46"",""295.69""]","[""280.71"",""281.21"",""284.36"",""296.12"",""288.87"",""295.06""]","[""280.84"",""282.35"",""300.49"",""295.37"",""289.76"",""296.08""]","[""280.84"",""282.07"",""292.63"",""295.32"",""289.48"",""295.66""]","[""279.89"",""280.23"",""291.11"",""291.13"",""289.96"",""290.00""]","[""1.00"",""1.22"",""1.71"",""0.01"",""0.55"",""4.78""]","[""0.1877"",""0.2797"",""2.2431"",""0.4694"",""0.1798"",""0.3021""]","[""0.04"",""0.07"",""6.53"",""0.55"",""0.25"",""0.22""]","[""-0.30"",""0.03"",""1.43"",""1.90"",""0.08"",""2.19""]",Burlington Stores Inc,301.35,0,,,309,212.92,776,847651,18995603661,35.66,1.72,30.96036826,0.0009154711078,7.509810917,6.49162485,,0,60,282.7600098,278.2600098,TRUE,,2025-09-05 06:19:59,0
2025-08-26 8:07:19,Long Calls,,Dollar General Corporation,DG,4.55,112,2025-08-28 0:00:00,1,2025-06-03 6:50:00,2025-07-31 7:27:38,112.35,2025-08-25 0:00:00,5,58,178,4.65,4.8,2025-08-29 0:00:00,0.0817,0.1137,3295065.509,"[""0.004286"",null,""0.026786"",""0.016250"",null,null]",2025-08-28,"[""0.004286"",""0.000000"",""0.026786"",""0.016250"",""0.000000"",""-0.009554""]","[""0.017143"",""0.017768"",""0.056339"",""0.040917"",""0.031786"",""0.032679""]",110.86,111.33,114.98,113.82,108.44,,108.76,0.47,"[{""o"":""112.43"",""h"":""112.48"",""l"":""110.08"",""c"":""110.50"",""v"":2717700,""src"":""BACKFILL""},{""o"":""110.58"",""h"":""111.33"",""l"":""110.01"",""c"":""111.20"",""v"":3621600,""src"":""BACKFILL""},{""o"":""114.98"",""h"":""115.00"",""l"":""105.69"",""c"":""111.71"",""v"":7421200,""src"":""BACKFILL""},{""o"":""112.18"",""h"":""113.82"",""l"":""107.42"",""c"":""108.79"",""v"":3665171,""src"":""BACKFILL""},{""o"":""108.44"",""h"":""108.44"",""l"":""108.44"",""c"":""108.44"",""v"":0,""src"":""BACKFILL""}]","[""61.99"",""78.02"",""92.95"",""64.26"",""44.64"",""65.45""]","[""110.76"",""110.84"",""111.30"",""111.90"",""108.63"",""110.22""]","[""110.68"",""110.88"",""111.03"",""112.11"",""108.38"",""110.24""]","[""110.79"",""111.03"",""112.38"",""112.31"",""108.68"",""110.35""]","[""110.76"",""110.91"",""111.62"",""112.09"",""108.62"",""110.26""]","[""111.02"",""110.92"",""110.86"",""110.87"",""110.53"",""110.07""]","[""1.00"",""1.14"",""1.62"",""0.02"",""0.00"",""0.00""]","[""0.0436"",""0.0934"",""0.3909"",""0.3456"",""0.1519"",""0.0945""]","[""0.06"",""0.45"",""2.91"",""0.84"",""-0.18"",""0.22""]","[""-0.47"",""0.25"",""0.77"",""1.78"",""-1.89"",""0.36""]",Dollar General Corp,108.44,0,,,117.95,66.43,1204,2545165,23868295177,20.06,0.29,23.30619581,0.0004730538099,-2.482014388,-4.306388987,,-7,40,,110.0100021,FALSE,,2025-09-05 06:19:59,0
2025-08-26 8:07:19,Long Calls,,Dell Technologies,DELL,5.85,131,2025-08-28 0:00:00,3,2025-05-29 16:05:00,2025-08-18 19:50:29,131.01,2025-08-25 0:00:00,4,543,168,5.6,5.8,2025-08-29 0:00:00,0.0901,0.1214,5538001.612,"[""0.011450"",""0.012748"",""0.031908"",null,null,null]",2025-08-26,"[""0.011450"",""0.012748"",""0.031908"",""0.000000"",""0.000000"",""-0.073435""]","[""0.005572"",""0.002672"",""0.000000"",""0.086794"",""0.033053"",""0.101527""]",131.81,132.67,135.18,124.31,126.67,,122.15,5.73,"[{""o"":""131.19"",""h"":""132.50"",""l"":""130.27"",""c"":""130.99"",""v"":3735700,""src"":""BACKFILL""},{""o"":""130.93"",""h"":""132.67"",""l"":""130.65"",""c"":""132.50"",""v"":3799300,""src"":""BACKFILL""},{""o"":""133.70"",""h"":""135.18"",""l"":""132.74"",""c"":""134.05"",""v"":11144100,""src"":""BACKFILL""},{""o"":""121.74"",""h"":""124.31"",""l"":""119.63"",""c"":""122.14"",""v"":23217807,""src"":""BACKFILL""},{""o"":""126.67"",""h"":""126.67"",""l"":""126.67"",""c"":""126.67"",""v"":0,""src"":""BACKFILL""}]","[""64.45"",""61.08"",""68.40"",""76.61"",""87.60"",""44.31""]","[""131.59"",""132.43"",""134.10"",""123.18"",""122.34"",""121.07""]","[""131.40"",""132.28"",""133.87"",""123.01"",""122.15"",""121.01""]","[""131.71"",""132.45"",""134.54"",""123.68"",""123.14"",""121.11""]","[""131.61"",""132.41"",""134.27"",""123.31"",""122.57"",""121.09""]","[""131.25"",""131.60"",""133.03"",""127.75"",""126.76"",""119.71""]","[""1.00"",""1.01"",""1.79"",""2.23"",""0.00"",""0.00""]","[""0.0842"",""0.0837"",""0.3287"",""0.2400"",""0.5376"",""0.1357""]","[""0.14"",""0.05"",""0.79"",""0.79"",""3.54"",""-0.09""]","[""-0.20"",""0.68"",""0.77"",""-2.82"",""-0.07"",""1.04""]",Dell Technologies Inc,126.67,0,,,147.66,66.25,32831,4057774,85677256033,0,,42.59587892,0.008090889241,-4.4,-1.147182769,,-7,60,132.6678925,130.6540985,TRUE,,2025-09-05 06:19:59,0
2025-08-26 8:07:19,Long Calls,,"Autodesk, Inc.",ADSK,8.37,285,2025-08-28 0:00:00,3,2025-05-22 16:01:00,2025-08-04 8:05:38,285.34,2025-08-25 0:00:00,5,35,34,8,8.7,2025-08-29 0:00:00,0.0587,0.0328,1517818.549,"[""0.005860"",""0.005509"",""0.033298"",""0.145439"",""0.122561"",""0.120947""]",2025-09-02,"[""0.005860"",""0.005509"",""0.033298"",""0.145439"",""0.122561"",""0.120947""]","[""0.011404"",""0.006316"",""0.000000"",""0.000000"",""0.000000"",""-0.097053""]",283.65,286.57,294.49,326.45,319.93,,314.7,2.96,"[{""o"":""285.34"",""h"":""286.67"",""l"":""281.75"",""c"":""282.45"",""v"":1922200,""src"":""BACKFILL""},{""o"":""283.46"",""h"":""286.57"",""l"":""283.20"",""c"":""285.95"",""v"":1389200,""src"":""BACKFILL""},{""o"":""288.66"",""h"":""294.49"",""l"":""287.79"",""c"":""288.49"",""v"":4151600,""src"":""BACKFILL""},{""o"":""318.00"",""h"":""326.45"",""l"":""307.26"",""c"":""314.48"",""v"":4395216,""src"":""BACKFILL""},{""o"":""319.93"",""h"":""319.93"",""l"":""319.93"",""c"":""319.93"",""v"":0,""src"":""BACKFILL""}]","[null,""57.23"",""78.49"",""84.40"",""86.87"",""63.46""]","[null,""286.16"",""293.70"",""301.45"",""314.35"",""318.89""]","[null,""285.73"",""293.25"",""296.59"",""314.45"",""318.34""]","[null,""286.31"",""293.96"",""312.24"",""315.35"",""319.12""]","[null,""286.15"",""293.71"",""306.21"",""314.65"",""318.90""]","[""283.62"",""284.30"",""287.61"",""290.64"",""297.52"",""316.81""]","[""1.00"",""0.84"",""1.67"",""0.05"",""0.00"",""0.00""]","[null,""0.1615"",""0.2175"",""3.4228"",""0.7413"",""0.2138""]","[null,""0.05"",""0.25"",""7.33"",""1.78"",""0.09""]","[""-0.41"",""0.58"",""0.30"",""11.32"",""7.53"",""0.74""]",Autodesk Inc,319.93,0,,,326.62,232.67,1769,1184561,68145088439,66.33,1.49,33.66921359,0.001493380248,11.88319636,4.833213186,,-7,60,286.5700073,,TRUE,,2025-09-05 06:19:59,0
2025-08-26 8:07:19,Long Calls,,"Affirm Holdings, Inc.",AFRM,5.65,77,2025-08-28 0:00:00,3,2025-05-08 16:05:00,2025-07-31 16:11:15,77.39,2025-08-25 0:00:00,4,197,345,5.5,5.65,2025-08-29 0:00:00,0.1405,0.1556,6372003.627,"[""0.032792"",""0.025325"",""0.052597"",""0.298701"",""0.164416"",""0.119739""]",2025-09-02,"[""0.032792"",""0.025325"",""0.052597"",""0.298701"",""0.164416"",""0.119739""]","[""0.000000"",""0.007403"",""0.000000"",""0.000000"",""0.000000"",""-0.059740""]",79.11,78.95,81.05,100,89.66,,88.45,7.1,"[{""o"":""78.32"",""h"":""79.53"",""l"":""77.75"",""c"":""77.95"",""v"":19333200,""src"":""BACKFILL""},{""o"":""77.65"",""h"":""78.95"",""l"":""76.43"",""c"":""77.59"",""v"":6791300,""src"":""BACKFILL""},{""o"":""78.25"",""h"":""81.05"",""l"":""78.00"",""c"":""79.99"",""v"":13987400,""src"":""BACKFILL""},{""o"":""92.00"",""h"":""100.00"",""l"":""86.76"",""c"":""88.50"",""v"":41690832,""src"":""BACKFILL""},{""o"":""89.66"",""h"":""89.66"",""l"":""89.66"",""c"":""89.66"",""v"":0,""src"":""BACKFILL""}]","[""51.22"",""55.02"",""73.56"",""89.42"",""78.39"",""48.88""]","[""78.60"",""78.35"",""80.47"",""86.29"",""87.71"",""82.17""]","[""78.68"",""78.58"",""80.44"",""82.54"",""87.46"",""82.33""]","[""78.55"",""78.16"",""80.64"",""92.47"",""88.37"",""82.25""]","[""78.59"",""78.31"",""80.52"",""88.73"",""87.91"",""82.23""]","[""78.41"",""78.21"",""78.72"",""81.40"",""85.55"",""83.44""]","[""1.00"",""0.52"",""1.05"",""0.16"",""0.00"",""0.00""]","[""0.1199"",""0.2493"",""0.1260"",""1.5787"",""0.3693"",""0.1668""]","[""0.04"",""0.22"",""0.70"",""13.85"",""2.22"",""0.06""]","[""-0.58"",""-0.80"",""1.61"",""20.69"",""4.81"",""-1.46""]",Affirm Holdings Inc,89.66,0,,,100,30.9,178299,3330773,29197807090,585.9,3.64,68.82709525,0.05353081702,15.55612837,16.01966874,,-7,40,,76.43000031,FALSE,,2025-09-05 06:19:59,0
2025-08-26 8:07:19,Long Calls,,ULTA Beauty,ULTA,21.4,522.5,2025-08-28 0:00:00,3,2025-05-29 16:05:00,2025-08-15 9:16:19,524.37,2025-08-25 0:00:00,5,19,8,19.3,21,2025-08-29 0:00:00,0.0742,0.0769,730096.7853,"[""0.009301"",""0.027541"",""0.030794"",""0.028402"",""0.013397"",""0.020172""]",2025-09-02,"[""0.009301"",""0.027541"",""0.030794"",""0.028402"",""0.013397"",""0.020172""]","[""0.004785"",""0.000000"",""0.000000"",""0.058373"",""0.000000"",""0.069378""]",526.62,536.89,538.59,537.34,529.5,,492.73,6.44,"[{""o"":""524.47"",""h"":""527.36"",""l"":""520.00"",""c"":""526.06"",""v"":0,""src"":""BACKFILL""},{""o"":""526.85"",""h"":""536.89"",""l"":""526.85"",""c"":""533.81"",""v"":0,""src"":""BACKFILL""},{""o"":""534.38"",""h"":""538.59"",""l"":""526.17"",""c"":""530.63"",""v"":0,""src"":""BACKFILL""},{""o"":""526.85"",""h"":""537.34"",""l"":""492.00"",""c"":""492.72"",""v"":0,""src"":""BACKFILL""},{""o"":""529.50"",""h"":""529.50"",""l"":""529.50"",""c"":""529.50"",""v"":0,""src"":""BACKFILL""}]","[""67.93"",""75.41"",""67.08"",""81.69"",""92.89"",""83.67""]","[""523.80"",""532.97"",""533.87"",""530.98"",""495.46"",""519.00""]","[""523.50"",""530.00"",""533.20"",""529.67"",""494.16"",""515.28""]","[""524.15"",""534.87"",""534.13"",""532.12"",""500.40"",""520.97""]","[""523.85"",""533.33"",""533.82"",""531.07"",""496.67"",""519.08""]","[""524.47"",""527.99"",""529.75"",""529.85"",""517.58"",""508.38""]","[""1.00"",""0.87"",""1.39"",""0.13"",""0.00"",""2.55""]","[""0.4563"",""0.8389"",""0.6713"",""1.6808"",""3.3933"",""0.9700""]","[""0.24"",""0.64"",""0.19"",""1.20"",""6.87"",""0.96""]","[""0.30"",""1.10"",""0.17"",""1.41"",""2.30"",""3.07""]",Ulta Beauty Inc,529.5,0,,,539,309.01,297,593311,23741910000,20.3,1.06,37.68506479,0.0005005806398,-0.8074033832,2.578507914,,-7,60,536.8900146,,TRUE,,2025-09-05 06:19:59,0
2025-08-26 8:07:19,Long Calls,,Marvell Technology Group Ltd.,MRVL,4.4,72,2025-08-28 0:00:00,3,2025-05-29 16:05:00,2025-08-04 9:21:44,72.95,2025-08-25 0:00:00,5,286,177,4.05,4.35,2025-08-29 0:00:00,0.1056,0.1326,18944864.01,"[""0.043611"",""0.042083"",""0.084444"",null,null,null]",2025-08-26,"[""0.043611"",""0.042083"",""0.084444"",""0.000000"",""0.000000"",""-0.101944""]","[""0.000000"",""0.000000"",""0.000000"",""0.130276"",""0.109722"",""0.141472""]",75.14,75.03,78.08,65.28,64.1,,62.87,0.65,"[{""o"":""72.99"",""h"":""75.14"",""l"":""72.99"",""c"":""74.26"",""v"":0,""src"":""BACKFILL""},{""o"":""74.20"",""h"":""75.03"",""l"":""73.82"",""c"":""74.79"",""v"":0,""src"":""BACKFILL""},{""o"":""75.92"",""h"":""78.08"",""l"":""75.06"",""c"":""77.23"",""v"":0,""src"":""BACKFILL""},{""o"":""64.52"",""h"":""65.28"",""l"":""62.62"",""c"":""62.87"",""v"":0,""src"":""BACKFILL""},{""o"":""64.10"",""h"":""64.10"",""l"":""64.10"",""c"":""64.10"",""v"":0,""src"":""BACKFILL""}]","[""58.53"",""64.57"",""53.82"",""33.27"",""80.79"",""69.50""]","[""74.97"",""74.90"",""77.87"",""64.50"",""62.94"",""64.34""]","[""74.96"",""74.87"",""77.61"",""70.01"",""62.84"",""64.19""]","[""75.04"",""74.96"",""77.92"",""64.68"",""63.10"",""64.50""]","[""75.00"",""74.92"",""77.85"",""65.08"",""62.96"",""64.37""]","[""74.13"",""74.33"",""75.83"",""72.17"",""68.75"",""63.31""]","[""1.00"",""0.96"",""1.83"",""7.51"",""0.00"",""0.00""]","[""0.0606"",""0.0403"",""0.1327"",""0.6858"",""0.2005"",""0.0890""]","[""0.13"",""0.14"",""0.03"",""0.74"",""1.85"",""0.41""]","[""0.18"",""0.62"",""1.85"",""-9.96"",""-6.76"",""2.04""]",Marvell Technology Inc,64.1,0,,,127.48,47.09,401472,9854126,55260602274,,1.85,75.41460456,0.04074151274,-14.29335473,-14.89644185,,-7,60,75.02639771,,TRUE,,2025-09-05 06:19:59,0
2025-08-26 8:07:19,Long Calls,,Signet Jewelers Ltd,SIG,6.6,84,2025-09-02 0:00:00,1,2025-06-03 6:50:00,2025-08-05 7:31:49,85.17,2025-08-25 0:00:00,5,54,1,6.3,6.8,2025-09-12 0:00:00,0.1198,0.1334,1025609.906,"[""0.047857"",""0.113095"",""0.107619"",""0.072857"",""0.093511"",""0.090774""]",2025-09-02,"[""0.047857"",""0.113095"",""0.107619"",""0.072857"",""0.093511"",""0.090774""]","[""0.000000"",""0.000000"",""0.000000"",""0.000000"",""0.000000"",""0.000000""]",88.02,93.5,93.04,90.12,91.85,91.63,,,,"[""69.06"",""78.46"",""40.14"",""41.66"",""73.02"",""54.62""]","[""87.31"",""92.95"",""93.00"",""89.78"",""88.25"",""90.77""]","[""87.10"",""92.74"",""92.80"",""89.96"",""88.23"",""90.59""]","[""87.67"",""93.15"",""93.08"",""89.77"",""88.77"",""91.07""]","[""87.41"",""92.99"",""93.02"",""89.81"",""88.39"",""90.84""]","[""86.83"",""89.99"",""90.17"",""90.17"",""89.67"",""89.67""]","[""1.00"",""1.21"",""1.01"",""0.01"",""2.67"",""0.39""]","[""0.1285"",""0.1104"",""0.2160"",""0.1214"",""0.5109"",""0.3667""]","[""0.53"",""0.51"",""-0.30"",""-0.14"",""2.16"",""0.31""]","[""1.16"",""3.75"",""-0.35"",""-0.58"",""0.55"",""1.55""]",Signet Jewelers Ltd,90.55,-0.01,,,106.28,45.55,722,805552,3726153452,30.22,1.18,46.82386398,0.0008962798181,-3.020242048,20.52442433,,7,74,93.49500275,,TRUE,,2025-09-05 06:19:59,0
2025-08-26 8:07:19,Long Calls,,"Dollar Tree, Inc.",DLTR,5.92,110,2025-09-03 0:00:00,1,2025-06-04 6:30:00,2025-08-13 16:10:06,111.8,2025-08-25 0:00:00,4,8,316,5.75,6.2,2025-09-05 0:00:00,0.0939,0.091,3762713.482,"[""0.027000"",""0.033818"",""0.052182"",""0.033182"",""0.019364"",""0.019364""]",2025-09-02,"[""0.027000"",""0.033818"",""0.052182"",""0.033182"",""0.019364"",""0.000000""]","[""0.000000"",""0.000000"",""0.000000"",""0.012636"",""0.017818"",""0.109091""]",112.03,113.72,115.74,113.65,112.13,104.28,,4.13,,"[""70.86"",""79.68"",""89.61"",""66.94"",""85.39"",""69.13""]","[""111.52"",""113.56"",""113.13"",""113.06"",""111.73"",""103.33""]","[""111.59"",""113.30"",""113.19"",""112.84"",""111.39"",""103.10""]","[""111.78"",""113.64"",""113.74"",""113.35"",""111.92"",""103.82""]","[""111.63"",""113.54"",""113.33"",""113.01"",""111.75"",""103.51""]","[""112.05"",""112.35"",""112.66"",""112.67"",""111.92"",""108.01""]","[""1.00"",""0.87"",""0.93"",""0.04"",""0.83"",""2.42""]","[""0.1055"",""0.0410"",""0.2731"",""0.5445"",""0.0967"",""0.2430""]","[""0.42"",""0.13"",""1.93"",""0.45"",""0.31"",""0.73""]","[""-0.06"",""0.45"",""-0.14"",""0.80"",""0.15"",""-3.64""]",Dollar Tree Inc,100.25,0,,,118.06,60.49,5410,2914995,20921743925,,0.89,29.91347179,0.001855920851,-11.17313486,-13.85236745,,0,60,113.7200012,,TRUE,,2025-09-05 06:19:59,0
2025-08-26 8:07:19,Long Calls,,Credo Technology Group Holding Ltd,CRDO,11.2,115,2025-09-03 0:00:00,3,2025-06-02 16:05:00,2025-08-13 9:17:53,115.41,2025-08-25 0:00:00,5,14,14,10.7,12.3,2025-09-05 0:00:00,0.2054,0.1987,4735796.113,"[""0.055548"",""0.078087"",""0.168261"",""0.140869"",""0.083384"",""0.106783""]",2025-09-02,"[""0.055548"",""0.078087"",""0.168261"",""0.140869"",""0.083384"",""0.106783""]","[""0.000000"",""0.000000"",""0.000000"",""0.000000"",""0.000000"",""0.000000""]",121.39,123.98,134.35,131.2,124.59,127.28,,,,"[""55.93"",""61.89"",""55.57"",""22.23"",""62.79"",""61.45""]","[""121.09"",""123.83"",""134.02"",""132.16"",""124.22"",""125.57""]","[""120.85"",""123.41"",""133.79"",""132.65"",""124.29"",""124.98""]","[""121.17"",""123.86"",""134.14"",""131.34"",""124.29"",""126.25""]","[""121.09"",""123.76"",""134.03"",""131.94"",""124.25"",""125.77""]","[""118.86"",""120.30"",""124.26"",""124.35"",""123.52"",""123.64""]","[""1.00"",""0.98"",""1.23"",""0.01"",""2.05"",""2.06""]","[""0.1246"",""0.1097"",""0.1401"",""0.4201"",""0.1729"",""0.7332""]","[""0.05"",""0.03"",""0.06"",""-1.23"",""0.27"",""1.14""]","[""1.04"",""2.02"",""6.09"",""4.98"",""0.83"",""2.72""]",Credo Technology Group Holding Ltd,134,0,,,141.09,24.08,148002,3461832,23178435600,197.41,2.59,69.99327098,0.04275250792,9.182758902,14.19805693,,0,60,123.9800034,,TRUE,,2025-09-05 06:19:59,0
2025-08-26 8:07:19,Long Calls,,Salesforce,CRM,10.9,247.5,2025-09-03 0:00:00,3,2025-05-28 16:02:00,2025-08-07 16:33:58,247.87,2025-08-25 0:00:00,5,152,133,10.75,11,2025-09-05 0:00:00,0.0859,0.0697,7352550.357,"[""0.005374"",""0.011596"",""0.032929"",""0.040970"",""0.030263"",""0.042424""]",2025-09-02,"[""0.005374"",""0.011596"",""0.032929"",""0.040970"",""0.030263"",""0.042424""]","[""0.018788"",""0.007636"",""0.000000"",""0.000000"",""0.000000"",""0.000000""]",245.05,250.37,255.65,257.64,254.99,258,,1.75,,"[""62.38"",""63.99"",""67.31"",""96.01"",""19.45"",""65.48""]","[""244.70"",""250.00"",""255.25"",""255.91"",""256.18"",""256.71""]","[""244.46"",""249.67"",""255.25"",""255.20"",""256.24"",""256.03""]","[""244.82"",""250.16"",""255.42"",""256.34"",""255.69"",""257.23""]","[""244.71"",""250.01"",""255.31"",""256.10"",""256.02"",""256.80""]","[""245.14"",""246.65"",""249.08"",""249.22"",""250.35"",""251.52""]","[""1.00"",""0.85"",""1.07"",""0.02"",""4.97"",""2.67""]","[""0.1288"",""0.1605"",""0.1184"",""1.3212"",""0.4035"",""0.3754""]","[""0.10"",""0.11"",""0.14"",""0.59"",""-1.05"",""0.23""]","[""-0.57"",""1.42"",""2.19"",""3.30"",""1.26"",""2.30""]",Salesforce Inc,244.01,0,,,369,226.48,114713,5646824,233273554748,35.41,1.22,30.63155904,0.02031460517,-2.458426607,-2.070875306,,0,60,250.3699951,,TRUE,,2025-09-05 06:19:59,0
2025-08-26 8:07:19,Long Calls,,Hewlett Packard Enterprise,HPE,1.04,22.5,2025-09-03 0:00:00,3,2025-06-03 16:05:00,2025-08-13 8:29:28,22.56,2025-08-25 0:00:00,4,315,69,1,1.05,2025-09-05 0:00:00,0.0898,0.0705,17414471.58,"[""0.010889"",""0.016444"",""0.036000"",""0.014511"",""0.009333"",""0.024000""]",2025-09-02,"[""0.010889"",""0.016444"",""0.036000"",""0.014511"",""0.009333"",""0.024000""]","[""0.004444"",""0.011556"",""0.000000"",""0.003111"",""0.025778"",""0.000000""]",22.74,22.87,23.31,22.83,22.71,23.04,,3.12,,"[""73.04"",""64.16"",""71.08"",""59.72"",""85.76"",""91.63""]","[""22.69"",""22.83"",""23.20"",""22.82"",""22.60"",""22.65""]","[""22.61"",""22.82"",""23.16"",""23.05"",""22.56"",""22.59""]","[""22.70"",""22.85"",""23.23"",""22.75"",""22.65"",""22.78""]","[""22.68"",""22.84"",""23.20"",""22.84"",""22.61"",""22.69""]","[""22.55"",""22.59"",""22.77"",""22.76"",""22.67"",""22.67""]","[""1.00"",""1.16"",""1.14"",""0.03"",""2.46"",""0.37""]","[""0.0184"",""0.0187"",""0.0295"",""0.1519"",""0.0233"",""0.0501""]","[""0.19"",""0.17"",""0.43"",""-0.09"",""0.49"",""1.57""]","[""-0.21"",""0.64"",""1.73"",""0.16"",""0.18"",""1.50""]",Hewlett Packard Enterprise Co,23.16,0,,,24.66,11.97,60974,20562570,30390899199,28.32,1.43,27.77487754,0.002965290817,1.891772987,15.05216095,,0,60,22.87000084,22.23999977,TRUE,,2025-09-05 06:19:59,0
2025-08-26 8:07:19,Long Calls,,Broadcom Inc.,AVGO,14,292.5,2025-09-04 0:00:00,3,2025-06-05 16:15:00,2025-08-04 8:05:55,294.23,2025-08-25 0:00:00,4,182,82,13.5,13.8,2025-09-05 0:00:00,0.0861,0.1128,20458065.45,"[""0.026496"",""0.029675"",""0.063248"",""0.049607"",""0.021026"",""0.040855""]",2025-09-02,"[""0.026496"",""0.029675"",""0.063248"",""0.049607"",""0.021026"",""0.040855""]","[""0.000000"",""0.000000"",""0.000000"",""0.000000"",""0.018427"",""0.000000""]",300.25,301.18,311,307.01,298.65,304.45,,3.43,,"[""79.41"",""70.28"",""75.35"",""11.84"",""61.11"",""62.85""]","[""297.82"",""300.61"",""310.32"",""309.53"",""298.16"",""303.55""]","[""297.80"",""299.89"",""309.97"",""309.68"",""297.77"",""302.49""]","[""298.67"",""300.70"",""310.64"",""308.24"",""298.28"",""303.46""]","[""298.11"",""300.49"",""310.40"",""309.11"",""298.13"",""303.27""]","[""297.42"",""297.76"",""300.86"",""300.91"",""299.02"",""299.15""]","[""1.00"",""0.70"",""0.97"",""0.05"",""2.27"",""2.78""]","[""0.4011"",""0.2125"",""0.2209"",""0.6540"",""0.2778"",""0.6030""]","[""0.79"",""0.09"",""0.19"",""-1.73"",""0.09"",""0.25""]","[""0.20"",""0.84"",""2.59"",""1.09"",""-0.20"",""1.72""]",Broadcom Inc,306.1,0,,,317.35,134.9,5244793,14946309,1439732807907,78.2,0.95,29.22833285,0.35090891,1.948376353,1.468492061,,0,60,301.1799927,293.7799988,TRUE,,2025-09-05 06:19:59,0
2025-08-26 8:07:19,Long Calls,,"UiPath, Inc.",PATH,0.81,11,2025-09-04 0:00:00,3,2025-05-29 16:10:00,2025-08-07 16:39:24,11.03,2025-08-25 0:00:00,5,372,11,0.69,0.74,2025-09-05 0:00:00,0.1333,0.1108,11391711.72,"[""0.011364"",""0.016364"",""0.037273"",""0.040455"",""0.006364"",""0.003636""]",2025-09-02,"[""0.011364"",""0.016364"",""0.037273"",""0.040455"",""0.006364"",""0.003636""]","[""0.017273"",""0.006364"",""0.000000"",""0.000000"",""0.021818"",""0.020000""]",10.93,11.18,11.41,11.44,11.07,11.04,,2.16,,"[""62.61"",""65.25"",""84.27"",""91.25"",""60.91"",""61.19""]","[""10.89"",""11.16"",""11.36"",""11.31"",""10.97"",""10.98""]","[""10.88"",""11.15"",""11.33"",""11.31"",""11.02"",""10.95""]","[""10.90"",""11.17"",""11.39"",""11.35"",""11.01"",""11.01""]","[""10.89"",""11.16"",""11.37"",""11.33"",""10.99"",""10.98""]","[""10.92"",""10.99"",""11.09"",""11.09"",""11.11"",""11.06""]","[""1.00"",""0.85"",""1.01"",""0.02"",""0.90"",""0.84""]","[""0.0115"",""0.0103"",""0.0104"",""0.0768"",""0.0353"",""0.0269""]","[""0.21"",""0.10"",""0.40"",""1.06"",""0.83"",""0.43""]","[""-0.90"",""1.38"",""1.53"",""3.03"",""-0.44"",""-0.35""]",UiPath Inc,10.85,0,,,15.93,9.38,1194744,6558036,5805171184,,1.02,32.97197202,0.1821801527,-2.603231598,-3.297682709,,0,60,11.18000031,,TRUE,,2025-09-05 06:19:59,0
2025-08-26 8:07:19,Long Calls,,Planet Labs PBC ,PL,0.8,7,2025-09-08 0:00:00,1,2004-11-02 7:00:10,2025-08-07 9:40:58,7.06,2025-08-25 0:00:00,5,1018,334,0.75,0.8,2025-09-12 0:00:00,0.1275,0.192,7649108.898,"[""0.034286"",""0.019286"",""0.054286"",""0.021429"",null,null]",2025-08-26,"[""0.034286"",""0.019286"",""0.054286"",""0.021429"",""0.000000"",""0.000000""]","[""0.006857"",""0.021429"",""0.005714"",""0.029600"",""0.084286"",""0.081429""]",7.19,7.14,7.38,7.15,6.79,6.76,,2.53,,"[null,""78.65"",""70.47"",""35.82"",""17.73"",""77.21""]","[null,""7.05"",""7.17"",""7.20"",""7.00"",""6.63""]","[null,""7.01"",""7.12"",""7.21"",""6.99"",""6.63""]","[""7.18"",""7.10"",""7.24"",""7.15"",""6.97"",""6.65""]","[null,""7.06"",""7.19"",""7.18"",""6.99"",""6.64""]","[""7.06"",""7.04"",""7.10"",""7.10"",""7.04"",""6.93""]","[""1.00"",""0.97"",""1.25"",""0.00"",""7.51"",""3.48""]","[null,""0.0162"",""0.0401"",""0.0225"",""0.0455"",""0.0203""]","[null,""0.98"",""1.96"",""-0.79"",""-4.80"",""1.05""]","[""-1.10"",""0.57"",""1.56"",""0.57"",""-5.36"",""-3.44""]",Planet Labs PBC,6.46,0,,,7.72,1.76,111217,3640587,1960163625,,1.81,46.21679752,0.0305491944,-8.757062147,2.215189873,,7,74,7.135000229,6.849999905,TRUE,,2025-09-05 06:19:59,0
2025-08-26 8:07:19,Long Calls,,"Casey’s General Stores, Inc.",CASY,23.5,490,2025-09-08 0:00:00,3,2025-06-09 16:30:00,2025-08-18 17:35:44,496.61,2025-08-25 0:00:00,5,6,1,22.2,25.3,2025-09-19 0:00:00,0.0525,0.0729,373885.2686,"[""0.031939"",""0.020408"",""0.017510"",""0.015857"",""0.017898"",""0.022776""]",2025-09-02,"[""0.031939"",""0.020408"",""0.017510"",""0.015857"",""0.017898"",""0.022776""]","[""0.000000"",""0.000000"",""0.000000"",""0.000000"",""0.000000"",""0.000000""]",501.67,500,498.58,497.77,498.77,501.16,,,,"[""50.04"",""57.40"",""56.45"",""67.28"",""83.67"",""66.37""]","[null,""497.45"",""498.05"",""496.06"",""496.91"",""498.83""]","[null,""497.60"",""497.51"",""495.77"",""495.99"",""497.87""]","[""224.16"",""497.88"",""498.52"",""496.32"",""497.94"",""500.08""]","[null,""497.62"",""498.20"",""496.11"",""497.16"",""499.16""]","[""498.80"",""497.67"",""496.98"",""496.98"",""495.86"",""496.02""]","[""1.00"",""0.95"",""0.74"",""0.01"",""1.29"",""3.23""]","[""214.5361"",""0.8135"",""0.4889"",""0.4331"",""0.3979"",""0.7194""]","[null,""0.17"",""0.11"",""0.35"",""0.37"",""0.47""]","[""-0.41"",""0.12"",""-0.20"",""0.16"",""0.59"",""1.04""]",Caseys General Stores Inc,498.18,0,,,531.24,362.42,72,184603,18522820344,34.04,0.66,11.80685994,0.0003900261643,-0.0220754982,-4.46988437,,14,88,500,491,TRUE,,2025-09-05 06:19:59,0
2025-08-26 8:07:19,Long Calls,,"AeroVironment, Inc",AVAV,21.3,240,2025-09-08 0:00:00,3,2025-06-24 16:05:00,,241.15,2025-08-25 0:00:00,4,149,21,18,18.8,2025-09-19 0:00:00,0.0699,0.138,1124971.214,"[""0.041250"",""0.045000"",""0.045542"",""0.057063"",""0.004333"",""0.020917""]",2025-09-02,"[""0.041250"",""0.045000"",""0.045542"",""0.057063"",""0.004333"",""0.020917""]","[""0.000000"",""0.000000"",""0.000000"",""0.005625"",""0.033333"",""0.010417""]",247.39,250.8,250.93,253.7,241.04,245.02,,10.14,,"[""50.02"",""78.81"",""62.64"",""83.76"",""63.71"",""59.64""]","[null,""248.50"",""249.73"",""248.90"",""240.74"",""243.71""]","[null,""248.27"",""248.95"",""249.09"",""240.29"",""242.46""]","[""247.04"",""249.37"",""250.31"",""249.66"",""240.85"",""244.24""]","[null,""248.71"",""249.84"",""249.18"",""240.72"",""243.69""]","[""245.65"",""246.39"",""247.04"",""247.13"",""244.82"",""244.64""]","[""1.00"",""0.98"",""0.77"",""0.06"",""1.56"",""0.88""]","[""105.9181"",""0.3950"",""0.2456"",""0.5541"",""0.1482"",""0.5600""]","[null,""0.85"",""0.30"",""1.57"",""0.13"",""0.32""]","[""0.10"",""0.44"",""0.76"",""2.29"",""-1.54"",""-0.07""]","AeroVironment, Inc.",226.76,0,,,295.9,102.25,15043,514270,11322636735,146.46,1.02,32.53994841,0.02925117156,-8.368691154,-13.81223869,,14,88,250.7998962,,TRUE,,2025-09-05 06:19:59,0
2025-08-26 8:07:19,Long Calls,,Hello Group Inc.,MOMO,1.47,7,2025-09-09 0:00:00,1,2025-06-05 3:03:00,2025-08-13 7:04:05,8.32,2025-08-25 0:00:00,5,1,2,1.35,1.5,2025-09-19 0:00:00,0.1382,0.1148,1083600.83,"[""0.197143"",""0.171429"",""0.175714"",""0.199286"",""0.186429"",""0.195714""]",2025-09-02,"[""0.197143"",""0.171429"",""0.175714"",""0.199286"",""0.186429"",""0.195714""]","[""0.000000"",""0.000000"",""0.000000"",""0.000000"",""0.000000"",""0.000000""]",8.36,8.2,8.23,8.4,8.31,8.37,,,,"[""64.83"",""49.88"",""70.71"",""69.85"",""61.16"",""73.71""]","[""8.31"",""8.18"",""8.15"",""8.37"",""8.28"",""8.30""]","[null,""8.25"",""8.13"",""8.35"",""8.27"",""8.28""]","[""8.34"",""8.16"",""8.18"",""8.38"",""8.29"",""8.31""]","[""5.64"",""8.18"",""8.16"",""8.37"",""8.28"",""8.30""]","[""8.31"",""8.24"",""8.22"",""8.23"",""8.24"",""8.24""]","[""1.00"",""0.81"",""0.59"",""0.47"",""6.28"",""4.01""]","[""0.0114"",""0.0210"",""0.0126"",""0.0071"",""0.0041"",""0.0170""]","[""0.34"",""0.18"",""0.93"",""0.31"",""0.10"",""0.74""]","[""-0.32"",""-1.15"",""-1.07"",""2.02"",""0.63"",""1.44""]",Hello Group Inc,8.35,0,,,9.22,5.13,5,343120,1341589551,7.86,0.38,23.69863161,0.00001457216134,2.57985258,3.086419753,,14,68,,8.050000191,FALSE,,2025-09-05 06:19:59,0
2025-08-26 8:07:19,Long Calls,,"SailPoint, Inc.",SAIL,1.92,20,2025-09-09 0:00:00,1,2025-06-11 7:00:00,2025-08-12 9:34:18,20.34,2025-08-25 0:00:00,5,945,61,1.75,1.9,2025-09-19 0:00:00,0.1241,0.0792,,"[""0.036000"",""0.036400"",""0.045500"",""0.043500"",""0.073500"",""0.060000""]",2025-09-02,"[""0.036000"",""0.036400"",""0.045500"",""0.043500"",""0.073500"",""0.060000""]","[""0.000000"",""0.000000"",""0.000000"",""0.000000"",""0.000000"",""0.000000""]",20.39,20.73,20.91,20.87,21.47,21.2,,,,"[""73.42"",""66.34"",""82.05"",""61.37"",""67.16"",""35.46""]","[""20.24"",""20.61"",""20.79"",""20.75"",""21.37"",""21.08""]","[""20.25"",""20.51"",""20.70"",""20.74"",""21.34"",""21.13""]","[""20.27"",""20.68"",""20.87"",""20.76"",""21.40"",""21.05""]","[""20.25"",""20.62"",""20.81"",""20.76"",""21.38"",""21.08""]","[""20.30"",""20.37"",""20.47"",""20.47"",""20.58"",""20.71""]","[""1.00"",""0.95"",""0.99"",""0.00"",""0.42"",""1.77""]","[""0.0229"",""0.0393"",""0.0182"",""0.0523"",""0.0417"",""0.0447""]","[""0.63"",""0.55"",""0.56"",""0.56"",""0.47"",""-0.33""]","[""-0.94"",""-0.02"",""1.45"",""1.94"",""4.33"",""1.44""]",Sailpoint Inc,21.06,0,,,26.35,15.05,1050,1532850,11721755618,,,49.48483952,0.0006849985321,3.387334315,4.051383399,,14,88,20.72800064,,TRUE,,2025-09-05 06:19:59,0
2025-08-26 8:07:19,Long Calls,,"Synopsys, Inc.",SNPS,42.45,570,2025-09-09 0:00:00,3,2025-05-28 16:05:00,2025-07-30 16:19:27,597,2025-08-25 0:00:00,4,107,1,38.2,43.9,2025-09-19 0:00:00,0.0412,0.0491,1505862.084,"[""0.052860"",""0.059421"",""0.078298"",""0.073684"",""0.047053"",""0.041579""]",2025-09-02,"[""0.052860"",""0.059421"",""0.078298"",""0.073684"",""0.047053"",""0.041579""]","[""0.000000"",""0.000000"",""0.000000"",""0.000000"",""0.000000"",""0.000000""]",599.3,603.87,614.63,612,596.82,593.7,,,,"[""55.13"",""78.15"",""67.71"",""32.06"",""62.09"",""61.46""]","[""598.58"",""602.10"",""613.85"",""612.09"",""595.17"",""592.66""]","[""418.79"",""601.49"",""613.14"",""612.30"",""593.53"",""591.53""]","[""598.84"",""602.69"",""613.91"",""611.22"",""595.80"",""593.04""]","[""598.64"",""602.22"",""613.67"",""611.81"",""595.26"",""592.64""]","[""596.38"",""597.98"",""601.72"",""601.78"",""601.39"",""599.34""]","[""1.00"",""0.86"",""0.89"",""0.01"",""1.36"",""0.60""]","[""0.2724"",""0.2953"",""0.5296"",""0.6514"",""0.6720"",""0.4967""]","[""0.05"",""0.24"",""0.13"",""-0.30"",""0.28"",""0.15""]","[""-0.06"",""0.87"",""1.74"",""1.41"",""-0.76"",""-0.97""]",Synopsys Inc,601.96,0,,,651.73,365.74,1138,1145662,111388789325,43.46,1.14,30.28494977,0.0009933121636,-0.2006067941,-3.821818879,,14,88,603.8699951,593.3150024,TRUE,,2025-09-05 06:19:59,0
2025-08-26 8:07:19,Long Calls,,Adobe Inc.,ADBE,18.25,362.5,2025-09-11 0:00:00,3,2025-06-12 16:05:00,2025-08-21 8:54:37,363.21,2025-08-25 0:00:00,5,0,1,18.25,19.3,2025-09-12 0:00:00,,0.1159,3799133.174,"[""0.002014"",null,null,null,null,null]",2025-08-26,"[""0.002014"",""0.000000"",""0.000000"",""0.000000"",""0.000000"",""0.000000""]","[""0.024276"",""0.020248"",""0.036938"",""0.027710"",""0.058538"",""0.052742""]",357.23,360.29,358.22,357.25,352.71,348.51,,0.03,,"[""63.31"",""75.08"",""71.48"",""59.37"",""36.71"",""74.51""]","[""356.86"",""358.06"",""356.78"",""355.45"",""354.54"",""347.25""]","[""356.67"",""356.90"",""356.16"",""354.51"",""355.43"",""346.61""]","[""356.93"",""359.33"",""357.32"",""356.48"",""352.74"",""347.88""]","[""356.85"",""358.33"",""356.84"",""355.42"",""353.98"",""347.38""]","[""357.28"",""357.28"",""355.98"",""355.96"",""355.79"",""352.39""]","[""1.00"",""0.73"",""1.12"",""0.04"",""0.40"",""4.63""]","[""0.1438"",""0.5173"",""0.3633"",""1.2573"",""0.8919"",""0.3160""]","[""0.06"",""0.58"",""0.36"",""0.44"",""-0.70"",""0.36""]","[""-0.66"",""-0.26"",""-0.57"",""0.29"",""-1.05"",""-1.10""]",Adobe Inc,344.31,0,,,587.75,330.04,18985,2363230,146056300964,22.03,1.48,26.90587831,0.008033496528,-3.378700716,-0.3790289914,,7,54,,,FALSE,,2025-09-05 06:19:59,0
2025-08-26 8:07:19,Long Calls,,Kroger Co.,KR,2.34,70,2025-09-12 0:00:00,1,2025-06-20 8:00:00,,70.14,2025-08-25 0:00:00,5,122,108,2.2,2.29,2025-09-12 0:00:00,,0.0559,7321771.412,"[""0.005857"",null,null,null,null,null]",2025-08-26,"[""0.005857"",""0.000000"",""0.000000"",""0.000000"",""0.000000"",""0.000000""]","[""0.016143"",""0.038429"",""0.046286"",""0.041429"",""0.028143"",""0.040429""]",69.5,69.34,67.98,67.89,68.98,68.58,,0.13,,"[""63.36"",""54.47"",""41.37"",""75.95"",""92.24"",""52.43""]","[""69.40"",""69.13"",""67.81"",""67.65"",""67.78"",""68.48""]","[null,""69.27"",""67.69"",""67.62"",""67.68"",""68.44""]","[""69.44"",""69.15"",""67.88"",""67.73"",""68.10"",""68.52""]","[""69.41"",""69.16"",""67.83"",""67.67"",""67.87"",""68.49""]","[""69.42"",""68.81"",""68.39"",""68.26"",""68.25"",""68.30""]","[""1.00"",""1.01"",""0.88"",""3.58"",""0.73"",""0.26""]","[""0.0484"",""0.0941"",""0.0803"",""0.0424"",""0.1182"",""0.0832""]","[""0.13"",""0.15"",""-0.19"",""0.31"",""1.60"",""0.06""]","[""-0.62"",""-1.20"",""-1.36"",""-0.58"",""0.90"",""0.33""]",Kroger Co,67.84,0,,,74.9,50.69,4863,5222304,44852807050,18.44,0.59,24.04186119,0.0009311981838,-0.2059429244,-7.98860708,,7,54,,67.30999756,FALSE,,2025-09-05 06:19:59,0
2025-08-26 8:07:19,Long Calls,,Oracle Corp.,ORCL,15.91,235,2025-09-15 0:00:00,3,2025-06-11 16:05:00,,235.41,2025-08-25 0:00:00,5,152,64,14,14.15,2025-09-19 0:00:00,,0.0993,11852179.16,"[""0.008128"",""0.006511"",""0.029574"",""0.013702"",null,null]",2025-08-26,"[""0.008128"",""0.006511"",""0.029574"",""0.013702"",""0.000000"",""0.000000""]","[""0.009745"",""0.009872"",""0.000000"",""0.050596"",""0.068979"",""0.056383""]",236.48,236.53,241.95,238.22,225.45,225.9,,3,,"[""67.66"",""67.11"",""77.35"",""16.72"",""56.96"",""41.90""]","[""236.13"",""236.23"",""240.75"",""239.98"",""224.88"",""224.67""]","[""235.55"",""236.20"",""240.59"",""240.16"",""224.42"",""224.32""]","[""236.30"",""236.40"",""241.34"",""239.34"",""225.04"",""224.80""]","[""236.10"",""236.30"",""240.96"",""239.81"",""224.85"",""224.65""]","[""234.61"",""234.74"",""236.20"",""236.23"",""231.81"",""231.01""]","[""1.00"",""0.65"",""1.00"",""0.01"",""0.72"",""2.93""]","[""0.1392"",""0.1214"",""0.1946"",""0.4120"",""0.2772"",""0.3508""]","[""0.12"",""0.10"",""0.44"",""-1.00"",""0.07"",""-0.21""]","[""-0.17"",""0.46"",""1.74"",""0.57"",""-2.93"",""-2.94""]",Oracle Corp,223,0,,,260.87,118.86,186130,7403128,626369759000,51.36,1.46,34.33728032,0.02514207508,-5.432339595,-13.03669617,,14,88,236.5299988,232.6799927,TRUE,,2025-09-05 06:19:59,0
2025-08-26 8:07:19,Long Calls,,Ferguson plc,FERG,63.85,170,2025-09-16 0:00:00,1,2025-06-03 6:45:00,2025-08-18 0:00:00,232.49,2025-08-25 0:00:00,5,21,15,61.6,64.9,2025-09-19 0:00:00,,0.0947,1473926.993,"[""0.377176"",""0.386294"",""0.388235"",""0.377382"",""0.351765"",""0.359588""]",2025-09-02,"[""0.377176"",""0.386294"",""0.388235"",""0.377382"",""0.351765"",""0.359588""]","[""0.000000"",""0.000000"",""0.000000"",""0.000000"",""0.000000"",""0.000000""]",234.12,235.67,235.92,234.15,229.8,231.13,,,,"[""67.26"",""70.02"",""67.66"",""67.16"",""61.67"",""75.78""]","[""233.51"",""235.53"",""235.21"",""233.78"",""229.38"",""230.21""]","[""233.46"",""235.36"",""235.30"",""233.74"",""229.24"",""229.67""]","[""233.76"",""235.58"",""235.42"",""233.98"",""229.52"",""230.66""]","[""233.60"",""235.52"",""235.29"",""233.86"",""229.41"",""230.29""]","[""233.49"",""233.83"",""234.01"",""234.01"",""232.33"",""232.19""]","[""1.00"",""0.74"",""0.75"",""0.01"",""7.16"",""0.06""]","[""0.1833"",""0.0527"",""0.1728"",""0.1078"",""0.1431"",""0.2076""]","[""0.19"",""0.06"",""0.30"",""0.16"",""0.12"",""0.40""]","[""0.18"",""0.55"",""0.10"",""0.06"",""-1.15"",""-0.46""]",Ferguson Enterprises Inc,238.17,0,,,238.21,146,379,770999,38448895690,29.73,1.12,18.49624897,0.000491570028,1.297209935,6.850605653,,14,88,235.6699982,232.3999939,TRUE,,2025-09-05 06:19:59,0
2025-08-26 8:33:43,Long Calls,,Abercrombie & Fitch Co.,ANF,7,99,2025-08-27 0:00:00,1,2025-05-28 7:30:00,2025-08-01 8:03:35,99.76,2025-08-25 0:00:00,5,68,30,6.8,7.1,2025-08-29 0:00:00,0.1373,0.1231,2415462.88,"[""0.015050"",""0.009495"",null,null,null,null]",2025-08-26,"[""0.015050"",""0.009495"",""0.000000"",""0.000000"",""0.000000"",""-0.062121""]","[""0.030101"",""0.123636"",""0.035253"",""0.069444"",""0.055758"",""0.091717""]",100.02,99.94,98.51,97,93.48,,93.53,0.08,"[{""o"":""99.39"",""h"":""100.49"",""l"":""96.02"",""c"":""96.74"",""v"":0,""src"":""BACKFILL""},{""o"":""89.01"",""h"":""99.94"",""l"":""86.76"",""c"":""95.36"",""v"":0,""src"":""BACKFILL""},{""o"":""95.95"",""h"":""98.51"",""l"":""95.51"",""c"":""96.52"",""v"":0,""src"":""BACKFILL""},{""o"":""96.80"",""h"":""97.00"",""l"":""92.13"",""c"":""93.59"",""v"":0,""src"":""BACKFILL""},{""o"":""93.48"",""h"":""93.48"",""l"":""93.48"",""c"":""93.48"",""v"":0,""src"":""BACKFILL""}]","[""58.29"",""61.57"",""75.53"",""50.24"",""57.29"",""51.81""]","[""99.89"",""98.90"",""98.03"",""96.80"",""93.39"",""91.97""]","[""99.81"",""98.07"",""97.86"",""96.97"",""93.04"",""91.68""]","[""99.90"",""99.32"",""98.27"",""96.82"",""93.53"",""92.02""]","[""99.88"",""98.93"",""98.09"",""96.85"",""93.39"",""91.95""]","[""97.75"",""95.24"",""95.52"",""95.52"",""95.28"",""91.23""]","[""1.00"",""1.35"",""0.52"",""0.00"",""0.00"",""0.00""]","[""0.1010"",""0.5295"",""0.0986"",""0.1772"",""0.1502"",""0.1131""]","[""0.09"",""0.64"",""0.49"",""0.08"",""0.09"",""-0.05""]","[""-1.03"",""0.13"",""1.05"",""1.42"",""-1.89"",""0.76""]",Abercrombie & Fitch Co,93.48,0,,,167.71,65.4,13722,1433917,4453697713,8.85,1.44,50.0772303,0.009569591545,-1.97147651,-9.392265193,,-7,60,99.94000244,86.76000214,TRUE,,2025-09-05 06:19:59,0
2025-08-26 8:33:43,Long Calls,,NVIDIA Corp.,NVDA,7.31,177.5,2025-08-27 0:00:00,3,2025-05-28 16:20:00,2025-07-30 17:05:27,179.81,2025-08-25 0:00:00,5,18522,21978,7.3,7.35,2025-08-29 0:00:00,0.0678,0.0739,193562177.4,"[""0.027549"",""0.028113"",""0.039268"",""0.003437"",null,null]",2025-08-26,"[""0.027549"",""0.028113"",""0.039268"",""0.003437"",""0.000000"",""-0.028851""]","[""0.000000"",""0.000000"",""0.006141"",""0.024535"",""0.032901"",""0.057915""]",182.39,182.49,184.47,178.11,171.66,,174.11,6.39,"[{""o"":""180.06"",""h"":""182.39"",""l"":""178.81"",""c"":""181.77"",""v"":0,""src"":""BACKFILL""},{""o"":""181.98"",""h"":""182.49"",""l"":""179.10"",""c"":""181.60"",""v"":0,""src"":""BACKFILL""},{""o"":""180.82"",""h"":""184.47"",""l"":""176.41"",""c"":""180.17"",""v"":0,""src"":""BACKFILL""},{""o"":""178.11"",""h"":""178.11"",""l"":""173.15"",""c"":""174.28"",""v"":0,""src"":""BACKFILL""},{""o"":""171.66"",""h"":""171.66"",""l"":""171.66"",""c"":""171.66"",""v"":0,""src"":""BACKFILL""}]","[""67.38"",""85.94"",""72.86"",""14.98"",""21.68"",""53.43""]","[""182.04"",""182.10"",""181.72"",""180.52"",""173.98"",""170.74""]","[""182.01"",""181.96"",""181.58"",""180.43"",""174.02"",""170.49""]","[""182.13"",""182.26"",""182.31"",""179.93"",""173.53"",""170.85""]","[""182.06"",""182.13"",""181.91"",""180.30"",""173.82"",""170.75""]","[""180.99"",""181.03"",""180.75"",""180.71"",""179.27"",""169.52""]","[""1.00"",""1.17"",""1.23"",""0.05"",""0.00"",""0.00""]","[""0.1333"",""0.0795"",""0.3671"",""0.4238"",""0.3794"",""0.1673""]","[""0.13"",""0.20"",""0.91"",""-1.58"",""-1.33"",""0.03""]","[""0.43"",""0.31"",""-0.32"",""-1.68"",""-4.25"",""0.74""]",NVIDIA Corp,171.66,0,,,184.48,86.62,7501652,140040850,4171338088989,48.86,2.11,24.70565555,0.05356759831,-5.473568282,-4.325047375,,-7,60,182.4900055,179.1002045,TRUE,,2025-09-05 06:19:59,0
2025-08-26 8:33:43,Long Calls,,Snowflake,SNOW,12.32,192.5,2025-08-27 0:00:00,3,2025-05-21 16:05:00,2025-08-04 9:21:57,194.68,2025-08-25 0:00:00,5,179,63,12.15,12.45,2025-08-29 0:00:00,0.1152,0.1481,4346777.513,"[""0.020779"",""0.052156"",""0.298649"",""0.253247"",""0.152727"",""0.222129""]",2025-09-02,"[""0.020779"",""0.052156"",""0.298649"",""0.253247"",""0.152727"",""0.222129""]","[""0.000000"",""0.000000"",""0.000000"",""0.000000"",""0.000000"",""-0.186493""]",195.4,202.54,249.99,241.25,221.9,,238.66,,"[{""o"":""195.20"",""h"":""196.50"",""l"":""193.42"",""c"":""194.35"",""v"":0,""src"":""BACKFILL""},{""o"":""201.75"",""h"":""202.54"",""l"":""196.66"",""c"":""200.39"",""v"":0,""src"":""BACKFILL""},{""o"":""222.00"",""h"":""249.99"",""l"":""218.09"",""c"":""241.00"",""v"":0,""src"":""BACKFILL""},{""o"":""241.04"",""h"":""241.25"",""l"":""233.29"",""c"":""238.68"",""v"":0,""src"":""BACKFILL""},{""o"":""221.90"",""h"":""221.90"",""l"":""221.90"",""c"":""221.90"",""v"":0,""src"":""BACKFILL""}]","[""77.25"",""81.71"",""78.00"",""29.87"",""8.99"",""58.17""]","[""194.71"",""201.74"",""247.77"",""241.32"",""236.88"",""233.36""]","[null,""201.21"",""245.51"",""242.35"",""237.01"",""233.09""]","[""195.06"",""202.09"",""248.27"",""240.81"",""234.81"",""233.52""]","[""194.81"",""201.78"",""247.46"",""241.26"",""236.27"",""233.36""]","[""194.76"",""198.80"",""223.29"",""223.50"",""225.28"",""232.31""]","[""1.00"",""1.59"",""1.96"",""0.05"",""0.00"",""0.00""]","[""0.1447"",""0.1833"",""0.6845"",""0.5601"",""1.4900"",""0.2459""]","[""0.35"",""0.36"",""0.88"",""-0.44"",""-6.32"",""0.10""]","[""-0.21"",""0.80"",""7.93"",""7.49"",""-1.50"",""0.55""]",Snowflake Inc,221.9,0,,,249.99,107.13,52425,2848425,74038708163,,1.22,68.61413933,0.01840490798,10.73406857,5.395649283,,-7,60,202.5399933,,TRUE,,2025-09-05 06:19:59,0
2025-08-26 8:33:43,Long Calls,,"Urban Outfitters, Inc",URBN,4.7,76,2025-08-27 0:00:00,3,2025-05-21 16:05:00,2025-08-10 20:42:05,76.5,2025-08-25 0:00:00,5,199,4,4.4,4.6,2025-08-29 0:00:00,0.1137,0.1271,2018741.204,"[""0.023684"",""0.030395"",""0.039474"",null,null,null]",2025-08-26,"[""0.023684"",""0.030395"",""0.039474"",""0.000000"",""0.000000"",""-0.107763""]","[""0.002237"",""0.000000"",""0.092895"",""0.119618"",""0.061184"",""0.138158""]",77.08,78.31,79,69.54,71.35,,67.07,0.42,"[{""o"":""76.08"",""h"":""77.80"",""l"":""75.83"",""c"":""76.26"",""v"":0,""src"":""BACKFILL""},{""o"":""76.51"",""h"":""78.31"",""l"":""76.45"",""c"":""78.01"",""v"":0,""src"":""BACKFILL""},{""o"":""76.75"",""h"":""79.00"",""l"":""68.94"",""c"":""69.70"",""v"":0,""src"":""BACKFILL""},{""o"":""69.42"",""h"":""69.54"",""l"":""66.91"",""c"":""67.04"",""v"":0,""src"":""BACKFILL""},{""o"":""71.35"",""h"":""71.35"",""l"":""71.35"",""c"":""71.35"",""v"":0,""src"":""BACKFILL""}]","[null,""65.79"",""30.00"",""15.48"",""94.23"",""53.16""]","[null,""78.10"",""78.06"",""69.78"",""67.29"",""67.62""]","[null,""77.85"",""77.93"",""70.56"",""67.18"",""67.44""]","[null,""78.14"",""77.91"",""69.46"",""67.88"",""67.63""]","[null,""78.07"",""77.99"",""69.80"",""67.44"",""67.60""]","[""76.63"",""77.28"",""74.36"",""74.33"",""73.28"",""66.74""]","[""1.00"",""1.35"",""1.85"",""0.03"",""0.00"",""0.00""]","[null,""0.0891"",""0.3298"",""0.1906"",""0.3642"",""0.0813""]","[null,""0.17"",""-1.00"",""-1.70"",""6.03"",""-0.02""]","[""-0.48"",""0.95"",""-6.27"",""-7.72"",""-2.64"",""1.30""]",Urban Outfitters Inc,71.35,0,,,80.69,33.86,2886,1630515,6399829441,13.96,1.29,53.15480045,0.001769992916,-8.537367004,-10.57776664,,-7,60,78.30999756,,TRUE,,2025-09-05 06:19:59,0
2025-08-26 8:33:43,Long Calls,,Burlington Stores Inc,BURL,15.2,275,2025-08-28 0:00:00,1,2025-05-29 6:45:00,2025-08-14 16:15:51,280.38,2025-08-25 0:00:00,5,1,2,15.2,15.9,2025-09-05 0:00:00,0.1015,0.07,1087491.412,"[""0.025527"",""0.028218"",""0.123636"",""0.078709"",""0.055236"",""0.077673""]",2025-09-02,"[""0.025527"",""0.028218"",""0.123636"",""0.078709"",""0.055236"",""0.077673""]","[""0.000000"",""0.000000"",""0.000000"",""0.000000"",""0.000000"",""0.000000""]",281.35,282.76,309,296.64,290.19,296.36,,,,"[""56.60"",""58.67"",""95.76"",""64.88"",""78.57"",""70.82""]","[""280.91"",""282.15"",""289.05"",""295.02"",""289.46"",""295.69""]","[null,""281.21"",""284.36"",""296.12"",""288.87"",""295.06""]","[""280.84"",""282.35"",""300.49"",""295.37"",""289.76"",""296.08""]","[""280.83"",""282.07"",""292.63"",""295.32"",""289.48"",""295.66""]","[""279.89"",""280.23"",""291.11"",""291.13"",""289.96"",""290.00""]","[""1.00"",""1.22"",""1.71"",""0.01"",""0.55"",""4.78""]","[""0.1979"",""0.2797"",""2.2431"",""0.4694"",""0.1798"",""0.3021""]","[""0.04"",""0.07"",""6.53"",""0.55"",""0.25"",""0.22""]","[""-0.30"",""0.03"",""1.43"",""1.90"",""0.08"",""2.19""]",Burlington Stores Inc,301.35,0,,,309,212.92,776,847651,18995603661,35.66,1.72,30.96036826,0.0009154711078,7.509810917,6.49162485,,0,60,282.7600098,278.2600098,TRUE,,2025-09-05 06:19:59,0
2025-08-26 8:33:43,Long Calls,,Dollar General Corporation,DG,4.55,112,2025-08-28 0:00:00,1,2025-06-03 6:50:00,2025-07-31 7:27:38,112.35,2025-08-25 0:00:00,5,58,178,4.65,4.8,2025-08-29 0:00:00,0.0817,0.1137,3295065.509,"[""0.004286"",null,""0.026786"",""0.016250"",null,null]",2025-08-28,"[""0.004286"",""0.000000"",""0.026786"",""0.016250"",""0.000000"",""-0.009554""]","[""0.017143"",""0.017768"",""0.056339"",""0.040917"",""0.031786"",""0.032679""]",110.86,111.33,114.98,113.82,108.44,,108.76,0.47,"[{""o"":""112.43"",""h"":""112.48"",""l"":""110.08"",""c"":""110.50"",""v"":0,""src"":""BACKFILL""},{""o"":""110.58"",""h"":""111.33"",""l"":""110.01"",""c"":""111.20"",""v"":0,""src"":""BACKFILL""},{""o"":""114.98"",""h"":""115.00"",""l"":""105.69"",""c"":""111.71"",""v"":0,""src"":""BACKFILL""},{""o"":""112.18"",""h"":""113.82"",""l"":""107.42"",""c"":""108.79"",""v"":0,""src"":""BACKFILL""},{""o"":""108.44"",""h"":""108.44"",""l"":""108.44"",""c"":""108.44"",""v"":0,""src"":""BACKFILL""}]","[""61.99"",""78.02"",""92.95"",""64.26"",""44.64"",""65.45""]","[""110.76"",""110.84"",""111.30"",""111.90"",""108.63"",""110.22""]","[""110.68"",""110.88"",""111.03"",""112.11"",""108.38"",""110.24""]","[""110.79"",""111.03"",""112.38"",""112.31"",""108.68"",""110.35""]","[""110.76"",""110.91"",""111.62"",""112.09"",""108.62"",""110.26""]","[""111.02"",""110.92"",""110.86"",""110.87"",""110.53"",""110.07""]","[""1.00"",""1.14"",""1.62"",""0.02"",""0.00"",""0.00""]","[""0.0436"",""0.0934"",""0.3909"",""0.3456"",""0.1519"",""0.0945""]","[""0.06"",""0.45"",""2.91"",""0.84"",""-0.18"",""0.22""]","[""-0.47"",""0.25"",""0.77"",""1.78"",""-1.89"",""0.36""]",Dollar General Corp,108.44,0,,,117.95,66.43,1204,2545165,23868295177,20.06,0.29,23.30619581,0.0004730538099,-2.482014388,-4.306388987,,-7,40,,110.0100021,FALSE,,2025-09-05 06:19:59,0
2025-08-26 8:33:43,Long Calls,,Dell Technologies,DELL,5.85,131,2025-08-28 0:00:00,3,2025-05-29 16:05:00,2025-08-18 19:50:29,131.01,2025-08-25 0:00:00,4,543,168,5.6,5.8,2025-08-29 0:00:00,0.0901,0.1214,5538001.612,"[""0.011450"",""0.012748"",""0.031908"",null,null,null]",2025-08-26,"[""0.011450"",""0.012748"",""0.031908"",""0.000000"",""0.000000"",""-0.073435""]","[""0.005572"",""0.002672"",""0.000000"",""0.086794"",""0.033053"",""0.101527""]",131.81,132.67,135.18,124.31,126.67,,122.15,5.73,"[{""o"":""131.19"",""h"":""132.50"",""l"":""130.27"",""c"":""130.99"",""v"":0,""src"":""BACKFILL""},{""o"":""130.93"",""h"":""132.67"",""l"":""130.65"",""c"":""132.50"",""v"":0,""src"":""BACKFILL""},{""o"":""133.70"",""h"":""135.18"",""l"":""132.74"",""c"":""134.05"",""v"":0,""src"":""BACKFILL""},{""o"":""121.74"",""h"":""124.31"",""l"":""119.63"",""c"":""122.14"",""v"":0,""src"":""BACKFILL""},{""o"":""126.67"",""h"":""126.67"",""l"":""126.67"",""c"":""126.67"",""v"":0,""src"":""BACKFILL""}]","[""64.62"",""61.08"",""68.40"",""76.61"",""87.60"",""44.31""]","[""131.59"",""132.43"",""134.10"",""123.18"",""122.34"",""121.07""]","[""131.40"",""132.28"",""133.87"",""123.01"",""122.15"",""121.01""]","[""131.71"",""132.45"",""134.54"",""123.68"",""123.14"",""121.11""]","[""131.61"",""132.41"",""134.27"",""123.31"",""122.57"",""121.09""]","[""131.25"",""131.60"",""133.03"",""127.75"",""126.76"",""119.71""]","[""1.00"",""1.01"",""1.79"",""2.23"",""0.00"",""0.00""]","[""0.0840"",""0.0837"",""0.3287"",""0.2400"",""0.5376"",""0.1357""]","[""0.14"",""0.05"",""0.79"",""0.79"",""3.54"",""-0.09""]","[""-0.20"",""0.68"",""0.77"",""-2.82"",""-0.07"",""1.04""]",Dell Technologies Inc,126.67,0,,,147.66,66.25,32831,4057774,85677256033,0,,42.59587892,0.008090889241,-4.4,-1.147182769,,-7,60,132.6678925,130.6540985,TRUE,,2025-09-05 06:19:59,0
2025-08-26 8:33:43,Long Calls,,"Autodesk, Inc.",ADSK,8.37,285,2025-08-28 0:00:00,3,2025-05-22 16:01:00,2025-08-04 8:05:38,285.34,2025-08-25 0:00:00,5,35,34,8,8.7,2025-08-29 0:00:00,0.0587,0.0328,1517818.549,"[""0.005860"",""0.005509"",""0.033298"",""0.145439"",""0.122561"",""0.120947""]",2025-09-02,"[""0.005860"",""0.005509"",""0.033298"",""0.145439"",""0.122561"",""0.120947""]","[""0.011404"",""0.006316"",""0.000000"",""0.000000"",""0.000000"",""-0.097053""]",283.28,286.57,294.49,326.45,319.93,,314.7,2.96,"[{""o"":""285.34"",""h"":""286.67"",""l"":""281.75"",""c"":""282.45"",""v"":0,""src"":""BACKFILL""},{""o"":""283.46"",""h"":""286.57"",""l"":""283.20"",""c"":""285.95"",""v"":0,""src"":""BACKFILL""},{""o"":""288.66"",""h"":""294.49"",""l"":""287.79"",""c"":""288.49"",""v"":0,""src"":""BACKFILL""},{""o"":""318.00"",""h"":""326.45"",""l"":""307.26"",""c"":""314.48"",""v"":0,""src"":""BACKFILL""},{""o"":""319.93"",""h"":""319.93"",""l"":""319.93"",""c"":""319.93"",""v"":0,""src"":""BACKFILL""}]","[""61.73"",""57.23"",""78.49"",""84.40"",""86.87"",""63.46""]","[""283.05"",""286.16"",""293.70"",""301.45"",""314.35"",""318.89""]","[null,""285.73"",""293.25"",""296.59"",""314.45"",""318.34""]","[""283.08"",""286.31"",""293.96"",""312.24"",""315.35"",""319.12""]","[""283.07"",""286.15"",""293.71"",""306.21"",""314.65"",""318.90""]","[""283.62"",""284.30"",""287.61"",""290.64"",""297.52"",""316.81""]","[""1.00"",""0.84"",""1.67"",""0.05"",""0.00"",""0.00""]","[""0.1296"",""0.1615"",""0.2175"",""3.4228"",""0.7413"",""0.2138""]","[""0.08"",""0.05"",""0.25"",""7.33"",""1.78"",""0.09""]","[""-0.41"",""0.58"",""0.30"",""11.32"",""7.53"",""0.74""]",Autodesk Inc,319.93,0,,,326.62,232.67,1769,1184561,68145088439,66.33,1.49,33.66921359,0.001493380248,11.88319636,4.833213186,,-7,60,286.5700073,,TRUE,,2025-09-05 06:19:59,0
2025-08-26 8:33:43,Long Calls,,"Affirm Holdings, Inc.",AFRM,5.65,77,2025-08-28 0:00:00,3,2025-05-08 16:05:00,2025-07-31 16:11:15,77.39,2025-08-25 0:00:00,4,197,345,5.5,5.65,2025-08-29 0:00:00,0.1405,0.1556,6372003.627,"[""0.032792"",""0.025325"",""0.052597"",""0.298701"",""0.164416"",""0.119739""]",2025-09-02,"[""0.032792"",""0.025325"",""0.052597"",""0.298701"",""0.164416"",""0.119739""]","[""0.000000"",""0.007403"",""0.000000"",""0.000000"",""0.000000"",""-0.059740""]",79.11,78.95,81.05,100,89.66,,88.45,7.1,"[{""o"":""78.32"",""h"":""79.53"",""l"":""77.75"",""c"":""77.95"",""v"":0,""src"":""BACKFILL""},{""o"":""77.65"",""h"":""78.95"",""l"":""76.43"",""c"":""77.59"",""v"":0,""src"":""BACKFILL""},{""o"":""78.25"",""h"":""81.05"",""l"":""78.00"",""c"":""79.99"",""v"":0,""src"":""BACKFILL""},{""o"":""92.00"",""h"":""100.00"",""l"":""86.76"",""c"":""88.50"",""v"":0,""src"":""BACKFILL""},{""o"":""89.66"",""h"":""89.66"",""l"":""89.66"",""c"":""89.66"",""v"":0,""src"":""BACKFILL""}]","[""51.22"",""55.02"",""73.56"",""89.42"",""78.39"",""48.88""]","[""78.60"",""78.35"",""80.47"",""86.29"",""87.71"",""82.17""]","[""78.68"",""78.58"",""80.44"",""82.54"",""87.46"",""82.33""]","[""78.55"",""78.16"",""80.64"",""92.47"",""88.37"",""82.25""]","[""78.59"",""78.31"",""80.52"",""88.73"",""87.91"",""82.23""]","[""78.41"",""78.21"",""78.72"",""81.40"",""85.55"",""83.44""]","[""1.00"",""0.52"",""1.05"",""0.16"",""0.00"",""0.00""]","[""0.1199"",""0.2493"",""0.1260"",""1.5787"",""0.3693"",""0.1668""]","[""0.04"",""0.22"",""0.70"",""13.85"",""2.22"",""0.06""]","[""-0.58"",""-0.80"",""1.61"",""20.69"",""4.81"",""-1.46""]",Affirm Holdings Inc,89.66,0,,,100,30.9,178299,3330773,29197807090,585.9,3.64,68.82709525,0.05353081702,15.55612837,16.01966874,,-7,40,,76.43000031,FALSE,,2025-09-05 06:19:59,0
2025-08-26 8:33:43,Long Calls,,ULTA Beauty,ULTA,21.4,522.5,2025-08-28 0:00:00,3,2025-05-29 16:05:00,2025-08-15 9:16:19,524.37,2025-08-25 0:00:00,5,19,8,19.3,21,2025-08-29 0:00:00,0.0742,0.0769,730096.7853,"[""0.009301"",""0.027541"",""0.030794"",""0.028402"",""0.013397"",""0.020172""]",2025-09-02,"[""0.009301"",""0.027541"",""0.030794"",""0.028402"",""0.013397"",""0.020172""]","[""0.004785"",""0.000000"",""0.000000"",""0.058373"",""0.000000"",""0.069378""]",526.62,536.89,538.59,537.34,529.5,,492.73,6.44,"[{""o"":""524.47"",""h"":""527.36"",""l"":""520.00"",""c"":""526.06"",""v"":0,""src"":""BACKFILL""},{""o"":""526.85"",""h"":""536.89"",""l"":""526.85"",""c"":""533.81"",""v"":0,""src"":""BACKFILL""},{""o"":""534.38"",""h"":""538.59"",""l"":""526.17"",""c"":""530.63"",""v"":0,""src"":""BACKFILL""},{""o"":""526.85"",""h"":""537.34"",""l"":""492.00"",""c"":""492.72"",""v"":0,""src"":""BACKFILL""},{""o"":""529.50"",""h"":""529.50"",""l"":""529.50"",""c"":""529.50"",""v"":0,""src"":""BACKFILL""}]","[""67.93"",""75.41"",""67.08"",""81.69"",""92.89"",""83.67""]","[""523.80"",""532.97"",""533.87"",""530.98"",""495.46"",""519.00""]","[""523.50"",""530.00"",""533.20"",""529.67"",""494.16"",""515.28""]","[""524.15"",""534.87"",""534.13"",""532.12"",""500.40"",""520.97""]","[""523.85"",""533.33"",""533.82"",""531.07"",""496.67"",""519.08""]","[""524.47"",""527.99"",""529.75"",""529.85"",""517.58"",""508.38""]","[""1.00"",""0.87"",""1.39"",""0.13"",""0.00"",""2.55""]","[""0.4563"",""0.8389"",""0.6713"",""1.6808"",""3.3933"",""0.9700""]","[""0.24"",""0.64"",""0.19"",""1.20"",""6.87"",""0.96""]","[""0.30"",""1.10"",""0.17"",""1.41"",""2.30"",""3.07""]",Ulta Beauty Inc,529.5,0,,,539,309.01,297,593311,23741910000,20.3,1.06,37.68506479,0.0005005806398,-0.8074033832,2.578507914,,-7,60,536.8900146,,TRUE,,2025-09-05 06:19:59,0
2025-08-26 8:33:43,Long Calls,,Marvell Technology Group Ltd.,MRVL,4.4,72,2025-08-28 0:00:00,3,2025-05-29 16:05:00,2025-08-04 9:21:44,72.95,2025-08-25 0:00:00,5,286,177,4.05,4.35,2025-08-29 0:00:00,0.1056,0.1326,18944864.01,"[""0.043611"",""0.042083"",""0.084444"",null,null,null]",2025-08-26,"[""0.043611"",""0.042083"",""0.084444"",""0.000000"",""0.000000"",""-0.101944""]","[""0.000000"",""0.000000"",""0.000000"",""0.130276"",""0.109722"",""0.141472""]",75.14,75.03,78.08,65.28,64.1,,62.87,0.65,"[{""o"":""72.99"",""h"":""75.14"",""l"":""72.99"",""c"":""74.26"",""v"":0,""src"":""BACKFILL""},{""o"":""74.20"",""h"":""75.03"",""l"":""73.82"",""c"":""74.79"",""v"":0,""src"":""BACKFILL""},{""o"":""75.92"",""h"":""78.08"",""l"":""75.06"",""c"":""77.23"",""v"":0,""src"":""BACKFILL""},{""o"":""64.52"",""h"":""65.28"",""l"":""62.62"",""c"":""62.87"",""v"":0,""src"":""BACKFILL""},{""o"":""64.10"",""h"":""64.10"",""l"":""64.10"",""c"":""64.10"",""v"":0,""src"":""BACKFILL""}]","[""58.54"",""64.57"",""53.82"",""33.27"",""80.79"",""69.50""]","[""74.97"",""74.90"",""77.87"",""64.50"",""62.94"",""64.34""]","[""74.96"",""74.87"",""77.61"",""70.01"",""62.84"",""64.19""]","[""75.04"",""74.96"",""77.92"",""64.68"",""63.10"",""64.50""]","[""75.00"",""74.92"",""77.85"",""65.08"",""62.96"",""64.37""]","[""74.13"",""74.33"",""75.83"",""72.17"",""68.75"",""63.31""]","[""1.00"",""0.96"",""1.83"",""7.51"",""0.00"",""0.00""]","[""0.0606"",""0.0403"",""0.1327"",""0.6858"",""0.2005"",""0.0890""]","[""0.13"",""0.14"",""0.03"",""0.74"",""1.85"",""0.41""]","[""0.18"",""0.62"",""1.85"",""-9.96"",""-6.76"",""2.04""]",Marvell Technology Inc,64.1,0,,,127.48,47.09,401472,9854126,55260602274,,1.85,75.41460456,0.04074151274,-14.29335473,-14.89644185,,-7,60,75.02639771,,TRUE,,2025-09-05 06:19:59,0
2025-08-26 8:33:43,Long Calls,,Signet Jewelers Ltd,SIG,6.6,84,2025-09-02 0:00:00,1,2025-06-03 6:50:00,2025-08-05 7:31:49,85.17,2025-08-25 0:00:00,5,54,1,6.3,6.8,2025-09-12 0:00:00,0.1198,0.1334,1025609.906,"[""0.047857"",""0.113095"",""0.107619"",""0.072857"",""0.093511"",""0.090774""]",2025-09-02,"[""0.047857"",""0.113095"",""0.107619"",""0.072857"",""0.093511"",""0.090774""]","[""0.000000"",""0.000000"",""0.000000"",""0.000000"",""0.000000"",""0.000000""]",88.02,93.5,93.04,90.12,91.85,91.63,,,,"[""69.06"",""78.46"",""40.14"",""41.66"",""73.02"",""54.62""]","[""87.31"",""92.95"",""93.00"",""89.78"",""88.25"",""90.77""]","[""87.10"",""92.74"",""92.80"",""89.96"",""88.23"",""90.59""]","[""87.67"",""93.15"",""93.08"",""89.77"",""88.77"",""91.07""]","[""87.41"",""92.99"",""93.02"",""89.81"",""88.39"",""90.84""]","[""86.83"",""89.99"",""90.17"",""90.17"",""89.67"",""89.67""]","[""1.00"",""1.21"",""1.01"",""0.01"",""2.67"",""0.39""]","[""0.1285"",""0.1104"",""0.2160"",""0.1214"",""0.5109"",""0.3667""]","[""0.53"",""0.51"",""-0.30"",""-0.14"",""2.16"",""0.31""]","[""1.16"",""3.75"",""-0.35"",""-0.58"",""0.55"",""1.55""]",Signet Jewelers Ltd,90.55,-0.01,,,106.28,45.55,722,805552,3726153452,30.22,1.18,46.82386398,0.0008962798181,-3.020242048,20.52442433,,7,74,93.49500275,,TRUE,,2025-09-05 06:19:59,0
2025-08-26 8:33:43,Long Calls,,"Dollar Tree, Inc.",DLTR,5.92,110,2025-09-03 0:00:00,1,2025-06-04 6:30:00,2025-08-13 16:10:06,111.8,2025-08-25 0:00:00,4,8,316,5.75,6.2,2025-09-05 0:00:00,0.0939,0.091,3762713.482,"[""0.027000"",""0.033818"",""0.052182"",""0.033182"",""0.019364"",""0.019364""]",2025-09-02,"[""0.027000"",""0.033818"",""0.052182"",""0.033182"",""0.019364"",""0.000000""]","[""0.000000"",""0.000000"",""0.000000"",""0.012636"",""0.017818"",""0.109091""]",112.03,113.72,115.74,113.65,112.13,104.28,,4.13,,"[""70.86"",""79.68"",""89.61"",""66.94"",""85.39"",""69.13""]","[""111.52"",""113.56"",""113.13"",""113.06"",""111.73"",""103.33""]","[""111.59"",""113.30"",""113.19"",""112.84"",""111.39"",""103.10""]","[""111.78"",""113.64"",""113.74"",""113.35"",""111.92"",""103.82""]","[""111.63"",""113.54"",""113.33"",""113.01"",""111.75"",""103.51""]","[""112.05"",""112.35"",""112.66"",""112.67"",""111.92"",""108.01""]","[""1.00"",""0.87"",""0.93"",""0.04"",""0.83"",""2.42""]","[""0.1055"",""0.0410"",""0.2731"",""0.5445"",""0.0967"",""0.2430""]","[""0.42"",""0.13"",""1.93"",""0.45"",""0.31"",""0.73""]","[""-0.06"",""0.45"",""-0.14"",""0.80"",""0.15"",""-3.64""]",Dollar Tree Inc,100.25,0,,,118.06,60.49,5410,2914995,20921743925,,0.89,29.91347179,0.001855920851,-11.17313486,-13.85236745,,0,60,113.7200012,,TRUE,,2025-09-05 06:19:59,0
2025-08-26 8:33:43,Long Calls,,Credo Technology Group Holding Ltd,CRDO,11.2,115,2025-09-03 0:00:00,3,2025-06-02 16:05:00,2025-08-13 9:17:53,115.41,2025-08-25 0:00:00,5,14,14,10.7,12.3,2025-09-05 0:00:00,0.2054,0.1987,4735796.113,"[""0.055548"",""0.078087"",""0.168261"",""0.140869"",""0.083384"",""0.106783""]",2025-09-02,"[""0.055548"",""0.078087"",""0.168261"",""0.140869"",""0.083384"",""0.106783""]","[""0.000000"",""0.000000"",""0.000000"",""0.000000"",""0.000000"",""0.000000""]",121.39,123.98,134.35,131.2,124.59,127.28,,,,"[""56.33"",""61.89"",""55.57"",""22.23"",""62.79"",""61.45""]","[""121.09"",""123.83"",""134.02"",""132.16"",""124.22"",""125.57""]","[""120.85"",""123.41"",""133.79"",""132.65"",""124.29"",""124.98""]","[""121.17"",""123.86"",""134.14"",""131.34"",""124.29"",""126.25""]","[""121.09"",""123.76"",""134.03"",""131.94"",""124.25"",""125.77""]","[""118.86"",""120.30"",""124.26"",""124.35"",""123.52"",""123.64""]","[""1.00"",""0.98"",""1.23"",""0.01"",""2.05"",""2.06""]","[""0.1247"",""0.1097"",""0.1401"",""0.4201"",""0.1729"",""0.7332""]","[""0.05"",""0.03"",""0.06"",""-1.23"",""0.27"",""1.14""]","[""1.04"",""2.02"",""6.09"",""4.98"",""0.83"",""2.72""]",Credo Technology Group Holding Ltd,134,0,,,141.09,24.08,148002,3461832,23178435600,197.41,2.59,69.99327098,0.04275250792,9.182758902,14.19805693,,0,60,123.9800034,,TRUE,,2025-09-05 06:19:59,0
2025-08-26 8:33:43,Long Calls,,Salesforce,CRM,10.9,247.5,2025-09-03 0:00:00,3,2025-05-28 16:02:00,2025-08-07 16:33:58,247.87,2025-08-25 0:00:00,5,152,133,10.75,11,2025-09-05 0:00:00,0.0859,0.0697,7352550.357,"[""0.005374"",""0.011596"",""0.032929"",""0.040970"",""0.030263"",""0.042424""]",2025-09-02,"[""0.005374"",""0.011596"",""0.032929"",""0.040970"",""0.030263"",""0.042424""]","[""0.018788"",""0.007636"",""0.000000"",""0.000000"",""0.000000"",""0.000000""]",245.05,250.37,255.65,257.64,254.99,258,,1.86,,"[""62.39"",""63.99"",""67.31"",""96.01"",""19.45"",""65.48""]","[""244.70"",""250.00"",""255.25"",""255.91"",""256.18"",""256.71""]","[""244.46"",""249.67"",""255.25"",""255.20"",""256.24"",""256.03""]","[""244.82"",""250.16"",""255.42"",""256.34"",""255.69"",""257.23""]","[""244.71"",""250.01"",""255.31"",""256.10"",""256.02"",""256.80""]","[""245.14"",""246.65"",""249.08"",""249.22"",""250.35"",""251.52""]","[""1.00"",""0.85"",""1.07"",""0.02"",""4.97"",""2.67""]","[""0.1288"",""0.1605"",""0.1184"",""1.3212"",""0.4035"",""0.3754""]","[""0.10"",""0.11"",""0.14"",""0.59"",""-1.05"",""0.23""]","[""-0.57"",""1.42"",""2.19"",""3.30"",""1.26"",""2.30""]",Salesforce Inc,244.01,0,,,369,226.48,114713,5646824,233273554748,35.41,1.22,30.63155904,0.02031460517,-2.458426607,-2.070875306,,0,60,250.3699951,,TRUE,,2025-09-05 06:19:59,0
2025-08-26 8:33:43,Long Calls,,Hewlett Packard Enterprise,HPE,1.04,22.5,2025-09-03 0:00:00,3,2025-06-03 16:05:00,2025-08-13 8:29:28,22.56,2025-08-25 0:00:00,4,315,69,1,1.05,2025-09-05 0:00:00,0.0898,0.0705,17414471.58,"[""0.010889"",""0.016444"",""0.036000"",""0.014511"",""0.009333"",""0.024000""]",2025-09-02,"[""0.010889"",""0.016444"",""0.036000"",""0.014511"",""0.009333"",""0.024000""]","[""0.004444"",""0.011556"",""0.000000"",""0.003111"",""0.025778"",""0.000000""]",22.74,22.87,23.31,22.83,22.71,23.04,,3.12,,"[""73.14"",""64.16"",""71.08"",""59.72"",""85.76"",""91.63""]","[""22.69"",""22.83"",""23.20"",""22.82"",""22.60"",""22.65""]","[""22.61"",""22.82"",""23.16"",""23.05"",""22.56"",""22.59""]","[""22.70"",""22.85"",""23.23"",""22.75"",""22.65"",""22.78""]","[""22.68"",""22.84"",""23.20"",""22.84"",""22.61"",""22.69""]","[""22.55"",""22.59"",""22.77"",""22.76"",""22.67"",""22.67""]","[""1.00"",""1.16"",""1.14"",""0.03"",""2.46"",""0.37""]","[""0.0184"",""0.0187"",""0.0295"",""0.1519"",""0.0233"",""0.0501""]","[""0.19"",""0.17"",""0.43"",""-0.09"",""0.49"",""1.57""]","[""-0.21"",""0.64"",""1.73"",""0.16"",""0.18"",""1.50""]",Hewlett Packard Enterprise Co,23.16,0,,,24.66,11.97,60974,20562570,30390899199,28.32,1.43,27.77487754,0.002965290817,1.891772987,15.05216095,,0,60,22.87000084,22.23999977,TRUE,,2025-09-05 06:19:59,0
2025-08-26 8:33:43,Long Calls,,Broadcom Inc.,AVGO,14,292.5,2025-09-04 0:00:00,3,2025-06-05 16:15:00,2025-08-04 8:05:55,294.23,2025-08-25 0:00:00,4,182,82,13.5,13.8,2025-09-05 0:00:00,0.0861,0.1128,20458065.45,"[""0.026496"",""0.029675"",""0.063248"",""0.049607"",""0.021026"",""0.040855""]",2025-09-02,"[""0.026496"",""0.029675"",""0.063248"",""0.049607"",""0.021026"",""0.040855""]","[""0.000000"",""0.000000"",""0.000000"",""0.000000"",""0.018427"",""0.000000""]",300.25,301.18,311,307.01,298.65,304.45,,3.43,,"[""79.41"",""70.28"",""75.35"",""11.84"",""61.11"",""62.85""]","[""297.82"",""300.61"",""310.32"",""309.53"",""298.16"",""303.55""]","[""297.80"",""299.89"",""309.97"",""309.68"",""297.77"",""302.49""]","[""298.67"",""300.70"",""310.64"",""308.24"",""298.28"",""303.46""]","[""298.11"",""300.49"",""310.40"",""309.11"",""298.13"",""303.27""]","[""297.42"",""297.76"",""300.86"",""300.91"",""299.02"",""299.15""]","[""1.00"",""0.70"",""0.97"",""0.05"",""2.27"",""2.78""]","[""0.4011"",""0.2125"",""0.2209"",""0.6540"",""0.2778"",""0.6030""]","[""0.79"",""0.09"",""0.19"",""-1.73"",""0.09"",""0.25""]","[""0.20"",""0.84"",""2.59"",""1.09"",""-0.20"",""1.72""]",Broadcom Inc,306.1,0,,,317.35,134.9,5244793,14946309,1439732807907,78.2,0.95,29.22833285,0.35090891,1.948376353,1.468492061,,0,60,301.1799927,293.7799988,TRUE,,2025-09-05 06:19:59,0
2025-08-26 8:33:43,Long Calls,,"UiPath, Inc.",PATH,0.81,11,2025-09-04 0:00:00,3,2025-05-29 16:10:00,2025-08-07 16:39:24,11.03,2025-08-25 0:00:00,5,372,11,0.69,0.74,2025-09-05 0:00:00,0.1333,0.1108,11391711.72,"[""0.011364"",""0.016364"",""0.037273"",""0.040455"",""0.006364"",""0.003636""]",2025-09-02,"[""0.011364"",""0.016364"",""0.037273"",""0.040455"",""0.006364"",""0.003636""]","[""0.017273"",""0.006364"",""0.000000"",""0.000000"",""0.021818"",""0.020000""]",10.93,11.18,11.41,11.44,11.07,11.04,,2.16,,"[""62.74"",""65.25"",""84.27"",""91.25"",""60.91"",""61.19""]","[""10.89"",""11.16"",""11.36"",""11.31"",""10.97"",""10.98""]","[""10.88"",""11.15"",""11.33"",""11.31"",""11.02"",""10.95""]","[""10.90"",""11.17"",""11.39"",""11.35"",""11.01"",""11.01""]","[""10.89"",""11.16"",""11.37"",""11.33"",""10.99"",""10.98""]","[""10.92"",""10.99"",""11.09"",""11.09"",""11.11"",""11.06""]","[""1.00"",""0.85"",""1.01"",""0.02"",""0.90"",""0.84""]","[""0.0114"",""0.0103"",""0.0104"",""0.0768"",""0.0353"",""0.0269""]","[""0.21"",""0.10"",""0.40"",""1.06"",""0.83"",""0.43""]","[""-0.90"",""1.38"",""1.53"",""3.03"",""-0.44"",""-0.35""]",UiPath Inc,10.85,0,,,15.93,9.38,1194744,6558036,5805171184,,1.02,32.97197202,0.1821801527,-2.603231598,-3.297682709,,0,60,11.18000031,,TRUE,,2025-09-05 06:19:59,0
2025-08-26 8:33:43,Long Calls,,Planet Labs PBC ,PL,0.8,7,2025-09-08 0:00:00,1,2004-11-02 7:00:10,2025-08-07 9:40:58,7.06,2025-08-25 0:00:00,5,1018,334,0.75,0.8,2025-09-12 0:00:00,0.1275,0.192,7649108.898,"[""0.034286"",""0.019286"",""0.054286"",""0.021429"",null,null]",2025-08-26,"[""0.034286"",""0.019286"",""0.054286"",""0.021429"",""0.000000"",""0.000000""]","[""0.006857"",""0.021429"",""0.005714"",""0.029600"",""0.084286"",""0.081429""]",7.13,7.14,7.38,7.15,6.79,6.76,,2.53,,"[null,""78.65"",""70.47"",""35.82"",""17.73"",""77.21""]","[null,""7.05"",""7.17"",""7.20"",""7.00"",""6.63""]","[null,""7.01"",""7.12"",""7.21"",""6.99"",""6.63""]","[null,""7.10"",""7.24"",""7.15"",""6.97"",""6.65""]","[null,""7.06"",""7.19"",""7.18"",""6.99"",""6.64""]","[""7.06"",""7.04"",""7.10"",""7.10"",""7.04"",""6.93""]","[""1.00"",""0.97"",""1.25"",""0.00"",""7.51"",""3.48""]","[null,""0.0162"",""0.0401"",""0.0225"",""0.0455"",""0.0203""]","[null,""0.98"",""1.96"",""-0.79"",""-4.80"",""1.05""]","[""-1.10"",""0.57"",""1.56"",""0.57"",""-5.36"",""-3.44""]",Planet Labs PBC,6.46,0,,,7.72,1.76,111217,3640587,1960163625,,1.81,46.21679752,0.0305491944,-8.757062147,2.215189873,,7,74,7.135000229,6.849999905,TRUE,,2025-09-05 06:19:59,0
2025-08-26 8:33:43,Long Calls,,"Casey’s General Stores, Inc.",CASY,23.5,490,2025-09-08 0:00:00,3,2025-06-09 16:30:00,2025-08-18 17:35:44,496.61,2025-08-25 0:00:00,5,6,1,22.2,25.3,2025-09-19 0:00:00,0.0525,0.0729,373885.2686,"[""0.031939"",""0.020408"",""0.017510"",""0.015857"",""0.017898"",""0.022776""]",2025-09-02,"[""0.031939"",""0.020408"",""0.017510"",""0.015857"",""0.017898"",""0.022776""]","[""0.000000"",""0.000000"",""0.000000"",""0.000000"",""0.000000"",""0.000000""]",498.62,500,498.58,497.77,498.77,501.16,,,,"[""60.55"",""57.40"",""56.45"",""67.28"",""83.67"",""66.37""]","[""497.13"",""497.45"",""498.05"",""496.06"",""496.91"",""498.83""]","[""169.04"",""497.60"",""497.51"",""495.77"",""495.99"",""497.87""]","[""497.74"",""497.88"",""498.52"",""496.32"",""497.94"",""500.08""]","[""497.35"",""497.61"",""498.20"",""496.11"",""497.16"",""499.16""]","[""498.80"",""497.67"",""496.98"",""496.98"",""495.86"",""496.02""]","[""1.00"",""0.95"",""0.74"",""0.01"",""1.29"",""3.23""]","[""249.0529"",""0.7985"",""0.4878"",""0.4329"",""0.3979"",""0.7194""]","[""0.22"",""0.17"",""0.11"",""0.35"",""0.37"",""0.47""]","[""-0.41"",""0.12"",""-0.20"",""0.16"",""0.59"",""1.04""]",Caseys General Stores Inc,498.18,0,,,531.24,362.42,72,184603,18522820344,34.04,0.66,11.80685994,0.0003900261643,-0.0220754982,-4.46988437,,14,88,500,491,TRUE,,2025-09-05 06:19:59,0
2025-08-26 8:33:43,Long Calls,,"AeroVironment, Inc",AVAV,21.3,240,2025-09-08 0:00:00,3,2025-06-24 16:05:00,,241.15,2025-08-25 0:00:00,4,149,21,18,18.8,2025-09-19 0:00:00,0.0699,0.138,1124971.214,"[""0.041250"",""0.045000"",""0.045542"",""0.057063"",""0.004333"",""0.020917""]",2025-09-02,"[""0.041250"",""0.045000"",""0.045542"",""0.057063"",""0.004333"",""0.020917""]","[""0.000000"",""0.000000"",""0.000000"",""0.005625"",""0.033333"",""0.010417""]",247.1,250.8,250.93,253.7,241.04,245.02,,10.14,,"[""66.40"",""78.81"",""62.64"",""83.76"",""63.71"",""59.64""]","[""246.55"",""248.50"",""249.73"",""248.90"",""240.74"",""243.71""]","[""246.00"",""248.27"",""248.95"",""249.09"",""240.29"",""242.46""]","[""246.69"",""249.37"",""250.31"",""249.66"",""240.85"",""244.24""]","[""246.49"",""248.71"",""249.84"",""249.18"",""240.72"",""243.69""]","[""245.65"",""246.39"",""247.04"",""247.13"",""244.82"",""244.64""]","[""1.00"",""0.98"",""0.77"",""0.06"",""1.56"",""0.88""]","[""0.1987"",""0.3950"",""0.2456"",""0.5541"",""0.1482"",""0.5600""]","[""0.22"",""0.85"",""0.30"",""1.57"",""0.13"",""0.32""]","[""0.10"",""0.44"",""0.76"",""2.29"",""-1.54"",""-0.07""]","AeroVironment, Inc.",226.76,0,,,295.9,102.25,15043,514270,11322636735,146.46,1.02,32.53994841,0.02925117156,-8.368691154,-13.81223869,,14,88,250.7998962,,TRUE,,2025-09-05 06:19:59,0
2025-08-26 8:33:43,Long Calls,,Hello Group Inc.,MOMO,1.47,7,2025-09-09 0:00:00,1,2025-06-05 3:03:00,2025-08-13 7:04:05,8.32,2025-08-25 0:00:00,5,1,2,1.35,1.5,2025-09-19 0:00:00,0.1382,0.1148,1083600.83,"[""0.197143"",""0.171429"",""0.175714"",""0.199286"",""0.186429"",""0.195714""]",2025-09-02,"[""0.197143"",""0.171429"",""0.175714"",""0.199286"",""0.186429"",""0.195714""]","[""0.000000"",""0.000000"",""0.000000"",""0.000000"",""0.000000"",""0.000000""]",8.36,8.2,8.23,8.4,8.31,8.37,,,,"[null,""49.88"",""70.71"",""69.85"",""61.16"",""73.71""]","[null,""8.18"",""8.15"",""8.37"",""8.28"",""8.30""]","[null,""8.25"",""8.13"",""8.35"",""8.27"",""8.28""]","[null,""8.16"",""8.18"",""8.38"",""8.29"",""8.31""]","[null,""8.18"",""8.16"",""8.37"",""8.28"",""8.30""]","[""8.31"",""8.24"",""8.22"",""8.23"",""8.24"",""8.24""]","[""1.00"",""0.81"",""0.59"",""0.47"",""6.28"",""4.01""]","[null,""0.0210"",""0.0126"",""0.0071"",""0.0041"",""0.0170""]","[null,""0.18"",""0.93"",""0.31"",""0.10"",""0.74""]","[""-0.32"",""-1.15"",""-1.07"",""2.02"",""0.63"",""1.44""]",Hello Group Inc,8.35,0,,,9.22,5.13,5,343120,1341589551,7.86,0.38,23.69863161,0.00001457216134,2.57985258,3.086419753,,14,68,,8.050000191,FALSE,,2025-09-05 06:19:59,0
2025-08-26 8:33:43,Long Calls,,"SailPoint, Inc.",SAIL,1.92,20,2025-09-09 0:00:00,1,2025-06-11 7:00:00,2025-08-12 9:34:18,20.34,2025-08-25 0:00:00,5,945,61,1.75,1.9,2025-09-19 0:00:00,0.1241,0.0792,,"[""0.036000"",""0.036400"",""0.045500"",""0.043500"",""0.073500"",""0.060000""]",2025-09-02,"[""0.036000"",""0.036400"",""0.045500"",""0.043500"",""0.073500"",""0.060000""]","[""0.000000"",""0.000000"",""0.000000"",""0.000000"",""0.000000"",""0.000000""]",20.39,20.73,20.91,20.87,21.47,21.2,,,,"[""73.42"",""66.34"",""82.05"",""61.37"",""67.16"",""35.46""]","[""20.24"",""20.61"",""20.79"",""20.75"",""21.37"",""21.08""]","[""20.25"",""20.51"",""20.70"",""20.74"",""21.34"",""21.13""]","[""20.27"",""20.68"",""20.87"",""20.76"",""21.40"",""21.05""]","[""20.25"",""20.62"",""20.81"",""20.76"",""21.38"",""21.08""]","[""20.30"",""20.37"",""20.47"",""20.47"",""20.58"",""20.71""]","[""1.00"",""0.95"",""0.99"",""0.00"",""0.42"",""1.77""]","[""0.0228"",""0.0393"",""0.0182"",""0.0523"",""0.0417"",""0.0447""]","[""0.63"",""0.55"",""0.56"",""0.56"",""0.47"",""-0.33""]","[""-0.94"",""-0.02"",""1.45"",""1.94"",""4.33"",""1.44""]",Sailpoint Inc,21.06,0,,,26.35,15.05,1050,1532850,11721755618,,,49.48483952,0.0006849985321,3.387334315,4.051383399,,14,88,20.72800064,,TRUE,,2025-09-05 06:19:59,0
2025-08-26 8:33:43,Long Calls,,"Synopsys, Inc.",SNPS,42.45,570,2025-09-09 0:00:00,3,2025-05-28 16:05:00,2025-07-30 16:19:27,597,2025-08-25 0:00:00,4,107,1,38.2,43.9,2025-09-19 0:00:00,0.0412,0.0491,1505862.084,"[""0.052860"",""0.059421"",""0.078298"",""0.073684"",""0.047053"",""0.041579""]",2025-09-02,"[""0.052860"",""0.059421"",""0.078298"",""0.073684"",""0.047053"",""0.041579""]","[""0.000000"",""0.000000"",""0.000000"",""0.000000"",""0.000000"",""0.000000""]",599.3,603.87,614.63,612,596.82,593.7,,,,"[""61.86"",""78.15"",""67.71"",""32.06"",""62.09"",""61.46""]","[""598.58"",""602.10"",""613.85"",""612.09"",""595.17"",""592.66""]","[null,""601.49"",""613.14"",""612.30"",""593.53"",""591.53""]","[""598.83"",""602.69"",""613.91"",""611.22"",""595.80"",""593.04""]","[""598.49"",""602.22"",""613.67"",""611.81"",""595.26"",""592.64""]","[""596.38"",""597.98"",""601.72"",""601.78"",""601.39"",""599.34""]","[""1.00"",""0.86"",""0.89"",""0.01"",""1.36"",""0.60""]","[""0.2622"",""0.2953"",""0.5296"",""0.6514"",""0.6720"",""0.4967""]","[""0.05"",""0.24"",""0.13"",""-0.30"",""0.28"",""0.15""]","[""-0.06"",""0.87"",""1.74"",""1.41"",""-0.76"",""-0.97""]",Synopsys Inc,601.96,0,,,651.73,365.74,1138,1145662,111388789325,43.46,1.14,30.28494977,0.0009933121636,-0.2006067941,-3.821818879,,14,88,603.8699951,593.3150024,TRUE,,2025-09-05 06:19:59,0
2025-08-26 8:33:43,Long Calls,,Adobe Inc.,ADBE,18.25,362.5,2025-09-11 0:00:00,3,2025-06-12 16:05:00,2025-08-21 8:54:37,363.21,2025-08-25 0:00:00,5,0,1,18.25,19.3,2025-09-12 0:00:00,,0.1159,3799133.174,"[""0.002014"",null,null,null,null,null]",2025-08-26,"[""0.002014"",""0.000000"",""0.000000"",""0.000000"",""0.000000"",""0.000000""]","[""0.024276"",""0.020248"",""0.036938"",""0.027710"",""0.058538"",""0.052742""]",357.23,360.29,358.22,357.25,352.71,348.51,,0.03,,"[""63.31"",""75.08"",""71.48"",""59.37"",""36.71"",""74.51""]","[""356.86"",""358.06"",""356.78"",""355.45"",""354.54"",""347.25""]","[""356.67"",""356.90"",""356.16"",""354.51"",""355.43"",""346.61""]","[""356.93"",""359.33"",""357.32"",""356.48"",""352.74"",""347.88""]","[""356.85"",""358.33"",""356.84"",""355.42"",""353.98"",""347.38""]","[""357.28"",""357.28"",""355.98"",""355.96"",""355.79"",""352.39""]","[""1.00"",""0.73"",""1.12"",""0.04"",""0.40"",""4.63""]","[""0.1438"",""0.5173"",""0.3633"",""1.2573"",""0.8919"",""0.3160""]","[""0.06"",""0.58"",""0.36"",""0.44"",""-0.70"",""0.36""]","[""-0.66"",""-0.26"",""-0.57"",""0.29"",""-1.05"",""-1.10""]",Adobe Inc,344.31,0,,,587.75,330.04,18985,2363230,146056300964,22.03,1.48,26.90587831,0.008033496528,-3.378700716,-0.3790289914,,7,54,,,FALSE,,2025-09-05 06:19:59,0
2025-08-26 8:33:43,Long Calls,,Kroger Co.,KR,2.34,70,2025-09-12 0:00:00,1,2025-06-20 8:00:00,,70.14,2025-08-25 0:00:00,5,122,108,2.2,2.29,2025-09-12 0:00:00,,0.0559,7321771.412,"[""0.005857"",null,null,null,null,null]",2025-08-26,"[""0.005857"",""0.000000"",""0.000000"",""0.000000"",""0.000000"",""0.000000""]","[""0.016143"",""0.038429"",""0.046286"",""0.041429"",""0.028143"",""0.040429""]",69.48,69.34,67.98,67.89,68.98,68.58,,0.13,,"[""67.98"",""54.47"",""41.37"",""75.95"",""92.24"",""52.43""]","[""69.38"",""69.13"",""67.81"",""67.65"",""67.78"",""68.48""]","[""69.25"",""69.27"",""67.69"",""67.62"",""67.68"",""68.44""]","[""69.41"",""69.15"",""67.88"",""67.73"",""68.10"",""68.52""]","[""69.36"",""69.16"",""67.83"",""67.67"",""67.87"",""68.49""]","[""69.42"",""68.81"",""68.39"",""68.26"",""68.25"",""68.30""]","[""1.00"",""1.01"",""0.88"",""3.58"",""0.73"",""0.26""]","[""0.0389"",""0.0941"",""0.0803"",""0.0424"",""0.1182"",""0.0832""]","[""0.10"",""0.15"",""-0.19"",""0.31"",""1.60"",""0.06""]","[""-0.62"",""-1.20"",""-1.36"",""-0.58"",""0.90"",""0.33""]",Kroger Co,67.84,0,,,74.9,50.69,4863,5222304,44852807050,18.44,0.59,24.04186119,0.0009311981838,-0.2059429244,-7.98860708,,7,54,,67.30999756,FALSE,,2025-09-05 06:19:59,0
2025-08-26 8:33:43,Long Calls,,Oracle Corp.,ORCL,15.91,235,2025-09-15 0:00:00,3,2025-06-11 16:05:00,,235.41,2025-08-25 0:00:00,5,152,64,14,14.15,2025-09-19 0:00:00,,0.0993,11852179.16,"[""0.008128"",""0.006511"",""0.029574"",""0.013702"",null,null]",2025-08-26,"[""0.008128"",""0.006511"",""0.029574"",""0.013702"",""0.000000"",""0.000000""]","[""0.009745"",""0.009872"",""0.000000"",""0.050596"",""0.068979"",""0.056383""]",236.48,236.53,241.95,238.22,225.45,225.9,,3,,"[""68.31"",""67.11"",""77.35"",""16.72"",""56.96"",""41.90""]","[""236.13"",""236.23"",""240.75"",""239.98"",""224.88"",""224.67""]","[""235.55"",""236.20"",""240.59"",""240.16"",""224.42"",""224.32""]","[""236.30"",""236.40"",""241.34"",""239.34"",""225.04"",""224.80""]","[""236.09"",""236.30"",""240.96"",""239.81"",""224.85"",""224.65""]","[""234.61"",""234.74"",""236.20"",""236.23"",""231.81"",""231.01""]","[""1.00"",""0.65"",""1.00"",""0.01"",""0.72"",""2.93""]","[""0.1386"",""0.1214"",""0.1946"",""0.4120"",""0.2772"",""0.3508""]","[""0.12"",""0.10"",""0.44"",""-1.00"",""0.07"",""-0.21""]","[""-0.17"",""0.46"",""1.74"",""0.57"",""-2.93"",""-2.94""]",Oracle Corp,223,0,,,260.87,118.86,186130,7403128,626369759000,51.36,1.46,34.33728032,0.02514207508,-5.432339595,-13.03669617,,14,88,236.5299988,232.6799927,TRUE,,2025-09-05 06:19:59,0
2025-08-26 8:33:43,Long Calls,,Ferguson plc,FERG,63.85,170,2025-09-16 0:00:00,1,2025-06-03 6:45:00,2025-08-18 0:00:00,232.49,2025-08-25 0:00:00,5,21,15,61.6,64.9,2025-09-19 0:00:00,,0.0947,1473926.993,"[""0.377176"",""0.386294"",""0.388235"",""0.377382"",""0.351765"",""0.359588""]",2025-09-02,"[""0.377176"",""0.386294"",""0.388235"",""0.377382"",""0.351765"",""0.359588""]","[""0.000000"",""0.000000"",""0.000000"",""0.000000"",""0.000000"",""0.000000""]",234.12,235.67,235.92,234.15,229.8,231.13,,,,"[""67.26"",""70.02"",""67.66"",""67.16"",""61.67"",""75.78""]","[""233.51"",""235.53"",""235.21"",""233.78"",""229.38"",""230.21""]","[""233.46"",""235.36"",""235.30"",""233.74"",""229.24"",""229.67""]","[""233.76"",""235.58"",""235.42"",""233.98"",""229.52"",""230.66""]","[""233.60"",""235.52"",""235.29"",""233.86"",""229.41"",""230.29""]","[""233.49"",""233.83"",""234.01"",""234.01"",""232.33"",""232.19""]","[""1.00"",""0.74"",""0.75"",""0.01"",""7.16"",""0.06""]","[""0.1833"",""0.0527"",""0.1728"",""0.1078"",""0.1431"",""0.2076""]","[""0.19"",""0.06"",""0.30"",""0.16"",""0.12"",""0.40""]","[""0.18"",""0.55"",""0.10"",""0.06"",""-1.15"",""-0.46""]",Ferguson Enterprises Inc,238.17,0,,,238.21,146,379,770999,38448895690,29.73,1.12,18.49624897,0.000491570028,1.297209935,6.850605653,,14,88,235.6699982,232.3999939,TRUE,,2025-09-05 06:19:59,0
2025-08-27 8:07:31,Long Calls,,Burlington Stores Inc,BURL,14,277.5,2025-08-28 0:00:00,1,2025-05-29 6:45:00,2025-08-14 16:15:51,279.05,2025-08-26 0:00:00,5,2,2,12.5,13.6,2025-09-05 0:00:00,0.2335,0.07,1064108.016,"[""0.018955"",""0.113514"",""0.068991"",""0.045730"",""0.067964"",""0.087712""]",2025-09-03,"[""0.018955"",""0.113514"",""0.068991"",""0.045730"",""0.067964"",""0.087712""]","[""0.000000"",""0.000000"",""0.000000"",""0.000000"",""0.000000"",""0.000000""]",282.15,309,296.64,290.19,296.36,289.46,,,,"[""69.45"",""95.76"",""64.88"",""78.57"",""70.82"",""67.14""]","[""281.67"",""289.05"",""295.02"",""289.46"",""295.69"",""301.05""]","[""281.36"",""284.36"",""296.12"",""288.87"",""295.06"",""301.06""]","[""281.87"",""300.49"",""295.37"",""289.76"",""296.08"",""301.28""]","[""281.70"",""292.63"",""295.32"",""289.48"",""295.66"",""301.15""]","[""280.44"",""293.37"",""293.38"",""291.24"",""291.17"",""292.03""]","[""1.00"",""1.37"",""0.01"",""0.55"",""4.78"",""2.34""]","[""0.1195"",""2.2431"",""0.4694"",""0.1798"",""0.3021"",""0.1949""]","[""0.13"",""6.53"",""0.55"",""0.25"",""0.22"",""0.25""]","[""-0.05"",""0.65"",""1.11"",""-0.36"",""1.78"",""3.34""]",Burlington Stores Inc,301.35,0,,,309,212.92,776,847651,18995603661,35.66,1.72,30.96036826,0.0009154711078,7.509810917,6.49162485,,0,60,282.7600098,278.2600098,TRUE,,2025-09-05 06:19:59,0
2025-08-27 8:07:31,Long Calls,,Dollar General Corporation,DG,4.65,110,2025-08-28 0:00:00,1,2025-06-03 6:50:00,2025-07-31 7:27:38,110.5,2025-08-26 0:00:00,5,58,39,4.6,4.8,2025-08-29 0:00:00,0.0817,0.1137,3288207.952,"[""0.012091"",""0.045455"",""0.034727"",null,null,""0.001773""]",2025-09-03,"[""0.012091"",""0.045455"",""0.034727"",""0.000000"",null,""0.001773""]","[""0.000000"",""0.039182"",""0.023479"",""0.014182"",null,""0.030545""]",111.33,114.98,113.82,108.44,,109.12,108.76,1.15,"[{""o"":""110.58"",""h"":""111.33"",""l"":""110.01"",""c"":""111.20"",""v"":0,""src"":""BACKFILL""},{""o"":""114.98"",""h"":""115.00"",""l"":""105.69"",""c"":""111.71"",""v"":0,""src"":""BACKFILL""},{""o"":""112.18"",""h"":""113.82"",""l"":""107.42"",""c"":""108.79"",""v"":0,""src"":""BACKFILL""},{""o"":""108.44"",""h"":""108.44"",""l"":""108.44"",""c"":""108.44"",""v"":0,""src"":""BACKFILL""}]","[""78.02"",""92.95"",""64.26"",""44.64"",null,""75.30""]","[""110.84"",""111.30"",""111.90"",""108.63"",null,""109.79""]","[""110.88"",""111.03"",""112.11"",""108.38"",null,""109.57""]","[""111.03"",""112.38"",""112.31"",""108.68"",null,""109.87""]","[""110.91"",""111.62"",""112.09"",""108.62"",null,""109.78""]","[""110.85"",""110.82"",""110.84"",""110.43"",null,""108.71""]","[""1.00"",""1.34"",""0.02"",""0.00"",null,""0.74""]","[""0.0934"",""0.3909"",""0.3456"",""0.1519"",null,""0.0739""]","[""0.45"",""2.91"",""0.84"",""-0.18"",null,""0.21""]","[""0.32"",""0.81"",""1.81"",""-1.81"",null,""1.20""]",Dollar General Corp,108.44,0,,,117.95,66.43,1204,2545165,23868295177,20.06,0.29,23.30619581,0.0004730538099,-2.482014388,-4.306388987,,-7,60,111.3300018,110.0100021,TRUE,,2025-09-05 06:19:59,0
2025-08-27 8:07:31,Long Calls,,Marvell Technology Group Ltd.,MRVL,3.93,74,2025-08-28 0:00:00,3,2025-05-29 16:05:00,2025-08-04 9:21:44,74.26,2025-08-26 0:00:00,5,1567,804,3.85,4.15,2025-08-29 0:00:00,0.1044,0.1326,18861260.76,"[""0.013919"",""0.055135"",null,null,null,null]",2025-08-27,"[""0.013919"",""0.055135"",""0.000000"",""0.000000"",null,""-0.128108""]","[""0.002432"",""0.000000"",""0.153782"",""0.133784"",null,""0.165946""]",75.03,78.08,65.28,64.1,,64.6,62.87,0.36,"[{""o"":""74.20"",""h"":""75.03"",""l"":""73.82"",""c"":""74.79"",""v"":0,""src"":""BACKFILL""},{""o"":""75.92"",""h"":""78.08"",""l"":""75.06"",""c"":""77.23"",""v"":0,""src"":""BACKFILL""},{""o"":""64.52"",""h"":""65.28"",""l"":""62.62"",""c"":""62.87"",""v"":0,""src"":""BACKFILL""},{""o"":""64.10"",""h"":""64.10"",""l"":""64.10"",""c"":""64.10"",""v"":0,""src"":""BACKFILL""}]","[""64.57"",""53.82"",""31.24"",""80.79"",null,""60.65""]","[""74.90"",""77.87"",""64.50"",""62.94"",null,""62.20""]","[""74.87"",""77.61"",""70.01"",""62.84"",null,""62.09""]","[""74.96"",""77.92"",""64.68"",""63.10"",null,""62.32""]","[""74.92"",""77.85"",""64.94"",""62.96"",null,""62.24""]","[""74.55"",""76.26"",""71.85"",""68.27"",null,""62.61""]","[""1.00"",""1.53"",""7.51"",""0.00"",null,""0.00""]","[""0.0403"",""0.1327"",""0.6960"",""0.2005"",null,""0.0680""]","[""0.14"",""0.03"",""0.74"",""1.85"",null,""0.17""]","[""0.33"",""1.27"",""-9.57"",""-6.11"",null,""-0.49""]",Marvell Technology Inc,64.1,0,,,127.48,47.09,401472,9854126,55260602274,,1.85,75.41460456,0.04074151274,-14.29335473,-14.89644185,,-7,60,75.02639771,73.81999969,TRUE,,2025-09-05 06:19:59,0
2025-08-27 8:07:31,Long Calls,,ULTA Beauty,ULTA,18.81,525,2025-08-28 0:00:00,3,2025-05-29 16:05:00,2025-08-15 9:16:19,526.06,2025-08-26 0:00:00,5,49,106,18.3,19.2,2025-08-29 0:00:00,0.0706,0.0769,724684.0379,"[""0.022648"",""0.025886"",""0.023505"",""0.008571"",null,""0.026667""]",2025-09-03,"[""0.022648"",""0.025886"",""0.023505"",""0.008571"",null,""0.026667""]","[""0.000000"",""0.000000"",""0.062857"",""0.000000"",null,""-0.010209""]",534.47,538.59,537.34,529.5,,525.51,492.73,0.41,"[{""o"":""526.85"",""h"":""536.89"",""l"":""526.85"",""c"":""533.81"",""v"":0,""src"":""BACKFILL""},{""o"":""534.38"",""h"":""538.59"",""l"":""526.17"",""c"":""530.63"",""v"":0,""src"":""BACKFILL""},{""o"":""526.85"",""h"":""537.34"",""l"":""492.00"",""c"":""492.72"",""v"":0,""src"":""BACKFILL""},{""o"":""529.50"",""h"":""529.50"",""l"":""529.50"",""c"":""529.50"",""v"":0,""src"":""BACKFILL""}]","[""77.18"",""67.08"",""81.69"",""92.89"",null,""31.61""]","[""533.33"",""533.87"",""530.98"",""495.46"",null,""532.35""]","[""341.27"",""533.20"",""529.67"",""494.16"",null,""532.76""]","[""533.79"",""534.13"",""532.12"",""500.40"",null,""531.51""]","[""533.44"",""533.82"",""531.07"",""496.67"",null,""532.11""]","[""532.52"",""532.04"",""532.07"",""516.20"",null,""533.84""]","[""1.00"",""1.33"",""0.14"",""0.00"",null,""0.00""]","[""0.2894"",""0.6713"",""1.6808"",""3.3933"",null,""0.3498""]","[""0.21"",""0.19"",""1.20"",""6.87"",null,""-0.24""]","[""0.24"",""-0.26"",""0.99"",""2.58"",null,""-0.52""]",Ulta Beauty Inc,529.5,0,,,539,309.01,297,593311,23741910000,20.3,1.06,37.68506479,0.0005005806398,-0.8074033832,2.578507914,,-7,60,536.8900146,,TRUE,,2025-09-05 06:19:59,0
2025-08-27 8:07:31,Long Calls,,Dell Technologies,DELL,6.15,130,2025-08-28 0:00:00,3,2025-05-29 16:05:00,2025-08-18 19:50:29,130.99,2025-08-26 0:00:00,5,559,48,6.05,6.2,2025-08-29 0:00:00,0.0857,0.1214,5514659.286,"[""0.020538"",""0.039846"",null,null,null,null]",2025-08-27,"[""0.020538"",""0.039846"",""0.000000"",""0.000000"",null,""-0.045923""]","[""0.000000"",""0.000000"",""0.079769"",""0.025615"",null,""0.070000""]",132.67,135.18,124.31,126.67,,120.96,122.15,0.5,"[{""o"":""130.93"",""h"":""132.67"",""l"":""130.65"",""c"":""132.50"",""v"":0,""src"":""BACKFILL""},{""o"":""133.70"",""h"":""135.18"",""l"":""132.74"",""c"":""134.05"",""v"":0,""src"":""BACKFILL""},{""o"":""121.74"",""h"":""124.31"",""l"":""119.63"",""c"":""122.14"",""v"":0,""src"":""BACKFILL""},{""o"":""126.67"",""h"":""126.67"",""l"":""126.67"",""c"":""126.67"",""v"":0,""src"":""BACKFILL""}]","[""61.08"",""68.40"",""76.61"",""87.60"",null,""70.97""]","[""132.43"",""134.10"",""123.18"",""122.34"",null,""123.75""]","[""132.28"",""133.87"",""123.01"",""122.15"",null,""123.50""]","[""132.45"",""134.54"",""123.68"",""123.14"",null,""123.86""]","[""132.41"",""134.27"",""123.31"",""122.57"",null,""123.75""]","[""131.94"",""133.47"",""127.33"",""126.32"",null,""122.87""]","[""1.00"",""1.49"",""2.23"",""0.00"",null,""0.00""]","[""0.0837"",""0.3287"",""0.2400"",""0.5376"",null,""0.1108""]","[""0.05"",""0.79"",""0.79"",""3.54"",null,""0.22""]","[""0.42"",""0.44"",""-2.50"",""0.28"",null,""0.93""]",Dell Technologies Inc,126.67,0,,,147.66,66.25,32831,4057774,85677256033,0,,42.59587892,0.008090889241,-4.4,-1.147182769,,-7,60,132.6678925,130.6540985,TRUE,,2025-09-05 06:19:59,0
2025-08-27 8:07:31,Long Calls,,"Affirm Holdings, Inc.",AFRM,6.15,77,2025-08-28 0:00:00,3,2025-05-08 16:05:00,2025-07-31 16:11:15,77.95,2025-08-26 0:00:00,4,302,144,5.8,5.95,2025-08-29 0:00:00,0.1405,0.1556,6532246.332,"[""0.025325"",""0.052597"",""0.298701"",""0.164416"",null,""0.110000""]",2025-09-03,"[""0.025325"",""0.052597"",""0.298701"",""0.164416"",null,""0.110000""]","[""0.007403"",""0.000000"",""0.000000"",""0.000000"",null,""-0.070195""]",78.15,81.05,100,89.66,,82.22,88.45,7.64,"[{""o"":""77.65"",""h"":""78.95"",""l"":""76.43"",""c"":""77.59"",""v"":0,""src"":""BACKFILL""},{""o"":""78.25"",""h"":""81.05"",""l"":""78.00"",""c"":""79.99"",""v"":0,""src"":""BACKFILL""},{""o"":""92.00"",""h"":""100.00"",""l"":""86.76"",""c"":""88.50"",""v"":0,""src"":""BACKFILL""},{""o"":""89.66"",""h"":""89.66"",""l"":""89.66"",""c"":""89.66"",""v"":0,""src"":""BACKFILL""}]","[""65.95"",""73.56"",""89.42"",""78.39"",null,""66.48""]","[""77.96"",""80.47"",""86.29"",""87.71"",null,""85.06""]","[""77.69"",""80.44"",""82.54"",""87.46"",null,""84.63""]","[""78.03"",""80.64"",""93.28"",""88.37"",null,""85.24""]","[""77.95"",""80.52"",""88.73"",""87.91"",null,""85.06""]","[""77.66"",""79.02"",""83.45"",""87.76"",null,""84.07""]","[""1.00"",""1.35"",""0.24"",""0.00"",null,""0.00""]","[""0.0931"",""0.1260"",""1.5787"",""0.3693"",null,""0.1309""]","[""0.24"",""0.70"",""13.85"",""2.22"",null,""0.29""]","[""-0.09"",""1.23"",""17.72"",""2.17"",null,""1.48""]",Affirm Holdings Inc,89.66,0,,,100,30.9,178299,3330773,29197807090,585.9,3.64,68.82709525,0.05353081702,15.55612837,16.01966874,,-7,60,78.94999695,76.43000031,TRUE,,2025-09-05 06:19:59,0
2025-08-27 8:07:31,Long Calls,,"Zscaler, Inc.",ZS,13.83,267.5,2025-09-02 0:00:00,3,2025-05-29 16:05:00,2025-08-07 8:12:56,267.68,2025-08-26 0:00:00,5,3,12,13.8,14.15,2025-09-05 0:00:00,0.1045,0.09,2186223.541,"[""0.023439"",""0.060374"",""0.063776"",""0.050393"",""0.026168"",""0.009346""]",2025-09-03,"[""0.023439"",""0.060374"",""0.063776"",""0.050393"",""0.026168"",""0.009346""]","[""0.000000"",""0.000000"",""0.000000"",""0.000000"",""0.026542"",""0.017196""]",273.77,283.65,284.56,280.98,274.5,274.57,,2.4,,"[""62.15"",""60.21"",""76.08"",""86.56"",""57.91"",""23.58""]","[""273.54"",""283.41"",""281.31"",""276.32"",""273.52"",""270.19""]","[""273.37"",""282.90"",""281.47"",""275.79"",""273.01"",""270.15""]","[""273.59"",""283.47"",""282.12"",""277.05"",""273.90"",""269.95""]","[""273.51"",""283.33"",""281.57"",""276.49"",""273.59"",""270.15""]","[""271.45"",""276.15"",""276.28"",""276.63"",""272.06"",""271.78""]","[""1.00"",""1.24"",""0.01"",""7.19"",""1.03"",""2.09""]","[""0.1168"",""0.1597"",""0.5429"",""0.4933"",""0.4669"",""0.5453""]","[""0.08"",""0.03"",""0.95"",""0.80"",""0.17"",""-1.09""]","[""0.60"",""1.55"",""2.79"",""0.69"",""0.71"",""-1.67""]",Zscaler Inc,268.25,0,,,318.46,153.45,4797,805931,41765344700,,1.05,27.62465221,0.005952122452,-1.765115172,-7.282593668,,0,60,273.769989,267.5100098,TRUE,,2025-09-05 06:19:59,0
2025-08-27 8:07:31,Long Calls,,Credo Technology Group Holding Ltd,CRDO,11.35,120,2025-09-03 0:00:00,3,2025-06-02 16:05:00,2025-08-13 9:17:53,120.1,2025-08-26 0:00:00,5,44,162,11,11.5,2025-09-05 0:00:00,0.194,0.1987,4744365.567,"[""0.033167"",""0.119583"",""0.093333"",""0.038243"",""0.060667"",""0.175750""]",2025-09-03,"[""0.033167"",""0.119583"",""0.093333"",""0.038243"",""0.060667"",""0.175750""]","[""0.011333"",""0.000000"",""0.000000"",""0.032000"",""0.000000"",""0.000000""]",123.98,134.35,131.2,124.59,127.28,120.56,,3.74,,"[""61.89"",""55.57"",""22.23"",""62.79"",""61.45"",""74.78""]","[""123.83"",""134.02"",""132.16"",""124.22"",""125.57"",""135.31""]","[""123.41"",""133.79"",""132.65"",""124.29"",""124.98"",""129.11""]","[""123.86"",""134.14"",""131.34"",""124.29"",""126.25"",""138.59""]","[""123.76"",""134.03"",""131.94"",""124.25"",""125.77"",""135.53""]","[""121.78"",""126.57"",""126.65"",""124.41"",""124.45"",""126.17""]","[""1.00"",""1.17"",""0.01"",""2.05"",""2.06"",""0.89""]","[""0.1097"",""0.1401"",""0.4201"",""0.1729"",""0.7332"",""1.8476""]","[""0.03"",""0.06"",""-1.23"",""0.27"",""1.14"",""4.07""]","[""0.78"",""4.15"",""3.07"",""0.11"",""2.05"",""11.61""]",Credo Technology Group Holding Ltd,134,0,,,141.09,24.08,148002,3461832,23178435600,197.41,2.59,69.99327098,0.04275250792,9.182758902,14.19805693,,0,60,123.9800034,118.6399994,TRUE,,2025-09-05 06:19:59,0
2025-08-27 8:07:31,Long Calls,,Broadcom Inc.,AVGO,13.46,297.5,2025-09-04 0:00:00,3,2025-06-05 16:15:00,2025-08-04 8:05:55,298.01,2025-08-26 0:00:00,5,387,201,12.95,13.2,2025-09-05 0:00:00,0.0852,0.1128,20358591.89,"[""0.012370"",""0.045378"",""0.031966"",""0.003866"",""0.023361"",""0.037916""]",2025-09-03,"[""0.012370"",""0.045378"",""0.031966"",""0.003866"",""0.023361"",""0.037916""]","[""0.012504"",""0.000000"",""0.012891"",""0.034924"",""0.003697"",""0.000000""]",301.18,311,307.01,298.65,304.45,297.67,,51.92,,"[""70.28"",""75.35"",""11.84"",""61.11"",""62.85"",""90.62""]","[""300.61"",""310.32"",""309.53"",""298.16"",""303.55"",""302.46""]","[""299.89"",""309.97"",""309.68"",""297.77"",""302.49"",""301.13""]","[""300.70"",""310.64"",""308.24"",""298.28"",""303.46"",""303.81""]","[""300.49"",""310.40"",""309.11"",""298.13"",""303.27"",""302.66""]","[""298.40"",""303.56"",""303.59"",""299.64"",""299.74"",""300.09""]","[""1.00"",""1.16"",""0.06"",""2.27"",""2.78"",""2.05""]","[""0.2125"",""0.2209"",""0.6540"",""0.2778"",""0.6030"",""0.7612""]","[""0.09"",""0.19"",""-1.73"",""0.09"",""0.25"",""1.46""]","[""0.62"",""1.68"",""0.19"",""-0.41"",""1.52"",""2.26""]",Broadcom Inc,306.1,0,,,317.35,134.9,5244793,14946309,1439732807907,78.2,0.95,29.22833285,0.35090891,1.948376353,1.468492061,,0,60,301.1799927,293.7799988,TRUE,,2025-09-05 06:19:59,0
2025-08-27 8:07:31,Long Calls,,"AeroVironment, Inc",AVAV,16.81,245,2025-09-08 0:00:00,3,2025-06-24 16:05:00,,245.9,2025-08-26 0:00:00,4,85,3,16.6,17.8,2025-09-12 0:00:00,0.0702,0.138,1128566.675,"[""0.023673"",""0.024204"",""0.035490"",null,""0.000082"",""0.000082""]",2025-09-03,"[""0.023673"",""0.024204"",""0.035490"",""0.000000"",""0.000082"",""0.000000""]","[""0.007347"",""0.000000"",""0.025918"",""0.053061"",""0.030612"",""0.097755""]",250.8,250.93,253.7,241.04,245.02,240.02,,1.37,,"[""78.79"",""62.64"",""83.76"",""63.71"",""59.64"",""23.73""]","[""248.50"",""249.73"",""248.90"",""240.74"",""243.71"",""238.08""]","[""248.27"",""248.95"",""249.09"",""240.29"",""242.46"",""238.04""]","[""249.37"",""250.31"",""249.66"",""240.85"",""244.24"",""237.86""]","[""248.72"",""249.84"",""249.18"",""240.72"",""243.69"",""238.02""]","[""247.16"",""247.90"",""248.02"",""244.55"",""244.33"",""243.79""]","[""1.00"",""0.82"",""0.08"",""1.56"",""0.88"",""3.43""]","[""0.3891"",""0.2456"",""0.5541"",""0.1482"",""0.5600"",""0.3973""]","[""0.85"",""0.30"",""1.57"",""0.13"",""0.32"",""-0.85""]","[""0.13"",""0.42"",""1.93"",""-1.44"",""0.06"",""-3.17""]","AeroVironment, Inc.",226.76,0,,,295.9,102.25,15043,514270,11322636735,146.46,1.02,32.53994841,0.02925117156,-8.368691154,-13.81223869,,7,74,250.7998962,243.1999969,TRUE,,2025-09-05 06:19:59,0
2025-08-27 8:07:31,Long Calls,,"Casey’s General Stores, Inc.",CASY,23.7,490,2025-09-08 0:00:00,3,2025-06-09 16:30:00,2025-08-18 17:35:44,496.78,2025-08-26 0:00:00,5,6,11,22.8,25.8,2025-09-19 0:00:00,0.0552,0.0729,373090.6763,"[""0.020408"",""0.017510"",""0.015857"",""0.017898"",""0.022776"",""0.023939""]",2025-09-03,"[""0.020408"",""0.017510"",""0.015857"",""0.017898"",""0.022776"",""0.023939""]","[""0.000000"",""0.000000"",""0.000000"",""0.000000"",""0.000000"",""0.000000""]",499.42,498.58,497.77,498.77,501.16,497.98,,,,"[""57.56"",""56.56"",""67.28"",""83.67"",""66.37"",""74.69""]","[""497.94"",""498.05"",""496.06"",""496.91"",""498.83"",""498.73""]","[""497.33"",""497.51"",""495.77"",""495.99"",""497.87"",""498.76""]","[""498.40"",""498.52"",""496.32"",""497.94"",""500.08"",""499.79""]","[""498.05"",""498.20"",""496.11"",""497.16"",""499.16"",""499.14""]","[""496.43"",""495.79"",""495.80"",""494.86"",""495.18"",""495.58""]","[""1.00"",""0.82"",""0.01"",""1.29"",""3.23"",""0.77""]","[""0.5078"",""0.4562"",""0.4275"",""0.3973"",""0.7190"",""0.5924""]","[""0.13"",""0.11"",""0.35"",""0.37"",""0.47"",""0.60""]","[""0.37"",""0.04"",""0.40"",""0.79"",""1.21"",""1.24""]",Caseys General Stores Inc,498.18,0,,,531.24,362.42,72,184603,18522820344,34.04,0.66,11.80685994,0.0003900261643,-0.0220754982,-4.46988437,,14,88,500,491,TRUE,,2025-09-05 06:19:59,0
2025-08-27 8:07:31,Long Calls,,Adobe Inc.,ADBE,18.96,352.5,2025-09-11 0:00:00,3,2025-06-12 16:05:00,2025-08-21 8:54:37,354.91,2025-08-26 0:00:00,4,0,9,18.9,19.55,2025-09-12 0:00:00,0.0541,0.1159,3805740.339,"[""0.022326"",""0.016340"",""0.013475"",""0.000605"",null,null]",2025-09-02,"[""0.022326"",""0.016340"",""0.013475"",""0.000605"",""0.000000"",""0.000000""]","[""0.000000"",""0.009617"",""0.000128"",""0.031830"",""0.025869"",""0.056293""]",357.51,358.22,357.25,352.71,348.51,352.05,,1.69,,"[null,""71.48"",""53.83"",""36.71"",""74.51"",""69.50""]","[null,""356.78"",""355.45"",""354.54"",""347.25"",""343.33""]","[null,""356.16"",""354.51"",""355.43"",""346.61"",""343.06""]","[null,""357.32"",""356.46"",""352.74"",""347.88"",""343.81""]","[null,""356.84"",""355.67"",""353.98"",""347.38"",""343.46""]","[""357.29"",""355.12"",""355.11"",""355.08"",""351.03"",""348.56""]","[""1.00"",""1.24"",""0.04"",""0.40"",""4.63"",""3.66""]","[null,""0.3633"",""1.0726"",""0.8919"",""0.3160"",""0.2870""]","[null,""0.36"",""0.44"",""-0.70"",""0.36"",""0.28""]","[""-0.26"",""-0.33"",""0.53"",""-0.85"",""-0.72"",""-1.22""]",Adobe Inc,344.31,0,,,587.75,330.04,18985,2363230,146056300964,22.03,1.48,26.90587831,0.008033496528,-3.378700716,-0.3790289914,,7,74,360.2900085,,TRUE,,2025-09-05 06:19:59,0
2025-08-27 8:07:31,Long Calls,,Oracle Corp.,ORCL,14.8,232.5,2025-09-15 0:00:00,3,2025-06-11 16:05:00,,234.21,2025-08-26 0:00:00,5,68,32,14.55,14.75,2025-09-19 0:00:00,,0.0993,11891157.89,"[""0.017333"",""0.040645"",""0.024602"",null,null,null]",2025-08-27,"[""0.017333"",""0.040645"",""0.024602"",""0.000000"",""0.000000"",""0.000000""]","[""0.000000"",""0.000000"",""0.040387"",""0.058968"",""0.046237"",""0.055655""]",236.53,241.95,238.22,225.45,225.9,225.3,,1.01,,"[""67.11"",""77.35"",""16.72"",""56.96"",""41.90"",""71.46""]","[""236.23"",""240.75"",""239.98"",""224.88"",""224.67"",""222.84""]","[""236.20"",""240.59"",""240.16"",""224.42"",""224.32"",""222.48""]","[""236.40"",""241.34"",""239.34"",""225.04"",""224.80"",""223.30""]","[""236.30"",""240.96"",""239.81"",""224.85"",""224.65"",""222.97""]","[""235.01"",""237.51"",""237.52"",""230.83"",""229.91"",""228.14""]","[""1.00"",""1.21"",""0.01"",""0.72"",""2.93"",""1.12""]","[""0.1214"",""0.1946"",""0.4120"",""0.2772"",""0.3508"",""0.1646""]","[""0.10"",""0.44"",""-1.00"",""0.07"",""-0.21"",""0.28""]","[""0.34"",""1.18"",""0.02"",""-2.51"",""-2.48"",""-2.04""]",Oracle Corp,223,0,,,260.87,118.86,186130,7403128,626369759000,51.36,1.46,34.33728032,0.02514207508,-5.432339595,-13.03669617,,14,88,236.5299988,232.6799927,TRUE,,2025-09-05 06:19:59,0
2025-08-28 9:53:06,Long Calls,,Signet Jewelers Ltd,SIG,6.15,93,2025-09-02 0:00:00,1,2025-06-03 6:50:00,2025-08-05 7:31:49,93.37,2025-08-27 0:00:00,5,22,8,6.3,6.8,2025-09-05 0:00:00,0.1408,0.1334,1037651.047,"[""0.000430"",null,null,null,null,null]",2025-08-28,"[""0.000430"",""0.000000"",""0.000000"",""0.000000"",""0.000000"",""-0.025699""]","[""0.046559"",""0.067634"",""0.082688"",""0.048602"",""0.062903"",""0.062903""]",90.9,90.12,91.85,91.63,90.46,88.68,,0.01,,"[null,""41.66"",""73.02"",""54.62"",""72.89"",""69.41""]","[null,""89.78"",""88.25"",""90.77"",""90.21"",""90.23""]","[null,""89.96"",""88.23"",""90.59"",""90.20"",""90.21""]","[""90.65"",""89.77"",""88.77"",""91.07"",""90.32"",""90.37""]","[null,""89.81"",""88.39"",""90.84"",""90.24"",""90.27""]","[""90.52"",""90.52"",""89.35"",""89.49"",""89.51"",""89.85""]","[""1.00"",""0.01"",""2.67"",""0.39"",""6.69"",""0.00""]","[null,""0.1214"",""0.5109"",""0.3667"",""0.0939"",""0.0901""]","[null,""-0.14"",""2.16"",""0.31"",""0.42"",""0.35""]","[""-0.73"",""-0.96"",""0.91"",""1.75"",""1.20"",""0.78""]",Signet Jewelers Ltd,90.55,-0.01,,,106.28,45.55,722,805552,3726153452,30.22,1.18,46.82386398,0.0008962798181,-3.020242048,20.52442433,,0,40,,,FALSE,,2025-09-05 06:19:59,0
2025-08-28 9:53:06,Long Calls,,"Zscaler, Inc.",ZS,14.95,272.5,2025-09-02 0:00:00,3,2025-05-29 16:05:00,2025-08-07 8:12:56,273.07,2025-08-27 0:00:00,4,43,49,14.65,15.35,2025-09-05 0:00:00,0.1079,0.09,2177931.419,"[""0.040917"",""0.044257"",""0.031119"",""0.007339"",""0.031119"",null]",2025-09-03,"[""0.040917"",""0.044257"",""0.031119"",""0.007339"",""0.000000"",""-0.009174""]","[""0.000000"",""0.000000"",""0.014532"",""0.044404"",""0.035229"",""0.035229""]",283.65,284.56,280.98,274.5,272.44,265.41,,3.05,,"[""60.17"",""76.08"",""86.56"",""57.91"",""23.58"",""57.27""]","[""283.41"",""281.31"",""276.32"",""273.52"",""270.19"",""267.93""]","[""282.90"",""281.47"",""275.79"",""273.01"",""270.15"",""267.78""]","[""283.47"",""282.12"",""277.05"",""273.90"",""269.95"",""268.15""]","[""283.33"",""281.57"",""276.49"",""273.59"",""270.15"",""267.96""]","[""279.00"",""279.12"",""278.33"",""272.11"",""271.81"",""267.23""]","[""1.00"",""0.01"",""7.19"",""1.03"",""2.09"",""0.00""]","[""0.1598"",""0.5429"",""0.4933"",""0.4669"",""0.5453"",""0.2472""]","[""0.03"",""0.95"",""0.80"",""0.17"",""-1.09"",""0.12""]","[""0.51"",""1.74"",""0.07"",""0.69"",""-1.68"",""0.38""]",Zscaler Inc,268.25,0,,,318.46,153.45,4797,805931,41765344700,,1.05,27.62465221,0.005952122452,-1.765115172,-7.282593668,,0,40,,,FALSE,,2025-09-05 06:19:59,0
2025-08-28 9:53:06,Long Calls,,"Dollar Tree, Inc.",DLTR,5.62,112,2025-09-03 0:00:00,1,2025-06-04 6:30:00,2025-08-13 16:10:06,112.86,2025-08-27 0:00:00,5,163,17,5.25,5.75,2025-09-05 0:00:00,0.0895,0.091,3707625.644,"[""0.033393"",""0.014732"",""0.001161"",null,""0.001161"",null]",2025-09-02,"[""0.033393"",""0.014732"",""0.001161"",""0.000000"",""0.000000"",""-0.090625""]","[""0.001964"",""0.030268"",""0.035357"",""0.125000"",""0.118527"",""0.118527""]",112.97,113.65,112.13,104.28,112.05,102.03,,0.49,,"[""71.34"",""65.60"",""85.39"",""69.13"",""34.56"",""76.99""]","[""112.71"",""113.04"",""111.73"",""103.33"",""101.63"",""99.76""]","[""112.61"",""112.84"",""111.39"",""103.10"",""101.35"",""99.29""]","[""112.80"",""113.36"",""111.92"",""103.82"",""101.68"",""100.09""]","[""112.73"",""113.12"",""111.75"",""103.51"",""101.63"",""99.80""]","[""113.34"",""113.33"",""111.51"",""106.62"",""105.59"",""99.53""]","[""1.00"",""0.08"",""0.83"",""2.42"",""1.54"",""0.00""]","[""0.0616"",""0.3029"",""0.0967"",""0.2430"",""0.3302"",""0.1266""]","[""0.21"",""0.47"",""0.31"",""0.73"",""-0.93"",""0.49""]","[""-0.74"",""0.21"",""0.51"",""-2.38"",""-4.65"",""0.72""]",Dollar Tree Inc,100.25,0,,,118.06,60.49,5410,2914995,20921743925,,0.89,29.91347179,0.001855920851,-11.17313486,-13.85236745,,0,40,,,FALSE,,2025-09-05 06:19:59,0
2025-08-28 9:53:06,Long Calls,,Credo Technology Group Holding Ltd,CRDO,10.7,122,2025-09-03 0:00:00,3,2025-06-02 16:05:00,2025-08-13 9:17:53,122.73,2025-08-27 0:00:00,5,70,7,11.4,11.8,2025-09-05 0:00:00,0.1858,0.1987,4755981.928,"[""0.101230"",""0.075409"",""0.021223"",""0.043279"",""0.156475"",""0.156475""]",2025-09-04,"[""0.101230"",""0.075409"",""0.021223"",""0.043279"",""0.156475"",""0.156475""]","[""0.000000"",""0.008197"",""0.047869"",""0.000000"",""0.000000"",""-0.087951""]",134.35,131.2,124.59,127.28,122.61,124.77,,12.35,,"[""55.56"",""22.23"",""62.79"",""61.45"",""74.78"",""45.65""]","[""134.02"",""132.16"",""124.22"",""125.57"",""135.31"",""134.05""]","[""133.79"",""132.65"",""124.29"",""124.98"",""129.11"",""134.52""]","[""134.14"",""131.34"",""124.29"",""126.25"",""138.59"",""133.99""]","[""134.03"",""131.94"",""124.25"",""125.77"",""135.53"",""134.12""]","[""129.95"",""129.97"",""125.01"",""124.98"",""126.74"",""136.61""]","[""1.00"",""0.02"",""2.05"",""2.06"",""0.89"",""0.00""]","[""0.1401"",""0.4201"",""0.1729"",""0.7332"",""1.8476"",""0.3165""]","[""0.06"",""-1.23"",""0.27"",""1.14"",""4.07"",""-0.04""]","[""1.44"",""0.44"",""-0.37"",""1.62"",""11.11"",""-1.91""]",Credo Technology Group Holding Ltd,134,0,,,141.09,24.08,148002,3461832,23178435600,197.41,2.59,69.99327098,0.04275250792,9.182758902,14.19805693,,0,40,,,FALSE,,2025-09-05 06:19:59,0
2025-08-28 9:53:06,Long Calls,,Salesforce,CRM,11,250,2025-09-03 0:00:00,3,2025-05-28 16:02:00,2025-08-07 16:33:58,250.16,2025-08-27 0:00:00,5,1952,585,10.85,11.05,2025-09-05 0:00:00,0.087,0.0697,7381886.06,"[""0.022600"",""0.030560"",""0.019960"",""0.032000"",""0.019960"",null]",2025-09-03,"[""0.022600"",""0.030560"",""0.019960"",""0.032000"",""0.000000"",""-0.019120""]","[""0.000000"",""0.000000"",""0.005000"",""0.000000"",""0.061520"",""0.061520""]",255.65,257.64,254.99,258,250.02,256.45,,6.11,,"[""67.31"",""75.51"",""19.45"",""65.48"",""80.35"",""52.84""]","[""255.25"",""255.91"",""256.18"",""256.71"",""243.58"",""243.81""]","[""255.25"",""255.20"",""256.24"",""256.03"",""243.44"",""243.81""]","[""255.42"",""256.70"",""255.69"",""257.23"",""244.10"",""244.05""]","[""255.31"",""256.10"",""256.02"",""256.80"",""243.76"",""243.92""]","[""253.49"",""253.63"",""254.20"",""253.72"",""248.11"",""240.60""]","[""1.00"",""0.04"",""4.97"",""2.67"",""3.60"",""0.00""]","[""0.1184"",""0.4325"",""0.4035"",""0.3754"",""0.2983"",""0.3595""]","[""0.14"",""0.59"",""-1.05"",""0.23"",""0.59"",""0.08""]","[""0.41"",""1.50"",""-0.28"",""1.41"",""-1.25"",""1.42""]",Salesforce Inc,244.01,0,,,369,226.48,114713,5646824,233273554748,35.41,1.22,30.63155904,0.02031460517,-2.458426607,-2.070875306,,0,40,,,FALSE,,2025-09-05 06:19:59,0
2025-08-28 9:53:06,Long Calls,,Broadcom Inc.,AVGO,12.85,300,2025-09-04 0:00:00,3,2025-06-05 16:15:00,2025-08-04 8:05:55,300.25,2025-08-27 0:00:00,4,1493,1122,12.6,12.9,2025-09-05 0:00:00,0.0842,0.1128,20262328.89,"[""0.036667"",""0.023367"",null,""0.014833"",""0.029267"",""0.029267""]",2025-09-04,"[""0.036667"",""0.023367"",""0.000000"",""0.014833"",""0.029267"",""0.029267""]","[""0.000000"",""0.021117"",""0.042967"",""0.012000"",""0.000000"",""-0.007500""]",311,307.01,298.65,304.45,298.24,299.91,,1.74,,"[""75.35"",""11.84"",""61.11"",""62.85"",""90.62"",""48.25""]","[""310.32"",""309.53"",""298.16"",""303.55"",""302.46"",""306.16""]","[""309.97"",""309.68"",""297.77"",""302.49"",""301.13"",""306.24""]","[""310.64"",""308.24"",""298.28"",""303.46"",""303.81"",""306.20""]","[""310.40"",""309.11"",""298.13"",""303.27"",""302.66"",""306.19""]","[""307.33"",""307.25"",""299.97"",""300.05"",""300.41"",""305.61""]","[""1.00"",""0.07"",""2.27"",""2.78"",""2.05"",""0.00""]","[""0.2209"",""0.6540"",""0.2778"",""0.6030"",""0.7612"",""0.3935""]","[""0.19"",""-1.73"",""0.09"",""0.25"",""1.46"",""-0.02""]","[""0.43"",""-1.00"",""-0.51"",""1.42"",""2.15"",""0.16""]",Broadcom Inc,306.1,0,,,317.35,134.9,5244793,14946309,1439732807907,78.2,0.95,29.22833285,0.35090891,1.948376353,1.468492061,,0,40,,,FALSE,,2025-09-05 06:19:59,0
2025-08-28 9:53:06,Long Calls,,"UiPath, Inc.",PATH,0.78,11,2025-09-04 0:00:00,3,2025-05-29 16:10:00,2025-08-07 16:39:24,11.14,2025-08-27 0:00:00,5,399,177,0.78,0.81,2025-09-05 0:00:00,0.132,0.1108,11285410.2,"[""0.037273"",""0.040455"",""0.006364"",""0.003636"",""0.006364"",null]",2025-09-03,"[""0.037273"",""0.040455"",""0.006364"",""0.003636"",""0.000000"",""-0.005909""]","[""0.000000"",""0.000000"",""0.021818"",""0.020000"",""0.047273"",""0.047273""]",11.41,11.44,11.07,11.04,11.01,11,,1.85,,"[""84.25"",""73.89"",""60.91"",""61.19"",""61.71"",""52.98""]","[""11.36"",""11.31"",""10.97"",""10.98"",""10.89"",""10.84""]","[""11.33"",""11.31"",""11.02"",""10.95"",""10.86"",""10.83""]","[""11.39"",""11.36"",""11.01"",""11.01"",""10.90"",""10.85""]","[""11.37"",""11.33"",""10.99"",""10.98"",""10.89"",""10.84""]","[""11.29"",""11.29"",""11.24"",""11.11"",""10.95"",""10.77""]","[""1.00"",""0.04"",""0.90"",""0.84"",""0.92"",""0.00""]","[""0.0104"",""0.0274"",""0.0353"",""0.0269"",""0.0213"",""0.0273""]","[""0.40"",""1.06"",""0.83"",""0.43"",""0.29"",""0.10""]","[""-0.27"",""1.23"",""-1.56"",""-0.81"",""-0.27"",""0.78""]",UiPath Inc,10.85,0,,,15.93,9.38,1194744,6558036,5805171184,,1.02,32.97197202,0.1821801527,-2.603231598,-3.297682709,,0,40,,,FALSE,,2025-09-05 06:19:59,0
2025-08-28 9:53:06,Long Calls,,Planet Labs PBC ,PL,0.75,7,2025-09-08 0:00:00,1,2004-11-02 7:00:10,2025-08-07 9:40:58,7.08,2025-08-27 0:00:00,5,916,67,0.7,0.8,2025-09-12 0:00:00,0.1201,0.192,7708900.354,"[""0.054286"",""0.021429"",null,null,null,null]",2025-08-28,"[""0.054286"",""0.021429"",""0.000000"",""0.000000"",""0.000000"",""-0.064286""]","[""0.005714"",""0.029600"",""0.084286"",""0.081429"",""0.101429"",""0.101429""]",7.35,7.15,6.79,6.76,6.65,6.44,,1.69,,"[""85.51"",""35.82"",""17.73"",""77.21"",""17.83"",""44.72""]","[""7.23"",""7.20"",""7.00"",""6.63"",""6.46"",""6.46""]","[""7.23"",""7.21"",""6.99"",""6.63"",""6.48"",""6.48""]","[""7.25"",""7.15"",""6.97"",""6.65"",""6.45"",""6.46""]","[""7.24"",""7.18"",""6.99"",""6.64"",""6.46"",""6.46""]","[""7.18"",""7.18"",""7.04"",""6.89"",""6.83"",""6.42""]","[""1.00"",""0.01"",""7.51"",""3.48"",""4.72"",""0.00""]","[""0.0162"",""0.0225"",""0.0455"",""0.0203"",""0.0259"",""0.0112""]","[""1.57"",""-0.79"",""-4.80"",""1.05"",""-1.31"",""-0.02""]","[""0.37"",""-0.55"",""-5.34"",""-2.81"",""-6.60"",""0.66""]",Planet Labs PBC,6.46,0,,,7.72,1.76,111217,3640587,1960163625,,1.81,46.21679752,0.0305491944,-8.757062147,2.215189873,,7,54,,,FALSE,,2025-09-05 06:19:59,0
2025-08-28 9:53:06,Long Calls,,"Casey’s General Stores, Inc.",CASY,24.45,490,2025-09-08 0:00:00,3,2025-06-09 16:30:00,2025-08-18 17:35:44,498.29,2025-08-27 0:00:00,5,14,1,22.6,26,2025-09-19 0:00:00,0.0496,0.0729,371909.7607,"[""0.017510"",""0.015857"",""0.017898"",""0.022776"",""0.023939"",""0.023939""]",2025-09-04,"[""0.017510"",""0.015857"",""0.017898"",""0.022776"",""0.023939"",""0.023939""]","[""0.000000"",""0.000000"",""0.000000"",""0.000000"",""0.000000"",""-0.009480""]",497.45,497.77,498.77,501.16,497.98,499.6,,,,"[""65.56"",""66.52"",""83.67"",""66.37"",""74.69"",""68.60""]","[""99.39"",""496.06"",""496.91"",""498.83"",""498.73"",""496.26""]","[""89.33"",""218.31"",""495.99"",""497.87"",""498.76"",""496.01""]","[""496.51"",""496.32"",""497.94"",""500.08"",""499.79"",""497.53""]","[""90.52"",""496.12"",""497.16"",""499.16"",""499.14"",""496.72""]","[""494.86"",""494.89"",""494.17"",""494.69"",""495.29"",""496.91""]","[""1.00"",""0.02"",""1.29"",""3.23"",""0.77"",""0.00""]","[""106.4848"",""0.3870"",""0.3965"",""0.7186"",""0.5924"",""0.3849""]","[""400.43"",""0.35"",""0.37"",""0.47"",""0.60"",""0.39""]","[""0.23"",""0.58"",""0.93"",""1.31"",""1.30"",""0.26""]",Caseys General Stores Inc,498.18,0,,,531.24,362.42,72,184603,18522820344,34.04,0.66,11.80685994,0.0003900261643,-0.0220754982,-4.46988437,,14,68,,,FALSE,,2025-09-05 06:19:59,0
2025-08-28 9:53:06,Long Calls,,"AeroVironment, Inc",AVAV,18,245,2025-09-08 0:00:00,3,2025-06-24 16:05:00,,247.47,2025-08-27 0:00:00,4,86,32,15.9,17.8,2025-09-12 0:00:00,0.0679,0.138,1123842.901,"[""0.024204"",""0.035490"",null,""0.000082"",null,null]",2025-09-03,"[""0.024204"",""0.035490"",""0.000000"",""0.000082"",""0.000000"",""-0.027984""]","[""0.000000"",""0.025918"",""0.053061"",""0.030612"",""0.097755"",""0.097755""]",250.93,253.7,241.04,245.02,240.02,245,,1.37,,"[""62.30"",""83.76"",""63.71"",""59.64"",""23.73"",""72.01""]","[""249.73"",""248.90"",""240.74"",""243.71"",""238.08"",""225.44""]","[""248.95"",""249.09"",""240.29"",""242.46"",""238.04"",""225.17""]","[""250.31"",""249.66"",""240.85"",""244.24"",""237.86"",""226.28""]","[""249.84"",""249.18"",""240.72"",""243.69"",""238.02"",""225.73""]","[""248.95"",""249.19"",""243.37"",""243.20"",""242.66"",""226.68""]","[""1.00"",""0.12"",""1.56"",""0.88"",""3.43"",""0.00""]","[""0.2511"",""0.5543"",""0.1482"",""0.5600"",""0.3973"",""0.3313""]","[""0.30"",""1.57"",""0.13"",""0.32"",""-0.85"",""0.59""]","[""-0.01"",""1.45"",""-0.96"",""0.52"",""-2.71"",""0.03""]","AeroVironment, Inc.",226.76,0,,,295.9,102.25,15043,514270,11322636735,146.46,1.02,32.53994841,0.02925117156,-8.368691154,-13.81223869,,7,54,,,FALSE,,2025-09-05 06:19:59,0
2025-08-28 9:53:06,Long Calls,,"SailPoint, Inc.",SAIL,3.45,17.5,2025-09-09 0:00:00,1,2025-06-11 7:00:00,2025-08-12 9:34:18,20.37,2025-08-27 0:00:00,5,314,3,3.1,3.5,2025-09-19 0:00:00,0.119,0.0792,,"[""0.194857"",""0.192571"",""0.226857"",""0.211429"",""0.212000"",""0.212000""]",2025-09-04,"[""0.194857"",""0.192571"",""0.226857"",""0.211429"",""0.212000"",""0.212000""]","[""0.000000"",""0.000000"",""0.000000"",""0.000000"",""0.000000"",""-0.173714""]",20.91,20.87,21.47,21.2,20.98,21.03,,,,"[""80.48"",""61.37"",""67.16"",""35.46"",""70.68"",""35.63""]","[""20.79"",""20.75"",""21.37"",""21.08"",""21.13"",""21.13""]","[null,""20.74"",""21.34"",""21.13"",""21.11"",""21.12""]","[""20.87"",""20.76"",""21.40"",""21.05"",""21.16"",""21.09""]","[""20.80"",""20.76"",""21.38"",""21.08"",""21.14"",""21.11""]","[""20.67"",""20.67"",""20.76"",""20.89"",""20.88"",""20.95""]","[""1.00"",""0.00"",""0.42"",""1.77"",""1.64"",""0.00""]","[""0.0183"",""0.0523"",""0.0417"",""0.0447"",""0.0202"",""0.0294""]","[""0.56"",""0.56"",""0.47"",""-0.33"",""0.39"",""-0.32""]","[""0.47"",""0.95"",""3.43"",""0.55"",""1.57"",""0.55""]",Sailpoint Inc,21.06,0,,,26.35,15.05,1050,1532850,11721755618,,,49.48483952,0.0006849985321,3.387334315,4.051383399,,14,68,,,FALSE,,2025-09-05 06:19:59,0
2025-08-28 9:53:06,Long Calls,,"Dave & Buster's Entertainment, Inc.",PLAY,2.4,25,2025-09-10 0:00:00,3,2025-06-10 16:05:00,,25.43,2025-08-27 0:00:00,5,78,5,2.4,2.55,2025-09-19 0:00:00,0.116,0.1076,1063255.679,"[""0.016000"",""0.027200"",""0.007800"",""0.010000"",""0.007800"",null]",2025-09-03,"[""0.016000"",""0.027200"",""0.007800"",""0.010000"",""0.000000"",""-0.022000""]","[""0.028200"",""0.028800"",""0.027200"",""0.042400"",""0.052000"",""0.052000""]",24.72,25.68,25.19,25.25,25.13,25.03,,0.94,,"[""75.14"",""93.39"",""85.14"",""59.55"",""63.91"",""67.52""]","[""24.52"",""25.45"",""24.93"",""25.02"",""24.30"",""24.09""]","[""24.45"",""25.31"",""24.83"",""25.03"",""24.31"",""24.08""]","[""24.65"",""25.57"",""25.04"",""25.01"",""24.27"",""24.16""]","[""24.56"",""25.48"",""24.95"",""25.01"",""24.28"",""24.12""]","[""24.75"",""24.89"",""24.86"",""24.87"",""24.72"",""24.07""]","[""1.00"",""5.29"",""4.13"",""0.23"",""0.15"",""0.00""]","[""0.0373"",""0.0294"",""0.0279"",""0.1088"",""0.0459"",""0.0312""]","[""0.84"",""0.90"",""0.91"",""0.84"",""0.64"",""0.44""]","[""-0.75"",""3.18"",""1.20"",""1.43"",""-1.10"",""0.55""]",Dave & Buster's Entertainment Inc,24.2,0,,,43.73,15.08,50,697620,836740400,23.91,2.04,60.82437718,0.0000716722571,-4.836806921,-3.815580286,,14,68,,,FALSE,,2025-09-05 06:19:59,0
2025-08-28 9:53:06,Long Calls,,Kroger Co.,KR,2.2,67.5,2025-09-11 0:00:00,1,2025-06-20 8:00:00,2025-08-28 8:00:52,67.98,2025-08-27 0:00:00,4,541,2,2.48,2.58,2025-09-19 0:00:00,0.0342,0.0559,7286481.089,"[""0.007111"",""0.005704"",""0.021926"",""0.016000"",""0.018148"",""0.018148""]",2025-09-04,"[""0.007111"",""0.005704"",""0.021926"",""0.016000"",""0.018148"",""0.018148""]","[""0.010963"",""0.005926"",""0.000000"",""0.004889"",""0.000000"",""-0.003407""]",67.46,67.89,68.98,68.58,68.64,67.41,,0.62,,"[""62.24"",""75.95"",""92.24"",""52.43"",""66.68"",""42.53""]","[""67.31"",""67.65"",""67.78"",""68.48"",""68.46"",""67.92""]","[""67.30"",""67.62"",""67.68"",""68.44"",""68.17"",""67.87""]","[""67.37"",""67.73"",""68.10"",""68.52"",""68.58"",""67.90""]","[""67.33"",""67.67"",""67.87"",""68.49"",""68.46"",""67.91""]","[""67.40"",""67.41"",""67.43"",""67.79"",""67.76"",""68.10""]","[""1.00"",""3.58"",""0.73"",""0.26"",""0.51"",""0.00""]","[""0.0448"",""0.0424"",""0.1182"",""0.0832"",""0.1022"",""0.0508""]","[""0.14"",""0.31"",""1.60"",""0.06"",""0.31"",""-0.12""]","[""0.09"",""0.67"",""2.12"",""1.08"",""1.34"",""-0.38""]",Kroger Co,67.84,0,,,74.9,50.69,4863,5222304,44852807050,18.44,0.59,24.04186119,0.0009311981838,-0.2059429244,-7.98860708,,14,68,,,FALSE,,2025-09-05 06:19:59,0
2025-08-28 9:53:06,Long Calls,,Adobe Inc.,ADBE,18.2,355,2025-09-11 0:00:00,3,2025-06-12 16:05:00,2025-08-21 8:54:37,356.35,2025-08-27 0:00:00,5,118,14,17.75,18.7,2025-09-12 0:00:00,0.0528,0.1159,3786335.435,"[""0.009183"",""0.006338"",null,null,null,null]",2025-08-29,"[""0.009183"",""0.006338"",""0.000000"",""0.000000"",""0.000000"",""-0.029845""]","[""0.016592"",""0.007169"",""0.038648"",""0.032730"",""0.062939"",""0.062939""]",354.56,357.25,352.71,348.51,345.63,348.5,,0.38,,"[""58.29"",""69.11"",""36.71"",""74.51"",""69.50"",""69.63""]","[""353.96"",""355.32"",""354.54"",""347.25"",""343.33"",""343.37""]","[""353.99"",""354.51"",""355.43"",""346.61"",""343.06"",""343.09""]","[""353.92"",""356.42"",""352.74"",""347.88"",""343.81"",""343.91""]","[""353.95"",""355.67"",""353.98"",""347.38"",""343.46"",""343.54""]","[""353.78"",""353.85"",""354.23"",""349.83"",""347.31"",""340.05""]","[""1.00"",""0.06"",""0.40"",""4.63"",""3.66"",""0.00""]","[""0.3212"",""0.6582"",""0.8919"",""0.3160"",""0.2870"",""0.2672""]","[""0.14"",""0.47"",""-0.70"",""0.36"",""0.28"",""0.27""]","[""0.05"",""0.89"",""-0.61"",""-0.38"",""-0.87"",""1.25""]",Adobe Inc,344.31,0,,,587.75,330.04,18985,2363230,146056300964,22.03,1.48,26.90587831,0.008033496528,-3.378700716,-0.3790289914,,7,54,,,FALSE,,2025-09-05 06:19:59,0
2025-08-28 9:53:06,Long Calls,,Oracle Corp.,ORCL,13.98,235,2025-09-15 0:00:00,3,2025-06-11 16:05:00,,235.81,2025-08-27 0:00:00,5,239,89,14.1,14.45,2025-09-19 0:00:00,,0.0993,11854956.56,"[""0.029574"",""0.013702"",null,null,null,null]",2025-08-28,"[""0.029574"",""0.013702"",""0.000000"",""0.000000"",""0.000000"",""-0.048638""]","[""0.000000"",""0.050596"",""0.068979"",""0.056383"",""0.065702"",""0.065702""]",241.95,238.22,225.45,225.9,225.3,223.45,,0.58,,"[""77.33"",""16.72"",""56.96"",""41.90"",""71.46"",""60.10""]","[""240.75"",""239.98"",""224.88"",""224.67"",""222.84"",""222.63""]","[""240.59"",""240.16"",""224.42"",""224.32"",""222.48"",""222.66""]","[""241.34"",""239.34"",""225.04"",""224.80"",""223.30"",""222.74""]","[""240.96"",""239.81"",""224.85"",""224.65"",""222.97"",""222.64""]","[""239.13"",""239.06"",""229.98"",""229.05"",""227.28"",""221.97""]","[""1.00"",""0.01"",""0.72"",""2.93"",""1.12"",""0.00""]","[""0.1946"",""0.4120"",""0.2772"",""0.3508"",""0.1646"",""0.2259""]","[""0.44"",""-1.00"",""0.07"",""-0.21"",""0.28"",""0.16""]","[""0.50"",""-0.62"",""-2.15"",""-2.11"",""-1.68"",""0.47""]",Oracle Corp,223,0,,,260.87,118.86,186130,7403128,626369759000,51.36,1.46,34.33728032,0.02514207508,-5.432339595,-13.03669617,,14,68,,,FALSE,,2025-09-05 06:19:59,0
2025-08-28 9:53:06,Long Calls,,Ferguson plc,FERG,27.5,210,2025-09-16 0:00:00,1,2025-06-03 6:45:00,2025-08-18 0:00:00,235.12,2025-08-27 0:00:00,5,16,1,25.6,28.4,2025-09-19 0:00:00,,0.0947,1463111.577,"[""0.123810"",""0.115024"",""0.094286"",""0.100619"",""0.134333"",""0.134333""]",2025-09-04,"[""0.123810"",""0.115024"",""0.094286"",""0.100619"",""0.134333"",""0.134333""]","[""0.000000"",""0.000000"",""0.000000"",""0.000000"",""0.000000"",""-0.095905""]",234.81,234.15,229.8,231.13,229.69,229.92,,,,"[null,""67.16"",""61.67"",""75.78"",""76.97"",""78.34""]","[null,""233.78"",""229.38"",""230.21"",""237.22"",""237.30""]","[null,""233.74"",""229.24"",""229.67"",""236.87"",""236.90""]","[null,""233.98"",""229.52"",""230.66"",""237.65"",""237.76""]","[null,""233.86"",""229.41"",""230.29"",""237.32"",""237.40""]","[""234.55"",""234.55"",""231.11"",""230.98"",""232.59"",""235.86""]","[""1.00"",""0.02"",""7.16"",""0.06"",""4.55"",""0.00""]","[null,""0.1078"",""0.1431"",""0.2076"",""0.2195"",""0.2109""]","[null,""0.16"",""0.12"",""0.40"",""0.36"",""0.37""]","[""-0.13"",""-0.17"",""-0.63"",""0.06"",""2.35"",""0.98""]",Ferguson Enterprises Inc,238.17,0,,,238.21,146,379,770999,38448895690,29.73,1.12,18.49624897,0.000491570028,1.297209935,6.850605653,,14,68,,,FALSE,,2025-09-05 06:19:59,0
2025-08-29 8:07:27,Long Calls,,Signet Jewelers Ltd,SIG,6.31,89,2025-09-02 0:00:00,1,2025-06-03 6:50:00,2025-08-05 7:31:49,89.86,2025-08-28 0:00:00,5,22,8,6,6.7,2025-09-05 0:00:00,0.1402,0.1334,1045682.984,"[null,""0.032077"",""0.029494"",""0.018090"",""0.029494"",""0.018090""]",2025-09-04,"[""0.000000"",""0.032077"",""0.029494"",""0.018090"",""0.029494"",""0.018090""]","[""0.025169"",""0.041461"",""0.005843"",""0.020786"",""0.005843"",""0.020786""]",88.62,91.85,91.63,88.57,89.05,89.02,,0.77,,"[""65.37"",""73.02"",""54.62"",""72.89"",""32.20"",""62.79""]","[""88.15"",""88.25"",""90.77"",""90.21"",""89.66"",""88.30""]","[""88.06"",""88.23"",""90.59"",""90.20"",null,null]","[""88.35"",""88.77"",""91.07"",""90.32"",""89.42"",""88.74""]","[""88.22"",""88.39"",""90.84"",""90.24"",""89.75"",""88.46""]","[""87.74"",""88.27"",""89.15"",""89.30"",""90.33"",""88.09""]","[""1.75"",""2.67"",""0.39"",""6.69"",""2.26"",""1.36""]","[""0.0988"",""0.5109"",""0.3667"",""0.0939"",""0.3297"",""0.2234""]","[""0.34"",""2.16"",""0.31"",""0.42"",""-0.68"",""0.82""]","[""0.81"",""2.15"",""2.14"",""1.45"",""-1.42"",""1.05""]",Signet Jewelers Ltd,90.55,-0.01,,,106.28,45.55,722,805552,3726153452,30.22,1.18,46.82386398,0.0008962798181,-3.020242048,20.52442433,,0,40,,,FALSE,2025-08-29,2025-09-05 06:19:59,0
2025-08-29 8:07:27,Long Calls,,"Zscaler, Inc.",ZS,14.62,280,2025-09-02 0:00:00,3,2025-05-29 16:05:00,2025-08-07 8:12:56,280.42,2025-08-28 0:00:00,5,140,126,14.8,15.25,2025-09-05 0:00:00,0.1063,0.09,2179199.233,"[null,""0.003500"",null,""0.003500"",null,null]",2025-09-02,"[""0.000000"",""0.003500"",""0.000000"",""0.000000"",""-0.019643"",""-0.035714""]","[""0.019036"",""0.040928"",""0.070000"",""0.061071"",""0.070000"",""0.061071""]",277.47,280.98,274.5,278.54,270.58,268.25,,0.09,,"[""70.16"",""86.56"",""57.91"",""23.58"",""53.90"",""57.27""]","[""277.01"",""276.32"",""273.52"",""270.19"",""270.36"",""267.93""]","[""276.46"",""275.79"",""273.01"",""270.15"",""270.21"",""267.78""]","[""277.20"",""277.05"",""273.90"",""269.95"",""270.61"",""268.15""]","[""276.99"",""276.49"",""273.59"",""270.15"",""270.45"",""267.96""]","[""276.30"",""276.64"",""270.36"",""270.29"",""267.76"",""267.23""]","[""2.70"",""7.19"",""1.03"",""2.09"",""0.00"",""0.00""]","[""0.1374"",""0.4933"",""0.4669"",""0.5453"",""0.3189"",""0.2472""]","[""0.16"",""0.80"",""0.17"",""-1.09"",""0.08"",""0.12""]","[""0.42"",""0.69"",""1.34"",""-1.12"",""1.05"",""0.38""]",Zscaler Inc,268.25,0,,,318.46,153.45,4797,805931,41765344700,,1.05,27.62465221,0.005952122452,-1.765115172,-7.282593668,,0,40,,,FALSE,2025-08-29,2025-09-05 06:19:59,0
2025-08-29 8:07:27,Long Calls,,"Dollar Tree, Inc.",DLTR,4.7,112,2025-09-03 0:00:00,1,2025-06-04 6:30:00,2025-08-13 16:10:06,112.5,2025-08-28 0:00:00,5,178,120,4.6,4.8,2025-09-05 0:00:00,0.0838,0.091,3676169.944,"[null,""0.001161"",null,""0.001161"",null,null]",2025-09-02,"[""0.000000"",""0.001161"",""0.000000"",""0.000000"",""-0.068929"",""-0.090625""]","[""0.030268"",""0.035357"",""0.125000"",""0.118527"",""0.125000"",""0.118527""]",111.18,112.13,104.28,112.05,102.03,100.25,,0.03,,"[null,""85.39"",""69.13"",""34.56"",""60.27"",""76.99""]","[null,""111.73"",""103.33"",""101.63"",""101.70"",""99.76""]","[null,""111.39"",""103.10"",""101.35"",""101.38"",""99.29""]","[""110.91"",""111.92"",""103.82"",""101.68"",""101.95"",""100.09""]","[null,""111.75"",""103.51"",""101.63"",""101.76"",""99.80""]","[""110.90"",""109.77"",""105.21"",""104.37"",""101.91"",""99.53""]","[""1.63"",""0.83"",""2.42"",""1.54"",""0.00"",""0.00""]","[null,""0.0967"",""0.2430"",""0.3302"",""0.2081"",""0.1266""]","[null,""0.31"",""0.73"",""-0.93"",""0.32"",""0.49""]","[""0.19"",""2.10"",""-1.07"",""-3.53"",""0.12"",""0.72""]",Dollar Tree Inc,100.25,0,,,118.06,60.49,5410,2914995,20921743925,,0.89,29.91347179,0.001855920851,-11.17313486,-13.85236745,,0,40,,,FALSE,2025-08-29,2025-09-05 06:19:59,0
2025-08-29 8:07:27,Long Calls,,Credo Technology Group Holding Ltd,CRDO,11.5,131,2025-09-03 0:00:00,3,2025-06-02 16:05:00,2025-08-13 9:17:53,131.82,2025-08-28 0:00:00,5,1,12,11.1,11.7,2025-09-05 0:00:00,0.173,0.1987,4761838.511,"[null,null,null,""0.077023"",null,""0.077023""]",2025-09-04,"[""0.000000"",""0.000000"",""0.000000"",""0.077023"",""-0.028397"",""0.077023""]","[""0.076336"",""0.113282"",""0.067939"",""0.000000"",""0.067939"",""-0.013206""]",125.65,124.59,127.28,124.27,124.77,134,,0.68,,"[""62.88"",""62.79"",""61.45"",""74.78"",""44.72"",""45.65""]","[""125.05"",""124.22"",""125.57"",""135.31"",""125.31"",""134.05""]","[null,""124.29"",""124.98"",""129.11"",""124.60"",""134.52""]","[""125.30"",""124.29"",""126.25"",""138.59"",""125.06"",""133.99""]","[""125.03"",""124.25"",""125.77"",""135.53"",""125.10"",""134.12""]","[""125.00"",""121.87"",""122.49"",""125.98"",""124.95"",""136.61""]","[""1.03"",""2.05"",""2.06"",""0.89"",""0.00"",""0.00""]","[""0.2991"",""0.1729"",""0.7332"",""1.8476"",""0.3486"",""0.3165""]","[""0.38"",""0.27"",""1.14"",""4.07"",""-0.43"",""-0.04""]","[""0.42"",""2.20"",""3.68"",""11.78"",""-0.14"",""-1.91""]",Credo Technology Group Holding Ltd,134,0,,,141.09,24.08,148002,3461832,23178435600,197.41,2.59,69.99327098,0.04275250792,9.182758902,14.19805693,,0,40,,,FALSE,2025-08-29,2025-09-05 06:19:59,0
2025-08-29 8:07:27,Long Calls,,Salesforce,CRM,11.5,252.5,2025-09-03 0:00:00,3,2025-05-28 16:02:00,2025-08-07 16:33:58,254.53,2025-08-28 0:00:00,5,84,330,11.15,11.5,2025-09-05 0:00:00,0.0808,0.0697,7373526.074,"[""0.016356"",""0.009861"",""0.021782"",""0.009861"",""0.021782"",null]",2025-09-03,"[""0.016356"",""0.009861"",""0.021782"",""0.000000"",""0.021782"",""-0.028832""]","[""0.000000"",""0.014851"",""0.007743"",""0.070812"",""0.007743"",""0.070812""]",256.63,254.99,258,252.24,251.92,244.01,,1.1,,"[""70.11"",""19.45"",""65.48"",""80.35"",""27.01"",""52.84""]","[""256.38"",""256.18"",""256.71"",""243.58"",""254.44"",""243.81""]","[""256.05"",""256.24"",""256.03"",""243.44"",null,""243.81""]","[""256.47"",""255.69"",""257.23"",""244.10"",""253.50"",""244.05""]","[""256.37"",""256.02"",""256.80"",""243.76"",""254.18"",""243.92""]","[""255.02"",""255.23"",""253.69"",""246.87"",""254.52"",""240.60""]","[""1.33"",""4.97"",""2.67"",""3.60"",""1.85"",""0.00""]","[""0.1131"",""0.4035"",""0.3754"",""0.2983"",""0.7132"",""0.3595""]","[""0.07"",""-1.05"",""0.23"",""0.59"",""-0.99"",""0.08""]","[""0.61"",""-0.68"",""1.42"",""-0.75"",""-1.02"",""1.42""]",Salesforce Inc,244.01,0,,,369,226.48,114713,5646824,233273554748,35.41,1.22,30.63155904,0.02031460517,-2.458426607,-2.070875306,,0,40,,,FALSE,2025-08-29,2025-09-05 06:19:59,0
2025-08-29 8:07:27,Long Calls,,Broadcom Inc.,AVGO,12.07,307.5,2025-09-04 0:00:00,3,2025-06-05 16:15:00,2025-08-04 8:05:55,308.65,2025-08-28 0:00:00,4,414,607,11.95,12.2,2025-09-05 0:00:00,0.0736,0.1128,20211656.15,"[null,null,null,""0.004163"",null,""0.004163""]",2025-09-04,"[""0.000000"",""0.000000"",""0.000000"",""0.004163"",""-0.009919"",""0.004163""]","[""0.044992"",""0.066309"",""0.036098"",""0.017073"",""0.036098"",""0.017073""]",297.84,298.65,304.45,298.24,302.39,306.87,,0.06,,"[""77.88"",""61.11"",""62.85"",""90.62"",""69.14"",null]","[""296.88"",""298.16"",""303.55"",""302.46"",""301.95"",null]","[""296.58"",""297.77"",""302.49"",""301.13"",""300.91"",null]","[""297.21"",""298.28"",""303.46"",""303.81"",""302.21"",null]","[""296.95"",""298.13"",""303.27"",""302.66"",""301.86"",null]","[""295.54"",""294.93"",""296.33"",""297.75"",""301.33"",""307.15""]","[""1.30"",""2.27"",""2.78"",""2.05"",""0.00"",""2.00""]","[""0.2311"",""0.2778"",""0.6030"",""0.7612"",""0.2720"",null]","[""0.32"",""0.09"",""0.25"",""1.46"",""0.14"",null]","[""0.77"",""1.19"",""2.69"",""3.06"",""0.35"",""-0.09""]",Broadcom Inc,306.1,0,,,317.35,134.9,5244793,14946309,1439732807907,78.2,0.95,29.22833285,0.35090891,1.948376353,1.468492061,,0,40,,,FALSE,,2025-09-05 06:19:59,0
2025-08-29 8:07:27,Long Calls,,"UiPath, Inc.",PATH,0.85,11,2025-09-04 0:00:00,3,2025-05-29 16:10:00,2025-08-07 16:39:24,11.26,2025-08-28 0:00:00,5,403,132,0.8,0.85,2025-09-05 0:00:00,0.1283,0.1108,11203660.11,"[""0.028182"",""0.006364"",""0.003636"",""0.006364"",""0.003636"",null]",2025-09-03,"[""0.028182"",""0.006364"",""0.003636"",""0.000000"",""0.003636"",""-0.005909""]","[""0.000000"",""0.021818"",""0.020000"",""0.047273"",""0.020000"",""0.047273""]",11.31,11.07,11.04,11.01,11,10.85,,1.29,,"[""69.55"",""60.91"",""61.19"",""61.71"",null,""52.98""]","[""11.26"",""10.97"",""10.98"",""10.89"",null,""10.84""]","[null,""11.02"",""10.95"",""10.86"",null,""10.83""]","[""11.28"",""11.01"",""11.01"",""10.90"",null,""10.85""]","[""11.27"",""10.99"",""10.98"",""10.89"",null,""10.84""]","[""11.26"",""11.13"",""10.98"",""10.85"",null,""10.77""]","[""1.85"",""0.90"",""0.84"",""0.92"",""NaN"",""0.00""]","[""0.0140"",""0.0353"",""0.0269"",""0.0213"",null,""0.0273""]","[""0.42"",""0.83"",""0.43"",""0.29"",null,""0.10""]","[""0.44"",""-0.59"",""0.39"",""0.68"",null,""0.78""]",UiPath Inc,10.85,0,,,15.93,9.38,1194744,6558036,5805171184,,1.02,32.97197202,0.1821801527,-2.603231598,-3.297682709,,0,40,,,FALSE,2025-08-29,2025-09-05 06:19:59,0
2025-08-29 8:07:27,Long Calls,,Planet Labs PBC ,PL,0.83,7,2025-09-08 0:00:00,1,2004-11-02 7:00:10,2025-08-07 9:40:58,7.21,2025-08-28 0:00:00,5,904,92,0.8,0.9,2025-09-12 0:00:00,0.1318,0.192,7761448.437,"[""0.015714"",null,null,null,null,null]",2025-08-29,"[""0.015714"",""0.000000"",""0.000000"",""0.000000"",""-0.034286"",""-0.064286""]","[""0.014286"",""0.084286"",""0.081429"",""0.101429"",""0.081429"",""0.101429""]",7.11,6.79,6.76,6.65,6.44,6.46,,1.1,,"[""86.21"",""17.73"",""77.21"",""17.83"",""30.14"",""44.72""]","[""7.01"",""7.00"",""6.63"",""6.46"",""6.47"",""6.46""]","[""6.99"",""6.99"",""6.63"",""6.48"",""6.48"",""6.48""]","[""7.04"",""6.97"",""6.65"",""6.45"",""6.46"",""6.46""]","[""7.02"",""6.99"",""6.64"",""6.46"",""6.47"",""6.46""]","[""6.98"",""6.94"",""6.69"",""6.66"",""6.60"",""6.42""]","[""4.20"",""7.51"",""3.48"",""4.72"",""0.00"",""0.00""]","[""0.0160"",""0.0455"",""0.0203"",""0.0259"",""0.0116"",""0.0112""]","[""1.31"",""-4.80"",""1.05"",""-1.31"",""-0.43"",""-0.02""]","[""1.79"",""-3.99"",""0.07"",""-4.16"",""-2.46"",""0.66""]",Planet Labs PBC,6.46,0,,,7.72,1.76,111217,3640587,1960163625,,1.81,46.21679752,0.0305491944,-8.757062147,2.215189873,,7,54,,,FALSE,2025-08-29,2025-09-05 06:19:59,0
2025-08-29 8:07:27,Long Calls,,"Casey’s General Stores, Inc.",CASY,22.5,490,2025-09-08 0:00:00,3,2025-06-09 16:30:00,2025-08-18 17:35:44,496,2025-08-28 0:00:00,5,14,11,21.1,24.3,2025-09-19 0:00:00,0.0506,0.0729,371039.524,"[""0.009429"",""0.017898"",""0.022776"",""0.023939"",""0.022776"",""0.023939""]",2025-09-04,"[""0.009429"",""0.017898"",""0.022776"",""0.023939"",""0.022776"",""0.023939""]","[""0.000000"",""0.000000"",""0.000000"",""0.000000"",""-0.007551"",""-0.009480""]",494.62,498.77,501.16,497.98,499.6,498.18,,,,"[""69.79"",""83.67"",""66.37"",""74.69"",""58.47"",""68.60""]","[""493.04"",""496.91"",""498.83"",""498.73"",""498.62"",""496.26""]","[""492.39"",""495.99"",""497.87"",""498.76"",""498.72"",""496.01""]","[""493.84"",""497.94"",""500.08"",""499.79"",""499.36"",""497.53""]","[""493.25"",""497.16"",""499.16"",""499.14"",""498.95"",""496.72""]","[""492.17"",""493.91"",""494.72"",""495.54"",""498.67"",""496.91""]","[""4.54"",""1.29"",""3.23"",""0.77"",""0.00"",""0.00""]","[""0.3552"",""0.3962"",""0.7185"",""0.5923"",""0.5624"",""0.3849""]","[""0.31"",""0.37"",""0.47"",""0.60"",""0.20"",""0.39""]","[""0.48"",""0.98"",""1.30"",""1.25"",""0.19"",""0.26""]",Caseys General Stores Inc,498.18,0,,,531.24,362.42,72,184603,18522820344,34.04,0.66,11.80685994,0.0003900261643,-0.0220754982,-4.46988437,,14,68,,,FALSE,2025-08-29,2025-09-05 06:19:59,0
2025-08-29 8:07:27,Long Calls,,"SailPoint, Inc.",SAIL,2.1,20,2025-09-09 0:00:00,1,2025-06-11 7:00:00,2025-08-12 9:34:18,20.77,2025-08-28 0:00:00,5,996,21,1.95,2.1,2025-09-19 0:00:00,0.1276,0.0792,,"[""0.040000"",""0.073500"",""0.060000"",""0.060500"",""0.060000"",""0.060500""]",2025-09-04,"[""0.040000"",""0.073500"",""0.060000"",""0.060500"",""0.060000"",""0.060500""]","[""0.000000"",""0.000000"",""0.000000"",""0.000000"",""-0.029500"",""-0.027000""]",20.8,21.47,21.2,20.98,21.03,21.06,,,,"[""61.41"",""67.16"",""35.46"",""70.68"",""71.18"",""35.63""]","[""20.74"",""21.37"",""21.08"",""21.13"",""20.94"",""21.13""]","[""20.66"",""21.34"",""21.13"",""21.11"",""20.89"",""21.12""]","[""20.75"",""21.40"",""21.05"",""21.16"",""21.00"",""21.09""]","[""20.73"",""21.38"",""21.08"",""21.14"",""20.96"",""21.11""]","[""20.63"",""20.86"",""20.99"",""20.93"",""20.83"",""20.95""]","[""14.55"",""0.42"",""1.77"",""1.64"",""0.00"",""0.00""]","[""0.0190"",""0.0417"",""0.0447"",""0.0202"",""0.0278"",""0.0294""]","[""0.14"",""0.47"",""-0.33"",""0.39"",""0.41"",""-0.32""]","[""0.67"",""2.95"",""0.05"",""1.33"",""0.98"",""0.55""]",Sailpoint Inc,21.06,0,,,26.35,15.05,1050,1532850,11721755618,,,49.48483952,0.0006849985321,3.387334315,4.051383399,,14,68,,,FALSE,2025-08-29,2025-09-05 06:19:59,0
2025-08-29 8:07:27,Long Calls,,"AeroVironment, Inc",AVAV,16.91,247.5,2025-09-09 0:00:00,3,2025-06-24 16:05:00,2025-08-28 10:13:22,248.93,2025-08-28 0:00:00,4,6,3,15.2,17,2025-09-12 0:00:00,0.0669,0.138,1133302.358,"[null,null,null,null,null,null]",2025-08-29,"[""0.000000"",""0.000000"",""0.000000"",""0.000000"",""-0.010020"",""-0.037802""]","[""0.031232"",""0.062626"",""0.040404"",""0.106869"",""0.040404"",""0.106869""]",242.86,241.04,245.02,240.02,238.23,226.76,,0,,"[""62.37"",""63.71"",""59.64"",""23.73"",""50.93"",""72.01""]","[""242.15"",""240.74"",""243.71"",""238.08"",""238.19"",""225.44""]","[""242.18"",""240.29"",""242.46"",""238.04"",""238.09"",""225.17""]","[""242.44"",""240.85"",""244.24"",""237.86"",""238.29"",""226.28""]","[""242.26"",""240.72"",""243.69"",""238.02"",""238.22"",""225.73""]","[""241.86"",""239.42"",""239.94"",""239.91"",""240.71"",""226.68""]","[""9.26"",""1.56"",""0.88"",""3.43"",""0.00"",""0.00""]","[""0.2290"",""0.1482"",""0.5600"",""0.3973"",""0.2430"",""0.3313""]","[""0.29"",""0.13"",""0.32"",""-0.85"",""0.02"",""0.59""]","[""0.41"",""0.68"",""1.89"",""-1.60"",""-1.03"",""0.03""]","AeroVironment, Inc.",226.76,0,,,295.9,102.25,15043,514270,11322636735,146.46,1.02,32.53994841,0.02925117156,-8.368691154,-13.81223869,,7,54,,,FALSE,2025-08-29,2025-09-05 06:19:59,0
2025-08-29 8:07:27,Long Calls,,Kroger Co.,KR,2.05,67,2025-09-11 0:00:00,1,2025-06-20 8:00:00,2025-08-28 8:00:52,67.46,2025-08-28 0:00:00,5,13,24,2.19,2.27,2025-09-12 0:00:00,0.0362,0.0559,7248246.222,"[""0.013209"",""0.029552"",""0.023582"",""0.025746"",""0.023582"",""0.025746""]",2025-09-04,"[""0.013209"",""0.029552"",""0.023582"",""0.025746"",""0.023582"",""0.025746""]","[""0.000000"",""0.000000"",""0.000000"",""0.000000"",""-0.002537"",""-0.010896""]",67.89,68.98,68.58,68.64,68.2,67.84,,,,"[""75.95"",""92.24"",""52.43"",""66.68"",""75.45"",""42.53""]","[""67.65"",""67.78"",""68.48"",""68.46"",""68.00"",""67.92""]","[""67.62"",""67.68"",""68.44"",""68.17"",""67.88"",""67.87""]","[""67.73"",""68.10"",""68.52"",""68.58"",""68.13"",""67.90""]","[""67.67"",""67.87"",""68.49"",""68.46"",""68.03"",""67.91""]","[""67.43"",""67.52"",""68.14"",""67.96"",""67.65"",""68.10""]","[""3.58"",""0.73"",""0.26"",""0.51"",""0.00"",""0.00""]","[""0.0424"",""0.1182"",""0.0832"",""0.1022"",""0.0488"",""0.0508""]","[""0.31"",""1.60"",""0.06"",""0.31"",""0.29"",""-0.12""]","[""0.64"",""1.99"",""0.55"",""1.04"",""0.81"",""-0.38""]",Kroger Co,67.84,0,,,74.9,50.69,4863,5222304,44852807050,18.44,0.59,24.04186119,0.0009311981838,-0.2059429244,-7.98860708,,7,54,,,FALSE,2025-08-29,2025-09-05 06:19:59,0
2025-08-29 8:07:27,Long Calls,,Adobe Inc.,ADBE,18.1,352.5,2025-09-11 0:00:00,3,2025-06-12 16:05:00,2025-08-21 8:54:37,353.96,2025-08-28 0:00:00,5,9,9,17.75,18.9,2025-09-12 0:00:00,0.0525,0.1159,3799331.368,"[""0.012142"",""0.000605"",null,""0.000605"",null,null]",2025-09-02,"[""0.012142"",""0.000605"",""0.000000"",""0.000000"",""-0.011319"",""-0.022965""]","[""0.000000"",""0.031830"",""0.025869"",""0.056293"",""0.025869"",""0.056293""]",356.78,352.71,348.51,352.05,348.5,344.31,,0.38,,"[""67.25"",""36.71"",""74.51"",""69.50"",""74.51"",""69.63""]","[""355.93"",""354.54"",""347.25"",""343.33"",""347.37"",""343.37""]","[""355.98"",""355.43"",""346.61"",""343.06"",""346.66"",""343.09""]","[""356.16"",""352.74"",""347.88"",""343.81"",""348.00"",""343.91""]","[""356.02"",""353.98"",""347.38"",""343.46"",""347.48"",""343.54""]","[""355.73"",""354.85"",""347.33"",""344.73"",""346.17"",""340.05""]","[""4.79"",""0.40"",""4.63"",""3.66"",""0.00"",""0.00""]","[""0.2611"",""0.8919"",""0.3160"",""0.2870"",""0.2934"",""0.2672""]","[""0.22"",""-0.70"",""0.36"",""0.28"",""0.33"",""0.27""]","[""0.28"",""-0.79"",""0.34"",""-0.12"",""0.67"",""1.25""]",Adobe Inc,344.31,0,,,587.75,330.04,18985,2363230,146056300964,22.03,1.48,26.90587831,0.008033496528,-3.378700716,-0.3790289914,,7,54,,,FALSE,2025-08-29,2025-09-05 06:19:59,0
2025-08-29 8:07:27,Long Calls,,Oracle Corp.,ORCL,13.61,240,2025-09-15 0:00:00,3,2025-06-11 16:05:00,,240.32,2025-08-28 0:00:00,5,4731,1284,13.55,13.75,2025-09-19 0:00:00,,0.0993,11816236.98,"[null,null,null,null,null,null]",,"[""0.000000"",""0.000000"",""0.000000"",""0.000000"",""-0.058750"",""-0.068458""]","[""0.070375"",""0.088375"",""0.076042"",""0.085166"",""0.076042"",""0.085166""]",226.28,225.45,225.9,225.3,223.45,223,,0,,"[""49.76"",""56.96"",""41.90"",""71.46"",""73.82"",""60.10""]","[""225.66"",""224.88"",""224.67"",""222.84"",""222.80"",""222.63""]","[""225.25"",""224.42"",""224.32"",""222.48"",""222.50"",""222.66""]","[""225.85"",""225.04"",""224.80"",""223.30"",""223.19"",""222.74""]","[""225.67"",""224.85"",""224.65"",""222.97"",""222.89"",""222.64""]","[""224.78"",""224.21"",""224.17"",""223.52"",""223.29"",""221.97""]","[""2.24"",""0.72"",""2.93"",""1.12"",""0.00"",""0.00""]","[""0.2468"",""0.2772"",""0.3508"",""0.1646"",""0.2560"",""0.2259""]","[""-0.03"",""0.07"",""-0.21"",""0.28"",""0.29"",""0.16""]","[""0.36"",""0.37"",""0.02"",""-0.02"",""0.07"",""0.47""]",Oracle Corp,223,0,,,260.87,118.86,186130,7403128,626369759000,51.36,1.46,34.33728032,0.02514207508,-5.432339595,-13.03669617,,14,68,,,FALSE,,2025-09-05 06:19:59,0
2025-08-29 8:07:27,Long Calls,,"Micron Technology, Inc.",MU,7.88,121,2025-09-23 0:00:00,3,2025-06-25 16:01:00,2025-08-28 16:15:07,122,2025-08-28 0:00:00,5,231,34,7.55,8.05,2025-09-26 0:00:00,,0.102,20822422.06,"[null,null,null,""0.028182"",null,""0.028182""]",2025-09-04,"[""0.000000"",""0.000000"",""0.000000"",""0.028182"",""-0.012893"",""0.028182""]","[""0.024298"",""0.055702"",""0.030620"",""0.020496"",""0.030620"",""0.020496""]",120.43,118.56,119.44,118.48,118.72,121.1,,0.51,,"[""72.75"",""71.51"",""69.06"",""75.37"",""76.33"",""77.56""]","[""119.89"",""118.31"",""118.69"",""123.78"",""118.39"",""120.64""]","[""119.82"",""118.14"",""118.40"",""123.56"",""118.18"",""120.08""]","[""120.16"",""118.41"",""118.90"",""124.01"",""118.62"",""120.77""]","[""119.98"",""118.31"",""118.71"",""123.82"",""118.44"",""120.57""]","[""119.88"",""117.50"",""117.59"",""119.11"",""118.31"",""119.77""]","[""1.15"",""2.36"",""1.09"",""3.33"",""0.00"",""2.28""]","[""0.1190"",""0.1038"",""0.2820"",""0.1461"",""0.0963"",""0.1571""]","[""0.40"",""0.18"",""0.59"",""0.43"",""0.28"",""0.38""]","[""0.41"",""0.87"",""1.53"",""4.36"",""0.35"",""1.11""]",Micron Technology Inc,124.21,0,,,129.85,61.54,505113,13174938,139006391015,22.52,1.47,43.21932328,0.03833892805,5.486199575,14.18459276,,21,70,,,FALSE,2025-08-29,2025-09-05 06:19:59,0
2025-08-29 8:07:27,Long Calls,,Accenture Ltd.,ACN,11.26,255,2025-09-25 0:00:00,1,2025-06-20 6:39:00,2025-08-14 12:39:01,256.17,2025-08-28 0:00:00,4,207,34,11.3,11.8,2025-09-26 0:00:00,,0.0722,3633155.513,"[""0.021098"",""0.021176"",null,""0.021176"",null,null]",2025-09-02,"[""0.021098"",""0.021176"",""0.000000"",""0.000000"",""-0.000765"",""-0.001176""]","[""0.000000"",""0.011829"",""0.014431"",""0.027882"",""0.014431"",""0.027882""]",260.38,260.4,254.8,254.95,254.15,252.94,,1.79,,"[""73.80"",""56.71"",""39.25"",""69.64"",""64.05"",""46.82""]","[""259.82"",""259.69"",""255.33"",""254.20"",""253.82"",""253.04""]","[""259.52"",""259.52"",""255.27"",""253.69"",""253.61"",""253.27""]","[""259.96"",""259.62"",""254.92"",""254.52"",""253.93"",""252.79""]","[""259.80"",""259.61"",""255.19"",""254.24"",""253.83"",""252.96""]","[""259.00"",""259.13"",""256.28"",""254.30"",""252.96"",""252.10""]","[""3.10"",""0.70"",""0.23"",""0.55"",""0.00"",""0.00""]","[""0.1775"",""0.5097"",""0.4465"",""0.1728"",""0.1951"",""0.1507""]","[""0.22"",""0.18"",""-0.32"",""0.17"",""0.13"",""-0.04""]","[""0.53"",""0.39"",""-0.69"",""0.14"",""0.47"",""0.33""]",Accenture Plc,252.94,0,,,398.35,236.67,546,2670597,157544338164,20.13,1.3,28.42310168,0.0002044486682,-1.625700062,2.181465622,,21,70,,,FALSE,2025-08-29,2025-09-05 06:19:59,0
2025-08-29 8:07:27,Long Calls,,Costco Wholesale Corp.,COST,31.8,940,2025-09-25 0:00:00,3,2025-05-29 16:15:00,2025-08-14 12:38:32,944.96,2025-08-28 0:00:00,5,41,19,30.6,31.65,2025-09-26 0:00:00,,0.0322,2116423.424,"[""0.005340"",""0.004801"",""0.010734"",""0.020745"",""0.010734"",""0.020745""]",2025-09-04,"[""0.005340"",""0.004801"",""0.010734"",""0.020745"",""0.010734"",""0.020745""]","[""0.000000"",""0.003638"",""0.003223"",""0.000000"",""0.003223"",""-0.011819""]",945.02,944.51,950.09,941.86,939.67,955.9,,1.47,,"[""70.32"",""33.51"",""72.22"",""53.33"",""59.08"",""71.87""]","[""944.33"",""942.78"",""948.66"",""958.07"",""938.11"",""954.87""]","[""944.03"",""943.57"",""947.44"",""958.29"",null,""954.39""]","[""944.71"",""942.18"",""949.12"",""957.96"",""938.61"",""955.39""]","[""944.42"",""942.66"",""948.62"",""958.02"",""938.44"",""954.93""]","[""942.60"",""942.57"",""941.96"",""944.00"",""938.08"",""955.97""]","[""1.21"",""1.04"",""5.06"",""8.93"",""0.89"",""0.00""]","[""0.1767"",""1.1309"",""0.5114"",""0.4533"",""0.8360"",""0.4017""]","[""0.07"",""-0.24"",""0.15"",""0.02"",""0.17"",""0.11""]","[""0.26"",""-0.22"",""0.86"",""1.51"",""0.17"",""-0.01""]",Costco Wholesale Corp,955.9,0,,,1078.23,867.16,7010,2145629,423919770717,54.22,0.97,16.95315417,0.003267107221,0.671918443,-1.307095069,,21,70,,,FALSE,2025-08-29,2025-09-05 06:19:59,0
2025-08-30 8:07:29,Long Calls,,"Zscaler, Inc.",ZS,15.4,275,2025-09-02 0:00:00,3,2025-05-29 16:05:00,2025-08-07 8:12:56,277.05,2025-08-29 0:00:00,5,66,140,14.1,15.75,2025-09-05 0:00:00,0.1067,0.09,2179739.706,"[""0.021745"",null,""0.021745"",null,null]",2025-09-02,"[""0.021745"",""0.000000"",""0.000000"",""-0.001818"",""-0.018182""]","[""0.023491"",""0.053091"",""0.044000"",""0.053091"",""0.044000""]",280.98,274.5,274.33,270.58,268.25,,,0.93,"[{""o"":""279.71"",""h"":""280.98"",""l"":""268.54"",""c"":""274.67"",""v"":0,""src"":""BACKFILL""},{""o"":""271.58"",""h"":""274.50"",""l"":""260.40"",""c"":""270.50"",""v"":0,""src"":""BACKFILL""},{""o"":""269.87"",""h"":""270.00"",""l"":""262.90"",""c"":""268.25"",""v"":0,""src"":""BACKFILL""}]","[null,""57.91"",""23.58"",""53.90"",""57.27""]","[null,""273.52"",""270.19"",""270.36"",""267.93""]","[null,""273.01"",""270.15"",""270.21"",""267.78""]","[null,""273.90"",""269.95"",""270.61"",""268.15""]","[null,""273.59"",""270.15"",""270.45"",""267.96""]","[""279.05"",""269.70"",""269.74"",""267.76"",""267.23""]","[""1.00"",""1.03"",""2.09"",""0.00"",""0.00""]","[null,""0.4669"",""0.5453"",""0.3189"",""0.2472""]","[null,""0.17"",""-1.09"",""0.08"",""0.12""]","[""-0.18"",""1.59"",""-0.92"",""1.05"",""0.38""]",Zscaler Inc,268.25,0,,,318.46,153.45,4797,805931,41765344700,,1.05,27.62465221,0.005952122452,-1.765115172,-7.282593668,,0,40,,,FALSE,,2025-09-05 06:19:59,0
2025-08-30 8:07:29,Long Calls,,"Dollar Tree, Inc.",DLTR,4.35,109,2025-09-03 0:00:00,1,2025-06-04 6:30:00,2025-08-13 16:10:06,109.17,2025-08-29 0:00:00,5,6,44,4.25,4.45,2025-09-05 0:00:00,0.0792,0.091,3651966.302,"[""0.028716"",null,""0.028716"",null,null]",2025-09-02,"[""0.028716"",""0.000000"",""0.000000"",""-0.043303"",""-0.065596""]","[""0.008807"",""0.100917"",""0.094266"",""0.100917"",""0.094266""]",112.13,104.28,109.11,102.03,100.25,,,3.26,"[{""o"":""108.90"",""h"":""112.13"",""l"":""108.04"",""c"":""111.36"",""v"":0,""src"":""BACKFILL""},{""o"":""101.33"",""h"":""104.28"",""l"":""98.00"",""c"":""102.03"",""v"":0,""src"":""BACKFILL""},{""o"":""101.68"",""h"":""101.85"",""l"":""98.72"",""c"":""100.25"",""v"":0,""src"":""BACKFILL""}]","[""85.15"",""69.13"",""34.56"",""60.27"",""76.99""]","[""111.73"",""103.33"",""101.63"",""101.70"",""99.76""]","[""111.39"",""103.10"",""101.35"",""101.38"",""99.29""]","[""111.92"",""103.82"",""101.68"",""101.95"",""100.09""]","[""111.74"",""103.51"",""101.63"",""101.76"",""99.80""]","[""110.56"",""104.57"",""103.83"",""101.91"",""99.53""]","[""0.83"",""2.42"",""1.54"",""0.00"",""0.00""]","[""0.0974"",""0.2430"",""0.3302"",""0.2081"",""0.1266""]","[""0.31"",""0.73"",""-0.93"",""0.32"",""0.49""]","[""1.38"",""-0.47"",""-3.02"",""0.12"",""0.72""]",Dollar Tree Inc,100.25,0,,,118.06,60.49,5410,2914995,20921743925,,0.89,29.91347179,0.001855920851,-11.17313486,-13.85236745,,0,40,,,FALSE,,2025-09-05 06:19:59,0
2025-08-30 8:07:29,Long Calls,,Credo Technology Group Holding Ltd,CRDO,10.3,123,2025-09-03 0:00:00,3,2025-06-02 16:05:00,2025-08-13 9:17:53,123.055,2025-08-29 0:00:00,5,47,159,10.3,10.7,2025-09-05 0:00:00,0.1772,0.1987,4767607.942,"[""0.012920"",""0.034797"",""0.147073"",""0.034797"",""0.147073""]",2025-09-04,"[""0.012920"",""0.034797"",""0.147073"",""0.034797"",""0.147073""]","[""0.055610"",""0.007317"",""0.000000"",""0.007317"",""-0.079106""]",124.59,127.28,122.94,123.68,134,,,0.23,"[{""o"":""117.94"",""h"":""124.59"",""l"":""116.16"",""c"":""124.31"",""v"":0,""src"":""BACKFILL""},{""o"":""125.00"",""h"":""127.28"",""l"":""122.10"",""c"":""124.96"",""v"":0,""src"":""BACKFILL""},{""o"":""137.99"",""h"":""141.09"",""l"":""132.73"",""c"":""134.00"",""v"":0,""src"":""BACKFILL""}]","[""62.79"",""61.45"",""74.78"",null,""45.65""]","[""124.22"",""125.57"",""135.31"",null,""134.05""]","[""124.29"",""124.98"",""129.11"",null,""134.52""]","[""124.29"",""126.25"",""138.59"",null,""133.99""]","[""124.25"",""125.77"",""135.53"",null,""134.12""]","[""121.46"",""122.41"",""126.51"",""123.74"",""136.61""]","[""2.05"",""2.06"",""0.89"",""2.00"",""0.00""]","[""0.1729"",""0.7332"",""1.8476"",null,""0.3165""]","[""0.27"",""1.14"",""4.07"",null,""-0.04""]","[""2.54"",""3.75"",""11.31"",""-0.05"",""-1.91""]",Credo Technology Group Holding Ltd,134,0,,,141.09,24.08,148002,3461832,23178435600,197.41,2.59,69.99327098,0.04275250792,9.182758902,14.19805693,,0,40,,,FALSE,,2025-09-05 06:19:59,0
2025-08-30 8:07:29,Long Calls,,Salesforce,CRM,11.1,255,2025-09-03 0:00:00,3,2025-05-28 16:02:00,2025-08-07 16:33:58,256.25,2025-08-29 0:00:00,5,705,732,10.85,11.1,2025-09-05 0:00:00,0.0811,0.0697,7376069.302,"[""NO_DATA"",""0.011765"",null,""0.011765"",null]",2025-09-03,"[""0.000000"",""0.011765"",""0.000000"",""0.011765"",""-0.038353""]","[""0.024510"",""0.017471"",""0.079922"",""0.017471"",""0.079922""]",254.99,258,252.86,255.52,244.01,,,0.48,"[{""o"":""254.82"",""h"":""254.99"",""l"":""248.75"",""c"":""252.93"",""v"":0,""src"":""BACKFILL""},{""o"":""255.06"",""h"":""258.00"",""l"":""250.54"",""c"":""256.41"",""v"":0,""src"":""BACKFILL""},{""o"":""240.06"",""h"":""245.22"",""l"":""234.62"",""c"":""244.01"",""v"":0,""src"":""BACKFILL""}]","[null,""65.48"",""80.35"",null,""52.84""]","[null,""256.71"",""243.58"",null,""243.81""]","[null,""256.03"",""243.44"",null,""243.81""]","[null,""257.23"",""244.10"",null,""244.05""]","[null,""256.80"",""243.76"",null,""243.92""]","[""253.99"",""253.37"",""246.15"",null,""240.60""]","[""1.00"",""2.67"",""3.60"",""NaN"",""0.00""]","[null,""0.3754"",""0.2983"",null,""0.3595""]","[null,""0.23"",""0.59"",null,""0.08""]","[""-0.20"",""1.55"",""-0.46"",null,""1.42""]",Salesforce Inc,244.01,0,,,369,226.48,114713,5646824,233273554748,35.41,1.22,30.63155904,0.02031460517,-2.458426607,-2.070875306,,0,40,,,FALSE,,2025-09-05 06:19:59,0
2025-08-30 8:07:29,Long Calls,,Broadcom Inc.,AVGO,11.75,295,2025-09-04 0:00:00,3,2025-06-05 16:15:00,2025-08-04 8:05:55,297.39,2025-08-29 0:00:00,4,899,2229,11.85,12.05,2025-09-05 0:00:00,0.072,0.1128,20246096.76,"[""0.012373"",""0.032034"",""0.046712"",""0.032034"",""0.046712""]",2025-09-04,"[""0.012373"",""0.032034"",""0.046712"",""0.032034"",""0.046712""]","[""0.026746"",""0.000000"",""0.000000"",""-0.004746"",""-0.024577""]",298.65,304.45,295.12,302.39,306.1,,,0.46,"[{""o"":""287.55"",""h"":""298.65"",""l"":""287.11"",""c"":""298.27"",""v"":0,""src"":""BACKFILL""},{""o"":""302.29"",""h"":""304.45"",""l"":""296.40"",""c"":""302.39"",""v"":0,""src"":""BACKFILL""},{""o"":""305.50"",""h"":""308.78"",""l"":""302.25"",""c"":""306.10"",""v"":0,""src"":""BACKFILL""}]","[""61.11"",""62.85"",""90.62"",""69.14"",""48.25""]","[""298.16"",""303.55"",""302.46"",""301.95"",""306.16""]","[""297.77"",""302.49"",""301.13"",""300.91"",""306.24""]","[""298.28"",""303.46"",""303.81"",""302.21"",""306.20""]","[""298.13"",""303.27"",""302.66"",""301.86"",""306.19""]","[""294.38"",""296.55"",""298.32"",""301.33"",""305.61""]","[""2.27"",""2.78"",""2.05"",""0.00"",""0.00""]","[""0.2778"",""0.6030"",""0.7612"",""0.2720"",""0.3935""]","[""0.09"",""0.25"",""1.46"",""0.14"",""-0.02""]","[""1.38"",""2.61"",""2.86"",""0.35"",""0.16""]",Broadcom Inc,306.1,0,,,317.35,134.9,5244793,14946309,1439732807907,78.2,0.95,29.22833285,0.35090891,1.948376353,1.468492061,,0,40,,,FALSE,,2025-09-05 06:19:59,0
2025-08-30 8:07:29,Long Calls,,"UiPath, Inc.",PATH,0.76,11,2025-09-04 0:00:00,3,2025-05-29 16:10:00,2025-08-07 16:39:24,11.12,2025-08-29 0:00:00,5,475,523,0.72,0.76,2025-09-05 0:00:00,0.1277,0.1108,11191020.32,"[""0.006364"",""0.003636"",""0.006364"",""0.003636"",null]",2025-09-03,"[""0.006364"",""0.003636"",""0.000000"",""0.003636"",""-0.005909""]","[""0.021818"",""0.020000"",""0.047273"",""0.020000"",""0.047273""]",11.07,11.04,11.01,11,10.85,,,0.29,"[{""o"":""10.94"",""h"":""11.07"",""l"":""10.76"",""c"":""10.91"",""v"":0,""src"":""BACKFILL""},{""o"":""10.93"",""h"":""11.04"",""l"":""10.78"",""c"":""10.88"",""v"":0,""src"":""BACKFILL""},{""o"":""10.93"",""h"":""10.94"",""l"":""10.48"",""c"":""10.85"",""v"":0,""src"":""BACKFILL""}]","[""67.49"",""61.19"",""61.71"",null,""52.98""]","[""10.97"",""10.98"",""10.89"",null,""10.84""]","[null,""10.95"",""10.86"",null,""10.83""]","[""11.01"",""11.01"",""10.90"",null,""10.85""]","[""10.98"",""10.98"",""10.89"",null,""10.84""]","[""10.94"",""10.89"",""10.80"",null,""10.77""]","[""0.90"",""0.84"",""0.92"",""NaN"",""0.00""]","[""0.0370"",""0.0269"",""0.0213"",null,""0.0273""]","[""0.83"",""0.43"",""0.29"",null,""0.10""]","[""1.11"",""1.21"",""1.13"",null,""0.78""]",UiPath Inc,10.85,0,,,15.93,9.38,1194744,6558036,5805171184,,1.02,32.97197202,0.1821801527,-2.603231598,-3.297682709,,0,40,,,FALSE,,2025-09-05 06:19:59,0
2025-08-30 8:07:29,Long Calls,,Planet Labs PBC ,PL,0.7,7,2025-09-08 0:00:00,1,2004-11-02 7:00:10,2025-08-07 9:40:58,7.09,2025-08-29 0:00:00,5,910,165,0.7,0.8,2025-09-12 0:00:00,0.1199,0.192,7802082.539,"[""NO_DATA"",null,null,null,null]",,"[""0.000000"",""0.000000"",""0.000000"",""-0.034286"",""-0.064286""]","[""0.084286"",""0.081429"",""0.101429"",""0.081429"",""0.101429""]",6.79,6.76,6.65,6.44,6.46,,,-0.36,"[{""o"":""6.76"",""h"":""6.79"",""l"":""6.41"",""c"":""6.64"",""v"":0,""src"":""BACKFILL""},{""o"":""6.76"",""h"":""6.76"",""l"":""6.43"",""c"":""6.44"",""v"":0,""src"":""BACKFILL""},{""o"":""6.55"",""h"":""6.55"",""l"":""6.29"",""c"":""6.46"",""v"":0,""src"":""BACKFILL""}]","[null,""77.21"",""17.83"",""30.14"",""44.72""]","[null,""6.63"",""6.46"",""6.47"",""6.46""]","[null,""6.63"",""6.48"",""6.48"",""6.48""]","[null,""6.65"",""6.45"",""6.46"",""6.46""]","[null,""6.64"",""6.46"",""6.47"",""6.46""]","[""6.70"",""6.60"",""6.60"",""6.60"",""6.42""]","[""1.00"",""3.48"",""4.72"",""0.00"",""0.00""]","[null,""0.0203"",""0.0259"",""0.0116"",""0.0112""]","[null,""1.05"",""-1.31"",""-0.43"",""-0.02""]","[""-0.64"",""1.38"",""-3.33"",""-2.46"",""0.66""]",Planet Labs PBC,6.46,0,,,7.72,1.76,111217,3640587,1960163625,,1.81,46.21679752,0.0305491944,-8.757062147,2.215189873,,7,54,,,FALSE,,2025-09-05 06:19:59,0
2025-08-30 8:07:29,Long Calls,,Oracle Corp.,ORCL,12.1,225,2025-09-08 0:00:00,3,2025-06-11 16:05:00,,226.13,2025-08-29 0:00:00,5,98,391,11.9,12.35,2025-09-12 0:00:00,,0.0993,11876500.26,"[""0.002000"",""0.004000"",""0.002000"",""0.004000"",null]",2025-09-03,"[""0.002000"",""0.004000"",""0.000000"",""0.004000"",""-0.006356""]","[""0.027600"",""0.014444"",""0.024177"",""0.014444"",""0.024177""]",225.45,225.9,224.93,224.21,223,,,0.07,"[{""o"":""222.00"",""h"":""225.45"",""l"":""218.79"",""c"":""225.30"",""v"":0,""src"":""BACKFILL""},{""o"":""225.90"",""h"":""225.90"",""l"":""221.75"",""c"":""223.46"",""v"":0,""src"":""BACKFILL""},{""o"":""222.00"",""h"":""223.57"",""l"":""219.56"",""c"":""223.00"",""v"":0,""src"":""BACKFILL""}]","[""57.01"",""41.90"",""71.46"",null,""60.10""]","[""224.88"",""224.67"",""222.84"",null,""222.63""]","[""224.42"",""224.32"",""222.48"",null,""222.66""]","[""225.04"",""224.80"",""223.30"",null,""222.74""]","[""224.85"",""224.65"",""222.97"",null,""222.64""]","[""222.72"",""223.48"",""222.93"",null,""221.97""]","[""0.72"",""2.93"",""1.12"",""NaN"",""0.00""]","[""0.2772"",""0.3508"",""0.1646"",null,""0.2259""]","[""0.07"",""-0.21"",""0.28"",null,""0.16""]","[""1.04"",""0.33"",""0.24"",null,""0.47""]",Oracle Corp,223,0,,,260.87,118.86,186130,7403128,626369759000,51.36,1.46,34.33728032,0.02514207508,-5.432339595,-13.03669617,,7,54,,,FALSE,,2025-09-05 06:19:59,0
2025-08-30 8:07:29,Long Calls,,"Casey’s General Stores, Inc.",CASY,36,470,2025-09-08 0:00:00,3,2025-06-09 16:30:00,2025-08-18 17:35:44,494.52,2025-08-29 0:00:00,5,2,2,32.6,35.4,2025-09-19 0:00:00,0.0469,0.0729,368162.7616,"[""0.061213"",""0.066298"",""0.067511"",""0.066298"",""0.067511""]",2025-09-04,"[""0.061213"",""0.066298"",""0.067511"",""0.066298"",""0.067511""]","[""0.000000"",""0.000000"",""0.000000"",""-0.050426"",""-0.052436""]",498.77,501.16,497.98,499.6,498.18,,,,"[{""o"":""490.89"",""h"":""498.77"",""l"":""490.50"",""c"":""498.36"",""v"":0,""src"":""BACKFILL""},{""o"":""497.57"",""h"":""501.16"",""l"":""493.70"",""c"":""500.05"",""v"":0,""src"":""BACKFILL""},{""o"":""501.73"",""h"":""501.73"",""l"":""494.64"",""c"":""498.18"",""v"":0,""src"":""BACKFILL""}]","[""83.61"",""66.37"",""74.69"",""58.47"",""68.60""]","[""496.91"",""498.83"",""498.73"",""498.62"",""496.26""]","[""495.99"",""497.87"",""498.76"",""498.72"",""496.01""]","[""497.94"",""500.08"",""499.79"",""499.36"",""497.53""]","[""497.16"",""499.16"",""499.14"",""498.95"",""496.72""]","[""495.45"",""496.29"",""497.03"",""498.67"",""496.91""]","[""1.29"",""3.23"",""0.77"",""0.00"",""0.00""]","[""0.3997"",""0.7204"",""0.5926"",""0.5624"",""0.3849""]","[""0.37"",""0.47"",""0.60"",""0.20"",""0.39""]","[""0.67"",""0.98"",""0.95"",""0.19"",""0.26""]",Caseys General Stores Inc,498.18,0,,,531.24,362.42,72,184603,18522820344,34.04,0.66,11.80685994,0.0003900261643,-0.0220754982,-4.46988437,,14,68,,,FALSE,,2025-09-05 06:19:59,0
2025-08-30 8:07:29,Long Calls,,"SailPoint, Inc.",SAIL,1.8,20,2025-09-09 0:00:00,1,2025-06-11 7:00:00,2025-08-12 9:34:18,20.64,2025-08-29 0:00:00,5,995,2,1.85,2,2025-09-19 0:00:00,0.1248,0.0792,,"[""0.073500"",""0.060000"",""0.060500"",""0.060000"",""0.060500""]",2025-09-04,"[""0.073500"",""0.060000"",""0.060500"",""0.060000"",""0.060500""]","[""0.000000"",""0.000000"",""0.000000"",""-0.029500"",""-0.027000""]",21.47,21.2,20.98,21.03,21.06,,,,"[{""o"":""20.91"",""h"":""21.47"",""l"":""20.58"",""c"":""20.98"",""v"":0,""src"":""BACKFILL""},{""o"":""21.17"",""h"":""21.20"",""l"":""20.59"",""c"":""21.04"",""v"":0,""src"":""BACKFILL""},{""o"":""20.94"",""h"":""21.21"",""l"":""20.54"",""c"":""21.06"",""v"":0,""src"":""BACKFILL""}]","[""67.01"",""35.46"",""70.68"",""71.18"",""35.63""]","[""21.37"",""21.08"",""21.13"",""20.94"",""21.13""]","[""21.34"",""21.13"",""21.11"",""20.89"",""21.12""]","[""21.40"",""21.05"",""21.16"",""21.00"",""21.09""]","[""21.38"",""21.08"",""21.14"",""20.96"",""21.11""]","[""21.16"",""21.13"",""20.98"",""20.83"",""20.95""]","[""0.42"",""1.77"",""1.64"",""0.00"",""0.00""]","[""0.0418"",""0.0447"",""0.0202"",""0.0278"",""0.0294""]","[""0.47"",""-0.33"",""0.39"",""0.41"",""-0.32""]","[""1.48"",""-0.59"",""1.09"",""0.98"",""0.55""]",Sailpoint Inc,21.06,0,,,26.35,15.05,1050,1532850,11721755618,,,49.48483952,0.0006849985321,3.387334315,4.051383399,,14,68,,,FALSE,,2025-09-05 06:19:59,0
2025-08-30 8:07:29,Long Calls,,"AeroVironment, Inc",AVAV,16.24,240,2025-09-09 0:00:00,3,2025-06-24 16:05:00,2025-08-28 10:13:22,241.35,2025-08-29 0:00:00,5,73,3,15.6,16.3,2025-09-12 0:00:00,0.0694,0.138,1135768.952,"[""0.004333"",""0.020917"",""0.004333"",""0.020917"",null]",2025-09-03,"[""0.004333"",""0.020917"",""0.000000"",""0.020917"",""-0.007733""]","[""0.033333"",""0.010417"",""0.078958"",""0.010417"",""0.078958""]",241.04,245.02,239.79,239.96,226.76,,,0.13,"[{""o"":""239.50"",""h"":""241.04"",""l"":""232.00"",""c"":""240.00"",""v"":0,""src"":""BACKFILL""},{""o"":""242.63"",""h"":""245.02"",""l"":""237.50"",""c"":""238.24"",""v"":0,""src"":""BACKFILL""},{""o"":""237.58"",""h"":""238.14"",""l"":""221.05"",""c"":""226.76"",""v"":0,""src"":""BACKFILL""}]","[""63.71"",""59.64"",""23.73"",""34.34"",""72.01""]","[""240.74"",""243.71"",""238.08"",""240.38"",""225.44""]","[""240.29"",""242.46"",""238.04"",""241.48"",""225.17""]","[""240.85"",""244.24"",""237.86"",""240.07"",""226.28""]","[""240.72"",""243.69"",""238.02"",""240.45"",""225.73""]","[""237.61"",""239.01"",""239.30"",""242.71"",""226.68""]","[""1.56"",""0.88"",""3.43"",""2.86"",""0.00""]","[""0.1482"",""0.5600"",""0.3973"",""0.2036"",""0.3313""]","[""0.13"",""0.32"",""-0.85"",""-0.17"",""0.59""]","[""1.44"",""2.29"",""-1.35"",""-1.13"",""0.03""]","AeroVironment, Inc.",226.76,0,,,295.9,102.25,15043,514270,11322636735,146.46,1.02,32.53994841,0.02925117156,-8.368691154,-13.81223869,,7,54,,,FALSE,,2025-09-05 06:19:59,0
2025-08-30 8:07:29,Long Calls,,Kroger Co.,KR,2.26,67.5,2025-09-11 0:00:00,1,2025-06-20 8:00:00,2025-08-28 8:00:52,67.84,2025-08-29 0:00:00,5,637,88,2.41,2.49,2025-09-19 0:00:00,0.0397,0.0559,7233349.742,"[""0.021926"",""0.016000"",""0.018148"",""0.016000"",""0.018148""]",2025-09-04,"[""0.021926"",""0.016000"",""0.018148"",""0.016000"",""0.018148""]","[""0.000000"",""0.004889"",""0.000000"",""0.004889"",""-0.003407""]",68.98,68.58,68.64,67.41,67.84,,,4.48,"[{""o"":""68.14"",""h"":""68.98"",""l"":""68.03"",""c"":""68.65"",""v"":0,""src"":""BACKFILL""},{""o"":""68.35"",""h"":""68.58"",""l"":""67.17"",""c"":""68.20"",""v"":0,""src"":""BACKFILL""},{""o"":""68.46"",""h"":""68.72"",""l"":""67.73"",""c"":""67.84"",""v"":0,""src"":""BACKFILL""}]","[null,""52.43"",""66.68"",""15.02"",""42.53""]","[null,""68.48"",""68.46"",null,""67.92""]","[null,""68.44"",""68.17"",null,""67.87""]","[null,""68.52"",""68.58"",""67.84"",""67.90""]","[null,""68.49"",""68.46"",null,""67.91""]","[""68.46"",""68.51"",""68.10"",""68.01"",""68.10""]","[""0.48"",""0.26"",""0.51"",""1.71"",""0.00""]","[null,""0.0832"",""0.1022"",""0.1450"",""0.0508""]","[null,""0.06"",""0.31"",null,""-0.12""]","[""0.59"",""0.01"",""0.84"",""-0.88"",""-0.38""]",Kroger Co,67.84,0,,,74.9,50.69,4863,5222304,44852807050,18.44,0.59,24.04186119,0.0009311981838,-0.2059429244,-7.98860708,,14,68,,,FALSE,,2025-09-05 06:19:59,0
2025-08-30 8:07:29,Long Calls,,Adobe Inc.,ADBE,18.5,355,2025-09-11 0:00:00,3,2025-06-12 16:05:00,2025-08-21 8:54:37,356.7,2025-08-29 0:00:00,5,123,80,18.35,19.4,2025-09-12 0:00:00,0.0526,0.1159,3797129.364,"[""NO_DATA"",null,null,null,null]",,"[""0.000000"",""0.000000"",""0.000000"",""-0.018282"",""-0.029845""]","[""0.038648"",""0.032730"",""0.062939"",""0.032730"",""0.062939""]",352.71,348.51,345.63,348.5,344.31,,,-0.17,"[{""o"":""350.00"",""h"":""352.71"",""l"":""341.28"",""c"":""345.65"",""v"":0,""src"":""BACKFILL""},{""o"":""345.82"",""h"":""348.51"",""l"":""343.38"",""c"":""348.50"",""v"":0,""src"":""BACKFILL""},{""o"":""342.10"",""h"":""344.40"",""l"":""332.66"",""c"":""344.31"",""v"":0,""src"":""BACKFILL""}]","[null,""74.51"",""69.50"",""74.51"",""69.63""]","[null,""347.25"",""343.33"",""347.37"",""343.37""]","[null,""346.61"",""343.06"",""346.66"",""343.09""]","[null,""347.88"",""343.81"",""348.00"",""343.91""]","[null,""347.38"",""343.46"",""347.48"",""343.54""]","[""350.42"",""345.63"",""343.39"",""346.17"",""340.05""]","[""0.28"",""4.63"",""3.66"",""0.00"",""0.00""]","[null,""0.3160"",""0.2870"",""0.2934"",""0.2672""]","[null,""0.36"",""0.28"",""0.33"",""0.27""]","[""0.47"",""0.83"",""0.26"",""0.67"",""1.25""]",Adobe Inc,344.31,0,,,587.75,330.04,18985,2363230,146056300964,22.03,1.48,26.90587831,0.008033496528,-3.378700716,-0.3790289914,,7,54,,,FALSE,,2025-09-05 06:19:59,0
2025-08-30 8:07:29,Long Calls,,Ferguson plc,FERG,9.5,230,2025-09-16 0:00:00,1,2025-06-03 6:45:00,2025-08-18 0:00:00,231.15,2025-08-29 0:00:00,5,112,4,8.2,9.3,2025-09-19 0:00:00,,0.0947,1441302.875,"[""NO_DATA"",""0.004913"",""0.035696"",""0.004913"",""0.035696""]",2025-09-04,"[""0.000000"",""0.004913"",""0.035696"",""0.004913"",""0.035696""]","[""0.018696"",""0.004478"",""0.000000"",""0.004478"",""-0.000609""]",229.8,231.13,229.69,229.94,238.17,,,-0.05,"[{""o"":""226.37"",""h"":""229.80"",""l"":""225.70"",""c"":""229.61"",""v"":0,""src"":""BACKFILL""},{""o"":""230.53"",""h"":""231.13"",""l"":""228.97"",""c"":""229.82"",""v"":0,""src"":""BACKFILL""},{""o"":""230.85"",""h"":""238.21"",""l"":""230.14"",""c"":""238.17"",""v"":0,""src"":""BACKFILL""}]","[""61.67"",""75.78"",""76.97"",""40.51"",""78.34""]","[""229.38"",""230.21"",""237.22"",""230.47"",""237.30""]","[""229.24"",""229.67"",""236.87"",null,""236.90""]","[""229.52"",""230.66"",""237.65"",""230.11"",""237.76""]","[""229.41"",""230.29"",""237.32"",""230.31"",""237.40""]","[""228.44"",""228.67"",""232.44"",""230.58"",""235.86""]","[""7.16"",""0.06"",""4.55"",""1.52"",""0.00""]","[""0.1431"",""0.2076"",""0.2195"",""0.2001"",""0.2109""]","[""0.12"",""0.40"",""0.36"",""-0.23"",""0.37""]","[""0.53"",""1.08"",""2.42"",""-0.28"",""0.98""]",Ferguson Enterprises Inc,238.17,0,,,238.21,146,379,770999,38448895690,29.73,1.12,18.49624897,0.000491570028,1.297209935,6.850605653,,14,68,,,FALSE,,2025-09-05 06:19:59,0
2025-08-30 8:07:29,Long Calls,,"Micron Technology, Inc.",MU,8,119,2025-09-23 0:00:00,3,2025-06-25 16:01:00,2025-08-28 16:15:07,119.01,2025-08-29 0:00:00,5,145,46,7.2,7.95,2025-09-26 0:00:00,,0.102,20782723.97,"[""NO_DATA"",""0.003697"",""0.045462"",""0.003697"",""0.045462""]",2025-09-04,"[""0.000000"",""0.003697"",""0.045462"",""0.003697"",""0.045462""]","[""0.039832"",""0.014328"",""0.004034"",""0.014328"",""0.004034""]",118.56,119.44,118.48,118.6,119.06,,,-0.09,"[{""o"":""115.85"",""h"":""118.56"",""l"":""114.26"",""c"":""118.49"",""v"":0,""src"":""BACKFILL""},{""o"":""119.28"",""h"":""119.44"",""l"":""117.29"",""c"":""118.71"",""v"":0,""src"":""BACKFILL""},{""o"":""118.85"",""h"":""124.41"",""l"":""118.52"",""c"":""124.21"",""v"":0,""src"":""BACKFILL""}]","[""71.51"",""69.06"",""75.37"",null,null]","[""118.31"",""118.69"",""123.78"",null,null]","[""118.14"",""118.40"",""123.56"",null,null]","[""118.41"",""118.90"",""124.01"",null,null]","[""118.31"",""118.71"",""123.82"",null,null]","[""116.45"",""116.72"",""119.14"",null,null]","[""2.36"",""1.09"",""3.33"",""NaN"",""NaN""]","[""0.1038"",""0.2820"",""0.1461"",null,null]","[""0.18"",""0.59"",""0.43"",null,null]","[""1.78"",""2.28"",""4.34"",null,null]",Micron Technology Inc,124.21,0,,,129.85,61.54,505113,13174938,139006391015,22.52,1.47,43.21932328,0.03833892805,5.486199575,14.18459276,,21,70,,,FALSE,,2025-09-05 06:19:59,0
2025-08-30 8:07:29,Long Calls,,Accenture Ltd.,ACN,13.3,255,2025-09-25 0:00:00,1,2025-06-20 6:39:00,2025-08-14 12:39:01,259.97,2025-08-29 0:00:00,4,213,10,13.3,14,2025-09-26 0:00:00,,0.0722,3636579.69,"[""0.021176"",null,""0.021176"",null,null]",2025-09-02,"[""0.021176"",""0.000000"",""0.000000"",""-0.000765"",""-0.001176""]","[""0.011829"",""0.014431"",""0.027882"",""0.014431"",""0.027882""]",260.4,254.8,254.95,254.15,252.94,,,1.79,"[{""o"":""257.85"",""h"":""260.40"",""l"":""251.98"",""c"":""256.13"",""v"":0,""src"":""BACKFILL""},{""o"":""253.21"",""h"":""254.80"",""l"":""251.32"",""c"":""253.90"",""v"":0,""src"":""BACKFILL""},{""o"":""253.27"",""h"":""254.70"",""l"":""247.89"",""c"":""252.94"",""v"":0,""src"":""BACKFILL""}]","[null,""39.25"",""69.64"",""64.05"",""46.82""]","[null,""255.33"",""254.20"",""253.82"",""253.04""]","[null,""255.27"",""253.69"",""253.61"",""253.27""]","[null,""254.92"",""254.52"",""253.93"",""252.79""]","[null,""255.19"",""254.24"",""253.83"",""252.96""]","[""258.62"",""255.11"",""253.43"",""252.96"",""252.10""]","[""0.77"",""0.23"",""0.55"",""0.00"",""0.00""]","[null,""0.4465"",""0.1728"",""0.1951"",""0.1507""]","[null,""-0.32"",""0.17"",""0.13"",""-0.04""]","[""0.59"",""-0.24"",""0.48"",""0.47"",""0.33""]",Accenture Plc,252.94,0,,,398.35,236.67,546,2670597,157544338164,20.13,1.3,28.42310168,0.0002044486682,-1.625700062,2.181465622,,21,70,,,FALSE,,2025-09-05 06:19:59,0
2025-08-30 8:07:29,Long Calls,,Costco Wholesale Corp.,COST,28.5,940,2025-09-25 0:00:00,3,2025-05-29 16:15:00,2025-08-14 12:38:32,943.32,2025-08-29 0:00:00,5,43,3,28.9,30.2,2025-09-26 0:00:00,,0.0322,2110372.556,"[""0.004801"",""0.010734"",""0.020745"",""0.010734"",""0.020745""]",2025-09-04,"[""0.004801"",""0.010734"",""0.020745"",""0.010734"",""0.020745""]","[""0.003638"",""0.003223"",""0.000000"",""0.003223"",""-0.011819""]",944.51,950.09,941.86,939.67,955.9,,,1.32,"[{""o"":""940.49"",""h"":""944.51"",""l"":""936.58"",""c"":""939.03"",""v"":0,""src"":""BACKFILL""},{""o"":""939.45"",""h"":""950.09"",""l"":""936.97"",""c"":""950.09"",""v"":0,""src"":""BACKFILL""},{""o"":""953.40"",""h"":""959.50"",""l"":""951.11"",""c"":""955.90"",""v"":0,""src"":""BACKFILL""}]","[null,""72.22"",""53.33"",""59.08"",""71.87""]","[null,""948.66"",""958.07"",""938.11"",""954.87""]","[null,""947.44"",""958.29"",null,""954.39""]","[null,""949.12"",""957.96"",""938.61"",""955.39""]","[null,""948.62"",""958.02"",""938.44"",""954.93""]","[""941.40"",""941.75"",""944.28"",""938.08"",""955.97""]","[""0.49"",""5.06"",""8.93"",""0.89"",""0.00""]","[null,""0.5114"",""0.4533"",""0.8360"",""0.4017""]","[null,""0.15"",""0.02"",""0.17"",""0.11""]","[""-0.09"",""0.89"",""1.48"",""0.17"",""-0.01""]",Costco Wholesale Corp,955.9,0,,,1078.23,867.16,7010,2145629,423919770717,54.22,0.97,16.95315417,0.003267107221,0.671918443,-1.307095069,,21,70,,,FALSE,,2025-09-05 06:19:59,0
2025-08-31 8:07:32,Long Calls,,"Zscaler, Inc.",ZS,15.4,275,2025-09-02 0:00:00,3,2025-05-29 16:05:00,2025-08-07 8:12:56,277.05,2025-08-29 0:00:00,5,66,140,14.1,15.75,2025-09-05 0:00:00,0.1067,0.09,2179739.706,"[""0.021745"",""0.021745"",null,null]",2025-09-02,"[""0.021745"",""0.000000"",""0.000000"",""-0.018182""]","[""0.023491"",""0.053091"",""0.044000"",""0.044000""]",280.98,274.33,270.58,268.25,,,,0.93,"[{""o"":""279.71"",""h"":""280.98"",""l"":""268.54"",""c"":""274.67"",""v"":0,""src"":""BACKFILL""},{""o"":""271.58"",""h"":""274.50"",""l"":""260.40"",""c"":""270.50"",""v"":0,""src"":""BACKFILL""},{""o"":""269.87"",""h"":""270.00"",""l"":""262.90"",""c"":""268.25"",""v"":0,""src"":""BACKFILL""}]","[null,""57.91"",""23.58"",""57.27""]","[null,""273.52"",""270.19"",""267.93""]","[null,""273.01"",""270.15"",""267.78""]","[null,""273.90"",""269.95"",""268.15""]","[null,""273.59"",""270.15"",""267.96""]","[""279.05"",""269.70"",""269.74"",""267.23""]","[""1.00"",""1.03"",""2.09"",""0.00""]","[null,""0.4669"",""0.5453"",""0.2472""]","[null,""0.17"",""-1.09"",""0.12""]","[""-0.18"",""1.59"",""-0.92"",""0.38""]",Zscaler Inc,268.25,0,,,318.46,153.45,4797,805931,41765344700,,1.05,27.62465221,0.005952122452,-1.765115172,-7.282593668,,0,40,,,FALSE,,2025-09-05 06:19:59,0
2025-08-31 8:07:32,Long Calls,,"Dollar Tree, Inc.",DLTR,4.35,109,2025-09-03 0:00:00,1,2025-06-04 6:30:00,2025-08-13 16:10:06,109.17,2025-08-29 0:00:00,5,6,44,4.25,4.45,2025-09-05 0:00:00,0.0792,0.091,3651966.302,"[""0.028716"",""0.028716"",null,null]",2025-09-02,"[""0.028716"",""0.000000"",""0.000000"",""-0.065596""]","[""0.008807"",""0.100917"",""0.094266"",""0.094266""]",112.13,109.11,102.03,100.25,,,,3.26,"[{""o"":""108.90"",""h"":""112.13"",""l"":""108.04"",""c"":""111.36"",""v"":0,""src"":""BACKFILL""},{""o"":""101.33"",""h"":""104.28"",""l"":""98.00"",""c"":""102.03"",""v"":0,""src"":""BACKFILL""},{""o"":""101.68"",""h"":""101.85"",""l"":""98.72"",""c"":""100.25"",""v"":0,""src"":""BACKFILL""}]","[""85.15"",""69.13"",""34.56"",""76.99""]","[""111.73"",""103.33"",""101.63"",""99.76""]","[""111.39"",""103.10"",""101.35"",""99.29""]","[""111.92"",""103.82"",""101.68"",""100.09""]","[""111.74"",""103.51"",""101.63"",""99.80""]","[""110.56"",""104.57"",""103.83"",""99.53""]","[""0.83"",""2.42"",""1.54"",""0.00""]","[""0.0974"",""0.2430"",""0.3302"",""0.1266""]","[""0.31"",""0.73"",""-0.93"",""0.49""]","[""1.38"",""-0.47"",""-3.02"",""0.72""]",Dollar Tree Inc,100.25,0,,,118.06,60.49,5410,2914995,20921743925,,0.89,29.91347179,0.001855920851,-11.17313486,-13.85236745,,0,40,,,FALSE,,2025-09-05 06:19:59,0
2025-08-31 8:07:32,Long Calls,,Credo Technology Group Holding Ltd,CRDO,10.3,123,2025-09-03 0:00:00,3,2025-06-02 16:05:00,2025-08-13 9:17:53,123.055,2025-08-29 0:00:00,5,47,159,10.3,10.7,2025-09-05 0:00:00,0.1772,0.1987,4767607.942,"[""0.012920"",""0.034797"",""0.147073"",""0.147073""]",2025-09-04,"[""0.012920"",""0.034797"",""0.147073"",""0.147073""]","[""0.055610"",""0.007317"",""0.000000"",""-0.079106""]",124.59,122.94,123.68,134,,,,0.23,"[{""o"":""117.94"",""h"":""124.59"",""l"":""116.16"",""c"":""124.31"",""v"":0,""src"":""BACKFILL""},{""o"":""125.00"",""h"":""127.28"",""l"":""122.10"",""c"":""124.96"",""v"":0,""src"":""BACKFILL""},{""o"":""137.99"",""h"":""141.09"",""l"":""132.73"",""c"":""134.00"",""v"":0,""src"":""BACKFILL""}]","[""62.79"",""61.45"",""74.78"",""45.65""]","[""124.22"",""125.57"",""135.31"",""134.05""]","[""124.29"",""124.98"",""129.11"",""134.52""]","[""124.29"",""126.25"",""138.59"",""133.99""]","[""124.25"",""125.77"",""135.53"",""134.12""]","[""121.46"",""122.41"",""126.51"",""136.61""]","[""2.05"",""2.06"",""0.89"",""0.00""]","[""0.1729"",""0.7332"",""1.8476"",""0.3165""]","[""0.27"",""1.14"",""4.07"",""-0.04""]","[""2.54"",""3.75"",""11.31"",""-1.91""]",Credo Technology Group Holding Ltd,134,0,,,141.09,24.08,148002,3461832,23178435600,197.41,2.59,69.99327098,0.04275250792,9.182758902,14.19805693,,0,40,,,FALSE,,2025-09-05 06:19:59,0
2025-08-31 8:07:32,Long Calls,,Salesforce,CRM,11.1,255,2025-09-03 0:00:00,3,2025-05-28 16:02:00,2025-08-07 16:33:58,256.25,2025-08-29 0:00:00,5,705,732,10.85,11.1,2025-09-05 0:00:00,0.0811,0.0697,7376069.302,"[""NO_DATA"",""0.011765"",""0.011765"",null]",2025-09-03,"[""0.000000"",""0.011765"",""0.000000"",""-0.038353""]","[""0.024510"",""0.017471"",""0.079922"",""0.079922""]",254.99,252.86,255.52,244.01,,,,0.48,"[{""o"":""254.82"",""h"":""254.99"",""l"":""248.75"",""c"":""252.93"",""v"":0,""src"":""BACKFILL""},{""o"":""255.06"",""h"":""258.00"",""l"":""250.54"",""c"":""256.41"",""v"":0,""src"":""BACKFILL""},{""o"":""240.06"",""h"":""245.22"",""l"":""234.62"",""c"":""244.01"",""v"":0,""src"":""BACKFILL""}]","[null,""65.48"",""80.35"",""52.84""]","[null,""256.71"",""243.58"",""243.81""]","[null,""256.03"",""243.44"",""243.81""]","[null,""257.23"",""244.10"",""244.05""]","[null,""256.80"",""243.76"",""243.92""]","[""253.99"",""253.37"",""246.15"",""240.60""]","[""1.00"",""2.67"",""3.60"",""0.00""]","[null,""0.3754"",""0.2983"",""0.3595""]","[null,""0.23"",""0.59"",""0.08""]","[""-0.20"",""1.55"",""-0.46"",""1.42""]",Salesforce Inc,244.01,0,,,369,226.48,114713,5646824,233273554748,35.41,1.22,30.63155904,0.02031460517,-2.458426607,-2.070875306,,0,40,,,FALSE,,2025-09-05 06:19:59,0
2025-08-31 8:07:32,Long Calls,,Broadcom Inc.,AVGO,11.75,295,2025-09-04 0:00:00,3,2025-06-05 16:15:00,2025-08-04 8:05:55,297.39,2025-08-29 0:00:00,4,899,2229,11.85,12.05,2025-09-05 0:00:00,0.072,0.1128,20246096.76,"[""0.012373"",""0.032034"",""0.046712"",""0.046712""]",2025-09-04,"[""0.012373"",""0.032034"",""0.046712"",""0.046712""]","[""0.026746"",""0.000000"",""0.000000"",""-0.024577""]",298.65,295.12,302.39,306.1,,,,0.46,"[{""o"":""287.55"",""h"":""298.65"",""l"":""287.11"",""c"":""298.27"",""v"":0,""src"":""BACKFILL""},{""o"":""302.29"",""h"":""304.45"",""l"":""296.40"",""c"":""302.39"",""v"":0,""src"":""BACKFILL""},{""o"":""305.50"",""h"":""308.78"",""l"":""302.25"",""c"":""306.10"",""v"":0,""src"":""BACKFILL""}]","[""61.11"",""62.85"",""90.62"",""48.25""]","[""298.16"",""303.55"",""302.46"",""306.16""]","[""297.77"",""302.49"",""301.13"",""306.24""]","[""298.28"",""303.46"",""303.81"",""306.20""]","[""298.13"",""303.27"",""302.66"",""306.19""]","[""294.38"",""296.55"",""298.32"",""305.61""]","[""2.27"",""2.78"",""2.05"",""0.00""]","[""0.2778"",""0.6030"",""0.7612"",""0.3935""]","[""0.09"",""0.25"",""1.46"",""-0.02""]","[""1.38"",""2.61"",""2.86"",""0.16""]",Broadcom Inc,306.1,0,,,317.35,134.9,5244793,14946309,1439732807907,78.2,0.95,29.22833285,0.35090891,1.948376353,1.468492061,,0,40,,,FALSE,,2025-09-05 06:19:59,0
2025-08-31 8:07:32,Long Calls,,"UiPath, Inc.",PATH,0.76,11,2025-09-04 0:00:00,3,2025-05-29 16:10:00,2025-08-07 16:39:24,11.12,2025-08-29 0:00:00,5,475,523,0.72,0.76,2025-09-05 0:00:00,0.1277,0.1108,11191020.32,"[""0.006364"",""0.003636"",""0.003636"",null]",2025-09-03,"[""0.006364"",""0.003636"",""0.000000"",""-0.005909""]","[""0.021818"",""0.020000"",""0.047273"",""0.047273""]",11.07,11.01,11,10.85,,,,0.29,"[{""o"":""10.94"",""h"":""11.07"",""l"":""10.76"",""c"":""10.91"",""v"":0,""src"":""BACKFILL""},{""o"":""10.93"",""h"":""11.04"",""l"":""10.78"",""c"":""10.88"",""v"":0,""src"":""BACKFILL""},{""o"":""10.93"",""h"":""10.94"",""l"":""10.48"",""c"":""10.85"",""v"":0,""src"":""BACKFILL""}]","[""67.49"",""61.19"",""61.71"",""52.98""]","[""10.97"",""10.98"",""10.89"",""10.84""]","[null,""10.95"",""10.86"",""10.83""]","[""11.01"",""11.01"",""10.90"",""10.85""]","[""10.98"",""10.98"",""10.89"",""10.84""]","[""10.94"",""10.89"",""10.80"",""10.77""]","[""0.90"",""0.84"",""0.92"",""0.00""]","[""0.0370"",""0.0269"",""0.0213"",""0.0273""]","[""0.83"",""0.43"",""0.29"",""0.10""]","[""1.11"",""1.21"",""1.13"",""0.78""]",UiPath Inc,10.85,0,,,15.93,9.38,1194744,6558036,5805171184,,1.02,32.97197202,0.1821801527,-2.603231598,-3.297682709,,0,40,,,FALSE,,2025-09-05 06:19:59,0
2025-08-31 8:07:32,Long Calls,,Planet Labs PBC ,PL,0.7,7,2025-09-08 0:00:00,1,2004-11-02 7:00:10,2025-08-07 9:40:58,7.09,2025-08-29 0:00:00,5,910,165,0.7,0.8,2025-09-12 0:00:00,0.1199,0.192,7802082.539,"[""NO_DATA"",null,null,null]",,"[""0.000000"",""0.000000"",""0.000000"",""-0.064286""]","[""0.084286"",""0.081429"",""0.101429"",""0.101429""]",6.79,6.65,6.44,6.46,,,,-0.36,"[{""o"":""6.76"",""h"":""6.79"",""l"":""6.41"",""c"":""6.64"",""v"":0,""src"":""BACKFILL""},{""o"":""6.76"",""h"":""6.76"",""l"":""6.43"",""c"":""6.44"",""v"":0,""src"":""BACKFILL""},{""o"":""6.55"",""h"":""6.55"",""l"":""6.29"",""c"":""6.46"",""v"":0,""src"":""BACKFILL""}]","[null,""77.21"",""17.83"",""44.72""]","[null,""6.63"",""6.46"",""6.46""]","[null,""6.63"",""6.48"",""6.48""]","[null,""6.65"",""6.45"",""6.46""]","[null,""6.64"",""6.46"",""6.46""]","[""6.70"",""6.60"",""6.60"",""6.42""]","[""1.00"",""3.48"",""4.72"",""0.00""]","[null,""0.0203"",""0.0259"",""0.0112""]","[null,""1.05"",""-1.31"",""-0.02""]","[""-0.64"",""1.38"",""-3.33"",""0.66""]",Planet Labs PBC,6.46,0,,,7.72,1.76,111217,3640587,1960163625,,1.81,46.21679752,0.0305491944,-8.757062147,2.215189873,,7,54,,,FALSE,,2025-09-05 06:19:59,0
2025-08-31 8:07:32,Long Calls,,"Casey’s General Stores, Inc.",CASY,36,470,2025-09-08 0:00:00,3,2025-06-09 16:30:00,2025-08-18 17:35:44,494.52,2025-08-29 0:00:00,5,2,2,32.6,35.4,2025-09-19 0:00:00,0.0469,0.0729,368162.7616,"[""0.061213"",""0.066298"",""0.067511"",""0.067511""]",2025-09-04,"[""0.061213"",""0.066298"",""0.067511"",""0.067511""]","[""0.000000"",""0.000000"",""0.000000"",""-0.052436""]",498.77,497.98,499.6,498.18,,,,,"[{""o"":""490.89"",""h"":""498.77"",""l"":""490.50"",""c"":""498.36"",""v"":0,""src"":""BACKFILL""},{""o"":""497.57"",""h"":""501.16"",""l"":""493.70"",""c"":""500.05"",""v"":0,""src"":""BACKFILL""},{""o"":""501.73"",""h"":""501.73"",""l"":""494.64"",""c"":""498.18"",""v"":0,""src"":""BACKFILL""}]","[""83.61"",""66.37"",""74.69"",""68.60""]","[""496.91"",""498.83"",""498.73"",""496.26""]","[""495.99"",""497.87"",""498.76"",""496.01""]","[""497.94"",""500.08"",""499.79"",""497.53""]","[""497.16"",""499.16"",""499.14"",""496.72""]","[""495.45"",""496.29"",""497.03"",""496.91""]","[""1.29"",""3.23"",""0.77"",""0.00""]","[""0.3997"",""0.7204"",""0.5926"",""0.3849""]","[""0.37"",""0.47"",""0.60"",""0.39""]","[""0.67"",""0.98"",""0.95"",""0.26""]",Caseys General Stores Inc,498.18,0,,,531.24,362.42,72,184603,18522820344,34.04,0.66,11.80685994,0.0003900261643,-0.0220754982,-4.46988437,,14,68,,,FALSE,,2025-09-05 06:19:59,0
2025-08-31 8:07:32,Long Calls,,"SailPoint, Inc.",SAIL,1.8,20,2025-09-09 0:00:00,1,2025-06-11 7:00:00,2025-08-12 9:34:18,20.64,2025-08-29 0:00:00,5,995,2,1.85,2,2025-09-19 0:00:00,0.1248,0.0792,,"[""0.073500"",""0.060000"",""0.060500"",""0.060500""]",2025-09-04,"[""0.073500"",""0.060000"",""0.060500"",""0.060500""]","[""0.000000"",""0.000000"",""0.000000"",""-0.027000""]",21.47,20.98,21.03,21.06,,,,,"[{""o"":""20.91"",""h"":""21.47"",""l"":""20.58"",""c"":""20.98"",""v"":0,""src"":""BACKFILL""},{""o"":""21.17"",""h"":""21.20"",""l"":""20.59"",""c"":""21.04"",""v"":0,""src"":""BACKFILL""},{""o"":""20.94"",""h"":""21.21"",""l"":""20.54"",""c"":""21.06"",""v"":0,""src"":""BACKFILL""}]","[""67.01"",""35.46"",""70.68"",""35.63""]","[""21.37"",""21.08"",""21.13"",""21.13""]","[""21.34"",""21.13"",""21.11"",""21.12""]","[""21.40"",""21.05"",""21.16"",""21.09""]","[""21.38"",""21.08"",""21.14"",""21.11""]","[""21.16"",""21.13"",""20.98"",""20.95""]","[""0.42"",""1.77"",""1.64"",""0.00""]","[""0.0418"",""0.0447"",""0.0202"",""0.0294""]","[""0.47"",""-0.33"",""0.39"",""-0.32""]","[""1.48"",""-0.59"",""1.09"",""0.55""]",Sailpoint Inc,21.06,0,,,26.35,15.05,1050,1532850,11721755618,,,49.48483952,0.0006849985321,3.387334315,4.051383399,,14,68,,,FALSE,,2025-09-05 06:19:59,0
2025-08-31 8:07:32,Long Calls,,"AeroVironment, Inc",AVAV,16.24,240,2025-09-09 0:00:00,3,2025-06-24 16:05:00,2025-08-28 10:13:22,241.35,2025-08-29 0:00:00,5,73,3,15.6,16.3,2025-09-12 0:00:00,0.0694,0.138,1135768.952,"[""0.004333"",""0.020917"",""0.020917"",null]",2025-09-03,"[""0.004333"",""0.020917"",""0.000000"",""-0.007733""]","[""0.033333"",""0.010417"",""0.078958"",""0.078958""]",241.04,239.79,239.96,226.76,,,,0.13,"[{""o"":""239.50"",""h"":""241.04"",""l"":""232.00"",""c"":""240.00"",""v"":0,""src"":""BACKFILL""},{""o"":""242.63"",""h"":""245.02"",""l"":""237.50"",""c"":""238.24"",""v"":0,""src"":""BACKFILL""},{""o"":""237.58"",""h"":""238.14"",""l"":""221.05"",""c"":""226.76"",""v"":0,""src"":""BACKFILL""}]","[""63.71"",""59.64"",""23.73"",""72.01""]","[""240.74"",""243.71"",""238.08"",""225.44""]","[""240.29"",""242.46"",""238.04"",""225.17""]","[""240.85"",""244.24"",""237.86"",""226.28""]","[""240.72"",""243.69"",""238.02"",""225.73""]","[""237.61"",""239.01"",""239.30"",""226.68""]","[""1.56"",""0.88"",""3.43"",""0.00""]","[""0.1482"",""0.5600"",""0.3973"",""0.3313""]","[""0.13"",""0.32"",""-0.85"",""0.59""]","[""1.44"",""2.29"",""-1.35"",""0.03""]","AeroVironment, Inc.",226.76,0,,,295.9,102.25,15043,514270,11322636735,146.46,1.02,32.53994841,0.02925117156,-8.368691154,-13.81223869,,7,54,,,FALSE,,2025-09-05 06:19:59,0
2025-08-31 8:07:32,Long Calls,,Kroger Co.,KR,2.26,67.5,2025-09-11 0:00:00,1,2025-06-20 8:00:00,2025-08-28 8:00:52,67.84,2025-08-29 0:00:00,5,637,88,2.41,2.49,2025-09-19 0:00:00,0.0397,0.0559,7233349.742,"[""0.021926"",""0.016000"",""0.018148"",""0.018148""]",2025-09-04,"[""0.021926"",""0.016000"",""0.018148"",""0.018148""]","[""0.000000"",""0.004889"",""0.000000"",""-0.003407""]",68.98,68.64,67.41,67.84,,,,4.48,"[{""o"":""68.14"",""h"":""68.98"",""l"":""68.03"",""c"":""68.65"",""v"":0,""src"":""BACKFILL""},{""o"":""68.35"",""h"":""68.58"",""l"":""67.17"",""c"":""68.20"",""v"":0,""src"":""BACKFILL""},{""o"":""68.46"",""h"":""68.72"",""l"":""67.73"",""c"":""67.84"",""v"":0,""src"":""BACKFILL""}]","[null,""52.43"",""66.68"",""42.53""]","[null,""68.48"",""68.46"",""67.92""]","[null,""68.44"",""68.17"",""67.87""]","[null,""68.52"",""68.58"",""67.90""]","[null,""68.49"",""68.46"",""67.91""]","[""68.46"",""68.51"",""68.10"",""68.10""]","[""0.48"",""0.26"",""0.51"",""0.00""]","[null,""0.0832"",""0.1022"",""0.0508""]","[null,""0.06"",""0.31"",""-0.12""]","[""0.59"",""0.01"",""0.84"",""-0.38""]",Kroger Co,67.84,0,,,74.9,50.69,4863,5222304,44852807050,18.44,0.59,24.04186119,0.0009311981838,-0.2059429244,-7.98860708,,14,68,,,FALSE,,2025-09-05 06:19:59,0
2025-08-31 8:07:32,Long Calls,,Adobe Inc.,ADBE,18.5,355,2025-09-11 0:00:00,3,2025-06-12 16:05:00,2025-08-21 8:54:37,356.7,2025-08-29 0:00:00,5,123,80,18.35,19.4,2025-09-12 0:00:00,0.0526,0.1159,3797129.364,"[""NO_DATA"",null,null,null]",,"[""0.000000"",""0.000000"",""0.000000"",""-0.029845""]","[""0.038648"",""0.032730"",""0.062939"",""0.062939""]",352.71,345.63,348.5,344.31,,,,-0.17,"[{""o"":""350.00"",""h"":""352.71"",""l"":""341.28"",""c"":""345.65"",""v"":0,""src"":""BACKFILL""},{""o"":""345.82"",""h"":""348.51"",""l"":""343.38"",""c"":""348.50"",""v"":0,""src"":""BACKFILL""},{""o"":""342.10"",""h"":""344.40"",""l"":""332.66"",""c"":""344.31"",""v"":0,""src"":""BACKFILL""}]","[null,""74.51"",""69.50"",""69.63""]","[null,""347.25"",""343.33"",""343.37""]","[null,""346.61"",""343.06"",""343.09""]","[null,""347.88"",""343.81"",""343.91""]","[null,""347.38"",""343.46"",""343.54""]","[""350.42"",""345.63"",""343.39"",""340.05""]","[""0.28"",""4.63"",""3.66"",""0.00""]","[null,""0.3160"",""0.2870"",""0.2672""]","[null,""0.36"",""0.28"",""0.27""]","[""0.47"",""0.83"",""0.26"",""1.25""]",Adobe Inc,344.31,0,,,587.75,330.04,18985,2363230,146056300964,22.03,1.48,26.90587831,0.008033496528,-3.378700716,-0.3790289914,,7,54,,,FALSE,,2025-09-05 06:19:59,0
2025-08-31 8:07:32,Long Calls,,Oracle Corp.,ORCL,13.16,225,2025-09-15 0:00:00,3,2025-06-11 16:05:00,,226.13,2025-08-29 0:00:00,5,110,296,12.45,13.5,2025-09-19 0:00:00,,0.0993,11876500.26,"[""0.002000"",""0.004000"",""0.004000"",null]",2025-09-03,"[""0.002000"",""0.004000"",""0.000000"",""-0.006356""]","[""0.027600"",""0.014444"",""0.024177"",""0.024177""]",225.45,224.93,224.21,223,,,,0.07,"[{""o"":""222.00"",""h"":""225.45"",""l"":""218.79"",""c"":""225.30"",""v"":0,""src"":""BACKFILL""},{""o"":""225.90"",""h"":""225.90"",""l"":""221.75"",""c"":""223.46"",""v"":0,""src"":""BACKFILL""},{""o"":""222.00"",""h"":""223.57"",""l"":""219.56"",""c"":""223.00"",""v"":0,""src"":""BACKFILL""}]","[""57.01"",""41.90"",""71.46"",""60.10""]","[""224.88"",""224.67"",""222.84"",""222.63""]","[""224.42"",""224.32"",""222.48"",""222.66""]","[""225.04"",""224.80"",""223.30"",""222.74""]","[""224.85"",""224.65"",""222.97"",""222.64""]","[""222.72"",""223.48"",""222.93"",""221.97""]","[""0.72"",""2.93"",""1.12"",""0.00""]","[""0.2772"",""0.3508"",""0.1646"",""0.2259""]","[""0.07"",""-0.21"",""0.28"",""0.16""]","[""1.04"",""0.33"",""0.24"",""0.47""]",Oracle Corp,223,0,,,260.87,118.86,186130,7403128,626369759000,51.36,1.46,34.33728032,0.02514207508,-5.432339595,-13.03669617,,14,68,,,FALSE,,2025-09-05 06:19:59,0
2025-08-31 8:07:32,Long Calls,,Ferguson plc,FERG,9.5,230,2025-09-16 0:00:00,1,2025-06-03 6:45:00,2025-08-18 0:00:00,231.15,2025-08-29 0:00:00,5,112,4,8.2,9.3,2025-09-19 0:00:00,,0.0947,1441302.875,"[""NO_DATA"",""0.004913"",""0.035696"",""0.035696""]",2025-09-04,"[""0.000000"",""0.004913"",""0.035696"",""0.035696""]","[""0.018696"",""0.004478"",""0.000000"",""-0.000609""]",229.8,229.69,229.94,238.17,,,,-0.05,"[{""o"":""226.37"",""h"":""229.80"",""l"":""225.70"",""c"":""229.61"",""v"":0,""src"":""BACKFILL""},{""o"":""230.53"",""h"":""231.13"",""l"":""228.97"",""c"":""229.82"",""v"":0,""src"":""BACKFILL""},{""o"":""230.85"",""h"":""238.21"",""l"":""230.14"",""c"":""238.17"",""v"":0,""src"":""BACKFILL""}]","[""61.67"",""75.78"",""76.97"",""78.34""]","[""229.38"",""230.21"",""237.22"",""237.30""]","[""229.24"",""229.67"",""236.87"",""236.90""]","[""229.52"",""230.66"",""237.65"",""237.76""]","[""229.41"",""230.29"",""237.32"",""237.40""]","[""228.44"",""228.67"",""232.44"",""235.86""]","[""7.16"",""0.06"",""4.55"",""0.00""]","[""0.1431"",""0.2076"",""0.2195"",""0.2109""]","[""0.12"",""0.40"",""0.36"",""0.37""]","[""0.53"",""1.08"",""2.42"",""0.98""]",Ferguson Enterprises Inc,238.17,0,,,238.21,146,379,770999,38448895690,29.73,1.12,18.49624897,0.000491570028,1.297209935,6.850605653,,14,68,,,FALSE,,2025-09-05 06:19:59,0
2025-08-31 8:07:32,Long Calls,,"Micron Technology, Inc.",MU,8,119,2025-09-23 0:00:00,3,2025-06-25 16:01:00,2025-08-28 16:15:07,119.01,2025-08-29 0:00:00,5,145,46,7.2,7.95,2025-09-26 0:00:00,,0.102,20782723.97,"[""NO_DATA"",""0.003697"",""0.045462"",""0.045462""]",2025-09-04,"[""0.000000"",""0.003697"",""0.045462"",""0.045462""]","[""0.039832"",""0.014328"",""0.004034"",""0.004034""]",118.56,118.48,118.6,119.06,,,,-0.09,"[{""o"":""115.85"",""h"":""118.56"",""l"":""114.26"",""c"":""118.49"",""v"":0,""src"":""BACKFILL""},{""o"":""119.28"",""h"":""119.44"",""l"":""117.29"",""c"":""118.71"",""v"":0,""src"":""BACKFILL""},{""o"":""118.85"",""h"":""124.41"",""l"":""118.52"",""c"":""124.21"",""v"":0,""src"":""BACKFILL""}]","[""71.51"",""69.06"",""75.37"",null]","[""118.31"",""118.69"",""123.78"",null]","[""118.14"",""118.40"",""123.56"",null]","[""118.41"",""118.90"",""124.01"",null]","[""118.31"",""118.71"",""123.82"",null]","[""116.45"",""116.72"",""119.14"",null]","[""2.36"",""1.09"",""3.33"",""NaN""]","[""0.1038"",""0.2820"",""0.1461"",null]","[""0.18"",""0.59"",""0.43"",null]","[""1.78"",""2.28"",""4.34"",null]",Micron Technology Inc,124.21,0,,,129.85,61.54,505113,13174938,139006391015,22.52,1.47,43.21932328,0.03833892805,5.486199575,14.18459276,,21,70,,,FALSE,,2025-09-05 06:19:59,0
2025-08-31 8:07:32,Long Calls,,Accenture Ltd.,ACN,13.3,255,2025-09-25 0:00:00,1,2025-06-20 6:39:00,2025-08-14 12:39:01,259.97,2025-08-29 0:00:00,4,213,10,13.3,14,2025-09-26 0:00:00,,0.0722,3636579.69,"[""0.021176"",""0.021176"",null,null]",2025-09-02,"[""0.021176"",""0.000000"",""0.000000"",""-0.001176""]","[""0.011829"",""0.014431"",""0.027882"",""0.027882""]",260.4,254.95,254.15,252.94,,,,1.79,"[{""o"":""257.85"",""h"":""260.40"",""l"":""251.98"",""c"":""256.13"",""v"":0,""src"":""BACKFILL""},{""o"":""253.21"",""h"":""254.80"",""l"":""251.32"",""c"":""253.90"",""v"":0,""src"":""BACKFILL""},{""o"":""253.27"",""h"":""254.70"",""l"":""247.89"",""c"":""252.94"",""v"":0,""src"":""BACKFILL""}]","[null,""39.25"",""69.64"",""46.82""]","[null,""255.33"",""254.20"",""253.04""]","[null,""255.27"",""253.69"",""253.27""]","[null,""254.92"",""254.52"",""252.79""]","[null,""255.19"",""254.24"",""252.96""]","[""258.62"",""255.11"",""253.43"",""252.10""]","[""0.77"",""0.23"",""0.55"",""0.00""]","[null,""0.4465"",""0.1728"",""0.1507""]","[null,""-0.32"",""0.17"",""-0.04""]","[""0.59"",""-0.24"",""0.48"",""0.33""]",Accenture Plc,252.94,0,,,398.35,236.67,546,2670597,157544338164,20.13,1.3,28.42310168,0.0002044486682,-1.625700062,2.181465622,,21,70,,,FALSE,,2025-09-05 06:19:59,0
2025-08-31 8:07:32,Long Calls,,Costco Wholesale Corp.,COST,28.5,940,2025-09-25 0:00:00,3,2025-05-29 16:15:00,2025-08-14 12:38:32,943.32,2025-08-29 0:00:00,5,43,3,28.9,30.2,2025-09-26 0:00:00,,0.0322,2110372.556,"[""0.004801"",""0.010734"",""0.020745"",""0.020745""]",2025-09-04,"[""0.004801"",""0.010734"",""0.020745"",""0.020745""]","[""0.003638"",""0.003223"",""0.000000"",""-0.011819""]",944.51,941.86,939.67,955.9,,,,1.32,"[{""o"":""940.49"",""h"":""944.51"",""l"":""936.58"",""c"":""939.03"",""v"":0,""src"":""BACKFILL""},{""o"":""939.45"",""h"":""950.09"",""l"":""936.97"",""c"":""950.09"",""v"":0,""src"":""BACKFILL""},{""o"":""953.40"",""h"":""959.50"",""l"":""951.11"",""c"":""955.90"",""v"":0,""src"":""BACKFILL""}]","[null,""72.22"",""53.33"",""71.87""]","[null,""948.66"",""958.07"",""954.87""]","[null,""947.44"",""958.29"",""954.39""]","[null,""949.12"",""957.96"",""955.39""]","[null,""948.62"",""958.02"",""954.93""]","[""941.40"",""941.75"",""944.28"",""955.97""]","[""0.49"",""5.06"",""8.93"",""0.00""]","[null,""0.5114"",""0.4533"",""0.4017""]","[null,""0.15"",""0.02"",""0.11""]","[""-0.09"",""0.89"",""1.48"",""-0.01""]",Costco Wholesale Corp,955.9,0,,,1078.23,867.16,7010,2145629,423919770717,54.22,0.97,16.95315417,0.003267107221,0.671918443,-1.307095069,,21,70,,,FALSE,,2025-09-05 06:19:59,0
2025-09-01 8:07:29,Long Calls,,"Zscaler, Inc.",ZS,15.4,275,2025-09-02 0:00:00,3,2025-05-29 16:05:00,2025-08-07 8:12:56,277.05,2025-08-29 0:00:00,5,66,140,14.1,15.75,2025-09-05 0:00:00,0.1067,0.09,2179739.706,"[""0.021745"",null,null]",2025-09-02,"[""0.021745"",""0.000000"",""0.000000""]","[""0.023491"",""0.053091"",""0.044000""]",280.98,270.58,268.25,,,,,-0.03,"[{""o"":""279.71"",""h"":""280.98"",""l"":""268.54"",""c"":""274.67"",""v"":0,""src"":""BACKFILL""},{""o"":""271.58"",""h"":""274.50"",""l"":""260.40"",""c"":""270.50"",""v"":0,""src"":""BACKFILL""},{""o"":""269.87"",""h"":""270.00"",""l"":""262.90"",""c"":""268.25"",""v"":0,""src"":""BACKFILL""}]","[null,""57.91"",""23.58""]","[null,""273.52"",""270.19""]","[null,""273.01"",""270.15""]","[null,""273.90"",""269.95""]","[null,""273.59"",""270.15""]","[""279.05"",""269.70"",""269.74""]","[""1.00"",""1.03"",""2.09""]","[null,""0.4669"",""0.5453""]","[null,""0.17"",""-1.09""]","[""-0.18"",""1.59"",""-0.92""]",Zscaler Inc,268.25,0,,,318.46,153.45,4797,805931,41765344700,,1.05,27.62465221,0.005952122452,-1.765115172,-7.282593668,,0,40,,,FALSE,,2025-09-05 06:19:59,0
2025-09-01 8:07:29,Long Calls,,"Dollar Tree, Inc.",DLTR,4.35,109,2025-09-03 0:00:00,1,2025-06-04 6:30:00,2025-08-13 16:10:06,109.17,2025-08-29 0:00:00,5,6,44,4.25,4.45,2025-09-05 0:00:00,0.0792,0.091,3651966.302,"[""0.028716"",null,null]",2025-09-02,"[""0.028716"",""0.000000"",""0.000000""]","[""0.008807"",""0.100917"",""0.094266""]",112.13,102.03,100.25,,,,,-0.43,"[{""o"":""108.90"",""h"":""112.13"",""l"":""108.04"",""c"":""111.36"",""v"":0,""src"":""BACKFILL""},{""o"":""101.33"",""h"":""104.28"",""l"":""98.00"",""c"":""102.03"",""v"":0,""src"":""BACKFILL""},{""o"":""101.68"",""h"":""101.85"",""l"":""98.72"",""c"":""100.25"",""v"":0,""src"":""BACKFILL""}]","[""85.15"",""69.13"",""34.56""]","[""111.73"",""103.33"",""101.63""]","[""111.39"",""103.10"",""101.35""]","[""111.92"",""103.82"",""101.68""]","[""111.74"",""103.51"",""101.63""]","[""110.56"",""104.57"",""103.83""]","[""0.83"",""2.42"",""1.54""]","[""0.0974"",""0.2430"",""0.3302""]","[""0.31"",""0.73"",""-0.93""]","[""1.38"",""-0.47"",""-3.02""]",Dollar Tree Inc,100.25,0,,,118.06,60.49,5410,2914995,20921743925,,0.89,29.91347179,0.001855920851,-11.17313486,-13.85236745,,0,40,,,FALSE,,2025-09-05 06:19:59,0
2025-09-01 8:07:29,Long Calls,,Credo Technology Group Holding Ltd,CRDO,10.3,123,2025-09-03 0:00:00,3,2025-06-02 16:05:00,2025-08-13 9:17:53,123.055,2025-08-29 0:00:00,5,47,159,10.3,10.7,2025-09-05 0:00:00,0.1772,0.1987,4767607.942,"[""0.012920"",""0.034797"",""0.147073""]",2025-09-04,"[""0.012920"",""0.034797"",""0.147073""]","[""0.055610"",""0.007317"",""0.000000""]",124.59,123.68,134,,,,,4.76,"[{""o"":""117.94"",""h"":""124.59"",""l"":""116.16"",""c"":""124.31"",""v"":0,""src"":""BACKFILL""},{""o"":""125.00"",""h"":""127.28"",""l"":""122.10"",""c"":""124.96"",""v"":0,""src"":""BACKFILL""},{""o"":""137.99"",""h"":""141.09"",""l"":""132.73"",""c"":""134.00"",""v"":0,""src"":""BACKFILL""}]","[""62.79"",""61.45"",""74.78""]","[""124.22"",""125.57"",""135.31""]","[""124.29"",""124.98"",""129.11""]","[""124.29"",""126.25"",""138.59""]","[""124.25"",""125.77"",""135.53""]","[""121.46"",""122.41"",""126.51""]","[""2.05"",""2.06"",""0.89""]","[""0.1729"",""0.7332"",""1.8476""]","[""0.27"",""1.14"",""4.07""]","[""2.54"",""3.75"",""11.31""]",Credo Technology Group Holding Ltd,134,0,,,141.09,24.08,148002,3461832,23178435600,197.41,2.59,69.99327098,0.04275250792,9.182758902,14.19805693,,0,40,,,FALSE,,2025-09-05 06:19:59,0
2025-09-01 8:07:29,Long Calls,,Salesforce,CRM,11.1,255,2025-09-03 0:00:00,3,2025-05-28 16:02:00,2025-08-07 16:33:58,256.25,2025-08-29 0:00:00,5,705,732,10.85,11.1,2025-09-05 0:00:00,0.0811,0.0697,7376069.302,"[""NO_DATA"",""0.011765"",null]",2025-09-03,"[""0.000000"",""0.011765"",""0.000000""]","[""0.024510"",""0.017471"",""0.079922""]",254.99,255.52,244.01,,,,,0.67,"[{""o"":""254.82"",""h"":""254.99"",""l"":""248.75"",""c"":""252.93"",""v"":0,""src"":""BACKFILL""},{""o"":""255.06"",""h"":""258.00"",""l"":""250.54"",""c"":""256.41"",""v"":0,""src"":""BACKFILL""},{""o"":""240.06"",""h"":""245.22"",""l"":""234.62"",""c"":""244.01"",""v"":0,""src"":""BACKFILL""}]","[null,""65.48"",""80.35""]","[null,""256.71"",""243.58""]","[null,""256.03"",""243.44""]","[null,""257.23"",""244.10""]","[null,""256.80"",""243.76""]","[""253.99"",""253.37"",""246.15""]","[""1.00"",""2.67"",""3.60""]","[null,""0.3754"",""0.2983""]","[null,""0.23"",""0.59""]","[""-0.20"",""1.55"",""-0.46""]",Salesforce Inc,244.01,0,,,369,226.48,114713,5646824,233273554748,35.41,1.22,30.63155904,0.02031460517,-2.458426607,-2.070875306,,0,40,,,FALSE,,2025-09-05 06:19:59,0
2025-09-01 8:07:29,Long Calls,,Broadcom Inc.,AVGO,11.75,295,2025-09-04 0:00:00,3,2025-06-05 16:15:00,2025-08-04 8:05:55,297.39,2025-08-29 0:00:00,4,899,2229,11.85,12.05,2025-09-05 0:00:00,0.072,0.1128,20246096.76,"[""0.012373"",""0.032034"",""0.046712""]",2025-09-04,"[""0.012373"",""0.032034"",""0.046712""]","[""0.026746"",""0.000000"",""0.000000""]",298.65,302.39,306.1,,,,,1.75,"[{""o"":""287.55"",""h"":""298.65"",""l"":""287.11"",""c"":""298.27"",""v"":0,""src"":""BACKFILL""},{""o"":""302.29"",""h"":""304.45"",""l"":""296.40"",""c"":""302.39"",""v"":0,""src"":""BACKFILL""},{""o"":""305.50"",""h"":""308.78"",""l"":""302.25"",""c"":""306.10"",""v"":0,""src"":""BACKFILL""}]","[""61.11"",""62.85"",""90.62""]","[""298.16"",""303.55"",""302.46""]","[""297.77"",""302.49"",""301.13""]","[""298.28"",""303.46"",""303.81""]","[""298.13"",""303.27"",""302.66""]","[""294.38"",""296.55"",""298.32""]","[""2.27"",""2.78"",""2.05""]","[""0.2778"",""0.6030"",""0.7612""]","[""0.09"",""0.25"",""1.46""]","[""1.38"",""2.61"",""2.86""]",Broadcom Inc,306.1,0,,,317.35,134.9,5244793,14946309,1439732807907,78.2,0.95,29.22833285,0.35090891,1.948376353,1.468492061,,0,40,,,FALSE,,2025-09-05 06:19:59,0
2025-09-01 8:07:29,Long Calls,,"UiPath, Inc.",PATH,0.76,11,2025-09-04 0:00:00,3,2025-05-29 16:10:00,2025-08-07 16:39:24,11.12,2025-08-29 0:00:00,5,475,523,0.72,0.76,2025-09-05 0:00:00,0.1277,0.1108,11191020.32,"[""0.006364"",""0.003636"",null]",2025-09-03,"[""0.006364"",""0.003636"",""0.000000""]","[""0.021818"",""0.020000"",""0.047273""]",11.07,11,10.85,,,,,0.18,"[{""o"":""10.94"",""h"":""11.07"",""l"":""10.76"",""c"":""10.91"",""v"":0,""src"":""BACKFILL""},{""o"":""10.93"",""h"":""11.04"",""l"":""10.78"",""c"":""10.88"",""v"":0,""src"":""BACKFILL""},{""o"":""10.93"",""h"":""10.94"",""l"":""10.48"",""c"":""10.85"",""v"":0,""src"":""BACKFILL""}]","[""67.49"",""61.19"",""61.71""]","[""10.97"",""10.98"",""10.89""]","[null,""10.95"",""10.86""]","[""11.01"",""11.01"",""10.90""]","[""10.98"",""10.98"",""10.89""]","[""10.94"",""10.89"",""10.80""]","[""0.90"",""0.84"",""0.92""]","[""0.0370"",""0.0269"",""0.0213""]","[""0.83"",""0.43"",""0.29""]","[""1.11"",""1.21"",""1.13""]",UiPath Inc,10.85,0,,,15.93,9.38,1194744,6558036,5805171184,,1.02,32.97197202,0.1821801527,-2.603231598,-3.297682709,,0,40,,,FALSE,,2025-09-05 06:19:59,0
2025-09-01 8:07:29,Long Calls,,Planet Labs PBC ,PL,0.7,7,2025-09-08 0:00:00,1,2004-11-02 7:00:10,2025-08-07 9:40:58,7.09,2025-08-29 0:00:00,5,910,165,0.7,0.8,2025-09-12 0:00:00,0.1199,0.192,7802082.539,"[""NO_DATA"",null,null]",,"[""0.000000"",""0.000000"",""0.000000""]","[""0.084286"",""0.081429"",""0.101429""]",6.79,6.44,6.46,,,,,-0.42,"[{""o"":""6.76"",""h"":""6.79"",""l"":""6.41"",""c"":""6.64"",""v"":0,""src"":""BACKFILL""},{""o"":""6.76"",""h"":""6.76"",""l"":""6.43"",""c"":""6.44"",""v"":0,""src"":""BACKFILL""},{""o"":""6.55"",""h"":""6.55"",""l"":""6.29"",""c"":""6.46"",""v"":0,""src"":""BACKFILL""}]","[null,""77.21"",""17.83""]","[null,""6.63"",""6.46""]","[null,""6.63"",""6.48""]","[null,""6.65"",""6.45""]","[null,""6.64"",""6.46""]","[""6.70"",""6.60"",""6.60""]","[""1.00"",""3.48"",""4.72""]","[null,""0.0203"",""0.0259""]","[null,""1.05"",""-1.31""]","[""-0.64"",""1.38"",""-3.33""]",Planet Labs PBC,6.46,0,,,7.72,1.76,111217,3640587,1960163625,,1.81,46.21679752,0.0305491944,-8.757062147,2.215189873,,7,54,,,FALSE,,2025-09-05 06:19:59,0
2025-09-01 8:07:29,Long Calls,,"Casey’s General Stores, Inc.",CASY,36,470,2025-09-08 0:00:00,3,2025-06-09 16:30:00,2025-08-18 17:35:44,494.52,2025-08-29 0:00:00,5,2,2,32.6,35.4,2025-09-19 0:00:00,0.0469,0.0729,368162.7616,"[""0.061213"",""0.066298"",""0.067511""]",2025-09-04,"[""0.061213"",""0.066298"",""0.067511""]","[""0.000000"",""0.000000"",""0.000000""]",498.77,499.6,498.18,,,,,,"[{""o"":""490.89"",""h"":""498.77"",""l"":""490.50"",""c"":""498.36"",""v"":0,""src"":""BACKFILL""},{""o"":""497.57"",""h"":""501.16"",""l"":""493.70"",""c"":""500.05"",""v"":0,""src"":""BACKFILL""},{""o"":""501.73"",""h"":""501.73"",""l"":""494.64"",""c"":""498.18"",""v"":0,""src"":""BACKFILL""}]","[""83.61"",""66.37"",""74.69""]","[""496.91"",""498.83"",""498.73""]","[""495.99"",""497.87"",""498.76""]","[""497.94"",""500.08"",""499.79""]","[""497.16"",""499.16"",""499.14""]","[""495.45"",""496.29"",""497.03""]","[""1.29"",""3.23"",""0.77""]","[""0.3997"",""0.7204"",""0.5926""]","[""0.37"",""0.47"",""0.60""]","[""0.67"",""0.98"",""0.95""]",Caseys General Stores Inc,498.18,0,,,531.24,362.42,72,184603,18522820344,34.04,0.66,11.80685994,0.0003900261643,-0.0220754982,-4.46988437,,14,68,,,FALSE,,2025-09-05 06:19:59,0
2025-09-01 8:07:29,Long Calls,,"SailPoint, Inc.",SAIL,1.8,20,2025-09-09 0:00:00,1,2025-06-11 7:00:00,2025-08-12 9:34:18,20.64,2025-08-29 0:00:00,5,995,2,1.85,2,2025-09-19 0:00:00,0.1248,0.0792,,"[""0.073500"",""0.060000"",""0.060500""]",2025-09-04,"[""0.073500"",""0.060000"",""0.060500""]","[""0.000000"",""0.000000"",""0.000000""]",21.47,21.03,21.06,,,,,,"[{""o"":""20.91"",""h"":""21.47"",""l"":""20.58"",""c"":""20.98"",""v"":0,""src"":""BACKFILL""},{""o"":""21.17"",""h"":""21.20"",""l"":""20.59"",""c"":""21.04"",""v"":0,""src"":""BACKFILL""},{""o"":""20.94"",""h"":""21.21"",""l"":""20.54"",""c"":""21.06"",""v"":0,""src"":""BACKFILL""}]","[""67.01"",""35.46"",""70.68""]","[""21.37"",""21.08"",""21.13""]","[""21.34"",""21.13"",""21.11""]","[""21.40"",""21.05"",""21.16""]","[""21.38"",""21.08"",""21.14""]","[""21.16"",""21.13"",""20.98""]","[""0.42"",""1.77"",""1.64""]","[""0.0418"",""0.0447"",""0.0202""]","[""0.47"",""-0.33"",""0.39""]","[""1.48"",""-0.59"",""1.09""]",Sailpoint Inc,21.06,0,,,26.35,15.05,1050,1532850,11721755618,,,49.48483952,0.0006849985321,3.387334315,4.051383399,,14,68,,,FALSE,,2025-09-05 06:19:59,0
2025-09-01 8:07:29,Long Calls,,"AeroVironment, Inc",AVAV,16.24,240,2025-09-09 0:00:00,3,2025-06-24 16:05:00,2025-08-28 10:13:22,241.35,2025-08-29 0:00:00,5,73,3,15.6,16.3,2025-09-12 0:00:00,0.0694,0.138,1135768.952,"[""0.004333"",""0.020917"",null]",2025-09-03,"[""0.004333"",""0.020917"",""0.000000""]","[""0.033333"",""0.010417"",""0.078958""]",241.04,239.96,226.76,,,,,2.01,"[{""o"":""239.50"",""h"":""241.04"",""l"":""232.00"",""c"":""240.00"",""v"":0,""src"":""BACKFILL""},{""o"":""242.63"",""h"":""245.02"",""l"":""237.50"",""c"":""238.24"",""v"":0,""src"":""BACKFILL""},{""o"":""237.58"",""h"":""238.14"",""l"":""221.05"",""c"":""226.76"",""v"":0,""src"":""BACKFILL""}]","[""63.71"",""59.64"",""23.73""]","[""240.74"",""243.71"",""238.08""]","[""240.29"",""242.46"",""238.04""]","[""240.85"",""244.24"",""237.86""]","[""240.72"",""243.69"",""238.02""]","[""237.61"",""239.01"",""239.30""]","[""1.56"",""0.88"",""3.43""]","[""0.1482"",""0.5600"",""0.3973""]","[""0.13"",""0.32"",""-0.85""]","[""1.44"",""2.29"",""-1.35""]","AeroVironment, Inc.",226.76,0,,,295.9,102.25,15043,514270,11322636735,146.46,1.02,32.53994841,0.02925117156,-8.368691154,-13.81223869,,7,54,,,FALSE,,2025-09-05 06:19:59,0
2025-09-01 8:07:29,Long Calls,,Kroger Co.,KR,2.26,67.5,2025-09-11 0:00:00,1,2025-06-20 8:00:00,2025-08-28 8:00:52,67.84,2025-08-29 0:00:00,5,637,88,2.41,2.49,2025-09-19 0:00:00,0.0397,0.0559,7233349.742,"[""0.021926"",""0.016000"",""0.018148""]",2025-09-04,"[""0.021926"",""0.016000"",""0.018148""]","[""0.000000"",""0.004889"",""0.000000""]",68.98,67.41,67.84,,,,,3.27,"[{""o"":""68.14"",""h"":""68.98"",""l"":""68.03"",""c"":""68.65"",""v"":0,""src"":""BACKFILL""},{""o"":""68.35"",""h"":""68.58"",""l"":""67.17"",""c"":""68.20"",""v"":0,""src"":""BACKFILL""},{""o"":""68.46"",""h"":""68.72"",""l"":""67.73"",""c"":""67.84"",""v"":0,""src"":""BACKFILL""}]","[null,""52.43"",""66.68""]","[null,""68.48"",""68.46""]","[null,""68.44"",""68.17""]","[null,""68.52"",""68.58""]","[null,""68.49"",""68.46""]","[""68.46"",""68.51"",""68.10""]","[""0.48"",""0.26"",""0.51""]","[null,""0.0832"",""0.1022""]","[null,""0.06"",""0.31""]","[""0.59"",""0.01"",""0.84""]",Kroger Co,67.84,0,,,74.9,50.69,4863,5222304,44852807050,18.44,0.59,24.04186119,0.0009311981838,-0.2059429244,-7.98860708,,14,68,,,FALSE,,2025-09-05 06:19:59,0
2025-09-01 8:07:29,Long Calls,,Adobe Inc.,ADBE,18.5,355,2025-09-11 0:00:00,3,2025-06-12 16:05:00,2025-08-21 8:54:37,356.7,2025-08-29 0:00:00,5,123,80,18.35,19.4,2025-09-12 0:00:00,0.0526,0.1159,3797129.364,"[""NO_DATA"",null,null]",,"[""0.000000"",""0.000000"",""0.000000""]","[""0.038648"",""0.032730"",""0.062939""]",352.71,348.5,344.31,,,,,-0.56,"[{""o"":""350.00"",""h"":""352.71"",""l"":""341.28"",""c"":""345.65"",""v"":0,""src"":""BACKFILL""},{""o"":""345.82"",""h"":""348.51"",""l"":""343.38"",""c"":""348.50"",""v"":0,""src"":""BACKFILL""},{""o"":""342.10"",""h"":""344.40"",""l"":""332.66"",""c"":""344.31"",""v"":0,""src"":""BACKFILL""}]","[null,""74.51"",""69.50""]","[null,""347.25"",""343.33""]","[null,""346.61"",""343.06""]","[null,""347.88"",""343.81""]","[null,""347.38"",""343.46""]","[""350.42"",""345.63"",""343.39""]","[""0.28"",""4.63"",""3.66""]","[null,""0.3160"",""0.2870""]","[null,""0.36"",""0.28""]","[""0.47"",""0.83"",""0.26""]",Adobe Inc,344.31,0,,,587.75,330.04,18985,2363230,146056300964,22.03,1.48,26.90587831,0.008033496528,-3.378700716,-0.3790289914,,7,54,,,FALSE,,2025-09-05 06:19:59,0
2025-09-01 8:07:29,Long Calls,,Oracle Corp.,ORCL,13.16,225,2025-09-15 0:00:00,3,2025-06-11 16:05:00,,226.13,2025-08-29 0:00:00,5,110,296,12.45,13.5,2025-09-19 0:00:00,,0.0993,11876500.26,"[""0.002000"",""0.004000"",null]",2025-09-03,"[""0.002000"",""0.004000"",""0.000000""]","[""0.027600"",""0.014444"",""0.024177""]",225.45,224.21,223,,,,,0.28,"[{""o"":""222.00"",""h"":""225.45"",""l"":""218.79"",""c"":""225.30"",""v"":0,""src"":""BACKFILL""},{""o"":""225.90"",""h"":""225.90"",""l"":""221.75"",""c"":""223.46"",""v"":0,""src"":""BACKFILL""},{""o"":""222.00"",""h"":""223.57"",""l"":""219.56"",""c"":""223.00"",""v"":0,""src"":""BACKFILL""}]","[""57.01"",""41.90"",""71.46""]","[""224.88"",""224.67"",""222.84""]","[""224.42"",""224.32"",""222.48""]","[""225.04"",""224.80"",""223.30""]","[""224.85"",""224.65"",""222.97""]","[""222.72"",""223.48"",""222.93""]","[""0.72"",""2.93"",""1.12""]","[""0.2772"",""0.3508"",""0.1646""]","[""0.07"",""-0.21"",""0.28""]","[""1.04"",""0.33"",""0.24""]",Oracle Corp,223,0,,,260.87,118.86,186130,7403128,626369759000,51.36,1.46,34.33728032,0.02514207508,-5.432339595,-13.03669617,,14,68,,,FALSE,,2025-09-05 06:19:59,0
2025-09-01 8:07:29,Long Calls,,Ferguson plc,FERG,9.5,230,2025-09-16 0:00:00,1,2025-06-03 6:45:00,2025-08-18 0:00:00,231.15,2025-08-29 0:00:00,5,112,4,8.2,9.3,2025-09-19 0:00:00,,0.0947,1441302.875,"[""NO_DATA"",""0.004913"",""0.035696""]",2025-09-04,"[""0.000000"",""0.004913"",""0.035696""]","[""0.018696"",""0.004478"",""0.000000""]",229.8,229.94,238.17,,,,,1.1,"[{""o"":""226.37"",""h"":""229.80"",""l"":""225.70"",""c"":""229.61"",""v"":0,""src"":""BACKFILL""},{""o"":""230.53"",""h"":""231.13"",""l"":""228.97"",""c"":""229.82"",""v"":0,""src"":""BACKFILL""},{""o"":""230.85"",""h"":""238.21"",""l"":""230.14"",""c"":""238.17"",""v"":0,""src"":""BACKFILL""}]","[""61.67"",""75.78"",""76.97""]","[""229.38"",""230.21"",""237.22""]","[""229.24"",""229.67"",""236.87""]","[""229.52"",""230.66"",""237.65""]","[""229.41"",""230.29"",""237.32""]","[""228.44"",""228.67"",""232.44""]","[""7.16"",""0.06"",""4.55""]","[""0.1431"",""0.2076"",""0.2195""]","[""0.12"",""0.40"",""0.36""]","[""0.53"",""1.08"",""2.42""]",Ferguson Enterprises Inc,238.17,0,,,238.21,146,379,770999,38448895690,29.73,1.12,18.49624897,0.000491570028,1.297209935,6.850605653,,14,68,,,FALSE,,2025-09-05 06:19:59,0
2025-09-01 8:07:29,Long Calls,,"Micron Technology, Inc.",MU,8,119,2025-09-23 0:00:00,3,2025-06-25 16:01:00,2025-08-28 16:15:07,119.01,2025-08-29 0:00:00,5,145,46,7.2,7.95,2025-09-26 0:00:00,,0.102,20782723.97,"[""NO_DATA"",""0.003697"",""0.045462""]",2025-09-04,"[""0.000000"",""0.003697"",""0.045462""]","[""0.039832"",""0.014328"",""0.004034""]",118.56,118.6,119.06,,,,,0.26,"[{""o"":""115.85"",""h"":""118.56"",""l"":""114.26"",""c"":""118.49"",""v"":0,""src"":""BACKFILL""},{""o"":""119.28"",""h"":""119.44"",""l"":""117.29"",""c"":""118.71"",""v"":0,""src"":""BACKFILL""},{""o"":""118.85"",""h"":""124.41"",""l"":""118.52"",""c"":""124.21"",""v"":0,""src"":""BACKFILL""}]","[""71.51"",""69.06"",""75.37""]","[""118.31"",""118.69"",""123.78""]","[""118.14"",""118.40"",""123.56""]","[""118.41"",""118.90"",""124.01""]","[""118.31"",""118.71"",""123.82""]","[""116.45"",""116.72"",""119.14""]","[""2.36"",""1.09"",""3.33""]","[""0.1038"",""0.2820"",""0.1461""]","[""0.18"",""0.59"",""0.43""]","[""1.78"",""2.28"",""4.34""]",Micron Technology Inc,124.21,0,,,129.85,61.54,505113,13174938,139006391015,22.52,1.47,43.21932328,0.03833892805,5.486199575,14.18459276,,21,70,,,FALSE,,2025-09-05 06:19:59,0
2025-09-01 8:07:29,Long Calls,,Accenture Ltd.,ACN,13.3,255,2025-09-25 0:00:00,1,2025-06-20 6:39:00,2025-08-14 12:39:01,259.97,2025-08-29 0:00:00,4,213,10,13.3,14,2025-09-26 0:00:00,,0.0722,3636579.69,"[""0.021176"",null,null]",2025-09-02,"[""0.021176"",""0.000000"",""0.000000""]","[""0.011829"",""0.014431"",""0.027882""]",260.4,254.15,252.94,,,,,-0.05,"[{""o"":""257.85"",""h"":""260.40"",""l"":""251.98"",""c"":""256.13"",""v"":0,""src"":""BACKFILL""},{""o"":""253.21"",""h"":""254.80"",""l"":""251.32"",""c"":""253.90"",""v"":0,""src"":""BACKFILL""},{""o"":""253.27"",""h"":""254.70"",""l"":""247.89"",""c"":""252.94"",""v"":0,""src"":""BACKFILL""}]","[null,""39.25"",""69.64""]","[null,""255.33"",""254.20""]","[null,""255.27"",""253.69""]","[null,""254.92"",""254.52""]","[null,""255.19"",""254.24""]","[""258.62"",""255.11"",""253.43""]","[""0.77"",""0.23"",""0.55""]","[null,""0.4465"",""0.1728""]","[null,""-0.32"",""0.17""]","[""0.59"",""-0.24"",""0.48""]",Accenture Plc,252.94,0,,,398.35,236.67,546,2670597,157544338164,20.13,1.3,28.42310168,0.0002044486682,-1.625700062,2.181465622,,21,70,,,FALSE,,2025-09-05 06:19:59,0
2025-09-01 8:07:29,Long Calls,,Costco Wholesale Corp.,COST,28.5,940,2025-09-25 0:00:00,3,2025-05-29 16:15:00,2025-08-14 12:38:32,943.32,2025-08-29 0:00:00,5,43,3,28.9,30.2,2025-09-26 0:00:00,,0.0322,2110372.556,"[""0.004801"",""0.010734"",""0.020745""]",2025-09-04,"[""0.004801"",""0.010734"",""0.020745""]","[""0.003638"",""0.003223"",""0.000000""]",944.51,939.67,955.9,,,,,3.33,"[{""o"":""940.49"",""h"":""944.51"",""l"":""936.58"",""c"":""939.03"",""v"":0,""src"":""BACKFILL""},{""o"":""939.45"",""h"":""950.09"",""l"":""936.97"",""c"":""950.09"",""v"":0,""src"":""BACKFILL""},{""o"":""953.40"",""h"":""959.50"",""l"":""951.11"",""c"":""955.90"",""v"":0,""src"":""BACKFILL""}]","[null,""72.22"",""53.33""]","[null,""948.66"",""958.07""]","[null,""947.44"",""958.29""]","[null,""949.12"",""957.96""]","[null,""948.62"",""958.02""]","[""941.40"",""941.75"",""944.28""]","[""0.49"",""5.06"",""8.93""]","[null,""0.5114"",""0.4533""]","[null,""0.15"",""0.02""]","[""-0.09"",""0.89"",""1.48""]",Costco Wholesale Corp,955.9,0,,,1078.23,867.16,7010,2145629,423919770717,54.22,0.97,16.95315417,0.003267107221,0.671918443,-1.307095069,,21,70,,,FALSE,,2025-09-05 06:19:59,0
2025-09-02 8:07:28,Long Calls,,"Dollar Tree, Inc.",DLTR,4.35,109,2025-09-03 0:00:00,1,2025-06-04 6:30:00,2025-08-13 16:10:06,109.17,2025-08-29 0:00:00,5,6,44,4.25,4.45,2025-09-05 0:00:00,0.0792,0.091,3651966.302,"[""0.027706"",null]",2025-09-02,"[""0.027706"",""0.000000"",""0.000000""]","[""0.000000"",""0.100917"",""0.094266""]",102.03,100.25,101.85,,,,,-0.43,"[{""o"":""111.89"",""h"":""112.02"",""l"":""110.68"",""c"":""111.36"",""v"":0,""src"":""BACKFILL""},{""o"":""101.33"",""h"":""104.28"",""l"":""98.00"",""c"":""102.03"",""v"":0,""src"":""BACKFILL""},{""o"":""101.68"",""h"":""101.85"",""l"":""98.72"",""c"":""100.25"",""v"":0,""src"":""BACKFILL""}]","[""60.27"",""69.13"",""34.56""]","[""101.70"",""103.33"",""101.63""]","[""101.38"",""103.10"",""101.35""]","[""111.89"",""103.82"",""101.68""]","[""101.76"",""103.51"",""101.63""]","[""111.85"",""103.99"",""103.37""]","[""1.11"",""2.42"",""1.54""]","[""0.2081"",""0.2430"",""0.3302""]","[""0.32"",""0.73"",""-0.93""]","[""0.06"",""0.09"",""-2.60""]",Dollar Tree Inc,100.25,0,,,118.06,60.49,5410,2914995,20921743925,,0.89,29.91347179,0.001855920851,-11.17313486,-13.85236745,,0,40,,,FALSE,,2025-09-05 06:19:59,0
2025-09-02 8:07:28,Long Calls,,Credo Technology Group Holding Ltd,CRDO,10.3,123,2025-09-03 0:00:00,3,2025-06-02 16:05:00,2025-08-13 9:17:53,123.055,2025-08-29 0:00:00,5,47,159,10.3,10.7,2025-09-05 0:00:00,0.1772,0.1987,4767607.942,"[""0.012920"",""0.034797"",""0.147073""]",2025-09-04,"[""0.012920"",""0.034797"",""0.147073""]","[""0.018862"",""0.007317"",""0.000000""]",123.68,134,141.09,,,,,4.76,"[{""o"":""123.13"",""h"":""124.59"",""l"":""120.68"",""c"":""124.31"",""v"":0,""src"":""BACKFILL""},{""o"":""125.00"",""h"":""127.28"",""l"":""122.10"",""c"":""124.96"",""v"":0,""src"":""BACKFILL""},{""o"":""137.99"",""h"":""141.09"",""l"":""132.73"",""c"":""134.00"",""v"":0,""src"":""BACKFILL""}]","[""62.79"",""61.45"",""74.78""]","[""124.22"",""125.57"",""135.31""]","[""124.29"",""124.98"",""129.11""]","[""124.29"",""126.25"",""138.59""]","[""124.25"",""125.77"",""135.53""]","[""123.08"",""123.89"",""127.98""]","[""2.05"",""2.06"",""0.89""]","[""0.1729"",""0.7332"",""1.8476""]","[""0.27"",""1.14"",""4.07""]","[""1.20"",""2.51"",""10.04""]",Credo Technology Group Holding Ltd,134,0,,,141.09,24.08,148002,3461832,23178435600,197.41,2.59,69.99327098,0.04275250792,9.182758902,14.19805693,,0,40,,,FALSE,,2025-09-05 06:19:59,0
2025-09-02 8:07:28,Long Calls,,Salesforce,CRM,11.1,255,2025-09-03 0:00:00,3,2025-05-28 16:02:00,2025-08-07 16:33:58,256.25,2025-08-29 0:00:00,5,705,732,10.85,11.1,2025-09-05 0:00:00,0.0811,0.0697,7376069.302,"[""0.011765"",""0.011765""]",2025-09-03,"[""0.000000"",""0.011765"",""0.000000""]","[""0.024510"",""0.017471"",""0.079922""]",255.52,244.01,245.22,,,,,0.67,"[{""o"":""250.03"",""h"":""253.29"",""l"":""248.75"",""c"":""252.93"",""v"":0,""src"":""BACKFILL""},{""o"":""255.06"",""h"":""258.00"",""l"":""250.54"",""c"":""256.41"",""v"":0,""src"":""BACKFILL""},{""o"":""240.06"",""h"":""245.22"",""l"":""234.62"",""c"":""244.01"",""v"":0,""src"":""BACKFILL""}]","[""69.88"",""65.48"",""80.35""]","[""252.49"",""256.71"",""243.58""]","[""252.24"",""256.03"",""243.44""]","[""252.79"",""257.23"",""244.10""]","[""252.56"",""256.80"",""243.76""]","[""251.10"",""253.55"",""245.75""]","[""3.38"",""2.67"",""3.60""]","[""0.2072"",""0.3754"",""0.2983""]","[""0.22"",""0.23"",""0.59""]","[""0.77"",""1.48"",""-0.30""]",Salesforce Inc,244.01,0,,,369,226.48,114713,5646824,233273554748,35.41,1.22,30.63155904,0.02031460517,-2.458426607,-2.070875306,,0,40,,,FALSE,,2025-09-05 06:19:59,0
2025-09-02 8:07:28,Long Calls,,Broadcom Inc.,AVGO,11.75,295,2025-09-04 0:00:00,3,2025-06-05 16:15:00,2025-08-04 8:05:55,297.39,2025-08-29 0:00:00,4,899,2229,11.85,12.05,2025-09-05 0:00:00,0.072,0.1128,20246096.76,"[""0.012373"",""0.032034"",""0.046712""]",2025-09-04,"[""0.012373"",""0.032034"",""0.046712""]","[""0.004746"",""0.000000"",""0.000000""]",302.39,306.1,308.78,,,,,9.84,"[{""o"":""295.58"",""h"":""298.65"",""l"":""293.60"",""c"":""298.27"",""v"":0,""src"":""BACKFILL""},{""o"":""302.29"",""h"":""304.45"",""l"":""296.40"",""c"":""302.39"",""v"":0,""src"":""BACKFILL""},{""o"":""305.50"",""h"":""308.78"",""l"":""302.25"",""c"":""306.10"",""v"":0,""src"":""BACKFILL""}]","[""61.11"",""62.85"",""90.62""]","[""298.16"",""303.55"",""302.46""]","[""297.77"",""302.49"",""301.13""]","[""298.28"",""303.46"",""303.81""]","[""298.13"",""303.27"",""302.66""]","[""296.23"",""298.41"",""299.97""]","[""2.27"",""2.78"",""2.05""]","[""0.2778"",""0.6030"",""0.7612""]","[""0.09"",""0.25"",""1.46""]","[""0.74"",""1.98"",""2.30""]",Broadcom Inc,306.1,0,,,317.35,134.9,5244793,14946309,1439732807907,78.2,0.95,29.22833285,0.35090891,1.948376353,1.468492061,,0,40,,,FALSE,,2025-09-05 06:19:59,0
2025-09-02 8:07:28,Long Calls,,"UiPath, Inc.",PATH,0.76,11,2025-09-04 0:00:00,3,2025-05-29 16:10:00,2025-08-07 16:39:24,11.12,2025-08-29 0:00:00,5,475,523,0.72,0.76,2025-09-05 0:00:00,0.1277,0.1108,11191020.32,"[""0.003636"",""0.003636""]",2025-09-03,"[""0.000000"",""0.003636"",""0.000000""]","[""0.021818"",""0.020000"",""0.047273""]",11,10.85,10.94,,,,,0.18,"[{""o"":""10.88"",""h"":""10.97"",""l"":""10.76"",""c"":""10.91"",""v"":0,""src"":""BACKFILL""},{""o"":""10.93"",""h"":""11.04"",""l"":""10.78"",""c"":""10.88"",""v"":0,""src"":""BACKFILL""},{""o"":""10.93"",""h"":""10.94"",""l"":""10.48"",""c"":""10.85"",""v"":0,""src"":""BACKFILL""}]","[""71.05"",""61.19"",""61.71""]","[""10.93"",""10.98"",""10.89""]","[""10.90"",""10.95"",""10.86""]","[""10.93"",""11.01"",""10.90""]","[""10.93"",""10.98"",""10.89""]","[""10.85"",""10.88"",""10.78""]","[""3.96"",""0.84"",""0.92""]","[""0.0153"",""0.0269"",""0.0213""]","[""0.29"",""0.43"",""0.29""]","[""1.03"",""1.37"",""1.25""]",UiPath Inc,10.85,0,,,15.93,9.38,1194744,6558036,5805171184,,1.02,32.97197202,0.1821801527,-2.603231598,-3.297682709,,0,40,,,FALSE,,2025-09-05 06:19:59,0
2025-09-02 8:07:28,Long Calls,,Planet Labs PBC ,PL,0.7,7,2025-09-08 0:00:00,1,2004-11-02 7:00:10,2025-08-07 9:40:58,7.09,2025-08-29 0:00:00,5,910,165,0.7,0.8,2025-09-12 0:00:00,0.1199,0.192,7802082.539,"[null,null]",,"[""0.000000"",""0.000000"",""0.000000""]","[""0.084286"",""0.081429"",""0.101429""]",6.44,6.46,6.55,,,,,-0.42,"[{""o"":""6.62"",""h"":""6.68"",""l"":""6.41"",""c"":""6.64"",""v"":0,""src"":""BACKFILL""},{""o"":""6.76"",""h"":""6.76"",""l"":""6.43"",""c"":""6.44"",""v"":0,""src"":""BACKFILL""},{""o"":""6.55"",""h"":""6.55"",""l"":""6.29"",""c"":""6.46"",""v"":0,""src"":""BACKFILL""}]","[""80.71"",""77.21"",""17.83""]","[""6.62"",""6.63"",""6.46""]","[""6.59"",""6.63"",""6.48""]","[""6.64"",""6.65"",""6.45""]","[""6.62"",""6.64"",""6.46""]","[""6.53"",""6.56"",""6.58""]","[""6.01"",""3.48"",""4.72""]","[""0.0123"",""0.0203"",""0.0259""]","[""0.70"",""1.05"",""-1.31""]","[""2.16"",""2.01"",""-3.02""]",Planet Labs PBC,6.46,0,,,7.72,1.76,111217,3640587,1960163625,,1.81,46.21679752,0.0305491944,-8.757062147,2.215189873,,7,54,,,FALSE,,2025-09-05 06:19:59,0
2025-09-02 8:07:28,Long Calls,,"Casey’s General Stores, Inc.",CASY,36,470,2025-09-08 0:00:00,3,2025-06-09 16:30:00,2025-08-18 17:35:44,494.52,2025-08-29 0:00:00,5,2,2,32.6,35.4,2025-09-19 0:00:00,0.0469,0.0729,368162.7616,"[""0.061213"",""0.066298"",""0.067511""]",2025-09-04,"[""0.061213"",""0.066298"",""0.067511""]","[""0.000000"",""0.000000"",""0.000000""]",499.6,498.18,501.73,,,,,,"[{""o"":""495.49"",""h"":""498.77"",""l"":""493.90"",""c"":""498.36"",""v"":0,""src"":""BACKFILL""},{""o"":""497.57"",""h"":""501.16"",""l"":""493.70"",""c"":""500.05"",""v"":0,""src"":""BACKFILL""},{""o"":""501.73"",""h"":""501.73"",""l"":""494.64"",""c"":""498.18"",""v"":0,""src"":""BACKFILL""}]","[""83.74"",""66.37"",""74.69""]","[""496.91"",""498.83"",""498.73""]","[""495.99"",""497.87"",""498.76""]","[""497.94"",""500.08"",""499.79""]","[""497.16"",""499.16"",""499.14""]","[""495.90"",""496.74"",""497.44""]","[""1.29"",""3.23"",""0.77""]","[""0.3839"",""0.7116"",""0.5914""]","[""0.37"",""0.47"",""0.60""]","[""0.58"",""0.89"",""0.86""]",Caseys General Stores Inc,498.18,0,,,531.24,362.42,72,184603,18522820344,34.04,0.66,11.80685994,0.0003900261643,-0.0220754982,-4.46988437,,14,68,,,FALSE,,2025-09-05 06:19:59,0
2025-09-02 8:07:28,Long Calls,,"SailPoint, Inc.",SAIL,1.8,20,2025-09-09 0:00:00,1,2025-06-11 7:00:00,2025-08-12 9:34:18,20.64,2025-08-29 0:00:00,5,995,2,1.85,2,2025-09-19 0:00:00,0.1248,0.0792,,"[""0.069515"",""0.060000"",""0.060500""]",2025-09-04,"[""0.069515"",""0.060000"",""0.060500""]","[""0.000000"",""0.000000"",""0.000000""]",21.03,21.06,21.21,,,,,,"[{""o"":""21.32"",""h"":""21.39"",""l"":""20.98"",""c"":""20.98"",""v"":0,""src"":""BACKFILL""},{""o"":""21.17"",""h"":""21.20"",""l"":""20.59"",""c"":""21.04"",""v"":0,""src"":""BACKFILL""},{""o"":""20.94"",""h"":""21.21"",""l"":""20.54"",""c"":""21.06"",""v"":0,""src"":""BACKFILL""}]","[""71.18"",""35.46"",""70.68""]","[""20.94"",""21.08"",""21.13""]","[""20.89"",""21.13"",""21.11""]","[""21.00"",""21.05"",""21.16""]","[""20.96"",""21.08"",""21.14""]","[""21.37"",""21.11"",""20.95""]","[""1.81"",""1.77"",""1.64""]","[""0.0278"",""0.0447"",""0.0202""]","[""0.41"",""-0.33"",""0.39""]","[""0.09"",""-0.52"",""1.23""]",Sailpoint Inc,21.06,0,,,26.35,15.05,1050,1532850,11721755618,,,49.48483952,0.0006849985321,3.387334315,4.051383399,,14,68,,,FALSE,,2025-09-05 06:19:59,0
2025-09-02 8:07:28,Long Calls,,"AeroVironment, Inc",AVAV,16.24,240,2025-09-09 0:00:00,3,2025-06-24 16:05:00,2025-08-28 10:13:22,241.35,2025-08-29 0:00:00,5,73,3,15.6,16.3,2025-09-12 0:00:00,0.0694,0.138,1135768.952,"[""0.004333"",""0.020917""]",2025-09-03,"[""0.004333"",""0.020917"",""0.000000""]","[""0.020833"",""0.010417"",""0.078958""]",239.96,226.76,238.14,,,,,2.01,"[{""o"":""238.53"",""h"":""241.04"",""l"":""235.00"",""c"":""240.00"",""v"":0,""src"":""BACKFILL""},{""o"":""242.63"",""h"":""245.02"",""l"":""237.50"",""c"":""238.24"",""v"":0,""src"":""BACKFILL""},{""o"":""237.58"",""h"":""238.14"",""l"":""221.05"",""c"":""226.76"",""v"":0,""src"":""BACKFILL""}]","[""63.71"",""59.64"",""23.73""]","[""240.74"",""243.71"",""238.08""]","[""240.29"",""242.46"",""238.04""]","[""240.85"",""244.24"",""237.86""]","[""240.72"",""243.69"",""238.02""]","[""237.92"",""239.66"",""239.73""]","[""1.56"",""0.88"",""3.43""]","[""0.1481"",""0.5600"",""0.3973""]","[""0.13"",""0.32"",""-0.85""]","[""1.31"",""2.01"",""-1.53""]","AeroVironment, Inc.",226.76,0,,,295.9,102.25,15043,514270,11322636735,146.46,1.02,32.53994841,0.02925117156,-8.368691154,-13.81223869,,7,54,,,FALSE,,2025-09-05 06:19:59,0
2025-09-02 8:07:28,Long Calls,,Kroger Co.,KR,2.26,67.5,2025-09-11 0:00:00,1,2025-06-20 8:00:00,2025-08-28 8:00:52,67.84,2025-08-29 0:00:00,5,637,88,2.41,2.49,2025-09-19 0:00:00,0.0397,0.0559,7233349.742,"[""0.019482"",""0.016000"",""0.018148""]",2025-09-04,"[""0.019482"",""0.016000"",""0.018148""]","[""0.000000"",""0.004889"",""0.000000""]",67.41,67.84,68.72,,,,,3.27,"[{""o"":""68.55"",""h"":""68.82"",""l"":""68.32"",""c"":""68.65"",""v"":0,""src"":""BACKFILL""},{""o"":""68.35"",""h"":""68.58"",""l"":""67.17"",""c"":""68.20"",""v"":0,""src"":""BACKFILL""},{""o"":""68.46"",""h"":""68.72"",""l"":""67.73"",""c"":""67.84"",""v"":0,""src"":""BACKFILL""}]","[""57.39"",""52.43"",""66.68""]","[""68.70"",""68.48"",""68.46""]","[""68.67"",""68.44"",""68.17""]","[""68.73"",""68.52"",""68.58""]","[""68.71"",""68.49"",""68.46""]","[""68.63"",""68.56"",""68.04""]","[""1.84"",""0.26"",""0.51""]","[""0.0476"",""0.0832"",""0.1022""]","[""0.09"",""0.06"",""0.31""]","[""0.19"",""-0.05"",""0.93""]",Kroger Co,67.84,0,,,74.9,50.69,4863,5222304,44852807050,18.44,0.59,24.04186119,0.0009311981838,-0.2059429244,-7.98860708,,14,68,,,FALSE,,2025-09-05 06:19:59,0
2025-09-02 8:07:28,Long Calls,,Adobe Inc.,ADBE,18.5,355,2025-09-11 0:00:00,3,2025-06-12 16:05:00,2025-08-21 8:54:37,356.7,2025-08-29 0:00:00,5,123,80,18.35,19.4,2025-09-12 0:00:00,0.0526,0.1159,3797129.364,"[null,null]",,"[""0.000000"",""0.000000"",""0.000000""]","[""0.038648"",""0.032730"",""0.062939""]",348.5,344.31,344.4,,,,,-0.56,"[{""o"":""343.66"",""h"":""345.94"",""l"":""341.28"",""c"":""345.65"",""v"":0,""src"":""BACKFILL""},{""o"":""345.82"",""h"":""348.51"",""l"":""343.38"",""c"":""348.50"",""v"":0,""src"":""BACKFILL""},{""o"":""342.10"",""h"":""344.40"",""l"":""332.66"",""c"":""344.31"",""v"":0,""src"":""BACKFILL""}]","[""57.51"",""74.51"",""69.50""]","[""344.97"",""347.25"",""343.33""]","[""344.54"",""346.61"",""343.06""]","[""345.33"",""347.88"",""343.81""]","[""345.04"",""347.38"",""343.46""]","[""343.81"",""345.10"",""342.78""]","[""4.80"",""4.63"",""3.66""]","[""0.2936"",""0.3160"",""0.2870""]","[""0.10"",""0.36"",""0.28""]","[""0.44"",""0.98"",""0.44""]",Adobe Inc,344.31,0,,,587.75,330.04,18985,2363230,146056300964,22.03,1.48,26.90587831,0.008033496528,-3.378700716,-0.3790289914,,7,54,,,FALSE,,2025-09-05 06:19:59,0
2025-09-02 8:07:28,Long Calls,,Oracle Corp.,ORCL,13.16,225,2025-09-15 0:00:00,3,2025-06-11 16:05:00,,226.13,2025-08-29 0:00:00,5,110,296,12.45,13.5,2025-09-19 0:00:00,,0.0993,11876500.26,"[""0.002000"",""0.004000""]",2025-09-03,"[""0.002000"",""0.004000"",""0.000000""]","[""0.009911"",""0.014444"",""0.024177""]",224.21,223,223.57,,,,,0.28,"[{""o"":""224.84"",""h"":""225.45"",""l"":""222.77"",""c"":""225.30"",""v"":0,""src"":""BACKFILL""},{""o"":""225.90"",""h"":""225.90"",""l"":""221.75"",""c"":""223.46"",""v"":0,""src"":""BACKFILL""},{""o"":""222.00"",""h"":""223.57"",""l"":""219.56"",""c"":""223.00"",""v"":0,""src"":""BACKFILL""}]","[""50.93"",""41.90"",""71.46""]","[""224.88"",""224.67"",""222.84""]","[null,""224.32"",""222.48""]","[""225.04"",""224.80"",""223.30""]","[""224.88"",""224.65"",""222.97""]","[""224.82"",""224.16"",""223.04""]","[""0.72"",""2.93"",""1.12""]","[""0.2729"",""0.3508"",""0.1646""]","[""0.07"",""-0.21"",""0.28""]","[""0.09"",""0.02"",""0.20""]",Oracle Corp,223,0,,,260.87,118.86,186130,7403128,626369759000,51.36,1.46,34.33728032,0.02514207508,-5.432339595,-13.03669617,,14,68,,,FALSE,,2025-09-05 06:19:59,0
2025-09-02 8:07:28,Long Calls,,Ferguson plc,FERG,9.5,230,2025-09-16 0:00:00,1,2025-06-03 6:45:00,2025-09-02 6:55:55,231.15,2025-08-29 0:00:00,5,112,4,8.2,9.3,2025-09-19 0:00:00,,0.0947,1441302.875,"[""0.004913"",""0.004913"",""0.035696""]",2025-09-04,"[""0.000000"",""0.004913"",""0.035696""]","[""0.010609"",""0.004478"",""0.000000""]",229.94,238.17,238.21,,,,,1.1,"[{""o"":""228.43"",""h"":""229.80"",""l"":""227.56"",""c"":""229.61"",""v"":0,""src"":""BACKFILL""},{""o"":""230.53"",""h"":""231.13"",""l"":""228.97"",""c"":""229.82"",""v"":0,""src"":""BACKFILL""},{""o"":""230.85"",""h"":""238.21"",""l"":""230.14"",""c"":""238.17"",""v"":0,""src"":""BACKFILL""}]","[""61.67"",""75.78"",""76.97""]","[""229.38"",""230.21"",""237.22""]","[""229.24"",""229.67"",""236.87""]","[""229.52"",""230.66"",""237.65""]","[""229.41"",""230.29"",""237.32""]","[""228.79"",""229.01"",""232.88""]","[""7.16"",""0.06"",""4.55""]","[""0.1431"",""0.2076"",""0.2195""]","[""0.12"",""0.40"",""0.36""]","[""0.38"",""0.93"",""2.23""]",Ferguson Enterprises Inc,238.17,0,,,238.21,146,379,770999,38448895690,29.73,1.12,18.49624897,0.000491570028,1.297209935,6.850605653,,14,68,,,FALSE,,2025-09-05 06:19:59,0
2025-09-02 8:07:28,Long Calls,,"Micron Technology, Inc.",MU,8,119,2025-09-23 0:00:00,3,2025-06-25 16:01:00,2025-08-28 16:15:07,119.01,2025-08-29 0:00:00,5,145,46,7.2,7.95,2025-09-26 0:00:00,,0.102,20782723.97,"[""0.003697"",""0.003697"",""0.045462""]",2025-09-04,"[""0.000000"",""0.003697"",""0.045462""]","[""0.026891"",""0.014328"",""0.004034""]",118.6,119.06,124.41,,,,,0.26,"[{""o"":""116.25"",""h"":""118.56"",""l"":""115.80"",""c"":""118.49"",""v"":0,""src"":""BACKFILL""},{""o"":""119.28"",""h"":""119.44"",""l"":""117.29"",""c"":""118.71"",""v"":0,""src"":""BACKFILL""},{""o"":""118.85"",""h"":""124.41"",""l"":""118.52"",""c"":""124.21"",""v"":0,""src"":""BACKFILL""}]","[""71.51"",""69.06"",""75.37""]","[""118.31"",""118.69"",""123.78""]","[""118.14"",""118.40"",""123.56""]","[""118.41"",""118.90"",""124.01""]","[""118.31"",""118.71"",""123.82""]","[""117.18"",""117.51"",""119.74""]","[""2.36"",""1.09"",""3.33""]","[""0.1038"",""0.2820"",""0.1461""]","[""0.18"",""0.59"",""0.43""]","[""1.14"",""1.60"",""3.81""]",Micron Technology Inc,124.21,0,,,129.85,61.54,505113,13174938,139006391015,22.52,1.47,43.21932328,0.03833892805,5.486199575,14.18459276,,21,70,,,FALSE,,2025-09-05 06:19:59,0
2025-09-02 8:07:28,Long Calls,,Accenture Ltd.,ACN,13.3,255,2025-09-25 0:00:00,1,2025-06-20 6:39:00,2025-08-14 12:39:01,259.97,2025-08-29 0:00:00,4,213,10,13.3,14,2025-09-26 0:00:00,,0.0722,3636579.69,"[""0.005176"",null]",2025-09-02,"[""0.005176"",""0.000000"",""0.000000""]","[""0.011829"",""0.014431"",""0.027882""]",254.15,252.94,254.7,,,,,-0.05,"[{""o"":""252.96"",""h"":""256.32"",""l"":""251.98"",""c"":""256.13"",""v"":0,""src"":""BACKFILL""},{""o"":""253.21"",""h"":""254.80"",""l"":""251.32"",""c"":""253.90"",""v"":0,""src"":""BACKFILL""},{""o"":""253.27"",""h"":""254.70"",""l"":""247.89"",""c"":""252.94"",""v"":0,""src"":""BACKFILL""}]","[""69.17"",""39.25"",""69.64""]","[""255.58"",""255.33"",""254.20""]","[""255.29"",""255.27"",""253.69""]","[""255.86"",""254.92"",""254.52""]","[""255.63"",""255.19"",""254.24""]","[""254.44"",""254.52"",""252.97""]","[""3.42"",""0.23"",""0.55""]","[""0.1623"",""0.4465"",""0.1728""]","[""0.17"",""-0.32"",""0.17""]","[""0.62"",""-0.01"",""0.66""]",Accenture Plc,252.94,0,,,398.35,236.67,546,2670597,157544338164,20.13,1.3,28.42310168,0.0002044486682,-1.625700062,2.181465622,,21,70,,,FALSE,,2025-09-05 06:19:59,0
2025-09-02 8:07:28,Long Calls,,Costco Wholesale Corp.,COST,28.5,940,2025-09-25 0:00:00,3,2025-05-29 16:15:00,2025-08-14 12:38:32,943.32,2025-08-29 0:00:00,4,43,3,28.9,30.2,2025-09-26 0:00:00,,0.0322,2110372.556,"[""0.002766"",""0.010734"",""0.020745""]",2025-09-04,"[""0.002766"",""0.010734"",""0.020745""]","[""0.003638"",""0.003223"",""0.000000""]",939.67,955.9,959.5,,,,,3.33,"[{""o"":""939.79"",""h"":""942.60"",""l"":""936.58"",""c"":""939.03"",""v"":0,""src"":""BACKFILL""},{""o"":""939.45"",""h"":""950.09"",""l"":""936.97"",""c"":""950.09"",""v"":0,""src"":""BACKFILL""},{""o"":""953.40"",""h"":""959.50"",""l"":""951.11"",""c"":""955.90"",""v"":0,""src"":""BACKFILL""}]","[""59.08"",""72.22"",""53.33""]","[""938.11"",""948.66"",""958.07""]","[null,""947.44"",""958.29""]","[""940.98"",""949.12"",""957.96""]","[""938.44"",""948.62"",""958.02""]","[""940.67"",""941.92"",""944.82""]","[""0.80"",""5.06"",""8.93""]","[""0.8360"",""0.5114"",""0.4533""]","[""0.17"",""0.15"",""0.02""]","[""0.19"",""0.87"",""1.43""]",Costco Wholesale Corp,955.9,0,,,1078.23,867.16,7010,2145629,423919770717,54.22,0.97,16.95315417,0.003267107221,0.671918443,-1.307095069,,21,70,,,FALSE,,2025-09-05 06:19:59,0
2025-09-03 8:07:34,Long Calls,,Broadcom Inc.,AVGO,10.67,297.5,2025-09-04 0:00:00,3,2025-06-05 16:15:00,2025-08-04 8:05:55,298.24,2025-09-02 0:00:00,4,1157,1465,10.5,10.7,2025-09-05 0:00:00,0.0686,0.1128,20193997.97,"[""0.023361"",""0.037916""]",2025-09-04,"[""0.023361"",""0.037916""]","[""0.000000"",""0.000000""]",306.1,308.78,,,,,,,"[{""o"":""302.77"",""h"":""304.45"",""l"":""299.14"",""c"":""302.39"",""v"":0,""src"":""BACKFILL""},{""o"":""305.50"",""h"":""308.78"",""l"":""302.25"",""c"":""306.10"",""v"":0,""src"":""BACKFILL""}]","[""48.25"",""90.62""]","[""306.16"",""302.46""]","[""306.24"",""301.13""]","[""306.20"",""303.81""]","[""306.19"",""302.66""]","[""304.03"",""302.61""]","[""2.00"",""2.05""]","[""0.3935"",""0.7612""]","[""-0.02"",""1.46""]","[""0.09"",""1.41""]",Broadcom Inc,306.1,0,,,317.35,134.9,5244793,14946309,1439732807907,78.2,0.95,29.22833285,0.35090891,1.948376353,1.468492061,,0,40,,,FALSE,,2025-09-05 06:19:59,0
2025-09-03 8:07:34,Long Calls,,"UiPath, Inc.",PATH,0.86,10.5,2025-09-04 0:00:00,3,2025-05-29 16:10:00,2025-08-07 16:39:24,10.9,2025-09-02 0:00:00,5,129,195,0.85,0.87,2025-09-05 0:00:00,0.1211,0.1108,11197216.07,"[""0.040000"",""0.041429""]",2025-09-04,"[""0.040000"",""0.041429""]","[""0.000000"",""0.001905""]",10.51,10.94,,,,,,21.75,"[{""o"":""10.86"",""h"":""10.92"",""l"":""10.78"",""c"":""10.88"",""v"":0,""src"":""BACKFILL""},{""o"":""10.93"",""h"":""10.94"",""l"":""10.48"",""c"":""10.85"",""v"":0,""src"":""BACKFILL""}]","[""63.20"",""61.71""]","[""10.90"",""10.89""]","[""10.88"",""10.86""]","[""10.90"",""10.90""]","[""10.90"",""10.89""]","[""10.84"",""10.74""]","[""1.65"",""0.92""]","[""0.0105"",""0.0213""]","[""0.17"",""0.29""]","[""0.67"",""1.66""]",UiPath Inc,10.85,0,,,15.93,9.38,1194744,6558036,5805171184,,1.02,32.97197202,0.1821801527,-2.603231598,-3.297682709,,0,40,,,FALSE,,2025-09-05 06:19:59,0
2025-09-03 8:07:34,Long Calls,,Planet Labs PBC ,PL,0.65,6.5,2025-09-08 0:00:00,1,2004-11-02 7:00:10,2025-08-07 9:40:58,6.65,2025-09-02 0:00:00,5,11,24,0.7,0.8,2025-09-12 0:00:00,0.2256,0.192,7870589.445,"[""0.033846"",""0.007692""]",2025-09-04,"[""0.033846"",""0.007692""]","[""0.010769"",""0.032308""]",6.38,6.55,,,,,,0.24,"[{""o"":""6.70"",""h"":""6.72"",""l"":""6.43"",""c"":""6.44"",""v"":0,""src"":""BACKFILL""},{""o"":""6.55"",""h"":""6.55"",""l"":""6.29"",""c"":""6.46"",""v"":0,""src"":""BACKFILL""}]","[null,""17.83""]","[null,""6.46""]","[null,""6.48""]","[""6.71"",""6.45""]","[null,""6.46""]","[""6.71"",""6.56""]","[""1.56"",""4.72""]","[null,""0.0259""]","[null,""-1.31""]","[""0.19"",""-2.79""]",Planet Labs PBC,6.46,0,,,7.72,1.76,111217,3640587,1960163625,,1.81,46.21679752,0.0305491944,-8.757062147,2.215189873,,7,54,,,FALSE,,2025-09-05 06:19:59,0
2025-09-03 8:07:34,Long Calls,,"Casey’s General Stores, Inc.",CASY,21.53,490,2025-09-08 0:00:00,3,2025-06-09 16:30:00,2025-08-18 17:35:44,497.98,2025-09-02 0:00:00,5,14,1,22.5,25.5,2025-09-19 0:00:00,0.0509,0.0729,368390.031,"[""0.022776"",""0.023939""]",2025-09-04,"[""0.022776"",""0.023939""]","[""0.000000"",""0.000000""]",498.18,501.73,,,,,,,"[{""o"":""498.38"",""h"":""501.16"",""l"":""496.55"",""c"":""500.05"",""v"":0,""src"":""BACKFILL""},{""o"":""501.73"",""h"":""501.73"",""l"":""494.64"",""c"":""498.18"",""v"":0,""src"":""BACKFILL""}]","[""68.60"",""74.82""]","[""496.26"",""498.73""]","[""496.01"",""498.76""]","[""500.17"",""499.79""]","[""496.72"",""499.14""]","[""499.59"",""499.09""]","[""3.23"",""0.77""]","[""0.3849"",""0.5415""]","[""0.39"",""0.60""]","[""0.31"",""0.53""]",Caseys General Stores Inc,498.18,0,,,531.24,362.42,72,184603,18522820344,34.04,0.66,11.80685994,0.0003900261643,-0.0220754982,-4.46988437,,14,68,,,FALSE,,2025-09-05 06:19:59,0
2025-09-03 8:07:34,Long Calls,,"SailPoint, Inc.",SAIL,2.25,20,2025-09-09 0:00:00,1,2025-06-11 7:00:00,2025-08-12 9:34:18,20.98,2025-09-02 0:00:00,5,997,77,2.1,2.2,2025-09-19 0:00:00,0.1656,0.0792,,"[""0.052000"",""0.060500""]",2025-09-04,"[""0.052000"",""0.060500""]","[""0.000000"",""0.000000""]",21.06,21.21,,,,,,,"[{""o"":""20.78"",""h"":""21.04"",""l"":""20.59"",""c"":""21.04"",""v"":0,""src"":""BACKFILL""},{""o"":""20.94"",""h"":""21.21"",""l"":""20.54"",""c"":""21.06"",""v"":0,""src"":""BACKFILL""}]","[""74.56"",""70.68""]","[""20.94"",""21.13""]","[""20.89"",""21.11""]","[""20.99"",""21.16""]","[""20.95"",""21.14""]","[""20.87"",""20.89""]","[""3.38"",""1.64""]","[""0.0292"",""0.0202""]","[""0.49"",""0.39""]","[""0.84"",""1.52""]",Sailpoint Inc,21.06,0,,,26.35,15.05,1050,1532850,11721755618,,,49.48483952,0.0006849985321,3.387334315,4.051383399,,14,68,,,FALSE,,2025-09-05 06:19:59,0
2025-09-03 8:07:34,Long Calls,,"Synopsys, Inc.",SNPS,40.1,560,2025-09-09 0:00:00,3,2025-05-28 16:05:00,2025-09-03 5:37:10,592.01,2025-09-02 0:00:00,5,0,2,38.1,43.8,2025-09-12 0:00:00,0.086,0.0491,1510821.368,"[""0.060179"",""0.076518""]",2025-09-04,"[""0.060179"",""0.076518""]","[""0.000000"",""0.000000""]",601.96,602.85,,,,,,,"[{""o"":""593.15"",""h"":""593.70"",""l"":""586.77"",""c"":""591.53"",""v"":0,""src"":""BACKFILL""},{""o"":""591.99"",""h"":""602.85"",""l"":""584.00"",""c"":""601.96"",""v"":0,""src"":""BACKFILL""}]","[""51.16"",""62.22""]","[""601.87"",""601.83""]","[""601.68"",""601.62""]","[""602.08"",""602.13""]","[""601.93"",""601.92""]","[""593.47"",""594.78""]","[""2.06"",""3.57""]","[""0.4173"",""0.3911""]","[""0.01"",""0.14""]","[""0.01"",""1.33""]",Synopsys Inc,601.96,0,,,651.73,365.74,1138,1145662,111388789325,43.46,1.14,30.28494977,0.0009933121636,-0.2006067941,-3.821818879,,7,54,,,FALSE,,2025-09-05 06:19:59,0
2025-09-03 8:07:34,Long Calls,,Oracle Corp.,ORCL,10.89,225,2025-09-09 0:00:00,3,2025-06-11 16:05:00,2025-09-02 16:01:33,225.3,2025-09-02 0:00:00,5,364,281,11,11.15,2025-09-12 0:00:00,0.0969,0.0993,11886897.86,"[""0.000412""]",2025-09-03,"[""0.000412"",""0.000000""]","[""0.014444"",""0.024177""]",223,223.57,,,,,,-0.26,"[{""o"":""223.76"",""h"":""225.09"",""l"":""221.75"",""c"":""223.46"",""v"":0,""src"":""BACKFILL""},{""o"":""222.00"",""h"":""223.57"",""l"":""219.56"",""c"":""223.00"",""v"":0,""src"":""BACKFILL""}]","[""74.20"",""71.46""]","[""224.52"",""222.84""]","[""224.18"",""222.48""]","[""224.75"",""223.30""]","[""224.54"",""222.97""]","[""224.16"",""222.24""]","[""2.00"",""1.12""]","[""0.1742"",""0.1646""]","[""0.22"",""0.28""]","[""0.38"",""0.56""]",Oracle Corp,223,0,,,260.87,118.86,186130,7403128,626369759000,51.36,1.46,34.33728032,0.02514207508,-5.432339595,-13.03669617,,7,54,,,FALSE,,2025-09-05 06:19:59,0
2025-09-03 8:07:34,Long Calls,,"AeroVironment, Inc",AVAV,14.2,240,2025-09-09 0:00:00,3,2025-06-24 16:05:00,2025-08-28 10:13:22,240.02,2025-09-02 0:00:00,5,74,8,14.7,15.3,2025-09-12 0:00:00,0.1356,0.138,1136782.459,"[""0.017500""]",2025-09-03,"[""0.017500"",""0.000000""]","[""0.010417"",""0.078958""]",226.76,238.14,,,,,,-0.1,"[{""o"":""244.20"",""h"":""244.20"",""l"":""237.50"",""c"":""238.24"",""v"":0,""src"":""BACKFILL""},{""o"":""237.58"",""h"":""238.14"",""l"":""221.05"",""c"":""226.76"",""v"":0,""src"":""BACKFILL""}]","[""72.01"",""23.73""]","[""225.44"",""238.08""]","[""225.17"",""238.04""]","[""226.28"",""237.86""]","[""225.73"",""238.02""]","[""226.68"",""239.25""]","[""NaN"",""3.43""]","[""0.3313"",""0.3972""]","[""0.59"",""-0.85""]","[""0.03"",""-1.33""]","AeroVironment, Inc.",226.76,0,,,295.9,102.25,15043,514270,11322636735,146.46,1.02,32.53994841,0.02925117156,-8.368691154,-13.81223869,,7,54,,,FALSE,,2025-09-05 06:19:59,0
2025-09-03 8:07:34,Long Calls,,Kroger Co.,KR,2.24,68,2025-09-11 0:00:00,1,2025-06-20 8:00:00,2025-08-28 8:00:52,68.64,2025-09-02 0:00:00,5,92,20,2.33,2.46,2025-09-12 0:00:00,0.0606,0.0559,7148130.425,"[""0.003088"",""0.010662""]",2025-09-04,"[""0.003088"",""0.010662""]","[""0.010000"",""0.003971""]",68.02,68.72,,,,,,2.68,"[{""o"":""67.61"",""h"":""68.21"",""l"":""67.32"",""c"":""68.20"",""v"":0,""src"":""BACKFILL""},{""o"":""68.46"",""h"":""68.72"",""l"":""67.73"",""c"":""67.84"",""v"":0,""src"":""BACKFILL""}]","[""75.45"",""66.68""]","[""67.99"",""68.46""]","[""67.87"",""68.17""]","[""68.11"",""68.58""]","[""68.02"",""68.46""]","[""67.73"",""67.81""]","[""3.43"",""0.51""]","[""0.0526"",""0.1022""]","[""0.32"",""0.31""]","[""0.69"",""1.27""]",Kroger Co,67.84,0,,,74.9,50.69,4863,5222304,44852807050,18.44,0.59,24.04186119,0.0009311981838,-0.2059429244,-7.98860708,,7,54,,,FALSE,,2025-09-05 06:19:59,0
2025-09-03 8:07:34,Long Calls,,Adobe Inc.,ADBE,17.38,345,2025-09-11 0:00:00,3,2025-06-12 16:05:00,2025-09-02 16:12:26,345.63,2025-09-02 0:00:00,5,187,372,17.85,18.25,2025-09-12 0:00:00,0.1026,0.1159,3812081.016,"[""0.010174""]",2025-09-03,"[""0.010174"",""0.000000""]","[""0.004232"",""0.035777""]",344.31,344.4,,,,,,-0.05,"[{""o"":""345.46"",""h"":""348.51"",""l"":""343.54"",""c"":""348.50"",""v"":0,""src"":""BACKFILL""},{""o"":""342.10"",""h"":""344.40"",""l"":""332.66"",""c"":""344.31"",""v"":0,""src"":""BACKFILL""}]","[""74.51"",""69.50""]","[""347.25"",""343.33""]","[""346.61"",""343.06""]","[""347.88"",""343.81""]","[""347.38"",""343.46""]","[""346.57"",""342.00""]","[""4.63"",""3.66""]","[""0.3160"",""0.2870""]","[""0.36"",""0.28""]","[""0.56"",""0.67""]",Adobe Inc,344.31,0,,,587.75,330.04,18985,2363230,146056300964,22.03,1.48,26.90587831,0.008033496528,-3.378700716,-0.3790289914,,7,54,,,FALSE,,2025-09-05 06:19:59,0
2025-09-03 8:07:34,Long Calls,,Ferguson plc,FERG,21.28,210,2025-09-16 0:00:00,1,2025-06-03 6:45:00,2025-09-02 6:55:55,229.69,2025-09-02 0:00:00,5,16,5,20.9,23.9,2025-09-19 0:00:00,0.0632,0.0947,1442833.086,"[""0.100143"",""0.134333""]",2025-09-04,"[""0.100143"",""0.134333""]","[""0.000000"",""0.000000""]",238.17,238.21,,,,,,,"[{""o"":""230.95"",""h"":""231.03"",""l"":""228.97"",""c"":""229.82"",""v"":0,""src"":""BACKFILL""},{""o"":""230.85"",""h"":""238.21"",""l"":""230.14"",""c"":""238.17"",""v"":0,""src"":""BACKFILL""}]","[""78.34"",""76.97""]","[""237.30"",""237.22""]","[""236.90"",""236.87""]","[""237.76"",""237.65""]","[""237.40"",""237.32""]","[""230.86"",""234.61""]","[""2.00"",""4.55""]","[""0.2109"",""0.2195""]","[""0.37"",""0.36""]","[""-0.04"",""1.47""]",Ferguson Enterprises Inc,238.17,0,,,238.21,146,379,770999,38448895690,29.73,1.12,18.49624897,0.000491570028,1.297209935,6.850605653,,14,68,,,FALSE,,2025-09-05 06:19:59,0
2025-09-03 8:07:34,Long Calls,,"Yext, Inc.",YEXT,1.1,8,2025-09-17 0:00:00,3,2025-06-03 16:05:00,,8.97,2025-09-02 0:00:00,5,52,24,1.05,1.15,2025-09-19 0:00:00,0.0753,0.1237,972465.7665,"[""0.146250"",""0.138750""]",2025-09-04,"[""0.146250"",""0.138750""]","[""0.000000"",""0.000000""]",9.06,9.11,,,,,,,"[{""o"":""9.03"",""h"":""9.17"",""l"":""8.99"",""c"":""9.16"",""v"":0,""src"":""BACKFILL""},{""o"":""9.08"",""h"":""9.11"",""l"":""8.99"",""c"":""9.06"",""v"":0,""src"":""BACKFILL""}]","[""63.94"",""61.64""]","[""9.16"",""9.08""]","[""9.15"",""9.05""]","[""9.16"",""9.10""]","[""9.15"",""9.08""]","[""9.11"",""9.10""]","[""2.06"",""1.76""]","[""0.0088"",""0.0077""]","[""0.16"",""0.15""]","[""0.63"",""-0.03""]",Yext Inc,9.06,0,,,9.2,5.51,2649,1176790,1108923213,,1.01,42.6766331,0.002251038843,-0.6578947368,12.68656716,,14,68,,,FALSE,,2025-09-05 06:19:59,0
2025-09-03 8:07:34,Long Calls,,"Micron Technology, Inc.",MU,7.5,118,2025-09-23 0:00:00,3,2025-06-25 16:01:00,2025-08-28 16:15:07,118.48,2025-09-02 0:00:00,5,1423,21,7.35,7.55,2025-09-26 0:00:00,,0.102,20642599.1,"[""0.006568"",""0.054322""]",2025-09-04,"[""0.006568"",""0.054322""]","[""0.005975"",""0.000000""]",124.21,124.41,,,,,,9.09,"[{""o"":""118.63"",""h"":""118.78"",""l"":""117.29"",""c"":""118.71"",""v"":0,""src"":""BACKFILL""},{""o"":""118.85"",""h"":""124.41"",""l"":""118.52"",""c"":""124.21"",""v"":0,""src"":""BACKFILL""}]","[""75.98"",""75.37""]","[""118.36"",""123.78""]","[""118.16"",""123.56""]","[""118.59"",""124.01""]","[""118.41"",""123.82""]","[""118.10"",""120.60""]","[""4.60"",""3.33""]","[""0.1029"",""0.1461""]","[""0.29"",""0.43""]","[""0.52"",""3.08""]",Micron Technology Inc,124.21,0,,,129.85,61.54,505113,13174938,139006391015,22.52,1.47,43.21932328,0.03833892805,5.486199575,14.18459276,,21,70,,,FALSE,,2025-09-05 06:19:59,0
2025-09-03 8:07:34,Long Calls,,Accenture Ltd.,ACN,11.27,255,2025-09-25 0:00:00,1,2025-06-20 6:39:00,2025-08-14 12:39:01,256.17,2025-09-02 0:00:00,4,211,11,11.1,11.7,2025-09-26 0:00:00,,0.0722,3645078.558,[null],,"[""0.000000"",""0.000000""]","[""0.014431"",""0.027882""]",252.94,254.7,,,,,,-0.04,"[{""o"":""252.55"",""h"":""254.33"",""l"":""251.32"",""c"":""253.90"",""v"":0,""src"":""BACKFILL""},{""o"":""253.27"",""h"":""254.70"",""l"":""247.89"",""c"":""252.94"",""v"":0,""src"":""BACKFILL""}]","[""74.88"",""69.64""]","[""253.76"",""254.20""]","[""253.54"",""253.69""]","[""253.95"",""254.52""]","[""253.79"",""254.24""]","[""252.88"",""252.00""]","[""2.17"",""0.55""]","[""0.1337"",""0.1728""]","[""0.15"",""0.17""]","[""0.50"",""1.05""]",Accenture Plc,252.94,0,,,398.35,236.67,546,2670597,157544338164,20.13,1.3,28.42310168,0.0002044486682,-1.625700062,2.181465622,,21,70,,,FALSE,,2025-09-05 06:19:59,0
2025-09-03 8:07:34,Long Calls,,Costco Wholesale Corp.,COST,29.29,935,2025-09-25 0:00:00,3,2025-05-29 16:15:00,2025-08-14 12:38:32,938.82,2025-09-02 0:00:00,4,22,8,28.1,30.5,2025-09-26 0:00:00,,0.0322,2106948.35,"[""0.016139"",""0.026203""]",2025-09-04,"[""0.016139"",""0.026203""]","[""0.000000"",""0.000000""]",955.9,959.5,,,,,,,"[{""o"":""943.95"",""h"":""950.09"",""l"":""943.17"",""c"":""950.09"",""v"":0,""src"":""BACKFILL""},{""o"":""953.40"",""h"":""959.50"",""l"":""951.11"",""c"":""955.90"",""v"":0,""src"":""BACKFILL""}]","[""72.22"",""53.33""]","[""948.66"",""958.07""]","[""947.44"",""958.29""]","[""949.12"",""957.96""]","[""948.62"",""958.02""]","[""946.69"",""950.41""]","[""5.06"",""8.93""]","[""0.5114"",""0.4533""]","[""0.15"",""0.02""]","[""0.36"",""0.83""]",Costco Wholesale Corp,955.9,0,,,1078.23,867.16,7010,2145629,423919770717,54.22,0.97,16.95315417,0.003267107221,0.671918443,-1.307095069,,21,70,,,FALSE,,2025-09-05 06:19:59,0
2025-09-03 8:07:34,Long Calls,,Carnival Corp.,CCL,1.8,31,2025-09-29 0:00:00,1,2025-06-24 9:15:00,,31.16,2025-09-02 0:00:00,5,45,258,1.79,1.96,2025-10-03 0:00:00,,0.0409,22080691.86,"[""0.019516"",""0.029516""]",2025-09-04,"[""0.019516"",""0.029516""]","[""0.000000"",""0.000000""]",31.76,31.92,,,,,,,"[{""o"":""31.59"",""h"":""31.60"",""l"":""31.11"",""c"":""31.33"",""v"":0,""src"":""BACKFILL""},{""o"":""31.41"",""h"":""31.92"",""l"":""31.18"",""c"":""31.76"",""v"":0,""src"":""BACKFILL""}]","[""43.61"",""69.73""]","[""31.78"",""31.85""]","[""31.81"",""31.75""]","[""31.77"",""31.88""]","[""31.78"",""31.84""]","[""31.60"",""31.44""]","[""2.00"",""1.12""]","[""0.0253"",""0.0254""]","[""-0.08"",""0.19""]","[""0.03"",""1.49""]",Carnival Corp,31.76,0,,,32.77,15.07,149208,10453199,41305500057,17.33,2.7,33.08480528,0.01427390792,-1.793444651,8.618331053,,28,70,,,FALSE,,2025-09-05 06:19:59,0
2025-09-03 8:07:34,Long Calls,,Nike Inc,NKE,4.25,74,2025-09-30 0:00:00,3,2025-06-26 16:15:00,2025-08-28 16:19:13,74.29,2025-09-02 0:00:00,5,14,16,4.05,4.2,2025-10-03 0:00:00,,0.0908,14818735.35,"[""0.015946"",""0.023919""]",2025-09-04,"[""0.015946"",""0.023919""]","[""0.000000"",""0.000000""]",75.35,75.77,,,,,,,"[{""o"":""74.89"",""h"":""75.18"",""l"":""74.37"",""c"":""74.74"",""v"":0,""src"":""BACKFILL""},{""o"":""74.75"",""h"":""75.77"",""l"":""74.51"",""c"":""75.35"",""v"":0,""src"":""BACKFILL""}]","[""63.21"",""78.01""]","[""75.10"",""75.54""]","[""75.04"",""75.42""]","[""75.12"",""75.66""]","[""75.10"",""75.57""]","[""74.83"",""74.99""]","[""0.47"",""2.27""]","[""0.0389"",""0.0496""]","[""0.09"",""0.27""]","[""0.45"",""1.01""]",Nike Inc,75.35,0,,,90.62,52.28,66802,6354912,111284638796,34.82,1.24,26.11180552,0.01051186861,-3.471688445,-0.1722310546,,28,70,,,FALSE,,2025-09-05 06:19:59,0
2025-09-04 8:07:26,Long Calls,,Planet Labs PBC ,PL,1,6,2025-09-08 0:00:00,1,2004-11-02 7:00:10,2025-08-07 9:40:58,6.44,2025-09-03 0:00:00,5,213,6,0.8,0.9,2025-09-12 0:00:00,0.2135,0.192,7907869.218,"[""0.088333""]",2025-09-04,"[""0.088333""]","[""0.000000""]",6.53,,,,,,,,"[{""o"":""6.36"",""h"":""6.53"",""l"":""6.29"",""c"":""6.46"",""v"":0,""src"":""BACKFILL""}]","[""78.63""]","[""6.48""]","[""6.47""]","[""6.51""]","[""6.49""]","[""6.39""]","[""2.53""]","[""0.0098""]","[""0.64""]","[""2.18""]",Planet Labs PBC,6.46,0,,,7.72,1.76,111217,3640587,1960163625,,1.81,46.21679752,0.0305491944,-8.757062147,2.215189873,,7,54,,,FALSE,,2025-09-05 06:19:59,0
2025-09-04 8:07:26,Long Calls,,"Casey’s General Stores, Inc.",CASY,24.4,490,2025-09-08 0:00:00,3,2025-06-09 16:30:00,2025-08-18 17:35:44,499.6,2025-09-03 0:00:00,5,15,1,23,25.8,2025-09-19 0:00:00,0.0503,0.0729,366963.2534,"[""0.019225""]",2025-09-04,"[""0.019225""]","[""0.000000""]",499.42,,,,,,,,"[{""o"":""498.47"",""h"":""499.42"",""l"":""494.64"",""c"":""498.18"",""v"":0,""src"":""BACKFILL""}]",[null],[null],[null],[null],[null],"[""499.17""]","[""5.19""]",[null],[null],"[""0.05""]",Caseys General Stores Inc,498.18,0,,,531.24,362.42,72,184603,18522820344,34.04,0.66,11.80685994,0.0003900261643,-0.0220754982,-4.46988437,,14,68,,,FALSE,,2025-09-05 06:19:59,0
2025-09-04 8:07:26,Long Calls,,"AeroVironment, Inc",AVAV,17.7,237.5,2025-09-09 0:00:00,3,2025-06-24 16:05:00,2025-08-28 10:13:22,238.23,2025-09-03 0:00:00,5,5,4,14,16.2,2025-09-12 0:00:00,0.1226,0.138,1129651.699,[],2025-09-04,"[""0.000000""]","[""0.069263""]",232.05,,,,,,,0,"[{""o"":""231.93"",""h"":""232.05"",""l"":""221.05"",""c"":""226.76"",""v"":0,""src"":""BACKFILL""}]",[null],[null],[null],[null],[null],"[""231.95""]","[""1.42""]",[null],[null],"[""0.04""]","AeroVironment, Inc.",226.76,0,,,295.9,102.25,15043,514270,11322636735,146.46,1.02,32.53994841,0.02925117156,-8.368691154,-13.81223869,,7,54,,,FALSE,,2025-09-05 06:19:59,0
2025-09-04 8:07:26,Long Calls,,Oracle Corp.,ORCL,11.15,222.5,2025-09-09 0:00:00,3,2025-06-11 16:05:00,2025-09-04 7:53:18,223.45,2025-09-03 0:00:00,5,84,109,11.3,11.5,2025-09-12 0:00:00,0.0978,0.0993,11904783.35,"[""0.004809""]",2025-09-04,"[""0.004809""]","[""0.004899""]",223.57,,,,,,,0.98,"[{""o"":""222.11"",""h"":""223.57"",""l"":""221.41"",""c"":""223.00"",""v"":0,""src"":""BACKFILL""}]","[""71.46""]","[""222.84""]","[""222.48""]","[""223.30""]","[""222.97""]","[""222.19""]","[""1.12""]","[""0.1646""]","[""0.28""]","[""0.58""]",Oracle Corp,223,0,,,260.87,118.86,186130,7403128,626369759000,51.36,1.46,34.33728032,0.02514207508,-5.432339595,-13.03669617,,7,54,,,FALSE,,2025-09-05 06:19:59,0
2025-09-04 8:07:26,Long Calls,,"Synopsys, Inc.",SNPS,22.61,590,2025-09-09 0:00:00,3,2025-05-28 16:05:00,2025-09-03 5:37:10,592.12,2025-09-03 0:00:00,4,68,39,21.7,24.4,2025-09-19 0:00:00,0.0775,0.0491,1509492.201,"[""0.021780""]",2025-09-04,"[""0.021780""]","[""0.000000""]",602.85,,,,,,,,"[{""o"":""597.39"",""h"":""602.85"",""l"":""596.36"",""c"":""601.96"",""v"":0,""src"":""BACKFILL""}]","[""62.22""]","[""601.83""]","[""601.62""]","[""602.13""]","[""601.92""]","[""600.20""]","[""3.57""]","[""0.3911""]","[""0.14""]","[""0.42""]",Synopsys Inc,601.96,0,,,651.73,365.74,1138,1145662,111388789325,43.46,1.14,30.28494977,0.0009933121636,-0.2006067941,-3.821818879,,14,68,,,FALSE,,2025-09-05 06:19:59,0
2025-09-04 8:07:26,Long Calls,,Kroger Co.,KR,1.96,68,2025-09-11 0:00:00,1,2025-06-20 8:00:00,2025-08-28 8:00:52,68.2,2025-09-03 0:00:00,5,89,36,2.04,2.16,2025-09-12 0:00:00,0.06,0.0559,7124452.403,"[""0.007500""]",2025-09-04,"[""0.007500""]","[""0.003971""]",68.51,,,,,,,1.89,"[{""o"":""68.49"",""h"":""68.51"",""l"":""67.73"",""c"":""67.84"",""v"":0,""src"":""BACKFILL""}]","[""58.21""]",[null],[null],"[""68.44""]",[null],"[""68.42""]","[""1.18""]","[""0.0402""]",[null],"[""0.11""]",Kroger Co,67.84,0,,,74.9,50.69,4863,5222304,44852807050,18.44,0.59,24.04186119,0.0009311981838,-0.2059429244,-7.98860708,,7,54,,,FALSE,,2025-09-05 06:19:59,0
2025-09-04 8:07:26,Long Calls,,Adobe Inc.,ADBE,17.5,347.5,2025-09-11 0:00:00,3,2025-06-12 16:05:00,2025-09-02 16:12:26,348.5,2025-09-03 0:00:00,5,3,122,17.75,18.15,2025-09-12 0:00:00,0.1004,0.1159,3816053.07,[],,"[""0.000000""]","[""0.022993""]",344.4,,,,,,,0,"[{""o"":""340.97"",""h"":""344.40"",""l"":""339.51"",""c"":""344.31"",""v"":0,""src"":""BACKFILL""}]","[""69.50""]","[""343.33""]","[""343.06""]","[""343.81""]","[""343.46""]","[""342.26""]","[""3.66""]","[""0.2870""]","[""0.28""]","[""0.60""]",Adobe Inc,344.31,0,,,587.75,330.04,18985,2363230,146056300964,22.03,1.48,26.90587831,0.008033496528,-3.378700716,-0.3790289914,,7,54,,,FALSE,,2025-09-05 06:19:59,0
2025-09-04 8:07:26,Long Calls,,"Micron Technology, Inc.",MU,7.43,118,2025-09-23 0:00:00,3,2025-06-25 16:01:00,2025-08-28 16:15:07,118.72,2025-09-03 0:00:00,5,1431,80,7.4,7.55,2025-09-26 0:00:00,,0.102,20534031.6,"[""0.054322""]",2025-09-04,"[""0.054322""]","[""0.000000""]",124.41,,,,,,,,"[{""o"":""119.61"",""h"":""124.41"",""l"":""119.34"",""c"":""124.21"",""v"":0,""src"":""BACKFILL""}]","[""75.37""]","[""123.78""]","[""123.56""]","[""124.01""]","[""123.82""]","[""122.19""]","[""3.33""]","[""0.1461""]","[""0.43""]","[""1.73""]",Micron Technology Inc,124.21,0,,,129.85,61.54,505113,13174938,139006391015,22.52,1.47,43.21932328,0.03833892805,5.486199575,14.18459276,,21,70,,,FALSE,,2025-09-05 06:19:59,0
2025-09-04 8:07:26,Long Calls,,Costco Wholesale Corp.,COST,26.13,945,2025-09-25 0:00:00,3,2025-05-29 16:15:00,2025-08-14 12:38:32,949.78,2025-09-03 0:00:00,4,32,4,26.8,29.65,2025-09-26 0:00:00,,0.0322,2096842.197,"[""0.015344""]",2025-09-04,"[""0.015344""]","[""0.000000""]",959.5,,,,,,,,"[{""o"":""958.41"",""h"":""959.50"",""l"":""953.11"",""c"":""955.90"",""v"":0,""src"":""BACKFILL""}]","[""53.26""]","[""958.07""]","[""958.29""]","[""957.96""]","[""958.02""]","[""958.39""]","[""8.93""]","[""0.4522""]","[""0.02""]","[""-0.01""]",Costco Wholesale Corp,955.9,0,,,1078.23,867.16,7010,2145629,423919770717,54.22,0.97,16.95315417,0.003267107221,0.671918443,-1.307095069,,21,70,,,FALSE,,2025-09-05 06:19:59,0
2025-09-04 8:07:26,Long Calls,,Carnival Corp.,CCL,2.05,31,2025-09-29 0:00:00,1,2025-06-24 9:15:00,,31.33,2025-09-03 0:00:00,5,28,44,2.03,2.08,2025-10-10 0:00:00,,0.0409,22022727.89,"[""0.029516""]",2025-09-04,"[""0.029516""]","[""0.000000""]",31.92,,,,,,,,"[{""o"":""31.57"",""h"":""31.92"",""l"":""31.53"",""c"":""31.76"",""v"":0,""src"":""BACKFILL""}]","[""71.43""]","[""31.85""]",[null],"[""31.88""]","[""31.84""]","[""31.77""]","[""1.12""]","[""0.0254""]","[""0.19""]","[""0.42""]",Carnival Corp,31.76,0,,,32.77,15.07,149208,10453199,41305500057,17.33,2.7,33.08480528,0.01427390792,-1.793444651,8.618331053,,35,70,,,FALSE,,2025-09-05 06:19:59,0
2025-09-04 8:07:26,Long Calls,,Nike Inc,NKE,4.35,74,2025-09-30 0:00:00,3,2025-06-26 16:15:00,2025-08-28 16:19:13,74.74,2025-09-03 0:00:00,5,25,23,4.3,4.4,2025-10-03 0:00:00,,0.0908,14749740.57,"[""0.023919""]",2025-09-04,"[""0.023919""]","[""0.000000""]",75.77,,,,,,,,"[{""o"":""75.25"",""h"":""75.77"",""l"":""74.99"",""c"":""75.35"",""v"":0,""src"":""BACKFILL""}]","[""78.01""]","[""75.54""]","[""75.42""]","[""75.66""]","[""75.57""]","[""75.30""]","[""2.27""]","[""0.0496""]","[""0.27""]","[""0.59""]",Nike Inc,75.35,0,,,90.62,52.28,66802,6354912,111284638796,34.82,1.24,26.11180552,0.01051186861,-3.471688445,-0.1722310546,,28,70,,,FALSE,,2025-09-05 06:19:59,0
2025-09-05 8:07:28,Long Calls,,Planet Labs PBC ,PL,0.88,6,2025-09-08 0:00:00,1,2004-11-02 7:00:10,2025-08-07 9:40:58,6.46,2025-09-04 0:00:00,5,219,36,0.8,0.9,2025-09-12 0:00:00,0.2128,0.192,7963783.601,,,,,,,,,,,,,,,,,,,,,,,,Planet Labs PBC,6.46,0,,,7.72,1.76,111217,3640587,1960163625,,1.81,46.21679752,0.0305491944,-8.757062147,2.215189873,,7,54,,,FALSE,,2025-09-05 06:19:59,0
2025-09-05 8:07:28,Long Calls,,"Casey’s General Stores, Inc.",CASY,21.6,490,2025-09-08 0:00:00,3,2025-06-09 16:30:00,2025-08-18 17:35:44,498.18,2025-09-04 0:00:00,5,15,2,21.6,24.5,2025-09-19 0:00:00,0.048,0.0729,364748.0931,,,,,,,,,,,,,,,,,,,,,,,,Caseys General Stores Inc,498.18,0,,,531.24,362.42,72,184603,18522820344,34.04,0.66,11.80685994,0.0003900261643,-0.0220754982,-4.46988437,,14,68,,,FALSE,,2025-09-05 06:19:59,0
2025-09-05 8:07:28,Long Calls,,"SailPoint, Inc.",SAIL,2.15,20,2025-09-09 0:00:00,1,2025-06-11 7:00:00,2025-08-12 9:34:18,21.06,2025-09-04 0:00:00,5,1050,4,2.05,2.25,2025-09-19 0:00:00,0.1306,0.0792,,,,,,,,,,,,,,,,,,,,,,,,,Sailpoint Inc,21.06,0,,,26.35,15.05,1050,1532850,11721755618,,,49.48483952,0.0006849985321,3.387334315,4.051383399,,14,68,,,FALSE,,2025-09-05 06:19:59,0
2025-09-05 8:07:28,Long Calls,,"Synopsys, Inc.",SNPS,29.5,590,2025-09-09 0:00:00,3,2025-05-28 16:05:00,2025-09-03 5:37:10,601.96,2025-09-04 0:00:00,4,107,13,28.8,30.5,2025-09-19 0:00:00,0.0572,0.0491,1509237.122,,,,,,,,,,,,,,,,,,,,,,,,Synopsys Inc,601.96,0,,,651.73,365.74,1138,1145662,111388789325,43.46,1.14,30.28494977,0.0009933121636,-0.2006067941,-3.821818879,,14,68,,,FALSE,,2025-09-05 06:19:59,0
2025-09-05 8:07:28,Long Calls,,Oracle Corp.,ORCL,10.55,222.5,2025-09-09 0:00:00,3,2025-06-11 16:05:00,2025-09-04 7:53:18,223,2025-09-04 0:00:00,5,172,470,10.75,10.95,2025-09-12 0:00:00,0.095,0.0993,11958276.63,,,,,,,,,,,,,,,,,,,,,,,,Oracle Corp,223,0,,,260.87,118.86,186130,7403128,626369759000,51.36,1.46,34.33728032,0.02514207508,-5.432339595,-13.03669617,,7,54,,,FALSE,,2025-09-05 06:19:59,0
2025-09-05 8:07:28,Long Calls,,"AeroVironment, Inc",AVAV,15,225,2025-09-09 0:00:00,3,2025-06-24 16:05:00,2025-08-28 10:13:22,226.76,2025-09-04 0:00:00,5,110,135,14.6,15.3,2025-09-12 0:00:00,0.1286,0.138,1148190.114,,,,,,,,,,,,,,,,,,,,,,,,"AeroVironment, Inc.",226.76,0,,,295.9,102.25,15043,514270,11322636735,146.46,1.02,32.53994841,0.02925117156,-8.368691154,-13.81223869,,7,54,,,FALSE,,2025-09-05 06:19:59,0
2025-09-05 8:07:28,Long Calls,,Kroger Co.,KR,2.34,67.5,2025-09-11 0:00:00,1,2025-06-20 8:00:00,2025-08-28 8:00:52,67.84,2025-09-04 0:00:00,5,691,12,2.28,2.35,2025-09-19 0:00:00,0.0566,0.0559,7098337.407,,,,,,,,,,,,,,,,,,,,,,,,Kroger Co,67.84,0,,,74.9,50.69,4863,5222304,44852807050,18.44,0.59,24.04186119,0.0009311981838,-0.2059429244,-7.98860708,,14,68,,,FALSE,,2025-09-05 06:19:59,0
2025-09-05 8:07:28,Long Calls,,Adobe Inc.,ADBE,17,342.5,2025-09-11 0:00:00,3,2025-06-12 16:05:00,2025-09-02 16:12:26,344.31,2025-09-04 0:00:00,5,72,89,16.85,17.25,2025-09-12 0:00:00,0.0942,0.1159,3835376.414,,,,,,,,,,,,,,,,,,,,,,,,Adobe Inc,344.31,0,,,587.75,330.04,18985,2363230,146056300964,22.03,1.48,26.90587831,0.008033496528,-3.378700716,-0.3790289914,,7,54,,,FALSE,,2025-09-05 06:19:59,0
2025-09-05 8:07:28,Long Calls,,Ferguson plc,FERG,28.4,210,2025-09-16 0:00:00,1,2025-06-03 6:45:00,2025-09-02 6:55:55,238.17,2025-09-04 0:00:00,5,17,10,28.3,30.9,2025-09-19 0:00:00,0.0619,0.0947,1446759.631,,,,,,,,,,,,,,,,,,,,,,,,Ferguson Enterprises Inc,238.17,0,,,238.21,146,379,770999,38448895690,29.73,1.12,18.49624897,0.000491570028,1.297209935,6.850605653,,14,68,,,FALSE,,2025-09-05 06:19:59,0
2025-09-05 8:07:28,Long Calls,,"Micron Technology, Inc.",MU,7.5,124,2025-09-23 0:00:00,3,2025-06-25 16:01:00,2025-08-28 16:15:07,124.21,2025-09-04 0:00:00,5,206,25,7.35,7.5,2025-09-26 0:00:00,,0.102,20521221.35,,,,,,,,,,,,,,,,,,,,,,,,Micron Technology Inc,124.21,0,,,129.85,61.54,505113,13174938,139006391015,22.52,1.47,43.21932328,0.03833892805,5.486199575,14.18459276,,21,70,,,FALSE,,2025-09-05 06:19:59,0
2025-09-05 8:07:28,Long Calls,,Costco Wholesale Corp.,COST,26.75,955,2025-09-25 0:00:00,3,2025-05-29 16:15:00,2025-08-14 12:38:32,955.9,2025-09-04 0:00:00,4,42,18,26,28,2025-09-26 0:00:00,,0.0322,2093324.518,,,,,,,,,,,,,,,,,,,,,,,,Costco Wholesale Corp,955.9,0,,,1078.23,867.16,7010,2145629,423919770717,54.22,0.97,16.95315417,0.003267107221,0.671918443,-1.307095069,,21,70,,,FALSE,,2025-09-05 06:19:59,0
2025-09-05 8:07:28,Long Calls,,Carnival Corp.,CCL,2.18,31,2025-09-29 0:00:00,1,2025-06-24 9:15:00,,31.76,2025-09-04 0:00:00,5,246,11,2.14,2.26,2025-10-03 0:00:00,,0.0409,21977366,,,,,,,,,,,,,,,,,,,,,,,,Carnival Corp,31.76,0,,,32.77,15.07,149208,10453199,41305500057,17.33,2.7,33.08480528,0.01427390792,-1.793444651,8.618331053,,28,70,,,FALSE,,2025-09-05 06:19:59,0
2025-09-05 8:07:28,Long Calls,,Nike Inc,NKE,4.17,75,2025-09-30 0:00:00,3,2025-06-26 16:15:00,2025-08-28 16:19:13,75.35,2025-09-04 0:00:00,5,107,887,4.1,4.25,2025-10-03 0:00:00,,0.0908,14682440.5,,,,,,,,,,,,,,,,,,,,,,,,Nike Inc,75.35,0,,,90.62,52.28,66802,6354912,111284638796,34.82,1.24,26.11180552,0.01051186861,-3.471688445,-0.1722310546,,28,70,,,FALSE,,2025-09-05 06:19:59,0