ticker,strat_combo,feature,n,pearson,spearman
IWM,11_inside_compression,rsi_9,566,-0.0005,-0.0003
IWM,11_inside_compression,rsi_14,566,-0.0045,0.0063
IWM,11_inside_compression,stoch_rsi_k,566,0.0268,0.006
IWM,11_inside_compression,stoch_rsi_d,566,0.0156,-0.004
IWM,11_inside_compression,ema_9,566,-0.0823,-0.064
IWM,11_inside_compression,ema_20,566,-0.0822,-0.0645
IWM,11_inside_compression,ema_50,565,-0.0811,-0.0621
IWM,11_inside_compression,sma_50,565,-0.0808,-0.0616
IWM,11_inside_compression,sma_200,564,-0.0851,-0.0699
IWM,11_inside_compression,macd,565,-0.0165,0.0274
IWM,11_inside_compression,macd_signal,565,-0.0272,0.0372
IWM,11_inside_compression,macd_histogram,565,0.03,-0.0278
IWM,11_inside_compression,atr_14,566,-0.0116,0.0301
IWM,11_inside_compression,bb_upper,566,-0.082,-0.0626
IWM,11_inside_compression,bb_lower,566,-0.0827,-0.0649
IWM,11_inside_compression,bb_width,566,-0.0148,0.0379
IWM,11_inside_compression,bb_pct,566,-0.0029,-0.0039
IWM,11_inside_compression,obv,566,-0.0662,-0.0322
IWM,11_inside_compression,rvol,566,0.0961,0.0627
IWM,11_inside_compression,rvol_10,566,0.1006,0.0547
IWM,11_inside_compression,vwap,566,-0.0814,-0.0627
IWM,11_inside_compression,price_vs_vwap,566,-0.0381,-0.0557
IWM,11_inside_compression,price_vs_ema9,566,0.0269,0.0053
IWM,11_inside_compression,price_vs_ema20,566,0.0199,0.0136
IWM,11_inside_compression,consecutive_up,566,0.0343,0.0572
IWM,11_inside_compression,consecutive_down,566,-0.0513,-0.0578
IWM,11_inside_compression,intraday_return,566,-0.086,-0.0103
IWM,11_inside_compression,high_low_spread_pct,566,0.0265,0.0503
IWM,11_inside_compression,vix_close,566,-0.0069,0.013
IWM,11_inside_compression,total_gex,565,0.0447,0.0566
IWM,11_inside_compression,total_vex,565,0.0623,0.0174
IWM,11_inside_compression,flip_price,140,0.0783,0.0846
IWM,11_inside_compression,distance_to_king_pct,565,-0.0189,0.0272
IWM,11_inside_compression,distance_to_gate_pct,551,-0.0765,-0.0438
IWM,132_bear_continuation,rsi_9,495,0.0377,0.0267
IWM,132_bear_continuation,rsi_14,495,0.0465,0.0357
IWM,132_bear_continuation,stoch_rsi_k,495,-0.0329,-0.0641
IWM,132_bear_continuation,stoch_rsi_d,495,-0.0421,-0.0694
IWM,132_bear_continuation,ema_9,495,-0.0352,-0.0283
IWM,132_bear_continuation,ema_20,495,-0.035,-0.0276
IWM,132_bear_continuation,ema_50,495,-0.036,-0.0276
IWM,132_bear_continuation,sma_50,495,-0.0358,-0.028
IWM,132_bear_continuation,sma_200,494,-0.048,-0.0395
IWM,132_bear_continuation,macd,495,0.0009,0.0377
IWM,132_bear_continuation,macd_signal,495,0.0194,0.037
IWM,132_bear_continuation,macd_histogram,495,-0.0582,-0.0662
IWM,132_bear_continuation,atr_14,495,-0.0483,-0.0339
IWM,132_bear_continuation,bb_upper,495,-0.0359,-0.0284
IWM,132_bear_continuation,bb_lower,495,-0.0335,-0.025
IWM,132_bear_continuation,bb_width,495,-0.0535,-0.0439
IWM,132_bear_continuation,bb_pct,495,0.0529,0.0235
IWM,132_bear_continuation,obv,495,0.0009,-0.0098
IWM,132_bear_continuation,rvol,495,-0.0176,0.0275
IWM,132_bear_continuation,rvol_10,495,-0.0216,0.0341
IWM,132_bear_continuation,vwap,495,-0.0354,-0.0282
IWM,132_bear_continuation,price_vs_vwap,495,0.0437,0.0602
IWM,132_bear_continuation,price_vs_ema9,495,0.0538,0.0463
IWM,132_bear_continuation,price_vs_ema20,495,0.03,0.045
IWM,132_bear_continuation,consecutive_up,495,-0.0128,-0.0207
IWM,132_bear_continuation,consecutive_down,495,0.0153,0.0103
IWM,132_bear_continuation,intraday_return,495,0.1397,0.1298
IWM,132_bear_continuation,high_low_spread_pct,495,-0.1094,-0.0888
IWM,132_bear_continuation,vix_close,495,0.0659,-0.0083
IWM,132_bear_continuation,total_gex,495,0.0386,0.01
IWM,132_bear_continuation,total_vex,495,0.0104,-0.0136
IWM,132_bear_continuation,flip_price,119,-0.1048,-0.0879
IWM,132_bear_continuation,distance_to_king_pct,495,0.0018,0.0073
IWM,132_bear_continuation,distance_to_gate_pct,480,-0.0157,-0.0026
IWM,132_bull_continuation,rsi_9,487,-0.0226,0.0039
IWM,132_bull_continuation,rsi_14,487,-0.0167,0.0083
IWM,132_bull_continuation,stoch_rsi_k,487,0.0057,-0.0335
IWM,132_bull_continuation,stoch_rsi_d,487,0.0139,-0.0179
IWM,132_bull_continuation,ema_9,487,0.0067,0.0296
IWM,132_bull_continuation,ema_20,487,0.0073,0.03
IWM,132_bull_continuation,ema_50,487,0.0075,0.031
IWM,132_bull_continuation,sma_50,487,0.0087,0.0309
IWM,132_bull_continuation,sma_200,487,0.0052,0.0313
IWM,132_bull_continuation,macd,487,-0.0494,0.005
IWM,132_bull_continuation,macd_signal,487,-0.0369,-0.0016
IWM,132_bull_continuation,macd_histogram,487,-0.0469,0.0288
IWM,132_bull_continuation,atr_14,487,-0.0322,0.0409
IWM,132_bull_continuation,bb_upper,487,0.0058,0.0295
IWM,132_bull_continuation,bb_lower,487,0.0089,0.0296
IWM,132_bull_continuation,bb_width,487,-0.0636,0.0313
IWM,132_bull_continuation,bb_pct,487,-0.0092,0.0278
IWM,132_bull_continuation,obv,487,-0.001,0.0102
IWM,132_bull_continuation,rvol,487,-0.0613,0.0298
IWM,132_bull_continuation,rvol_10,487,-0.0539,0.035
IWM,132_bull_continuation,vwap,487,0.0083,0.0301
IWM,132_bull_continuation,price_vs_vwap,487,-0.2741,-0.0059
IWM,132_bull_continuation,price_vs_ema9,487,-0.225,0.0134
IWM,132_bull_continuation,price_vs_ema20,487,-0.1802,0.0239
IWM,132_bull_continuation,consecutive_up,487,-0.0346,0.0098
IWM,132_bull_continuation,consecutive_down,487,0.0236,-0.0239
IWM,132_bull_continuation,intraday_return,487,-0.2423,0.0424
IWM,132_bull_continuation,high_low_spread_pct,487,-0.2064,0.0597
IWM,132_bull_continuation,vix_close,487,-0.0829,-0.0034
IWM,132_bull_continuation,total_gex,485,-0.0519,-0.0718
IWM,132_bull_continuation,total_vex,485,-0.0141,-0.0015
IWM,132_bull_continuation,flip_price,99,-0.0146,-0.0556
IWM,132_bull_continuation,distance_to_king_pct,485,0.0338,0.071
IWM,132_bull_continuation,distance_to_gate_pct,471,-0.0314,0.0148
IWM,212_bear_continuation,rsi_9,1165,-0.0098,-0.0078
IWM,212_bear_continuation,rsi_14,1165,-0.0185,-0.0151
IWM,212_bear_continuation,stoch_rsi_k,1165,0.0188,0.0024
IWM,212_bear_continuation,stoch_rsi_d,1165,0.0131,0.0019
IWM,212_bear_continuation,ema_9,1163,-0.0211,0.0122
IWM,212_bear_continuation,ema_20,1163,-0.0209,0.0127
IWM,212_bear_continuation,ema_50,1163,-0.0201,0.0127
IWM,212_bear_continuation,sma_50,1163,-0.02,0.0132
IWM,212_bear_continuation,sma_200,1159,-0.0177,0.0116
IWM,212_bear_continuation,macd,1163,-0.0223,-0.0349
IWM,212_bear_continuation,macd_signal,1163,-0.03,-0.0268
IWM,212_bear_continuation,macd_histogram,1163,0.0189,0.002
IWM,212_bear_continuation,atr_14,1165,0.0481,0.0254
IWM,212_bear_continuation,bb_upper,1163,-0.0198,0.014
IWM,212_bear_continuation,bb_lower,1163,-0.0222,0.0114
IWM,212_bear_continuation,bb_width,1163,0.0413,0.0343
IWM,212_bear_continuation,bb_pct,1163,-0.0056,0.0067
IWM,212_bear_continuation,obv,1165,-0.0141,0.0127
IWM,212_bear_continuation,rvol,1165,0.0409,0.0124
IWM,212_bear_continuation,rvol_10,1165,0.0421,0.0138
IWM,212_bear_continuation,vwap,1165,-0.0227,0.0095
IWM,212_bear_continuation,price_vs_vwap,1165,0.0696,0.0307
IWM,212_bear_continuation,price_vs_ema9,1163,0.0024,-0.0011
IWM,212_bear_continuation,price_vs_ema20,1163,0.0082,-0.0099
IWM,212_bear_continuation,consecutive_up,1165,0.0369,0.0271
IWM,212_bear_continuation,consecutive_down,1165,-0.0332,-0.0273
IWM,212_bear_continuation,intraday_return,1165,0.0119,0.0303
IWM,212_bear_continuation,high_low_spread_pct,1165,0.0602,0.0237
IWM,212_bear_continuation,vix_close,1165,0.0107,-0.0159
IWM,212_bear_continuation,total_gex,1163,-0.0141,0.0109
IWM,212_bear_continuation,total_vex,1163,-0.0234,-0.0451
IWM,212_bear_continuation,flip_price,288,-0.0581,0.0238
IWM,212_bear_continuation,distance_to_king_pct,1163,-0.0149,0.013
IWM,212_bear_continuation,distance_to_gate_pct,1143,0.037,0.0537
IWM,212_bear_reversal,rsi_9,1939,-0.0021,-0.0097
IWM,212_bear_reversal,rsi_14,1939,-0.0098,-0.0166
IWM,212_bear_reversal,stoch_rsi_k,1939,0.0355,0.0132
IWM,212_bear_reversal,stoch_rsi_d,1939,0.0328,0.0136
IWM,212_bear_reversal,ema_9,1939,-0.0258,-0.019
IWM,212_bear_reversal,ema_20,1939,-0.0257,-0.0189
IWM,212_bear_reversal,ema_50,1939,-0.0253,-0.0185
IWM,212_bear_reversal,sma_50,1939,-0.0251,-0.0181
IWM,212_bear_reversal,sma_200,1934,-0.0266,-0.0195
IWM,212_bear_reversal,macd,1939,-0.0125,-0.0119
IWM,212_bear_reversal,macd_signal,1939,-0.02,-0.0233
IWM,212_bear_reversal,macd_histogram,1939,0.0227,0.0214
IWM,212_bear_reversal,atr_14,1939,-0.0022,0.0142
IWM,212_bear_reversal,bb_upper,1939,-0.0257,-0.0194
IWM,212_bear_reversal,bb_lower,1939,-0.0263,-0.0186
IWM,212_bear_reversal,bb_width,1939,0.0042,0.004
IWM,212_bear_reversal,bb_pct,1939,0.0053,0.0032
IWM,212_bear_reversal,obv,1939,-0.013,-0.0044
IWM,212_bear_reversal,rvol,1939,0.0562,0.0606
IWM,212_bear_reversal,rvol_10,1939,0.0602,0.0601
IWM,212_bear_reversal,vwap,1939,-0.0259,-0.0191
IWM,212_bear_reversal,price_vs_vwap,1939,0.0112,-0.0035
IWM,212_bear_reversal,price_vs_ema9,1939,-0.0011,-0.0088
IWM,212_bear_reversal,price_vs_ema20,1939,0.0042,-0.0004
IWM,212_bear_reversal,consecutive_up,1939,-0.0194,-0.0302
IWM,212_bear_reversal,consecutive_down,1939,0.0196,0.0288
IWM,212_bear_reversal,intraday_return,1939,0.0047,-0.0048
IWM,212_bear_reversal,high_low_spread_pct,1939,-0.0081,0.03
IWM,212_bear_reversal,vix_close,1939,-0.0104,0.0067
IWM,212_bear_reversal,total_gex,1938,0.0142,0.0043
IWM,212_bear_reversal,total_vex,1938,0.023,0.0144
IWM,212_bear_reversal,flip_price,448,-0.0366,-0.0399
IWM,212_bear_reversal,distance_to_king_pct,1938,0.0022,0.0191
IWM,212_bear_reversal,distance_to_gate_pct,1878,-0.0104,0.0091
IWM,212_bull_continuation,rsi_9,1383,0.0272,0.0347
IWM,212_bull_continuation,rsi_14,1383,0.0302,0.0408
IWM,212_bull_continuation,stoch_rsi_k,1383,0.0126,0.0035
IWM,212_bull_continuation,stoch_rsi_d,1383,0.0102,0.028
IWM,212_bull_continuation,ema_9,1383,0.0083,-0.0022
IWM,212_bull_continuation,ema_20,1383,0.0078,-0.003
IWM,212_bull_continuation,ema_50,1383,0.0074,-0.0036
IWM,212_bull_continuation,sma_50,1383,0.0077,-0.0036
IWM,212_bull_continuation,sma_200,1381,0.0035,-0.0026
IWM,212_bull_continuation,macd,1383,0.0338,0.0577
IWM,212_bull_continuation,macd_signal,1383,0.0235,0.0385
IWM,212_bull_continuation,macd_histogram,1383,0.0413,0.0483
IWM,212_bull_continuation,atr_14,1383,-0.0722,0.0025
IWM,212_bull_continuation,bb_upper,1383,0.0067,-0.0035
IWM,212_bull_continuation,bb_lower,1383,0.0082,-0.0032
IWM,212_bull_continuation,bb_width,1383,-0.0262,0.0242
IWM,212_bull_continuation,bb_pct,1383,0.0164,0.0174
IWM,212_bull_continuation,obv,1383,-0.0121,-0.0082
IWM,212_bull_continuation,rvol,1383,0.0617,0.0513
IWM,212_bull_continuation,rvol_10,1383,0.0396,0.0444
IWM,212_bull_continuation,vwap,1383,0.0075,-0.0027
IWM,212_bull_continuation,price_vs_vwap,1383,0.033,0.0577
IWM,212_bull_continuation,price_vs_ema9,1383,-0.0169,0.0207
IWM,212_bull_continuation,price_vs_ema20,1383,0.0226,0.0419
IWM,212_bull_continuation,consecutive_up,1383,-0.0213,-0.014
IWM,212_bull_continuation,consecutive_down,1383,0.0248,0.0174
IWM,212_bull_continuation,intraday_return,1383,-0.0533,-0.011
IWM,212_bull_continuation,high_low_spread_pct,1383,-0.0877,0.002
IWM,212_bull_continuation,vix_close,1383,-0.0782,-0.0078
IWM,212_bull_continuation,total_gex,1380,0.0027,-0.0424
IWM,212_bull_continuation,total_vex,1380,-0.0032,-0.0022
IWM,212_bull_continuation,flip_price,307,0.0748,-0.0475
IWM,212_bull_continuation,distance_to_king_pct,1380,0.0115,0.0278
IWM,212_bull_continuation,distance_to_gate_pct,1353,0.0004,0.0192
IWM,212_bull_reversal,rsi_9,2013,-0.0082,0.0081
IWM,212_bull_reversal,rsi_14,2013,-0.007,0.0088
IWM,212_bull_reversal,stoch_rsi_k,2013,-0.0212,-0.0078
IWM,212_bull_reversal,stoch_rsi_d,2013,-0.0241,-0.0136
IWM,212_bull_reversal,ema_9,2013,0.0281,0.0031
IWM,212_bull_reversal,ema_20,2012,0.0289,0.0037
IWM,212_bull_reversal,ema_50,2012,0.0292,0.0033
IWM,212_bull_reversal,sma_50,2012,0.0295,0.0033
IWM,212_bull_reversal,sma_200,2009,0.0266,0.0017
IWM,212_bull_reversal,macd,2012,-0.0391,0.0145
IWM,212_bull_reversal,macd_signal,2012,-0.0239,0.0234
IWM,212_bull_reversal,macd_histogram,2012,-0.0602,-0.0102
IWM,212_bull_reversal,atr_14,2013,-0.0102,0.0288
IWM,212_bull_reversal,bb_upper,2012,0.0287,0.004
IWM,212_bull_reversal,bb_lower,2012,0.0296,0.0038
IWM,212_bull_reversal,bb_width,2012,-0.009,0.0348
IWM,212_bull_reversal,bb_pct,2012,-0.0137,0.0019
IWM,212_bull_reversal,obv,2013,0.0213,0.0129
IWM,212_bull_reversal,rvol,2013,-0.0428,-0.0324
IWM,212_bull_reversal,rvol_10,2013,-0.0363,-0.0311
IWM,212_bull_reversal,vwap,2013,0.0286,0.0032
IWM,212_bull_reversal,price_vs_vwap,2013,-0.1035,0.0085
IWM,212_bull_reversal,price_vs_ema9,2013,-0.0825,0.0079
IWM,212_bull_reversal,price_vs_ema20,2012,-0.0727,0.0025
IWM,212_bull_reversal,consecutive_up,2013,0.0142,-0.0105
IWM,212_bull_reversal,consecutive_down,2013,-0.0197,0.0026
IWM,212_bull_reversal,intraday_return,2013,-0.0406,-0.0047
IWM,212_bull_reversal,high_low_spread_pct,2013,-0.1016,0.0007
IWM,212_bull_reversal,vix_close,2013,-0.074,-0.0025
IWM,212_bull_reversal,total_gex,2010,-0.025,-0.0393
IWM,212_bull_reversal,total_vex,2010,-0.0597,-0.0304
IWM,212_bull_reversal,flip_price,468,0.0638,0.0117
IWM,212_bull_reversal,distance_to_king_pct,2010,0.0165,0.0319
IWM,212_bull_reversal,distance_to_gate_pct,1961,0.0085,0.0162
IWM,22_bear_continuation,rsi_9,10822,0.0037,0.0077
IWM,22_bear_continuation,rsi_14,10822,-0.0012,0.0033
IWM,22_bear_continuation,stoch_rsi_k,10822,0.014,0.0113
IWM,22_bear_continuation,stoch_rsi_d,10821,0.0159,0.0113
IWM,22_bear_continuation,ema_9,10821,-0.0284,-0.0297
IWM,22_bear_continuation,ema_20,10820,-0.0281,-0.0296
IWM,22_bear_continuation,ema_50,10812,-0.0273,-0.0293
IWM,22_bear_continuation,sma_50,10812,-0.027,-0.029
IWM,22_bear_continuation,sma_200,10775,-0.028,-0.0325
IWM,22_bear_continuation,macd,10819,-0.0335,-0.0027
IWM,22_bear_continuation,macd_signal,10817,-0.0358,-0.0095
IWM,22_bear_continuation,macd_histogram,10817,-0.0008,0.0111
IWM,22_bear_continuation,atr_14,10822,0.0501,0.0198
IWM,22_bear_continuation,bb_upper,10820,-0.0268,-0.0286
IWM,22_bear_continuation,bb_lower,10820,-0.0295,-0.0303
IWM,22_bear_continuation,bb_width,10820,0.0413,0.0199
IWM,22_bear_continuation,bb_pct,10820,0.017,0.0203
IWM,22_bear_continuation,obv,10822,-0.0165,-0.0216
IWM,22_bear_continuation,rvol,10822,0.0009,0.0072
IWM,22_bear_continuation,rvol_10,10822,-0.0072,0.0015
IWM,22_bear_continuation,vwap,10822,-0.0288,-0.0297
IWM,22_bear_continuation,price_vs_vwap,10822,-0.0082,0.0092
IWM,22_bear_continuation,price_vs_ema9,10821,-0.0394,-0.0004
IWM,22_bear_continuation,price_vs_ema20,10820,-0.0408,0.004
IWM,22_bear_continuation,consecutive_up,10822,0.0052,0.0021
IWM,22_bear_continuation,consecutive_down,10822,-0.0024,-0.0018
IWM,22_bear_continuation,intraday_return,10822,-0.0348,-0.0116
IWM,22_bear_continuation,high_low_spread_pct,10822,0.0665,0.0228
IWM,22_bear_continuation,vix_close,10822,0.0362,-0.0078
IWM,22_bear_continuation,total_gex,10807,-0.0017,0.0093
IWM,22_bear_continuation,total_vex,10807,0.0166,0.0214
IWM,22_bear_continuation,flip_price,2498,-0.081,-0.067
IWM,22_bear_continuation,distance_to_king_pct,10807,-0.0145,-0.0068
IWM,22_bear_continuation,distance_to_gate_pct,10559,-0.0078,-0.0065
IWM,22_bear_reversal,rsi_9,7974,-0.0071,-0.0006
IWM,22_bear_reversal,rsi_14,7974,-0.003,0.0015
IWM,22_bear_reversal,stoch_rsi_k,7974,-0.0166,-0.0142
IWM,22_bear_reversal,stoch_rsi_d,7974,-0.0139,-0.0113
IWM,22_bear_reversal,ema_9,7974,-0.025,-0.0196
IWM,22_bear_reversal,ema_20,7973,-0.025,-0.0198
IWM,22_bear_reversal,ema_50,7967,-0.0253,-0.0203
IWM,22_bear_reversal,sma_50,7967,-0.0254,-0.0202
IWM,22_bear_reversal,sma_200,7947,-0.0274,-0.023
IWM,22_bear_reversal,macd,7973,-0.0042,0.0128
IWM,22_bear_reversal,macd_signal,7971,-0.0004,0.0121
IWM,22_bear_reversal,macd_histogram,7971,-0.0134,-0.0041
IWM,22_bear_reversal,atr_14,7974,0.0038,0.0116
IWM,22_bear_reversal,bb_upper,7973,-0.0252,-0.0197
IWM,22_bear_reversal,bb_lower,7973,-0.0248,-0.0197
IWM,22_bear_reversal,bb_width,7973,-0.0148,0.0106
IWM,22_bear_reversal,bb_pct,7973,-0.0073,0.0017
IWM,22_bear_reversal,obv,7974,-0.0153,-0.0152
IWM,22_bear_reversal,rvol,7974,0.0068,0.0014
IWM,22_bear_reversal,rvol_10,7974,-0.0021,-0.0031
IWM,22_bear_reversal,vwap,7974,-0.0253,-0.0198
IWM,22_bear_reversal,price_vs_vwap,7974,-0.0107,0.0138
IWM,22_bear_reversal,price_vs_ema9,7974,-0.0361,0.0013
IWM,22_bear_reversal,price_vs_ema20,7973,-0.0271,0.0063
IWM,22_bear_reversal,consecutive_up,7974,0.0077,0.0065
IWM,22_bear_reversal,consecutive_down,7974,-0.0049,-0.0028
IWM,22_bear_reversal,intraday_return,7974,-0.0253,-0.0004
IWM,22_bear_reversal,high_low_spread_pct,7974,0.033,0.0063
IWM,22_bear_reversal,vix_close,7974,0.0066,-0.0103
IWM,22_bear_reversal,total_gex,7960,-0.0043,-0.0121
IWM,22_bear_reversal,total_vex,7960,0.0094,0.0088
IWM,22_bear_reversal,flip_price,1809,-0.0481,-0.0359
IWM,22_bear_reversal,distance_to_king_pct,7960,0.0039,0.0169
IWM,22_bear_reversal,distance_to_gate_pct,7799,0.0073,0.005
IWM,22_bull_continuation,rsi_9,12099,0.0087,0.0059
IWM,22_bull_continuation,rsi_14,12099,0.0098,0.006
IWM,22_bull_continuation,stoch_rsi_k,12099,0.008,0.0109
IWM,22_bull_continuation,stoch_rsi_d,12099,0.0044,0.007
IWM,22_bull_continuation,ema_9,12099,0.0041,-0.0032
IWM,22_bull_continuation,ema_20,12094,0.0039,-0.0037
IWM,22_bull_continuation,ema_50,12089,0.0038,-0.0033
IWM,22_bull_continuation,sma_50,12089,0.0036,-0.0033
IWM,22_bull_continuation,sma_200,12074,0.0018,-0.0035
IWM,22_bull_continuation,macd,12094,0.0158,0.0144
IWM,22_bull_continuation,macd_signal,12092,0.0194,0.0085
IWM,22_bull_continuation,macd_histogram,12092,-0.0087,0.0227
IWM,22_bull_continuation,atr_14,12099,-0.0339,0.0109
IWM,22_bull_continuation,bb_upper,12094,0.0029,-0.0044
IWM,22_bull_continuation,bb_lower,12094,0.0051,-0.0026
IWM,22_bull_continuation,bb_width,12094,-0.042,-0.0025
IWM,22_bull_continuation,bb_pct,12094,0.0129,0.014
IWM,22_bull_continuation,obv,12099,0.0048,-0.0002
IWM,22_bull_continuation,rvol,12099,0.0136,0.017
IWM,22_bull_continuation,rvol_10,12099,0.0089,0.0164
IWM,22_bull_continuation,vwap,12099,0.004,-0.0029
IWM,22_bull_continuation,price_vs_vwap,12099,-0.0131,0.0028
IWM,22_bull_continuation,price_vs_ema9,12099,-0.0185,0.014
IWM,22_bull_continuation,price_vs_ema20,12094,-0.0015,0.0184
IWM,22_bull_continuation,consecutive_up,12099,-0.004,-0.0067
IWM,22_bull_continuation,consecutive_down,12099,0.0025,0.0052
IWM,22_bull_continuation,intraday_return,12099,-0.0362,-0.0063
IWM,22_bull_continuation,high_low_spread_pct,12099,-0.0492,0.0167
IWM,22_bull_continuation,vix_close,12099,-0.0504,-0.0108
IWM,22_bull_continuation,total_gex,12083,-0.0253,-0.0377
IWM,22_bull_continuation,total_vex,12083,-0.0065,-0.0088
IWM,22_bull_continuation,flip_price,2560,0.0165,0.0018
IWM,22_bull_continuation,distance_to_king_pct,12083,0.024,0.0308
IWM,22_bull_continuation,distance_to_gate_pct,11763,0.0055,0.0086
IWM,22_bull_reversal,rsi_9,7909,0.0047,0.0071
IWM,22_bull_reversal,rsi_14,7909,0.0071,0.0087
IWM,22_bull_reversal,stoch_rsi_k,7909,-0.0106,-0.0028
IWM,22_bull_reversal,stoch_rsi_d,7909,-0.0064,-0.0002
IWM,22_bull_reversal,ema_9,7909,-0.0214,-0.0241
IWM,22_bull_reversal,ema_20,7908,-0.0215,-0.024
IWM,22_bull_reversal,ema_50,7903,-0.022,-0.0241
IWM,22_bull_reversal,sma_50,7903,-0.0222,-0.0239
IWM,22_bull_reversal,sma_200,7883,-0.0236,-0.0256
IWM,22_bull_reversal,macd,7907,0.0139,0.0136
IWM,22_bull_reversal,macd_signal,7907,0.0153,0.0072
IWM,22_bull_reversal,macd_histogram,7907,-0.0022,0.01
IWM,22_bull_reversal,atr_14,7909,0.0052,0.0093
IWM,22_bull_reversal,bb_upper,7908,-0.0217,-0.0241
IWM,22_bull_reversal,bb_lower,7908,-0.0213,-0.0237
IWM,22_bull_reversal,bb_width,7908,-0.0148,-0.0063
IWM,22_bull_reversal,bb_pct,7908,0.0022,0.0041
IWM,22_bull_reversal,obv,7909,-0.0113,-0.0198
IWM,22_bull_reversal,rvol,7909,0.0126,0.0054
IWM,22_bull_reversal,rvol_10,7909,0.0062,0.0022
IWM,22_bull_reversal,vwap,7909,-0.0218,-0.0243
IWM,22_bull_reversal,price_vs_vwap,7909,0.0223,0.0096
IWM,22_bull_reversal,price_vs_ema9,7909,0.0014,0.0082
IWM,22_bull_reversal,price_vs_ema20,7908,0.0108,0.0145
IWM,22_bull_reversal,consecutive_up,7909,-0.0081,-0.011
IWM,22_bull_reversal,consecutive_down,7909,0.013,0.0138
IWM,22_bull_reversal,intraday_return,7909,0.0098,0.0044
IWM,22_bull_reversal,high_low_spread_pct,7909,0.0245,0.0134
IWM,22_bull_reversal,vix_close,7909,0.0005,-0.0085
IWM,22_bull_reversal,total_gex,7898,-0.0051,-0.0146
IWM,22_bull_reversal,total_vex,7898,0.0145,0.0145
IWM,22_bull_reversal,flip_price,1750,-0.0287,-0.0234
IWM,22_bull_reversal,distance_to_king_pct,7898,0.0067,0.0025
IWM,22_bull_reversal,distance_to_gate_pct,7721,0.0136,0.0018
IWM,312_bear_reversal,rsi_9,422,0.0408,0.0922
IWM,312_bear_reversal,rsi_14,422,0.0264,0.069
IWM,312_bear_reversal,stoch_rsi_k,422,0.0709,0.1384
IWM,312_bear_reversal,stoch_rsi_d,422,0.0472,0.1186
IWM,312_bear_reversal,ema_9,422,-0.0418,-0.0259
IWM,312_bear_reversal,ema_20,422,-0.042,-0.0272
IWM,312_bear_reversal,ema_50,422,-0.0415,-0.0281
IWM,312_bear_reversal,sma_50,422,-0.0412,-0.0287
IWM,312_bear_reversal,sma_200,422,-0.0402,-0.0256
IWM,312_bear_reversal,macd,422,-0.0038,0.0361
IWM,312_bear_reversal,macd_signal,422,-0.0343,0.0055
IWM,312_bear_reversal,macd_histogram,422,0.1226,0.137
IWM,312_bear_reversal,atr_14,422,-0.0306,0.0071
IWM,312_bear_reversal,bb_upper,422,-0.0425,-0.028
IWM,312_bear_reversal,bb_lower,422,-0.043,-0.0273
IWM,312_bear_reversal,bb_width,422,-0.0017,0.0478
IWM,312_bear_reversal,bb_pct,422,0.0711,0.1159
IWM,312_bear_reversal,obv,422,-0.0514,-0.0393
IWM,312_bear_reversal,rvol,422,-0.0087,-0.0437
IWM,312_bear_reversal,rvol_10,422,-0.0259,-0.0578
IWM,312_bear_reversal,vwap,422,-0.0397,-0.0242
IWM,312_bear_reversal,price_vs_vwap,422,-0.075,0.001
IWM,312_bear_reversal,price_vs_ema9,422,0.1042,0.0989
IWM,312_bear_reversal,price_vs_ema20,422,0.0799,0.0731
IWM,312_bear_reversal,consecutive_up,422,0.0518,0.0508
IWM,312_bear_reversal,consecutive_down,422,-0.0646,-0.0648
IWM,312_bear_reversal,intraday_return,422,0.0195,0.029
IWM,312_bear_reversal,high_low_spread_pct,422,-0.0337,0.0136
IWM,312_bear_reversal,vix_close,422,0.0133,0.0228
IWM,312_bear_reversal,total_gex,421,-0.0444,-0.0519
IWM,312_bear_reversal,total_vex,421,0.0249,0.0193
IWM,312_bear_reversal,flip_price,88,0.0374,-0.1332
IWM,312_bear_reversal,distance_to_king_pct,421,0.0124,0.0089
IWM,312_bear_reversal,distance_to_gate_pct,415,-0.057,-0.0291
IWM,312_bull_reversal,rsi_9,631,-0.0337,-0.0114
IWM,312_bull_reversal,rsi_14,631,-0.0208,-0.0033
IWM,312_bull_reversal,stoch_rsi_k,631,-0.0127,-0.0007
IWM,312_bull_reversal,stoch_rsi_d,631,-0.0106,-0.0006
IWM,312_bull_reversal,ema_9,631,0.0622,0.0164
IWM,312_bull_reversal,ema_20,631,0.0626,0.0161
IWM,312_bull_reversal,ema_50,631,0.0618,0.0159
IWM,312_bull_reversal,sma_50,631,0.0629,0.0165
IWM,312_bull_reversal,sma_200,631,0.051,0.0093
IWM,312_bull_reversal,macd,631,-0.027,0.0104
IWM,312_bull_reversal,macd_signal,631,-0.0041,0.007
IWM,312_bull_reversal,macd_histogram,631,-0.0817,0.0144
IWM,312_bull_reversal,atr_14,631,-0.1011,-0.0145
IWM,312_bull_reversal,bb_upper,631,0.0612,0.0154
IWM,312_bull_reversal,bb_lower,631,0.0652,0.0178
IWM,312_bull_reversal,bb_width,631,-0.0659,-0.0503
IWM,312_bull_reversal,bb_pct,631,-0.0217,0.0011
IWM,312_bull_reversal,obv,631,0.0322,0.0178
IWM,312_bull_reversal,rvol,631,-0.0302,0.033
IWM,312_bull_reversal,rvol_10,631,-0.0338,0.0346
IWM,312_bull_reversal,vwap,631,0.0635,0.0163
IWM,312_bull_reversal,price_vs_vwap,631,-0.1584,-0.0537
IWM,312_bull_reversal,price_vs_ema9,631,-0.097,-0.0173
IWM,312_bull_reversal,price_vs_ema20,631,-0.0854,-0.0184
IWM,312_bull_reversal,consecutive_up,631,-0.0222,-0.006
IWM,312_bull_reversal,consecutive_down,631,0.0271,0.0174
IWM,312_bull_reversal,intraday_return,631,-0.1024,-0.0592
IWM,312_bull_reversal,high_low_spread_pct,631,-0.2733,0.0101
IWM,312_bull_reversal,vix_close,631,-0.2208,-0.0565
IWM,312_bull_reversal,total_gex,630,-0.0037,-0.0129
IWM,312_bull_reversal,total_vex,630,-0.0583,-0.0293
IWM,312_bull_reversal,flip_price,173,0.1679,0.0133
IWM,312_bull_reversal,distance_to_king_pct,630,0.0346,0.032
IWM,312_bull_reversal,distance_to_gate_pct,605,-0.0073,0.0022
IWM,322_bear_continuation,rsi_9,1078,0.0208,-0.0124
IWM,322_bear_continuation,rsi_14,1078,0.021,-0.0057
IWM,322_bear_continuation,stoch_rsi_k,1078,0.0065,-0.033
IWM,322_bear_continuation,stoch_rsi_d,1078,0.0065,-0.0226
IWM,322_bear_continuation,ema_9,1078,0.0175,0.0055
IWM,322_bear_continuation,ema_20,1078,0.0172,0.0054
IWM,322_bear_continuation,ema_50,1078,0.0163,0.004
IWM,322_bear_continuation,sma_50,1078,0.0162,0.0047
IWM,322_bear_continuation,sma_200,1075,0.01,-0.004
IWM,322_bear_continuation,macd,1078,0.0345,0.0144
IWM,322_bear_continuation,macd_signal,1078,0.0406,0.0207
IWM,322_bear_continuation,macd_histogram,1078,-0.0188,-0.0471
IWM,322_bear_continuation,atr_14,1078,0.0105,-0.006
IWM,322_bear_continuation,bb_upper,1078,0.0178,0.0064
IWM,322_bear_continuation,bb_lower,1078,0.0166,0.0049
IWM,322_bear_continuation,bb_width,1078,0.0302,0.021
IWM,322_bear_continuation,bb_pct,1078,0.0385,0.0045
IWM,322_bear_continuation,obv,1078,0.018,0.009
IWM,322_bear_continuation,rvol,1078,0.0245,0.0041
IWM,322_bear_continuation,rvol_10,1078,0.0248,0.0038
IWM,322_bear_continuation,vwap,1078,0.0166,0.0052
IWM,322_bear_continuation,price_vs_vwap,1078,0.0738,-0.0164
IWM,322_bear_continuation,price_vs_ema9,1078,0.0242,-0.0113
IWM,322_bear_continuation,price_vs_ema20,1078,0.0408,0.0059
IWM,322_bear_continuation,consecutive_up,1078,-0.004,-0.0129
IWM,322_bear_continuation,consecutive_down,1078,-0.0076,0.0058
IWM,322_bear_continuation,intraday_return,1078,0.0795,-0.0011
IWM,322_bear_continuation,high_low_spread_pct,1078,-0.0467,-0.0007
IWM,322_bear_continuation,vix_close,1078,-0.0624,-0.0579
IWM,322_bear_continuation,total_gex,1077,-0.0085,0.0132
IWM,322_bear_continuation,total_vex,1077,-0.022,-0.0073
IWM,322_bear_continuation,flip_price,234,0.1156,0.1405
IWM,322_bear_continuation,distance_to_king_pct,1077,0.028,0.0119
IWM,322_bear_continuation,distance_to_gate_pct,1047,0.0332,0.0273
IWM,322_bull_continuation,rsi_9,1139,0.0264,0.039
IWM,322_bull_continuation,rsi_14,1139,0.0328,0.0389
IWM,322_bull_continuation,stoch_rsi_k,1139,-0.0154,-0.0089
IWM,322_bull_continuation,stoch_rsi_d,1139,-0.0062,0.0075
IWM,322_bull_continuation,ema_9,1139,0.0305,0.0193
IWM,322_bull_continuation,ema_20,1139,0.0302,0.0191
IWM,322_bull_continuation,ema_50,1139,0.0295,0.0179
IWM,322_bull_continuation,sma_50,1139,0.0289,0.0176
IWM,322_bull_continuation,sma_200,1138,0.0266,0.0155
IWM,322_bull_continuation,macd,1139,0.0408,0.0366
IWM,322_bull_continuation,macd_signal,1139,0.0522,0.0373
IWM,322_bull_continuation,macd_histogram,1139,-0.0319,-0.0058
IWM,322_bull_continuation,atr_14,1139,-0.0241,-0.0138
IWM,322_bull_continuation,bb_upper,1139,0.0287,0.0171
IWM,322_bull_continuation,bb_lower,1139,0.0322,0.0215
IWM,322_bull_continuation,bb_width,1139,-0.0548,0.0009
IWM,322_bull_continuation,bb_pct,1139,0.0077,0.021
IWM,322_bull_continuation,obv,1139,0.0263,0.0045
IWM,322_bull_continuation,rvol,1139,-0.0048,-0.0116
IWM,322_bull_continuation,rvol_10,1139,0.0115,-0.0101
IWM,322_bull_continuation,vwap,1139,0.03,0.0189
IWM,322_bull_continuation,price_vs_vwap,1139,-0.0406,0.035
IWM,322_bull_continuation,price_vs_ema9,1139,-0.0835,0.0047
IWM,322_bull_continuation,price_vs_ema20,1139,-0.0463,0.028
IWM,322_bull_continuation,consecutive_up,1139,-0.0036,0.0025
IWM,322_bull_continuation,consecutive_down,1139,-0.003,-0.0106
IWM,322_bull_continuation,intraday_return,1139,-0.0752,0.0005
IWM,322_bull_continuation,high_low_spread_pct,1139,-0.0736,-0.0279
IWM,322_bull_continuation,vix_close,1139,-0.1168,-0.0382
IWM,322_bull_continuation,total_gex,1137,-0.0301,-0.0378
IWM,322_bull_continuation,total_vex,1137,-0.0231,-0.0055
IWM,322_bull_continuation,flip_price,250,-0.0678,-0.0679
IWM,322_bull_continuation,distance_to_king_pct,1137,0.0169,0.0193
IWM,322_bull_continuation,distance_to_gate_pct,1099,0.0462,0.0142
IWM,32_bear_reversal,rsi_9,307,0.0079,-0.0492
IWM,32_bear_reversal,rsi_14,307,0.0315,-0.0151
IWM,32_bear_reversal,stoch_rsi_k,307,-0.0484,-0.0821
IWM,32_bear_reversal,stoch_rsi_d,307,-0.0498,-0.0673
IWM,32_bear_reversal,ema_9,307,0.0516,0.0389
IWM,32_bear_reversal,ema_20,307,0.05,0.0383
IWM,32_bear_reversal,ema_50,307,0.0467,0.0372
IWM,32_bear_reversal,sma_50,307,0.0456,0.0358
IWM,32_bear_reversal,sma_200,307,0.0418,0.0396
IWM,32_bear_reversal,macd,307,0.1639,0.081
IWM,32_bear_reversal,macd_signal,307,0.1804,0.1014
IWM,32_bear_reversal,macd_histogram,307,-0.0496,-0.0679
IWM,32_bear_reversal,atr_14,307,-0.0338,-0.1026
IWM,32_bear_reversal,bb_upper,307,0.0472,0.0365
IWM,32_bear_reversal,bb_lower,307,0.053,0.0422
IWM,32_bear_reversal,bb_width,307,-0.0958,-0.1122
IWM,32_bear_reversal,bb_pct,307,-0.0219,-0.0871
IWM,32_bear_reversal,obv,307,0.0427,0.0596
IWM,32_bear_reversal,rvol,307,0.0906,0.1219
IWM,32_bear_reversal,rvol_10,307,0.0769,0.1041
IWM,32_bear_reversal,vwap,307,0.0493,0.0388
IWM,32_bear_reversal,price_vs_vwap,307,0.237,0.0612
IWM,32_bear_reversal,price_vs_ema9,307,0.0772,-0.0161
IWM,32_bear_reversal,price_vs_ema20,307,0.1639,0.0076
IWM,32_bear_reversal,consecutive_up,307,-0.014,-0.0316
IWM,32_bear_reversal,consecutive_down,307,0.0322,0.0496
IWM,32_bear_reversal,intraday_return,307,0.0263,0.0051
IWM,32_bear_reversal,high_low_spread_pct,307,-0.0753,-0.0783
IWM,32_bear_reversal,vix_close,307,-0.2297,-0.1028
IWM,32_bear_reversal,total_gex,307,-0.0171,-0.0262
IWM,32_bear_reversal,total_vex,307,-0.0796,-0.0617
IWM,32_bear_reversal,flip_price,67,0.0572,0.0059
IWM,32_bear_reversal,distance_to_king_pct,307,0.1478,0.1106
IWM,32_bear_reversal,distance_to_gate_pct,298,0.127,0.1004
IWM,32_bull_reversal,rsi_9,399,0.0377,0.053
IWM,32_bull_reversal,rsi_14,399,0.0449,0.0565
IWM,32_bull_reversal,stoch_rsi_k,399,-0.0089,-0.0006
IWM,32_bull_reversal,stoch_rsi_d,399,-0.0248,-0.0199
IWM,32_bull_reversal,ema_9,399,0.0066,-0.0035
IWM,32_bull_reversal,ema_20,399,0.0063,-0.0037
IWM,32_bull_reversal,ema_50,399,0.0066,-0.0048
IWM,32_bull_reversal,sma_50,399,0.0057,-0.0052
IWM,32_bull_reversal,sma_200,399,0.0108,-0.0023
IWM,32_bull_reversal,macd,399,0.0236,0.0377
IWM,32_bull_reversal,macd_signal,399,0.0133,0.0426
IWM,32_bull_reversal,macd_histogram,399,0.0376,0.015
IWM,32_bull_reversal,atr_14,399,-0.0887,-0.0176
IWM,32_bull_reversal,bb_upper,399,0.005,-0.0035
IWM,32_bull_reversal,bb_lower,399,0.007,-0.0023
IWM,32_bull_reversal,bb_width,399,-0.0424,-0.0221
IWM,32_bull_reversal,bb_pct,399,0.0126,0.0353
IWM,32_bull_reversal,obv,399,0.0149,0.0086
IWM,32_bull_reversal,rvol,399,-0.0205,0.0327
IWM,32_bull_reversal,rvol_10,399,-0.0243,0.0231
IWM,32_bull_reversal,vwap,399,0.0066,-0.0032
IWM,32_bull_reversal,price_vs_vwap,399,0.0081,0.0382
IWM,32_bull_reversal,price_vs_ema9,399,0.0117,0.0447
IWM,32_bull_reversal,price_vs_ema20,399,0.0185,0.0601
IWM,32_bull_reversal,consecutive_up,399,-0.0467,-0.0317
IWM,32_bull_reversal,consecutive_down,399,-0.0188,0.0112
IWM,32_bull_reversal,intraday_return,399,0.0207,0.0791
IWM,32_bull_reversal,high_low_spread_pct,399,-0.1316,-0.029
IWM,32_bull_reversal,vix_close,399,-0.1805,-0.0607
IWM,32_bull_reversal,total_gex,399,-0.043,-0.0815
IWM,32_bull_reversal,total_vex,399,-0.0116,0.0
IWM,32_bull_reversal,flip_price,96,0.1014,-0.0605
IWM,32_bull_reversal,distance_to_king_pct,399,0.0071,0.043
IWM,32_bull_reversal,distance_to_gate_pct,390,-0.0305,0.0011
IWM,clean_2d_bear,rsi_9,1193,0.01,0.0065
IWM,clean_2d_bear,rsi_14,1193,0.0243,0.0155
IWM,clean_2d_bear,stoch_rsi_k,1193,-0.0388,-0.0228
IWM,clean_2d_bear,stoch_rsi_d,1193,-0.0384,-0.0172
IWM,clean_2d_bear,ema_9,1193,-0.0377,-0.0454
IWM,clean_2d_bear,ema_20,1192,-0.0368,-0.044
IWM,clean_2d_bear,ema_50,1191,-0.0381,-0.0448
IWM,clean_2d_bear,sma_50,1191,-0.0386,-0.0444
IWM,clean_2d_bear,sma_200,1188,-0.0381,-0.0514
IWM,clean_2d_bear,macd,1191,0.0591,0.0333
IWM,clean_2d_bear,macd_signal,1191,0.0774,0.0368
IWM,clean_2d_bear,macd_histogram,1191,-0.0623,-0.0337
IWM,clean_2d_bear,atr_14,1193,0.0698,0.026
IWM,clean_2d_bear,bb_upper,1192,-0.0353,-0.0434
IWM,clean_2d_bear,bb_lower,1192,-0.0376,-0.0442
IWM,clean_2d_bear,bb_width,1192,0.037,0.0357
IWM,clean_2d_bear,bb_pct,1192,0.0089,0.0111
IWM,clean_2d_bear,obv,1193,-0.022,-0.0305
IWM,clean_2d_bear,rvol,1193,0.0239,0.0508
IWM,clean_2d_bear,rvol_10,1193,0.0158,0.0455
IWM,clean_2d_bear,vwap,1193,-0.0376,-0.0458
IWM,clean_2d_bear,price_vs_vwap,1193,-0.0619,-0.0235
IWM,clean_2d_bear,price_vs_ema9,1193,-0.0736,-0.0191
IWM,clean_2d_bear,price_vs_ema20,1192,-0.0151,-0.002
IWM,clean_2d_bear,consecutive_up,1193,0.0174,0.0047
IWM,clean_2d_bear,consecutive_down,1193,-0.0167,-0.0046
IWM,clean_2d_bear,intraday_return,1193,-0.1145,-0.0397
IWM,clean_2d_bear,high_low_spread_pct,1193,0.1056,0.057
IWM,clean_2d_bear,vix_close,1193,0.0438,0.0128
IWM,clean_2d_bear,total_gex,1190,-0.0291,-0.0132
IWM,clean_2d_bear,total_vex,1190,0.0155,0.0168
IWM,clean_2d_bear,flip_price,265,0.1667,0.103
IWM,clean_2d_bear,distance_to_king_pct,1190,-0.0101,-0.0064
IWM,clean_2d_bear,distance_to_gate_pct,1164,0.0273,0.0014
IWM,clean_2u_bull,rsi_9,1314,0.0009,0.0238
IWM,clean_2u_bull,rsi_14,1314,0.0028,0.0172
IWM,clean_2u_bull,stoch_rsi_k,1314,0.033,0.0743
IWM,clean_2u_bull,stoch_rsi_d,1314,0.0384,0.0766
IWM,clean_2u_bull,ema_9,1314,-0.0124,-0.0048
IWM,clean_2u_bull,ema_20,1314,-0.0126,-0.0048
IWM,clean_2u_bull,ema_50,1313,-0.0141,-0.0066
IWM,clean_2u_bull,sma_50,1313,-0.0143,-0.0066
IWM,clean_2u_bull,sma_200,1309,-0.0204,-0.0102
IWM,clean_2u_bull,macd,1314,0.0221,0.0129
IWM,clean_2u_bull,macd_signal,1313,0.0287,0.0119
IWM,clean_2u_bull,macd_histogram,1313,-0.017,0.0244
IWM,clean_2u_bull,atr_14,1314,-0.0701,-0.046
IWM,clean_2u_bull,bb_upper,1314,-0.0135,-0.0051
IWM,clean_2u_bull,bb_lower,1314,-0.0114,-0.0036
IWM,clean_2u_bull,bb_width,1314,-0.0432,-0.0198
IWM,clean_2u_bull,bb_pct,1314,-0.0227,0.0216
IWM,clean_2u_bull,obv,1314,-0.022,-0.0157
IWM,clean_2u_bull,rvol,1314,-0.0402,-0.0164
IWM,clean_2u_bull,rvol_10,1314,-0.0332,-0.0225
IWM,clean_2u_bull,vwap,1314,-0.0129,-0.0053
IWM,clean_2u_bull,price_vs_vwap,1314,-0.029,0.0342
IWM,clean_2u_bull,price_vs_ema9,1314,-0.0892,-0.0078
IWM,clean_2u_bull,price_vs_ema20,1314,-0.0462,0.0138
IWM,clean_2u_bull,consecutive_up,1314,0.0301,0.0467
IWM,clean_2u_bull,consecutive_down,1314,-0.0279,-0.0394
IWM,clean_2u_bull,intraday_return,1314,-0.1128,-0.0293
IWM,clean_2u_bull,high_low_spread_pct,1314,-0.1332,-0.0632
IWM,clean_2u_bull,vix_close,1314,-0.1124,-0.0584
IWM,clean_2u_bull,total_gex,1312,0.0029,-0.0344
IWM,clean_2u_bull,total_vex,1312,0.0219,-0.001
IWM,clean_2u_bull,flip_price,270,-0.0764,-0.0397
IWM,clean_2u_bull,distance_to_king_pct,1312,-0.0229,-0.0242
IWM,clean_2u_bull,distance_to_gate_pct,1278,0.0056,-0.0194
IWM,f2d_bull_reversal,rsi_9,549,-0.0562,-0.0531
IWM,f2d_bull_reversal,rsi_14,549,-0.0572,-0.0567
IWM,f2d_bull_reversal,stoch_rsi_k,548,0.0172,0.0228
IWM,f2d_bull_reversal,stoch_rsi_d,548,0.0284,0.0313
IWM,f2d_bull_reversal,ema_9,548,-0.0011,0.0185
IWM,f2d_bull_reversal,ema_20,548,0.0002,0.0194
IWM,f2d_bull_reversal,ema_50,548,0.002,0.0215
IWM,f2d_bull_reversal,sma_50,548,0.0031,0.0221
IWM,f2d_bull_reversal,sma_200,546,0.0012,0.0185
IWM,f2d_bull_reversal,macd,548,-0.1119,-0.0811
IWM,f2d_bull_reversal,macd_signal,548,-0.1006,-0.0813
IWM,f2d_bull_reversal,macd_histogram,548,-0.0474,-0.0048
IWM,f2d_bull_reversal,atr_14,549,0.1402,0.0674
IWM,f2d_bull_reversal,bb_upper,548,0.003,0.0204
IWM,f2d_bull_reversal,bb_lower,548,-0.0026,0.0182
IWM,f2d_bull_reversal,bb_width,548,0.1093,0.0396
IWM,f2d_bull_reversal,bb_pct,548,-0.0167,-0.0326
IWM,f2d_bull_reversal,obv,549,0.0132,0.0237
IWM,f2d_bull_reversal,rvol,549,0.0161,0.0016
IWM,f2d_bull_reversal,rvol_10,549,0.0143,0.0012
IWM,f2d_bull_reversal,vwap,549,0.0041,0.0232
IWM,f2d_bull_reversal,price_vs_vwap,549,-0.0649,-0.0062
IWM,f2d_bull_reversal,price_vs_ema9,548,-0.1418,-0.0452
IWM,f2d_bull_reversal,price_vs_ema20,548,-0.1465,-0.0493
IWM,f2d_bull_reversal,consecutive_up,549,0.0282,-0.0042
IWM,f2d_bull_reversal,consecutive_down,549,-0.0278,0.0029
IWM,f2d_bull_reversal,intraday_return,549,0.0237,0.0379
IWM,f2d_bull_reversal,high_low_spread_pct,549,0.1641,0.0712
IWM,f2d_bull_reversal,vix_close,549,0.0472,-0.0055
IWM,f2d_bull_reversal,total_gex,547,-0.0429,-0.0385
IWM,f2d_bull_reversal,total_vex,547,-0.0063,-0.0176
IWM,f2d_bull_reversal,flip_price,116,-0.1698,-0.1168
IWM,f2d_bull_reversal,distance_to_king_pct,547,0.0563,0.0409
IWM,f2d_bull_reversal,distance_to_gate_pct,531,0.0236,-0.0383
IWM,f2u_bear_reversal,rsi_9,553,-0.0322,-0.0147
IWM,f2u_bear_reversal,rsi_14,553,-0.0361,-0.0277
IWM,f2u_bear_reversal,stoch_rsi_k,553,-0.0206,0.0233
IWM,f2u_bear_reversal,stoch_rsi_d,553,-0.0196,0.022
IWM,f2u_bear_reversal,ema_9,553,0.0104,-0.0097
IWM,f2u_bear_reversal,ema_20,553,0.0111,-0.0096
IWM,f2u_bear_reversal,ema_50,553,0.0135,-0.007
IWM,f2u_bear_reversal,sma_50,553,0.0133,-0.0071
IWM,f2u_bear_reversal,sma_200,550,0.0153,-0.0083
IWM,f2u_bear_reversal,macd,553,-0.0775,-0.0325
IWM,f2u_bear_reversal,macd_signal,553,-0.0878,-0.0445
IWM,f2u_bear_reversal,macd_histogram,553,0.0268,0.046
IWM,f2u_bear_reversal,atr_14,553,0.0419,0.0098
IWM,f2u_bear_reversal,bb_upper,553,0.0122,-0.0074
IWM,f2u_bear_reversal,bb_lower,553,0.01,-0.0108
IWM,f2u_bear_reversal,bb_width,553,0.0459,0.0409
IWM,f2u_bear_reversal,bb_pct,553,-0.0542,-0.0279
IWM,f2u_bear_reversal,obv,553,0.0127,-0.008
IWM,f2u_bear_reversal,rvol,553,-0.0734,-0.0233
IWM,f2u_bear_reversal,rvol_10,553,-0.0599,-0.0264
IWM,f2u_bear_reversal,vwap,553,0.0107,-0.0099
IWM,f2u_bear_reversal,price_vs_vwap,553,-0.1143,0.0086
IWM,f2u_bear_reversal,price_vs_ema9,553,-0.0992,-0.0191
IWM,f2u_bear_reversal,price_vs_ema20,553,-0.1042,-0.0221
IWM,f2u_bear_reversal,consecutive_up,553,0.0163,0.0146
IWM,f2u_bear_reversal,consecutive_down,553,-0.035,-0.0289
IWM,f2u_bear_reversal,intraday_return,553,-0.0257,-0.0516
IWM,f2u_bear_reversal,high_low_spread_pct,553,0.0177,0.0333
IWM,f2u_bear_reversal,vix_close,553,-0.0845,-0.0271
IWM,f2u_bear_reversal,total_gex,553,-0.0468,-0.0643
IWM,f2u_bear_reversal,total_vex,553,-0.0208,0.0002
IWM,f2u_bear_reversal,flip_price,124,0.0606,0.0709
IWM,f2u_bear_reversal,distance_to_king_pct,553,0.0129,-0.0091
IWM,f2u_bear_reversal,distance_to_gate_pct,540,0.0522,0.05
IWM,none,rsi_9,13165,-0.0085,-0.0001
IWM,none,rsi_14,13165,-0.0068,0.0001
IWM,none,stoch_rsi_k,13164,-0.0099,0.0001
IWM,none,stoch_rsi_d,13163,-0.0083,0.0044
IWM,none,ema_9,13161,-0.004,-0.008
IWM,none,ema_20,13160,-0.0038,-0.0079
IWM,none,ema_50,13157,-0.0036,-0.008
IWM,none,sma_50,13157,-0.0035,-0.0079
IWM,none,sma_200,13131,-0.0045,-0.0095
IWM,none,macd,13158,-0.0121,0.0041
IWM,none,macd_signal,13157,-0.0092,0.0027
IWM,none,macd_histogram,13157,-0.0114,0.006
IWM,none,atr_14,13165,0.0061,0.0208
IWM,none,bb_upper,13160,-0.0035,-0.0077
IWM,none,bb_lower,13160,-0.0041,-0.008
IWM,none,bb_width,13160,0.0094,0.022
IWM,none,bb_pct,13160,-0.0109,-0.0009
IWM,none,obv,13165,-0.0044,-0.0024
IWM,none,rvol,13165,0.0193,0.0312
IWM,none,rvol_10,13165,0.0153,0.0283
IWM,none,vwap,13165,-0.0038,-0.0078
IWM,none,price_vs_vwap,13165,-0.0293,-0.0006
IWM,none,price_vs_ema9,13161,-0.0257,-0.006
IWM,none,price_vs_ema20,13160,-0.0194,0.0007
IWM,none,consecutive_up,13165,-0.0107,-0.011
IWM,none,consecutive_down,13165,0.0111,0.0113
IWM,none,intraday_return,13165,-0.0213,-0.0036
IWM,none,high_low_spread_pct,13165,0.0188,0.0256
IWM,none,vix_close,13165,-0.0338,-0.006
IWM,none,total_gex,13141,-0.0102,-0.0119
IWM,none,total_vex,13141,-0.009,-0.0048
IWM,none,flip_price,3035,0.0324,-0.0077
IWM,none,distance_to_king_pct,13141,0.0083,0.0153
IWM,none,distance_to_gate_pct,12814,0.0019,0.0075
QQQ,11_inside_compression,rsi_9,480,-0.0625,-0.0631
QQQ,11_inside_compression,rsi_14,480,-0.0675,-0.0654
QQQ,11_inside_compression,stoch_rsi_k,480,-0.0323,-0.0488
QQQ,11_inside_compression,stoch_rsi_d,480,-0.0261,-0.0263
QQQ,11_inside_compression,ema_9,480,-0.0265,0.0107
QQQ,11_inside_compression,ema_20,479,-0.0285,0.0066
QQQ,11_inside_compression,ema_50,479,-0.0276,0.0074
QQQ,11_inside_compression,sma_50,479,-0.0271,0.0073
QQQ,11_inside_compression,sma_200,479,-0.028,0.0091
QQQ,11_inside_compression,macd,479,-0.1311,-0.0746
QQQ,11_inside_compression,macd_signal,479,-0.1169,-0.0691
QQQ,11_inside_compression,macd_histogram,479,-0.0679,-0.025
QQQ,11_inside_compression,atr_14,480,-0.0149,0.0155
QQQ,11_inside_compression,bb_upper,479,-0.0279,0.0059
QQQ,11_inside_compression,bb_lower,479,-0.0289,0.0078
QQQ,11_inside_compression,bb_width,479,0.025,0.0346
QQQ,11_inside_compression,bb_pct,479,-0.0749,-0.0702
QQQ,11_inside_compression,obv,480,-0.0341,0.0106
QQQ,11_inside_compression,rvol,480,0.0924,0.1223
QQQ,11_inside_compression,rvol_10,480,0.1294,0.1336
QQQ,11_inside_compression,vwap,480,-0.0265,0.0114
QQQ,11_inside_compression,price_vs_vwap,480,-0.0943,-0.1161
QQQ,11_inside_compression,price_vs_ema9,480,-0.1286,-0.0689
QQQ,11_inside_compression,price_vs_ema20,479,-0.1452,-0.0744
QQQ,11_inside_compression,consecutive_up,480,0.0321,0.0289
QQQ,11_inside_compression,consecutive_down,480,-0.0296,-0.0181
QQQ,11_inside_compression,intraday_return,480,0.0407,-0.0194
QQQ,11_inside_compression,high_low_spread_pct,480,0.0524,0.0618
QQQ,11_inside_compression,vix_close,480,-0.0131,0.0156
QQQ,11_inside_compression,total_gex,478,-0.0051,0.0099
QQQ,11_inside_compression,total_vex,478,0.0217,0.0019
QQQ,11_inside_compression,flip_price,264,0.0596,0.0759
QQQ,11_inside_compression,distance_to_king_pct,478,0.0031,0.0069
QQQ,11_inside_compression,distance_to_gate_pct,469,-0.0596,-0.0638
QQQ,132_bear_continuation,rsi_9,489,0.0141,-0.0203
QQQ,132_bear_continuation,rsi_14,489,0.0175,-0.0161
QQQ,132_bear_continuation,stoch_rsi_k,489,0.0133,0.0076
QQQ,132_bear_continuation,stoch_rsi_d,489,0.0075,-0.0023
QQQ,132_bear_continuation,ema_9,489,0.0416,0.0622
QQQ,132_bear_continuation,ema_20,489,0.0414,0.0621
QQQ,132_bear_continuation,ema_50,489,0.0408,0.0619
QQQ,132_bear_continuation,sma_50,489,0.0409,0.0627
QQQ,132_bear_continuation,sma_200,486,0.039,0.0634
QQQ,132_bear_continuation,macd,489,0.0488,0.0134
QQQ,132_bear_continuation,macd_signal,489,0.0441,0.0024
QQQ,132_bear_continuation,macd_histogram,489,0.0204,-0.0445
QQQ,132_bear_continuation,atr_14,489,-0.0476,0.035
QQQ,132_bear_continuation,bb_upper,489,0.0399,0.0607
QQQ,132_bear_continuation,bb_lower,489,0.0427,0.0646
QQQ,132_bear_continuation,bb_width,489,-0.0847,-0.0304
QQQ,132_bear_continuation,bb_pct,489,0.004,-0.0494
QQQ,132_bear_continuation,obv,489,0.0364,0.0662
QQQ,132_bear_continuation,rvol,489,-0.1089,0.0011
QQQ,132_bear_continuation,rvol_10,489,-0.1359,-0.0102
QQQ,132_bear_continuation,vwap,489,0.0406,0.0616
QQQ,132_bear_continuation,price_vs_vwap,489,0.185,0.0572
QQQ,132_bear_continuation,price_vs_ema9,489,0.1111,0.0128
QQQ,132_bear_continuation,price_vs_ema20,489,0.092,-0.0135
QQQ,132_bear_continuation,consecutive_up,489,-0.0216,0.0073
QQQ,132_bear_continuation,consecutive_down,489,0.0435,0.0227
QQQ,132_bear_continuation,intraday_return,489,0.1147,-0.0015
QQQ,132_bear_continuation,high_low_spread_pct,489,-0.1548,0.0281
QQQ,132_bear_continuation,vix_close,489,-0.1295,-0.0217
QQQ,132_bear_continuation,total_gex,488,0.0292,0.0557
QQQ,132_bear_continuation,total_vex,488,-0.0473,-0.051
QQQ,132_bear_continuation,flip_price,236,0.1368,0.2005
QQQ,132_bear_continuation,distance_to_king_pct,488,0.0127,0.0128
QQQ,132_bear_continuation,distance_to_gate_pct,470,0.0559,0.0349
QQQ,132_bull_continuation,rsi_9,547,0.1012,0.096
QQQ,132_bull_continuation,rsi_14,547,0.1013,0.1003
QQQ,132_bull_continuation,stoch_rsi_k,547,0.0271,0.0244
QQQ,132_bull_continuation,stoch_rsi_d,547,0.0265,0.0192
QQQ,132_bull_continuation,ema_9,547,-0.0048,0.0189
QQQ,132_bull_continuation,ema_20,546,-0.0052,0.0171
QQQ,132_bull_continuation,ema_50,546,-0.0055,0.0166
QQQ,132_bull_continuation,sma_50,546,-0.0059,0.0164
QQQ,132_bull_continuation,sma_200,545,-0.0061,0.0182
QQQ,132_bull_continuation,macd,546,0.0063,0.1022
QQQ,132_bull_continuation,macd_signal,546,0.0262,0.0818
QQQ,132_bull_continuation,macd_histogram,546,-0.0627,0.018
QQQ,132_bull_continuation,atr_14,547,-0.2047,-0.0807
QQQ,132_bull_continuation,bb_upper,546,-0.0072,0.0159
QQQ,132_bull_continuation,bb_lower,546,-0.0024,0.0185
QQQ,132_bull_continuation,bb_width,546,-0.1574,-0.0452
QQQ,132_bull_continuation,bb_pct,546,0.0585,0.0408
QQQ,132_bull_continuation,obv,547,0.0114,0.0352
QQQ,132_bull_continuation,rvol,547,0.058,0.0393
QQQ,132_bull_continuation,rvol_10,547,0.0378,0.0321
QQQ,132_bull_continuation,vwap,547,-0.0038,0.0201
QQQ,132_bull_continuation,price_vs_vwap,547,-0.0434,0.0121
QQQ,132_bull_continuation,price_vs_ema9,547,0.0089,0.0268
QQQ,132_bull_continuation,price_vs_ema20,546,0.0195,0.0662
QQQ,132_bull_continuation,consecutive_up,547,0.0472,0.0306
QQQ,132_bull_continuation,consecutive_down,547,-0.0381,-0.0165
QQQ,132_bull_continuation,intraday_return,547,0.0364,-0.0851
QQQ,132_bull_continuation,high_low_spread_pct,547,-0.1778,-0.1088
QQQ,132_bull_continuation,vix_close,547,-0.1211,-0.0795
QQQ,132_bull_continuation,total_gex,546,0.0749,0.084
QQQ,132_bull_continuation,total_vex,546,0.0135,0.0032
QQQ,132_bull_continuation,flip_price,253,0.0244,0.0595
QQQ,132_bull_continuation,distance_to_king_pct,546,-0.0117,0.0362
QQQ,132_bull_continuation,distance_to_gate_pct,535,0.0257,0.0707
QQQ,212_bear_continuation,rsi_9,1071,0.0155,0.0201
QQQ,212_bear_continuation,rsi_14,1071,0.0106,0.0102
QQQ,212_bear_continuation,stoch_rsi_k,1071,0.0395,0.061
QQQ,212_bear_continuation,stoch_rsi_d,1071,0.031,0.04
QQQ,212_bear_continuation,ema_9,1070,-0.0364,-0.0359
QQQ,212_bear_continuation,ema_20,1070,-0.0364,-0.0359
QQQ,212_bear_continuation,ema_50,1070,-0.0361,-0.0351
QQQ,212_bear_continuation,sma_50,1070,-0.0361,-0.0352
QQQ,212_bear_continuation,sma_200,1067,-0.037,-0.0395
QQQ,212_bear_continuation,macd,1070,-0.0063,0.0
QQQ,212_bear_continuation,macd_signal,1070,-0.0308,-0.0226
QQQ,212_bear_continuation,macd_histogram,1070,0.0701,0.0573
QQQ,212_bear_continuation,atr_14,1071,0.0468,-0.0174
QQQ,212_bear_continuation,bb_upper,1070,-0.0365,-0.0357
QQQ,212_bear_continuation,bb_lower,1070,-0.0366,-0.0359
QQQ,212_bear_continuation,bb_width,1070,-0.0144,-0.0272
QQQ,212_bear_continuation,bb_pct,1070,0.0326,0.0292
QQQ,212_bear_continuation,obv,1071,-0.032,-0.02
QQQ,212_bear_continuation,rvol,1071,0.0045,0.0049
QQQ,212_bear_continuation,rvol_10,1071,0.0302,-0.0027
QQQ,212_bear_continuation,vwap,1071,-0.0367,-0.0358
QQQ,212_bear_continuation,price_vs_vwap,1071,0.0477,0.009
QQQ,212_bear_continuation,price_vs_ema9,1070,0.0181,0.0181
QQQ,212_bear_continuation,price_vs_ema20,1070,0.0072,0.0156
QQQ,212_bear_continuation,consecutive_up,1071,0.0391,0.0337
QQQ,212_bear_continuation,consecutive_down,1071,-0.0411,-0.0389
QQQ,212_bear_continuation,intraday_return,1071,0.0165,-0.0023
QQQ,212_bear_continuation,high_low_spread_pct,1071,0.0183,-0.0011
QQQ,212_bear_continuation,vix_close,1071,-0.0295,-0.0428
QQQ,212_bear_continuation,total_gex,1069,-0.0419,-0.0162
QQQ,212_bear_continuation,total_vex,1069,0.0189,0.0304
QQQ,212_bear_continuation,flip_price,515,-0.0759,-0.0676
QQQ,212_bear_continuation,distance_to_king_pct,1069,-0.0621,-0.0602
QQQ,212_bear_continuation,distance_to_gate_pct,1045,-0.0097,0.0028
QQQ,212_bear_reversal,rsi_9,2028,-0.0202,-0.0193
QQQ,212_bear_reversal,rsi_14,2028,-0.0278,-0.0222
QQQ,212_bear_reversal,stoch_rsi_k,2028,0.0032,-0.0085
QQQ,212_bear_reversal,stoch_rsi_d,2028,0.0107,-0.0066
QQQ,212_bear_reversal,ema_9,2028,0.0428,0.0492
QQQ,212_bear_reversal,ema_20,2027,0.0433,0.0502
QQQ,212_bear_reversal,ema_50,2027,0.0437,0.0506
QQQ,212_bear_reversal,sma_50,2027,0.0438,0.0508
QQQ,212_bear_reversal,sma_200,2024,0.045,0.0491
QQQ,212_bear_reversal,macd,2027,-0.0162,-0.0055
QQQ,212_bear_reversal,macd_signal,2027,-0.033,-0.0065
QQQ,212_bear_reversal,macd_histogram,2027,0.0509,0.0166
QQQ,212_bear_reversal,atr_14,2028,0.1081,0.0623
QQQ,212_bear_reversal,bb_upper,2027,0.0437,0.0504
QQQ,212_bear_reversal,bb_lower,2027,0.0426,0.0506
QQQ,212_bear_reversal,bb_width,2027,0.0674,0.0405
QQQ,212_bear_reversal,bb_pct,2027,-0.019,-0.0183
QQQ,212_bear_reversal,obv,2028,0.041,0.0505
QQQ,212_bear_reversal,rvol,2028,0.0386,0.0442
QQQ,212_bear_reversal,rvol_10,2028,0.033,0.0351
QQQ,212_bear_reversal,vwap,2028,0.0428,0.049
QQQ,212_bear_reversal,price_vs_vwap,2028,0.0099,0.0157
QQQ,212_bear_reversal,price_vs_ema9,2028,0.0023,-0.0188
QQQ,212_bear_reversal,price_vs_ema20,2027,-0.002,-0.0174
QQQ,212_bear_reversal,consecutive_up,2028,-0.0122,0.0169
QQQ,212_bear_reversal,consecutive_down,2028,0.0206,-0.0049
QQQ,212_bear_reversal,intraday_return,2028,-0.0186,-0.001
QQQ,212_bear_reversal,high_low_spread_pct,2028,0.0389,0.0308
QQQ,212_bear_reversal,vix_close,2028,0.0526,0.02
QQQ,212_bear_reversal,total_gex,2026,-0.0285,-0.0218
QQQ,212_bear_reversal,total_vex,2026,-0.0395,-0.0489
QQQ,212_bear_reversal,flip_price,923,0.0561,0.0741
QQQ,212_bear_reversal,distance_to_king_pct,2026,0.0442,0.0525
QQQ,212_bear_reversal,distance_to_gate_pct,1983,0.0134,0.0451
QQQ,212_bull_continuation,rsi_9,1309,0.0107,0.0283
QQQ,212_bull_continuation,rsi_14,1309,0.013,0.0304
QQQ,212_bull_continuation,stoch_rsi_k,1309,0.0092,0.0141
QQQ,212_bull_continuation,stoch_rsi_d,1309,0.0022,0.0082
QQQ,212_bull_continuation,ema_9,1309,0.0141,0.04
QQQ,212_bull_continuation,ema_20,1309,0.0139,0.0397
QQQ,212_bull_continuation,ema_50,1309,0.0137,0.0394
QQQ,212_bull_continuation,sma_50,1309,0.0137,0.0393
QQQ,212_bull_continuation,sma_200,1306,0.0111,0.037
QQQ,212_bull_continuation,macd,1309,0.0336,0.0485
QQQ,212_bull_continuation,macd_signal,1309,0.0268,0.0392
QQQ,212_bull_continuation,macd_histogram,1309,0.03,0.0383
QQQ,212_bull_continuation,atr_14,1309,-0.063,0.0145
QQQ,212_bull_continuation,bb_upper,1309,0.0128,0.039
QQQ,212_bull_continuation,bb_lower,1309,0.0147,0.0406
QQQ,212_bull_continuation,bb_width,1309,-0.0569,0.0162
QQQ,212_bull_continuation,bb_pct,1309,0.0127,0.023
QQQ,212_bull_continuation,obv,1309,0.0283,0.0504
QQQ,212_bull_continuation,rvol,1309,0.015,0.0022
QQQ,212_bull_continuation,rvol_10,1309,0.002,-0.0063
QQQ,212_bull_continuation,vwap,1309,0.0143,0.0404
QQQ,212_bull_continuation,price_vs_vwap,1309,-0.0678,-0.0186
QQQ,212_bull_continuation,price_vs_ema9,1309,-0.0177,0.005
QQQ,212_bull_continuation,price_vs_ema20,1309,0.0239,0.038
QQQ,212_bull_continuation,consecutive_up,1309,0.0334,0.0425
QQQ,212_bull_continuation,consecutive_down,1309,-0.0322,-0.03
QQQ,212_bull_continuation,intraday_return,1309,-0.0578,-0.0087
QQQ,212_bull_continuation,high_low_spread_pct,1309,-0.0975,-0.0224
QQQ,212_bull_continuation,vix_close,1309,-0.0608,-0.0308
QQQ,212_bull_continuation,total_gex,1307,0.0347,-0.0143
QQQ,212_bull_continuation,total_vex,1307,-0.0229,-0.0378
QQQ,212_bull_continuation,flip_price,582,0.0291,0.0074
QQQ,212_bull_continuation,distance_to_king_pct,1307,-0.0348,0.0328
QQQ,212_bull_continuation,distance_to_gate_pct,1284,-0.0075,0.0466
QQQ,212_bull_reversal,rsi_9,2064,0.0188,0.0367
QQQ,212_bull_reversal,rsi_14,2064,0.0164,0.0362
QQQ,212_bull_reversal,stoch_rsi_k,2064,0.0092,0.0042
QQQ,212_bull_reversal,stoch_rsi_d,2064,0.0103,0.0156
QQQ,212_bull_reversal,ema_9,2064,0.0116,-0.0089
QQQ,212_bull_reversal,ema_20,2063,0.0117,-0.0088
QQQ,212_bull_reversal,ema_50,2063,0.0116,-0.0094
QQQ,212_bull_reversal,sma_50,2063,0.0115,-0.0097
QQQ,212_bull_reversal,sma_200,2059,0.0101,-0.0129
QQQ,212_bull_reversal,macd,2063,0.0078,0.0547
QQQ,212_bull_reversal,macd_signal,2063,0.0154,0.0431
QQQ,212_bull_reversal,macd_histogram,2063,-0.0239,0.0287
QQQ,212_bull_reversal,atr_14,2064,-0.0424,-0.0401
QQQ,212_bull_reversal,bb_upper,2063,0.0109,-0.0098
QQQ,212_bull_reversal,bb_lower,2063,0.0127,-0.0077
QQQ,212_bull_reversal,bb_width,2063,-0.0576,-0.0508
QQQ,212_bull_reversal,bb_pct,2063,0.014,0.0311
QQQ,212_bull_reversal,obv,2064,0.0092,-0.0077
QQQ,212_bull_reversal,rvol,2064,-0.0592,-0.0263
QQQ,212_bull_reversal,rvol_10,2064,-0.0462,-0.0282
QQQ,212_bull_reversal,vwap,2064,0.0115,-0.0091
QQQ,212_bull_reversal,price_vs_vwap,2064,0.0057,0.033
QQQ,212_bull_reversal,price_vs_ema9,2064,-0.0156,0.0407
QQQ,212_bull_reversal,price_vs_ema20,2063,-0.0058,0.0534
QQQ,212_bull_reversal,consecutive_up,2064,0.0549,0.0452
QQQ,212_bull_reversal,consecutive_down,2064,-0.0488,-0.0357
QQQ,212_bull_reversal,intraday_return,2064,-0.0271,-0.0048
QQQ,212_bull_reversal,high_low_spread_pct,2064,-0.1322,-0.0465
QQQ,212_bull_reversal,vix_close,2064,-0.1248,-0.0688
QQQ,212_bull_reversal,total_gex,2062,0.0118,0.0404
QQQ,212_bull_reversal,total_vex,2062,-0.0178,0.0088
QQQ,212_bull_reversal,flip_price,979,0.0158,0.0133
QQQ,212_bull_reversal,distance_to_king_pct,2062,-0.019,-0.0047
QQQ,212_bull_reversal,distance_to_gate_pct,2015,0.0171,0.0355
QQQ,22_bear_continuation,rsi_9,10112,0.0053,0.012
QQQ,22_bear_continuation,rsi_14,10112,0.0012,0.0098
QQQ,22_bear_continuation,stoch_rsi_k,10112,0.0126,0.0104
QQQ,22_bear_continuation,stoch_rsi_d,10111,0.0095,0.0086
QQQ,22_bear_continuation,ema_9,10111,-0.0032,-0.0017
QQQ,22_bear_continuation,ema_20,10111,-0.003,-0.0017
QQQ,22_bear_continuation,ema_50,10102,-0.0026,-0.0014
QQQ,22_bear_continuation,sma_50,10102,-0.0026,-0.0014
QQQ,22_bear_continuation,sma_200,10063,-0.0038,-0.0044
QQQ,22_bear_continuation,macd,10108,-0.0273,0.0116
QQQ,22_bear_continuation,macd_signal,10107,-0.027,0.0063
QQQ,22_bear_continuation,macd_histogram,10107,-0.0067,0.0147
QQQ,22_bear_continuation,atr_14,10112,0.0392,0.0115
QQQ,22_bear_continuation,bb_upper,10111,-0.0025,-0.0013
QQQ,22_bear_continuation,bb_lower,10111,-0.0034,-0.0019
QQQ,22_bear_continuation,bb_width,10111,0.0301,0.0023
QQQ,22_bear_continuation,bb_pct,10111,0.0142,0.0163
QQQ,22_bear_continuation,obv,10112,0.0022,0.005
QQQ,22_bear_continuation,rvol,10112,0.0032,0.0062
QQQ,22_bear_continuation,rvol_10,10112,0.0049,-0.0021
QQQ,22_bear_continuation,vwap,10112,-0.0033,-0.0016
QQQ,22_bear_continuation,price_vs_vwap,10112,-0.0106,0.0173
QQQ,22_bear_continuation,price_vs_ema9,10111,-0.0344,0.0155
QQQ,22_bear_continuation,price_vs_ema20,10111,-0.0346,0.0132
QQQ,22_bear_continuation,consecutive_up,10112,-0.0153,-0.0105
QQQ,22_bear_continuation,consecutive_down,10112,0.013,0.0091
QQQ,22_bear_continuation,intraday_return,10112,-0.0284,0.0069
QQQ,22_bear_continuation,high_low_spread_pct,10112,0.065,0.0013
QQQ,22_bear_continuation,vix_close,10112,0.0234,-0.0351
QQQ,22_bear_continuation,total_gex,10097,-0.0088,-0.0004
QQQ,22_bear_continuation,total_vex,10097,0.0002,0.0022
QQQ,22_bear_continuation,flip_price,4278,0.0265,0.0234
QQQ,22_bear_continuation,distance_to_king_pct,10097,-0.0001,0.006
QQQ,22_bear_continuation,distance_to_gate_pct,9837,0.0007,0.0153
QQQ,22_bear_reversal,rsi_9,7824,-0.0037,0.0058
QQQ,22_bear_reversal,rsi_14,7824,-0.0008,0.0062
QQQ,22_bear_reversal,stoch_rsi_k,7824,-0.0093,0.0024
QQQ,22_bear_reversal,stoch_rsi_d,7824,-0.0067,0.0081
QQQ,22_bear_reversal,ema_9,7823,-0.0064,-0.0055
QQQ,22_bear_reversal,ema_20,7823,-0.0063,-0.0056
QQQ,22_bear_reversal,ema_50,7815,-0.0062,-0.0059
QQQ,22_bear_reversal,sma_50,7815,-0.0061,-0.0058
QQQ,22_bear_reversal,sma_200,7793,-0.0076,-0.008
QQQ,22_bear_reversal,macd,7822,-0.0164,0.0085
QQQ,22_bear_reversal,macd_signal,7820,-0.012,0.0054
QQQ,22_bear_reversal,macd_histogram,7820,-0.0173,0.0085
QQQ,22_bear_reversal,atr_14,7824,-0.015,-0.0053
QQQ,22_bear_reversal,bb_upper,7823,-0.0065,-0.006
QQQ,22_bear_reversal,bb_lower,7823,-0.0061,-0.0052
QQQ,22_bear_reversal,bb_width,7823,-0.019,-0.0106
QQQ,22_bear_reversal,bb_pct,7823,-0.0209,-0.0069
QQQ,22_bear_reversal,obv,7824,-0.001,-0.0032
QQQ,22_bear_reversal,rvol,7824,0.0073,0.0308
QQQ,22_bear_reversal,rvol_10,7824,-0.0002,0.0239
QQQ,22_bear_reversal,vwap,7824,-0.0066,-0.0058
QQQ,22_bear_reversal,price_vs_vwap,7824,-0.0086,0.0147
QQQ,22_bear_reversal,price_vs_ema9,7823,-0.0365,0.0035
QQQ,22_bear_reversal,price_vs_ema20,7823,-0.029,0.0049
QQQ,22_bear_reversal,consecutive_up,7824,-0.0158,-0.0077
QQQ,22_bear_reversal,consecutive_down,7824,0.0161,0.0099
QQQ,22_bear_reversal,intraday_return,7824,0.006,0.0212
QQQ,22_bear_reversal,high_low_spread_pct,7824,-0.0203,-0.0013
QQQ,22_bear_reversal,vix_close,7824,-0.0495,-0.0364
QQQ,22_bear_reversal,total_gex,7813,0.0086,0.008
QQQ,22_bear_reversal,total_vex,7813,0.005,0.0057
QQQ,22_bear_reversal,flip_price,3521,0.0184,0.029
QQQ,22_bear_reversal,distance_to_king_pct,7813,-0.0134,0.0027
QQQ,22_bear_reversal,distance_to_gate_pct,7620,-0.0061,0.0102
QQQ,22_bull_continuation,rsi_9,12536,0.0253,0.0372
QQQ,22_bull_continuation,rsi_14,12536,0.0255,0.0343
QQQ,22_bull_continuation,stoch_rsi_k,12536,0.0111,0.0328
QQQ,22_bull_continuation,stoch_rsi_d,12536,0.0112,0.0312
QQQ,22_bull_continuation,ema_9,12536,0.0017,0.0119
QQQ,22_bull_continuation,ema_20,12535,0.0018,0.0117
QQQ,22_bull_continuation,ema_50,12532,0.0017,0.0113
QQQ,22_bull_continuation,sma_50,12532,0.0017,0.0113
QQQ,22_bull_continuation,sma_200,12517,0.0006,0.0101
QQQ,22_bull_continuation,macd,12535,0.0022,0.0361
QQQ,22_bull_continuation,macd_signal,12533,0.0073,0.0291
QQQ,22_bull_continuation,macd_histogram,12533,-0.0155,0.0387
QQQ,22_bull_continuation,atr_14,12536,-0.0336,0.0175
QQQ,22_bull_continuation,bb_upper,12535,0.0013,0.0115
QQQ,22_bull_continuation,bb_lower,12535,0.0024,0.012
QQQ,22_bull_continuation,bb_width,12535,-0.0367,0.0176
QQQ,22_bull_continuation,bb_pct,12535,0.0188,0.0324
QQQ,22_bull_continuation,obv,12536,0.0091,0.0164
QQQ,22_bull_continuation,rvol,12536,0.0079,0.0375
QQQ,22_bull_continuation,rvol_10,12536,0.0017,0.0312
QQQ,22_bull_continuation,vwap,12536,0.0018,0.012
QQQ,22_bull_continuation,price_vs_vwap,12536,-0.033,0.0435
QQQ,22_bull_continuation,price_vs_ema9,12536,-0.026,0.0336
QQQ,22_bull_continuation,price_vs_ema20,12535,-0.0118,0.0414
QQQ,22_bull_continuation,consecutive_up,12536,0.0089,0.0038
QQQ,22_bull_continuation,consecutive_down,12536,-0.0104,-0.005
QQQ,22_bull_continuation,intraday_return,12536,-0.0309,0.0081
QQQ,22_bull_continuation,high_low_spread_pct,12536,-0.0619,0.0058
QQQ,22_bull_continuation,vix_close,12536,-0.0339,-0.0077
QQQ,22_bull_continuation,total_gex,12521,-0.0068,-0.0203
QQQ,22_bull_continuation,total_vex,12521,-0.0028,-0.0166
QQQ,22_bull_continuation,flip_price,5649,0.0004,0.0151
QQQ,22_bull_continuation,distance_to_king_pct,12521,-0.0039,0.0222
QQQ,22_bull_continuation,distance_to_gate_pct,12207,0.0031,0.0305
QQQ,22_bull_reversal,rsi_9,7841,0.0097,0.0244
QQQ,22_bull_reversal,rsi_14,7841,0.0091,0.0192
QQQ,22_bull_reversal,stoch_rsi_k,7841,0.0087,0.0251
QQQ,22_bull_reversal,stoch_rsi_d,7841,0.0136,0.0279
QQQ,22_bull_reversal,ema_9,7839,-0.0108,-0.0158
QQQ,22_bull_reversal,ema_20,7839,-0.0108,-0.016
QQQ,22_bull_reversal,ema_50,7831,-0.0105,-0.0159
QQQ,22_bull_reversal,sma_50,7831,-0.0105,-0.0159
QQQ,22_bull_reversal,sma_200,7810,-0.0116,-0.0169
QQQ,22_bull_reversal,macd,7837,-0.003,0.0147
QQQ,22_bull_reversal,macd_signal,7836,-0.003,0.0092
QQQ,22_bull_reversal,macd_histogram,7836,-0.0003,0.0331
QQQ,22_bull_reversal,atr_14,7841,0.0016,0.0025
QQQ,22_bull_reversal,bb_upper,7839,-0.0108,-0.0162
QQQ,22_bull_reversal,bb_lower,7839,-0.0108,-0.0159
QQQ,22_bull_reversal,bb_width,7839,-0.0063,-0.0049
QQQ,22_bull_reversal,bb_pct,7839,0.0007,0.0179
QQQ,22_bull_reversal,obv,7841,-0.0053,-0.0097
QQQ,22_bull_reversal,rvol,7841,0.0202,0.0336
QQQ,22_bull_reversal,rvol_10,7841,0.0234,0.0268
QQQ,22_bull_reversal,vwap,7841,-0.0109,-0.016
QQQ,22_bull_reversal,price_vs_vwap,7841,-0.0159,0.03
QQQ,22_bull_reversal,price_vs_ema9,7839,0.0012,0.0316
QQQ,22_bull_reversal,price_vs_ema20,7839,-0.0003,0.0291
QQQ,22_bull_reversal,consecutive_up,7841,-0.0191,-0.0078
QQQ,22_bull_reversal,consecutive_down,7841,0.0153,0.0041
QQQ,22_bull_reversal,intraday_return,7841,0.0049,0.013
QQQ,22_bull_reversal,high_low_spread_pct,7841,0.0107,0.0138
QQQ,22_bull_reversal,vix_close,7841,-0.0206,-0.0191
QQQ,22_bull_reversal,total_gex,7827,0.002,-0.015
QQQ,22_bull_reversal,total_vex,7827,0.0106,0.0136
QQQ,22_bull_reversal,flip_price,3511,0.0342,0.0217
QQQ,22_bull_reversal,distance_to_king_pct,7827,0.0038,0.0056
QQQ,22_bull_reversal,distance_to_gate_pct,7628,-0.0103,0.0077
QQQ,312_bear_reversal,rsi_9,426,-0.0593,0.0005
QQQ,312_bear_reversal,rsi_14,426,-0.0712,-0.0152
QQQ,312_bear_reversal,stoch_rsi_k,426,0.0085,0.0385
QQQ,312_bear_reversal,stoch_rsi_d,426,0.0066,0.0455
QQQ,312_bear_reversal,ema_9,426,0.0098,-0.0046
QQQ,312_bear_reversal,ema_20,426,0.01,-0.0051
QQQ,312_bear_reversal,ema_50,426,0.0106,-0.0049
QQQ,312_bear_reversal,sma_50,426,0.0105,-0.0047
QQQ,312_bear_reversal,sma_200,425,0.0137,-0.0007
QQQ,312_bear_reversal,macd,426,-0.0371,-0.0058
QQQ,312_bear_reversal,macd_signal,426,-0.0368,-0.0242
QQQ,312_bear_reversal,macd_histogram,426,-0.0089,0.0303
QQQ,312_bear_reversal,atr_14,426,0.1075,0.0612
QQQ,312_bear_reversal,bb_upper,426,0.0102,-0.0062
QQQ,312_bear_reversal,bb_lower,426,0.0096,-0.0047
QQQ,312_bear_reversal,bb_width,426,0.0258,0.0288
QQQ,312_bear_reversal,bb_pct,426,-0.0448,0.0317
QQQ,312_bear_reversal,obv,426,0.0012,-0.011
QQQ,312_bear_reversal,rvol,426,0.097,0.0195
QQQ,312_bear_reversal,rvol_10,426,0.0953,0.0312
QQQ,312_bear_reversal,vwap,426,0.0099,-0.0046
QQQ,312_bear_reversal,price_vs_vwap,426,-0.1385,0.0033
QQQ,312_bear_reversal,price_vs_ema9,426,-0.1727,-0.0014
QQQ,312_bear_reversal,price_vs_ema20,426,-0.1531,0.0153
QQQ,312_bear_reversal,consecutive_up,426,0.0097,0.0569
QQQ,312_bear_reversal,consecutive_down,426,-0.0076,-0.0525
QQQ,312_bear_reversal,intraday_return,426,0.0023,-0.063
QQQ,312_bear_reversal,high_low_spread_pct,426,0.2057,0.1047
QQQ,312_bear_reversal,vix_close,426,0.076,0.051
QQQ,312_bear_reversal,total_gex,426,-0.0009,-0.042
QQQ,312_bear_reversal,total_vex,426,-0.0286,-0.0211
QQQ,312_bear_reversal,flip_price,201,0.0572,0.0102
QQQ,312_bear_reversal,distance_to_king_pct,426,-0.0118,-0.0004
QQQ,312_bear_reversal,distance_to_gate_pct,419,0.0175,0.0525
QQQ,312_bull_reversal,rsi_9,680,0.012,0.0523
QQQ,312_bull_reversal,rsi_14,680,0.0135,0.0581
QQQ,312_bull_reversal,stoch_rsi_k,680,0.0115,0.0204
QQQ,312_bull_reversal,stoch_rsi_d,680,0.0058,0.0308
QQQ,312_bull_reversal,ema_9,680,-0.0318,-0.0051
QQQ,312_bull_reversal,ema_20,680,-0.0319,-0.0051
QQQ,312_bull_reversal,ema_50,680,-0.0319,-0.0057
QQQ,312_bull_reversal,sma_50,680,-0.0319,-0.0059
QQQ,312_bull_reversal,sma_200,680,-0.0308,-0.0043
QQQ,312_bull_reversal,macd,680,0.0111,0.0455
QQQ,312_bull_reversal,macd_signal,680,0.0076,0.0359
QQQ,312_bull_reversal,macd_histogram,680,0.0139,0.0204
QQQ,312_bull_reversal,atr_14,680,-0.0517,-0.0187
QQQ,312_bull_reversal,bb_upper,680,-0.0322,-0.0061
QQQ,312_bull_reversal,bb_lower,680,-0.0318,-0.0047
QQQ,312_bull_reversal,bb_width,680,-0.0323,-0.015
QQQ,312_bull_reversal,bb_pct,680,-0.0181,0.0411
QQQ,312_bull_reversal,obv,680,-0.0062,-0.0014
QQQ,312_bull_reversal,rvol,680,-0.0476,0.0027
QQQ,312_bull_reversal,rvol_10,680,-0.0348,0.0074
QQQ,312_bull_reversal,vwap,680,-0.0317,-0.0051
QQQ,312_bull_reversal,price_vs_vwap,680,-0.0464,0.0334
QQQ,312_bull_reversal,price_vs_ema9,680,-0.0555,0.0109
QQQ,312_bull_reversal,price_vs_ema20,680,-0.0276,0.0425
QQQ,312_bull_reversal,consecutive_up,680,0.0269,0.0293
QQQ,312_bull_reversal,consecutive_down,680,-0.0151,-0.0118
QQQ,312_bull_reversal,intraday_return,680,-0.0632,0.0125
QQQ,312_bull_reversal,high_low_spread_pct,680,-0.0515,-0.0221
QQQ,312_bull_reversal,vix_close,680,0.0871,-0.0243
QQQ,312_bull_reversal,total_gex,679,-0.0093,-0.0396
QQQ,312_bull_reversal,total_vex,679,0.0314,0.0162
QQQ,312_bull_reversal,flip_price,352,0.0075,-0.0188
QQQ,312_bull_reversal,distance_to_king_pct,679,-0.0681,-0.0283
QQQ,312_bull_reversal,distance_to_gate_pct,663,0.0044,0.0451
QQQ,322_bear_continuation,rsi_9,986,0.0649,0.0812
QQQ,322_bear_continuation,rsi_14,986,0.0745,0.0975
QQQ,322_bear_continuation,stoch_rsi_k,986,-0.0183,-0.0324
QQQ,322_bear_continuation,stoch_rsi_d,986,-0.0089,-0.0212
QQQ,322_bear_continuation,ema_9,986,0.0128,0.0134
QQQ,322_bear_continuation,ema_20,986,0.0123,0.0124
QQQ,322_bear_continuation,ema_50,986,0.0114,0.0111
QQQ,322_bear_continuation,sma_50,986,0.0108,0.0107
QQQ,322_bear_continuation,sma_200,982,0.0148,0.0135
QQQ,322_bear_continuation,macd,986,0.0971,0.1157
QQQ,322_bear_continuation,macd_signal,986,0.1024,0.1043
QQQ,322_bear_continuation,macd_histogram,986,-0.0088,0.0106
QQQ,322_bear_continuation,atr_14,986,0.0186,-0.023
QQQ,322_bear_continuation,bb_upper,986,0.0125,0.012
QQQ,322_bear_continuation,bb_lower,986,0.0123,0.0136
QQQ,322_bear_continuation,bb_width,986,0.0122,-0.0415
QQQ,322_bear_continuation,bb_pct,986,0.0527,0.048
QQQ,322_bear_continuation,obv,986,0.0092,0.0096
QQQ,322_bear_continuation,rvol,986,0.0109,-0.0039
QQQ,322_bear_continuation,rvol_10,986,0.0024,-0.0105
QQQ,322_bear_continuation,vwap,986,0.0132,0.0137
QQQ,322_bear_continuation,price_vs_vwap,986,0.0329,0.0332
QQQ,322_bear_continuation,price_vs_ema9,986,0.0833,0.0686
QQQ,322_bear_continuation,price_vs_ema20,986,0.1032,0.1031
QQQ,322_bear_continuation,consecutive_up,986,0.0421,0.0319
QQQ,322_bear_continuation,consecutive_down,986,-0.0427,-0.0345
QQQ,322_bear_continuation,intraday_return,986,-0.0163,0.0387
QQQ,322_bear_continuation,high_low_spread_pct,986,-0.0032,-0.0326
QQQ,322_bear_continuation,vix_close,986,-0.0769,-0.0455
QQQ,322_bear_continuation,total_gex,983,-0.0487,0.0035
QQQ,322_bear_continuation,total_vex,983,-0.0152,-0.0035
QQQ,322_bear_continuation,flip_price,417,0.0137,0.0119
QQQ,322_bear_continuation,distance_to_king_pct,983,-0.0086,0.0159
QQQ,322_bear_continuation,distance_to_gate_pct,960,0.01,0.0612
QQQ,322_bull_continuation,rsi_9,1196,-0.0034,0.0354
QQQ,322_bull_continuation,rsi_14,1196,-0.0073,0.0332
QQQ,322_bull_continuation,stoch_rsi_k,1196,0.0265,0.0367
QQQ,322_bull_continuation,stoch_rsi_d,1196,0.033,0.0484
QQQ,322_bull_continuation,ema_9,1196,-0.0009,-0.0032
QQQ,322_bull_continuation,ema_20,1195,-0.001,-0.0039
QQQ,322_bull_continuation,ema_50,1195,-0.0005,-0.0038
QQQ,322_bull_continuation,sma_50,1195,-0.0006,-0.0036
QQQ,322_bull_continuation,sma_200,1194,-0.0002,-0.0048
QQQ,322_bull_continuation,macd,1195,-0.032,0.0297
QQQ,322_bull_continuation,macd_signal,1195,-0.0351,0.0152
QQQ,322_bull_continuation,macd_histogram,1195,0.0085,0.0766
QQQ,322_bull_continuation,atr_14,1196,0.0087,0.0105
QQQ,322_bull_continuation,bb_upper,1195,-0.0015,-0.0038
QQQ,322_bull_continuation,bb_lower,1195,-0.0006,-0.004
QQQ,322_bull_continuation,bb_width,1195,-0.0334,0.0237
QQQ,322_bull_continuation,bb_pct,1195,-0.006,0.0118
QQQ,322_bull_continuation,obv,1196,0.009,0.016
QQQ,322_bull_continuation,rvol,1196,0.0432,0.0765
QQQ,322_bull_continuation,rvol_10,1196,0.0079,0.0568
QQQ,322_bull_continuation,vwap,1196,-0.0006,-0.0023
QQQ,322_bull_continuation,price_vs_vwap,1196,-0.0315,-0.0019
QQQ,322_bull_continuation,price_vs_ema9,1196,-0.0034,0.0252
QQQ,322_bull_continuation,price_vs_ema20,1195,-0.0094,0.041
QQQ,322_bull_continuation,consecutive_up,1196,-0.0268,-0.06
QQQ,322_bull_continuation,consecutive_down,1196,0.0243,0.0559
QQQ,322_bull_continuation,intraday_return,1196,0.0045,-0.038
QQQ,322_bull_continuation,high_low_spread_pct,1196,0.055,0.0166
QQQ,322_bull_continuation,vix_close,1196,0.028,0.0031
QQQ,322_bull_continuation,total_gex,1194,-0.0113,0.0124
QQQ,322_bull_continuation,total_vex,1194,-0.0002,0.0081
QQQ,322_bull_continuation,flip_price,535,0.0053,0.0039
QQQ,322_bull_continuation,distance_to_king_pct,1194,0.0068,0.0282
QQQ,322_bull_continuation,distance_to_gate_pct,1171,-0.0041,0.0048
QQQ,32_bear_reversal,rsi_9,279,-0.048,-0.0517
QQQ,32_bear_reversal,rsi_14,279,-0.028,-0.0226
QQQ,32_bear_reversal,stoch_rsi_k,279,-0.0543,-0.0698
QQQ,32_bear_reversal,stoch_rsi_d,279,-0.0351,-0.0418
QQQ,32_bear_reversal,ema_9,279,-0.0295,-0.0618
QQQ,32_bear_reversal,ema_20,279,-0.0299,-0.0621
QQQ,32_bear_reversal,ema_50,279,-0.0301,-0.0633
QQQ,32_bear_reversal,sma_50,279,-0.0298,-0.0637
QQQ,32_bear_reversal,sma_200,279,-0.0293,-0.0615
QQQ,32_bear_reversal,macd,279,0.0406,0.0288
QQQ,32_bear_reversal,macd_signal,279,0.0097,0.0555
QQQ,32_bear_reversal,macd_histogram,279,0.1021,-0.0413
QQQ,32_bear_reversal,atr_14,279,0.0445,-0.0718
QQQ,32_bear_reversal,bb_upper,279,-0.0303,-0.0635
QQQ,32_bear_reversal,bb_lower,279,-0.0305,-0.0626
QQQ,32_bear_reversal,bb_width,279,-0.0093,-0.1207
QQQ,32_bear_reversal,bb_pct,279,-0.0778,-0.0938
QQQ,32_bear_reversal,obv,279,-0.0389,-0.0628
QQQ,32_bear_reversal,rvol,279,0.0753,0.1383
QQQ,32_bear_reversal,rvol_10,279,0.0619,0.1348
QQQ,32_bear_reversal,vwap,279,-0.0308,-0.0624
QQQ,32_bear_reversal,price_vs_vwap,279,0.0705,-0.0163
QQQ,32_bear_reversal,price_vs_ema9,279,-0.0159,-0.0867
QQQ,32_bear_reversal,price_vs_ema20,279,0.0198,-0.0321
QQQ,32_bear_reversal,consecutive_up,279,0.0672,0.0779
QQQ,32_bear_reversal,consecutive_down,279,-0.0724,-0.0889
QQQ,32_bear_reversal,intraday_return,279,0.0058,0.0274
QQQ,32_bear_reversal,high_low_spread_pct,279,0.1846,0.0515
QQQ,32_bear_reversal,vix_close,279,-0.0927,-0.1243
QQQ,32_bear_reversal,total_gex,278,-0.0695,-0.068
QQQ,32_bear_reversal,total_vex,278,0.0268,0.0809
QQQ,32_bear_reversal,flip_price,125,-0.1217,-0.1427
QQQ,32_bear_reversal,distance_to_king_pct,278,-0.0618,-0.0861
QQQ,32_bear_reversal,distance_to_gate_pct,274,0.0116,-0.0205
QQQ,32_bull_reversal,rsi_9,381,-0.0954,-0.0571
QQQ,32_bull_reversal,rsi_14,381,-0.097,-0.0721
QQQ,32_bull_reversal,stoch_rsi_k,381,-0.0166,0.0416
QQQ,32_bull_reversal,stoch_rsi_d,381,0.0002,0.047
QQQ,32_bull_reversal,ema_9,381,0.0494,0.0129
QQQ,32_bull_reversal,ema_20,381,0.0497,0.0131
QQQ,32_bull_reversal,ema_50,381,0.0504,0.0132
QQQ,32_bull_reversal,sma_50,381,0.0508,0.0141
QQQ,32_bull_reversal,sma_200,380,0.0477,0.0089
QQQ,32_bull_reversal,macd,381,-0.0613,-0.0763
QQQ,32_bull_reversal,macd_signal,381,-0.0656,-0.0964
QQQ,32_bull_reversal,macd_histogram,381,0.0133,0.0383
QQQ,32_bull_reversal,atr_14,381,-0.0141,0.0352
QQQ,32_bull_reversal,bb_upper,381,0.0501,0.0137
QQQ,32_bull_reversal,bb_lower,381,0.0489,0.0114
QQQ,32_bull_reversal,bb_width,381,0.0692,0.0597
QQQ,32_bull_reversal,bb_pct,381,-0.1481,-0.1063
QQQ,32_bull_reversal,obv,381,0.0344,0.0139
QQQ,32_bull_reversal,rvol,381,-0.1095,-0.0652
QQQ,32_bull_reversal,rvol_10,381,-0.1012,-0.0848
QQQ,32_bull_reversal,vwap,381,0.049,0.0133
QQQ,32_bull_reversal,price_vs_vwap,381,-0.122,-0.0556
QQQ,32_bull_reversal,price_vs_ema9,381,-0.2092,-0.0542
QQQ,32_bull_reversal,price_vs_ema20,381,-0.1663,-0.0646
QQQ,32_bull_reversal,consecutive_up,381,-0.0644,-0.0155
QQQ,32_bull_reversal,consecutive_down,381,0.0527,0.0179
QQQ,32_bull_reversal,intraday_return,381,-0.0543,0.0166
QQQ,32_bull_reversal,high_low_spread_pct,381,-0.2213,-0.0051
QQQ,32_bull_reversal,vix_close,381,-0.2042,-0.0179
QQQ,32_bull_reversal,total_gex,381,0.0109,0.002
QQQ,32_bull_reversal,total_vex,381,-0.0606,-0.025
QQQ,32_bull_reversal,flip_price,160,0.0269,-0.0209
QQQ,32_bull_reversal,distance_to_king_pct,381,-0.113,-0.0538
QQQ,32_bull_reversal,distance_to_gate_pct,371,-0.014,-0.0028
QQQ,clean_2d_bear,rsi_9,1126,0.0505,0.074
QQQ,clean_2d_bear,rsi_14,1126,0.0537,0.0829
QQQ,clean_2d_bear,stoch_rsi_k,1126,-0.0051,-0.0169
QQQ,clean_2d_bear,stoch_rsi_d,1126,0.0057,-0.0084
QQQ,clean_2d_bear,ema_9,1126,-0.0633,-0.0492
QQQ,clean_2d_bear,ema_20,1125,-0.0642,-0.0512
QQQ,clean_2d_bear,ema_50,1125,-0.0644,-0.0519
QQQ,clean_2d_bear,sma_50,1125,-0.0645,-0.0523
QQQ,clean_2d_bear,sma_200,1123,-0.0646,-0.0559
QQQ,clean_2d_bear,macd,1125,0.0281,0.0769
QQQ,clean_2d_bear,macd_signal,1125,0.0198,0.069
QQQ,clean_2d_bear,macd_histogram,1125,0.0335,0.0114
QQQ,clean_2d_bear,atr_14,1126,0.0052,-0.0558
QQQ,clean_2d_bear,bb_upper,1125,-0.0639,-0.0515
QQQ,clean_2d_bear,bb_lower,1125,-0.0646,-0.0503
QQQ,clean_2d_bear,bb_width,1125,-0.0023,-0.0628
QQQ,clean_2d_bear,bb_pct,1125,0.0565,0.0569
QQQ,clean_2d_bear,obv,1126,-0.06,-0.0475
QQQ,clean_2d_bear,rvol,1126,0.0036,0.0405
QQQ,clean_2d_bear,rvol_10,1126,-0.0154,0.0335
QQQ,clean_2d_bear,vwap,1126,-0.0631,-0.0489
QQQ,clean_2d_bear,price_vs_vwap,1126,0.0387,0.0601
QQQ,clean_2d_bear,price_vs_ema9,1126,0.0474,0.0624
QQQ,clean_2d_bear,price_vs_ema20,1125,0.0417,0.0828
QQQ,clean_2d_bear,consecutive_up,1126,0.0188,0.0263
QQQ,clean_2d_bear,consecutive_down,1126,-0.0357,-0.0422
QQQ,clean_2d_bear,intraday_return,1126,0.0332,0.0374
QQQ,clean_2d_bear,high_low_spread_pct,1126,0.0088,-0.0238
QQQ,clean_2d_bear,vix_close,1126,-0.0331,-0.0709
QQQ,clean_2d_bear,total_gex,1123,-0.0055,0.0251
QQQ,clean_2d_bear,total_vex,1123,0.0594,0.0549
QQQ,clean_2d_bear,flip_price,500,-0.058,-0.0571
QQQ,clean_2d_bear,distance_to_king_pct,1123,-0.0191,-0.0132
QQQ,clean_2d_bear,distance_to_gate_pct,1102,-0.0481,-0.0211
QQQ,clean_2u_bull,rsi_9,1230,0.0075,0.0415
QQQ,clean_2u_bull,rsi_14,1230,0.0095,0.0388
QQQ,clean_2u_bull,stoch_rsi_k,1230,0.0138,0.0417
QQQ,clean_2u_bull,stoch_rsi_d,1230,0.0242,0.0521
QQQ,clean_2u_bull,ema_9,1230,0.0077,0.0253
QQQ,clean_2u_bull,ema_20,1230,0.0075,0.0252
QQQ,clean_2u_bull,ema_50,1229,0.0061,0.0231
QQQ,clean_2u_bull,sma_50,1229,0.0062,0.0233
QQQ,clean_2u_bull,sma_200,1227,0.0062,0.0226
QQQ,clean_2u_bull,macd,1230,0.0317,0.0338
QQQ,clean_2u_bull,macd_signal,1229,0.0239,0.0259
QQQ,clean_2u_bull,macd_histogram,1229,0.0311,0.0682
QQQ,clean_2u_bull,atr_14,1230,0.0512,0.0394
QQQ,clean_2u_bull,bb_upper,1230,0.0079,0.0251
QQQ,clean_2u_bull,bb_lower,1230,0.0068,0.025
QQQ,clean_2u_bull,bb_width,1230,0.0414,0.0534
QQQ,clean_2u_bull,bb_pct,1230,-0.0047,0.0317
QQQ,clean_2u_bull,obv,1230,0.0128,0.0302
QQQ,clean_2u_bull,rvol,1230,-0.0296,0.0152
QQQ,clean_2u_bull,rvol_10,1230,-0.0218,0.0212
QQQ,clean_2u_bull,vwap,1230,0.0076,0.0258
QQQ,clean_2u_bull,price_vs_vwap,1230,-0.0264,0.0227
QQQ,clean_2u_bull,price_vs_ema9,1230,-0.049,0.0444
QQQ,clean_2u_bull,price_vs_ema20,1230,-0.0241,0.0585
QQQ,clean_2u_bull,consecutive_up,1230,-0.0296,0.0113
QQQ,clean_2u_bull,consecutive_down,1230,0.0343,-0.01
QQQ,clean_2u_bull,intraday_return,1230,-0.0988,0.0482
QQQ,clean_2u_bull,high_low_spread_pct,1230,-0.0414,0.0526
QQQ,clean_2u_bull,vix_close,1230,0.0102,0.0168
QQQ,clean_2u_bull,total_gex,1229,0.0153,0.0531
QQQ,clean_2u_bull,total_vex,1229,-0.0017,-0.0201
QQQ,clean_2u_bull,flip_price,548,0.0866,0.1099
QQQ,clean_2u_bull,distance_to_king_pct,1229,0.0062,0.0433
QQQ,clean_2u_bull,distance_to_gate_pct,1200,-0.0093,0.0257
QQQ,f2d_bull_reversal,rsi_9,549,-0.0217,0.0032
QQQ,f2d_bull_reversal,rsi_14,549,-0.0201,0.005
QQQ,f2d_bull_reversal,stoch_rsi_k,548,-0.0324,-0.0564
QQQ,f2d_bull_reversal,stoch_rsi_d,548,-0.0255,-0.0491
QQQ,f2d_bull_reversal,ema_9,548,0.0174,0.0293
QQQ,f2d_bull_reversal,ema_20,548,0.0175,0.0293
QQQ,f2d_bull_reversal,ema_50,548,0.0173,0.0286
QQQ,f2d_bull_reversal,sma_50,548,0.0174,0.0286
QQQ,f2d_bull_reversal,sma_200,548,0.0175,0.0269
QQQ,f2d_bull_reversal,macd,548,-0.0074,0.0399
QQQ,f2d_bull_reversal,macd_signal,548,0.0062,0.0493
QQQ,f2d_bull_reversal,macd_histogram,548,-0.0391,-0.0381
QQQ,f2d_bull_reversal,atr_14,549,0.1253,0.0878
QQQ,f2d_bull_reversal,bb_upper,548,0.0185,0.0307
QQQ,f2d_bull_reversal,bb_lower,548,0.0164,0.0281
QQQ,f2d_bull_reversal,bb_width,548,0.0842,0.0593
QQQ,f2d_bull_reversal,bb_pct,548,-0.0105,-0.0016
QQQ,f2d_bull_reversal,obv,549,0.0327,0.0367
QQQ,f2d_bull_reversal,rvol,549,0.0028,0.0212
QQQ,f2d_bull_reversal,rvol_10,549,-0.0193,0.0246
QQQ,f2d_bull_reversal,vwap,549,0.0212,0.0345
QQQ,f2d_bull_reversal,price_vs_vwap,549,-0.0463,0.0044
QQQ,f2d_bull_reversal,price_vs_ema9,548,-0.0187,-0.0187
QQQ,f2d_bull_reversal,price_vs_ema20,548,-0.0075,0.0107
QQQ,f2d_bull_reversal,consecutive_up,549,0.0021,0.0147
QQQ,f2d_bull_reversal,consecutive_down,549,0.0133,0.0029
QQQ,f2d_bull_reversal,intraday_return,549,0.0612,0.0409
QQQ,f2d_bull_reversal,high_low_spread_pct,549,0.0388,0.0909
QQQ,f2d_bull_reversal,vix_close,549,0.0642,0.0443
QQQ,f2d_bull_reversal,total_gex,547,-0.0136,-0.0236
QQQ,f2d_bull_reversal,total_vex,547,-0.0201,-0.0473
QQQ,f2d_bull_reversal,flip_price,237,0.0479,0.0853
QQQ,f2d_bull_reversal,distance_to_king_pct,547,0.0683,0.0917
QQQ,f2d_bull_reversal,distance_to_gate_pct,529,0.0038,0.0278
QQQ,f2u_bear_reversal,rsi_9,527,-0.0209,-0.0397
QQQ,f2u_bear_reversal,rsi_14,527,-0.0236,-0.041
QQQ,f2u_bear_reversal,stoch_rsi_k,527,-0.0277,-0.0256
QQQ,f2u_bear_reversal,stoch_rsi_d,527,-0.036,-0.0298
QQQ,f2u_bear_reversal,ema_9,527,0.0182,-0.0008
QQQ,f2u_bear_reversal,ema_20,527,0.0184,0.0004
QQQ,f2u_bear_reversal,ema_50,527,0.0187,0.0016
QQQ,f2u_bear_reversal,sma_50,527,0.0187,0.0013
QQQ,f2u_bear_reversal,sma_200,525,0.0183,0.0001
QQQ,f2u_bear_reversal,macd,527,-0.027,-0.036
QQQ,f2u_bear_reversal,macd_signal,527,-0.0244,-0.0402
QQQ,f2u_bear_reversal,macd_histogram,527,-0.0141,-0.0029
QQQ,f2u_bear_reversal,atr_14,527,-0.0275,0.0052
QQQ,f2u_bear_reversal,bb_upper,527,0.0177,0.0004
QQQ,f2u_bear_reversal,bb_lower,527,0.0192,0.0002
QQQ,f2u_bear_reversal,bb_width,527,-0.0465,0.0098
QQQ,f2u_bear_reversal,bb_pct,527,-0.0433,-0.0536
QQQ,f2u_bear_reversal,obv,527,0.0224,-0.0005
QQQ,f2u_bear_reversal,rvol,527,0.0287,0.0378
QQQ,f2u_bear_reversal,rvol_10,527,0.0042,0.0424
QQQ,f2u_bear_reversal,vwap,527,0.0178,-0.0008
QQQ,f2u_bear_reversal,price_vs_vwap,527,-0.0277,-0.0057
QQQ,f2u_bear_reversal,price_vs_ema9,527,-0.0702,-0.0417
QQQ,f2u_bear_reversal,price_vs_ema20,527,-0.0684,-0.034
QQQ,f2u_bear_reversal,consecutive_up,527,-0.038,-0.0781
QQQ,f2u_bear_reversal,consecutive_down,527,0.0476,0.0764
QQQ,f2u_bear_reversal,intraday_return,527,-0.0147,0.0109
QQQ,f2u_bear_reversal,high_low_spread_pct,527,0.0221,0.0046
QQQ,f2u_bear_reversal,vix_close,527,-0.0223,-0.0526
QQQ,f2u_bear_reversal,total_gex,525,-0.0098,-0.0096
QQQ,f2u_bear_reversal,total_vex,525,-0.0297,-0.0026
QQQ,f2u_bear_reversal,flip_price,232,0.0396,-0.0069
QQQ,f2u_bear_reversal,distance_to_king_pct,525,-0.0529,-0.0468
QQQ,f2u_bear_reversal,distance_to_gate_pct,515,-0.0184,-0.0534
QQQ,none,rsi_9,13044,-0.0003,0.0071
QQQ,none,rsi_14,13044,-0.0007,0.0064
QQQ,none,stoch_rsi_k,13043,0.0037,0.0112
QQQ,none,stoch_rsi_d,13042,0.011,0.0204
QQQ,none,ema_9,13042,0.0005,0.0008
QQQ,none,ema_20,13038,0.0005,0.0007
QQQ,none,ema_50,13037,0.0005,0.0006
QQQ,none,sma_50,13037,0.0005,0.0006
QQQ,none,sma_200,13014,0.0005,-0.0001
QQQ,none,macd,13038,0.0042,0.0136
QQQ,none,macd_signal,13037,-0.0033,0.0091
QQQ,none,macd_histogram,13037,0.025,0.0249
QQQ,none,atr_14,13044,0.0104,0.011
QQQ,none,bb_upper,13038,0.0003,0.0005
QQQ,none,bb_lower,13038,0.0004,0.001
QQQ,none,bb_width,13038,-0.0044,0.0049
QQQ,none,bb_pct,13038,-0.0014,0.0072
QQQ,none,obv,13044,0.001,0.0056
QQQ,none,rvol,13044,0.0207,0.04
QQQ,none,rvol_10,13044,0.0084,0.0369
QQQ,none,vwap,13044,0.0005,0.001
QQQ,none,price_vs_vwap,13044,-0.0093,0.0051
QQQ,none,price_vs_ema9,13042,-0.0132,0.0031
QQQ,none,price_vs_ema20,13038,-0.0043,0.0137
QQQ,none,consecutive_up,13044,-0.0021,-0.0006
QQQ,none,consecutive_down,13044,0.0028,0.0025
QQQ,none,intraday_return,13044,-0.0283,-0.0103
QQQ,none,high_low_spread_pct,13044,0.0311,0.0277
QQQ,none,vix_close,13044,-0.0214,-0.0149
QQQ,none,total_gex,13022,-0.0023,0.0025
QQQ,none,total_vex,13022,-0.0053,-0.0021
QQQ,none,flip_price,6052,0.0212,0.0184
QQQ,none,distance_to_king_pct,13022,-0.0259,-0.0004
QQQ,none,distance_to_gate_pct,12728,-0.0025,0.0216
SPY,11_inside_compression,rsi_9,507,-0.017,-0.0534
SPY,11_inside_compression,rsi_14,507,-0.0252,-0.0633
SPY,11_inside_compression,stoch_rsi_k,507,0.0219,-0.0028
SPY,11_inside_compression,stoch_rsi_d,507,0.0015,-0.0363
SPY,11_inside_compression,ema_9,507,-0.0188,0.0294
SPY,11_inside_compression,ema_20,507,-0.0183,0.0294
SPY,11_inside_compression,ema_50,507,-0.0181,0.0293
SPY,11_inside_compression,sma_50,507,-0.0173,0.0297
SPY,11_inside_compression,sma_200,507,-0.0236,0.0268
SPY,11_inside_compression,macd,507,-0.1126,-0.0879
SPY,11_inside_compression,macd_signal,507,-0.1108,-0.0601
SPY,11_inside_compression,macd_histogram,507,-0.0442,-0.0619
SPY,11_inside_compression,atr_14,507,-0.2878,0.0006
SPY,11_inside_compression,bb_upper,507,-0.021,0.0265
SPY,11_inside_compression,bb_lower,507,-0.0151,0.0314
SPY,11_inside_compression,bb_width,507,-0.237,-0.0017
SPY,11_inside_compression,bb_pct,507,-0.0175,-0.062
SPY,11_inside_compression,obv,507,-0.0238,0.0267
SPY,11_inside_compression,rvol,507,0.0004,0.0017
SPY,11_inside_compression,rvol_10,507,-0.0014,-0.0161
SPY,11_inside_compression,vwap,507,-0.0191,0.0292
SPY,11_inside_compression,price_vs_vwap,507,0.0869,-0.0102
SPY,11_inside_compression,price_vs_ema9,507,0.0358,-0.0257
SPY,11_inside_compression,price_vs_ema20,507,-0.0113,-0.0635
SPY,11_inside_compression,consecutive_up,507,0.0671,0.1023
SPY,11_inside_compression,consecutive_down,507,-0.073,-0.0954
SPY,11_inside_compression,intraday_return,507,-0.0133,0.0919
SPY,11_inside_compression,high_low_spread_pct,507,-0.2381,-0.0063
SPY,11_inside_compression,vix_close,507,-0.2512,-0.0136
SPY,11_inside_compression,total_gex,506,0.0516,-0.0079
SPY,11_inside_compression,total_vex,506,0.0183,-0.026
SPY,11_inside_compression,flip_price,354,-0.0033,0.0391
SPY,11_inside_compression,distance_to_king_pct,506,-0.0595,0.0412
SPY,11_inside_compression,distance_to_gate_pct,487,-0.0644,0.0159
SPY,132_bear_continuation,rsi_9,508,0.0393,0.03
SPY,132_bear_continuation,rsi_14,508,0.0354,0.0232
SPY,132_bear_continuation,stoch_rsi_k,508,0.0332,0.0192
SPY,132_bear_continuation,stoch_rsi_d,508,0.0253,0.0211
SPY,132_bear_continuation,ema_9,508,0.0366,0.0168
SPY,132_bear_continuation,ema_20,508,0.0363,0.0162
SPY,132_bear_continuation,ema_50,508,0.0359,0.0161
SPY,132_bear_continuation,sma_50,508,0.0358,0.0151
SPY,132_bear_continuation,sma_200,507,0.0373,0.0208
SPY,132_bear_continuation,macd,508,0.0608,0.0571
SPY,132_bear_continuation,macd_signal,508,0.0464,0.0321
SPY,132_bear_continuation,macd_histogram,508,0.0583,0.0401
SPY,132_bear_continuation,atr_14,508,-0.0449,0.0098
SPY,132_bear_continuation,bb_upper,508,0.0351,0.0156
SPY,132_bear_continuation,bb_lower,508,0.0373,0.0172
SPY,132_bear_continuation,bb_width,508,-0.0744,-0.0299
SPY,132_bear_continuation,bb_pct,508,0.0587,0.0211
SPY,132_bear_continuation,obv,508,0.0231,0.0098
SPY,132_bear_continuation,rvol,508,-0.0228,0.0253
SPY,132_bear_continuation,rvol_10,508,-0.0369,0.0134
SPY,132_bear_continuation,vwap,508,0.036,0.0159
SPY,132_bear_continuation,price_vs_vwap,508,0.2251,0.1223
SPY,132_bear_continuation,price_vs_ema9,508,0.1409,0.0394
SPY,132_bear_continuation,price_vs_ema20,508,0.1227,0.0467
SPY,132_bear_continuation,consecutive_up,508,0.0262,0.0005
SPY,132_bear_continuation,consecutive_down,508,-0.023,-0.0039
SPY,132_bear_continuation,intraday_return,508,0.0981,-0.0029
SPY,132_bear_continuation,high_low_spread_pct,508,-0.1605,0.048
SPY,132_bear_continuation,vix_close,508,-0.1651,-0.0304
SPY,132_bear_continuation,total_gex,505,0.0044,-0.0033
SPY,132_bear_continuation,total_vex,505,-0.0384,-0.0174
SPY,132_bear_continuation,flip_price,327,0.0259,-0.0233
SPY,132_bear_continuation,distance_to_king_pct,505,0.0041,0.0101
SPY,132_bear_continuation,distance_to_gate_pct,494,0.0185,0.0207
SPY,132_bull_continuation,rsi_9,528,0.0249,0.0161
SPY,132_bull_continuation,rsi_14,528,0.0133,0.0191
SPY,132_bull_continuation,stoch_rsi_k,528,0.0516,-0.0
SPY,132_bull_continuation,stoch_rsi_d,528,0.0626,0.0132
SPY,132_bull_continuation,ema_9,528,0.0129,0.0326
SPY,132_bull_continuation,ema_20,528,0.0131,0.0323
SPY,132_bull_continuation,ema_50,528,0.0139,0.0325
SPY,132_bull_continuation,sma_50,528,0.0142,0.0322
SPY,132_bull_continuation,sma_200,528,0.0169,0.0335
SPY,132_bull_continuation,macd,528,-0.073,0.036
SPY,132_bull_continuation,macd_signal,528,-0.1059,0.0189
SPY,132_bull_continuation,macd_histogram,528,0.1058,0.0842
SPY,132_bull_continuation,atr_14,528,0.1027,0.0472
SPY,132_bull_continuation,bb_upper,528,0.0129,0.032
SPY,132_bull_continuation,bb_lower,528,0.0128,0.0322
SPY,132_bull_continuation,bb_width,528,0.0109,0.0206
SPY,132_bull_continuation,bb_pct,528,0.0329,0.0114
SPY,132_bull_continuation,obv,528,0.0147,0.0316
SPY,132_bull_continuation,rvol,528,-0.0546,-0.0617
SPY,132_bull_continuation,rvol_10,528,-0.0601,-0.0584
SPY,132_bull_continuation,vwap,528,0.0126,0.0324
SPY,132_bull_continuation,price_vs_vwap,528,0.1438,0.0545
SPY,132_bull_continuation,price_vs_ema9,528,0.114,0.017
SPY,132_bull_continuation,price_vs_ema20,528,0.0644,0.0318
SPY,132_bull_continuation,consecutive_up,528,-0.0003,-0.0382
SPY,132_bull_continuation,consecutive_down,528,0.0029,0.0436
SPY,132_bull_continuation,intraday_return,528,0.1092,-0.031
SPY,132_bull_continuation,high_low_spread_pct,528,-0.0932,0.0396
SPY,132_bull_continuation,vix_close,528,-0.0562,-0.0182
SPY,132_bull_continuation,total_gex,526,-0.0548,-0.0566
SPY,132_bull_continuation,total_vex,526,-0.0117,-0.0379
SPY,132_bull_continuation,flip_price,338,-0.01,0.003
SPY,132_bull_continuation,distance_to_king_pct,526,0.0604,0.0428
SPY,132_bull_continuation,distance_to_gate_pct,510,0.0309,0.04
SPY,212_bear_continuation,rsi_9,1069,0.023,0.0148
SPY,212_bear_continuation,rsi_14,1069,0.0162,0.0055
SPY,212_bear_continuation,stoch_rsi_k,1069,0.0307,0.0139
SPY,212_bear_continuation,stoch_rsi_d,1069,0.0295,0.0168
SPY,212_bear_continuation,ema_9,1069,-0.0281,-0.0231
SPY,212_bear_continuation,ema_20,1069,-0.0282,-0.0234
SPY,212_bear_continuation,ema_50,1069,-0.028,-0.023
SPY,212_bear_continuation,sma_50,1069,-0.0283,-0.023
SPY,212_bear_continuation,sma_200,1067,-0.0283,-0.0265
SPY,212_bear_continuation,macd,1069,0.0098,0.0133
SPY,212_bear_continuation,macd_signal,1069,-0.0047,-0.004
SPY,212_bear_continuation,macd_histogram,1069,0.0529,0.0201
SPY,212_bear_continuation,atr_14,1069,0.0538,0.0074
SPY,212_bear_continuation,bb_upper,1069,-0.0281,-0.0227
SPY,212_bear_continuation,bb_lower,1069,-0.0283,-0.0236
SPY,212_bear_continuation,bb_width,1069,-0.0044,0.0165
SPY,212_bear_continuation,bb_pct,1069,0.0237,0.0243
SPY,212_bear_continuation,obv,1069,-0.0155,-0.0234
SPY,212_bear_continuation,rvol,1069,0.0539,0.0273
SPY,212_bear_continuation,rvol_10,1069,0.0537,0.0198
SPY,212_bear_continuation,vwap,1069,-0.0281,-0.0231
SPY,212_bear_continuation,price_vs_vwap,1069,0.0344,0.007
SPY,212_bear_continuation,price_vs_ema9,1069,0.0295,-0.0034
SPY,212_bear_continuation,price_vs_ema20,1069,0.0259,0.0037
SPY,212_bear_continuation,consecutive_up,1069,-0.0152,-0.014
SPY,212_bear_continuation,consecutive_down,1069,0.0154,0.014
SPY,212_bear_continuation,intraday_return,1069,0.0373,-0.0123
SPY,212_bear_continuation,high_low_spread_pct,1069,0.1326,0.0429
SPY,212_bear_continuation,vix_close,1069,0.0643,-0.05
SPY,212_bear_continuation,total_gex,1067,-0.0236,-0.0068
SPY,212_bear_continuation,total_vex,1067,0.0178,0.0182
SPY,212_bear_continuation,flip_price,667,-0.0191,-0.0124
SPY,212_bear_continuation,distance_to_king_pct,1066,0.0054,-0.0176
SPY,212_bear_continuation,distance_to_gate_pct,1036,0.0164,-0.0104
SPY,212_bear_reversal,rsi_9,1932,-0.0195,0.0013
SPY,212_bear_reversal,rsi_14,1932,-0.0219,-0.0082
SPY,212_bear_reversal,stoch_rsi_k,1932,-0.0101,0.0208
SPY,212_bear_reversal,stoch_rsi_d,1932,-0.0022,0.028
SPY,212_bear_reversal,ema_9,1932,0.0346,0.0418
SPY,212_bear_reversal,ema_20,1931,0.0352,0.0429
SPY,212_bear_reversal,ema_50,1930,0.0337,0.0415
SPY,212_bear_reversal,sma_50,1930,0.0337,0.0415
SPY,212_bear_reversal,sma_200,1923,0.0327,0.039
SPY,212_bear_reversal,macd,1931,-0.009,-0.0066
SPY,212_bear_reversal,macd_signal,1931,-0.0083,-0.0146
SPY,212_bear_reversal,macd_histogram,1931,-0.0035,0.0416
SPY,212_bear_reversal,atr_14,1932,0.0564,0.0557
SPY,212_bear_reversal,bb_upper,1931,0.0352,0.0427
SPY,212_bear_reversal,bb_lower,1931,0.0351,0.0431
SPY,212_bear_reversal,bb_width,1931,0.0176,0.0263
SPY,212_bear_reversal,bb_pct,1931,-0.0219,0.0112
SPY,212_bear_reversal,obv,1932,0.0382,0.0443
SPY,212_bear_reversal,rvol,1932,0.0633,0.0441
SPY,212_bear_reversal,rvol_10,1932,0.0572,0.0488
SPY,212_bear_reversal,vwap,1932,0.0344,0.0413
SPY,212_bear_reversal,price_vs_vwap,1932,0.0228,0.0288
SPY,212_bear_reversal,price_vs_ema9,1932,-0.0276,0.011
SPY,212_bear_reversal,price_vs_ema20,1931,-0.0134,0.0062
SPY,212_bear_reversal,consecutive_up,1932,0.0082,0.0288
SPY,212_bear_reversal,consecutive_down,1932,-0.0092,-0.0325
SPY,212_bear_reversal,intraday_return,1932,0.0146,0.0106
SPY,212_bear_reversal,high_low_spread_pct,1932,0.0118,0.0424
SPY,212_bear_reversal,vix_close,1932,0.02,0.0068
SPY,212_bear_reversal,total_gex,1925,0.0018,-0.0261
SPY,212_bear_reversal,total_vex,1925,-0.0347,-0.0412
SPY,212_bear_reversal,flip_price,1252,0.0364,0.0435
SPY,212_bear_reversal,distance_to_king_pct,1922,0.0402,0.0598
SPY,212_bear_reversal,distance_to_gate_pct,1885,0.0313,0.0492
SPY,212_bull_continuation,rsi_9,1340,0.0238,0.0433
SPY,212_bull_continuation,rsi_14,1340,0.0264,0.0401
SPY,212_bull_continuation,stoch_rsi_k,1340,0.0209,0.0417
SPY,212_bull_continuation,stoch_rsi_d,1340,0.0214,0.047
SPY,212_bull_continuation,ema_9,1340,0.0254,0.0507
SPY,212_bull_continuation,ema_20,1339,0.0243,0.0487
SPY,212_bull_continuation,ema_50,1339,0.0239,0.048
SPY,212_bull_continuation,sma_50,1339,0.0237,0.048
SPY,212_bull_continuation,sma_200,1336,0.0211,0.0463
SPY,212_bull_continuation,macd,1339,0.062,0.0558
SPY,212_bull_continuation,macd_signal,1339,0.0556,0.0355
SPY,212_bull_continuation,macd_histogram,1339,0.0283,0.0563
SPY,212_bull_continuation,atr_14,1340,-0.0219,0.0179
SPY,212_bull_continuation,bb_upper,1339,0.0239,0.0481
SPY,212_bull_continuation,bb_lower,1339,0.0246,0.0486
SPY,212_bull_continuation,bb_width,1339,-0.0128,0.0226
SPY,212_bull_continuation,bb_pct,1339,0.0017,0.0453
SPY,212_bull_continuation,obv,1340,0.0306,0.037
SPY,212_bull_continuation,rvol,1340,0.0495,0.0503
SPY,212_bull_continuation,rvol_10,1340,0.0352,0.0349
SPY,212_bull_continuation,vwap,1340,0.0253,0.0511
SPY,212_bull_continuation,price_vs_vwap,1340,-0.01,-0.0031
SPY,212_bull_continuation,price_vs_ema9,1340,0.0002,0.0318
SPY,212_bull_continuation,price_vs_ema20,1339,0.0472,0.0551
SPY,212_bull_continuation,consecutive_up,1340,0.0094,-0.0061
SPY,212_bull_continuation,consecutive_down,1340,-0.0102,0.0068
SPY,212_bull_continuation,intraday_return,1340,-0.0844,0.0204
SPY,212_bull_continuation,high_low_spread_pct,1340,-0.0941,0.0148
SPY,212_bull_continuation,vix_close,1340,-0.0469,-0.032
SPY,212_bull_continuation,total_gex,1336,0.0263,0.0175
SPY,212_bull_continuation,total_vex,1336,-0.0292,-0.05
SPY,212_bull_continuation,flip_price,875,0.0306,0.0767
SPY,212_bull_continuation,distance_to_king_pct,1333,0.0138,0.0268
SPY,212_bull_continuation,distance_to_gate_pct,1311,0.0276,0.0424
SPY,212_bull_reversal,rsi_9,1949,0.0462,0.0581
SPY,212_bull_reversal,rsi_14,1949,0.0436,0.0526
SPY,212_bull_reversal,stoch_rsi_k,1949,0.0186,0.0014
SPY,212_bull_reversal,stoch_rsi_d,1949,0.0261,0.012
SPY,212_bull_reversal,ema_9,1949,0.0222,-0.0036
SPY,212_bull_reversal,ema_20,1949,0.022,-0.0043
SPY,212_bull_reversal,ema_50,1949,0.0215,-0.0048
SPY,212_bull_reversal,sma_50,1949,0.0215,-0.005
SPY,212_bull_reversal,sma_200,1947,0.0198,-0.0046
SPY,212_bull_reversal,macd,1949,0.054,0.0482
SPY,212_bull_reversal,macd_signal,1949,0.0463,0.0369
SPY,212_bull_reversal,macd_histogram,1949,0.0365,0.0241
SPY,212_bull_reversal,atr_14,1949,-0.0855,0.0133
SPY,212_bull_reversal,bb_upper,1949,0.0211,-0.0048
SPY,212_bull_reversal,bb_lower,1949,0.0227,-0.0037
SPY,212_bull_reversal,bb_width,1949,-0.0528,0.0085
SPY,212_bull_reversal,bb_pct,1949,0.0455,0.0502
SPY,212_bull_reversal,obv,1949,0.0258,-0.0001
SPY,212_bull_reversal,rvol,1949,-0.0526,0.0211
SPY,212_bull_reversal,rvol_10,1949,-0.0638,0.0243
SPY,212_bull_reversal,vwap,1949,0.022,-0.0039
SPY,212_bull_reversal,price_vs_vwap,1949,0.056,0.0876
SPY,212_bull_reversal,price_vs_ema9,1949,0.062,0.0792
SPY,212_bull_reversal,price_vs_ema20,1949,0.0804,0.0799
SPY,212_bull_reversal,consecutive_up,1949,0.0225,0.0233
SPY,212_bull_reversal,consecutive_down,1949,-0.0239,-0.0241
SPY,212_bull_reversal,intraday_return,1949,-0.0567,0.0284
SPY,212_bull_reversal,high_low_spread_pct,1949,-0.2058,0.0175
SPY,212_bull_reversal,vix_close,1949,-0.1999,-0.0297
SPY,212_bull_reversal,total_gex,1946,-0.0221,-0.0335
SPY,212_bull_reversal,total_vex,1946,-0.0282,-0.0041
SPY,212_bull_reversal,flip_price,1300,-0.0145,-0.028
SPY,212_bull_reversal,distance_to_king_pct,1945,0.0039,0.0116
SPY,212_bull_reversal,distance_to_gate_pct,1893,0.0159,0.0182
SPY,22_bear_continuation,rsi_9,10020,0.006,0.005
SPY,22_bear_continuation,rsi_14,10020,0.0041,0.0048
SPY,22_bear_continuation,stoch_rsi_k,10020,0.0062,0.0018
SPY,22_bear_continuation,stoch_rsi_d,10019,0.0092,0.0005
SPY,22_bear_continuation,ema_9,10019,-0.0068,-0.0161
SPY,22_bear_continuation,ema_20,10019,-0.0067,-0.0163
SPY,22_bear_continuation,ema_50,10010,-0.0059,-0.0157
SPY,22_bear_continuation,sma_50,10010,-0.0059,-0.0157
SPY,22_bear_continuation,sma_200,9973,-0.0073,-0.0195
SPY,22_bear_continuation,macd,10016,-0.026,0.0059
SPY,22_bear_continuation,macd_signal,10014,-0.0283,0.0027
SPY,22_bear_continuation,macd_histogram,10014,0.0013,0.0112
SPY,22_bear_continuation,atr_14,10020,0.0466,-0.0075
SPY,22_bear_continuation,bb_upper,10019,-0.0063,-0.0161
SPY,22_bear_continuation,bb_lower,10019,-0.0072,-0.0164
SPY,22_bear_continuation,bb_width,10019,0.0304,-0.0081
SPY,22_bear_continuation,bb_pct,10019,0.0044,-0.0004
SPY,22_bear_continuation,obv,10020,-0.0037,-0.0166
SPY,22_bear_continuation,rvol,10020,0.0121,0.0226
SPY,22_bear_continuation,rvol_10,10020,0.0101,0.018
SPY,22_bear_continuation,vwap,10020,-0.0069,-0.0159
SPY,22_bear_continuation,price_vs_vwap,10020,-0.0111,0.0129
SPY,22_bear_continuation,price_vs_ema9,10019,-0.0236,0.0161
SPY,22_bear_continuation,price_vs_ema20,10019,-0.0249,0.0122
SPY,22_bear_continuation,consecutive_up,10020,0.0027,0.0097
SPY,22_bear_continuation,consecutive_down,10020,-0.002,-0.0086
SPY,22_bear_continuation,intraday_return,10020,-0.0038,0.0066
SPY,22_bear_continuation,high_low_spread_pct,10020,0.0442,-0.0036
SPY,22_bear_continuation,vix_close,10020,0.0032,-0.0398
SPY,22_bear_continuation,total_gex,10004,-0.0083,0.0077
SPY,22_bear_continuation,total_vex,10004,0.0022,0.0146
SPY,22_bear_continuation,flip_price,6046,-0.0133,-0.0111
SPY,22_bear_continuation,distance_to_king_pct,10001,-0.0055,-0.0143
SPY,22_bear_continuation,distance_to_gate_pct,9772,-0.0034,-0.003
SPY,22_bear_reversal,rsi_9,7781,-0.0028,-0.0042
SPY,22_bear_reversal,rsi_14,7781,0.0,-0.0041
SPY,22_bear_reversal,stoch_rsi_k,7781,-0.0015,0.002
SPY,22_bear_reversal,stoch_rsi_d,7781,0.0043,0.0105
SPY,22_bear_reversal,ema_9,7780,-0.0181,-0.0156
SPY,22_bear_reversal,ema_20,7779,-0.0182,-0.016
SPY,22_bear_reversal,ema_50,7773,-0.0179,-0.0161
SPY,22_bear_reversal,sma_50,7773,-0.018,-0.0161
SPY,22_bear_reversal,sma_200,7753,-0.0186,-0.0172
SPY,22_bear_reversal,macd,7778,-0.0045,0.0077
SPY,22_bear_reversal,macd_signal,7776,-0.0003,0.0039
SPY,22_bear_reversal,macd_histogram,7776,-0.0146,0.0072
SPY,22_bear_reversal,atr_14,7781,-0.0199,0.007
SPY,22_bear_reversal,bb_upper,7779,-0.0184,-0.0162
SPY,22_bear_reversal,bb_lower,7779,-0.0179,-0.0159
SPY,22_bear_reversal,bb_width,7779,-0.0229,0.0058
SPY,22_bear_reversal,bb_pct,7779,-0.0155,-0.0142
SPY,22_bear_reversal,obv,7781,-0.0187,-0.0132
SPY,22_bear_reversal,rvol,7781,-0.006,0.0392
SPY,22_bear_reversal,rvol_10,7781,-0.0101,0.0283
SPY,22_bear_reversal,vwap,7781,-0.0182,-0.0156
SPY,22_bear_reversal,price_vs_vwap,7781,-0.0105,0.0107
SPY,22_bear_reversal,price_vs_ema9,7780,-0.0462,-0.0066
SPY,22_bear_reversal,price_vs_ema20,7779,-0.0314,-0.0002
SPY,22_bear_reversal,consecutive_up,7781,-0.0034,-0.0131
SPY,22_bear_reversal,consecutive_down,7781,0.0051,0.0176
SPY,22_bear_reversal,intraday_return,7781,-0.0023,0.0004
SPY,22_bear_reversal,high_low_spread_pct,7781,-0.0089,0.0194
SPY,22_bear_reversal,vix_close,7781,-0.0481,-0.0234
SPY,22_bear_reversal,total_gex,7761,-0.0067,-0.0223
SPY,22_bear_reversal,total_vex,7761,0.0185,0.0107
SPY,22_bear_reversal,flip_price,4828,-0.0058,-0.0072
SPY,22_bear_reversal,distance_to_king_pct,7755,-0.0112,0.0092
SPY,22_bear_reversal,distance_to_gate_pct,7582,-0.0084,0.0108
SPY,22_bull_continuation,rsi_9,12175,0.0151,0.0196
SPY,22_bull_continuation,rsi_14,12175,0.0138,0.0144
SPY,22_bull_continuation,stoch_rsi_k,12175,0.0173,0.0244
SPY,22_bull_continuation,stoch_rsi_d,12175,0.0119,0.0191
SPY,22_bull_continuation,ema_9,12175,0.0121,0.0194
SPY,22_bull_continuation,ema_20,12173,0.0121,0.0192
SPY,22_bull_continuation,ema_50,12168,0.0121,0.0196
SPY,22_bull_continuation,sma_50,12168,0.0121,0.0195
SPY,22_bull_continuation,sma_200,12155,0.0108,0.0186
SPY,22_bull_continuation,macd,12173,0.0138,0.0162
SPY,22_bull_continuation,macd_signal,12171,0.0186,0.0054
SPY,22_bull_continuation,macd_histogram,12171,-0.0137,0.0451
SPY,22_bull_continuation,atr_14,12175,-0.0412,0.0357
SPY,22_bull_continuation,bb_upper,12173,0.0114,0.0191
SPY,22_bull_continuation,bb_lower,12173,0.0128,0.0194
SPY,22_bull_continuation,bb_width,12173,-0.0459,0.0311
SPY,22_bull_continuation,bb_pct,12173,0.0135,0.0229
SPY,22_bull_continuation,obv,12175,0.0161,0.0233
SPY,22_bull_continuation,rvol,12175,0.0022,0.0407
SPY,22_bull_continuation,rvol_10,12175,-0.0045,0.0362
SPY,22_bull_continuation,vwap,12175,0.0122,0.0196
SPY,22_bull_continuation,price_vs_vwap,12175,-0.0499,0.0269
SPY,22_bull_continuation,price_vs_ema9,12175,-0.027,0.0317
SPY,22_bull_continuation,price_vs_ema20,12173,-0.0076,0.032
SPY,22_bull_continuation,consecutive_up,12175,-0.0004,-0.0051
SPY,22_bull_continuation,consecutive_down,12175,0.0027,0.0074
SPY,22_bull_continuation,intraday_return,12175,-0.0592,0.0107
SPY,22_bull_continuation,high_low_spread_pct,12175,-0.0633,0.0312
SPY,22_bull_continuation,vix_close,12175,-0.0551,-0.0009
SPY,22_bull_continuation,total_gex,12151,-0.0126,-0.0392
SPY,22_bull_continuation,total_vex,12151,-0.012,-0.0239
SPY,22_bull_continuation,flip_price,7627,-0.0232,-0.0179
SPY,22_bull_continuation,distance_to_king_pct,12143,0.0229,0.0441
SPY,22_bull_continuation,distance_to_gate_pct,11874,0.0261,0.0465
SPY,22_bull_reversal,rsi_9,7733,0.0079,0.0203
SPY,22_bull_reversal,rsi_14,7733,0.006,0.0166
SPY,22_bull_reversal,stoch_rsi_k,7733,0.0088,0.0216
SPY,22_bull_reversal,stoch_rsi_d,7732,0.0138,0.0271
SPY,22_bull_reversal,ema_9,7731,-0.0051,-0.0093
SPY,22_bull_reversal,ema_20,7730,-0.005,-0.0093
SPY,22_bull_reversal,ema_50,7724,-0.0047,-0.009
SPY,22_bull_reversal,sma_50,7724,-0.0046,-0.0089
SPY,22_bull_reversal,sma_200,7702,-0.0064,-0.0121
SPY,22_bull_reversal,macd,7728,-0.0036,0.0203
SPY,22_bull_reversal,macd_signal,7728,-0.006,0.0076
SPY,22_bull_reversal,macd_histogram,7728,0.0072,0.038
SPY,22_bull_reversal,atr_14,7733,0.0062,0.007
SPY,22_bull_reversal,bb_upper,7730,-0.0052,-0.0096
SPY,22_bull_reversal,bb_lower,7730,-0.0049,-0.0091
SPY,22_bull_reversal,bb_width,7730,-0.0128,-0.0002
SPY,22_bull_reversal,bb_pct,7730,0.0075,0.0179
SPY,22_bull_reversal,obv,7733,-0.0009,-0.0041
SPY,22_bull_reversal,rvol,7733,0.014,0.0307
SPY,22_bull_reversal,rvol_10,7733,0.011,0.0242
SPY,22_bull_reversal,vwap,7733,-0.005,-0.0092
SPY,22_bull_reversal,price_vs_vwap,7733,-0.0274,0.0161
SPY,22_bull_reversal,price_vs_ema9,7731,-0.007,0.0306
SPY,22_bull_reversal,price_vs_ema20,7730,-0.0062,0.0281
SPY,22_bull_reversal,consecutive_up,7733,-0.0167,-0.0088
SPY,22_bull_reversal,consecutive_down,7733,0.0171,0.0102
SPY,22_bull_reversal,intraday_return,7733,-0.0018,0.0048
SPY,22_bull_reversal,high_low_spread_pct,7733,0.0244,0.012
SPY,22_bull_reversal,vix_close,7733,-0.0204,-0.0261
SPY,22_bull_reversal,total_gex,7708,-0.0118,-0.0195
SPY,22_bull_reversal,total_vex,7708,0.0067,0.0054
SPY,22_bull_reversal,flip_price,4776,-0.0187,-0.012
SPY,22_bull_reversal,distance_to_king_pct,7700,0.0111,0.016
SPY,22_bull_reversal,distance_to_gate_pct,7535,0.0082,0.0153
SPY,312_bear_reversal,rsi_9,423,-0.007,-0.006
SPY,312_bear_reversal,rsi_14,423,-0.0016,0.004
SPY,312_bear_reversal,stoch_rsi_k,423,-0.0203,-0.0239
SPY,312_bear_reversal,stoch_rsi_d,423,-0.0161,-0.0192
SPY,312_bear_reversal,ema_9,423,0.0232,0.0382
SPY,312_bear_reversal,ema_20,423,0.0228,0.0377
SPY,312_bear_reversal,ema_50,423,0.0229,0.037
SPY,312_bear_reversal,sma_50,423,0.0223,0.0365
SPY,312_bear_reversal,sma_200,423,0.0255,0.0365
SPY,312_bear_reversal,macd,423,0.0582,0.0603
SPY,312_bear_reversal,macd_signal,423,0.0298,0.0565
SPY,312_bear_reversal,macd_histogram,423,0.0955,-0.0007
SPY,312_bear_reversal,atr_14,423,0.114,0.0484
SPY,312_bear_reversal,bb_upper,423,0.0229,0.0372
SPY,312_bear_reversal,bb_lower,423,0.022,0.0384
SPY,312_bear_reversal,bb_width,423,0.0413,0.055
SPY,312_bear_reversal,bb_pct,423,-0.0126,-0.0102
SPY,312_bear_reversal,obv,423,0.0389,0.0174
SPY,312_bear_reversal,rvol,423,0.1089,0.0749
SPY,312_bear_reversal,rvol_10,423,0.1066,0.0878
SPY,312_bear_reversal,vwap,423,0.0234,0.0389
SPY,312_bear_reversal,price_vs_vwap,423,-0.0273,-0.0068
SPY,312_bear_reversal,price_vs_ema9,423,0.0231,-0.0101
SPY,312_bear_reversal,price_vs_ema20,423,0.0606,0.0025
SPY,312_bear_reversal,consecutive_up,423,0.0098,0.0302
SPY,312_bear_reversal,consecutive_down,423,-0.018,-0.032
SPY,312_bear_reversal,intraday_return,423,-0.0785,-0.0048
SPY,312_bear_reversal,high_low_spread_pct,423,0.1456,0.0421
SPY,312_bear_reversal,vix_close,423,0.0303,-0.0315
SPY,312_bear_reversal,total_gex,423,-0.0188,0.0279
SPY,312_bear_reversal,total_vex,423,-0.0261,-0.0466
SPY,312_bear_reversal,flip_price,269,-0.0073,0.0535
SPY,312_bear_reversal,distance_to_king_pct,423,0.0491,0.0132
SPY,312_bear_reversal,distance_to_gate_pct,413,0.0137,0.0184
SPY,312_bull_reversal,rsi_9,668,-0.0065,0.0322
SPY,312_bull_reversal,rsi_14,668,0.001,0.0462
SPY,312_bull_reversal,stoch_rsi_k,668,-0.0098,0.0089
SPY,312_bull_reversal,stoch_rsi_d,668,0.0156,0.0378
SPY,312_bull_reversal,ema_9,668,-0.0681,-0.0406
SPY,312_bull_reversal,ema_20,668,-0.068,-0.041
SPY,312_bull_reversal,ema_50,668,-0.0671,-0.041
SPY,312_bull_reversal,sma_50,668,-0.0673,-0.0413
SPY,312_bull_reversal,sma_200,668,-0.0622,-0.0377
SPY,312_bull_reversal,macd,668,-0.0339,0.0559
SPY,312_bull_reversal,macd_signal,668,-0.038,0.0357
SPY,312_bull_reversal,macd_histogram,668,0.0168,0.0651
SPY,312_bull_reversal,atr_14,668,0.109,-0.0323
SPY,312_bull_reversal,bb_upper,668,-0.0674,-0.0405
SPY,312_bull_reversal,bb_lower,668,-0.0692,-0.0418
SPY,312_bull_reversal,bb_width,668,0.0463,-0.0244
SPY,312_bull_reversal,bb_pct,668,-0.001,0.0338
SPY,312_bull_reversal,obv,668,-0.0475,-0.0241
SPY,312_bull_reversal,rvol,668,-0.0871,-0.049
SPY,312_bull_reversal,rvol_10,668,-0.1288,-0.0474
SPY,312_bull_reversal,vwap,668,-0.0685,-0.041
SPY,312_bull_reversal,price_vs_vwap,668,-0.073,0.007
SPY,312_bull_reversal,price_vs_ema9,668,-0.2061,-0.0153
SPY,312_bull_reversal,price_vs_ema20,668,-0.1719,0.0128
SPY,312_bull_reversal,consecutive_up,668,-0.0317,-0.0117
SPY,312_bull_reversal,consecutive_down,668,0.0321,0.0102
SPY,312_bull_reversal,intraday_return,668,-0.0565,-0.0302
SPY,312_bull_reversal,high_low_spread_pct,668,0.039,-0.0345
SPY,312_bull_reversal,vix_close,668,0.1566,-0.0842
SPY,312_bull_reversal,total_gex,668,-0.0049,0.0004
SPY,312_bull_reversal,total_vex,668,0.0721,0.0403
SPY,312_bull_reversal,flip_price,427,-0.0051,-0.0363
SPY,312_bull_reversal,distance_to_king_pct,668,-0.0913,-0.0316
SPY,312_bull_reversal,distance_to_gate_pct,647,-0.0649,-0.0203
SPY,322_bear_continuation,rsi_9,1100,0.0086,0.0323
SPY,322_bear_continuation,rsi_14,1100,0.0027,0.0357
SPY,322_bear_continuation,stoch_rsi_k,1100,0.0131,0.0285
SPY,322_bear_continuation,stoch_rsi_d,1100,0.0135,0.0232
SPY,322_bear_continuation,ema_9,1100,0.0845,0.0694
SPY,322_bear_continuation,ema_20,1100,0.0846,0.069
SPY,322_bear_continuation,ema_50,1100,0.0847,0.0683
SPY,322_bear_continuation,sma_50,1100,0.0849,0.0681
SPY,322_bear_continuation,sma_200,1096,0.0821,0.0632
SPY,322_bear_continuation,macd,1100,-0.0188,0.0496
SPY,322_bear_continuation,macd_signal,1100,-0.0154,0.0382
SPY,322_bear_continuation,macd_histogram,1100,-0.0155,0.0177
SPY,322_bear_continuation,atr_14,1100,0.0454,0.0386
SPY,322_bear_continuation,bb_upper,1100,0.085,0.0689
SPY,322_bear_continuation,bb_lower,1100,0.0841,0.0689
SPY,322_bear_continuation,bb_width,1100,0.0621,0.0314
SPY,322_bear_continuation,bb_pct,1100,0.0302,0.038
SPY,322_bear_continuation,obv,1100,0.0898,0.0678
SPY,322_bear_continuation,rvol,1100,-0.0012,-0.0137
SPY,322_bear_continuation,rvol_10,1100,-0.0056,-0.0062
SPY,322_bear_continuation,vwap,1100,0.0841,0.0692
SPY,322_bear_continuation,price_vs_vwap,1100,0.0674,0.0219
SPY,322_bear_continuation,price_vs_ema9,1100,0.025,0.0446
SPY,322_bear_continuation,price_vs_ema20,1100,0.0129,0.0513
SPY,322_bear_continuation,consecutive_up,1100,0.0259,0.0359
SPY,322_bear_continuation,consecutive_down,1100,-0.0303,-0.0428
SPY,322_bear_continuation,intraday_return,1100,0.0301,0.0452
SPY,322_bear_continuation,high_low_spread_pct,1100,-0.0197,-0.0141
SPY,322_bear_continuation,vix_close,1100,-0.0771,-0.0337
SPY,322_bear_continuation,total_gex,1096,-0.0053,0.0028
SPY,322_bear_continuation,total_vex,1096,-0.0823,-0.065
SPY,322_bear_continuation,flip_price,650,0.0429,0.0296
SPY,322_bear_continuation,distance_to_king_pct,1095,0.0634,0.0651
SPY,322_bear_continuation,distance_to_gate_pct,1068,0.09,0.0808
SPY,322_bull_continuation,rsi_9,1240,-0.0135,0.0065
SPY,322_bull_continuation,rsi_14,1240,-0.0086,0.0087
SPY,322_bull_continuation,stoch_rsi_k,1240,-0.0237,-0.0156
SPY,322_bull_continuation,stoch_rsi_d,1240,-0.0195,-0.0098
SPY,322_bull_continuation,ema_9,1240,-0.0079,-0.0051
SPY,322_bull_continuation,ema_20,1239,-0.0079,-0.0057
SPY,322_bull_continuation,ema_50,1239,-0.0075,-0.0057
SPY,322_bull_continuation,sma_50,1239,-0.0075,-0.0062
SPY,322_bull_continuation,sma_200,1237,-0.0036,-0.0027
SPY,322_bull_continuation,macd,1239,-0.046,0.0067
SPY,322_bull_continuation,macd_signal,1239,-0.0368,0.0011
SPY,322_bull_continuation,macd_histogram,1239,-0.036,0.0171
SPY,322_bull_continuation,atr_14,1240,0.0225,0.0225
SPY,322_bull_continuation,bb_upper,1239,-0.0088,-0.0059
SPY,322_bull_continuation,bb_lower,1239,-0.0068,-0.0056
SPY,322_bull_continuation,bb_width,1239,-0.0746,0.0121
SPY,322_bull_continuation,bb_pct,1239,-0.0083,0.0099
SPY,322_bull_continuation,obv,1240,-0.0054,-0.0094
SPY,322_bull_continuation,rvol,1240,0.0149,0.0247
SPY,322_bull_continuation,rvol_10,1240,0.001,0.0148
SPY,322_bull_continuation,vwap,1240,-0.0075,-0.0046
SPY,322_bull_continuation,price_vs_vwap,1240,-0.0681,-0.0097
SPY,322_bull_continuation,price_vs_ema9,1240,-0.0336,0.0098
SPY,322_bull_continuation,price_vs_ema20,1239,-0.038,0.014
SPY,322_bull_continuation,consecutive_up,1240,-0.0356,-0.0568
SPY,322_bull_continuation,consecutive_down,1240,0.0459,0.0686
SPY,322_bull_continuation,intraday_return,1240,-0.0056,-0.0281
SPY,322_bull_continuation,high_low_spread_pct,1240,0.0342,0.0162
SPY,322_bull_continuation,vix_close,1240,0.0249,-0.0084
SPY,322_bull_continuation,total_gex,1237,-0.038,-0.0444
SPY,322_bull_continuation,total_vex,1237,0.0012,-0.0054
SPY,322_bull_continuation,flip_price,771,0.029,0.0084
SPY,322_bull_continuation,distance_to_king_pct,1235,0.0173,0.0071
SPY,322_bull_continuation,distance_to_gate_pct,1204,0.0072,-0.0052
SPY,32_bear_reversal,rsi_9,322,-0.0131,0.0219
SPY,32_bear_reversal,rsi_14,322,-0.0067,0.0284
SPY,32_bear_reversal,stoch_rsi_k,322,-0.0055,0.0537
SPY,32_bear_reversal,stoch_rsi_d,322,0.011,0.0642
SPY,32_bear_reversal,ema_9,322,-0.0261,-0.0289
SPY,32_bear_reversal,ema_20,322,-0.0263,-0.0295
SPY,32_bear_reversal,ema_50,322,-0.0263,-0.03
SPY,32_bear_reversal,sma_50,322,-0.0261,-0.0297
SPY,32_bear_reversal,sma_200,322,-0.0247,-0.0273
SPY,32_bear_reversal,macd,322,0.0379,0.0609
SPY,32_bear_reversal,macd_signal,322,0.0243,0.0323
SPY,32_bear_reversal,macd_histogram,322,0.0563,0.0558
SPY,32_bear_reversal,atr_14,322,0.018,0.0247
SPY,32_bear_reversal,bb_upper,322,-0.0276,-0.0296
SPY,32_bear_reversal,bb_lower,322,-0.0259,-0.0291
SPY,32_bear_reversal,bb_width,322,-0.0792,0.017
SPY,32_bear_reversal,bb_pct,322,-0.0307,0.0104
SPY,32_bear_reversal,obv,322,-0.0152,-0.0261
SPY,32_bear_reversal,rvol,322,0.0477,0.035
SPY,32_bear_reversal,rvol_10,322,0.057,0.0366
SPY,32_bear_reversal,vwap,322,-0.0267,-0.0292
SPY,32_bear_reversal,price_vs_vwap,322,0.0164,0.0202
SPY,32_bear_reversal,price_vs_ema9,322,-0.034,0.0218
SPY,32_bear_reversal,price_vs_ema20,322,0.0151,0.055
SPY,32_bear_reversal,consecutive_up,322,-0.0039,-0.0117
SPY,32_bear_reversal,consecutive_down,322,-0.0034,-0.0083
SPY,32_bear_reversal,intraday_return,322,0.0215,-0.0078
SPY,32_bear_reversal,high_low_spread_pct,322,0.1327,0.0776
SPY,32_bear_reversal,vix_close,322,-0.0404,-0.0037
SPY,32_bear_reversal,total_gex,318,-0.0455,-0.0551
SPY,32_bear_reversal,total_vex,318,0.042,0.0503
SPY,32_bear_reversal,flip_price,210,-0.0862,-0.091
SPY,32_bear_reversal,distance_to_king_pct,318,0.038,-0.0033
SPY,32_bear_reversal,distance_to_gate_pct,307,-0.017,-0.0083
SPY,32_bull_reversal,rsi_9,398,0.0309,0.0831
SPY,32_bull_reversal,rsi_14,398,0.0468,0.0864
SPY,32_bull_reversal,stoch_rsi_k,398,-0.0216,0.0245
SPY,32_bull_reversal,stoch_rsi_d,398,0.0037,0.0396
SPY,32_bull_reversal,ema_9,398,0.0299,0.0572
SPY,32_bull_reversal,ema_20,398,0.0297,0.0566
SPY,32_bull_reversal,ema_50,398,0.0292,0.0548
SPY,32_bull_reversal,sma_50,398,0.0288,0.0542
SPY,32_bull_reversal,sma_200,398,0.0308,0.0582
SPY,32_bull_reversal,macd,398,0.0589,0.1009
SPY,32_bull_reversal,macd_signal,398,0.0705,0.0853
SPY,32_bull_reversal,macd_histogram,398,-0.0499,0.0063
SPY,32_bull_reversal,atr_14,398,0.0094,0.0591
SPY,32_bull_reversal,bb_upper,398,0.0306,0.0579
SPY,32_bull_reversal,bb_lower,398,0.0286,0.0552
SPY,32_bull_reversal,bb_width,398,0.0899,0.0925
SPY,32_bull_reversal,bb_pct,398,-0.0019,0.0537
SPY,32_bull_reversal,obv,398,0.0218,0.0352
SPY,32_bull_reversal,rvol,398,-0.0343,-0.0063
SPY,32_bull_reversal,rvol_10,398,-0.0421,-0.0143
SPY,32_bull_reversal,vwap,398,0.029,0.0569
SPY,32_bull_reversal,price_vs_vwap,398,-0.0063,0.0632
SPY,32_bull_reversal,price_vs_ema9,398,-0.1691,0.0481
SPY,32_bull_reversal,price_vs_ema20,398,-0.1165,0.0704
SPY,32_bull_reversal,consecutive_up,398,-0.0183,-0.0625
SPY,32_bull_reversal,consecutive_down,398,0.0085,0.0551
SPY,32_bull_reversal,intraday_return,398,-0.0648,0.0489
SPY,32_bull_reversal,high_low_spread_pct,398,-0.042,0.0098
SPY,32_bull_reversal,vix_close,398,-0.0329,-0.0154
SPY,32_bull_reversal,total_gex,398,-0.0028,-0.0211
SPY,32_bull_reversal,total_vex,398,-0.0337,-0.0658
SPY,32_bull_reversal,flip_price,250,0.0425,0.0288
SPY,32_bull_reversal,distance_to_king_pct,398,0.0072,0.0319
SPY,32_bull_reversal,distance_to_gate_pct,394,0.019,0.0326
SPY,clean_2d_bear,rsi_9,1162,0.0166,0.0372
SPY,clean_2d_bear,rsi_14,1162,0.0136,0.0338
SPY,clean_2d_bear,stoch_rsi_k,1162,-0.0087,-0.022
SPY,clean_2d_bear,stoch_rsi_d,1162,0.002,-0.0108
SPY,clean_2d_bear,ema_9,1161,-0.0122,0.0013
SPY,clean_2d_bear,ema_20,1161,-0.0121,0.0013
SPY,clean_2d_bear,ema_50,1161,-0.0118,0.0011
SPY,clean_2d_bear,sma_50,1161,-0.0117,0.0013
SPY,clean_2d_bear,sma_200,1158,-0.0141,-0.0044
SPY,clean_2d_bear,macd,1161,-0.0167,0.0256
SPY,clean_2d_bear,macd_signal,1161,-0.016,0.0155
SPY,clean_2d_bear,macd_histogram,1161,-0.0047,-0.0065
SPY,clean_2d_bear,atr_14,1162,0.0967,0.0376
SPY,clean_2d_bear,bb_upper,1161,-0.0113,0.0016
SPY,clean_2d_bear,bb_lower,1161,-0.0129,0.0014
SPY,clean_2d_bear,bb_width,1161,0.0543,0.0137
SPY,clean_2d_bear,bb_pct,1161,0.0249,0.0343
SPY,clean_2d_bear,obv,1162,0.0127,0.0161
SPY,clean_2d_bear,rvol,1162,0.0596,-0.0086
SPY,clean_2d_bear,rvol_10,1162,0.0464,-0.0088
SPY,clean_2d_bear,vwap,1162,-0.0134,-0.0004
SPY,clean_2d_bear,price_vs_vwap,1162,0.045,0.0498
SPY,clean_2d_bear,price_vs_ema9,1161,-0.0818,0.0084
SPY,clean_2d_bear,price_vs_ema20,1161,-0.0518,0.0242
SPY,clean_2d_bear,consecutive_up,1162,-0.0206,-0.0255
SPY,clean_2d_bear,consecutive_down,1162,0.0196,0.0283
SPY,clean_2d_bear,intraday_return,1162,-0.0982,0.0506
SPY,clean_2d_bear,high_low_spread_pct,1162,0.1526,-0.0075
SPY,clean_2d_bear,vix_close,1162,0.0865,-0.0146
SPY,clean_2d_bear,total_gex,1161,-0.046,-0.0331
SPY,clean_2d_bear,total_vex,1161,-0.0024,-0.0093
SPY,clean_2d_bear,flip_price,704,-0.0437,-0.0327
SPY,clean_2d_bear,distance_to_king_pct,1160,0.0519,0.0342
SPY,clean_2d_bear,distance_to_gate_pct,1129,0.0289,0.0319
SPY,clean_2u_bull,rsi_9,1322,-0.0194,0.0067
SPY,clean_2u_bull,rsi_14,1322,-0.0162,-0.0036
SPY,clean_2u_bull,stoch_rsi_k,1322,0.0049,0.0499
SPY,clean_2u_bull,stoch_rsi_d,1322,0.0046,0.0481
SPY,clean_2u_bull,ema_9,1322,-0.0098,0.0051
SPY,clean_2u_bull,ema_20,1321,-0.0095,0.0048
SPY,clean_2u_bull,ema_50,1320,-0.0102,0.0029
SPY,clean_2u_bull,sma_50,1320,-0.0098,0.0032
SPY,clean_2u_bull,sma_200,1317,-0.0097,0.004
SPY,clean_2u_bull,macd,1321,-0.0717,-0.0092
SPY,clean_2u_bull,macd_signal,1320,-0.0609,-0.0162
SPY,clean_2u_bull,macd_histogram,1320,-0.0481,0.0432
SPY,clean_2u_bull,atr_14,1322,-0.0392,0.0281
SPY,clean_2u_bull,bb_upper,1321,-0.0108,0.0044
SPY,clean_2u_bull,bb_lower,1321,-0.0079,0.0054
SPY,clean_2u_bull,bb_width,1321,-0.0986,0.008
SPY,clean_2u_bull,bb_pct,1321,-0.0208,0.0291
SPY,clean_2u_bull,obv,1322,-0.0047,0.0034
SPY,clean_2u_bull,rvol,1322,-0.0401,0.0376
SPY,clean_2u_bull,rvol_10,1322,-0.0397,0.0224
SPY,clean_2u_bull,vwap,1322,-0.0093,0.0058
SPY,clean_2u_bull,price_vs_vwap,1322,-0.2016,0.0061
SPY,clean_2u_bull,price_vs_ema9,1322,-0.1588,0.0271
SPY,clean_2u_bull,price_vs_ema20,1321,-0.1426,0.0181
SPY,clean_2u_bull,consecutive_up,1322,-0.0269,0.0083
SPY,clean_2u_bull,consecutive_down,1322,0.0224,-0.013
SPY,clean_2u_bull,intraday_return,1322,-0.2751,0.0381
SPY,clean_2u_bull,high_low_spread_pct,1322,-0.1815,0.0405
SPY,clean_2u_bull,vix_close,1322,-0.0395,0.0081
SPY,clean_2u_bull,total_gex,1320,-0.0194,-0.0408
SPY,clean_2u_bull,total_vex,1320,-0.0024,-0.0123
SPY,clean_2u_bull,flip_price,831,-0.019,0.0067
SPY,clean_2u_bull,distance_to_king_pct,1318,-0.0028,0.0272
SPY,clean_2u_bull,distance_to_gate_pct,1284,-0.024,0.0093
SPY,f2d_bull_reversal,rsi_9,554,-0.0051,-0.0021
SPY,f2d_bull_reversal,rsi_14,554,-0.0158,-0.004
SPY,f2d_bull_reversal,stoch_rsi_k,553,0.0258,-0.0004
SPY,f2d_bull_reversal,stoch_rsi_d,553,0.0408,0.016
SPY,f2d_bull_reversal,ema_9,553,0.0098,-0.0164
SPY,f2d_bull_reversal,ema_20,553,0.0101,-0.0163
SPY,f2d_bull_reversal,ema_50,553,0.01,-0.0162
SPY,f2d_bull_reversal,sma_50,553,0.0104,-0.0156
SPY,f2d_bull_reversal,sma_200,551,0.0065,-0.023
SPY,f2d_bull_reversal,macd,553,-0.0379,-0.013
SPY,f2d_bull_reversal,macd_signal,553,-0.021,-0.0163
SPY,f2d_bull_reversal,macd_histogram,553,-0.0555,-0.0061
SPY,f2d_bull_reversal,atr_14,554,0.1729,0.0267
SPY,f2d_bull_reversal,bb_upper,553,0.0111,-0.0163
SPY,f2d_bull_reversal,bb_lower,553,0.009,-0.0169
SPY,f2d_bull_reversal,bb_width,553,0.0793,0.0085
SPY,f2d_bull_reversal,bb_pct,553,0.0155,-0.0097
SPY,f2d_bull_reversal,obv,554,0.0251,-0.0251
SPY,f2d_bull_reversal,rvol,554,0.0348,0.0429
SPY,f2d_bull_reversal,rvol_10,554,0.0443,0.045
SPY,f2d_bull_reversal,vwap,554,0.0133,-0.0113
SPY,f2d_bull_reversal,price_vs_vwap,554,0.0454,0.0009
SPY,f2d_bull_reversal,price_vs_ema9,553,-0.0225,-0.0102
SPY,f2d_bull_reversal,price_vs_ema20,553,-0.0265,-0.0048
SPY,f2d_bull_reversal,consecutive_up,554,0.0662,0.0587
SPY,f2d_bull_reversal,consecutive_down,554,-0.0581,-0.0553
SPY,f2d_bull_reversal,intraday_return,554,0.1388,0.0372
SPY,f2d_bull_reversal,high_low_spread_pct,554,0.0813,0.0473
SPY,f2d_bull_reversal,vix_close,554,0.0548,-0.0364
SPY,f2d_bull_reversal,total_gex,551,-0.0517,-0.0569
SPY,f2d_bull_reversal,total_vex,551,-0.0286,-0.0003
SPY,f2d_bull_reversal,flip_price,361,0.0363,-0.0197
SPY,f2d_bull_reversal,distance_to_king_pct,551,0.0362,0.0151
SPY,f2d_bull_reversal,distance_to_gate_pct,538,0.0792,0.0535
SPY,f2u_bear_reversal,rsi_9,601,-0.0198,-0.0719
SPY,f2u_bear_reversal,rsi_14,601,-0.0009,-0.0568
SPY,f2u_bear_reversal,stoch_rsi_k,601,-0.0718,-0.0685
SPY,f2u_bear_reversal,stoch_rsi_d,601,-0.0535,-0.0482
SPY,f2u_bear_reversal,ema_9,601,-0.0487,-0.0999
SPY,f2u_bear_reversal,ema_20,601,-0.0493,-0.1004
SPY,f2u_bear_reversal,ema_50,601,-0.0495,-0.1007
SPY,f2u_bear_reversal,sma_50,601,-0.0498,-0.1012
SPY,f2u_bear_reversal,sma_200,598,-0.0468,-0.0959
SPY,f2u_bear_reversal,macd,601,0.0704,-0.0277
SPY,f2u_bear_reversal,macd_signal,601,0.058,-0.0259
SPY,f2u_bear_reversal,macd_histogram,601,0.05,-0.0237
SPY,f2u_bear_reversal,atr_14,601,0.0616,-0.0424
SPY,f2u_bear_reversal,bb_upper,601,-0.0478,-0.1005
SPY,f2u_bear_reversal,bb_lower,601,-0.0507,-0.0998
SPY,f2u_bear_reversal,bb_width,601,0.07,-0.0263
SPY,f2u_bear_reversal,bb_pct,601,-0.0613,-0.1048
SPY,f2u_bear_reversal,obv,601,-0.0569,-0.115
SPY,f2u_bear_reversal,rvol,601,-0.0295,-0.0424
SPY,f2u_bear_reversal,rvol_10,601,-0.0098,-0.0424
SPY,f2u_bear_reversal,vwap,601,-0.0494,-0.1
SPY,f2u_bear_reversal,price_vs_vwap,601,0.011,-0.0451
SPY,f2u_bear_reversal,price_vs_ema9,601,-0.061,-0.1116
SPY,f2u_bear_reversal,price_vs_ema20,601,-0.0015,-0.0626
SPY,f2u_bear_reversal,consecutive_up,601,-0.0945,-0.0646
SPY,f2u_bear_reversal,consecutive_down,601,0.1023,0.075
SPY,f2u_bear_reversal,intraday_return,601,-0.0568,-0.0468
SPY,f2u_bear_reversal,high_low_spread_pct,601,0.0319,0.0073
SPY,f2u_bear_reversal,vix_close,601,-0.1055,-0.0535
SPY,f2u_bear_reversal,total_gex,599,0.0027,-0.0113
SPY,f2u_bear_reversal,total_vex,599,0.0507,0.0958
SPY,f2u_bear_reversal,flip_price,359,-0.0976,-0.119
SPY,f2u_bear_reversal,distance_to_king_pct,598,-0.0724,-0.1109
SPY,f2u_bear_reversal,distance_to_gate_pct,582,-0.0737,-0.1101
SPY,none,rsi_9,13076,-0.0037,0.003
SPY,none,rsi_14,13076,-0.0035,-0.0001
SPY,none,stoch_rsi_k,13075,-0.003,0.0076
SPY,none,stoch_rsi_d,13075,0.0037,0.014
SPY,none,ema_9,13074,-0.007,0.002
SPY,none,ema_20,13071,-0.007,0.0019
SPY,none,ema_50,13069,-0.007,0.0018
SPY,none,sma_50,13069,-0.0069,0.0018
SPY,none,sma_200,13043,-0.0078,0.0008
SPY,none,macd,13071,-0.0023,0.0081
SPY,none,macd_signal,13070,-0.002,0.001
SPY,none,macd_histogram,13070,-0.0012,0.0187
SPY,none,atr_14,13076,0.0057,0.0226
SPY,none,bb_upper,13071,-0.0071,0.0019
SPY,none,bb_lower,13071,-0.0069,0.0021
SPY,none,bb_width,13071,-0.0125,0.0159
SPY,none,bb_pct,13071,-0.0065,0.0024
SPY,none,obv,13076,-0.0015,0.0028
SPY,none,rvol,13076,0.0471,0.0421
SPY,none,rvol_10,13076,0.0404,0.0398
SPY,none,vwap,13076,-0.007,0.0022
SPY,none,price_vs_vwap,13076,-0.0174,0.0124
SPY,none,price_vs_ema9,13074,-0.0293,-0.0002
SPY,none,price_vs_ema20,13071,-0.018,0.0089
SPY,none,consecutive_up,13076,-0.0035,-0.0024
SPY,none,consecutive_down,13076,0.0038,0.0038
SPY,none,intraday_return,13076,-0.0393,-0.0026
SPY,none,high_low_spread_pct,13076,0.0298,0.0327
SPY,none,vix_close,13076,-0.0113,-0.0146
SPY,none,total_gex,13046,-0.0091,-0.0194
SPY,none,total_vex,13046,0.0014,-0.0056
SPY,none,flip_price,8376,-0.001,0.0081
SPY,none,distance_to_king_pct,13034,-0.0012,0.0124
SPY,none,distance_to_gate_pct,12700,-0.0028,0.0126
