ticker,strat_combo,feature,n,pearson,spearman
IWM,111_inside_compression,rsi_9,1359,0.0324,0.0523
IWM,111_inside_compression,rsi_14,1359,0.0346,0.0561
IWM,111_inside_compression,stoch_rsi_k,1359,0.003,0.0216
IWM,111_inside_compression,stoch_rsi_d,1359,0.0063,0.0287
IWM,111_inside_compression,ema_9,1359,-0.0057,0.069
IWM,111_inside_compression,ema_20,1359,-0.0057,0.0687
IWM,111_inside_compression,ema_50,1359,-0.0057,0.0685
IWM,111_inside_compression,sma_50,1359,-0.0058,0.0681
IWM,111_inside_compression,sma_200,1359,-0.0051,0.069
IWM,111_inside_compression,macd,1359,-0.0011,0.0778
IWM,111_inside_compression,macd_signal,1359,0.0205,0.0676
IWM,111_inside_compression,macd_histogram,1359,-0.0456,0.0436
IWM,111_inside_compression,atr_14,1359,-0.013,0.0626
IWM,111_inside_compression,bb_upper,1359,-0.0061,0.0682
IWM,111_inside_compression,bb_lower,1359,-0.0051,0.0695
IWM,111_inside_compression,bb_width,1359,-0.053,0.0306
IWM,111_inside_compression,bb_pct,1359,0.0331,0.0427
IWM,111_inside_compression,obv,1359,-0.0113,0.0307
IWM,111_inside_compression,rvol,1359,0.0061,0.0328
IWM,111_inside_compression,rvol_10,1359,0.0054,0.0138
IWM,111_inside_compression,vwap,1359,-0.0051,0.0687
IWM,111_inside_compression,price_vs_vwap,1359,-0.0265,0.0227
IWM,111_inside_compression,price_vs_ema9,1359,-0.0216,0.0524
IWM,111_inside_compression,price_vs_ema20,1359,-0.0049,0.0679
IWM,111_inside_compression,consecutive_up,1359,0.0211,-0.0071
IWM,111_inside_compression,consecutive_down,1359,-0.0117,0.0294
IWM,111_inside_compression,intraday_return,1359,-0.0146,-0.0257
IWM,111_inside_compression,high_low_spread_pct,1359,-0.0431,0.0546
IWM,111_inside_compression,vix_close,1359,0.1082,0.0561
IWM,111_inside_compression,total_gex,1359,0.0281,0.0016
IWM,111_inside_compression,total_vex,1359,0.0034,-0.0587
IWM,111_inside_compression,flip_price,352,-0.0224,-0.0115
IWM,111_inside_compression,distance_to_king_pct,1359,-0.0139,0.0491
IWM,111_inside_compression,distance_to_gate_pct,1314,-0.0465,0.0196
IWM,11_inside_compression,rsi_9,14899,-0.0008,-0.0126
IWM,11_inside_compression,rsi_14,14899,-0.0011,-0.0135
IWM,11_inside_compression,stoch_rsi_k,14899,-0.0041,-0.0078
IWM,11_inside_compression,stoch_rsi_d,14899,-0.0035,-0.0077
IWM,11_inside_compression,ema_9,14899,-0.0068,0.0062
IWM,11_inside_compression,ema_20,14899,-0.0068,0.0062
IWM,11_inside_compression,ema_50,14898,-0.0066,0.0065
IWM,11_inside_compression,sma_50,14898,-0.0067,0.0065
IWM,11_inside_compression,sma_200,14898,-0.0063,0.0066
IWM,11_inside_compression,macd,14899,0.0118,-0.0051
IWM,11_inside_compression,macd_signal,14899,0.0144,-0.0013
IWM,11_inside_compression,macd_histogram,14899,-0.0051,-0.0055
IWM,11_inside_compression,atr_14,14899,-0.0088,0.017
IWM,11_inside_compression,bb_upper,14899,-0.007,0.0062
IWM,11_inside_compression,bb_lower,14899,-0.0067,0.0064
IWM,11_inside_compression,bb_width,14899,-0.0236,0.0156
IWM,11_inside_compression,bb_pct,14899,-0.0044,-0.0142
IWM,11_inside_compression,obv,14899,-0.0039,0.0035
IWM,11_inside_compression,rvol,14899,0.0197,0.009
IWM,11_inside_compression,rvol_10,14899,0.0078,0.0079
IWM,11_inside_compression,vwap,14899,-0.0067,0.006
IWM,11_inside_compression,price_vs_vwap,14899,-0.0069,0.0148
IWM,11_inside_compression,price_vs_ema9,14899,0.0015,-0.0057
IWM,11_inside_compression,price_vs_ema20,14899,0.0147,-0.0094
IWM,11_inside_compression,consecutive_up,14899,0.0028,0.0113
IWM,11_inside_compression,consecutive_down,14899,-0.0109,-0.0089
IWM,11_inside_compression,intraday_return,14899,-0.0073,0.0151
IWM,11_inside_compression,high_low_spread_pct,14899,0.0173,0.0222
IWM,11_inside_compression,vix_close,14899,0.0186,0.0113
IWM,11_inside_compression,total_gex,14882,-0.0073,-0.0194
IWM,11_inside_compression,total_vex,14882,-0.0023,-0.0129
IWM,11_inside_compression,flip_price,3436,-0.0033,-0.0132
IWM,11_inside_compression,distance_to_king_pct,14882,0.0009,0.0176
IWM,11_inside_compression,distance_to_gate_pct,14515,-0.0043,0.0067
IWM,132_bear_continuation,rsi_9,7696,-0.0096,-0.0081
IWM,132_bear_continuation,rsi_14,7696,-0.0121,-0.0097
IWM,132_bear_continuation,stoch_rsi_k,7696,-0.0008,-0.0011
IWM,132_bear_continuation,stoch_rsi_d,7696,0.0017,0.0011
IWM,132_bear_continuation,ema_9,7696,0.0012,-0.0032
IWM,132_bear_continuation,ema_20,7696,0.0013,-0.0032
IWM,132_bear_continuation,ema_50,7696,0.0015,-0.003
IWM,132_bear_continuation,sma_50,7696,0.0015,-0.003
IWM,132_bear_continuation,sma_200,7693,0.0027,-0.0024
IWM,132_bear_continuation,macd,7696,-0.029,-0.0082
IWM,132_bear_continuation,macd_signal,7696,-0.0278,-0.0078
IWM,132_bear_continuation,macd_histogram,7696,-0.0045,0.0055
IWM,132_bear_continuation,atr_14,7696,0.0487,0.0098
IWM,132_bear_continuation,bb_upper,7696,0.0017,-0.0029
IWM,132_bear_continuation,bb_lower,7696,0.0009,-0.0033
IWM,132_bear_continuation,bb_width,7696,0.0466,0.0119
IWM,132_bear_continuation,bb_pct,7696,-0.0068,-0.0019
IWM,132_bear_continuation,obv,7696,0.0124,0.0018
IWM,132_bear_continuation,rvol,7696,0.0238,-0.002
IWM,132_bear_continuation,rvol_10,7696,0.0169,-0.0021
IWM,132_bear_continuation,vwap,7696,0.0012,-0.0031
IWM,132_bear_continuation,price_vs_vwap,7696,-0.0101,0.0022
IWM,132_bear_continuation,price_vs_ema9,7696,-0.028,-0.0068
IWM,132_bear_continuation,price_vs_ema20,7696,-0.0277,-0.0072
IWM,132_bear_continuation,consecutive_up,7696,-0.0085,-0.0091
IWM,132_bear_continuation,consecutive_down,7696,0.0005,0.0015
IWM,132_bear_continuation,intraday_return,7696,-0.0433,-0.0061
IWM,132_bear_continuation,high_low_spread_pct,7696,0.0357,0.0095
IWM,132_bear_continuation,vix_close,7696,-0.0009,-0.0016
IWM,132_bear_continuation,total_gex,7683,-0.0301,-0.0171
IWM,132_bear_continuation,total_vex,7683,-0.013,-0.0052
IWM,132_bear_continuation,flip_price,1717,0.0174,-0.0169
IWM,132_bear_continuation,distance_to_king_pct,7683,-0.0008,0.0035
IWM,132_bear_continuation,distance_to_gate_pct,7489,-0.0017,0.0025
IWM,132_bull_continuation,rsi_9,7782,0.0035,0.0021
IWM,132_bull_continuation,rsi_14,7782,-0.0002,-0.0025
IWM,132_bull_continuation,stoch_rsi_k,7782,0.0114,0.0155
IWM,132_bull_continuation,stoch_rsi_d,7782,0.0126,0.0173
IWM,132_bull_continuation,ema_9,7782,-0.0101,-0.0061
IWM,132_bull_continuation,ema_20,7782,-0.01,-0.0061
IWM,132_bull_continuation,ema_50,7780,-0.0101,-0.006
IWM,132_bull_continuation,sma_50,7780,-0.0101,-0.006
IWM,132_bull_continuation,sma_200,7779,-0.01,-0.0061
IWM,132_bull_continuation,macd,7782,-0.0253,-0.0048
IWM,132_bull_continuation,macd_signal,7781,-0.0263,-0.0051
IWM,132_bull_continuation,macd_histogram,7781,0.0022,0.0134
IWM,132_bull_continuation,atr_14,7782,0.0251,0.0129
IWM,132_bull_continuation,bb_upper,7782,-0.0098,-0.006
IWM,132_bull_continuation,bb_lower,7782,-0.0103,-0.0062
IWM,132_bull_continuation,bb_width,7782,0.0357,0.0106
IWM,132_bull_continuation,bb_pct,7782,-0.0027,0.0021
IWM,132_bull_continuation,obv,7782,0.0056,-0.002
IWM,132_bull_continuation,rvol,7782,0.0025,-0.0097
IWM,132_bull_continuation,rvol_10,7782,-0.0028,-0.0122
IWM,132_bull_continuation,vwap,7782,-0.0099,-0.006
IWM,132_bull_continuation,price_vs_vwap,7782,-0.0147,-0.0004
IWM,132_bull_continuation,price_vs_ema9,7782,-0.0229,0.0104
IWM,132_bull_continuation,price_vs_ema20,7782,-0.0329,0.0005
IWM,132_bull_continuation,consecutive_up,7782,0.0232,0.0142
IWM,132_bull_continuation,consecutive_down,7782,-0.0179,-0.0131
IWM,132_bull_continuation,intraday_return,7782,0.0058,0.0118
IWM,132_bull_continuation,high_low_spread_pct,7782,0.0509,0.0217
IWM,132_bull_continuation,vix_close,7782,0.0237,0.0141
IWM,132_bull_continuation,total_gex,7766,-0.0203,-0.0172
IWM,132_bull_continuation,total_vex,7766,0.0019,0.0031
IWM,132_bull_continuation,flip_price,1664,-0.0435,-0.0221
IWM,132_bull_continuation,distance_to_king_pct,7766,-0.0039,0.0084
IWM,132_bull_continuation,distance_to_gate_pct,7571,0.0093,-0.001
IWM,212_bear_continuation,rsi_9,22990,-0.0216,-0.0144
IWM,212_bear_continuation,rsi_14,22990,-0.022,-0.0118
IWM,212_bear_continuation,stoch_rsi_k,22990,-0.0071,-0.0096
IWM,212_bear_continuation,stoch_rsi_d,22990,-0.0091,-0.0128
IWM,212_bear_continuation,ema_9,22990,-0.0031,-0.0078
IWM,212_bear_continuation,ema_20,22990,-0.003,-0.0078
IWM,212_bear_continuation,ema_50,22989,-0.0027,-0.0076
IWM,212_bear_continuation,sma_50,22989,-0.0026,-0.0076
IWM,212_bear_continuation,sma_200,22986,-0.0023,-0.0077
IWM,212_bear_continuation,macd,22990,-0.0456,-0.0039
IWM,212_bear_continuation,macd_signal,22990,-0.0392,-0.0025
IWM,212_bear_continuation,macd_histogram,22990,-0.0298,-0.0137
IWM,212_bear_continuation,atr_14,22990,0.0075,0.0059
IWM,212_bear_continuation,bb_upper,22990,-0.003,-0.0077
IWM,212_bear_continuation,bb_lower,22990,-0.003,-0.0078
IWM,212_bear_continuation,bb_width,22990,-0.0017,0.0062
IWM,212_bear_continuation,bb_pct,22990,-0.016,-0.0138
IWM,212_bear_continuation,obv,22990,-0.0033,-0.0028
IWM,212_bear_continuation,rvol,22990,0.0162,0.0163
IWM,212_bear_continuation,rvol_10,22990,0.0007,0.018
IWM,212_bear_continuation,vwap,22990,-0.003,-0.008
IWM,212_bear_continuation,price_vs_vwap,22990,-0.0145,0.0057
IWM,212_bear_continuation,price_vs_ema9,22990,-0.0613,-0.0176
IWM,212_bear_continuation,price_vs_ema20,22990,-0.0675,-0.0138
IWM,212_bear_continuation,consecutive_up,22990,-0.0062,-0.0092
IWM,212_bear_continuation,consecutive_down,22990,0.0049,0.0101
IWM,212_bear_continuation,intraday_return,22990,-0.0215,-0.0199
IWM,212_bear_continuation,high_low_spread_pct,22990,0.0108,0.0189
IWM,212_bear_continuation,vix_close,22990,-0.0151,-0.0077
IWM,212_bear_continuation,total_gex,22950,-0.005,-0.0087
IWM,212_bear_continuation,total_vex,22950,0.0003,0.0012
IWM,212_bear_continuation,flip_price,5139,0.0362,-0.0028
IWM,212_bear_continuation,distance_to_king_pct,22950,0.0012,0.008
IWM,212_bear_continuation,distance_to_gate_pct,22398,0.0002,0.0076
IWM,212_bear_reversal,rsi_9,34801,0.0002,0.0018
IWM,212_bear_reversal,rsi_14,34801,-0.0003,0.0004
IWM,212_bear_reversal,stoch_rsi_k,34801,-0.0013,0.0055
IWM,212_bear_reversal,stoch_rsi_d,34800,-0.0006,0.0053
IWM,212_bear_reversal,ema_9,34800,0.0071,0.0005
IWM,212_bear_reversal,ema_20,34799,0.0071,0.0004
IWM,212_bear_reversal,ema_50,34799,0.0071,0.0004
IWM,212_bear_reversal,sma_50,34799,0.0072,0.0004
IWM,212_bear_reversal,sma_200,34793,0.0073,0.0004
IWM,212_bear_reversal,macd,34799,-0.02,-0.0003
IWM,212_bear_reversal,macd_signal,34799,-0.0187,-0.0002
IWM,212_bear_reversal,macd_histogram,34799,-0.0068,0.0055
IWM,212_bear_reversal,atr_14,34801,0.0063,0.0029
IWM,212_bear_reversal,bb_upper,34799,0.0071,0.0004
IWM,212_bear_reversal,bb_lower,34799,0.007,0.0004
IWM,212_bear_reversal,bb_width,34799,0.0065,0.0045
IWM,212_bear_reversal,bb_pct,34799,0.0013,0.0025
IWM,212_bear_reversal,obv,34801,0.0133,0.0016
IWM,212_bear_reversal,rvol,34801,-0.0005,0.0122
IWM,212_bear_reversal,rvol_10,34801,-0.0068,0.0107
IWM,212_bear_reversal,vwap,34801,0.007,0.0003
IWM,212_bear_reversal,price_vs_vwap,34801,-0.0065,0.0124
IWM,212_bear_reversal,price_vs_ema9,34800,-0.0215,0.0043
IWM,212_bear_reversal,price_vs_ema20,34799,-0.0269,0.0049
IWM,212_bear_reversal,consecutive_up,34801,-0.0004,0.0019
IWM,212_bear_reversal,consecutive_down,34801,0.0006,-0.0003
IWM,212_bear_reversal,intraday_return,34801,-0.0109,-0.0018
IWM,212_bear_reversal,high_low_spread_pct,34801,0.0065,0.0063
IWM,212_bear_reversal,vix_close,34801,-0.0183,-0.0085
IWM,212_bear_reversal,total_gex,34743,-0.0113,-0.0086
IWM,212_bear_reversal,total_vex,34743,-0.0148,-0.0061
IWM,212_bear_reversal,flip_price,7689,0.0056,-0.0043
IWM,212_bear_reversal,distance_to_king_pct,34743,0.0154,0.0145
IWM,212_bear_reversal,distance_to_gate_pct,33865,0.0145,0.0116
IWM,212_bull_continuation,rsi_9,23765,0.0034,-0.0118
IWM,212_bull_continuation,rsi_14,23765,0.0024,-0.0121
IWM,212_bull_continuation,stoch_rsi_k,23765,0.0012,-0.0086
IWM,212_bull_continuation,stoch_rsi_d,23765,0.0012,-0.0056
IWM,212_bull_continuation,ema_9,23765,0.0017,0.0035
IWM,212_bull_continuation,ema_20,23765,0.0016,0.0035
IWM,212_bull_continuation,ema_50,23765,0.0016,0.0035
IWM,212_bull_continuation,sma_50,23765,0.0016,0.0035
IWM,212_bull_continuation,sma_200,23763,0.0015,0.0033
IWM,212_bull_continuation,macd,23765,0.0097,-0.0092
IWM,212_bull_continuation,macd_signal,23765,0.0073,-0.0102
IWM,212_bull_continuation,macd_histogram,23765,0.0089,-0.0047
IWM,212_bull_continuation,atr_14,23765,-0.027,-0.0025
IWM,212_bull_continuation,bb_upper,23765,0.0013,0.0034
IWM,212_bull_continuation,bb_lower,23765,0.0019,0.0037
IWM,212_bull_continuation,bb_width,23765,-0.0423,-0.0084
IWM,212_bull_continuation,bb_pct,23765,0.0074,-0.0055
IWM,212_bull_continuation,obv,23765,-0.0018,-0.0045
IWM,212_bull_continuation,rvol,23765,-0.0033,-0.0077
IWM,212_bull_continuation,rvol_10,23765,-0.0045,-0.0085
IWM,212_bull_continuation,vwap,23765,0.0018,0.0036
IWM,212_bull_continuation,price_vs_vwap,23765,-0.011,-0.0043
IWM,212_bull_continuation,price_vs_ema9,23765,0.0094,-0.007
IWM,212_bull_continuation,price_vs_ema20,23765,0.0153,-0.0088
IWM,212_bull_continuation,consecutive_up,23765,0.0037,0.0001
IWM,212_bull_continuation,consecutive_down,23765,0.0008,0.0096
IWM,212_bull_continuation,intraday_return,23765,0.004,0.0021
IWM,212_bull_continuation,high_low_spread_pct,23765,-0.0231,-0.0061
IWM,212_bull_continuation,vix_close,23765,-0.0363,-0.012
IWM,212_bull_continuation,total_gex,23721,-0.0025,-0.0077
IWM,212_bull_continuation,total_vex,23721,-0.0029,-0.0029
IWM,212_bull_continuation,flip_price,5259,0.018,0.0086
IWM,212_bull_continuation,distance_to_king_pct,23721,-0.0078,0.0058
IWM,212_bull_continuation,distance_to_gate_pct,23166,0.0028,0.0053
IWM,212_bull_reversal,rsi_9,34613,-0.0047,-0.0028
IWM,212_bull_reversal,rsi_14,34613,-0.0043,-0.0025
IWM,212_bull_reversal,stoch_rsi_k,34613,-0.0014,-0.004
IWM,212_bull_reversal,stoch_rsi_d,34613,-0.0,-0.001
IWM,212_bull_reversal,ema_9,34613,-0.0107,-0.0084
IWM,212_bull_reversal,ema_20,34612,-0.0108,-0.0085
IWM,212_bull_reversal,ema_50,34611,-0.0108,-0.0085
IWM,212_bull_reversal,sma_50,34611,-0.0108,-0.0085
IWM,212_bull_reversal,sma_200,34605,-0.0108,-0.0087
IWM,212_bull_reversal,macd,34612,-0.0013,-0.0007
IWM,212_bull_reversal,macd_signal,34611,-0.0052,0.0009
IWM,212_bull_reversal,macd_histogram,34611,0.0124,-0.0017
IWM,212_bull_reversal,atr_14,34613,-0.0038,0.0051
IWM,212_bull_reversal,bb_upper,34612,-0.0108,-0.0084
IWM,212_bull_reversal,bb_lower,34612,-0.0108,-0.0085
IWM,212_bull_reversal,bb_width,34612,-0.0046,0.0011
IWM,212_bull_reversal,bb_pct,34612,-0.006,-0.0037
IWM,212_bull_reversal,obv,34613,-0.0092,-0.0123
IWM,212_bull_reversal,rvol,34613,0.0164,0.0106
IWM,212_bull_reversal,rvol_10,34613,-0.0072,0.0095
IWM,212_bull_reversal,vwap,34613,-0.0104,-0.0082
IWM,212_bull_reversal,price_vs_vwap,34613,-0.0261,0.0008
IWM,212_bull_reversal,price_vs_ema9,34613,-0.0102,-0.0025
IWM,212_bull_reversal,price_vs_ema20,34612,-0.0077,0.0028
IWM,212_bull_reversal,consecutive_up,34613,-0.0001,0.0032
IWM,212_bull_reversal,consecutive_down,34613,0.0017,-0.0026
IWM,212_bull_reversal,intraday_return,34613,-0.0029,-0.0001
IWM,212_bull_reversal,high_low_spread_pct,34613,0.003,0.0083
IWM,212_bull_reversal,vix_close,34613,-0.006,-0.006
IWM,212_bull_reversal,total_gex,34545,-0.0032,-0.0047
IWM,212_bull_reversal,total_vex,34545,0.0114,0.007
IWM,212_bull_reversal,flip_price,7756,-0.013,-0.0183
IWM,212_bull_reversal,distance_to_king_pct,34545,-0.0079,0.0018
IWM,212_bull_reversal,distance_to_gate_pct,33695,-0.0114,-0.007
IWM,22_bear_continuation,rsi_9,166553,-0.0132,-0.0114
IWM,22_bear_continuation,rsi_14,166553,-0.0128,-0.0095
IWM,22_bear_continuation,stoch_rsi_k,166553,-0.0086,-0.0075
IWM,22_bear_continuation,stoch_rsi_d,166553,-0.0099,-0.0086
IWM,22_bear_continuation,ema_9,166553,-0.0024,0.0007
IWM,22_bear_continuation,ema_20,166549,-0.0024,0.0007
IWM,22_bear_continuation,ema_50,166543,-0.0023,0.0006
IWM,22_bear_continuation,sma_50,166543,-0.0023,0.0006
IWM,22_bear_continuation,sma_200,166520,-0.0021,0.0006
IWM,22_bear_continuation,macd,166549,-0.0213,-0.0035
IWM,22_bear_continuation,macd_signal,166545,-0.0153,-0.003
IWM,22_bear_continuation,macd_histogram,166545,-0.0234,-0.0109
IWM,22_bear_continuation,atr_14,166553,0.0172,0.0015
IWM,22_bear_continuation,bb_upper,166549,-0.0022,0.0007
IWM,22_bear_continuation,bb_lower,166549,-0.0025,0.0007
IWM,22_bear_continuation,bb_width,166549,0.0203,0.0036
IWM,22_bear_continuation,bb_pct,166549,-0.0102,-0.0107
IWM,22_bear_continuation,obv,166553,0.001,-0.0001
IWM,22_bear_continuation,rvol,166553,0.0154,0.0185
IWM,22_bear_continuation,rvol_10,166553,-0.0063,0.0197
IWM,22_bear_continuation,vwap,166553,-0.0022,0.0006
IWM,22_bear_continuation,price_vs_vwap,166553,-0.0235,0.0049
IWM,22_bear_continuation,price_vs_ema9,166553,-0.0351,-0.0095
IWM,22_bear_continuation,price_vs_ema20,166549,-0.0383,-0.0081
IWM,22_bear_continuation,consecutive_up,166553,-0.0053,-0.0075
IWM,22_bear_continuation,consecutive_down,166553,0.0063,0.007
IWM,22_bear_continuation,intraday_return,166553,-0.0179,-0.0099
IWM,22_bear_continuation,high_low_spread_pct,166553,0.0199,0.0074
IWM,22_bear_continuation,vix_close,166553,0.0149,-0.0098
IWM,22_bear_continuation,total_gex,166315,-0.0031,0.0052
IWM,22_bear_continuation,total_vex,166315,-0.0022,-0.0036
IWM,22_bear_continuation,flip_price,37578,-0.0171,0.0026
IWM,22_bear_continuation,distance_to_king_pct,166315,-0.0007,0.0077
IWM,22_bear_continuation,distance_to_gate_pct,162373,-0.0039,0.0069
IWM,22_bear_reversal,rsi_9,112039,-0.004,0.0009
IWM,22_bear_reversal,rsi_14,112039,-0.0039,0.0015
IWM,22_bear_reversal,stoch_rsi_k,112039,-0.0058,-0.0021
IWM,22_bear_reversal,stoch_rsi_d,112039,-0.0056,-0.0012
IWM,22_bear_reversal,ema_9,112039,-0.0057,-0.0005
IWM,22_bear_reversal,ema_20,112038,-0.0056,-0.0005
IWM,22_bear_reversal,ema_50,112035,-0.0056,-0.0006
IWM,22_bear_reversal,sma_50,112035,-0.0056,-0.0006
IWM,22_bear_reversal,sma_200,112017,-0.0055,-0.0008
IWM,22_bear_reversal,macd,112037,-0.0112,0.0049
IWM,22_bear_reversal,macd_signal,112036,-0.01,0.0055
IWM,22_bear_reversal,macd_histogram,112036,-0.0061,-0.0006
IWM,22_bear_reversal,atr_14,112039,-0.0075,0.005
IWM,22_bear_reversal,bb_upper,112038,-0.0057,-0.0005
IWM,22_bear_reversal,bb_lower,112038,-0.0056,-0.0005
IWM,22_bear_reversal,bb_width,112038,-0.0096,0.0008
IWM,22_bear_reversal,bb_pct,112038,-0.0062,-0.0012
IWM,22_bear_reversal,obv,112039,0.0003,-0.0006
IWM,22_bear_reversal,rvol,112039,0.0101,0.0045
IWM,22_bear_reversal,rvol_10,112039,-0.0051,0.0058
IWM,22_bear_reversal,vwap,112039,-0.0055,-0.0006
IWM,22_bear_reversal,price_vs_vwap,112039,-0.0179,0.0061
IWM,22_bear_reversal,price_vs_ema9,112039,-0.0153,0.0023
IWM,22_bear_reversal,price_vs_ema20,112038,-0.0178,0.0016
IWM,22_bear_reversal,consecutive_up,112039,0.0021,-0.0001
IWM,22_bear_reversal,consecutive_down,112039,-0.0009,0.0003
IWM,22_bear_reversal,intraday_return,112039,0.0017,0.0017
IWM,22_bear_reversal,high_low_spread_pct,112039,0.0081,0.0043
IWM,22_bear_reversal,vix_close,112039,-0.006,-0.0052
IWM,22_bear_reversal,total_gex,111866,0.0024,0.0
IWM,22_bear_reversal,total_vex,111866,0.0012,-0.0025
IWM,22_bear_reversal,flip_price,25126,-0.0091,-0.006
IWM,22_bear_reversal,distance_to_king_pct,111866,0.0014,0.0108
IWM,22_bear_reversal,distance_to_gate_pct,109157,-0.0025,0.0073
IWM,22_bull_continuation,rsi_9,171894,-0.0083,-0.0092
IWM,22_bull_continuation,rsi_14,171894,-0.0082,-0.0089
IWM,22_bull_continuation,stoch_rsi_k,171894,-0.0039,-0.004
IWM,22_bull_continuation,stoch_rsi_d,171894,-0.0041,-0.0032
IWM,22_bull_continuation,ema_9,171893,0.0002,0.0036
IWM,22_bull_continuation,ema_20,171892,0.0003,0.0037
IWM,22_bull_continuation,ema_50,171890,0.0004,0.0036
IWM,22_bull_continuation,sma_50,171890,0.0004,0.0037
IWM,22_bull_continuation,sma_200,171862,0.0004,0.0036
IWM,22_bull_continuation,macd,171891,-0.0195,-0.0031
IWM,22_bull_continuation,macd_signal,171891,-0.0157,-0.0023
IWM,22_bull_continuation,macd_histogram,171891,-0.0154,-0.0052
IWM,22_bull_continuation,atr_14,171894,-0.008,0.0028
IWM,22_bull_continuation,bb_upper,171892,0.0002,0.0036
IWM,22_bull_continuation,bb_lower,171892,0.0005,0.0038
IWM,22_bull_continuation,bb_width,171892,-0.0169,-0.0051
IWM,22_bull_continuation,bb_pct,171892,-0.0053,-0.0056
IWM,22_bull_continuation,obv,171894,0.0021,0.0008
IWM,22_bull_continuation,rvol,171894,0.0058,-0.0103
IWM,22_bull_continuation,rvol_10,171894,-0.0006,-0.0107
IWM,22_bull_continuation,vwap,171894,0.0003,0.0037
IWM,22_bull_continuation,price_vs_vwap,171894,-0.0138,0.0005
IWM,22_bull_continuation,price_vs_ema9,171893,-0.0218,-0.0058
IWM,22_bull_continuation,price_vs_ema20,171892,-0.0265,-0.0046
IWM,22_bull_continuation,consecutive_up,171894,-0.0061,-0.0045
IWM,22_bull_continuation,consecutive_down,171894,0.0064,0.0037
IWM,22_bull_continuation,intraday_return,171894,0.0007,-0.0051
IWM,22_bull_continuation,high_low_spread_pct,171894,-0.0076,-0.0022
IWM,22_bull_continuation,vix_close,171894,-0.0129,-0.0073
IWM,22_bull_continuation,total_gex,171636,-0.0006,-0.0025
IWM,22_bull_continuation,total_vex,171636,0.0004,-0.0015
IWM,22_bull_continuation,flip_price,38793,0.0087,-0.0036
IWM,22_bull_continuation,distance_to_king_pct,171636,-0.0032,0.0081
IWM,22_bull_continuation,distance_to_gate_pct,167384,-0.0011,0.0065
IWM,22_bull_reversal,rsi_9,112040,-0.0055,0.0022
IWM,22_bull_reversal,rsi_14,112040,-0.0072,0.0006
IWM,22_bull_reversal,stoch_rsi_k,112040,0.0016,0.0057
IWM,22_bull_reversal,stoch_rsi_d,112040,0.0021,0.006
IWM,22_bull_reversal,ema_9,112039,-0.0023,0.0003
IWM,22_bull_reversal,ema_20,112038,-0.0022,0.0003
IWM,22_bull_reversal,ema_50,112037,-0.0021,0.0003
IWM,22_bull_reversal,sma_50,112037,-0.0021,0.0003
IWM,22_bull_reversal,sma_200,112018,-0.002,0.0002
IWM,22_bull_reversal,macd,112037,-0.0214,0.0009
IWM,22_bull_reversal,macd_signal,112037,-0.0207,-0.001
IWM,22_bull_reversal,macd_histogram,112037,-0.0062,0.0059
IWM,22_bull_reversal,atr_14,112040,0.0035,0.0064
IWM,22_bull_reversal,bb_upper,112038,-0.0021,0.0003
IWM,22_bull_reversal,bb_lower,112038,-0.0023,0.0003
IWM,22_bull_reversal,bb_width,112038,0.0106,0.004
IWM,22_bull_reversal,bb_pct,112038,-0.0026,0.003
IWM,22_bull_reversal,obv,112040,-0.002,-0.0021
IWM,22_bull_reversal,rvol,112040,0.0078,-0.0042
IWM,22_bull_reversal,rvol_10,112040,-0.0043,-0.0053
IWM,22_bull_reversal,vwap,112040,-0.0023,0.0001
IWM,22_bull_reversal,price_vs_vwap,112040,-0.0092,0.0061
IWM,22_bull_reversal,price_vs_ema9,112039,-0.0198,0.0075
IWM,22_bull_reversal,price_vs_ema20,112038,-0.0262,0.0059
IWM,22_bull_reversal,consecutive_up,112040,-0.0055,-0.0062
IWM,22_bull_reversal,consecutive_down,112040,0.0036,0.0047
IWM,22_bull_reversal,intraday_return,112040,0.0056,0.0059
IWM,22_bull_reversal,high_low_spread_pct,112040,0.0115,0.0064
IWM,22_bull_reversal,vix_close,112040,-0.0062,-0.0074
IWM,22_bull_reversal,total_gex,111881,0.0003,0.0037
IWM,22_bull_reversal,total_vex,111881,0.0024,-0.0001
IWM,22_bull_reversal,flip_price,25274,-0.0087,-0.006
IWM,22_bull_reversal,distance_to_king_pct,111881,0.0024,0.0069
IWM,22_bull_reversal,distance_to_gate_pct,109189,0.0002,0.0044
IWM,312_bear_reversal,rsi_9,6863,0.0051,-0.0005
IWM,312_bear_reversal,rsi_14,6863,0.0069,0.0015
IWM,312_bear_reversal,stoch_rsi_k,6863,-0.0062,-0.0145
IWM,312_bear_reversal,stoch_rsi_d,6863,-0.0048,-0.0104
IWM,312_bear_reversal,ema_9,6863,-0.0054,-0.0016
IWM,312_bear_reversal,ema_20,6863,-0.0054,-0.0017
IWM,312_bear_reversal,ema_50,6861,-0.0056,-0.002
IWM,312_bear_reversal,sma_50,6861,-0.0056,-0.0021
IWM,312_bear_reversal,sma_200,6860,-0.0058,-0.0023
IWM,312_bear_reversal,macd,6862,0.0,0.0076
IWM,312_bear_reversal,macd_signal,6862,-0.0096,0.0077
IWM,312_bear_reversal,macd_histogram,6862,0.0351,-0.0063
IWM,312_bear_reversal,atr_14,6863,-0.0277,0.0196
IWM,312_bear_reversal,bb_upper,6863,-0.0055,-0.0016
IWM,312_bear_reversal,bb_lower,6863,-0.0055,-0.0017
IWM,312_bear_reversal,bb_width,6863,-0.0021,0.0157
IWM,312_bear_reversal,bb_pct,6863,-0.0025,-0.0094
IWM,312_bear_reversal,obv,6863,0.0069,-0.0103
IWM,312_bear_reversal,rvol,6863,0.0016,0.0242
IWM,312_bear_reversal,rvol_10,6863,-0.0082,0.0242
IWM,312_bear_reversal,vwap,6863,-0.0053,-0.0021
IWM,312_bear_reversal,price_vs_vwap,6863,0.0035,0.0184
IWM,312_bear_reversal,price_vs_ema9,6863,0.1274,-0.0024
IWM,312_bear_reversal,price_vs_ema20,6863,0.1051,-0.0016
IWM,312_bear_reversal,consecutive_up,6863,-0.0053,-0.0136
IWM,312_bear_reversal,consecutive_down,6863,0.0081,0.0168
IWM,312_bear_reversal,intraday_return,6863,-0.0513,-0.0103
IWM,312_bear_reversal,high_low_spread_pct,6863,-0.0875,0.0227
IWM,312_bear_reversal,vix_close,6863,-0.0103,0.0041
IWM,312_bear_reversal,total_gex,6854,-0.0065,-0.0039
IWM,312_bear_reversal,total_vex,6854,0.0001,0.0028
IWM,312_bear_reversal,flip_price,1497,-0.0788,-0.0234
IWM,312_bear_reversal,distance_to_king_pct,6854,0.0029,0.0037
IWM,312_bear_reversal,distance_to_gate_pct,6694,0.0031,0.0002
IWM,312_bull_reversal,rsi_9,9137,-0.0181,-0.0081
IWM,312_bull_reversal,rsi_14,9137,-0.0118,-0.0053
IWM,312_bull_reversal,stoch_rsi_k,9137,-0.0243,-0.0075
IWM,312_bull_reversal,stoch_rsi_d,9137,-0.022,-0.0072
IWM,312_bull_reversal,ema_9,9137,0.0024,0.0006
IWM,312_bull_reversal,ema_20,9137,0.0024,0.0006
IWM,312_bull_reversal,ema_50,9137,0.0023,0.0005
IWM,312_bull_reversal,sma_50,9137,0.0023,0.0005
IWM,312_bull_reversal,sma_200,9136,0.0019,0.0001
IWM,312_bull_reversal,macd,9137,0.0063,0.0067
IWM,312_bull_reversal,macd_signal,9137,0.0172,0.0074
IWM,312_bull_reversal,macd_histogram,9137,-0.0432,-0.0194
IWM,312_bull_reversal,atr_14,9137,0.0056,0.0041
IWM,312_bull_reversal,bb_upper,9137,0.0024,0.0006
IWM,312_bull_reversal,bb_lower,9137,0.0026,0.0008
IWM,312_bull_reversal,bb_width,9137,-0.0137,0.0001
IWM,312_bull_reversal,bb_pct,9137,-0.0184,-0.0065
IWM,312_bull_reversal,obv,9137,-0.0038,-0.0069
IWM,312_bull_reversal,rvol,9137,-0.0093,-0.0006
IWM,312_bull_reversal,rvol_10,9137,-0.0304,-0.0063
IWM,312_bull_reversal,vwap,9137,0.0024,0.0003
IWM,312_bull_reversal,price_vs_vwap,9137,-0.0139,0.008
IWM,312_bull_reversal,price_vs_ema9,9137,-0.0371,-0.0109
IWM,312_bull_reversal,price_vs_ema20,9137,-0.0297,-0.006
IWM,312_bull_reversal,consecutive_up,9137,0.0004,0.0068
IWM,312_bull_reversal,consecutive_down,9137,0.0044,0.002
IWM,312_bull_reversal,intraday_return,9137,-0.0056,0.0012
IWM,312_bull_reversal,high_low_spread_pct,9137,-0.0083,0.0004
IWM,312_bull_reversal,vix_close,9137,-0.045,0.0007
IWM,312_bull_reversal,total_gex,9118,0.0015,0.0057
IWM,312_bull_reversal,total_vex,9118,-0.0066,0.0002
IWM,312_bull_reversal,flip_price,2061,0.0812,0.023
IWM,312_bull_reversal,distance_to_king_pct,9118,-0.0072,0.0092
IWM,312_bull_reversal,distance_to_gate_pct,8905,-0.0085,0.0069
IWM,322_bear_continuation,rsi_9,12994,-0.016,-0.0164
IWM,322_bear_continuation,rsi_14,12994,-0.0212,-0.0183
IWM,322_bear_continuation,stoch_rsi_k,12994,-0.0042,-0.0008
IWM,322_bear_continuation,stoch_rsi_d,12994,-0.0092,-0.0048
IWM,322_bear_continuation,ema_9,12994,-0.0169,-0.0146
IWM,322_bear_continuation,ema_20,12994,-0.0167,-0.0145
IWM,322_bear_continuation,ema_50,12994,-0.0163,-0.0144
IWM,322_bear_continuation,sma_50,12994,-0.0163,-0.0143
IWM,322_bear_continuation,sma_200,12992,-0.0157,-0.014
IWM,322_bear_continuation,macd,12994,-0.0623,-0.0195
IWM,322_bear_continuation,macd_signal,12994,-0.0545,-0.0166
IWM,322_bear_continuation,macd_histogram,12994,-0.0403,-0.0003
IWM,322_bear_continuation,atr_14,12994,0.0241,-0.0058
IWM,322_bear_continuation,bb_upper,12994,-0.016,-0.0142
IWM,322_bear_continuation,bb_lower,12994,-0.0172,-0.0146
IWM,322_bear_continuation,bb_width,12994,0.0621,0.0085
IWM,322_bear_continuation,bb_pct,12994,-0.0034,-0.0061
IWM,322_bear_continuation,obv,12994,-0.01,-0.0123
IWM,322_bear_continuation,rvol,12994,-0.0086,-0.0031
IWM,322_bear_continuation,rvol_10,12994,-0.0087,-0.0046
IWM,322_bear_continuation,vwap,12994,-0.0168,-0.0144
IWM,322_bear_continuation,price_vs_vwap,12994,-0.018,-0.0109
IWM,322_bear_continuation,price_vs_ema9,12994,-0.0598,-0.0053
IWM,322_bear_continuation,price_vs_ema20,12994,-0.0778,-0.0119
IWM,322_bear_continuation,consecutive_up,12994,-0.0016,-0.0021
IWM,322_bear_continuation,consecutive_down,12994,0.0015,0.0013
IWM,322_bear_continuation,intraday_return,12994,-0.0046,-0.0013
IWM,322_bear_continuation,high_low_spread_pct,12994,0.034,0.0057
IWM,322_bear_continuation,vix_close,12994,0.0163,-0.006
IWM,322_bear_continuation,total_gex,12977,-0.0007,0.0068
IWM,322_bear_continuation,total_vex,12977,0.0115,0.0173
IWM,322_bear_continuation,flip_price,2957,-0.0364,-0.015
IWM,322_bear_continuation,distance_to_king_pct,12977,-0.0152,-0.0119
IWM,322_bear_continuation,distance_to_gate_pct,12666,-0.0167,-0.0174
IWM,322_bull_continuation,rsi_9,13203,-0.0014,0.0069
IWM,322_bull_continuation,rsi_14,13203,-0.0005,0.0061
IWM,322_bull_continuation,stoch_rsi_k,13203,-0.0032,0.0011
IWM,322_bull_continuation,stoch_rsi_d,13203,-0.0001,0.0051
IWM,322_bull_continuation,ema_9,13203,-0.0052,-0.0075
IWM,322_bull_continuation,ema_20,13203,-0.0052,-0.0075
IWM,322_bull_continuation,ema_50,13202,-0.0051,-0.0074
IWM,322_bull_continuation,sma_50,13202,-0.0051,-0.0074
IWM,322_bull_continuation,sma_200,13201,-0.005,-0.0074
IWM,322_bull_continuation,macd,13203,-0.0034,0.0021
IWM,322_bull_continuation,macd_signal,13203,0.0009,0.0044
IWM,322_bull_continuation,macd_histogram,13203,-0.0149,-0.0013
IWM,322_bull_continuation,atr_14,13203,-0.0045,0.0158
IWM,322_bull_continuation,bb_upper,13203,-0.0055,-0.0076
IWM,322_bull_continuation,bb_lower,13203,-0.0049,-0.0074
IWM,322_bull_continuation,bb_width,13203,-0.033,0.0094
IWM,322_bull_continuation,bb_pct,13203,-0.0056,0.0046
IWM,322_bull_continuation,obv,13203,0.003,-0.0102
IWM,322_bull_continuation,rvol,13203,0.0032,-0.0165
IWM,322_bull_continuation,rvol_10,13203,0.0012,-0.0185
IWM,322_bull_continuation,vwap,13203,-0.0053,-0.0078
IWM,322_bull_continuation,price_vs_vwap,13203,0.0074,0.0137
IWM,322_bull_continuation,price_vs_ema9,13203,-0.0195,0.0121
IWM,322_bull_continuation,price_vs_ema20,13203,-0.0128,0.0133
IWM,322_bull_continuation,consecutive_up,13203,0.0013,0.0056
IWM,322_bull_continuation,consecutive_down,13203,0.0012,-0.0037
IWM,322_bull_continuation,intraday_return,13203,-0.0036,0.0079
IWM,322_bull_continuation,high_low_spread_pct,13203,-0.0058,0.0212
IWM,322_bull_continuation,vix_close,13203,0.0159,0.0231
IWM,322_bull_continuation,total_gex,13185,-0.0157,-0.0087
IWM,322_bull_continuation,total_vex,13185,0.0009,0.0056
IWM,322_bull_continuation,flip_price,2872,0.0207,0.0191
IWM,322_bull_continuation,distance_to_king_pct,13185,0.0004,0.0043
IWM,322_bull_continuation,distance_to_gate_pct,12843,0.0066,0.0047
IWM,32_bear_reversal,rsi_9,3044,0.0178,0.0158
IWM,32_bear_reversal,rsi_14,3044,0.0185,0.0139
IWM,32_bear_reversal,stoch_rsi_k,3044,0.0046,0.012
IWM,32_bear_reversal,stoch_rsi_d,3044,0.0067,0.0132
IWM,32_bear_reversal,ema_9,3044,-0.0124,-0.0168
IWM,32_bear_reversal,ema_20,3044,-0.0124,-0.0169
IWM,32_bear_reversal,ema_50,3044,-0.0124,-0.017
IWM,32_bear_reversal,sma_50,3044,-0.0124,-0.017
IWM,32_bear_reversal,sma_200,3042,-0.0126,-0.0172
IWM,32_bear_reversal,macd,3044,0.0058,0.0153
IWM,32_bear_reversal,macd_signal,3044,0.0035,0.0143
IWM,32_bear_reversal,macd_histogram,3044,0.0091,0.02
IWM,32_bear_reversal,atr_14,3044,-0.07,-0.0259
IWM,32_bear_reversal,bb_upper,3044,-0.013,-0.017
IWM,32_bear_reversal,bb_lower,3044,-0.0119,-0.0167
IWM,32_bear_reversal,bb_width,3044,-0.055,-0.0295
IWM,32_bear_reversal,bb_pct,3044,0.0143,0.0115
IWM,32_bear_reversal,obv,3044,-0.0144,-0.0164
IWM,32_bear_reversal,rvol,3044,-0.0167,-0.0093
IWM,32_bear_reversal,rvol_10,3044,-0.0208,-0.006
IWM,32_bear_reversal,vwap,3044,-0.0131,-0.0174
IWM,32_bear_reversal,price_vs_vwap,3044,0.0382,0.0274
IWM,32_bear_reversal,price_vs_ema9,3044,0.0147,0.035
IWM,32_bear_reversal,price_vs_ema20,3044,0.0117,0.0303
IWM,32_bear_reversal,consecutive_up,3044,0.0255,0.0273
IWM,32_bear_reversal,consecutive_down,3044,-0.0244,-0.032
IWM,32_bear_reversal,intraday_return,3044,0.0939,0.0199
IWM,32_bear_reversal,high_low_spread_pct,3044,-0.095,-0.0179
IWM,32_bear_reversal,vix_close,3044,-0.0792,-0.0235
IWM,32_bear_reversal,total_gex,3037,-0.0068,0.0014
IWM,32_bear_reversal,total_vex,3037,0.0183,0.0246
IWM,32_bear_reversal,flip_price,695,0.0659,0.0275
IWM,32_bear_reversal,distance_to_king_pct,3037,-0.0322,-0.0238
IWM,32_bear_reversal,distance_to_gate_pct,2966,-0.004,-0.0062
IWM,32_bull_reversal,rsi_9,3548,-0.0093,-0.0104
IWM,32_bull_reversal,rsi_14,3548,-0.0046,-0.0091
IWM,32_bull_reversal,stoch_rsi_k,3548,-0.0163,-0.01
IWM,32_bull_reversal,stoch_rsi_d,3548,-0.0185,-0.0103
IWM,32_bull_reversal,ema_9,3548,-0.0163,-0.0472
IWM,32_bull_reversal,ema_20,3548,-0.0164,-0.0472
IWM,32_bull_reversal,ema_50,3548,-0.0165,-0.0472
IWM,32_bull_reversal,sma_50,3548,-0.0165,-0.0471
IWM,32_bull_reversal,sma_200,3546,-0.0163,-0.0472
IWM,32_bull_reversal,macd,3548,0.0129,-0.0054
IWM,32_bull_reversal,macd_signal,3548,0.0171,0.0059
IWM,32_bull_reversal,macd_histogram,3548,-0.0106,-0.0225
IWM,32_bull_reversal,atr_14,3548,0.0116,-0.013
IWM,32_bull_reversal,bb_upper,3548,-0.0163,-0.0472
IWM,32_bull_reversal,bb_lower,3548,-0.0164,-0.047
IWM,32_bull_reversal,bb_width,3548,0.0055,0.0039
IWM,32_bull_reversal,bb_pct,3548,-0.0198,-0.0198
IWM,32_bull_reversal,obv,3548,0.011,-0.0268
IWM,32_bull_reversal,rvol,3548,0.009,-0.032
IWM,32_bull_reversal,rvol_10,3548,-0.0472,-0.0385
IWM,32_bull_reversal,vwap,3548,-0.0167,-0.0475
IWM,32_bull_reversal,price_vs_vwap,3548,0.0226,0.0015
IWM,32_bull_reversal,price_vs_ema9,3548,0.0544,-0.0177
IWM,32_bull_reversal,price_vs_ema20,3548,0.0569,-0.0169
IWM,32_bull_reversal,consecutive_up,3548,0.0402,0.0306
IWM,32_bull_reversal,consecutive_down,3548,-0.0318,-0.0195
IWM,32_bull_reversal,intraday_return,3548,-0.0127,0.0187
IWM,32_bull_reversal,high_low_spread_pct,3548,0.014,-0.015
IWM,32_bull_reversal,vix_close,3548,0.0393,0.0092
IWM,32_bull_reversal,total_gex,3543,-0.0084,0.0068
IWM,32_bull_reversal,total_vex,3543,0.0085,0.0332
IWM,32_bull_reversal,flip_price,799,-0.0526,-0.0585
IWM,32_bull_reversal,distance_to_king_pct,3543,0.007,-0.0266
IWM,32_bull_reversal,distance_to_gate_pct,3446,0.0134,-0.0148
IWM,clean_2d_bear,rsi_9,17874,-0.0188,-0.0063
IWM,clean_2d_bear,rsi_14,17874,-0.0204,-0.0072
IWM,clean_2d_bear,stoch_rsi_k,17874,-0.0107,-0.0012
IWM,clean_2d_bear,stoch_rsi_d,17874,-0.01,-0.0012
IWM,clean_2d_bear,ema_9,17874,0.0004,-0.0074
IWM,clean_2d_bear,ema_20,17874,0.0006,-0.0074
IWM,clean_2d_bear,ema_50,17873,0.0007,-0.0074
IWM,clean_2d_bear,sma_50,17873,0.0008,-0.0074
IWM,clean_2d_bear,sma_200,17872,0.0008,-0.0075
IWM,clean_2d_bear,macd,17874,-0.0412,-0.0088
IWM,clean_2d_bear,macd_signal,17874,-0.0346,-0.008
IWM,clean_2d_bear,macd_histogram,17874,-0.0311,-0.0017
IWM,clean_2d_bear,atr_14,17874,-0.0256,-0.0017
IWM,clean_2d_bear,bb_upper,17874,0.0006,-0.0073
IWM,clean_2d_bear,bb_lower,17874,0.0007,-0.0075
IWM,clean_2d_bear,bb_width,17874,-0.006,0.0042
IWM,clean_2d_bear,bb_pct,17874,-0.0153,-0.0026
IWM,clean_2d_bear,obv,17874,-0.0092,-0.0135
IWM,clean_2d_bear,rvol,17874,0.0231,0.0075
IWM,clean_2d_bear,rvol_10,17874,0.0011,0.0088
IWM,clean_2d_bear,vwap,17874,0.0004,-0.0078
IWM,clean_2d_bear,price_vs_vwap,17874,-0.0111,0.0082
IWM,clean_2d_bear,price_vs_ema9,17874,-0.0391,-0.0073
IWM,clean_2d_bear,price_vs_ema20,17874,-0.0516,-0.0071
IWM,clean_2d_bear,consecutive_up,17874,-0.0039,0.0042
IWM,clean_2d_bear,consecutive_down,17874,0.0002,-0.0054
IWM,clean_2d_bear,intraday_return,17874,0.0173,-0.0101
IWM,clean_2d_bear,high_low_spread_pct,17874,-0.0378,0.0058
IWM,clean_2d_bear,vix_close,17874,-0.0423,-0.0103
IWM,clean_2d_bear,total_gex,17856,0.0042,0.0018
IWM,clean_2d_bear,total_vex,17856,0.0032,0.0112
IWM,clean_2d_bear,flip_price,4042,-0.0033,-0.0086
IWM,clean_2d_bear,distance_to_king_pct,17856,-0.0001,0.0008
IWM,clean_2d_bear,distance_to_gate_pct,17440,-0.001,-0.0109
IWM,clean_2u_bull,rsi_9,17553,0.0012,-0.0017
IWM,clean_2u_bull,rsi_14,17553,0.0038,0.0015
IWM,clean_2u_bull,stoch_rsi_k,17553,-0.0092,-0.0075
IWM,clean_2u_bull,stoch_rsi_d,17553,-0.0067,-0.0041
IWM,clean_2u_bull,ema_9,17552,-0.0046,0.0094
IWM,clean_2u_bull,ema_20,17552,-0.0046,0.0094
IWM,clean_2u_bull,ema_50,17552,-0.0046,0.0093
IWM,clean_2u_bull,sma_50,17552,-0.0046,0.0093
IWM,clean_2u_bull,sma_200,17550,-0.0046,0.009
IWM,clean_2u_bull,macd,17552,0.0023,0.0096
IWM,clean_2u_bull,macd_signal,17552,0.0041,0.0113
IWM,clean_2u_bull,macd_histogram,17552,-0.0059,-0.0051
IWM,clean_2u_bull,atr_14,17553,-0.0117,0.0172
IWM,clean_2u_bull,bb_upper,17552,-0.0048,0.0093
IWM,clean_2u_bull,bb_lower,17552,-0.0044,0.0095
IWM,clean_2u_bull,bb_width,17552,-0.0252,0.0115
IWM,clean_2u_bull,bb_pct,17552,0.0029,-0.0019
IWM,clean_2u_bull,obv,17553,-0.0131,-0.0031
IWM,clean_2u_bull,rvol,17553,-0.0011,-0.0231
IWM,clean_2u_bull,rvol_10,17553,0.0003,-0.0249
IWM,clean_2u_bull,vwap,17553,-0.0043,0.0094
IWM,clean_2u_bull,price_vs_vwap,17553,-0.004,0.0164
IWM,clean_2u_bull,price_vs_ema9,17552,-0.0195,0.0035
IWM,clean_2u_bull,price_vs_ema20,17552,-0.0056,0.009
IWM,clean_2u_bull,consecutive_up,17553,0.0077,0.0059
IWM,clean_2u_bull,consecutive_down,17553,-0.0081,-0.0056
IWM,clean_2u_bull,intraday_return,17553,-0.025,0.0
IWM,clean_2u_bull,high_low_spread_pct,17553,-0.011,0.0089
IWM,clean_2u_bull,vix_close,17553,-0.0026,0.0121
IWM,clean_2u_bull,total_gex,17527,0.0024,0.0001
IWM,clean_2u_bull,total_vex,17527,0.0056,-0.0098
IWM,clean_2u_bull,flip_price,3892,-0.0102,-0.0059
IWM,clean_2u_bull,distance_to_king_pct,17527,0.0058,0.0225
IWM,clean_2u_bull,distance_to_gate_pct,17078,-0.0048,0.0167
IWM,f2d_bull_reversal,rsi_9,5973,0.009,0.0102
IWM,f2d_bull_reversal,rsi_14,5973,0.0071,0.0076
IWM,f2d_bull_reversal,stoch_rsi_k,5973,0.0066,0.0079
IWM,f2d_bull_reversal,stoch_rsi_d,5973,0.0045,0.0051
IWM,f2d_bull_reversal,ema_9,5973,-0.0121,-0.009
IWM,f2d_bull_reversal,ema_20,5973,-0.0121,-0.0091
IWM,f2d_bull_reversal,ema_50,5973,-0.0122,-0.0093
IWM,f2d_bull_reversal,sma_50,5973,-0.0121,-0.0092
IWM,f2d_bull_reversal,sma_200,5972,-0.012,-0.0094
IWM,f2d_bull_reversal,macd,5973,0.0144,0.0156
IWM,f2d_bull_reversal,macd_signal,5973,0.008,0.0152
IWM,f2d_bull_reversal,macd_histogram,5973,0.0247,0.0184
IWM,f2d_bull_reversal,atr_14,5973,-0.0049,-0.0113
IWM,f2d_bull_reversal,bb_upper,5973,-0.0121,-0.0092
IWM,f2d_bull_reversal,bb_lower,5973,-0.0123,-0.009
IWM,f2d_bull_reversal,bb_width,5973,0.0051,-0.0165
IWM,f2d_bull_reversal,bb_pct,5973,0.0109,0.0049
IWM,f2d_bull_reversal,obv,5973,0.0015,-0.003
IWM,f2d_bull_reversal,rvol,5973,0.0065,0.0122
IWM,f2d_bull_reversal,rvol_10,5973,-0.0175,0.005
IWM,f2d_bull_reversal,vwap,5973,-0.0121,-0.0093
IWM,f2d_bull_reversal,price_vs_vwap,5973,0.0091,0.0176
IWM,f2d_bull_reversal,price_vs_ema9,5973,0.0356,0.0159
IWM,f2d_bull_reversal,price_vs_ema20,5973,0.0362,0.0127
IWM,f2d_bull_reversal,consecutive_up,5973,0.0043,0.0037
IWM,f2d_bull_reversal,consecutive_down,5973,-0.0139,-0.0154
IWM,f2d_bull_reversal,intraday_return,5973,-0.0142,0.008
IWM,f2d_bull_reversal,high_low_spread_pct,5973,0.0115,0.0016
IWM,f2d_bull_reversal,vix_close,5973,-0.0097,-0.0184
IWM,f2d_bull_reversal,total_gex,5964,0.0205,0.0117
IWM,f2d_bull_reversal,total_vex,5964,0.0143,0.0155
IWM,f2d_bull_reversal,flip_price,1407,0.0035,-0.0123
IWM,f2d_bull_reversal,distance_to_king_pct,5964,-0.0026,-0.0069
IWM,f2d_bull_reversal,distance_to_gate_pct,5829,-0.0057,-0.0049
IWM,f2u_bear_reversal,rsi_9,5893,0.0061,0.0108
IWM,f2u_bear_reversal,rsi_14,5893,0.0087,0.0128
IWM,f2u_bear_reversal,stoch_rsi_k,5892,-0.0197,-0.0113
IWM,f2u_bear_reversal,stoch_rsi_d,5892,-0.0198,-0.0117
IWM,f2u_bear_reversal,ema_9,5892,-0.0174,-0.012
IWM,f2u_bear_reversal,ema_20,5892,-0.0175,-0.0121
IWM,f2u_bear_reversal,ema_50,5892,-0.0177,-0.0124
IWM,f2u_bear_reversal,sma_50,5892,-0.0178,-0.0124
IWM,f2u_bear_reversal,sma_200,5892,-0.0181,-0.0131
IWM,f2u_bear_reversal,macd,5892,0.0345,0.0163
IWM,f2u_bear_reversal,macd_signal,5892,0.0391,0.0189
IWM,f2u_bear_reversal,macd_histogram,5892,-0.0059,-0.0068
IWM,f2u_bear_reversal,atr_14,5893,0.029,-0.003
IWM,f2u_bear_reversal,bb_upper,5892,-0.0173,-0.0121
IWM,f2u_bear_reversal,bb_lower,5892,-0.0178,-0.0122
IWM,f2u_bear_reversal,bb_width,5892,0.0242,-0.0042
IWM,f2u_bear_reversal,bb_pct,5892,-0.0049,0.0044
IWM,f2u_bear_reversal,obv,5893,0.001,-0.0036
IWM,f2u_bear_reversal,rvol,5893,-0.0494,-0.0191
IWM,f2u_bear_reversal,rvol_10,5893,-0.0232,-0.0153
IWM,f2u_bear_reversal,vwap,5893,-0.0181,-0.013
IWM,f2u_bear_reversal,price_vs_vwap,5893,0.0436,0.0203
IWM,f2u_bear_reversal,price_vs_ema9,5892,0.0167,0.0116
IWM,f2u_bear_reversal,price_vs_ema20,5892,0.0313,0.0137
IWM,f2u_bear_reversal,consecutive_up,5893,-0.0111,-0.0008
IWM,f2u_bear_reversal,consecutive_down,5893,-0.0009,0.0002
IWM,f2u_bear_reversal,intraday_return,5893,0.0004,0.0114
IWM,f2u_bear_reversal,high_low_spread_pct,5893,0.0339,-0.004
IWM,f2u_bear_reversal,vix_close,5893,0.0389,0.0101
IWM,f2u_bear_reversal,total_gex,5888,-0.0115,-0.0145
IWM,f2u_bear_reversal,total_vex,5888,-0.0001,-0.0051
IWM,f2u_bear_reversal,flip_price,1307,0.0314,0.0148
IWM,f2u_bear_reversal,distance_to_king_pct,5888,0.0164,0.0276
IWM,f2u_bear_reversal,distance_to_gate_pct,5742,-0.0027,0.0104
IWM,none,rsi_9,206068,-0.0057,-0.0033
IWM,none,rsi_14,206068,-0.0053,-0.0027
IWM,none,stoch_rsi_k,206067,-0.0062,-0.004
IWM,none,stoch_rsi_d,206066,-0.0051,-0.0035
IWM,none,ema_9,206065,-0.0032,-0.0027
IWM,none,ema_20,206063,-0.0032,-0.0028
IWM,none,ema_50,206054,-0.0031,-0.0028
IWM,none,sma_50,206054,-0.0031,-0.0028
IWM,none,sma_200,206026,-0.0031,-0.003
IWM,none,macd,206061,-0.0094,0.0018
IWM,none,macd_signal,206060,-0.0068,0.0023
IWM,none,macd_histogram,206060,-0.0099,-0.0026
IWM,none,atr_14,206068,-0.0067,0.0039
IWM,none,bb_upper,206063,-0.0032,-0.0028
IWM,none,bb_lower,206063,-0.0031,-0.0027
IWM,none,bb_width,206063,-0.0081,0.0018
IWM,none,bb_pct,206063,-0.0056,-0.0046
IWM,none,obv,206068,-0.001,-0.0051
IWM,none,rvol,206068,0.0081,0.0032
IWM,none,rvol_10,206068,-0.0004,0.0024
IWM,none,vwap,206068,-0.0031,-0.0029
IWM,none,price_vs_vwap,206068,-0.0124,0.0093
IWM,none,price_vs_ema9,206065,-0.0237,-0.0007
IWM,none,price_vs_ema20,206063,-0.021,0.0005
IWM,none,consecutive_up,206068,-0.0061,-0.0026
IWM,none,consecutive_down,206068,0.0049,0.0035
IWM,none,intraday_return,206068,-0.0159,0.0009
IWM,none,high_low_spread_pct,206068,-0.0039,0.0045
IWM,none,vix_close,206068,-0.0153,-0.0054
IWM,none,total_gex,205725,-0.0038,-0.0048
IWM,none,total_vex,205725,-0.0003,0.0001
IWM,none,flip_price,46032,0.0148,-0.0016
IWM,none,distance_to_king_pct,205725,0.0004,0.0095
IWM,none,distance_to_gate_pct,200740,-0.0013,0.0042
QQQ,111_inside_compression,rsi_9,1337,-0.0343,-0.0226
QQQ,111_inside_compression,rsi_14,1337,-0.037,-0.0153
QQQ,111_inside_compression,stoch_rsi_k,1337,0.014,-0.0242
QQQ,111_inside_compression,stoch_rsi_d,1337,0.0138,-0.0227
QQQ,111_inside_compression,ema_9,1337,-0.0309,-0.0089
QQQ,111_inside_compression,ema_20,1337,-0.0308,-0.0089
QQQ,111_inside_compression,ema_50,1337,-0.0306,-0.0087
QQQ,111_inside_compression,sma_50,1337,-0.0305,-0.0088
QQQ,111_inside_compression,sma_200,1337,-0.0308,-0.0087
QQQ,111_inside_compression,macd,1337,-0.1159,0.0144
QQQ,111_inside_compression,macd_signal,1337,-0.1357,0.0282
QQQ,111_inside_compression,macd_histogram,1337,0.0019,-0.0327
QQQ,111_inside_compression,atr_14,1337,0.0338,-0.0465
QQQ,111_inside_compression,bb_upper,1337,-0.0306,-0.0089
QQQ,111_inside_compression,bb_lower,1337,-0.0309,-0.0085
QQQ,111_inside_compression,bb_width,1337,0.0482,-0.045
QQQ,111_inside_compression,bb_pct,1337,-0.0309,-0.0174
QQQ,111_inside_compression,obv,1337,-0.0363,0.005
QQQ,111_inside_compression,rvol,1337,-0.0122,0.012
QQQ,111_inside_compression,rvol_10,1337,-0.0122,0.0232
QQQ,111_inside_compression,vwap,1337,-0.0309,-0.0093
QQQ,111_inside_compression,price_vs_vwap,1337,0.0155,0.0625
QQQ,111_inside_compression,price_vs_ema9,1337,-0.048,-0.0364
QQQ,111_inside_compression,price_vs_ema20,1337,-0.0642,-0.026
QQQ,111_inside_compression,consecutive_up,1337,-0.0324,-0.0217
QQQ,111_inside_compression,consecutive_down,1337,0.0449,0.0312
QQQ,111_inside_compression,intraday_return,1337,-0.0614,0.0112
QQQ,111_inside_compression,high_low_spread_pct,1337,0.1069,-0.0153
QQQ,111_inside_compression,vix_close,1337,0.0654,-0.0395
QQQ,111_inside_compression,total_gex,1337,-0.0496,-0.0056
QQQ,111_inside_compression,total_vex,1337,0.0252,0.0131
QQQ,111_inside_compression,flip_price,721,-0.0437,-0.0366
QQQ,111_inside_compression,distance_to_king_pct,1337,-0.0478,-0.0091
QQQ,111_inside_compression,distance_to_gate_pct,1320,-0.0471,-0.0392
QQQ,11_inside_compression,rsi_9,15170,0.0007,-0.0186
QQQ,11_inside_compression,rsi_14,15170,-0.0002,-0.0209
QQQ,11_inside_compression,stoch_rsi_k,15170,0.0001,-0.0066
QQQ,11_inside_compression,stoch_rsi_d,15170,0.0001,-0.0064
QQQ,11_inside_compression,ema_9,15170,0.0065,0.0162
QQQ,11_inside_compression,ema_20,15170,0.0065,0.0162
QQQ,11_inside_compression,ema_50,15169,0.0065,0.0164
QQQ,11_inside_compression,sma_50,15169,0.0066,0.0164
QQQ,11_inside_compression,sma_200,15166,0.0066,0.0163
QQQ,11_inside_compression,macd,15169,-0.0105,-0.0141
QQQ,11_inside_compression,macd_signal,15169,-0.0097,-0.0172
QQQ,11_inside_compression,macd_histogram,15169,-0.0046,-0.0095
QQQ,11_inside_compression,atr_14,15170,0.0196,0.0167
QQQ,11_inside_compression,bb_upper,15170,0.0066,0.0163
QQQ,11_inside_compression,bb_lower,15170,0.0064,0.0162
QQQ,11_inside_compression,bb_width,15170,0.0371,0.0164
QQQ,11_inside_compression,bb_pct,15170,-0.0036,-0.0178
QQQ,11_inside_compression,obv,15170,0.0117,0.0224
QQQ,11_inside_compression,rvol,15170,0.0129,0.0185
QQQ,11_inside_compression,rvol_10,15170,0.0077,0.0137
QQQ,11_inside_compression,vwap,15170,0.0066,0.0164
QQQ,11_inside_compression,price_vs_vwap,15170,-0.0206,-0.0142
QQQ,11_inside_compression,price_vs_ema9,15170,-0.0212,-0.0137
QQQ,11_inside_compression,price_vs_ema20,15170,-0.0172,-0.0144
QQQ,11_inside_compression,consecutive_up,15170,0.0082,0.0042
QQQ,11_inside_compression,consecutive_down,15170,-0.0056,-0.0032
QQQ,11_inside_compression,intraday_return,15170,0.0503,0.0074
QQQ,11_inside_compression,high_low_spread_pct,15170,0.0343,0.0165
QQQ,11_inside_compression,vix_close,15170,0.0068,-0.0058
QQQ,11_inside_compression,total_gex,15150,-0.0153,-0.0006
QQQ,11_inside_compression,total_vex,15150,-0.01,-0.0135
QQQ,11_inside_compression,flip_price,7386,0.0008,0.0138
QQQ,11_inside_compression,distance_to_king_pct,15150,-0.0109,0.0022
QQQ,11_inside_compression,distance_to_gate_pct,14863,-0.0028,-0.0005
QQQ,132_bear_continuation,rsi_9,8010,0.0024,-0.0008
QQQ,132_bear_continuation,rsi_14,8010,0.0044,-0.0007
QQQ,132_bear_continuation,stoch_rsi_k,8010,-0.0064,0.0001
QQQ,132_bear_continuation,stoch_rsi_d,8010,-0.0019,0.0029
QQQ,132_bear_continuation,ema_9,8010,-0.0113,-0.0042
QQQ,132_bear_continuation,ema_20,8010,-0.0113,-0.0042
QQQ,132_bear_continuation,ema_50,8010,-0.0113,-0.0042
QQQ,132_bear_continuation,sma_50,8010,-0.0113,-0.0042
QQQ,132_bear_continuation,sma_200,8009,-0.0112,-0.0041
QQQ,132_bear_continuation,macd,8010,-0.0115,0.006
QQQ,132_bear_continuation,macd_signal,8010,-0.0086,0.0049
QQQ,132_bear_continuation,macd_histogram,8010,-0.0119,-0.005
QQQ,132_bear_continuation,atr_14,8010,0.0621,0.022
QQQ,132_bear_continuation,bb_upper,8010,-0.0111,-0.0041
QQQ,132_bear_continuation,bb_lower,8010,-0.0115,-0.0042
QQQ,132_bear_continuation,bb_width,8010,0.0438,0.0229
QQQ,132_bear_continuation,bb_pct,8010,-0.0017,-0.0023
QQQ,132_bear_continuation,obv,8010,-0.0106,-0.0007
QQQ,132_bear_continuation,rvol,8010,0.0014,0.0111
QQQ,132_bear_continuation,rvol_10,8010,-0.0007,0.0107
QQQ,132_bear_continuation,vwap,8010,-0.0112,-0.0041
QQQ,132_bear_continuation,price_vs_vwap,8010,-0.0203,0.001
QQQ,132_bear_continuation,price_vs_ema9,8010,-0.0506,-0.0099
QQQ,132_bear_continuation,price_vs_ema20,8010,-0.0366,-0.003
QQQ,132_bear_continuation,consecutive_up,8010,-0.0162,-0.0136
QQQ,132_bear_continuation,consecutive_down,8010,0.0159,0.0127
QQQ,132_bear_continuation,intraday_return,8010,-0.0779,-0.0201
QQQ,132_bear_continuation,high_low_spread_pct,8010,0.0802,0.0289
QQQ,132_bear_continuation,vix_close,8010,0.0326,0.0106
QQQ,132_bear_continuation,total_gex,7998,0.0005,-0.001
QQQ,132_bear_continuation,total_vex,7998,0.0112,0.0011
QQQ,132_bear_continuation,flip_price,3508,0.0211,0.0248
QQQ,132_bear_continuation,distance_to_king_pct,7998,0.01,0.0172
QQQ,132_bear_continuation,distance_to_gate_pct,7823,-0.0049,0.0088
QQQ,132_bull_continuation,rsi_9,8083,0.0024,-0.0074
QQQ,132_bull_continuation,rsi_14,8083,0.0037,-0.0084
QQQ,132_bull_continuation,stoch_rsi_k,8083,-0.0058,0.0062
QQQ,132_bull_continuation,stoch_rsi_d,8083,-0.0065,0.0051
QQQ,132_bull_continuation,ema_9,8083,0.0087,0.0137
QQQ,132_bull_continuation,ema_20,8083,0.0086,0.0137
QQQ,132_bull_continuation,ema_50,8083,0.0086,0.0136
QQQ,132_bull_continuation,sma_50,8083,0.0085,0.0137
QQQ,132_bull_continuation,sma_200,8082,0.0088,0.0139
QQQ,132_bull_continuation,macd,8083,0.0382,0.0058
QQQ,132_bull_continuation,macd_signal,8083,0.0328,0.0082
QQQ,132_bull_continuation,macd_histogram,8083,0.0232,0.0021
QQQ,132_bull_continuation,atr_14,8083,0.066,0.0135
QQQ,132_bull_continuation,bb_upper,8083,0.0087,0.0137
QQQ,132_bull_continuation,bb_lower,8083,0.0086,0.0137
QQQ,132_bull_continuation,bb_width,8083,0.0119,0.0122
QQQ,132_bull_continuation,bb_pct,8083,0.0028,-0.0075
QQQ,132_bull_continuation,obv,8083,0.016,0.0159
QQQ,132_bull_continuation,rvol,8083,0.0176,-0.0143
QQQ,132_bull_continuation,rvol_10,8083,0.0034,-0.0181
QQQ,132_bull_continuation,vwap,8083,0.0083,0.0135
QQQ,132_bull_continuation,price_vs_vwap,8083,0.0411,0.0151
QQQ,132_bull_continuation,price_vs_ema9,8083,0.0411,-0.0057
QQQ,132_bull_continuation,price_vs_ema20,8083,0.0431,-0.0048
QQQ,132_bull_continuation,consecutive_up,8083,0.0101,0.0163
QQQ,132_bull_continuation,consecutive_down,8083,-0.0058,-0.0164
QQQ,132_bull_continuation,intraday_return,8083,0.162,0.0025
QQQ,132_bull_continuation,high_low_spread_pct,8083,0.1421,-0.0003
QQQ,132_bull_continuation,vix_close,8083,0.0045,-0.0091
QQQ,132_bull_continuation,total_gex,8071,-0.001,0.0022
QQQ,132_bull_continuation,total_vex,8071,-0.0085,-0.0149
QQQ,132_bull_continuation,flip_price,3643,0.0145,0.0109
QQQ,132_bull_continuation,distance_to_king_pct,8071,-0.0104,0.0017
QQQ,132_bull_continuation,distance_to_gate_pct,7869,0.0051,0.0172
QQQ,212_bear_continuation,rsi_9,22601,-0.004,-0.011
QQQ,212_bear_continuation,rsi_14,22601,-0.0011,-0.0086
QQQ,212_bear_continuation,stoch_rsi_k,22601,-0.015,-0.0117
QQQ,212_bear_continuation,stoch_rsi_d,22601,-0.0116,-0.0073
QQQ,212_bear_continuation,ema_9,22601,0.001,0.0128
QQQ,212_bear_continuation,ema_20,22600,0.001,0.0129
QQQ,212_bear_continuation,ema_50,22600,0.0011,0.0129
QQQ,212_bear_continuation,sma_50,22600,0.0011,0.0129
QQQ,212_bear_continuation,sma_200,22595,0.0012,0.0129
QQQ,212_bear_continuation,macd,22600,-0.0117,-0.0022
QQQ,212_bear_continuation,macd_signal,22600,-0.0127,0.0011
QQQ,212_bear_continuation,macd_histogram,22600,0.0012,-0.0172
QQQ,212_bear_continuation,atr_14,22601,-0.0181,0.0174
QQQ,212_bear_continuation,bb_upper,22600,0.001,0.0129
QQQ,212_bear_continuation,bb_lower,22600,0.0011,0.0129
QQQ,212_bear_continuation,bb_width,22600,-0.0187,0.0201
QQQ,212_bear_continuation,bb_pct,22600,-0.0054,-0.0085
QQQ,212_bear_continuation,obv,22601,-0.0015,0.0153
QQQ,212_bear_continuation,rvol,22601,0.0188,0.011
QQQ,212_bear_continuation,rvol_10,22601,0.0159,0.0125
QQQ,212_bear_continuation,vwap,22601,0.001,0.0127
QQQ,212_bear_continuation,price_vs_vwap,22601,-0.0001,0.014
QQQ,212_bear_continuation,price_vs_ema9,22601,-0.0275,-0.0159
QQQ,212_bear_continuation,price_vs_ema20,22600,-0.0211,-0.0068
QQQ,212_bear_continuation,consecutive_up,22601,-0.0105,-0.0077
QQQ,212_bear_continuation,consecutive_down,22601,0.0072,0.0129
QQQ,212_bear_continuation,intraday_return,22601,-0.0144,-0.0193
QQQ,212_bear_continuation,high_low_spread_pct,22601,-0.0157,0.0151
QQQ,212_bear_continuation,vix_close,22601,-0.0105,-0.0103
QQQ,212_bear_continuation,total_gex,22553,0.007,-0.0003
QQQ,212_bear_continuation,total_vex,22553,-0.0008,-0.0125
QQQ,212_bear_continuation,flip_price,10367,0.0011,0.0053
QQQ,212_bear_continuation,distance_to_king_pct,22553,0.0119,0.0241
QQQ,212_bear_continuation,distance_to_gate_pct,22058,-0.0026,0.0131
QQQ,212_bear_reversal,rsi_9,36112,-0.0019,-0.0089
QQQ,212_bear_reversal,rsi_14,36112,-0.0035,-0.0109
QQQ,212_bear_reversal,stoch_rsi_k,36112,0.0003,-0.0008
QQQ,212_bear_reversal,stoch_rsi_d,36112,-0.0019,-0.0002
QQQ,212_bear_reversal,ema_9,36111,-0.0025,0.001
QQQ,212_bear_reversal,ema_20,36110,-0.0026,0.001
QQQ,212_bear_reversal,ema_50,36107,-0.0026,0.0009
QQQ,212_bear_reversal,sma_50,36107,-0.0026,0.001
QQQ,212_bear_reversal,sma_200,36102,-0.0025,0.0011
QQQ,212_bear_reversal,macd,36110,-0.0054,-0.0083
QQQ,212_bear_reversal,macd_signal,36109,-0.0046,-0.008
QQQ,212_bear_reversal,macd_histogram,36109,-0.0036,0.0024
QQQ,212_bear_reversal,atr_14,36112,0.0009,0.0055
QQQ,212_bear_reversal,bb_upper,36110,-0.0025,0.0009
QQQ,212_bear_reversal,bb_lower,36110,-0.0026,0.001
QQQ,212_bear_reversal,bb_width,36110,0.0053,0.0078
QQQ,212_bear_reversal,bb_pct,36110,-0.0038,-0.0099
QQQ,212_bear_reversal,obv,36112,-0.0003,0.0038
QQQ,212_bear_reversal,rvol,36112,0.0119,0.0102
QQQ,212_bear_reversal,rvol_10,36112,-0.0003,0.0092
QQQ,212_bear_reversal,vwap,36112,-0.0026,0.0009
QQQ,212_bear_reversal,price_vs_vwap,36112,0.0005,0.0083
QQQ,212_bear_reversal,price_vs_ema9,36111,-0.0112,-0.0044
QQQ,212_bear_reversal,price_vs_ema20,36110,-0.0134,-0.008
QQQ,212_bear_reversal,consecutive_up,36112,-0.002,-0.0049
QQQ,212_bear_reversal,consecutive_down,36112,0.0006,0.0063
QQQ,212_bear_reversal,intraday_return,36112,-0.0044,-0.0081
QQQ,212_bear_reversal,high_low_spread_pct,36112,0.012,0.0082
QQQ,212_bear_reversal,vix_close,36112,-0.0059,-0.0037
QQQ,212_bear_reversal,total_gex,36057,0.0031,0.0075
QQQ,212_bear_reversal,total_vex,36057,0.001,-0.0013
QQQ,212_bear_reversal,flip_price,16321,0.0079,0.0113
QQQ,212_bear_reversal,distance_to_king_pct,36057,-0.0051,0.0047
QQQ,212_bear_reversal,distance_to_gate_pct,35204,-0.0,0.0069
QQQ,212_bull_continuation,rsi_9,24190,0.0081,-0.0103
QQQ,212_bull_continuation,rsi_14,24190,0.0079,-0.01
QQQ,212_bull_continuation,stoch_rsi_k,24190,0.0098,0.0012
QQQ,212_bull_continuation,stoch_rsi_d,24190,0.008,-0.0008
QQQ,212_bull_continuation,ema_9,24190,-0.0071,0.001
QQQ,212_bull_continuation,ema_20,24190,-0.0071,0.001
QQQ,212_bull_continuation,ema_50,24189,-0.0071,0.0011
QQQ,212_bull_continuation,sma_50,24189,-0.0071,0.0011
QQQ,212_bull_continuation,sma_200,24186,-0.0071,0.0011
QQQ,212_bull_continuation,macd,24189,-0.0076,-0.0058
QQQ,212_bull_continuation,macd_signal,24189,-0.0068,-0.0074
QQQ,212_bull_continuation,macd_histogram,24189,-0.004,0.003
QQQ,212_bull_continuation,atr_14,24190,-0.0236,0.0017
QQQ,212_bull_continuation,bb_upper,24190,-0.0072,0.001
QQQ,212_bull_continuation,bb_lower,24190,-0.0071,0.0011
QQQ,212_bull_continuation,bb_width,24190,-0.0222,-0.0018
QQQ,212_bull_continuation,bb_pct,24190,0.008,-0.0054
QQQ,212_bull_continuation,obv,24190,-0.0072,0.0044
QQQ,212_bull_continuation,rvol,24190,0.0113,-0.0028
QQQ,212_bull_continuation,rvol_10,24190,0.0022,-0.004
QQQ,212_bull_continuation,vwap,24190,-0.0071,0.0011
QQQ,212_bull_continuation,price_vs_vwap,24190,-0.0034,-0.0044
QQQ,212_bull_continuation,price_vs_ema9,24190,0.0045,-0.0018
QQQ,212_bull_continuation,price_vs_ema20,24190,0.0022,-0.0054
QQQ,212_bull_continuation,consecutive_up,24190,0.0,-0.0071
QQQ,212_bull_continuation,consecutive_down,24190,-0.0039,0.0113
QQQ,212_bull_continuation,intraday_return,24190,0.0086,-0.0021
QQQ,212_bull_continuation,high_low_spread_pct,24190,-0.0185,-0.002
QQQ,212_bull_continuation,vix_close,24190,-0.017,-0.0116
QQQ,212_bull_continuation,total_gex,24141,0.0021,0.0047
QQQ,212_bull_continuation,total_vex,24141,0.0087,0.0024
QQQ,212_bull_continuation,flip_price,11213,-0.0095,-0.0003
QQQ,212_bull_continuation,distance_to_king_pct,24141,-0.0123,-0.0033
QQQ,212_bull_continuation,distance_to_gate_pct,23615,-0.0037,0.0091
QQQ,212_bull_reversal,rsi_9,35958,-0.008,-0.0178
QQQ,212_bull_reversal,rsi_14,35958,-0.009,-0.0214
QQQ,212_bull_reversal,stoch_rsi_k,35958,-0.0037,0.0019
QQQ,212_bull_reversal,stoch_rsi_d,35958,-0.0035,0.0009
QQQ,212_bull_reversal,ema_9,35958,-0.0039,-0.0023
QQQ,212_bull_reversal,ema_20,35957,-0.0039,-0.0022
QQQ,212_bull_reversal,ema_50,35957,-0.0039,-0.0022
QQQ,212_bull_reversal,sma_50,35957,-0.0039,-0.0022
QQQ,212_bull_reversal,sma_200,35952,-0.0037,-0.0022
QQQ,212_bull_reversal,macd,35957,-0.0072,-0.0238
QQQ,212_bull_reversal,macd_signal,35957,-0.0055,-0.024
QQQ,212_bull_reversal,macd_histogram,35957,-0.007,0.0002
QQQ,212_bull_reversal,atr_14,35958,0.0272,0.0095
QQQ,212_bull_reversal,bb_upper,35957,-0.0038,-0.0022
QQQ,212_bull_reversal,bb_lower,35957,-0.004,-0.0022
QQQ,212_bull_reversal,bb_width,35957,0.0146,0.0076
QQQ,212_bull_reversal,bb_pct,35957,-0.0078,-0.0157
QQQ,212_bull_reversal,obv,35958,-0.0016,-0.0009
QQQ,212_bull_reversal,rvol,35958,0.0138,0.0095
QQQ,212_bull_reversal,rvol_10,35958,0.0124,0.0096
QQQ,212_bull_reversal,vwap,35958,-0.0038,-0.0023
QQQ,212_bull_reversal,price_vs_vwap,35958,-0.0139,-0.007
QQQ,212_bull_reversal,price_vs_ema9,35958,-0.0209,-0.0081
QQQ,212_bull_reversal,price_vs_ema20,35957,-0.0193,-0.0158
QQQ,212_bull_reversal,consecutive_up,35958,-0.0119,-0.0115
QQQ,212_bull_reversal,consecutive_down,35958,0.012,0.0127
QQQ,212_bull_reversal,intraday_return,35958,-0.003,0.0026
QQQ,212_bull_reversal,high_low_spread_pct,35958,0.043,0.0203
QQQ,212_bull_reversal,vix_close,35958,-0.0001,-0.004
QQQ,212_bull_reversal,total_gex,35895,0.0034,-0.0008
QQQ,212_bull_reversal,total_vex,35895,0.0044,0.0024
QQQ,212_bull_reversal,flip_price,16332,0.0135,0.0121
QQQ,212_bull_reversal,distance_to_king_pct,35895,-0.0066,0.0053
QQQ,212_bull_reversal,distance_to_gate_pct,35096,-0.0054,0.0064
QQQ,22_bear_continuation,rsi_9,153752,-0.0122,-0.0185
QQQ,22_bear_continuation,rsi_14,153752,-0.0105,-0.0156
QQQ,22_bear_continuation,stoch_rsi_k,153752,-0.011,-0.0163
QQQ,22_bear_continuation,stoch_rsi_d,153752,-0.0123,-0.0159
QQQ,22_bear_continuation,ema_9,153752,-0.0033,-0.001
QQQ,22_bear_continuation,ema_20,153748,-0.0033,-0.001
QQQ,22_bear_continuation,ema_50,153744,-0.0033,-0.0011
QQQ,22_bear_continuation,sma_50,153744,-0.0033,-0.001
QQQ,22_bear_continuation,sma_200,153723,-0.0032,-0.0011
QQQ,22_bear_continuation,macd,153748,-0.019,-0.0061
QQQ,22_bear_continuation,macd_signal,153745,-0.0115,-0.0017
QQQ,22_bear_continuation,macd_histogram,153745,-0.0285,-0.0198
QQQ,22_bear_continuation,atr_14,153752,0.0156,0.0057
QQQ,22_bear_continuation,bb_upper,153748,-0.0031,-0.001
QQQ,22_bear_continuation,bb_lower,153748,-0.0034,-0.001
QQQ,22_bear_continuation,bb_width,153748,0.0231,0.0117
QQQ,22_bear_continuation,bb_pct,153748,-0.0108,-0.0167
QQQ,22_bear_continuation,obv,153752,0.0004,0.0042
QQQ,22_bear_continuation,rvol,153752,0.0147,0.0178
QQQ,22_bear_continuation,rvol_10,153752,0.0009,0.0172
QQQ,22_bear_continuation,vwap,153752,-0.0032,-0.0011
QQQ,22_bear_continuation,price_vs_vwap,153752,-0.0203,0.0052
QQQ,22_bear_continuation,price_vs_ema9,153752,-0.0482,-0.0188
QQQ,22_bear_continuation,price_vs_ema20,153748,-0.0478,-0.0151
QQQ,22_bear_continuation,consecutive_up,153752,-0.0081,-0.0062
QQQ,22_bear_continuation,consecutive_down,153752,0.0107,0.01
QQQ,22_bear_continuation,intraday_return,153752,-0.0258,-0.0116
QQQ,22_bear_continuation,high_low_spread_pct,153752,0.0227,0.0139
QQQ,22_bear_continuation,vix_close,153752,0.0119,-0.0098
QQQ,22_bear_continuation,total_gex,153534,-0.0037,0.0056
QQQ,22_bear_continuation,total_vex,153534,0.0015,0.0003
QQQ,22_bear_continuation,flip_price,67569,0.0025,0.0053
QQQ,22_bear_continuation,distance_to_king_pct,153534,-0.0032,0.003
QQQ,22_bear_continuation,distance_to_gate_pct,149720,-0.0031,0.0064
QQQ,22_bear_reversal,rsi_9,110313,-0.0037,-0.0087
QQQ,22_bear_reversal,rsi_14,110313,-0.0021,-0.008
QQQ,22_bear_reversal,stoch_rsi_k,110313,-0.005,-0.0062
QQQ,22_bear_reversal,stoch_rsi_d,110313,-0.0044,-0.0057
QQQ,22_bear_reversal,ema_9,110313,0.0011,0.0048
QQQ,22_bear_reversal,ema_20,110313,0.0011,0.0048
QQQ,22_bear_reversal,ema_50,110311,0.0012,0.0048
QQQ,22_bear_reversal,sma_50,110311,0.0012,0.0048
QQQ,22_bear_reversal,sma_200,110297,0.0012,0.0047
QQQ,22_bear_reversal,macd,110313,-0.0062,-0.0033
QQQ,22_bear_reversal,macd_signal,110313,-0.0038,-0.0009
QQQ,22_bear_reversal,macd_histogram,110313,-0.0088,-0.0083
QQQ,22_bear_reversal,atr_14,110313,-0.0012,0.0064
QQQ,22_bear_reversal,bb_upper,110313,0.0012,0.0048
QQQ,22_bear_reversal,bb_lower,110313,0.0012,0.0048
QQQ,22_bear_reversal,bb_width,110313,0.0006,0.0093
QQQ,22_bear_reversal,bb_pct,110313,-0.0061,-0.0095
QQQ,22_bear_reversal,obv,110313,0.0036,0.0076
QQQ,22_bear_reversal,rvol,110313,0.0121,0.0099
QQQ,22_bear_reversal,rvol_10,110313,0.0044,0.0101
QQQ,22_bear_reversal,vwap,110313,0.0012,0.0048
QQQ,22_bear_reversal,price_vs_vwap,110313,-0.0087,0.0026
QQQ,22_bear_reversal,price_vs_ema9,110313,-0.0167,-0.0065
QQQ,22_bear_reversal,price_vs_ema20,110313,-0.0158,-0.0064
QQQ,22_bear_reversal,consecutive_up,110313,-0.0021,-0.0032
QQQ,22_bear_reversal,consecutive_down,110313,0.0021,0.0056
QQQ,22_bear_reversal,intraday_return,110313,0.0065,-0.0016
QQQ,22_bear_reversal,high_low_spread_pct,110313,0.0066,0.0056
QQQ,22_bear_reversal,vix_close,110313,-0.0087,-0.0099
QQQ,22_bear_reversal,total_gex,110126,-0.0012,0.0023
QQQ,22_bear_reversal,total_vex,110126,-0.0024,-0.0057
QQQ,22_bear_reversal,flip_price,49443,0.01,0.0121
QQQ,22_bear_reversal,distance_to_king_pct,110126,-0.005,0.0071
QQQ,22_bear_reversal,distance_to_gate_pct,107385,-0.0033,0.0072
QQQ,22_bull_continuation,rsi_9,166458,0.0027,-0.0071
QQQ,22_bull_continuation,rsi_14,166458,0.0042,-0.0072
QQQ,22_bull_continuation,stoch_rsi_k,166458,-0.0005,-0.003
QQQ,22_bull_continuation,stoch_rsi_d,166458,-0.0009,-0.0038
QQQ,22_bull_continuation,ema_9,166456,0.0049,0.0061
QQQ,22_bull_continuation,ema_20,166455,0.0049,0.0061
QQQ,22_bull_continuation,ema_50,166451,0.0049,0.0061
QQQ,22_bull_continuation,sma_50,166451,0.0049,0.0061
QQQ,22_bull_continuation,sma_200,166425,0.0049,0.006
QQQ,22_bull_continuation,macd,166454,-0.0195,-0.0044
QQQ,22_bull_continuation,macd_signal,166453,-0.0126,-0.0045
QQQ,22_bull_continuation,macd_histogram,166453,-0.0246,-0.0039
QQQ,22_bull_continuation,atr_14,166458,-0.0147,0.0052
QQQ,22_bull_continuation,bb_upper,166455,0.0049,0.0061
QQQ,22_bull_continuation,bb_lower,166455,0.005,0.0062
QQQ,22_bull_continuation,bb_width,166455,-0.0132,0.0016
QQQ,22_bull_continuation,bb_pct,166455,0.0011,-0.0065
QQQ,22_bull_continuation,obv,166458,0.0062,0.0089
QQQ,22_bull_continuation,rvol,166458,0.0089,-0.006
QQQ,22_bull_continuation,rvol_10,166458,0.0053,-0.0062
QQQ,22_bull_continuation,vwap,166458,0.0049,0.0061
QQQ,22_bull_continuation,price_vs_vwap,166458,-0.0082,0.0034
QQQ,22_bull_continuation,price_vs_ema9,166456,-0.0377,-0.0035
QQQ,22_bull_continuation,price_vs_ema20,166455,-0.0388,-0.0047
QQQ,22_bull_continuation,consecutive_up,166458,-0.0008,-0.0014
QQQ,22_bull_continuation,consecutive_down,166458,0.0004,0.0027
QQQ,22_bull_continuation,intraday_return,166458,-0.0178,-0.0028
QQQ,22_bull_continuation,high_low_spread_pct,166458,-0.0261,-0.0012
QQQ,22_bull_continuation,vix_close,166458,-0.0258,-0.0132
QQQ,22_bull_continuation,total_gex,166198,-0.0012,0.0067
QQQ,22_bull_continuation,total_vex,166198,-0.0057,-0.0053
QQQ,22_bull_continuation,flip_price,75506,0.0076,0.0131
QQQ,22_bull_continuation,distance_to_king_pct,166198,-0.0065,0.0034
QQQ,22_bull_continuation,distance_to_gate_pct,162141,-0.0009,0.0092
QQQ,22_bull_reversal,rsi_9,110537,-0.0019,-0.0063
QQQ,22_bull_reversal,rsi_14,110537,-0.0006,-0.0058
QQQ,22_bull_reversal,stoch_rsi_k,110537,-0.0043,-0.0035
QQQ,22_bull_reversal,stoch_rsi_d,110536,-0.0031,-0.0026
QQQ,22_bull_reversal,ema_9,110535,0.0026,0.005
QQQ,22_bull_reversal,ema_20,110535,0.0026,0.005
QQQ,22_bull_reversal,ema_50,110531,0.0026,0.005
QQQ,22_bull_reversal,sma_50,110531,0.0026,0.005
QQQ,22_bull_reversal,sma_200,110514,0.0025,0.0049
QQQ,22_bull_reversal,macd,110535,-0.0067,-0.0031
QQQ,22_bull_reversal,macd_signal,110534,-0.0019,-0.0006
QQQ,22_bull_reversal,macd_histogram,110534,-0.0168,-0.0085
QQQ,22_bull_reversal,atr_14,110537,-0.0067,0.009
QQQ,22_bull_reversal,bb_upper,110535,0.0025,0.005
QQQ,22_bull_reversal,bb_lower,110535,0.0026,0.0051
QQQ,22_bull_reversal,bb_width,110535,-0.0109,0.0068
QQQ,22_bull_reversal,bb_pct,110535,-0.0058,-0.0082
QQQ,22_bull_reversal,obv,110537,0.0034,0.008
QQQ,22_bull_reversal,rvol,110537,0.0048,0.0027
QQQ,22_bull_reversal,rvol_10,110537,0.0056,0.0035
QQQ,22_bull_reversal,vwap,110537,0.0025,0.0049
QQQ,22_bull_reversal,price_vs_vwap,110537,-0.0046,0.0095
QQQ,22_bull_reversal,price_vs_ema9,110535,-0.0346,-0.0028
QQQ,22_bull_reversal,price_vs_ema20,110535,-0.0304,-0.004
QQQ,22_bull_reversal,consecutive_up,110537,-0.0077,-0.0083
QQQ,22_bull_reversal,consecutive_down,110537,0.0091,0.0106
QQQ,22_bull_reversal,intraday_return,110537,-0.0336,0.0026
QQQ,22_bull_reversal,high_low_spread_pct,110537,-0.0288,0.0091
QQQ,22_bull_reversal,vix_close,110537,-0.0134,-0.0048
QQQ,22_bull_reversal,total_gex,110350,0.0001,0.005
QQQ,22_bull_reversal,total_vex,110350,-0.0034,-0.005
QQQ,22_bull_reversal,flip_price,49544,0.0075,0.013
QQQ,22_bull_reversal,distance_to_king_pct,110350,-0.0002,0.0103
QQQ,22_bull_reversal,distance_to_gate_pct,107603,-0.0005,0.0095
QQQ,312_bear_reversal,rsi_9,6747,-0.006,-0.0221
QQQ,312_bear_reversal,rsi_14,6747,-0.0016,-0.018
QQQ,312_bear_reversal,stoch_rsi_k,6747,-0.0121,-0.0218
QQQ,312_bear_reversal,stoch_rsi_d,6747,-0.0105,-0.0208
QQQ,312_bear_reversal,ema_9,6747,-0.0025,0.0005
QQQ,312_bear_reversal,ema_20,6747,-0.0025,0.0005
QQQ,312_bear_reversal,ema_50,6747,-0.0025,0.0005
QQQ,312_bear_reversal,sma_50,6747,-0.0025,0.0005
QQQ,312_bear_reversal,sma_200,6744,-0.0029,0.0002
QQQ,312_bear_reversal,macd,6747,0.0007,-0.0103
QQQ,312_bear_reversal,macd_signal,6747,0.008,-0.0042
QQQ,312_bear_reversal,macd_histogram,6747,-0.0276,-0.018
QQQ,312_bear_reversal,atr_14,6747,-0.0192,0.0156
QQQ,312_bear_reversal,bb_upper,6747,-0.0025,0.0006
QQQ,312_bear_reversal,bb_lower,6747,-0.0025,0.0006
QQQ,312_bear_reversal,bb_width,6747,-0.0149,0.0207
QQQ,312_bear_reversal,bb_pct,6747,-0.0086,-0.0252
QQQ,312_bear_reversal,obv,6747,0.0003,0.0035
QQQ,312_bear_reversal,rvol,6747,-0.0058,0.0125
QQQ,312_bear_reversal,rvol_10,6747,-0.0108,0.02
QQQ,312_bear_reversal,vwap,6747,-0.0024,0.0007
QQQ,312_bear_reversal,price_vs_vwap,6747,-0.0116,-0.014
QQQ,312_bear_reversal,price_vs_ema9,6747,-0.0287,-0.0381
QQQ,312_bear_reversal,price_vs_ema20,6747,-0.0201,-0.0313
QQQ,312_bear_reversal,consecutive_up,6747,-0.0145,-0.0174
QQQ,312_bear_reversal,consecutive_down,6747,0.0179,0.0194
QQQ,312_bear_reversal,intraday_return,6747,-0.0067,-0.024
QQQ,312_bear_reversal,high_low_spread_pct,6747,-0.0042,0.0173
QQQ,312_bear_reversal,vix_close,6747,-0.0015,-0.0013
QQQ,312_bear_reversal,total_gex,6737,0.0075,0.0173
QQQ,312_bear_reversal,total_vex,6737,0.0004,-0.0017
QQQ,312_bear_reversal,flip_price,3052,0.0119,0.0253
QQQ,312_bear_reversal,distance_to_king_pct,6737,0.0093,0.0099
QQQ,312_bear_reversal,distance_to_gate_pct,6579,-0.0003,-0.0035
QQQ,312_bull_reversal,rsi_9,9549,-0.0195,-0.0195
QQQ,312_bull_reversal,rsi_14,9549,-0.0195,-0.0199
QQQ,312_bull_reversal,stoch_rsi_k,9549,-0.0132,-0.002
QQQ,312_bull_reversal,stoch_rsi_d,9549,-0.0165,-0.0033
QQQ,312_bull_reversal,ema_9,9549,0.0056,0.0067
QQQ,312_bull_reversal,ema_20,9549,0.0056,0.0067
QQQ,312_bull_reversal,ema_50,9548,0.0057,0.0069
QQQ,312_bull_reversal,sma_50,9548,0.0057,0.0069
QQQ,312_bull_reversal,sma_200,9546,0.0059,0.0073
QQQ,312_bull_reversal,macd,9549,-0.0154,-0.0197
QQQ,312_bull_reversal,macd_signal,9549,-0.0095,-0.0194
QQQ,312_bull_reversal,macd_histogram,9549,-0.0226,-0.0057
QQQ,312_bull_reversal,atr_14,9549,-0.0113,-0.0042
QQQ,312_bull_reversal,bb_upper,9549,0.0056,0.0067
QQQ,312_bull_reversal,bb_lower,9549,0.0056,0.0067
QQQ,312_bull_reversal,bb_width,9549,-0.0015,-0.0034
QQQ,312_bull_reversal,bb_pct,9549,-0.0219,-0.02
QQQ,312_bull_reversal,obv,9549,0.0104,0.018
QQQ,312_bull_reversal,rvol,9549,-0.0328,-0.0114
QQQ,312_bull_reversal,rvol_10,9549,-0.0631,-0.015
QQQ,312_bull_reversal,vwap,9549,0.0056,0.0066
QQQ,312_bull_reversal,price_vs_vwap,9549,-0.0133,-0.0114
QQQ,312_bull_reversal,price_vs_ema9,9549,-0.0479,-0.0242
QQQ,312_bull_reversal,price_vs_ema20,9549,-0.0394,-0.0234
QQQ,312_bull_reversal,consecutive_up,9549,0.0032,-0.0026
QQQ,312_bull_reversal,consecutive_down,9549,-0.0019,0.002
QQQ,312_bull_reversal,intraday_return,9549,-0.0299,-0.009
QQQ,312_bull_reversal,high_low_spread_pct,9549,-0.0059,-0.0137
QQQ,312_bull_reversal,vix_close,9549,-0.031,-0.0159
QQQ,312_bull_reversal,total_gex,9535,-0.0007,0.012
QQQ,312_bull_reversal,total_vex,9535,-0.0039,-0.0026
QQQ,312_bull_reversal,flip_price,4332,0.0004,0.0052
QQQ,312_bull_reversal,distance_to_king_pct,9535,-0.0125,0.0019
QQQ,312_bull_reversal,distance_to_gate_pct,9307,-0.0114,-0.0091
QQQ,322_bear_continuation,rsi_9,12541,-0.0162,-0.0122
QQQ,322_bear_continuation,rsi_14,12541,-0.0161,-0.0144
QQQ,322_bear_continuation,stoch_rsi_k,12541,-0.0152,-0.0092
QQQ,322_bear_continuation,stoch_rsi_d,12541,-0.0235,-0.0153
QQQ,322_bear_continuation,ema_9,12541,-0.0011,0.0035
QQQ,322_bear_continuation,ema_20,12541,-0.0011,0.0035
QQQ,322_bear_continuation,ema_50,12541,-0.001,0.0036
QQQ,322_bear_continuation,sma_50,12541,-0.001,0.0036
QQQ,322_bear_continuation,sma_200,12538,-0.0008,0.0036
QQQ,322_bear_continuation,macd,12541,-0.0296,-0.0156
QQQ,322_bear_continuation,macd_signal,12541,-0.0199,-0.0107
QQQ,322_bear_continuation,macd_histogram,12541,-0.0373,-0.0231
QQQ,322_bear_continuation,atr_14,12541,0.0337,0.0185
QQQ,322_bear_continuation,bb_upper,12541,-0.001,0.0037
QQQ,322_bear_continuation,bb_lower,12541,-0.0012,0.0035
QQQ,322_bear_continuation,bb_width,12541,0.0269,0.0202
QQQ,322_bear_continuation,bb_pct,12541,-0.0187,-0.0094
QQQ,322_bear_continuation,obv,12541,0.0024,0.0128
QQQ,322_bear_continuation,rvol,12541,0.0136,0.0028
QQQ,322_bear_continuation,rvol_10,12541,0.0141,-0.0011
QQQ,322_bear_continuation,vwap,12541,-0.001,0.0036
QQQ,322_bear_continuation,price_vs_vwap,12541,-0.0258,-0.0
QQQ,322_bear_continuation,price_vs_ema9,12541,-0.0716,-0.0092
QQQ,322_bear_continuation,price_vs_ema20,12541,-0.0636,-0.0135
QQQ,322_bear_continuation,consecutive_up,12541,0.0017,0.0083
QQQ,322_bear_continuation,consecutive_down,12541,0.0065,-0.0009
QQQ,322_bear_continuation,intraday_return,12541,-0.0376,0.0013
QQQ,322_bear_continuation,high_low_spread_pct,12541,0.0397,0.0189
QQQ,322_bear_continuation,vix_close,12541,0.0267,-0.004
QQQ,322_bear_continuation,total_gex,12524,0.0095,0.011
QQQ,322_bear_continuation,total_vex,12524,0.0024,-0.0033
QQQ,322_bear_continuation,flip_price,5356,0.0168,0.0192
QQQ,322_bear_continuation,distance_to_king_pct,12524,0.0052,0.0133
QQQ,322_bear_continuation,distance_to_gate_pct,12211,-0.0032,0.0158
QQQ,322_bull_continuation,rsi_9,13284,-0.0157,-0.0131
QQQ,322_bull_continuation,rsi_14,13284,-0.012,-0.0107
QQQ,322_bull_continuation,stoch_rsi_k,13284,-0.0195,-0.0157
QQQ,322_bull_continuation,stoch_rsi_d,13284,-0.02,-0.0117
QQQ,322_bull_continuation,ema_9,13284,-0.0012,0.0061
QQQ,322_bull_continuation,ema_20,13284,-0.0011,0.0061
QQQ,322_bull_continuation,ema_50,13284,-0.0011,0.0061
QQQ,322_bull_continuation,sma_50,13284,-0.0011,0.0061
QQQ,322_bull_continuation,sma_200,13283,-0.0012,0.0059
QQQ,322_bull_continuation,macd,13284,-0.0216,-0.0061
QQQ,322_bull_continuation,macd_signal,13284,-0.018,-0.0012
QQQ,322_bull_continuation,macd_histogram,13284,-0.0137,-0.0071
QQQ,322_bull_continuation,atr_14,13284,-0.0145,0.0103
QQQ,322_bull_continuation,bb_upper,13284,-0.0013,0.0061
QQQ,322_bull_continuation,bb_lower,13284,-0.001,0.0062
QQQ,322_bull_continuation,bb_width,13284,-0.0236,0.0044
QQQ,322_bull_continuation,bb_pct,13284,-0.0158,-0.0153
QQQ,322_bull_continuation,obv,13284,-0.0023,0.0076
QQQ,322_bull_continuation,rvol,13284,0.005,-0.0084
QQQ,322_bull_continuation,rvol_10,13284,0.0105,-0.007
QQQ,322_bull_continuation,vwap,13284,-0.0012,0.0062
QQQ,322_bull_continuation,price_vs_vwap,13284,-0.024,-0.0018
QQQ,322_bull_continuation,price_vs_ema9,13284,-0.0289,-0.0013
QQQ,322_bull_continuation,price_vs_ema20,13284,-0.0422,0.0007
QQQ,322_bull_continuation,consecutive_up,13284,-0.013,-0.0165
QQQ,322_bull_continuation,consecutive_down,13284,0.0158,0.0193
QQQ,322_bull_continuation,intraday_return,13284,0.0288,-0.0033
QQQ,322_bull_continuation,high_low_spread_pct,13284,-0.0106,0.0075
QQQ,322_bull_continuation,vix_close,13284,-0.035,-0.0174
QQQ,322_bull_continuation,total_gex,13272,-0.0021,-0.0007
QQQ,322_bull_continuation,total_vex,13272,0.003,-0.0038
QQQ,322_bull_continuation,flip_price,5894,-0.0071,0.0061
QQQ,322_bull_continuation,distance_to_king_pct,13272,-0.0129,-0.006
QQQ,322_bull_continuation,distance_to_gate_pct,12929,0.008,0.0116
QQQ,32_bear_reversal,rsi_9,3122,-0.0503,-0.0321
QQQ,32_bear_reversal,rsi_14,3122,-0.0476,-0.0231
QQQ,32_bear_reversal,stoch_rsi_k,3122,-0.0344,-0.0337
QQQ,32_bear_reversal,stoch_rsi_d,3122,-0.0331,-0.0361
QQQ,32_bear_reversal,ema_9,3122,-0.0072,-0.0017
QQQ,32_bear_reversal,ema_20,3122,-0.0071,-0.0016
QQQ,32_bear_reversal,ema_50,3122,-0.007,-0.0017
QQQ,32_bear_reversal,sma_50,3122,-0.007,-0.0017
QQQ,32_bear_reversal,sma_200,3121,-0.0069,-0.0024
QQQ,32_bear_reversal,macd,3122,-0.0409,-0.0082
QQQ,32_bear_reversal,macd_signal,3122,-0.0279,0.0067
QQQ,32_bear_reversal,macd_histogram,3122,-0.0455,-0.054
QQQ,32_bear_reversal,atr_14,3122,0.0245,0.0181
QQQ,32_bear_reversal,bb_upper,3122,-0.0069,-0.0015
QQQ,32_bear_reversal,bb_lower,3122,-0.0072,-0.0017
QQQ,32_bear_reversal,bb_width,3122,0.0314,0.0175
QQQ,32_bear_reversal,bb_pct,3122,-0.0532,-0.0307
QQQ,32_bear_reversal,obv,3122,0.012,0.0127
QQQ,32_bear_reversal,rvol,3122,0.0275,0.0189
QQQ,32_bear_reversal,rvol_10,3122,0.0136,0.0177
QQQ,32_bear_reversal,vwap,3122,-0.0068,-0.0017
QQQ,32_bear_reversal,price_vs_vwap,3122,-0.0549,-0.0143
QQQ,32_bear_reversal,price_vs_ema9,3122,-0.0859,-0.0308
QQQ,32_bear_reversal,price_vs_ema20,3122,-0.0795,-0.0277
QQQ,32_bear_reversal,consecutive_up,3122,0.0011,0.0255
QQQ,32_bear_reversal,consecutive_down,3122,0.0005,-0.0148
QQQ,32_bear_reversal,intraday_return,3122,-0.023,-0.0017
QQQ,32_bear_reversal,high_low_spread_pct,3122,0.0493,0.0193
QQQ,32_bear_reversal,vix_close,3122,0.0418,-0.0167
QQQ,32_bear_reversal,total_gex,3118,0.0272,0.0218
QQQ,32_bear_reversal,total_vex,3118,0.0101,0.0017
QQQ,32_bear_reversal,flip_price,1341,0.0537,0.0682
QQQ,32_bear_reversal,distance_to_king_pct,3118,0.0005,0.0031
QQQ,32_bear_reversal,distance_to_gate_pct,3033,-0.0363,-0.0246
QQQ,32_bull_reversal,rsi_9,3627,0.0164,0.0175
QQQ,32_bull_reversal,rsi_14,3627,0.0183,0.0151
QQQ,32_bull_reversal,stoch_rsi_k,3627,0.0126,0.0173
QQQ,32_bull_reversal,stoch_rsi_d,3627,0.0122,0.0133
QQQ,32_bull_reversal,ema_9,3627,-0.0191,-0.0118
QQQ,32_bull_reversal,ema_20,3627,-0.0191,-0.0118
QQQ,32_bull_reversal,ema_50,3627,-0.0191,-0.0118
QQQ,32_bull_reversal,sma_50,3627,-0.0191,-0.0118
QQQ,32_bull_reversal,sma_200,3627,-0.0192,-0.012
QQQ,32_bull_reversal,macd,3627,-0.0044,0.0055
QQQ,32_bull_reversal,macd_signal,3627,-0.0119,0.0013
QQQ,32_bull_reversal,macd_histogram,3627,0.0248,0.0182
QQQ,32_bull_reversal,atr_14,3627,-0.0032,-0.0143
QQQ,32_bull_reversal,bb_upper,3627,-0.0191,-0.0118
QQQ,32_bull_reversal,bb_lower,3627,-0.0192,-0.0118
QQQ,32_bull_reversal,bb_width,3627,0.0002,-0.0134
QQQ,32_bull_reversal,bb_pct,3627,0.0289,0.0225
QQQ,32_bull_reversal,obv,3627,-0.0194,-0.0078
QQQ,32_bull_reversal,rvol,3627,0.0497,0.0199
QQQ,32_bull_reversal,rvol_10,3627,0.0203,0.0292
QQQ,32_bull_reversal,vwap,3627,-0.0193,-0.0118
QQQ,32_bull_reversal,price_vs_vwap,3627,0.0166,0.008
QQQ,32_bull_reversal,price_vs_ema9,3627,0.0133,0.0306
QQQ,32_bull_reversal,price_vs_ema20,3627,0.0117,0.0204
QQQ,32_bull_reversal,consecutive_up,3627,-0.0061,0.0129
QQQ,32_bull_reversal,consecutive_down,3627,0.0013,-0.0084
QQQ,32_bull_reversal,intraday_return,3627,0.0371,0.0142
QQQ,32_bull_reversal,high_low_spread_pct,3627,0.0036,-0.0046
QQQ,32_bull_reversal,vix_close,3627,-0.0278,-0.0196
QQQ,32_bull_reversal,total_gex,3625,0.0353,0.0256
QQQ,32_bull_reversal,total_vex,3625,0.0235,0.0162
QQQ,32_bull_reversal,flip_price,1566,-0.0071,-0.0055
QQQ,32_bull_reversal,distance_to_king_pct,3625,-0.01,-0.0026
QQQ,32_bull_reversal,distance_to_gate_pct,3531,-0.0164,-0.0209
QQQ,clean_2d_bear,rsi_9,17620,-0.021,-0.0191
QQQ,clean_2d_bear,rsi_14,17620,-0.0221,-0.0195
QQQ,clean_2d_bear,stoch_rsi_k,17619,-0.0149,-0.012
QQQ,clean_2d_bear,stoch_rsi_d,17619,-0.018,-0.0141
QQQ,clean_2d_bear,ema_9,17619,-0.008,-0.0053
QQQ,clean_2d_bear,ema_20,17619,-0.008,-0.0052
QQQ,clean_2d_bear,ema_50,17618,-0.0078,-0.0051
QQQ,clean_2d_bear,sma_50,17618,-0.0078,-0.0051
QQQ,clean_2d_bear,sma_200,17617,-0.0076,-0.0049
QQQ,clean_2d_bear,macd,17619,-0.0282,-0.0126
QQQ,clean_2d_bear,macd_signal,17619,-0.0221,-0.0104
QQQ,clean_2d_bear,macd_histogram,17619,-0.0248,-0.0128
QQQ,clean_2d_bear,atr_14,17620,-0.0034,0.007
QQQ,clean_2d_bear,bb_upper,17619,-0.0079,-0.0052
QQQ,clean_2d_bear,bb_lower,17619,-0.008,-0.0053
QQQ,clean_2d_bear,bb_width,17619,0.0054,0.0122
QQQ,clean_2d_bear,bb_pct,17619,-0.0174,-0.0147
QQQ,clean_2d_bear,obv,17620,-0.0095,0.0028
QQQ,clean_2d_bear,rvol,17620,0.0098,0.0121
QQQ,clean_2d_bear,rvol_10,17620,0.0028,0.0127
QQQ,clean_2d_bear,vwap,17620,-0.0078,-0.0053
QQQ,clean_2d_bear,price_vs_vwap,17620,-0.027,-0.0051
QQQ,clean_2d_bear,price_vs_ema9,17619,-0.0383,-0.019
QQQ,clean_2d_bear,price_vs_ema20,17619,-0.0396,-0.0191
QQQ,clean_2d_bear,consecutive_up,17620,-0.0059,0.0013
QQQ,clean_2d_bear,consecutive_down,17620,0.0055,0.0046
QQQ,clean_2d_bear,intraday_return,17620,-0.0041,-0.016
QQQ,clean_2d_bear,high_low_spread_pct,17620,-0.0,0.0214
QQQ,clean_2d_bear,vix_close,17620,-0.0008,-0.0044
QQQ,clean_2d_bear,total_gex,17593,-0.0065,0.0041
QQQ,clean_2d_bear,total_vex,17593,0.0086,0.0057
QQQ,clean_2d_bear,flip_price,7990,-0.0162,-0.0172
QQQ,clean_2d_bear,distance_to_king_pct,17593,-0.0026,0.0073
QQQ,clean_2d_bear,distance_to_gate_pct,17169,-0.0126,-0.0039
QQQ,clean_2u_bull,rsi_9,17685,-0.0059,-0.0216
QQQ,clean_2u_bull,rsi_14,17685,-0.0042,-0.0208
QQQ,clean_2u_bull,stoch_rsi_k,17685,-0.0084,-0.0149
QQQ,clean_2u_bull,stoch_rsi_d,17685,-0.0121,-0.0152
QQQ,clean_2u_bull,ema_9,17685,-0.005,0.0091
QQQ,clean_2u_bull,ema_20,17685,-0.005,0.0091
QQQ,clean_2u_bull,ema_50,17685,-0.005,0.0091
QQQ,clean_2u_bull,sma_50,17685,-0.0051,0.0091
QQQ,clean_2u_bull,sma_200,17683,-0.005,0.0092
QQQ,clean_2u_bull,macd,17685,0.0129,-0.0142
QQQ,clean_2u_bull,macd_signal,17685,0.0097,-0.0103
QQQ,clean_2u_bull,macd_histogram,17685,0.0124,-0.0113
QQQ,clean_2u_bull,atr_14,17685,0.0186,0.0086
QQQ,clean_2u_bull,bb_upper,17685,-0.005,0.0091
QQQ,clean_2u_bull,bb_lower,17685,-0.0051,0.0092
QQQ,clean_2u_bull,bb_width,17685,0.0057,0.0006
QQQ,clean_2u_bull,bb_pct,17685,-0.0063,-0.0155
QQQ,clean_2u_bull,obv,17685,-0.005,0.0076
QQQ,clean_2u_bull,rvol,17685,0.0057,-0.0091
QQQ,clean_2u_bull,rvol_10,17685,0.006,-0.0128
QQQ,clean_2u_bull,vwap,17685,-0.0052,0.0091
QQQ,clean_2u_bull,price_vs_vwap,17685,0.0173,-0.0076
QQQ,clean_2u_bull,price_vs_ema9,17685,0.0101,-0.0147
QQQ,clean_2u_bull,price_vs_ema20,17685,0.011,-0.0166
QQQ,clean_2u_bull,consecutive_up,17685,0.0008,-0.0113
QQQ,clean_2u_bull,consecutive_down,17685,0.0023,0.0134
QQQ,clean_2u_bull,intraday_return,17685,0.0101,-0.0005
QQQ,clean_2u_bull,high_low_spread_pct,17685,0.0225,0.0018
QQQ,clean_2u_bull,vix_close,17685,0.0059,-0.0123
QQQ,clean_2u_bull,total_gex,17667,-0.0135,-0.0002
QQQ,clean_2u_bull,total_vex,17667,0.0048,-0.0072
QQQ,clean_2u_bull,flip_price,7980,-0.0034,0.0077
QQQ,clean_2u_bull,distance_to_king_pct,17667,-0.0071,-0.0042
QQQ,clean_2u_bull,distance_to_gate_pct,17229,0.0087,0.0051
QQQ,f2d_bull_reversal,rsi_9,6353,0.0075,0.0023
QQQ,f2d_bull_reversal,rsi_14,6353,0.002,-0.0013
QQQ,f2d_bull_reversal,stoch_rsi_k,6353,0.0172,0.006
QQQ,f2d_bull_reversal,stoch_rsi_d,6353,0.0141,0.0051
QQQ,f2d_bull_reversal,ema_9,6353,-0.0012,0.0056
QQQ,f2d_bull_reversal,ema_20,6353,-0.0012,0.0056
QQQ,f2d_bull_reversal,ema_50,6352,-0.0014,0.0052
QQQ,f2d_bull_reversal,sma_50,6352,-0.0013,0.0052
QQQ,f2d_bull_reversal,sma_200,6350,-0.0012,0.0053
QQQ,f2d_bull_reversal,macd,6353,-0.0171,-0.0029
QQQ,f2d_bull_reversal,macd_signal,6352,-0.0188,-0.005
QQQ,f2d_bull_reversal,macd_histogram,6352,0.0028,0.0106
QQQ,f2d_bull_reversal,atr_14,6353,0.0217,0.0048
QQQ,f2d_bull_reversal,bb_upper,6353,-0.0012,0.0056
QQQ,f2d_bull_reversal,bb_lower,6353,-0.0012,0.0056
QQQ,f2d_bull_reversal,bb_width,6353,0.0049,0.0108
QQQ,f2d_bull_reversal,bb_pct,6353,0.009,0.0005
QQQ,f2d_bull_reversal,obv,6353,0.0028,0.0105
QQQ,f2d_bull_reversal,rvol,6353,0.006,0.0191
QQQ,f2d_bull_reversal,rvol_10,6353,-0.0118,0.0142
QQQ,f2d_bull_reversal,vwap,6353,-0.0014,0.0053
QQQ,f2d_bull_reversal,price_vs_vwap,6353,0.013,0.0092
QQQ,f2d_bull_reversal,price_vs_ema9,6353,-0.0275,0.0095
QQQ,f2d_bull_reversal,price_vs_ema20,6353,-0.0316,0.004
QQQ,f2d_bull_reversal,consecutive_up,6353,-0.0031,-0.0109
QQQ,f2d_bull_reversal,consecutive_down,6353,0.0104,0.0214
QQQ,f2d_bull_reversal,intraday_return,6353,0.0218,0.0119
QQQ,f2d_bull_reversal,high_low_spread_pct,6353,0.0258,0.0071
QQQ,f2d_bull_reversal,vix_close,6353,-0.0156,-0.0165
QQQ,f2d_bull_reversal,total_gex,6345,-0.0044,0.0088
QQQ,f2d_bull_reversal,total_vex,6345,0.0018,-0.0033
QQQ,f2d_bull_reversal,flip_price,2868,-0.0079,0.0117
QQQ,f2d_bull_reversal,distance_to_king_pct,6345,-0.0048,0.0089
QQQ,f2d_bull_reversal,distance_to_gate_pct,6202,-0.0103,-0.0122
QQQ,f2u_bear_reversal,rsi_9,6200,-0.0128,-0.0062
QQQ,f2u_bear_reversal,rsi_14,6200,-0.0096,-0.0061
QQQ,f2u_bear_reversal,stoch_rsi_k,6200,-0.014,-0.0034
QQQ,f2u_bear_reversal,stoch_rsi_d,6200,-0.0159,-0.0054
QQQ,f2u_bear_reversal,ema_9,6200,0.0157,0.0214
QQQ,f2u_bear_reversal,ema_20,6200,0.0158,0.0214
QQQ,f2u_bear_reversal,ema_50,6200,0.0158,0.0213
QQQ,f2u_bear_reversal,sma_50,6200,0.0158,0.0214
QQQ,f2u_bear_reversal,sma_200,6199,0.0156,0.0208
QQQ,f2u_bear_reversal,macd,6200,-0.0284,-0.0078
QQQ,f2u_bear_reversal,macd_signal,6200,-0.016,0.0029
QQQ,f2u_bear_reversal,macd_histogram,6200,-0.0496,-0.0175
QQQ,f2u_bear_reversal,atr_14,6200,0.0613,-0.0001
QQQ,f2u_bear_reversal,bb_upper,6200,0.0161,0.0215
QQQ,f2u_bear_reversal,bb_lower,6200,0.0155,0.0213
QQQ,f2u_bear_reversal,bb_width,6200,0.0635,0.0054
QQQ,f2u_bear_reversal,bb_pct,6200,-0.0189,-0.0092
QQQ,f2u_bear_reversal,obv,6200,0.0153,0.0231
QQQ,f2u_bear_reversal,rvol,6200,-0.0304,-0.0255
QQQ,f2u_bear_reversal,rvol_10,6200,-0.0094,-0.0224
QQQ,f2u_bear_reversal,vwap,6200,0.0155,0.021
QQQ,f2u_bear_reversal,price_vs_vwap,6200,0.0165,0.0055
QQQ,f2u_bear_reversal,price_vs_ema9,6200,-0.0347,-0.0038
QQQ,f2u_bear_reversal,price_vs_ema20,6200,-0.0404,-0.0109
QQQ,f2u_bear_reversal,consecutive_up,6200,0.0152,0.0003
QQQ,f2u_bear_reversal,consecutive_down,6200,-0.0145,0.0032
QQQ,f2u_bear_reversal,intraday_return,6200,-0.0087,0.0136
QQQ,f2u_bear_reversal,high_low_spread_pct,6200,0.0408,-0.0174
QQQ,f2u_bear_reversal,vix_close,6200,0.0057,-0.0017
QQQ,f2u_bear_reversal,total_gex,6192,-0.0113,-0.0066
QQQ,f2u_bear_reversal,total_vex,6192,-0.0198,-0.0216
QQQ,f2u_bear_reversal,flip_price,2768,0.0153,0.0211
QQQ,f2u_bear_reversal,distance_to_king_pct,6192,0.0061,0.0189
QQQ,f2u_bear_reversal,distance_to_gate_pct,6040,0.03,0.0355
QQQ,none,rsi_9,209978,-0.0056,-0.0133
QQQ,none,rsi_14,209978,-0.0044,-0.0131
QQQ,none,stoch_rsi_k,209977,-0.0069,-0.0084
QQQ,none,stoch_rsi_d,209976,-0.0065,-0.0076
QQQ,none,ema_9,209976,-0.0022,0.0021
QQQ,none,ema_20,209973,-0.0022,0.0022
QQQ,none,ema_50,209965,-0.0022,0.0022
QQQ,none,sma_50,209965,-0.0022,0.0022
QQQ,none,sma_200,209932,-0.0022,0.0021
QQQ,none,macd,209970,-0.0022,-0.0085
QQQ,none,macd_signal,209969,-0.0009,-0.007
QQQ,none,macd_histogram,209969,-0.0046,-0.0077
QQQ,none,atr_14,209978,0.0072,0.0069
QQQ,none,bb_upper,209973,-0.0022,0.0022
QQQ,none,bb_lower,209973,-0.0022,0.0022
QQQ,none,bb_width,209973,0.0072,0.0074
QQQ,none,bb_pct,209973,-0.0065,-0.0135
QQQ,none,obv,209978,-0.0011,0.0051
QQQ,none,rvol,209978,0.0113,0.0038
QQQ,none,rvol_10,209978,-0.0065,0.0036
QQQ,none,vwap,209978,-0.0022,0.0021
QQQ,none,price_vs_vwap,209978,-0.0039,0.0003
QQQ,none,price_vs_ema9,209976,-0.0115,-0.0114
QQQ,none,price_vs_ema20,209973,-0.0095,-0.0101
QQQ,none,consecutive_up,209978,-0.0089,-0.0105
QQQ,none,consecutive_down,209978,0.0094,0.0132
QQQ,none,intraday_return,209978,0.0041,-0.0024
QQQ,none,high_low_spread_pct,209978,0.0104,0.0081
QQQ,none,vix_close,209978,-0.0042,-0.0079
QQQ,none,total_gex,209649,-0.0007,0.005
QQQ,none,total_vex,209649,0.0018,-0.0014
QQQ,none,flip_price,95451,0.0012,0.0069
QQQ,none,distance_to_king_pct,209649,-0.0025,0.0065
QQQ,none,distance_to_gate_pct,204794,-0.0009,0.0056
SPY,111_inside_compression,rsi_9,1815,-0.007,-0.0312
SPY,111_inside_compression,rsi_14,1815,-0.0095,-0.0338
SPY,111_inside_compression,stoch_rsi_k,1815,0.0125,0.0202
SPY,111_inside_compression,stoch_rsi_d,1815,0.0051,0.0122
SPY,111_inside_compression,ema_9,1815,-0.0156,-0.0158
SPY,111_inside_compression,ema_20,1815,-0.0156,-0.0158
SPY,111_inside_compression,ema_50,1815,-0.0155,-0.0158
SPY,111_inside_compression,sma_50,1815,-0.0155,-0.0158
SPY,111_inside_compression,sma_200,1815,-0.0153,-0.0156
SPY,111_inside_compression,macd,1815,-0.0363,-0.0132
SPY,111_inside_compression,macd_signal,1815,-0.0662,-0.0104
SPY,111_inside_compression,macd_histogram,1815,0.0781,0.0021
SPY,111_inside_compression,atr_14,1815,0.0016,0.0375
SPY,111_inside_compression,bb_upper,1815,-0.0156,-0.0158
SPY,111_inside_compression,bb_lower,1815,-0.0156,-0.0157
SPY,111_inside_compression,bb_width,1815,0.0103,0.0207
SPY,111_inside_compression,bb_pct,1815,-0.0005,-0.0099
SPY,111_inside_compression,obv,1815,-0.0342,-0.0304
SPY,111_inside_compression,rvol,1815,0.0383,0.0077
SPY,111_inside_compression,rvol_10,1815,0.0282,0.0112
SPY,111_inside_compression,vwap,1815,-0.0154,-0.0155
SPY,111_inside_compression,price_vs_vwap,1815,-0.0162,-0.0231
SPY,111_inside_compression,price_vs_ema9,1815,0.002,-0.0261
SPY,111_inside_compression,price_vs_ema20,1815,-0.0056,-0.0286
SPY,111_inside_compression,consecutive_up,1815,0.0232,0.0378
SPY,111_inside_compression,consecutive_down,1815,-0.018,-0.012
SPY,111_inside_compression,intraday_return,1815,-0.0195,-0.0333
SPY,111_inside_compression,high_low_spread_pct,1815,0.1036,0.0611
SPY,111_inside_compression,vix_close,1815,0.073,0.0504
SPY,111_inside_compression,total_gex,1811,-0.0272,-0.0492
SPY,111_inside_compression,total_vex,1811,0.0154,0.0143
SPY,111_inside_compression,flip_price,1449,-0.0097,-0.0191
SPY,111_inside_compression,distance_to_king_pct,1807,-0.0063,0.0112
SPY,111_inside_compression,distance_to_gate_pct,1776,0.0156,0.0288
SPY,11_inside_compression,rsi_9,16959,0.0029,-0.0101
SPY,11_inside_compression,rsi_14,16959,0.0021,-0.0123
SPY,11_inside_compression,stoch_rsi_k,16959,0.0012,-0.0024
SPY,11_inside_compression,stoch_rsi_d,16959,0.0021,-0.0001
SPY,11_inside_compression,ema_9,16959,-0.0002,0.0153
SPY,11_inside_compression,ema_20,16959,-0.0002,0.0154
SPY,11_inside_compression,ema_50,16959,-0.0002,0.0154
SPY,11_inside_compression,sma_50,16959,-0.0002,0.0154
SPY,11_inside_compression,sma_200,16957,-0.0001,0.0157
SPY,11_inside_compression,macd,16959,-0.0182,-0.0034
SPY,11_inside_compression,macd_signal,16959,-0.015,-0.003
SPY,11_inside_compression,macd_histogram,16959,-0.0131,0.0005
SPY,11_inside_compression,atr_14,16959,0.0019,0.0216
SPY,11_inside_compression,bb_upper,16959,-0.0002,0.0154
SPY,11_inside_compression,bb_lower,16959,-0.0002,0.0153
SPY,11_inside_compression,bb_width,16959,0.0029,0.0174
SPY,11_inside_compression,bb_pct,16959,0.0008,-0.0067
SPY,11_inside_compression,obv,16959,-0.0061,0.0087
SPY,11_inside_compression,rvol,16959,-0.0065,0.0089
SPY,11_inside_compression,rvol_10,16959,-0.0004,0.0085
SPY,11_inside_compression,vwap,16959,-0.0003,0.0155
SPY,11_inside_compression,price_vs_vwap,16959,-0.0051,-0.0047
SPY,11_inside_compression,price_vs_ema9,16959,-0.0341,-0.0051
SPY,11_inside_compression,price_vs_ema20,16959,-0.0281,-0.0052
SPY,11_inside_compression,consecutive_up,16959,0.0076,0.0038
SPY,11_inside_compression,consecutive_down,16959,-0.0038,0.0001
SPY,11_inside_compression,intraday_return,16959,-0.0006,0.0049
SPY,11_inside_compression,high_low_spread_pct,16959,-0.0013,0.016
SPY,11_inside_compression,vix_close,16959,0.0052,0.0116
SPY,11_inside_compression,total_gex,16907,-0.0057,-0.004
SPY,11_inside_compression,total_vex,16907,-0.0005,-0.0163
SPY,11_inside_compression,flip_price,11992,0.0115,0.023
SPY,11_inside_compression,distance_to_king_pct,16885,0.0016,0.017
SPY,11_inside_compression,distance_to_gate_pct,16534,0.0047,0.0175
SPY,132_bear_continuation,rsi_9,8013,0.0063,0.015
SPY,132_bear_continuation,rsi_14,8013,0.0062,0.0153
SPY,132_bear_continuation,stoch_rsi_k,8013,0.0003,-0.0031
SPY,132_bear_continuation,stoch_rsi_d,8013,0.0025,-0.0015
SPY,132_bear_continuation,ema_9,8013,-0.0219,-0.0208
SPY,132_bear_continuation,ema_20,8013,-0.022,-0.0208
SPY,132_bear_continuation,ema_50,8013,-0.022,-0.0209
SPY,132_bear_continuation,sma_50,8013,-0.022,-0.0209
SPY,132_bear_continuation,sma_200,8012,-0.022,-0.0212
SPY,132_bear_continuation,macd,8013,0.0119,0.0138
SPY,132_bear_continuation,macd_signal,8013,0.0134,0.0144
SPY,132_bear_continuation,macd_histogram,8013,-0.0031,0.0028
SPY,132_bear_continuation,atr_14,8013,-0.0158,-0.006
SPY,132_bear_continuation,bb_upper,8013,-0.022,-0.0208
SPY,132_bear_continuation,bb_lower,8013,-0.0219,-0.0208
SPY,132_bear_continuation,bb_width,8013,-0.0299,0.0032
SPY,132_bear_continuation,bb_pct,8013,0.0087,0.018
SPY,132_bear_continuation,obv,8013,-0.0232,-0.0182
SPY,132_bear_continuation,rvol,8013,0.0145,0.0157
SPY,132_bear_continuation,rvol_10,8013,0.0094,0.0186
SPY,132_bear_continuation,vwap,8013,-0.0219,-0.0209
SPY,132_bear_continuation,price_vs_vwap,8013,-0.0111,0.0122
SPY,132_bear_continuation,price_vs_ema9,8013,-0.0127,0.014
SPY,132_bear_continuation,price_vs_ema20,8013,-0.0009,0.016
SPY,132_bear_continuation,consecutive_up,8013,0.0017,-0.0056
SPY,132_bear_continuation,consecutive_down,8013,-0.0108,-0.0001
SPY,132_bear_continuation,intraday_return,8013,-0.0238,0.0098
SPY,132_bear_continuation,high_low_spread_pct,8013,0.0275,0.0064
SPY,132_bear_continuation,vix_close,8013,0.0018,-0.0117
SPY,132_bear_continuation,total_gex,7999,-0.009,0.0057
SPY,132_bear_continuation,total_vex,7999,0.0208,0.0181
SPY,132_bear_continuation,flip_price,4933,-0.0139,0.0112
SPY,132_bear_continuation,distance_to_king_pct,7992,-0.0135,-0.0138
SPY,132_bear_continuation,distance_to_gate_pct,7790,-0.0164,-0.0156
SPY,132_bull_continuation,rsi_9,8130,0.0031,0.0018
SPY,132_bull_continuation,rsi_14,8130,0.0028,-0.0004
SPY,132_bull_continuation,stoch_rsi_k,8130,0.0117,0.0123
SPY,132_bull_continuation,stoch_rsi_d,8130,0.0129,0.0093
SPY,132_bull_continuation,ema_9,8130,0.0216,0.0293
SPY,132_bull_continuation,ema_20,8130,0.0216,0.0293
SPY,132_bull_continuation,ema_50,8130,0.0215,0.0293
SPY,132_bull_continuation,sma_50,8130,0.0215,0.0293
SPY,132_bull_continuation,sma_200,8128,0.0218,0.0298
SPY,132_bull_continuation,macd,8130,0.0137,0.0041
SPY,132_bull_continuation,macd_signal,8130,0.0094,0.0037
SPY,132_bull_continuation,macd_histogram,8130,0.0165,0.0086
SPY,132_bull_continuation,atr_14,8130,0.0281,0.0166
SPY,132_bull_continuation,bb_upper,8130,0.0216,0.0292
SPY,132_bull_continuation,bb_lower,8130,0.0215,0.0294
SPY,132_bull_continuation,bb_width,8130,0.01,0.0028
SPY,132_bull_continuation,bb_pct,8130,0.0018,0.0079
SPY,132_bull_continuation,obv,8130,0.0199,0.0283
SPY,132_bull_continuation,rvol,8130,0.0025,0.0173
SPY,132_bull_continuation,rvol_10,8130,0.0022,0.0107
SPY,132_bull_continuation,vwap,8130,0.0213,0.0292
SPY,132_bull_continuation,price_vs_vwap,8130,0.0391,0.0161
SPY,132_bull_continuation,price_vs_ema9,8130,-0.0019,0.0033
SPY,132_bull_continuation,price_vs_ema20,8130,0.0049,0.001
SPY,132_bull_continuation,consecutive_up,8130,0.0042,0.0047
SPY,132_bull_continuation,consecutive_down,8130,-0.0049,-0.0049
SPY,132_bull_continuation,intraday_return,8130,-0.0188,-0.0012
SPY,132_bull_continuation,high_low_spread_pct,8130,0.0079,-0.0058
SPY,132_bull_continuation,vix_close,8130,-0.0049,0.0007
SPY,132_bull_continuation,total_gex,8111,0.0024,-0.0052
SPY,132_bull_continuation,total_vex,8111,-0.02,-0.0276
SPY,132_bull_continuation,flip_price,4992,0.0103,0.0126
SPY,132_bull_continuation,distance_to_king_pct,8106,0.0193,0.0286
SPY,132_bull_continuation,distance_to_gate_pct,7919,0.0229,0.028
SPY,212_bear_continuation,rsi_9,22978,-0.0103,-0.0305
SPY,212_bear_continuation,rsi_14,22978,-0.0105,-0.0309
SPY,212_bear_continuation,stoch_rsi_k,22978,-0.0069,-0.0087
SPY,212_bear_continuation,stoch_rsi_d,22978,-0.0058,-0.0089
SPY,212_bear_continuation,ema_9,22978,-0.0003,0.0082
SPY,212_bear_continuation,ema_20,22977,-0.0002,0.0083
SPY,212_bear_continuation,ema_50,22977,-0.0002,0.0084
SPY,212_bear_continuation,sma_50,22977,-0.0002,0.0084
SPY,212_bear_continuation,sma_200,22972,-0.0001,0.0083
SPY,212_bear_continuation,macd,22977,-0.0041,-0.031
SPY,212_bear_continuation,macd_signal,22977,-0.0016,-0.0288
SPY,212_bear_continuation,macd_histogram,22977,-0.0089,-0.0219
SPY,212_bear_continuation,atr_14,22978,0.0322,0.0221
SPY,212_bear_continuation,bb_upper,22977,-0.0001,0.0084
SPY,212_bear_continuation,bb_lower,22977,-0.0003,0.0083
SPY,212_bear_continuation,bb_width,22977,0.0195,0.0271
SPY,212_bear_continuation,bb_pct,22977,-0.0115,-0.0241
SPY,212_bear_continuation,obv,22978,0.0041,0.0126
SPY,212_bear_continuation,rvol,22978,0.0074,0.0089
SPY,212_bear_continuation,rvol_10,22978,0.0067,0.0085
SPY,212_bear_continuation,vwap,22978,-0.0002,0.0083
SPY,212_bear_continuation,price_vs_vwap,22978,-0.0241,-0.0111
SPY,212_bear_continuation,price_vs_ema9,22978,-0.0343,-0.0324
SPY,212_bear_continuation,price_vs_ema20,22977,-0.0254,-0.0316
SPY,212_bear_continuation,consecutive_up,22978,-0.001,-0.0052
SPY,212_bear_continuation,consecutive_down,22978,0.0054,0.0172
SPY,212_bear_continuation,intraday_return,22978,-0.0152,-0.0292
SPY,212_bear_continuation,high_low_spread_pct,22978,0.0281,0.0296
SPY,212_bear_continuation,vix_close,22978,0.0043,0.0006
SPY,212_bear_continuation,total_gex,22920,0.0004,-0.0022
SPY,212_bear_continuation,total_vex,22920,-0.0026,-0.0111
SPY,212_bear_continuation,flip_price,14882,0.0014,0.0081
SPY,212_bear_continuation,distance_to_king_pct,22895,0.0036,0.014
SPY,212_bear_continuation,distance_to_gate_pct,22372,0.0014,0.0103
SPY,212_bear_reversal,rsi_9,36883,-0.0014,-0.0086
SPY,212_bear_reversal,rsi_14,36883,-0.0012,-0.0089
SPY,212_bear_reversal,stoch_rsi_k,36883,-0.0059,-0.0088
SPY,212_bear_reversal,stoch_rsi_d,36883,-0.0064,-0.0092
SPY,212_bear_reversal,ema_9,36883,0.0041,0.0001
SPY,212_bear_reversal,ema_20,36882,0.004,-0.0
SPY,212_bear_reversal,ema_50,36881,0.0041,0.0001
SPY,212_bear_reversal,sma_50,36881,0.0041,0.0001
SPY,212_bear_reversal,sma_200,36877,0.0043,0.0003
SPY,212_bear_reversal,macd,36882,-0.0143,-0.003
SPY,212_bear_reversal,macd_signal,36882,-0.0083,-0.0003
SPY,212_bear_reversal,macd_histogram,36882,-0.0224,-0.0084
SPY,212_bear_reversal,atr_14,36883,0.001,0.0
SPY,212_bear_reversal,bb_upper,36882,0.0041,0.0
SPY,212_bear_reversal,bb_lower,36882,0.004,0.0
SPY,212_bear_reversal,bb_width,36882,0.0104,0.0013
SPY,212_bear_reversal,bb_pct,36882,-0.003,-0.011
SPY,212_bear_reversal,obv,36883,0.0036,-0.0006
SPY,212_bear_reversal,rvol,36883,0.0115,-0.0022
SPY,212_bear_reversal,rvol_10,36883,0.0,-0.0011
SPY,212_bear_reversal,vwap,36883,0.0041,0.0001
SPY,212_bear_reversal,price_vs_vwap,36883,-0.005,0.0001
SPY,212_bear_reversal,price_vs_ema9,36883,-0.0222,-0.0068
SPY,212_bear_reversal,price_vs_ema20,36882,-0.0286,-0.0067
SPY,212_bear_reversal,consecutive_up,36883,-0.0051,-0.0067
SPY,212_bear_reversal,consecutive_down,36883,0.001,0.0057
SPY,212_bear_reversal,intraday_return,36883,0.004,-0.0072
SPY,212_bear_reversal,high_low_spread_pct,36883,0.0108,-0.0003
SPY,212_bear_reversal,vix_close,36883,-0.0173,-0.0128
SPY,212_bear_reversal,total_gex,36809,-0.0035,0.0022
SPY,212_bear_reversal,total_vex,36809,-0.0037,-0.0003
SPY,212_bear_reversal,flip_price,23788,0.0093,0.0065
SPY,212_bear_reversal,distance_to_king_pct,36778,-0.0027,-0.0006
SPY,212_bear_reversal,distance_to_gate_pct,35887,0.0064,0.001
SPY,212_bull_continuation,rsi_9,24805,0.0014,-0.02
SPY,212_bull_continuation,rsi_14,24805,0.0041,-0.016
SPY,212_bull_continuation,stoch_rsi_k,24805,-0.0063,-0.0214
SPY,212_bull_continuation,stoch_rsi_d,24805,-0.0054,-0.024
SPY,212_bull_continuation,ema_9,24805,0.0018,0.005
SPY,212_bull_continuation,ema_20,24805,0.0018,0.005
SPY,212_bull_continuation,ema_50,24805,0.0018,0.005
SPY,212_bull_continuation,sma_50,24805,0.0018,0.005
SPY,212_bull_continuation,sma_200,24803,0.0018,0.0049
SPY,212_bull_continuation,macd,24805,-0.0098,-0.006
SPY,212_bull_continuation,macd_signal,24805,-0.0103,-0.0028
SPY,212_bull_continuation,macd_histogram,24805,0.0003,-0.0163
SPY,212_bull_continuation,atr_14,24805,0.0024,-0.0029
SPY,212_bull_continuation,bb_upper,24805,0.0019,0.005
SPY,212_bull_continuation,bb_lower,24805,0.0017,0.0051
SPY,212_bull_continuation,bb_width,24805,0.0163,-0.0133
SPY,212_bull_continuation,bb_pct,24805,0.0025,-0.0164
SPY,212_bull_continuation,obv,24805,0.0004,0.0052
SPY,212_bull_continuation,rvol,24805,-0.0071,-0.0188
SPY,212_bull_continuation,rvol_10,24805,-0.0048,-0.0164
SPY,212_bull_continuation,vwap,24805,0.0018,0.0049
SPY,212_bull_continuation,price_vs_vwap,24805,0.003,0.0041
SPY,212_bull_continuation,price_vs_ema9,24805,0.0056,-0.0213
SPY,212_bull_continuation,price_vs_ema20,24805,-0.0032,-0.0173
SPY,212_bull_continuation,consecutive_up,24805,-0.0114,-0.0158
SPY,212_bull_continuation,consecutive_down,24805,0.0084,0.0152
SPY,212_bull_continuation,intraday_return,24805,-0.0165,-0.0137
SPY,212_bull_continuation,high_low_spread_pct,24805,-0.0165,-0.0129
SPY,212_bull_continuation,vix_close,24805,-0.0155,-0.0165
SPY,212_bull_continuation,total_gex,24737,0.0005,0.0082
SPY,212_bull_continuation,total_vex,24737,-0.0013,-0.0019
SPY,212_bull_continuation,flip_price,16318,-0.0091,-0.0057
SPY,212_bull_continuation,distance_to_king_pct,24711,-0.0012,0.0043
SPY,212_bull_continuation,distance_to_gate_pct,24152,-0.0014,0.0043
SPY,212_bull_reversal,rsi_9,36314,0.0061,-0.0077
SPY,212_bull_reversal,rsi_14,36314,0.0067,-0.008
SPY,212_bull_reversal,stoch_rsi_k,36314,0.0005,-0.0005
SPY,212_bull_reversal,stoch_rsi_d,36314,0.0027,0.0018
SPY,212_bull_reversal,ema_9,36314,-0.0057,-0.0021
SPY,212_bull_reversal,ema_20,36313,-0.0056,-0.002
SPY,212_bull_reversal,ema_50,36313,-0.0056,-0.0021
SPY,212_bull_reversal,sma_50,36313,-0.0056,-0.0021
SPY,212_bull_reversal,sma_200,36307,-0.0056,-0.0022
SPY,212_bull_reversal,macd,36313,0.0182,-0.003
SPY,212_bull_reversal,macd_signal,36313,0.0066,-0.0023
SPY,212_bull_reversal,macd_histogram,36313,0.0409,0.0006
SPY,212_bull_reversal,atr_14,36314,-0.0008,0.0113
SPY,212_bull_reversal,bb_upper,36313,-0.0057,-0.002
SPY,212_bull_reversal,bb_lower,36313,-0.0056,-0.002
SPY,212_bull_reversal,bb_width,36313,-0.0133,0.0084
SPY,212_bull_reversal,bb_pct,36313,0.0014,-0.0078
SPY,212_bull_reversal,obv,36314,-0.0057,-0.0031
SPY,212_bull_reversal,rvol,36314,0.0131,0.0053
SPY,212_bull_reversal,rvol_10,36314,0.0003,0.0026
SPY,212_bull_reversal,vwap,36314,-0.0056,-0.0021
SPY,212_bull_reversal,price_vs_vwap,36314,-0.0058,0.0039
SPY,212_bull_reversal,price_vs_ema9,36314,0.0525,-0.0044
SPY,212_bull_reversal,price_vs_ema20,36313,0.0448,-0.0031
SPY,212_bull_reversal,consecutive_up,36314,-0.0126,-0.0088
SPY,212_bull_reversal,consecutive_down,36314,0.0129,0.0106
SPY,212_bull_reversal,intraday_return,36314,0.0319,-0.0012
SPY,212_bull_reversal,high_low_spread_pct,36314,0.0335,0.0156
SPY,212_bull_reversal,vix_close,36314,-0.0116,-0.0031
SPY,212_bull_reversal,total_gex,36231,0.0078,-0.001
SPY,212_bull_reversal,total_vex,36231,0.0053,0.0008
SPY,212_bull_reversal,flip_price,23380,-0.0055,-0.0007
SPY,212_bull_reversal,distance_to_king_pct,36196,-0.0047,0.002
SPY,212_bull_reversal,distance_to_gate_pct,35345,-0.0025,0.0024
SPY,22_bear_continuation,rsi_9,152847,-0.0134,-0.022
SPY,22_bear_continuation,rsi_14,152847,-0.0123,-0.0195
SPY,22_bear_continuation,stoch_rsi_k,152847,-0.0113,-0.0166
SPY,22_bear_continuation,stoch_rsi_d,152847,-0.0129,-0.0172
SPY,22_bear_continuation,ema_9,152846,-0.0065,-0.002
SPY,22_bear_continuation,ema_20,152842,-0.0065,-0.002
SPY,22_bear_continuation,ema_50,152835,-0.0065,-0.002
SPY,22_bear_continuation,sma_50,152835,-0.0065,-0.002
SPY,22_bear_continuation,sma_200,152809,-0.0064,-0.0021
SPY,22_bear_continuation,macd,152842,-0.0261,-0.0093
SPY,22_bear_continuation,macd_signal,152836,-0.0193,-0.0053
SPY,22_bear_continuation,macd_histogram,152836,-0.028,-0.021
SPY,22_bear_continuation,atr_14,152847,0.0113,0.0085
SPY,22_bear_continuation,bb_upper,152842,-0.0064,-0.0019
SPY,22_bear_continuation,bb_lower,152842,-0.0065,-0.002
SPY,22_bear_continuation,bb_width,152842,0.0146,0.0145
SPY,22_bear_continuation,bb_pct,152842,-0.0096,-0.0189
SPY,22_bear_continuation,obv,152847,-0.0062,-0.0014
SPY,22_bear_continuation,rvol,152847,0.0145,0.0177
SPY,22_bear_continuation,rvol_10,152847,-0.0011,0.0162
SPY,22_bear_continuation,vwap,152847,-0.0064,-0.002
SPY,22_bear_continuation,price_vs_vwap,152847,-0.0278,0.0007
SPY,22_bear_continuation,price_vs_ema9,152846,-0.0395,-0.0195
SPY,22_bear_continuation,price_vs_ema20,152842,-0.044,-0.0185
SPY,22_bear_continuation,consecutive_up,152847,-0.007,-0.0072
SPY,22_bear_continuation,consecutive_down,152847,0.0079,0.0095
SPY,22_bear_continuation,intraday_return,152847,-0.0212,-0.0161
SPY,22_bear_continuation,high_low_spread_pct,152847,0.0269,0.0163
SPY,22_bear_continuation,vix_close,152847,0.011,-0.0082
SPY,22_bear_continuation,total_gex,152537,-0.0055,0.0043
SPY,22_bear_continuation,total_vex,152537,0.004,0.0007
SPY,22_bear_continuation,flip_price,94034,-0.0068,0.0014
SPY,22_bear_continuation,distance_to_king_pct,152441,-0.0006,0.0056
SPY,22_bear_continuation,distance_to_gate_pct,148883,-0.0004,0.0067
SPY,22_bear_reversal,rsi_9,107776,-0.0027,-0.0071
SPY,22_bear_reversal,rsi_14,107776,-0.0014,-0.006
SPY,22_bear_reversal,stoch_rsi_k,107776,-0.0032,-0.005
SPY,22_bear_reversal,stoch_rsi_d,107775,-0.0018,-0.0043
SPY,22_bear_reversal,ema_9,107775,-0.0004,0.0063
SPY,22_bear_reversal,ema_20,107775,-0.0004,0.0063
SPY,22_bear_reversal,ema_50,107771,-0.0005,0.0062
SPY,22_bear_reversal,sma_50,107771,-0.0004,0.0063
SPY,22_bear_reversal,sma_200,107755,-0.0004,0.0061
SPY,22_bear_reversal,macd,107774,-0.0035,-0.0008
SPY,22_bear_reversal,macd_signal,107773,-0.0038,0.0009
SPY,22_bear_reversal,macd_histogram,107773,0.0002,-0.0048
SPY,22_bear_reversal,atr_14,107776,0.0074,0.0139
SPY,22_bear_reversal,bb_upper,107775,-0.0004,0.0063
SPY,22_bear_reversal,bb_lower,107775,-0.0004,0.0063
SPY,22_bear_reversal,bb_width,107775,0.0019,0.0122
SPY,22_bear_reversal,bb_pct,107775,-0.0047,-0.008
SPY,22_bear_reversal,obv,107776,0.002,0.0059
SPY,22_bear_reversal,rvol,107776,0.0117,0.0066
SPY,22_bear_reversal,rvol_10,107776,0.0032,0.0053
SPY,22_bear_reversal,vwap,107776,-0.0004,0.0062
SPY,22_bear_reversal,price_vs_vwap,107776,-0.0102,0.003
SPY,22_bear_reversal,price_vs_ema9,107775,-0.0112,-0.0064
SPY,22_bear_reversal,price_vs_ema20,107775,-0.0089,-0.0047
SPY,22_bear_reversal,consecutive_up,107776,-0.0061,-0.0086
SPY,22_bear_reversal,consecutive_down,107776,0.0049,0.009
SPY,22_bear_reversal,intraday_return,107776,0.0096,-0.0045
SPY,22_bear_reversal,high_low_spread_pct,107776,0.0059,0.0121
SPY,22_bear_reversal,vix_close,107776,-0.0012,-0.0075
SPY,22_bear_reversal,total_gex,107530,-0.0028,-0.0024
SPY,22_bear_reversal,total_vex,107530,-0.0003,-0.0067
SPY,22_bear_reversal,flip_price,66505,-0.001,0.0076
SPY,22_bear_reversal,distance_to_king_pct,107450,0.0048,0.0137
SPY,22_bear_reversal,distance_to_gate_pct,104861,0.0047,0.0139
SPY,22_bull_continuation,rsi_9,161957,-0.0039,-0.0142
SPY,22_bull_continuation,rsi_14,161957,-0.0006,-0.0107
SPY,22_bull_continuation,stoch_rsi_k,161957,-0.0079,-0.0164
SPY,22_bull_continuation,stoch_rsi_d,161957,-0.0086,-0.015
SPY,22_bull_continuation,ema_9,161955,0.0027,0.0035
SPY,22_bull_continuation,ema_20,161954,0.0028,0.0036
SPY,22_bull_continuation,ema_50,161947,0.0028,0.0035
SPY,22_bull_continuation,sma_50,161947,0.0028,0.0035
SPY,22_bull_continuation,sma_200,161926,0.0027,0.0032
SPY,22_bull_continuation,macd,161949,-0.0196,-0.0033
SPY,22_bull_continuation,macd_signal,161949,-0.0122,0.0018
SPY,22_bull_continuation,macd_histogram,161949,-0.0263,-0.0149
SPY,22_bull_continuation,atr_14,161957,-0.0234,-0.0043
SPY,22_bull_continuation,bb_upper,161954,0.0027,0.0035
SPY,22_bull_continuation,bb_lower,161954,0.003,0.0037
SPY,22_bull_continuation,bb_width,161954,-0.0347,-0.0109
SPY,22_bull_continuation,bb_pct,161954,-0.0027,-0.013
SPY,22_bull_continuation,obv,161957,0.003,0.0019
SPY,22_bull_continuation,rvol,161957,0.0097,-0.0089
SPY,22_bull_continuation,rvol_10,161957,0.0031,-0.0088
SPY,22_bull_continuation,vwap,161957,0.0028,0.0034
SPY,22_bull_continuation,price_vs_vwap,161957,-0.018,0.0087
SPY,22_bull_continuation,price_vs_ema9,161955,-0.0396,-0.0152
SPY,22_bull_continuation,price_vs_ema20,161954,-0.0386,-0.0113
SPY,22_bull_continuation,consecutive_up,161957,-0.0042,-0.0121
SPY,22_bull_continuation,consecutive_down,161957,0.003,0.0118
SPY,22_bull_continuation,intraday_return,161957,-0.0301,-0.0155
SPY,22_bull_continuation,high_low_spread_pct,161957,-0.0198,-0.0108
SPY,22_bull_continuation,vix_close,161957,-0.0277,-0.0167
SPY,22_bull_continuation,total_gex,161589,0.001,-0.0
SPY,22_bull_continuation,total_vex,161589,-0.0019,-0.0024
SPY,22_bull_continuation,flip_price,100507,-0.0015,0.0038
SPY,22_bull_continuation,distance_to_king_pct,161454,-0.0036,0.0045
SPY,22_bull_continuation,distance_to_gate_pct,157653,0.0,0.0069
SPY,22_bull_reversal,rsi_9,108131,-0.0036,-0.0056
SPY,22_bull_reversal,rsi_14,108131,-0.0031,-0.0049
SPY,22_bull_reversal,stoch_rsi_k,108131,-0.0024,-0.0025
SPY,22_bull_reversal,stoch_rsi_d,108130,-0.0013,-0.0007
SPY,22_bull_reversal,ema_9,108129,0.0044,0.0019
SPY,22_bull_reversal,ema_20,108129,0.0044,0.0019
SPY,22_bull_reversal,ema_50,108126,0.0044,0.0019
SPY,22_bull_reversal,sma_50,108126,0.0044,0.0019
SPY,22_bull_reversal,sma_200,108110,0.0044,0.0018
SPY,22_bull_reversal,macd,108129,-0.0192,-0.0019
SPY,22_bull_reversal,macd_signal,108128,-0.015,-0.0004
SPY,22_bull_reversal,macd_histogram,108128,-0.0169,-0.0051
SPY,22_bull_reversal,atr_14,108131,0.0021,0.0102
SPY,22_bull_reversal,bb_upper,108129,0.0044,0.0019
SPY,22_bull_reversal,bb_lower,108129,0.0044,0.0019
SPY,22_bull_reversal,bb_width,108129,0.0037,0.0073
SPY,22_bull_reversal,bb_pct,108129,-0.0037,-0.0056
SPY,22_bull_reversal,obv,108131,0.0043,0.0004
SPY,22_bull_reversal,rvol,108131,0.0003,-0.0035
SPY,22_bull_reversal,rvol_10,108131,0.0017,-0.0056
SPY,22_bull_reversal,vwap,108131,0.0044,0.0018
SPY,22_bull_reversal,price_vs_vwap,108131,-0.0107,0.0062
SPY,22_bull_reversal,price_vs_ema9,108129,-0.0311,-0.0011
SPY,22_bull_reversal,price_vs_ema20,108129,-0.0379,-0.002
SPY,22_bull_reversal,consecutive_up,108131,-0.0009,-0.003
SPY,22_bull_reversal,consecutive_down,108131,0.0001,0.0052
SPY,22_bull_reversal,intraday_return,108131,-0.0217,0.0049
SPY,22_bull_reversal,high_low_spread_pct,108131,-0.0114,0.0103
SPY,22_bull_reversal,vix_close,108131,-0.011,-0.0036
SPY,22_bull_reversal,total_gex,107882,-0.004,-0.0048
SPY,22_bull_reversal,total_vex,107882,-0.0049,-0.002
SPY,22_bull_reversal,flip_price,66835,0.0031,0.0029
SPY,22_bull_reversal,distance_to_king_pct,107801,0.0034,0.0077
SPY,22_bull_reversal,distance_to_gate_pct,105232,0.0052,0.01
SPY,312_bear_reversal,rsi_9,6857,-0.0053,-0.008
SPY,312_bear_reversal,rsi_14,6857,-0.0002,-0.0076
SPY,312_bear_reversal,stoch_rsi_k,6857,-0.018,-0.0027
SPY,312_bear_reversal,stoch_rsi_d,6857,-0.0199,-0.0054
SPY,312_bear_reversal,ema_9,6857,0.0045,-0.0061
SPY,312_bear_reversal,ema_20,6857,0.0044,-0.0061
SPY,312_bear_reversal,ema_50,6857,0.0044,-0.006
SPY,312_bear_reversal,sma_50,6857,0.0044,-0.006
SPY,312_bear_reversal,sma_200,6856,0.0042,-0.0058
SPY,312_bear_reversal,macd,6857,0.0169,-0.002
SPY,312_bear_reversal,macd_signal,6857,0.0191,-0.0034
SPY,312_bear_reversal,macd_histogram,6857,-0.0037,-0.0113
SPY,312_bear_reversal,atr_14,6857,-0.0649,-0.0012
SPY,312_bear_reversal,bb_upper,6857,0.0043,-0.0062
SPY,312_bear_reversal,bb_lower,6857,0.0046,-0.0059
SPY,312_bear_reversal,bb_width,6857,-0.0436,0.0007
SPY,312_bear_reversal,bb_pct,6857,-0.0032,-0.0107
SPY,312_bear_reversal,obv,6857,0.0023,0.006
SPY,312_bear_reversal,rvol,6857,0.0239,0.0178
SPY,312_bear_reversal,rvol_10,6857,0.0056,0.0176
SPY,312_bear_reversal,vwap,6857,0.0041,-0.0061
SPY,312_bear_reversal,price_vs_vwap,6857,0.0414,0.0038
SPY,312_bear_reversal,price_vs_ema9,6857,0.0094,-0.003
SPY,312_bear_reversal,price_vs_ema20,6857,0.0113,-0.0035
SPY,312_bear_reversal,consecutive_up,6857,0.0016,0.0129
SPY,312_bear_reversal,consecutive_down,6857,-0.0019,-0.0094
SPY,312_bear_reversal,intraday_return,6857,0.0036,-0.0105
SPY,312_bear_reversal,high_low_spread_pct,6857,-0.0697,0.0128
SPY,312_bear_reversal,vix_close,6857,-0.072,-0.0195
SPY,312_bear_reversal,total_gex,6837,-0.0159,-0.0136
SPY,312_bear_reversal,total_vex,6837,-0.0037,0.0044
SPY,312_bear_reversal,flip_price,4322,0.0235,0.0148
SPY,312_bear_reversal,distance_to_king_pct,6833,0.0008,0.0019
SPY,312_bear_reversal,distance_to_gate_pct,6685,0.0128,0.0081
SPY,312_bull_reversal,rsi_9,9500,0.0024,-0.0009
SPY,312_bull_reversal,rsi_14,9500,0.0027,-0.0033
SPY,312_bull_reversal,stoch_rsi_k,9500,-0.0092,0.0049
SPY,312_bull_reversal,stoch_rsi_d,9500,-0.0117,0.0043
SPY,312_bull_reversal,ema_9,9500,-0.0072,-0.0026
SPY,312_bull_reversal,ema_20,9500,-0.0072,-0.0026
SPY,312_bull_reversal,ema_50,9499,-0.007,-0.0023
SPY,312_bull_reversal,sma_50,9499,-0.007,-0.0023
SPY,312_bull_reversal,sma_200,9496,-0.0067,-0.0019
SPY,312_bull_reversal,macd,9500,0.0041,-0.0049
SPY,312_bull_reversal,macd_signal,9500,0.0067,-0.0075
SPY,312_bull_reversal,macd_histogram,9500,-0.0091,0.005
SPY,312_bull_reversal,atr_14,9500,0.0161,-0.0003
SPY,312_bull_reversal,bb_upper,9500,-0.0071,-0.0026
SPY,312_bull_reversal,bb_lower,9500,-0.0072,-0.0025
SPY,312_bull_reversal,bb_width,9500,0.0021,-0.0001
SPY,312_bull_reversal,bb_pct,9500,-0.0028,-0.0034
SPY,312_bull_reversal,obv,9500,-0.0032,0.0023
SPY,312_bull_reversal,rvol,9500,0.0123,-0.0065
SPY,312_bull_reversal,rvol_10,9500,0.0127,-0.0028
SPY,312_bull_reversal,vwap,9500,-0.0069,-0.0026
SPY,312_bull_reversal,price_vs_vwap,9500,-0.0357,-0.0098
SPY,312_bull_reversal,price_vs_ema9,9500,0.0331,0.0025
SPY,312_bull_reversal,price_vs_ema20,9500,0.0266,-0.0018
SPY,312_bull_reversal,consecutive_up,9500,0.0069,-0.0026
SPY,312_bull_reversal,consecutive_down,9500,0.0032,0.0112
SPY,312_bull_reversal,intraday_return,9500,0.057,0.0007
SPY,312_bull_reversal,high_low_spread_pct,9500,0.0347,0.0009
SPY,312_bull_reversal,vix_close,9500,0.0223,-0.016
SPY,312_bull_reversal,total_gex,9482,-0.0075,0.0075
SPY,312_bull_reversal,total_vex,9482,0.0048,0.0058
SPY,312_bull_reversal,flip_price,5949,-0.0058,-0.0072
SPY,312_bull_reversal,distance_to_king_pct,9478,-0.0139,-0.0054
SPY,312_bull_reversal,distance_to_gate_pct,9237,-0.02,-0.0057
SPY,322_bear_continuation,rsi_9,12405,-0.0057,-0.0037
SPY,322_bear_continuation,rsi_14,12405,-0.0042,-0.0043
SPY,322_bear_continuation,stoch_rsi_k,12405,-0.0075,0.0011
SPY,322_bear_continuation,stoch_rsi_d,12405,-0.0099,-0.0016
SPY,322_bear_continuation,ema_9,12405,-0.0133,-0.0064
SPY,322_bear_continuation,ema_20,12405,-0.0133,-0.0064
SPY,322_bear_continuation,ema_50,12405,-0.0132,-0.0063
SPY,322_bear_continuation,sma_50,12405,-0.0132,-0.0063
SPY,322_bear_continuation,sma_200,12402,-0.0132,-0.0066
SPY,322_bear_continuation,macd,12405,-0.0169,-0.0076
SPY,322_bear_continuation,macd_signal,12405,-0.0103,-0.0048
SPY,322_bear_continuation,macd_histogram,12405,-0.0251,-0.0141
SPY,322_bear_continuation,atr_14,12405,0.0227,0.0062
SPY,322_bear_continuation,bb_upper,12405,-0.0132,-0.0064
SPY,322_bear_continuation,bb_lower,12405,-0.0133,-0.0064
SPY,322_bear_continuation,bb_width,12405,0.0038,0.0169
SPY,322_bear_continuation,bb_pct,12405,-0.0105,-0.0046
SPY,322_bear_continuation,obv,12405,-0.0103,-0.008
SPY,322_bear_continuation,rvol,12405,0.0022,-0.0096
SPY,322_bear_continuation,rvol_10,12405,-0.0007,-0.009
SPY,322_bear_continuation,vwap,12405,-0.0132,-0.0063
SPY,322_bear_continuation,price_vs_vwap,12405,-0.0289,0.0014
SPY,322_bear_continuation,price_vs_ema9,12405,-0.0804,-0.0114
SPY,322_bear_continuation,price_vs_ema20,12405,-0.068,-0.0115
SPY,322_bear_continuation,consecutive_up,12405,0.0043,0.0012
SPY,322_bear_continuation,consecutive_down,12405,-0.0066,-0.0029
SPY,322_bear_continuation,intraday_return,12405,-0.0665,-0.0138
SPY,322_bear_continuation,high_low_spread_pct,12405,0.0426,0.0047
SPY,322_bear_continuation,vix_close,12405,0.0194,-0.0129
SPY,322_bear_continuation,total_gex,12383,-0.0034,0.0097
SPY,322_bear_continuation,total_vex,12383,0.0101,0.0058
SPY,322_bear_continuation,flip_price,7226,0.011,0.0197
SPY,322_bear_continuation,distance_to_king_pct,12377,-0.0075,-0.0113
SPY,322_bear_continuation,distance_to_gate_pct,12094,-0.015,-0.0111
SPY,322_bull_continuation,rsi_9,12712,-0.01,-0.0009
SPY,322_bull_continuation,rsi_14,12712,-0.0075,0.0001
SPY,322_bull_continuation,stoch_rsi_k,12712,-0.0106,-0.0123
SPY,322_bull_continuation,stoch_rsi_d,12712,-0.0092,-0.0067
SPY,322_bull_continuation,ema_9,12712,-0.0003,0.0072
SPY,322_bull_continuation,ema_20,12712,-0.0003,0.0072
SPY,322_bull_continuation,ema_50,12711,-0.0002,0.0073
SPY,322_bull_continuation,sma_50,12711,-0.0002,0.0073
SPY,322_bull_continuation,sma_200,12708,-0.0003,0.0073
SPY,322_bull_continuation,macd,12712,-0.0086,0.0028
SPY,322_bull_continuation,macd_signal,12712,-0.0077,0.0083
SPY,322_bull_continuation,macd_histogram,12712,-0.0034,-0.0118
SPY,322_bull_continuation,atr_14,12712,-0.0018,-0.0038
SPY,322_bull_continuation,bb_upper,12712,-0.0004,0.007
SPY,322_bull_continuation,bb_lower,12712,-0.0003,0.0073
SPY,322_bull_continuation,bb_width,12712,-0.0106,-0.0118
SPY,322_bull_continuation,bb_pct,12712,-0.0142,-0.0006
SPY,322_bull_continuation,obv,12712,0.0018,0.0142
SPY,322_bull_continuation,rvol,12712,-0.0162,-0.0086
SPY,322_bull_continuation,rvol_10,12712,-0.0081,-0.0074
SPY,322_bull_continuation,vwap,12712,-0.0004,0.007
SPY,322_bull_continuation,price_vs_vwap,12712,-0.0014,0.0048
SPY,322_bull_continuation,price_vs_ema9,12712,-0.025,-0.0065
SPY,322_bull_continuation,price_vs_ema20,12712,-0.0236,0.0031
SPY,322_bull_continuation,consecutive_up,12712,-0.0087,-0.0046
SPY,322_bull_continuation,consecutive_down,12712,0.0075,0.009
SPY,322_bull_continuation,intraday_return,12712,0.0102,-0.0041
SPY,322_bull_continuation,high_low_spread_pct,12712,-0.017,-0.0096
SPY,322_bull_continuation,vix_close,12712,-0.0236,-0.0196
SPY,322_bull_continuation,total_gex,12692,-0.0075,-0.0109
SPY,322_bull_continuation,total_vex,12692,-0.0004,-0.0083
SPY,322_bull_continuation,flip_price,7511,-0.0149,-0.0004
SPY,322_bull_continuation,distance_to_king_pct,12683,0.0045,0.0072
SPY,322_bull_continuation,distance_to_gate_pct,12375,-0.0038,0.0078
SPY,32_bear_reversal,rsi_9,3064,0.0058,0.0051
SPY,32_bear_reversal,rsi_14,3064,0.0097,0.0133
SPY,32_bear_reversal,stoch_rsi_k,3064,-0.0063,-0.0193
SPY,32_bear_reversal,stoch_rsi_d,3064,-0.007,-0.0211
SPY,32_bear_reversal,ema_9,3064,-0.0213,-0.0048
SPY,32_bear_reversal,ema_20,3064,-0.0213,-0.0049
SPY,32_bear_reversal,ema_50,3064,-0.0213,-0.0049
SPY,32_bear_reversal,sma_50,3064,-0.0214,-0.005
SPY,32_bear_reversal,sma_200,3063,-0.0214,-0.0055
SPY,32_bear_reversal,macd,3064,0.0001,0.02
SPY,32_bear_reversal,macd_signal,3064,0.007,0.0301
SPY,32_bear_reversal,macd_histogram,3064,-0.0232,-0.032
SPY,32_bear_reversal,atr_14,3064,0.0673,0.0432
SPY,32_bear_reversal,bb_upper,3064,-0.021,-0.0046
SPY,32_bear_reversal,bb_lower,3064,-0.0216,-0.0049
SPY,32_bear_reversal,bb_width,3064,0.0583,0.0477
SPY,32_bear_reversal,bb_pct,3064,-0.005,-0.0091
SPY,32_bear_reversal,obv,3064,-0.0003,0.0122
SPY,32_bear_reversal,rvol,3064,-0.0104,-0.0356
SPY,32_bear_reversal,rvol_10,3064,-0.0201,-0.0293
SPY,32_bear_reversal,vwap,3064,-0.0215,-0.0047
SPY,32_bear_reversal,price_vs_vwap,3064,0.0145,0.0102
SPY,32_bear_reversal,price_vs_ema9,3064,-0.0333,-0.0094
SPY,32_bear_reversal,price_vs_ema20,3064,-0.0283,0.0016
SPY,32_bear_reversal,consecutive_up,3064,-0.0071,0.0156
SPY,32_bear_reversal,consecutive_down,3064,0.0183,-0.0027
SPY,32_bear_reversal,intraday_return,3064,-0.0451,-0.0081
SPY,32_bear_reversal,high_low_spread_pct,3064,0.069,0.0174
SPY,32_bear_reversal,vix_close,3064,0.079,0.0072
SPY,32_bear_reversal,total_gex,3056,-0.026,-0.0392
SPY,32_bear_reversal,total_vex,3056,0.0144,0.0004
SPY,32_bear_reversal,flip_price,1776,-0.0169,0.0072
SPY,32_bear_reversal,distance_to_king_pct,3055,0.0066,0.0025
SPY,32_bear_reversal,distance_to_gate_pct,2984,0.0062,0.0139
SPY,32_bull_reversal,rsi_9,3425,-0.0368,-0.0132
SPY,32_bull_reversal,rsi_14,3425,-0.0318,-0.0084
SPY,32_bull_reversal,stoch_rsi_k,3425,-0.032,-0.0132
SPY,32_bull_reversal,stoch_rsi_d,3425,-0.0319,-0.0129
SPY,32_bull_reversal,ema_9,3425,0.0031,0.0176
SPY,32_bull_reversal,ema_20,3425,0.0031,0.0176
SPY,32_bull_reversal,ema_50,3425,0.0032,0.0177
SPY,32_bull_reversal,sma_50,3425,0.0032,0.0177
SPY,32_bull_reversal,sma_200,3424,0.003,0.0172
SPY,32_bull_reversal,macd,3425,-0.0426,0.0048
SPY,32_bull_reversal,macd_signal,3425,-0.0368,0.0112
SPY,32_bull_reversal,macd_histogram,3425,-0.0196,-0.0145
SPY,32_bull_reversal,atr_14,3425,0.0184,0.0214
SPY,32_bull_reversal,bb_upper,3425,0.0031,0.0177
SPY,32_bull_reversal,bb_lower,3425,0.0031,0.0177
SPY,32_bull_reversal,bb_width,3425,0.001,0.0172
SPY,32_bull_reversal,bb_pct,3425,-0.0308,-0.0171
SPY,32_bull_reversal,obv,3425,0.0068,0.0214
SPY,32_bull_reversal,rvol,3425,0.0004,-0.004
SPY,32_bull_reversal,rvol_10,3425,0.0039,-0.0075
SPY,32_bull_reversal,vwap,3425,0.0034,0.0178
SPY,32_bull_reversal,price_vs_vwap,3425,-0.0572,0.0017
SPY,32_bull_reversal,price_vs_ema9,3425,-0.0319,-0.0021
SPY,32_bull_reversal,price_vs_ema20,3425,-0.0444,-0.004
SPY,32_bull_reversal,consecutive_up,3425,-0.0182,0.0044
SPY,32_bull_reversal,consecutive_down,3425,0.0188,0.0017
SPY,32_bull_reversal,intraday_return,3425,0.0513,0.008
SPY,32_bull_reversal,high_low_spread_pct,3425,0.0318,0.0104
SPY,32_bull_reversal,vix_close,3425,0.0097,-0.0256
SPY,32_bull_reversal,total_gex,3417,0.0077,0.003
SPY,32_bull_reversal,total_vex,3417,-0.0057,-0.0162
SPY,32_bull_reversal,flip_price,2024,-0.0094,-0.0182
SPY,32_bull_reversal,distance_to_king_pct,3417,0.0044,0.015
SPY,32_bull_reversal,distance_to_gate_pct,3333,-0.0041,0.0151
SPY,clean_2d_bear,rsi_9,17973,-0.02,-0.0154
SPY,clean_2d_bear,rsi_14,17973,-0.0207,-0.0153
SPY,clean_2d_bear,stoch_rsi_k,17972,-0.0149,-0.0043
SPY,clean_2d_bear,stoch_rsi_d,17972,-0.0162,-0.0058
SPY,clean_2d_bear,ema_9,17972,-0.0055,-0.0019
SPY,clean_2d_bear,ema_20,17972,-0.0054,-0.0018
SPY,clean_2d_bear,ema_50,17972,-0.0052,-0.0018
SPY,clean_2d_bear,sma_50,17972,-0.0052,-0.0017
SPY,clean_2d_bear,sma_200,17969,-0.0051,-0.0017
SPY,clean_2d_bear,macd,17972,-0.0673,-0.0142
SPY,clean_2d_bear,macd_signal,17972,-0.0478,-0.0092
SPY,clean_2d_bear,macd_histogram,17972,-0.0732,-0.0092
SPY,clean_2d_bear,atr_14,17973,0.0181,0.0092
SPY,clean_2d_bear,bb_upper,17972,-0.0053,-0.0017
SPY,clean_2d_bear,bb_lower,17972,-0.0054,-0.0019
SPY,clean_2d_bear,bb_width,17972,0.0076,0.0131
SPY,clean_2d_bear,bb_pct,17972,-0.017,-0.0113
SPY,clean_2d_bear,obv,17973,-0.0024,0.0038
SPY,clean_2d_bear,rvol,17973,-0.0045,0.0003
SPY,clean_2d_bear,rvol_10,17973,-0.002,-0.0004
SPY,clean_2d_bear,vwap,17973,-0.0053,-0.0017
SPY,clean_2d_bear,price_vs_vwap,17973,-0.0514,-0.0062
SPY,clean_2d_bear,price_vs_ema9,17972,-0.1071,-0.017
SPY,clean_2d_bear,price_vs_ema20,17972,-0.119,-0.0142
SPY,clean_2d_bear,consecutive_up,17973,-0.0101,-0.013
SPY,clean_2d_bear,consecutive_down,17973,0.0056,0.0105
SPY,clean_2d_bear,intraday_return,17973,-0.0451,-0.0173
SPY,clean_2d_bear,high_low_spread_pct,17973,0.0274,0.0165
SPY,clean_2d_bear,vix_close,17973,0.0123,-0.001
SPY,clean_2d_bear,total_gex,17917,-0.0076,-0.007
SPY,clean_2d_bear,total_vex,17917,0.0023,0.0
SPY,clean_2d_bear,flip_price,11268,-0.0044,0.0049
SPY,clean_2d_bear,distance_to_king_pct,17904,-0.0052,0.0088
SPY,clean_2d_bear,distance_to_gate_pct,17525,-0.0107,0.0062
SPY,clean_2u_bull,rsi_9,18107,0.0026,-0.0035
SPY,clean_2u_bull,rsi_14,18107,0.0046,-0.0013
SPY,clean_2u_bull,stoch_rsi_k,18107,-0.0043,-0.0056
SPY,clean_2u_bull,stoch_rsi_d,18107,-0.0024,-0.0015
SPY,clean_2u_bull,ema_9,18107,0.0068,0.0224
SPY,clean_2u_bull,ema_20,18107,0.0068,0.0224
SPY,clean_2u_bull,ema_50,18105,0.0069,0.0226
SPY,clean_2u_bull,sma_50,18105,0.007,0.0226
SPY,clean_2u_bull,sma_200,18105,0.0068,0.0225
SPY,clean_2u_bull,macd,18107,0.0038,0.0016
SPY,clean_2u_bull,macd_signal,18107,0.0006,0.0042
SPY,clean_2u_bull,macd_histogram,18107,0.0112,-0.0023
SPY,clean_2u_bull,atr_14,18107,-0.0056,0.0074
SPY,clean_2u_bull,bb_upper,18107,0.0067,0.0223
SPY,clean_2u_bull,bb_lower,18107,0.0069,0.0224
SPY,clean_2u_bull,bb_width,18107,-0.0164,0.0016
SPY,clean_2u_bull,bb_pct,18107,-0.0033,-0.0042
SPY,clean_2u_bull,obv,18107,0.0066,0.0205
SPY,clean_2u_bull,rvol,18107,0.0153,-0.0095
SPY,clean_2u_bull,rvol_10,18107,-0.0041,-0.0097
SPY,clean_2u_bull,vwap,18107,0.0066,0.0223
SPY,clean_2u_bull,price_vs_vwap,18107,0.0207,-0.0011
SPY,clean_2u_bull,price_vs_ema9,18107,-0.0274,-0.0069
SPY,clean_2u_bull,price_vs_ema20,18107,-0.0157,-0.0022
SPY,clean_2u_bull,consecutive_up,18107,-0.0106,-0.0055
SPY,clean_2u_bull,consecutive_down,18107,0.0118,0.0069
SPY,clean_2u_bull,intraday_return,18107,-0.0159,-0.0066
SPY,clean_2u_bull,high_low_spread_pct,18107,-0.0127,0.0021
SPY,clean_2u_bull,vix_close,18107,-0.0245,-0.009
SPY,clean_2u_bull,total_gex,18066,-0.0092,-0.0007
SPY,clean_2u_bull,total_vex,18066,-0.0054,-0.0216
SPY,clean_2u_bull,flip_price,11466,-0.0006,0.0227
SPY,clean_2u_bull,distance_to_king_pct,18054,0.0166,0.0252
SPY,clean_2u_bull,distance_to_gate_pct,17620,0.0128,0.0251
SPY,f2d_bull_reversal,rsi_9,6103,-0.0074,0.0108
SPY,f2d_bull_reversal,rsi_14,6103,-0.0064,0.014
SPY,f2d_bull_reversal,stoch_rsi_k,6103,-0.0067,-0.0011
SPY,f2d_bull_reversal,stoch_rsi_d,6103,-0.0045,0.0046
SPY,f2d_bull_reversal,ema_9,6103,0.014,0.0232
SPY,f2d_bull_reversal,ema_20,6103,0.0141,0.0232
SPY,f2d_bull_reversal,ema_50,6103,0.0141,0.0232
SPY,f2d_bull_reversal,sma_50,6103,0.0142,0.0232
SPY,f2d_bull_reversal,sma_200,6102,0.0143,0.0228
SPY,f2d_bull_reversal,macd,6103,-0.0299,0.0196
SPY,f2d_bull_reversal,macd_signal,6103,-0.0335,0.0187
SPY,f2d_bull_reversal,macd_histogram,6103,0.0069,0.0014
SPY,f2d_bull_reversal,atr_14,6103,-0.0403,0.007
SPY,f2d_bull_reversal,bb_upper,6103,0.0139,0.0231
SPY,f2d_bull_reversal,bb_lower,6103,0.0142,0.0232
SPY,f2d_bull_reversal,bb_width,6103,-0.0328,0.0138
SPY,f2d_bull_reversal,bb_pct,6103,-0.0068,0.0057
SPY,f2d_bull_reversal,obv,6103,0.0116,0.018
SPY,f2d_bull_reversal,rvol,6103,-0.0209,0.0
SPY,f2d_bull_reversal,rvol_10,6103,-0.018,-0.0016
SPY,f2d_bull_reversal,vwap,6103,0.0139,0.0227
SPY,f2d_bull_reversal,price_vs_vwap,6103,0.0175,0.0392
SPY,f2d_bull_reversal,price_vs_ema9,6103,-0.0298,0.0176
SPY,f2d_bull_reversal,price_vs_ema20,6103,-0.0422,0.02
SPY,f2d_bull_reversal,consecutive_up,6103,-0.0201,-0.0054
SPY,f2d_bull_reversal,consecutive_down,6103,0.0165,0.0071
SPY,f2d_bull_reversal,intraday_return,6103,-0.0183,-0.0295
SPY,f2d_bull_reversal,high_low_spread_pct,6103,-0.0573,-0.0168
SPY,f2d_bull_reversal,vix_close,6103,-0.0724,-0.0303
SPY,f2d_bull_reversal,total_gex,6090,-0.0043,-0.0048
SPY,f2d_bull_reversal,total_vex,6090,-0.0115,-0.0255
SPY,f2d_bull_reversal,flip_price,3587,0.0193,0.0178
SPY,f2d_bull_reversal,distance_to_king_pct,6085,0.0059,0.0226
SPY,f2d_bull_reversal,distance_to_gate_pct,5928,0.0155,0.0211
SPY,f2u_bear_reversal,rsi_9,5923,-0.007,0.0042
SPY,f2u_bear_reversal,rsi_14,5923,-0.0032,0.0029
SPY,f2u_bear_reversal,stoch_rsi_k,5923,-0.0238,0.0039
SPY,f2u_bear_reversal,stoch_rsi_d,5923,-0.0158,0.0109
SPY,f2u_bear_reversal,ema_9,5923,0.0072,0.006
SPY,f2u_bear_reversal,ema_20,5923,0.0072,0.006
SPY,f2u_bear_reversal,ema_50,5923,0.0072,0.0061
SPY,f2u_bear_reversal,sma_50,5923,0.0072,0.0061
SPY,f2u_bear_reversal,sma_200,5922,0.007,0.0055
SPY,f2u_bear_reversal,macd,5923,-0.011,0.0049
SPY,f2u_bear_reversal,macd_signal,5923,0.0014,-0.0
SPY,f2u_bear_reversal,macd_histogram,5923,-0.0486,0.0036
SPY,f2u_bear_reversal,atr_14,5923,0.0198,-0.0217
SPY,f2u_bear_reversal,bb_upper,5923,0.0073,0.0059
SPY,f2u_bear_reversal,bb_lower,5923,0.0072,0.0063
SPY,f2u_bear_reversal,bb_width,5923,0.0107,-0.0174
SPY,f2u_bear_reversal,bb_pct,5923,0.0003,0.0084
SPY,f2u_bear_reversal,obv,5923,0.0155,0.0098
SPY,f2u_bear_reversal,rvol,5923,-0.029,0.0004
SPY,f2u_bear_reversal,rvol_10,5923,-0.026,0.0022
SPY,f2u_bear_reversal,vwap,5923,0.0068,0.006
SPY,f2u_bear_reversal,price_vs_vwap,5923,0.0314,-0.0002
SPY,f2u_bear_reversal,price_vs_ema9,5923,-0.0214,0.0017
SPY,f2u_bear_reversal,price_vs_ema20,5923,-0.0148,0.0071
SPY,f2u_bear_reversal,consecutive_up,5923,0.0031,-0.0071
SPY,f2u_bear_reversal,consecutive_down,5923,-0.0073,0.0024
SPY,f2u_bear_reversal,intraday_return,5923,-0.0403,0.019
SPY,f2u_bear_reversal,high_low_spread_pct,5923,0.0044,-0.0306
SPY,f2u_bear_reversal,vix_close,5923,-0.0266,-0.041
SPY,f2u_bear_reversal,total_gex,5909,0.0086,0.026
SPY,f2u_bear_reversal,total_vex,5909,-0.0061,-0.004
SPY,f2u_bear_reversal,flip_price,3523,-0.0,0.0061
SPY,f2u_bear_reversal,distance_to_king_pct,5906,0.0033,0.0071
SPY,f2u_bear_reversal,distance_to_gate_pct,5768,0.0058,-0.0025
SPY,none,rsi_9,212682,-0.0056,-0.0132
SPY,none,rsi_14,212682,-0.0045,-0.0119
SPY,none,stoch_rsi_k,212681,-0.0074,-0.0109
SPY,none,stoch_rsi_d,212681,-0.0066,-0.0099
SPY,none,ema_9,212681,0.0001,0.0042
SPY,none,ema_20,212678,0.0001,0.0042
SPY,none,ema_50,212674,0.0001,0.0043
SPY,none,sma_50,212674,0.0001,0.0043
SPY,none,sma_200,212642,0.0002,0.0043
SPY,none,macd,212678,-0.0104,-0.004
SPY,none,macd_signal,212678,-0.0089,-0.0017
SPY,none,macd_histogram,212678,-0.0067,-0.0102
SPY,none,atr_14,212682,0.0074,0.0076
SPY,none,bb_upper,212678,0.0001,0.0042
SPY,none,bb_lower,212678,0.0001,0.0043
SPY,none,bb_width,212678,0.0014,0.0062
SPY,none,bb_pct,212678,-0.0071,-0.0135
SPY,none,obv,212682,0.002,0.0065
SPY,none,rvol,212682,0.0079,0.0004
SPY,none,rvol_10,212682,-0.0014,-0.0002
SPY,none,vwap,212682,0.0001,0.0042
SPY,none,price_vs_vwap,212682,-0.0083,0.0023
SPY,none,price_vs_ema9,212681,-0.0195,-0.0125
SPY,none,price_vs_ema20,212678,-0.0206,-0.0086
SPY,none,consecutive_up,212682,-0.0048,-0.0074
SPY,none,consecutive_down,212682,0.0058,0.0103
SPY,none,intraday_return,212682,0.0046,-0.0015
SPY,none,high_low_spread_pct,212682,0.0069,0.0066
SPY,none,vix_close,212682,-0.0072,-0.0098
SPY,none,total_gex,212167,-0.0031,-0.0005
SPY,none,total_vex,212167,-0.0013,-0.0044
SPY,none,flip_price,135374,-0.0013,0.0041
SPY,none,distance_to_king_pct,211991,-0.0011,0.0069
SPY,none,distance_to_gate_pct,207000,0.0003,0.0075
