ticker,strat_combo,feature,n,pearson,spearman
IWM,11_inside_compression,rsi_9,363,-0.0232,-0.0467
IWM,11_inside_compression,rsi_14,363,-0.036,-0.0451
IWM,11_inside_compression,stoch_rsi_k,363,-0.019,-0.0858
IWM,11_inside_compression,stoch_rsi_d,363,-0.0214,-0.0836
IWM,11_inside_compression,ema_9,363,-0.1416,-0.0887
IWM,11_inside_compression,ema_20,363,-0.1415,-0.0873
IWM,11_inside_compression,ema_50,363,-0.139,-0.0875
IWM,11_inside_compression,sma_50,363,-0.1393,-0.0881
IWM,11_inside_compression,sma_200,363,-0.1272,-0.0773
IWM,11_inside_compression,macd,363,-0.0462,-0.014
IWM,11_inside_compression,macd_signal,363,-0.0701,-0.0215
IWM,11_inside_compression,macd_histogram,363,0.0547,-0.0297
IWM,11_inside_compression,atr_14,363,0.1064,0.0582
IWM,11_inside_compression,bb_upper,363,-0.1372,-0.0839
IWM,11_inside_compression,bb_lower,363,-0.1467,-0.0926
IWM,11_inside_compression,bb_width,363,0.1118,0.0947
IWM,11_inside_compression,bb_pct,363,-0.0145,-0.0449
IWM,11_inside_compression,obv,363,-0.0759,-0.0542
IWM,11_inside_compression,rvol,363,0.1666,0.1165
IWM,11_inside_compression,rvol_10,363,0.1497,0.097
IWM,11_inside_compression,vwap,363,-0.1413,-0.089
IWM,11_inside_compression,price_vs_vwap,363,0.0084,-0.0498
IWM,11_inside_compression,price_vs_ema9,363,-0.0131,-0.0184
IWM,11_inside_compression,price_vs_ema20,363,-0.0239,-0.0184
IWM,11_inside_compression,consecutive_up,363,-0.0186,-0.0567
IWM,11_inside_compression,consecutive_down,363,0.0198,0.059
IWM,11_inside_compression,intraday_return,363,-0.0275,0.0171
IWM,11_inside_compression,high_low_spread_pct,363,0.1878,0.1846
IWM,11_inside_compression,vix_close,363,0.1184,0.0419
IWM,11_inside_compression,total_gex,363,-0.0404,-0.0292
IWM,11_inside_compression,total_vex,363,0.0821,0.0478
IWM,11_inside_compression,flip_price,90,-0.148,-0.0926
IWM,11_inside_compression,distance_to_king_pct,363,-0.0427,-0.0317
IWM,11_inside_compression,distance_to_gate_pct,354,-0.0339,-0.0161
IWM,132_bear_continuation,rsi_9,224,0.0232,-0.0415
IWM,132_bear_continuation,rsi_14,224,0.0016,-0.0634
IWM,132_bear_continuation,stoch_rsi_k,224,0.1374,0.0715
IWM,132_bear_continuation,stoch_rsi_d,224,0.1291,0.0593
IWM,132_bear_continuation,ema_9,224,0.0636,0.0628
IWM,132_bear_continuation,ema_20,224,0.0638,0.0627
IWM,132_bear_continuation,ema_50,224,0.0673,0.07
IWM,132_bear_continuation,sma_50,224,0.0685,0.0715
IWM,132_bear_continuation,sma_200,222,0.0627,0.0603
IWM,132_bear_continuation,macd,224,-0.0698,-0.0977
IWM,132_bear_continuation,macd_signal,224,-0.1253,-0.1033
IWM,132_bear_continuation,macd_histogram,224,0.1861,0.0522
IWM,132_bear_continuation,atr_14,224,0.1011,0.0826
IWM,132_bear_continuation,bb_upper,224,0.0657,0.0629
IWM,132_bear_continuation,bb_lower,224,0.0581,0.063
IWM,132_bear_continuation,bb_width,224,0.1476,0.0147
IWM,132_bear_continuation,bb_pct,224,-0.0004,-0.075
IWM,132_bear_continuation,obv,224,0.0734,0.0557
IWM,132_bear_continuation,rvol,224,0.0102,-0.0335
IWM,132_bear_continuation,rvol_10,224,0.0097,-0.031
IWM,132_bear_continuation,vwap,224,0.061,0.0608
IWM,132_bear_continuation,price_vs_vwap,224,0.0834,-0.0446
IWM,132_bear_continuation,price_vs_ema9,224,-0.0089,-0.0366
IWM,132_bear_continuation,price_vs_ema20,224,0.0038,-0.0578
IWM,132_bear_continuation,consecutive_up,224,0.0093,0.0126
IWM,132_bear_continuation,consecutive_down,224,0.0043,0.0085
IWM,132_bear_continuation,intraday_return,224,0.0162,-0.0492
IWM,132_bear_continuation,high_low_spread_pct,224,0.0097,0.021
IWM,132_bear_continuation,vix_close,224,0.0284,0.0444
IWM,132_bear_continuation,total_gex,224,-0.2171,-0.2487
IWM,132_bear_continuation,total_vex,224,-0.0872,-0.0605
IWM,132_bear_continuation,flip_price,46,-0.1718,-0.0677
IWM,132_bear_continuation,distance_to_king_pct,224,0.0744,0.0831
IWM,132_bear_continuation,distance_to_gate_pct,221,0.0567,0.0404
IWM,132_bull_continuation,rsi_9,264,-0.015,-0.0013
IWM,132_bull_continuation,rsi_14,264,-0.0089,0.0064
IWM,132_bull_continuation,stoch_rsi_k,264,0.0183,-0.0077
IWM,132_bull_continuation,stoch_rsi_d,264,0.0243,-0.0082
IWM,132_bull_continuation,ema_9,264,-0.0854,-0.0715
IWM,132_bull_continuation,ema_20,264,-0.086,-0.072
IWM,132_bull_continuation,ema_50,264,-0.0877,-0.0772
IWM,132_bull_continuation,sma_50,264,-0.0892,-0.0775
IWM,132_bull_continuation,sma_200,263,-0.1007,-0.0922
IWM,132_bull_continuation,macd,264,0.0523,0.0193
IWM,132_bull_continuation,macd_signal,264,0.0676,0.0212
IWM,132_bull_continuation,macd_histogram,264,-0.0529,0.0177
IWM,132_bull_continuation,atr_14,264,-0.0539,0.0238
IWM,132_bull_continuation,bb_upper,264,-0.0852,-0.0702
IWM,132_bull_continuation,bb_lower,264,-0.087,-0.0745
IWM,132_bull_continuation,bb_width,264,0.0006,0.0661
IWM,132_bull_continuation,bb_pct,264,-0.0314,-0.0134
IWM,132_bull_continuation,obv,264,-0.0586,-0.0575
IWM,132_bull_continuation,rvol,264,-0.1075,-0.0622
IWM,132_bull_continuation,rvol_10,264,-0.0991,-0.0518
IWM,132_bull_continuation,vwap,264,-0.0855,-0.0702
IWM,132_bull_continuation,price_vs_vwap,264,-0.0604,-0.0429
IWM,132_bull_continuation,price_vs_ema9,264,-0.0614,0.0203
IWM,132_bull_continuation,price_vs_ema20,264,-0.0008,0.0323
IWM,132_bull_continuation,consecutive_up,264,-0.0317,-0.0579
IWM,132_bull_continuation,consecutive_down,264,0.0448,0.0697
IWM,132_bull_continuation,intraday_return,264,-0.0369,0.0394
IWM,132_bull_continuation,high_low_spread_pct,264,-0.0442,-0.0397
IWM,132_bull_continuation,vix_close,264,0.0589,0.0581
IWM,132_bull_continuation,total_gex,264,0.0336,0.0446
IWM,132_bull_continuation,total_vex,264,0.0795,0.0714
IWM,132_bull_continuation,flip_price,59,-0.2088,-0.2443
IWM,132_bull_continuation,distance_to_king_pct,264,-0.0656,-0.0477
IWM,132_bull_continuation,distance_to_gate_pct,256,0.0136,0.0153
IWM,212_bear_continuation,rsi_9,576,-0.0192,-0.0274
IWM,212_bear_continuation,rsi_14,576,-0.0008,-0.0224
IWM,212_bear_continuation,stoch_rsi_k,576,-0.0679,-0.0379
IWM,212_bear_continuation,stoch_rsi_d,576,-0.0503,-0.0133
IWM,212_bear_continuation,ema_9,576,0.0676,0.049
IWM,212_bear_continuation,ema_20,575,0.0686,0.0523
IWM,212_bear_continuation,ema_50,575,0.0658,0.0511
IWM,212_bear_continuation,sma_50,575,0.0651,0.0516
IWM,212_bear_continuation,sma_200,572,0.0488,0.0349
IWM,212_bear_continuation,macd,575,0.0825,-0.0027
IWM,212_bear_continuation,macd_signal,575,0.1007,0.0094
IWM,212_bear_continuation,macd_histogram,575,-0.0367,-0.027
IWM,212_bear_continuation,atr_14,576,-0.0788,0.0116
IWM,212_bear_continuation,bb_upper,575,0.0651,0.051
IWM,212_bear_continuation,bb_lower,575,0.0718,0.0532
IWM,212_bear_continuation,bb_width,575,-0.0728,0.0018
IWM,212_bear_continuation,bb_pct,575,-0.0302,-0.0276
IWM,212_bear_continuation,obv,576,0.0687,0.0559
IWM,212_bear_continuation,rvol,576,0.0886,0.0991
IWM,212_bear_continuation,rvol_10,576,0.0755,0.0751
IWM,212_bear_continuation,vwap,576,0.0679,0.05
IWM,212_bear_continuation,price_vs_vwap,576,-0.0279,-0.0613
IWM,212_bear_continuation,price_vs_ema9,576,0.0165,-0.0282
IWM,212_bear_continuation,price_vs_ema20,575,0.0503,-0.0101
IWM,212_bear_continuation,consecutive_up,576,0.0051,-0.0067
IWM,212_bear_continuation,consecutive_down,576,0.0017,0.0203
IWM,212_bear_continuation,intraday_return,576,-0.0343,-0.0653
IWM,212_bear_continuation,high_low_spread_pct,576,-0.0613,0.0021
IWM,212_bear_continuation,vix_close,576,-0.1549,-0.073
IWM,212_bear_continuation,total_gex,574,0.0092,0.006
IWM,212_bear_continuation,total_vex,574,-0.0656,-0.0535
IWM,212_bear_continuation,flip_price,147,-0.0351,-0.0454
IWM,212_bear_continuation,distance_to_king_pct,574,0.0964,0.0921
IWM,212_bear_continuation,distance_to_gate_pct,565,0.1535,0.1115
IWM,212_bear_reversal,rsi_9,977,0.0738,0.0734
IWM,212_bear_reversal,rsi_14,977,0.0732,0.0752
IWM,212_bear_reversal,stoch_rsi_k,977,0.0535,0.0358
IWM,212_bear_reversal,stoch_rsi_d,977,0.0482,0.0364
IWM,212_bear_reversal,ema_9,977,0.0162,0.0322
IWM,212_bear_reversal,ema_20,977,0.015,0.0312
IWM,212_bear_reversal,ema_50,976,0.0127,0.0277
IWM,212_bear_reversal,sma_50,976,0.0121,0.0276
IWM,212_bear_reversal,sma_200,972,0.0105,0.023
IWM,212_bear_reversal,macd,976,0.0647,0.0609
IWM,212_bear_reversal,macd_signal,976,0.0482,0.037
IWM,212_bear_reversal,macd_histogram,976,0.0713,0.0627
IWM,212_bear_reversal,atr_14,977,0.0283,0.0311
IWM,212_bear_reversal,bb_upper,977,0.0157,0.0315
IWM,212_bear_reversal,bb_lower,977,0.0133,0.0304
IWM,212_bear_reversal,bb_width,977,0.0398,0.0456
IWM,212_bear_reversal,bb_pct,977,0.0619,0.0655
IWM,212_bear_reversal,obv,977,0.0384,0.0507
IWM,212_bear_reversal,rvol,977,-0.0035,0.0281
IWM,212_bear_reversal,rvol_10,977,-0.0102,0.0271
IWM,212_bear_reversal,vwap,977,0.016,0.0326
IWM,212_bear_reversal,price_vs_vwap,977,0.0858,0.0448
IWM,212_bear_reversal,price_vs_ema9,977,0.0633,0.0733
IWM,212_bear_reversal,price_vs_ema20,977,0.0686,0.0705
IWM,212_bear_reversal,consecutive_up,977,0.0365,0.024
IWM,212_bear_reversal,consecutive_down,977,-0.0366,-0.0252
IWM,212_bear_reversal,intraday_return,977,-0.0298,0.0036
IWM,212_bear_reversal,high_low_spread_pct,977,0.0681,-0.0273
IWM,212_bear_reversal,vix_close,977,-0.0238,-0.0361
IWM,212_bear_reversal,total_gex,976,-0.002,0.0071
IWM,212_bear_reversal,total_vex,976,-0.0263,-0.0564
IWM,212_bear_reversal,flip_price,214,-0.0004,0.0726
IWM,212_bear_reversal,distance_to_king_pct,976,0.0572,0.0661
IWM,212_bear_reversal,distance_to_gate_pct,948,0.0725,0.0592
IWM,212_bull_continuation,rsi_9,683,0.0007,-0.0268
IWM,212_bull_continuation,rsi_14,683,-0.0005,-0.024
IWM,212_bull_continuation,stoch_rsi_k,683,0.0253,0.0044
IWM,212_bull_continuation,stoch_rsi_d,683,0.0152,-0.0144
IWM,212_bull_continuation,ema_9,683,0.0588,0.0314
IWM,212_bull_continuation,ema_20,683,0.0593,0.0307
IWM,212_bull_continuation,ema_50,682,0.056,0.0272
IWM,212_bull_continuation,sma_50,682,0.0576,0.029
IWM,212_bull_continuation,sma_200,681,0.0419,0.0198
IWM,212_bull_continuation,macd,683,-0.0264,-0.0233
IWM,212_bull_continuation,macd_signal,682,-0.0227,-0.0203
IWM,212_bull_continuation,macd_histogram,682,-0.0196,0.0014
IWM,212_bull_continuation,atr_14,683,-0.0155,0.0374
IWM,212_bull_continuation,bb_upper,683,0.0583,0.032
IWM,212_bull_continuation,bb_lower,683,0.0605,0.0312
IWM,212_bull_continuation,bb_width,683,-0.0064,0.0063
IWM,212_bull_continuation,bb_pct,683,-0.0008,-0.0159
IWM,212_bull_continuation,obv,683,0.0536,0.021
IWM,212_bull_continuation,rvol,683,-0.005,0.0437
IWM,212_bull_continuation,rvol_10,683,0.0022,0.0483
IWM,212_bull_continuation,vwap,683,0.0581,0.0301
IWM,212_bull_continuation,price_vs_vwap,683,0.0039,0.0472
IWM,212_bull_continuation,price_vs_ema9,683,-0.0425,-0.0049
IWM,212_bull_continuation,price_vs_ema20,683,-0.0566,-0.0193
IWM,212_bull_continuation,consecutive_up,683,-0.0459,-0.0389
IWM,212_bull_continuation,consecutive_down,683,0.0426,0.0348
IWM,212_bull_continuation,intraday_return,683,-0.0019,0.0418
IWM,212_bull_continuation,high_low_spread_pct,683,-0.0607,0.0542
IWM,212_bull_continuation,vix_close,683,-0.0987,0.0205
IWM,212_bull_continuation,total_gex,682,0.0161,-0.0118
IWM,212_bull_continuation,total_vex,682,-0.0523,-0.0489
IWM,212_bull_continuation,flip_price,149,0.0401,-0.0151
IWM,212_bull_continuation,distance_to_king_pct,682,0.0983,0.0633
IWM,212_bull_continuation,distance_to_gate_pct,659,0.0497,0.036
IWM,212_bull_reversal,rsi_9,1078,0.0128,0.0241
IWM,212_bull_reversal,rsi_14,1078,0.009,0.0157
IWM,212_bull_reversal,stoch_rsi_k,1078,0.0661,0.0809
IWM,212_bull_reversal,stoch_rsi_d,1078,0.065,0.0816
IWM,212_bull_reversal,ema_9,1078,0.0067,0.0258
IWM,212_bull_reversal,ema_20,1078,0.0064,0.0255
IWM,212_bull_reversal,ema_50,1076,0.0043,0.0249
IWM,212_bull_reversal,sma_50,1076,0.0048,0.0255
IWM,212_bull_reversal,sma_200,1074,0.0019,0.0244
IWM,212_bull_reversal,macd,1077,0.0126,0.0009
IWM,212_bull_reversal,macd_signal,1077,-0.0032,-0.02
IWM,212_bull_reversal,macd_histogram,1077,0.0535,0.0806
IWM,212_bull_reversal,atr_14,1078,0.0032,0.0672
IWM,212_bull_reversal,bb_upper,1078,0.0064,0.0238
IWM,212_bull_reversal,bb_lower,1078,0.005,0.0242
IWM,212_bull_reversal,bb_width,1078,0.0249,0.0489
IWM,212_bull_reversal,bb_pct,1078,0.0215,0.0325
IWM,212_bull_reversal,obv,1078,0.009,0.0223
IWM,212_bull_reversal,rvol,1078,-0.0,-0.0384
IWM,212_bull_reversal,rvol_10,1078,-0.002,-0.0472
IWM,212_bull_reversal,vwap,1078,0.0075,0.0265
IWM,212_bull_reversal,price_vs_vwap,1078,-0.0412,0.0051
IWM,212_bull_reversal,price_vs_ema9,1078,0.0298,0.0378
IWM,212_bull_reversal,price_vs_ema20,1078,0.0424,0.0258
IWM,212_bull_reversal,consecutive_up,1078,-0.0545,-0.0339
IWM,212_bull_reversal,consecutive_down,1078,0.0455,0.0244
IWM,212_bull_reversal,intraday_return,1078,-0.0422,-0.0324
IWM,212_bull_reversal,high_low_spread_pct,1078,-0.0093,0.0434
IWM,212_bull_reversal,vix_close,1078,-0.0619,0.0065
IWM,212_bull_reversal,total_gex,1076,-0.0129,-0.0447
IWM,212_bull_reversal,total_vex,1076,-0.0219,-0.0248
IWM,212_bull_reversal,flip_price,261,-0.0832,-0.016
IWM,212_bull_reversal,distance_to_king_pct,1076,0.0082,0.0164
IWM,212_bull_reversal,distance_to_gate_pct,1053,0.0037,0.0227
IWM,22_bear_continuation,rsi_9,5105,-0.022,-0.0183
IWM,22_bear_continuation,rsi_14,5105,-0.0248,-0.0226
IWM,22_bear_continuation,stoch_rsi_k,5105,-0.0054,0.0031
IWM,22_bear_continuation,stoch_rsi_d,5103,-0.0153,-0.006
IWM,22_bear_continuation,ema_9,5103,-0.0117,-0.0245
IWM,22_bear_continuation,ema_20,5102,-0.0107,-0.0238
IWM,22_bear_continuation,ema_50,5094,-0.0112,-0.0257
IWM,22_bear_continuation,sma_50,5094,-0.0111,-0.0255
IWM,22_bear_continuation,sma_200,5061,-0.0084,-0.0267
IWM,22_bear_continuation,macd,5102,-0.0526,-0.0231
IWM,22_bear_continuation,macd_signal,5101,-0.0459,-0.0264
IWM,22_bear_continuation,macd_histogram,5101,-0.0334,-0.0136
IWM,22_bear_continuation,atr_14,5105,0.0619,0.0177
IWM,22_bear_continuation,bb_upper,5102,-0.0083,-0.0217
IWM,22_bear_continuation,bb_lower,5102,-0.0123,-0.025
IWM,22_bear_continuation,bb_width,5102,0.0568,0.0293
IWM,22_bear_continuation,bb_pct,5102,-0.0145,-0.0085
IWM,22_bear_continuation,obv,5105,0.0061,-0.0069
IWM,22_bear_continuation,rvol,5105,-0.0029,0.0081
IWM,22_bear_continuation,rvol_10,5105,-0.0068,0.0014
IWM,22_bear_continuation,vwap,5105,-0.0125,-0.0257
IWM,22_bear_continuation,price_vs_vwap,5105,-0.0273,-0.0014
IWM,22_bear_continuation,price_vs_ema9,5103,-0.044,-0.0208
IWM,22_bear_continuation,price_vs_ema20,5102,-0.0505,-0.0182
IWM,22_bear_continuation,consecutive_up,5105,0.0114,0.0086
IWM,22_bear_continuation,consecutive_down,5105,-0.0108,-0.0097
IWM,22_bear_continuation,intraday_return,5105,-0.033,-0.0264
IWM,22_bear_continuation,high_low_spread_pct,5105,0.0619,0.035
IWM,22_bear_continuation,vix_close,5105,0.0049,-0.0123
IWM,22_bear_continuation,total_gex,5096,-0.0285,-0.0183
IWM,22_bear_continuation,total_vex,5096,-0.011,0.0007
IWM,22_bear_continuation,flip_price,1133,-0.0553,-0.0405
IWM,22_bear_continuation,distance_to_king_pct,5096,-0.0023,-0.0028
IWM,22_bear_continuation,distance_to_gate_pct,4986,0.014,0.0033
IWM,22_bear_reversal,rsi_9,3981,0.0055,0.0043
IWM,22_bear_reversal,rsi_14,3981,0.0013,-0.001
IWM,22_bear_reversal,stoch_rsi_k,3981,0.0163,0.0182
IWM,22_bear_reversal,stoch_rsi_d,3981,0.0087,0.0119
IWM,22_bear_reversal,ema_9,3981,-0.0235,-0.0277
IWM,22_bear_reversal,ema_20,3979,-0.0234,-0.0279
IWM,22_bear_reversal,ema_50,3976,-0.0237,-0.0286
IWM,22_bear_reversal,sma_50,3976,-0.0236,-0.028
IWM,22_bear_reversal,sma_200,3954,-0.0279,-0.0326
IWM,22_bear_reversal,macd,3979,-0.0138,-0.0066
IWM,22_bear_reversal,macd_signal,3977,-0.0109,-0.0168
IWM,22_bear_reversal,macd_histogram,3977,-0.0121,0.0148
IWM,22_bear_reversal,atr_14,3981,0.0327,0.0194
IWM,22_bear_reversal,bb_upper,3979,-0.0218,-0.0271
IWM,22_bear_reversal,bb_lower,3979,-0.0245,-0.0282
IWM,22_bear_reversal,bb_width,3979,0.0339,0.0189
IWM,22_bear_reversal,bb_pct,3979,0.0082,0.0071
IWM,22_bear_reversal,obv,3981,-0.0031,-0.0087
IWM,22_bear_reversal,rvol,3981,0.0036,-0.0023
IWM,22_bear_reversal,rvol_10,3981,0.0016,-0.0094
IWM,22_bear_reversal,vwap,3981,-0.0236,-0.0275
IWM,22_bear_reversal,price_vs_vwap,3981,0.0166,0.021
IWM,22_bear_reversal,price_vs_ema9,3981,0.0187,0.0108
IWM,22_bear_reversal,price_vs_ema20,3979,0.0124,0.008
IWM,22_bear_reversal,consecutive_up,3981,0.0054,0.0049
IWM,22_bear_reversal,consecutive_down,3981,-0.0059,-0.0043
IWM,22_bear_reversal,intraday_return,3981,-0.0083,0.008
IWM,22_bear_reversal,high_low_spread_pct,3981,0.0355,0.012
IWM,22_bear_reversal,vix_close,3981,-0.0061,-0.0095
IWM,22_bear_reversal,total_gex,3973,-0.0088,-0.006
IWM,22_bear_reversal,total_vex,3973,0.0068,0.0104
IWM,22_bear_reversal,flip_price,944,0.023,-0.0325
IWM,22_bear_reversal,distance_to_king_pct,3973,0.0009,0.0121
IWM,22_bear_reversal,distance_to_gate_pct,3881,-0.0052,-0.0001
IWM,22_bull_continuation,rsi_9,6034,-0.0038,0.004
IWM,22_bull_continuation,rsi_14,6034,-0.0013,0.0013
IWM,22_bull_continuation,stoch_rsi_k,6034,0.0066,0.024
IWM,22_bull_continuation,stoch_rsi_d,6034,0.0109,0.0277
IWM,22_bull_continuation,ema_9,6031,-0.0198,-0.0246
IWM,22_bull_continuation,ema_20,6029,-0.02,-0.025
IWM,22_bull_continuation,ema_50,6026,-0.0209,-0.0258
IWM,22_bull_continuation,sma_50,6026,-0.0207,-0.0255
IWM,22_bull_continuation,sma_200,5996,-0.0212,-0.0218
IWM,22_bull_continuation,macd,6027,0.0021,-0.0058
IWM,22_bull_continuation,macd_signal,6026,0.0022,-0.0188
IWM,22_bull_continuation,macd_histogram,6026,-0.0003,0.0323
IWM,22_bull_continuation,atr_14,6034,-0.0184,0.0201
IWM,22_bull_continuation,bb_upper,6029,-0.0205,-0.0255
IWM,22_bull_continuation,bb_lower,6029,-0.0196,-0.0241
IWM,22_bull_continuation,bb_width,6029,-0.022,0.0145
IWM,22_bull_continuation,bb_pct,6029,-0.0023,0.014
IWM,22_bull_continuation,obv,6034,-0.0021,-0.0109
IWM,22_bull_continuation,rvol,6034,-0.0087,0.0076
IWM,22_bull_continuation,rvol_10,6034,-0.0065,0.0104
IWM,22_bull_continuation,vwap,6034,-0.0199,-0.0244
IWM,22_bull_continuation,price_vs_vwap,6034,-0.047,0.0295
IWM,22_bull_continuation,price_vs_ema9,6031,-0.0325,0.0164
IWM,22_bull_continuation,price_vs_ema20,6029,-0.0208,0.0156
IWM,22_bull_continuation,consecutive_up,6034,-0.0476,-0.0374
IWM,22_bull_continuation,consecutive_down,6034,0.0459,0.0367
IWM,22_bull_continuation,intraday_return,6034,-0.0359,-0.0145
IWM,22_bull_continuation,high_low_spread_pct,6034,-0.0219,0.031
IWM,22_bull_continuation,vix_close,6034,-0.0246,0.0016
IWM,22_bull_continuation,total_gex,6024,-0.014,-0.0356
IWM,22_bull_continuation,total_vex,6024,0.0069,0.0061
IWM,22_bull_continuation,flip_price,1254,-0.0198,-0.0145
IWM,22_bull_continuation,distance_to_king_pct,6024,0.0182,0.0246
IWM,22_bull_continuation,distance_to_gate_pct,5858,0.004,-0.0007
IWM,22_bull_reversal,rsi_9,3940,0.0118,0.0004
IWM,22_bull_reversal,rsi_14,3940,0.016,0.0005
IWM,22_bull_reversal,stoch_rsi_k,3940,0.012,0.0076
IWM,22_bull_reversal,stoch_rsi_d,3940,0.02,0.0142
IWM,22_bull_reversal,ema_9,3939,0.0025,-0.0233
IWM,22_bull_reversal,ema_20,3938,0.0019,-0.0236
IWM,22_bull_reversal,ema_50,3935,-0.0003,-0.0251
IWM,22_bull_reversal,sma_50,3935,-0.0006,-0.0252
IWM,22_bull_reversal,sma_200,3911,-0.0061,-0.0278
IWM,22_bull_reversal,macd,3938,0.0435,-0.0045
IWM,22_bull_reversal,macd_signal,3936,0.0454,-0.005
IWM,22_bull_reversal,macd_histogram,3936,0.0021,0.0049
IWM,22_bull_reversal,atr_14,3940,-0.0499,-0.0019
IWM,22_bull_reversal,bb_upper,3938,0.0006,-0.0235
IWM,22_bull_reversal,bb_lower,3938,0.0032,-0.023
IWM,22_bull_reversal,bb_width,3938,-0.0385,0.0062
IWM,22_bull_reversal,bb_pct,3938,0.0021,-0.0015
IWM,22_bull_reversal,obv,3940,-0.0021,-0.0183
IWM,22_bull_reversal,rvol,3940,-0.0076,0.0158
IWM,22_bull_reversal,rvol_10,3940,-0.0057,0.0103
IWM,22_bull_reversal,vwap,3940,0.0021,-0.0235
IWM,22_bull_reversal,price_vs_vwap,3940,0.028,0.0106
IWM,22_bull_reversal,price_vs_ema9,3939,0.0135,-0.0016
IWM,22_bull_reversal,price_vs_ema20,3938,0.04,0.001
IWM,22_bull_reversal,consecutive_up,3940,-0.0142,-0.0154
IWM,22_bull_reversal,consecutive_down,3940,0.0195,0.0198
IWM,22_bull_reversal,intraday_return,3940,-0.0149,0.0204
IWM,22_bull_reversal,high_low_spread_pct,3940,-0.0697,0.0131
IWM,22_bull_reversal,vix_close,3940,-0.1122,-0.0314
IWM,22_bull_reversal,total_gex,3933,-0.0043,-0.0057
IWM,22_bull_reversal,total_vex,3933,-0.0032,0.0144
IWM,22_bull_reversal,flip_price,871,0.0194,-0.0174
IWM,22_bull_reversal,distance_to_king_pct,3933,0.0191,0.0024
IWM,22_bull_reversal,distance_to_gate_pct,3835,0.0132,-0.0204
IWM,312_bear_reversal,rsi_9,197,-0.0086,-0.0518
IWM,312_bear_reversal,rsi_14,197,-0.036,-0.0816
IWM,312_bear_reversal,stoch_rsi_k,197,0.0921,0.0639
IWM,312_bear_reversal,stoch_rsi_d,197,0.0638,0.0322
IWM,312_bear_reversal,ema_9,197,-0.0219,-0.0121
IWM,312_bear_reversal,ema_20,196,-0.0179,-0.0054
IWM,312_bear_reversal,ema_50,196,-0.0166,-0.0032
IWM,312_bear_reversal,sma_50,196,-0.0156,-0.0033
IWM,312_bear_reversal,sma_200,196,-0.0165,-0.0043
IWM,312_bear_reversal,macd,196,-0.0267,-0.1235
IWM,312_bear_reversal,macd_signal,196,-0.0563,-0.1326
IWM,312_bear_reversal,macd_histogram,196,0.105,0.0963
IWM,312_bear_reversal,atr_14,197,-0.0956,-0.0697
IWM,312_bear_reversal,bb_upper,196,-0.0197,-0.008
IWM,312_bear_reversal,bb_lower,196,-0.0176,-0.0039
IWM,312_bear_reversal,bb_width,196,-0.0412,0.006
IWM,312_bear_reversal,bb_pct,196,-0.0153,-0.0391
IWM,312_bear_reversal,obv,197,-0.0231,-0.0151
IWM,312_bear_reversal,rvol,197,0.1083,0.0929
IWM,312_bear_reversal,rvol_10,197,0.1057,0.0981
IWM,312_bear_reversal,vwap,197,-0.024,-0.0136
IWM,312_bear_reversal,price_vs_vwap,197,0.2116,0.1153
IWM,312_bear_reversal,price_vs_ema9,197,0.0746,0.049
IWM,312_bear_reversal,price_vs_ema20,196,0.0305,-0.0538
IWM,312_bear_reversal,consecutive_up,197,0.0745,0.1002
IWM,312_bear_reversal,consecutive_down,197,-0.0773,-0.1005
IWM,312_bear_reversal,intraday_return,197,0.0382,0.0422
IWM,312_bear_reversal,high_low_spread_pct,197,-0.0758,-0.0505
IWM,312_bear_reversal,vix_close,197,-0.2051,-0.1578
IWM,312_bear_reversal,total_gex,197,-0.0137,0.002
IWM,312_bear_reversal,total_vex,197,0.0611,0.0574
IWM,312_bear_reversal,flip_price,41,-0.0277,0.0186
IWM,312_bear_reversal,distance_to_king_pct,197,-0.0283,-0.0249
IWM,312_bear_reversal,distance_to_gate_pct,193,-0.0363,-0.0267
IWM,312_bull_reversal,rsi_9,323,-0.0718,-0.1018
IWM,312_bull_reversal,rsi_14,323,-0.0722,-0.1219
IWM,312_bull_reversal,stoch_rsi_k,323,0.0078,0.0478
IWM,312_bull_reversal,stoch_rsi_d,323,0.0208,0.0605
IWM,312_bull_reversal,ema_9,323,-0.027,-0.0349
IWM,312_bull_reversal,ema_20,323,-0.0252,-0.0343
IWM,312_bull_reversal,ema_50,323,-0.0253,-0.0323
IWM,312_bull_reversal,sma_50,323,-0.0226,-0.0299
IWM,312_bull_reversal,sma_200,322,-0.0372,-0.0394
IWM,312_bull_reversal,macd,323,-0.1063,-0.1493
IWM,312_bull_reversal,macd_signal,323,-0.061,-0.1521
IWM,312_bull_reversal,macd_histogram,323,-0.1526,0.0484
IWM,312_bull_reversal,atr_14,323,-0.2553,-0.0763
IWM,312_bull_reversal,bb_upper,323,-0.0329,-0.0396
IWM,312_bull_reversal,bb_lower,323,-0.0154,-0.0275
IWM,312_bull_reversal,bb_width,323,-0.2868,-0.117
IWM,312_bull_reversal,bb_pct,323,-0.0847,-0.073
IWM,312_bull_reversal,obv,323,-0.0423,-0.0436
IWM,312_bull_reversal,rvol,323,-0.1399,-0.1233
IWM,312_bull_reversal,rvol_10,323,-0.1684,-0.1379
IWM,312_bull_reversal,vwap,323,-0.0259,-0.0336
IWM,312_bull_reversal,price_vs_vwap,323,-0.2411,-0.0479
IWM,312_bull_reversal,price_vs_ema9,323,-0.1876,-0.0542
IWM,312_bull_reversal,price_vs_ema20,323,-0.1711,-0.1322
IWM,312_bull_reversal,consecutive_up,323,-0.0402,-0.0037
IWM,312_bull_reversal,consecutive_down,323,0.0295,-0.0119
IWM,312_bull_reversal,intraday_return,323,-0.0353,-0.0688
IWM,312_bull_reversal,high_low_spread_pct,323,-0.2659,-0.1362
IWM,312_bull_reversal,vix_close,323,-0.1737,-0.1012
IWM,312_bull_reversal,total_gex,322,-0.0689,-0.1203
IWM,312_bull_reversal,total_vex,322,0.0053,0.0251
IWM,312_bull_reversal,flip_price,66,0.0288,0.0018
IWM,312_bull_reversal,distance_to_king_pct,322,-0.0746,-0.0726
IWM,312_bull_reversal,distance_to_gate_pct,318,-0.0863,-0.0613
IWM,322_bear_continuation,rsi_9,522,-0.0024,-0.0153
IWM,322_bear_continuation,rsi_14,522,0.0013,-0.0135
IWM,322_bear_continuation,stoch_rsi_k,522,0.0617,0.0514
IWM,322_bear_continuation,stoch_rsi_d,522,0.0542,0.0465
IWM,322_bear_continuation,ema_9,522,0.024,0.033
IWM,322_bear_continuation,ema_20,522,0.0234,0.0322
IWM,322_bear_continuation,ema_50,521,0.0211,0.0283
IWM,322_bear_continuation,sma_50,521,0.0205,0.0279
IWM,322_bear_continuation,sma_200,520,0.0251,0.0303
IWM,322_bear_continuation,macd,522,0.0249,0.0145
IWM,322_bear_continuation,macd_signal,522,0.0157,0.0229
IWM,322_bear_continuation,macd_histogram,522,0.036,0.039
IWM,322_bear_continuation,atr_14,522,-0.0083,0.0448
IWM,322_bear_continuation,bb_upper,522,0.0227,0.0338
IWM,322_bear_continuation,bb_lower,522,0.0228,0.032
IWM,322_bear_continuation,bb_width,522,0.0049,0.0379
IWM,322_bear_continuation,bb_pct,522,-0.0225,-0.0282
IWM,322_bear_continuation,obv,522,0.0422,0.0406
IWM,322_bear_continuation,rvol,522,-0.011,0.0317
IWM,322_bear_continuation,rvol_10,522,-0.021,0.0243
IWM,322_bear_continuation,vwap,522,0.0246,0.0342
IWM,322_bear_continuation,price_vs_vwap,522,-0.0275,-0.0474
IWM,322_bear_continuation,price_vs_ema9,522,0.0064,-0.0124
IWM,322_bear_continuation,price_vs_ema20,522,0.0271,-0.0176
IWM,322_bear_continuation,consecutive_up,522,-0.0499,-0.0384
IWM,322_bear_continuation,consecutive_down,522,0.0547,0.0463
IWM,322_bear_continuation,intraday_return,522,-0.1402,-0.1074
IWM,322_bear_continuation,high_low_spread_pct,522,0.0129,0.04
IWM,322_bear_continuation,vix_close,522,-0.0364,0.0014
IWM,322_bear_continuation,total_gex,522,-0.0436,-0.033
IWM,322_bear_continuation,total_vex,522,-0.039,-0.0419
IWM,322_bear_continuation,flip_price,121,-0.0492,-0.0359
IWM,322_bear_continuation,distance_to_king_pct,522,0.0045,0.025
IWM,322_bear_continuation,distance_to_gate_pct,509,0.0462,0.0468
IWM,322_bull_continuation,rsi_9,591,-0.0123,-0.0202
IWM,322_bull_continuation,rsi_14,591,-0.0182,-0.0201
IWM,322_bull_continuation,stoch_rsi_k,591,0.0222,0.0077
IWM,322_bull_continuation,stoch_rsi_d,591,0.0253,0.0169
IWM,322_bull_continuation,ema_9,591,0.0332,0.0226
IWM,322_bull_continuation,ema_20,591,0.0331,0.0214
IWM,322_bull_continuation,ema_50,591,0.0347,0.0218
IWM,322_bull_continuation,sma_50,591,0.0339,0.0212
IWM,322_bull_continuation,sma_200,590,0.0373,0.0217
IWM,322_bull_continuation,macd,591,-0.0043,0.001
IWM,322_bull_continuation,macd_signal,591,-0.0202,-0.0162
IWM,322_bull_continuation,macd_histogram,591,0.0591,0.0601
IWM,322_bull_continuation,atr_14,591,0.0935,0.0566
IWM,322_bull_continuation,bb_upper,591,0.0329,0.019
IWM,322_bull_continuation,bb_lower,591,0.032,0.0235
IWM,322_bull_continuation,bb_width,591,0.0247,-0.0047
IWM,322_bull_continuation,bb_pct,591,0.0146,0.0142
IWM,322_bull_continuation,obv,591,0.0453,0.0246
IWM,322_bull_continuation,rvol,591,0.0054,-0.0127
IWM,322_bull_continuation,rvol_10,591,0.011,-0.0028
IWM,322_bull_continuation,vwap,591,0.0331,0.0234
IWM,322_bull_continuation,price_vs_vwap,591,0.049,0.0174
IWM,322_bull_continuation,price_vs_ema9,591,0.0341,0.0152
IWM,322_bull_continuation,price_vs_ema20,591,0.0359,0.0415
IWM,322_bull_continuation,consecutive_up,591,0.0232,-0.013
IWM,322_bull_continuation,consecutive_down,591,-0.0201,0.0221
IWM,322_bull_continuation,intraday_return,591,0.0762,-0.0344
IWM,322_bull_continuation,high_low_spread_pct,591,0.1063,0.0312
IWM,322_bull_continuation,vix_close,591,0.0129,-0.0141
IWM,322_bull_continuation,total_gex,590,-0.0561,-0.0641
IWM,322_bull_continuation,total_vex,590,-0.0435,-0.0254
IWM,322_bull_continuation,flip_price,129,-0.0896,-0.1635
IWM,322_bull_continuation,distance_to_king_pct,590,0.06,0.0524
IWM,322_bull_continuation,distance_to_gate_pct,575,0.0407,0.0391
IWM,32_bear_reversal,rsi_9,176,-0.0137,-0.0068
IWM,32_bear_reversal,rsi_14,176,-0.0187,-0.0266
IWM,32_bear_reversal,stoch_rsi_k,176,-0.0209,0.0078
IWM,32_bear_reversal,stoch_rsi_d,176,-0.0142,-0.0098
IWM,32_bear_reversal,ema_9,176,-0.1042,-0.1335
IWM,32_bear_reversal,ema_20,176,-0.1029,-0.1348
IWM,32_bear_reversal,ema_50,176,-0.0998,-0.131
IWM,32_bear_reversal,sma_50,176,-0.0995,-0.1303
IWM,32_bear_reversal,sma_200,174,-0.0925,-0.1337
IWM,32_bear_reversal,macd,176,-0.0978,-0.0757
IWM,32_bear_reversal,macd_signal,176,-0.0998,-0.0597
IWM,32_bear_reversal,macd_histogram,176,0.0076,0.0672
IWM,32_bear_reversal,atr_14,176,0.0108,-0.0243
IWM,32_bear_reversal,bb_upper,176,-0.1002,-0.1318
IWM,32_bear_reversal,bb_lower,176,-0.1049,-0.1386
IWM,32_bear_reversal,bb_width,176,0.0366,-0.0017
IWM,32_bear_reversal,bb_pct,176,-0.0507,-0.0211
IWM,32_bear_reversal,obv,176,-0.0731,-0.0887
IWM,32_bear_reversal,rvol,176,-0.0133,-0.0041
IWM,32_bear_reversal,rvol_10,176,-0.0257,-0.0031
IWM,32_bear_reversal,vwap,176,-0.1057,-0.1359
IWM,32_bear_reversal,price_vs_vwap,176,0.006,-0.0344
IWM,32_bear_reversal,price_vs_ema9,176,-0.106,0.0486
IWM,32_bear_reversal,price_vs_ema20,176,-0.1215,-0.0404
IWM,32_bear_reversal,consecutive_up,176,-0.1673,-0.1388
IWM,32_bear_reversal,consecutive_down,176,0.1483,0.1215
IWM,32_bear_reversal,intraday_return,176,0.0722,-0.0145
IWM,32_bear_reversal,high_low_spread_pct,176,0.0911,-0.0223
IWM,32_bear_reversal,vix_close,176,0.0778,0.0741
IWM,32_bear_reversal,total_gex,176,-0.0225,0.0067
IWM,32_bear_reversal,total_vex,176,0.08,0.157
IWM,32_bear_reversal,flip_price,43,-0.0012,0.0412
IWM,32_bear_reversal,distance_to_king_pct,176,-0.0838,-0.0653
IWM,32_bear_reversal,distance_to_gate_pct,173,-0.086,-0.0477
IWM,32_bull_reversal,rsi_9,191,0.2117,0.1522
IWM,32_bull_reversal,rsi_14,191,0.2035,0.1598
IWM,32_bull_reversal,stoch_rsi_k,191,0.0785,0.0421
IWM,32_bull_reversal,stoch_rsi_d,191,0.0571,0.0163
IWM,32_bull_reversal,ema_9,191,-0.0536,-0.0662
IWM,32_bull_reversal,ema_20,191,-0.0561,-0.0688
IWM,32_bull_reversal,ema_50,191,-0.06,-0.0746
IWM,32_bull_reversal,sma_50,191,-0.0602,-0.0758
IWM,32_bull_reversal,sma_200,191,-0.0726,-0.0796
IWM,32_bull_reversal,macd,191,0.1651,0.1159
IWM,32_bull_reversal,macd_signal,191,0.1425,0.0969
IWM,32_bull_reversal,macd_histogram,191,0.0903,0.0832
IWM,32_bull_reversal,atr_14,191,-0.1191,-0.0177
IWM,32_bull_reversal,bb_upper,191,-0.0591,-0.0745
IWM,32_bull_reversal,bb_lower,191,-0.0542,-0.0693
IWM,32_bull_reversal,bb_width,191,-0.0998,-0.0981
IWM,32_bull_reversal,bb_pct,191,0.1963,0.1757
IWM,32_bull_reversal,obv,191,-0.0176,-0.0347
IWM,32_bull_reversal,rvol,191,0.0958,0.1206
IWM,32_bull_reversal,rvol_10,191,0.1013,0.128
IWM,32_bull_reversal,vwap,191,-0.0522,-0.0611
IWM,32_bull_reversal,price_vs_vwap,191,0.184,0.1476
IWM,32_bull_reversal,price_vs_ema9,191,0.159,0.1979
IWM,32_bull_reversal,price_vs_ema20,191,0.1841,0.1925
IWM,32_bull_reversal,consecutive_up,191,0.1098,0.0684
IWM,32_bull_reversal,consecutive_down,191,-0.096,-0.046
IWM,32_bull_reversal,intraday_return,191,0.0849,0.0305
IWM,32_bull_reversal,high_low_spread_pct,191,-0.075,0.0262
IWM,32_bull_reversal,vix_close,191,-0.0686,0.0281
IWM,32_bull_reversal,total_gex,191,0.0104,-0.0212
IWM,32_bull_reversal,total_vex,191,0.0267,0.0433
IWM,32_bull_reversal,flip_price,46,-0.2162,-0.3057
IWM,32_bull_reversal,distance_to_king_pct,191,0.1426,0.1338
IWM,32_bull_reversal,distance_to_gate_pct,186,0.0037,0.0153
IWM,clean_2d_bear,rsi_9,646,0.0349,0.0163
IWM,clean_2d_bear,rsi_14,646,0.043,0.0262
IWM,clean_2d_bear,stoch_rsi_k,645,0.0018,-0.0186
IWM,clean_2d_bear,stoch_rsi_d,645,-0.0051,-0.0221
IWM,clean_2d_bear,ema_9,645,-0.0614,-0.0429
IWM,clean_2d_bear,ema_20,645,-0.0627,-0.0434
IWM,clean_2d_bear,ema_50,644,-0.0682,-0.0492
IWM,clean_2d_bear,sma_50,644,-0.0694,-0.05
IWM,clean_2d_bear,sma_200,643,-0.0649,-0.0465
IWM,clean_2d_bear,macd,645,0.0888,0.0497
IWM,clean_2d_bear,macd_signal,645,0.0917,0.0625
IWM,clean_2d_bear,macd_histogram,645,0.0154,-0.015
IWM,clean_2d_bear,atr_14,646,-0.0193,-0.0093
IWM,clean_2d_bear,bb_upper,645,-0.0616,-0.0409
IWM,clean_2d_bear,bb_lower,645,-0.0644,-0.0454
IWM,clean_2d_bear,bb_width,645,0.0201,0.0571
IWM,clean_2d_bear,bb_pct,645,0.056,0.05
IWM,clean_2d_bear,obv,646,-0.0293,-0.0302
IWM,clean_2d_bear,rvol,646,0.0712,0.0489
IWM,clean_2d_bear,rvol_10,646,0.0509,0.0393
IWM,clean_2d_bear,vwap,646,-0.0603,-0.042
IWM,clean_2d_bear,price_vs_vwap,646,-0.0079,-0.0229
IWM,clean_2d_bear,price_vs_ema9,645,0.0663,0.0334
IWM,clean_2d_bear,price_vs_ema20,645,0.0882,0.0388
IWM,clean_2d_bear,consecutive_up,646,0.0635,0.0434
IWM,clean_2d_bear,consecutive_down,646,-0.0498,-0.0302
IWM,clean_2d_bear,intraday_return,646,0.0305,-0.0035
IWM,clean_2d_bear,high_low_spread_pct,646,0.0051,-0.0019
IWM,clean_2d_bear,vix_close,646,0.013,-0.0017
IWM,clean_2d_bear,total_gex,645,0.0009,0.0265
IWM,clean_2d_bear,total_vex,645,0.0372,0.0302
IWM,clean_2d_bear,flip_price,157,-0.1037,-0.078
IWM,clean_2d_bear,distance_to_king_pct,645,0.0103,-0.0007
IWM,clean_2d_bear,distance_to_gate_pct,630,0.0309,0.0219
IWM,clean_2u_bull,rsi_9,616,-0.0182,-0.0028
IWM,clean_2u_bull,rsi_14,616,-0.0164,-0.0052
IWM,clean_2u_bull,stoch_rsi_k,616,-0.0279,0.0179
IWM,clean_2u_bull,stoch_rsi_d,616,-0.02,0.028
IWM,clean_2u_bull,ema_9,616,0.0034,0.011
IWM,clean_2u_bull,ema_20,616,0.0041,0.0113
IWM,clean_2u_bull,ema_50,616,0.0058,0.0124
IWM,clean_2u_bull,sma_50,616,0.005,0.0118
IWM,clean_2u_bull,sma_200,615,0.0135,0.0143
IWM,clean_2u_bull,macd,616,-0.0454,-0.0045
IWM,clean_2u_bull,macd_signal,616,-0.0364,-0.0159
IWM,clean_2u_bull,macd_histogram,616,-0.0349,0.0078
IWM,clean_2u_bull,atr_14,616,0.0888,0.0512
IWM,clean_2u_bull,bb_upper,616,0.0071,0.0101
IWM,clean_2u_bull,bb_lower,616,0.0023,0.0122
IWM,clean_2u_bull,bb_width,616,0.0713,0.0222
IWM,clean_2u_bull,bb_pct,616,-0.0281,-0.0022
IWM,clean_2u_bull,obv,616,0.0282,0.0237
IWM,clean_2u_bull,rvol,616,-0.0203,0.0151
IWM,clean_2u_bull,rvol_10,616,-0.018,0.0234
IWM,clean_2u_bull,vwap,616,0.0038,0.0116
IWM,clean_2u_bull,price_vs_vwap,616,-0.0754,0.0023
IWM,clean_2u_bull,price_vs_ema9,616,-0.0043,-0.0023
IWM,clean_2u_bull,price_vs_ema20,616,-0.0212,0.0069
IWM,clean_2u_bull,consecutive_up,616,-0.0343,-0.0494
IWM,clean_2u_bull,consecutive_down,616,0.0381,0.0543
IWM,clean_2u_bull,intraday_return,616,-0.0583,0.0223
IWM,clean_2u_bull,high_low_spread_pct,616,0.0119,0.0425
IWM,clean_2u_bull,vix_close,616,0.0096,-0.0003
IWM,clean_2u_bull,total_gex,615,-0.0069,-0.0715
IWM,clean_2u_bull,total_vex,615,-0.0408,-0.0298
IWM,clean_2u_bull,flip_price,146,0.0394,-0.0508
IWM,clean_2u_bull,distance_to_king_pct,615,0.0424,0.0698
IWM,clean_2u_bull,distance_to_gate_pct,597,0.0174,0.0107
IWM,f2d_bull_reversal,rsi_9,281,0.0051,-0.0031
IWM,f2d_bull_reversal,rsi_14,281,0.0092,0.0141
IWM,f2d_bull_reversal,stoch_rsi_k,281,0.0148,-0.0401
IWM,f2d_bull_reversal,stoch_rsi_d,281,-0.0076,-0.0527
IWM,f2d_bull_reversal,ema_9,281,-0.0612,-0.0652
IWM,f2d_bull_reversal,ema_20,281,-0.061,-0.0646
IWM,f2d_bull_reversal,ema_50,281,-0.0613,-0.0664
IWM,f2d_bull_reversal,sma_50,281,-0.0611,-0.0647
IWM,f2d_bull_reversal,sma_200,279,-0.0627,-0.0727
IWM,f2d_bull_reversal,macd,281,-0.0073,0.0185
IWM,f2d_bull_reversal,macd_signal,281,-0.0033,0.034
IWM,f2d_bull_reversal,macd_histogram,281,-0.0149,-0.0747
IWM,f2d_bull_reversal,atr_14,281,0.0793,0.0452
IWM,f2d_bull_reversal,bb_upper,281,-0.058,-0.058
IWM,f2d_bull_reversal,bb_lower,281,-0.0639,-0.0679
IWM,f2d_bull_reversal,bb_width,281,0.0661,0.0004
IWM,f2d_bull_reversal,bb_pct,281,-0.0212,-0.0202
IWM,f2d_bull_reversal,obv,281,-0.0209,-0.0524
IWM,f2d_bull_reversal,rvol,281,0.013,0.0049
IWM,f2d_bull_reversal,rvol_10,281,0.0069,0.0022
IWM,f2d_bull_reversal,vwap,281,-0.0618,-0.065
IWM,f2d_bull_reversal,price_vs_vwap,281,0.0836,0.0643
IWM,f2d_bull_reversal,price_vs_ema9,281,-0.0046,-0.0047
IWM,f2d_bull_reversal,price_vs_ema20,281,-0.0034,-0.0082
IWM,f2d_bull_reversal,consecutive_up,281,-0.0366,-0.0791
IWM,f2d_bull_reversal,consecutive_down,281,0.0462,0.0969
IWM,f2d_bull_reversal,intraday_return,281,0.0818,0.0564
IWM,f2d_bull_reversal,high_low_spread_pct,281,0.0734,0.0736
IWM,f2d_bull_reversal,vix_close,281,0.0259,0.0077
IWM,f2d_bull_reversal,total_gex,281,0.0306,0.077
IWM,f2d_bull_reversal,total_vex,281,0.0646,0.062
IWM,f2d_bull_reversal,flip_price,57,-0.1962,-0.1975
IWM,f2d_bull_reversal,distance_to_king_pct,281,0.0211,0.0119
IWM,f2d_bull_reversal,distance_to_gate_pct,270,-0.0089,-0.049
IWM,f2u_bear_reversal,rsi_9,277,0.0449,-0.0154
IWM,f2u_bear_reversal,rsi_14,277,0.0258,-0.0532
IWM,f2u_bear_reversal,stoch_rsi_k,277,0.125,0.1265
IWM,f2u_bear_reversal,stoch_rsi_d,277,0.1233,0.1181
IWM,f2u_bear_reversal,ema_9,277,-0.1171,-0.1132
IWM,f2u_bear_reversal,ema_20,277,-0.119,-0.1133
IWM,f2u_bear_reversal,ema_50,276,-0.1325,-0.1199
IWM,f2u_bear_reversal,sma_50,276,-0.1329,-0.1187
IWM,f2u_bear_reversal,sma_200,276,-0.1248,-0.115
IWM,f2u_bear_reversal,macd,277,0.0918,-0.0664
IWM,f2u_bear_reversal,macd_signal,277,0.0682,-0.085
IWM,f2u_bear_reversal,macd_histogram,277,0.1089,0.0992
IWM,f2u_bear_reversal,atr_14,277,0.0743,0.0012
IWM,f2u_bear_reversal,bb_upper,277,-0.1184,-0.1067
IWM,f2u_bear_reversal,bb_lower,277,-0.1214,-0.1146
IWM,f2u_bear_reversal,bb_width,277,0.0005,0.0334
IWM,f2u_bear_reversal,bb_pct,277,0.0348,-0.0163
IWM,f2u_bear_reversal,obv,277,-0.0415,-0.08
IWM,f2u_bear_reversal,rvol,277,0.011,0.0386
IWM,f2u_bear_reversal,rvol_10,277,0.0111,0.0437
IWM,f2u_bear_reversal,vwap,277,-0.117,-0.1159
IWM,f2u_bear_reversal,price_vs_vwap,277,0.1053,0.0503
IWM,f2u_bear_reversal,price_vs_ema9,277,0.1019,0.0311
IWM,f2u_bear_reversal,price_vs_ema20,277,0.1337,-0.0282
IWM,f2u_bear_reversal,consecutive_up,277,-0.014,-0.0158
IWM,f2u_bear_reversal,consecutive_down,277,0.0187,0.0187
IWM,f2u_bear_reversal,intraday_return,277,-0.0846,-0.0047
IWM,f2u_bear_reversal,high_low_spread_pct,277,0.1696,0.0131
IWM,f2u_bear_reversal,vix_close,277,0.1481,-0.0199
IWM,f2u_bear_reversal,total_gex,277,-0.0063,0.0124
IWM,f2u_bear_reversal,total_vex,277,0.0955,0.1231
IWM,f2u_bear_reversal,flip_price,72,-0.148,-0.1007
IWM,f2u_bear_reversal,distance_to_king_pct,277,-0.0472,-0.0913
IWM,f2u_bear_reversal,distance_to_gate_pct,273,-0.0144,-0.0757
IWM,none,rsi_9,6752,0.0035,0.0105
IWM,none,rsi_14,6752,0.0032,0.0055
IWM,none,stoch_rsi_k,6751,0.0133,0.0306
IWM,none,stoch_rsi_d,6751,0.0124,0.0334
IWM,none,ema_9,6751,-0.0266,-0.0234
IWM,none,ema_20,6748,-0.0266,-0.0235
IWM,none,ema_50,6742,-0.0278,-0.0251
IWM,none,sma_50,6742,-0.0276,-0.0245
IWM,none,sma_200,6723,-0.029,-0.0267
IWM,none,macd,6746,-0.0076,-0.0026
IWM,none,macd_signal,6745,-0.0068,-0.0133
IWM,none,macd_histogram,6745,-0.004,0.0317
IWM,none,atr_14,6752,-0.0057,0.0186
IWM,none,bb_upper,6748,-0.0264,-0.0236
IWM,none,bb_lower,6748,-0.0267,-0.0236
IWM,none,bb_width,6748,-0.006,0.0128
IWM,none,bb_pct,6748,-0.0051,0.0106
IWM,none,obv,6752,-0.0111,-0.011
IWM,none,rvol,6752,0.0056,0.0048
IWM,none,rvol_10,6752,0.0002,0.0018
IWM,none,vwap,6752,-0.0264,-0.023
IWM,none,price_vs_vwap,6752,-0.0234,0.0187
IWM,none,price_vs_ema9,6751,-0.0309,0.0223
IWM,none,price_vs_ema20,6748,-0.024,0.0134
IWM,none,consecutive_up,6752,-0.0025,0.0081
IWM,none,consecutive_down,6752,0.0064,-0.003
IWM,none,intraday_return,6752,-0.0445,-0.0025
IWM,none,high_low_spread_pct,6752,-0.0002,0.0063
IWM,none,vix_close,6752,-0.0108,-0.0006
IWM,none,total_gex,6744,-0.0039,-0.0176
IWM,none,total_vex,6744,0.0141,0.014
IWM,none,flip_price,1561,0.0122,-0.0146
IWM,none,distance_to_king_pct,6744,0.0097,0.0195
IWM,none,distance_to_gate_pct,6589,-0.0093,-0.0004
QQQ,11_inside_compression,rsi_9,294,0.0174,-0.0307
QQQ,11_inside_compression,rsi_14,294,0.0178,-0.0344
QQQ,11_inside_compression,stoch_rsi_k,294,0.0074,0.0015
QQQ,11_inside_compression,stoch_rsi_d,294,0.0141,0.0196
QQQ,11_inside_compression,ema_9,294,-0.0045,0.0132
QQQ,11_inside_compression,ema_20,293,-0.0027,0.0186
QQQ,11_inside_compression,ema_50,293,-0.0024,0.0201
QQQ,11_inside_compression,sma_50,293,-0.0022,0.0212
QQQ,11_inside_compression,sma_200,293,-0.0021,0.0218
QQQ,11_inside_compression,macd,293,0.0097,-0.0335
QQQ,11_inside_compression,macd_signal,293,-0.022,-0.0244
QQQ,11_inside_compression,macd_histogram,293,0.1035,0.0217
QQQ,11_inside_compression,atr_14,294,-0.0917,-0.0287
QQQ,11_inside_compression,bb_upper,293,-0.0055,0.0195
QQQ,11_inside_compression,bb_lower,293,-0.0003,0.0205
QQQ,11_inside_compression,bb_width,293,-0.1476,-0.0404
QQQ,11_inside_compression,bb_pct,293,0.0206,-0.0231
QQQ,11_inside_compression,obv,294,-0.0028,0.017
QQQ,11_inside_compression,rvol,294,-0.0532,-0.0261
QQQ,11_inside_compression,rvol_10,294,-0.0339,-0.0315
QQQ,11_inside_compression,vwap,294,-0.0049,0.0135
QQQ,11_inside_compression,price_vs_vwap,294,0.1858,0.0778
QQQ,11_inside_compression,price_vs_ema9,294,0.0844,0.0224
QQQ,11_inside_compression,price_vs_ema20,293,0.0697,-0.0095
QQQ,11_inside_compression,consecutive_up,294,-0.0059,-0.018
QQQ,11_inside_compression,consecutive_down,294,0.0033,0.0174
QQQ,11_inside_compression,intraday_return,294,0.1121,0.0659
QQQ,11_inside_compression,high_low_spread_pct,294,-0.1667,-0.0103
QQQ,11_inside_compression,vix_close,294,-0.1526,-0.0282
QQQ,11_inside_compression,total_gex,293,0.0298,-0.003
QQQ,11_inside_compression,total_vex,293,0.0038,-0.0117
QQQ,11_inside_compression,flip_price,152,0.024,0.0952
QQQ,11_inside_compression,distance_to_king_pct,293,-0.0085,0.0068
QQQ,11_inside_compression,distance_to_gate_pct,283,0.0362,0.0571
QQQ,132_bear_continuation,rsi_9,229,-0.0134,-0.027
QQQ,132_bear_continuation,rsi_14,229,-0.0616,-0.0717
QQQ,132_bear_continuation,stoch_rsi_k,229,0.0909,0.0862
QQQ,132_bear_continuation,stoch_rsi_d,229,0.0551,0.061
QQQ,132_bear_continuation,ema_9,229,0.0346,0.057
QQQ,132_bear_continuation,ema_20,229,0.0355,0.0551
QQQ,132_bear_continuation,ema_50,229,0.0382,0.0558
QQQ,132_bear_continuation,sma_50,229,0.0391,0.0585
QQQ,132_bear_continuation,sma_200,226,0.0463,0.0661
QQQ,132_bear_continuation,macd,229,-0.1503,-0.1038
QQQ,132_bear_continuation,macd_signal,229,-0.1835,-0.1213
QQQ,132_bear_continuation,macd_histogram,229,0.1031,0.1157
QQQ,132_bear_continuation,atr_14,229,0.0794,0.0887
QQQ,132_bear_continuation,bb_upper,229,0.035,0.0564
QQQ,132_bear_continuation,bb_lower,229,0.0353,0.0558
QQQ,132_bear_continuation,bb_width,229,0.0116,0.0812
QQQ,132_bear_continuation,bb_pct,229,-0.0233,-0.0255
QQQ,132_bear_continuation,obv,229,0.0211,0.065
QQQ,132_bear_continuation,rvol,229,-0.0777,-0.056
QQQ,132_bear_continuation,rvol_10,229,-0.0718,-0.0503
QQQ,132_bear_continuation,vwap,229,0.0344,0.0562
QQQ,132_bear_continuation,price_vs_vwap,229,0.0771,0.0659
QQQ,132_bear_continuation,price_vs_ema9,229,0.0747,0.0209
QQQ,132_bear_continuation,price_vs_ema20,229,-0.0231,-0.0253
QQQ,132_bear_continuation,consecutive_up,229,0.0366,0.0516
QQQ,132_bear_continuation,consecutive_down,229,-0.0385,-0.0675
QQQ,132_bear_continuation,intraday_return,229,0.2022,0.1056
QQQ,132_bear_continuation,high_low_spread_pct,229,-0.0188,-0.0022
QQQ,132_bear_continuation,vix_close,229,-0.006,0.0079
QQQ,132_bear_continuation,total_gex,229,-0.1389,-0.1486
QQQ,132_bear_continuation,total_vex,229,-0.0591,-0.0664
QQQ,132_bear_continuation,flip_price,111,0.0188,0.0503
QQQ,132_bear_continuation,distance_to_king_pct,229,0.1029,0.0816
QQQ,132_bear_continuation,distance_to_gate_pct,223,-0.0428,0.0272
QQQ,132_bull_continuation,rsi_9,234,-0.0045,0.0159
QQQ,132_bull_continuation,rsi_14,234,-0.0023,0.0232
QQQ,132_bull_continuation,stoch_rsi_k,234,-0.0158,-0.006
QQQ,132_bull_continuation,stoch_rsi_d,234,0.0157,0.0273
QQQ,132_bull_continuation,ema_9,234,-0.0245,-0.0309
QQQ,132_bull_continuation,ema_20,234,-0.025,-0.0314
QQQ,132_bull_continuation,ema_50,234,-0.025,-0.0307
QQQ,132_bull_continuation,sma_50,234,-0.0252,-0.0314
QQQ,132_bull_continuation,sma_200,231,-0.0158,-0.0238
QQQ,132_bull_continuation,macd,234,0.0504,0.0481
QQQ,132_bull_continuation,macd_signal,234,0.0285,0.0379
QQQ,132_bull_continuation,macd_histogram,234,0.0873,0.0335
QQQ,132_bull_continuation,atr_14,234,-0.0766,-0.0363
QQQ,132_bull_continuation,bb_upper,234,-0.0256,-0.033
QQQ,132_bull_continuation,bb_lower,234,-0.025,-0.0321
QQQ,132_bull_continuation,bb_width,234,-0.0295,-0.022
QQQ,132_bull_continuation,bb_pct,234,-0.0391,-0.0092
QQQ,132_bull_continuation,obv,234,-0.0233,-0.0262
QQQ,132_bull_continuation,rvol,234,-0.1245,-0.1285
QQQ,132_bull_continuation,rvol_10,234,-0.1243,-0.1266
QQQ,132_bull_continuation,vwap,234,-0.0238,-0.0311
QQQ,132_bull_continuation,price_vs_vwap,234,-0.1201,-0.0891
QQQ,132_bull_continuation,price_vs_ema9,234,-0.0065,-0.0214
QQQ,132_bull_continuation,price_vs_ema20,234,0.0325,0.0043
QQQ,132_bull_continuation,consecutive_up,234,0.1224,0.0798
QQQ,132_bull_continuation,consecutive_down,234,-0.1206,-0.0699
QQQ,132_bull_continuation,intraday_return,234,-0.0637,-0.0344
QQQ,132_bull_continuation,high_low_spread_pct,234,-0.2031,-0.1384
QQQ,132_bull_continuation,vix_close,234,-0.1326,-0.0854
QQQ,132_bull_continuation,total_gex,234,0.0101,-0.002
QQQ,132_bull_continuation,total_vex,234,0.0181,0.0463
QQQ,132_bull_continuation,flip_price,118,-0.0857,-0.0942
QQQ,132_bull_continuation,distance_to_king_pct,234,-0.0906,-0.0544
QQQ,132_bull_continuation,distance_to_gate_pct,230,-0.0174,0.0191
QQQ,212_bear_continuation,rsi_9,552,0.003,-0.0096
QQQ,212_bear_continuation,rsi_14,552,-0.0032,-0.0157
QQQ,212_bear_continuation,stoch_rsi_k,552,0.0317,0.0205
QQQ,212_bear_continuation,stoch_rsi_d,552,0.0083,0.0047
QQQ,212_bear_continuation,ema_9,552,0.0236,0.0376
QQQ,212_bear_continuation,ema_20,552,0.0237,0.0377
QQQ,212_bear_continuation,ema_50,552,0.0238,0.0376
QQQ,212_bear_continuation,sma_50,552,0.0238,0.0384
QQQ,212_bear_continuation,sma_200,552,0.0237,0.0399
QQQ,212_bear_continuation,macd,552,-0.0142,0.0183
QQQ,212_bear_continuation,macd_signal,552,-0.009,0.0142
QQQ,212_bear_continuation,macd_histogram,552,-0.0197,-0.0101
QQQ,212_bear_continuation,atr_14,552,-0.0208,0.0154
QQQ,212_bear_continuation,bb_upper,552,0.0244,0.0393
QQQ,212_bear_continuation,bb_lower,552,0.0232,0.0377
QQQ,212_bear_continuation,bb_width,552,0.0504,0.0475
QQQ,212_bear_continuation,bb_pct,552,0.015,0.0013
QQQ,212_bear_continuation,obv,552,0.0352,0.0442
QQQ,212_bear_continuation,rvol,552,0.0288,0.0504
QQQ,212_bear_continuation,rvol_10,552,0.0295,0.0531
QQQ,212_bear_continuation,vwap,552,0.0236,0.0379
QQQ,212_bear_continuation,price_vs_vwap,552,0.0462,0.0031
QQQ,212_bear_continuation,price_vs_ema9,552,0.0449,-0.0002
QQQ,212_bear_continuation,price_vs_ema20,552,0.0214,0.0028
QQQ,212_bear_continuation,consecutive_up,552,-0.0126,-0.0479
QQQ,212_bear_continuation,consecutive_down,552,0.0093,0.0443
QQQ,212_bear_continuation,intraday_return,552,0.0762,-0.0258
QQQ,212_bear_continuation,high_low_spread_pct,552,0.0012,0.0419
QQQ,212_bear_continuation,vix_close,552,-0.1814,-0.0612
QQQ,212_bear_continuation,total_gex,551,0.0175,0.0198
QQQ,212_bear_continuation,total_vex,551,-0.0217,-0.0299
QQQ,212_bear_continuation,flip_price,248,-0.0204,0.0178
QQQ,212_bear_continuation,distance_to_king_pct,551,0.0238,-0.0045
QQQ,212_bear_continuation,distance_to_gate_pct,542,0.0586,0.0499
QQQ,212_bear_reversal,rsi_9,959,-0.0462,-0.0486
QQQ,212_bear_reversal,rsi_14,959,-0.0473,-0.0517
QQQ,212_bear_reversal,stoch_rsi_k,959,-0.0001,-0.0162
QQQ,212_bear_reversal,stoch_rsi_d,959,-0.0044,-0.0122
QQQ,212_bear_reversal,ema_9,959,0.0305,0.0319
QQQ,212_bear_reversal,ema_20,958,0.0313,0.0333
QQQ,212_bear_reversal,ema_50,957,0.0303,0.0314
QQQ,212_bear_reversal,sma_50,957,0.0307,0.032
QQQ,212_bear_reversal,sma_200,951,0.0311,0.0298
QQQ,212_bear_reversal,macd,958,-0.0513,-0.0245
QQQ,212_bear_reversal,macd_signal,957,-0.0392,-0.0318
QQQ,212_bear_reversal,macd_histogram,957,-0.0492,-0.0305
QQQ,212_bear_reversal,atr_14,959,0.01,0.046
QQQ,212_bear_reversal,bb_upper,958,0.0318,0.0342
QQQ,212_bear_reversal,bb_lower,958,0.0313,0.0328
QQQ,212_bear_reversal,bb_width,958,0.0319,0.0638
QQQ,212_bear_reversal,bb_pct,958,-0.0624,-0.0566
QQQ,212_bear_reversal,obv,959,0.0274,0.0341
QQQ,212_bear_reversal,rvol,959,-0.0107,0.0311
QQQ,212_bear_reversal,rvol_10,959,-0.027,0.0209
QQQ,212_bear_reversal,vwap,959,0.0305,0.0322
QQQ,212_bear_reversal,price_vs_vwap,959,-0.0193,-0.0149
QQQ,212_bear_reversal,price_vs_ema9,959,-0.0267,-0.0376
QQQ,212_bear_reversal,price_vs_ema20,958,-0.0492,-0.0436
QQQ,212_bear_reversal,consecutive_up,959,-0.0107,-0.0241
QQQ,212_bear_reversal,consecutive_down,959,0.0072,0.0255
QQQ,212_bear_reversal,intraday_return,959,-0.0147,-0.0181
QQQ,212_bear_reversal,high_low_spread_pct,959,-0.0109,0.0253
QQQ,212_bear_reversal,vix_close,959,-0.053,-0.0067
QQQ,212_bear_reversal,total_gex,957,0.0084,-0.0118
QQQ,212_bear_reversal,total_vex,957,-0.036,-0.0328
QQQ,212_bear_reversal,flip_price,458,0.0975,0.0869
QQQ,212_bear_reversal,distance_to_king_pct,957,0.0054,0.0444
QQQ,212_bear_reversal,distance_to_gate_pct,940,-0.0158,0.0062
QQQ,212_bull_continuation,rsi_9,653,0.077,0.081
QQQ,212_bull_continuation,rsi_14,653,0.0705,0.0715
QQQ,212_bull_continuation,stoch_rsi_k,653,0.0994,0.0934
QQQ,212_bull_continuation,stoch_rsi_d,653,0.1087,0.107
QQQ,212_bull_continuation,ema_9,652,0.0216,0.0386
QQQ,212_bull_continuation,ema_20,652,0.0211,0.0384
QQQ,212_bull_continuation,ema_50,651,0.0193,0.0355
QQQ,212_bull_continuation,sma_50,651,0.0194,0.0355
QQQ,212_bull_continuation,sma_200,649,0.0144,0.0279
QQQ,212_bull_continuation,macd,652,0.0476,0.0524
QQQ,212_bull_continuation,macd_signal,651,0.0216,0.0184
QQQ,212_bull_continuation,macd_histogram,651,0.0941,0.1132
QQQ,212_bull_continuation,atr_14,653,0.085,0.0617
QQQ,212_bull_continuation,bb_upper,652,0.0212,0.0384
QQQ,212_bull_continuation,bb_lower,652,0.0205,0.038
QQQ,212_bull_continuation,bb_width,652,0.032,0.0568
QQQ,212_bull_continuation,bb_pct,652,0.0924,0.1007
QQQ,212_bull_continuation,obv,653,0.0286,0.038
QQQ,212_bull_continuation,rvol,653,-0.0192,-0.0379
QQQ,212_bull_continuation,rvol_10,653,-0.0047,-0.0393
QQQ,212_bull_continuation,vwap,653,0.0226,0.0416
QQQ,212_bull_continuation,price_vs_vwap,653,0.082,0.1059
QQQ,212_bull_continuation,price_vs_ema9,652,0.0535,0.1271
QQQ,212_bull_continuation,price_vs_ema20,652,0.0597,0.1249
QQQ,212_bull_continuation,consecutive_up,653,-0.0174,-0.0344
QQQ,212_bull_continuation,consecutive_down,653,0.0255,0.0385
QQQ,212_bull_continuation,intraday_return,653,-0.0262,0.0389
QQQ,212_bull_continuation,high_low_spread_pct,653,0.0825,0.0086
QQQ,212_bull_continuation,vix_close,653,0.0133,-0.0067
QQQ,212_bull_continuation,total_gex,652,0.0204,0.0136
QQQ,212_bull_continuation,total_vex,652,-0.02,-0.0385
QQQ,212_bull_continuation,flip_price,312,0.0732,0.0945
QQQ,212_bull_continuation,distance_to_king_pct,652,0.0149,0.0389
QQQ,212_bull_continuation,distance_to_gate_pct,642,0.0216,0.0473
QQQ,212_bull_reversal,rsi_9,1030,0.0117,0.0052
QQQ,212_bull_reversal,rsi_14,1030,0.0025,-0.0078
QQQ,212_bull_reversal,stoch_rsi_k,1030,0.0354,0.0473
QQQ,212_bull_reversal,stoch_rsi_d,1030,0.0337,0.0415
QQQ,212_bull_reversal,ema_9,1030,0.0311,0.0167
QQQ,212_bull_reversal,ema_20,1030,0.0313,0.0166
QQQ,212_bull_reversal,ema_50,1029,0.0322,0.0176
QQQ,212_bull_reversal,sma_50,1029,0.0322,0.0178
QQQ,212_bull_reversal,sma_200,1025,0.0381,0.0215
QQQ,212_bull_reversal,macd,1029,-0.0304,-0.003
QQQ,212_bull_reversal,macd_signal,1029,-0.0399,-0.0178
QQQ,212_bull_reversal,macd_histogram,1029,0.0285,0.0344
QQQ,212_bull_reversal,atr_14,1030,0.1033,0.0077
QQQ,212_bull_reversal,bb_upper,1030,0.0319,0.0167
QQQ,212_bull_reversal,bb_lower,1030,0.0306,0.0161
QQQ,212_bull_reversal,bb_width,1030,0.0545,0.0087
QQQ,212_bull_reversal,bb_pct,1030,-0.0045,0.0003
QQQ,212_bull_reversal,obv,1030,0.0341,0.0348
QQQ,212_bull_reversal,rvol,1030,0.0049,0.0511
QQQ,212_bull_reversal,rvol_10,1030,0.0077,0.0572
QQQ,212_bull_reversal,vwap,1030,0.0309,0.0164
QQQ,212_bull_reversal,price_vs_vwap,1030,0.0581,0.0452
QQQ,212_bull_reversal,price_vs_ema9,1030,0.0228,0.0209
QQQ,212_bull_reversal,price_vs_ema20,1030,0.0149,0.0078
QQQ,212_bull_reversal,consecutive_up,1030,0.0009,0.0037
QQQ,212_bull_reversal,consecutive_down,1030,-0.008,-0.0168
QQQ,212_bull_reversal,intraday_return,1030,0.0481,0.0453
QQQ,212_bull_reversal,high_low_spread_pct,1030,0.0298,0.0161
QQQ,212_bull_reversal,vix_close,1030,-0.025,-0.0497
QQQ,212_bull_reversal,total_gex,1028,-0.02,-0.015
QQQ,212_bull_reversal,total_vex,1028,-0.0438,-0.0075
QQQ,212_bull_reversal,flip_price,513,0.0304,0.0115
QQQ,212_bull_reversal,distance_to_king_pct,1028,0.0138,-0.0007
QQQ,212_bull_reversal,distance_to_gate_pct,1004,0.0145,0.0137
QQQ,22_bear_continuation,rsi_9,4764,-0.0005,0.0066
QQQ,22_bear_continuation,rsi_14,4764,-0.0132,-0.0049
QQQ,22_bear_continuation,stoch_rsi_k,4764,0.0209,0.028
QQQ,22_bear_continuation,stoch_rsi_d,4762,0.015,0.0232
QQQ,22_bear_continuation,ema_9,4762,-0.0096,-0.0126
QQQ,22_bear_continuation,ema_20,4760,-0.0087,-0.0116
QQQ,22_bear_continuation,ema_50,4757,-0.0078,-0.0114
QQQ,22_bear_continuation,sma_50,4757,-0.0076,-0.0111
QQQ,22_bear_continuation,sma_200,4727,-0.007,-0.0136
QQQ,22_bear_continuation,macd,4759,-0.0564,-0.0311
QQQ,22_bear_continuation,macd_signal,4759,-0.0652,-0.05
QQQ,22_bear_continuation,macd_histogram,4759,0.0121,0.0357
QQQ,22_bear_continuation,atr_14,4764,0.0302,-0.0013
QQQ,22_bear_continuation,bb_upper,4760,-0.0078,-0.011
QQQ,22_bear_continuation,bb_lower,4760,-0.0095,-0.0122
QQQ,22_bear_continuation,bb_width,4760,0.0377,0.0046
QQQ,22_bear_continuation,bb_pct,4760,0.0099,0.0188
QQQ,22_bear_continuation,obv,4764,-0.0022,-0.0025
QQQ,22_bear_continuation,rvol,4764,-0.0285,-0.0201
QQQ,22_bear_continuation,rvol_10,4764,-0.0269,-0.0243
QQQ,22_bear_continuation,vwap,4764,-0.0097,-0.013
QQQ,22_bear_continuation,price_vs_vwap,4764,-0.0197,0.0063
QQQ,22_bear_continuation,price_vs_ema9,4762,-0.007,0.0256
QQQ,22_bear_continuation,price_vs_ema20,4760,-0.0279,0.012
QQQ,22_bear_continuation,consecutive_up,4764,-0.0026,-0.0001
QQQ,22_bear_continuation,consecutive_down,4764,0.0046,0.0024
QQQ,22_bear_continuation,intraday_return,4764,-0.0012,0.0108
QQQ,22_bear_continuation,high_low_spread_pct,4764,0.0282,-0.0154
QQQ,22_bear_continuation,vix_close,4764,0.0015,-0.0465
QQQ,22_bear_continuation,total_gex,4749,-0.0266,-0.0011
QQQ,22_bear_continuation,total_vex,4749,0.0027,0.0117
QQQ,22_bear_continuation,flip_price,1969,0.0141,0.0133
QQQ,22_bear_continuation,distance_to_king_pct,4749,-0.0471,-0.0476
QQQ,22_bear_continuation,distance_to_gate_pct,4624,-0.0074,0.0131
QQQ,22_bear_reversal,rsi_9,3972,0.01,0.0056
QQQ,22_bear_reversal,rsi_14,3972,0.0033,-0.0032
QQQ,22_bear_reversal,stoch_rsi_k,3972,0.0097,0.0155
QQQ,22_bear_reversal,stoch_rsi_d,3972,0.0035,0.0052
QQQ,22_bear_reversal,ema_9,3972,-0.001,-0.0009
QQQ,22_bear_reversal,ema_20,3971,-0.0009,-0.0011
QQQ,22_bear_reversal,ema_50,3968,-0.0008,-0.0012
QQQ,22_bear_reversal,sma_50,3968,-0.0008,-0.0009
QQQ,22_bear_reversal,sma_200,3950,-0.0019,-0.002
QQQ,22_bear_reversal,macd,3970,-0.0214,-0.0134
QQQ,22_bear_reversal,macd_signal,3969,-0.021,-0.0259
QQQ,22_bear_reversal,macd_histogram,3969,-0.0038,0.0212
QQQ,22_bear_reversal,atr_14,3972,0.0328,0.0295
QQQ,22_bear_reversal,bb_upper,3971,0.0001,-0.0002
QQQ,22_bear_reversal,bb_lower,3971,-0.0017,-0.0016
QQQ,22_bear_reversal,bb_width,3971,0.0467,0.0425
QQQ,22_bear_reversal,bb_pct,3971,0.0128,0.0118
QQQ,22_bear_reversal,obv,3972,0.0026,0.0041
QQQ,22_bear_reversal,rvol,3972,-0.0217,-0.0264
QQQ,22_bear_reversal,rvol_10,3972,-0.0261,-0.0332
QQQ,22_bear_reversal,vwap,3972,-0.0009,-0.0006
QQQ,22_bear_reversal,price_vs_vwap,3972,-0.0195,0.0117
QQQ,22_bear_reversal,price_vs_ema9,3972,0.0078,0.0166
QQQ,22_bear_reversal,price_vs_ema20,3971,-0.0057,0.0097
QQQ,22_bear_reversal,consecutive_up,3972,-0.0256,-0.0193
QQQ,22_bear_reversal,consecutive_down,3972,0.0293,0.0227
QQQ,22_bear_reversal,intraday_return,3972,-0.0251,0.0146
QQQ,22_bear_reversal,high_low_spread_pct,3972,0.0482,0.0084
QQQ,22_bear_reversal,vix_close,3972,-0.0036,-0.0149
QQQ,22_bear_reversal,total_gex,3969,-0.022,-0.0289
QQQ,22_bear_reversal,total_vex,3969,-0.0042,-0.0043
QQQ,22_bear_reversal,flip_price,1796,0.0267,0.0228
QQQ,22_bear_reversal,distance_to_king_pct,3969,-0.0204,0.0024
QQQ,22_bear_reversal,distance_to_gate_pct,3870,0.0015,0.0304
QQQ,22_bull_continuation,rsi_9,6466,0.0284,0.0355
QQQ,22_bull_continuation,rsi_14,6466,0.0266,0.0323
QQQ,22_bull_continuation,stoch_rsi_k,6466,0.0285,0.04
QQQ,22_bull_continuation,stoch_rsi_d,6466,0.0291,0.0417
QQQ,22_bull_continuation,ema_9,6465,0.0049,0.0076
QQQ,22_bull_continuation,ema_20,6464,0.0048,0.0072
QQQ,22_bull_continuation,ema_50,6460,0.0034,0.0056
QQQ,22_bull_continuation,sma_50,6460,0.0034,0.0055
QQQ,22_bull_continuation,sma_200,6437,0.0,0.0045
QQQ,22_bull_continuation,macd,6462,-0.0004,0.0307
QQQ,22_bull_continuation,macd_signal,6462,0.0027,0.0197
QQQ,22_bull_continuation,macd_histogram,6462,-0.0096,0.0403
QQQ,22_bull_continuation,atr_14,6466,-0.0116,0.0203
QQQ,22_bull_continuation,bb_upper,6464,0.0044,0.0068
QQQ,22_bull_continuation,bb_lower,6464,0.0051,0.0075
QQQ,22_bull_continuation,bb_width,6464,-0.0155,0.0153
QQQ,22_bull_continuation,bb_pct,6464,0.0232,0.0378
QQQ,22_bull_continuation,obv,6466,0.0115,0.0157
QQQ,22_bull_continuation,rvol,6466,0.0075,0.0263
QQQ,22_bull_continuation,rvol_10,6466,0.0062,0.0227
QQQ,22_bull_continuation,vwap,6466,0.0049,0.0078
QQQ,22_bull_continuation,price_vs_vwap,6466,-0.0658,0.0249
QQQ,22_bull_continuation,price_vs_ema9,6465,-0.0169,0.0395
QQQ,22_bull_continuation,price_vs_ema20,6464,-0.0069,0.0432
QQQ,22_bull_continuation,consecutive_up,6466,-0.0147,0.0033
QQQ,22_bull_continuation,consecutive_down,6466,0.0151,-0.0053
QQQ,22_bull_continuation,intraday_return,6466,-0.0356,0.0001
QQQ,22_bull_continuation,high_low_spread_pct,6466,-0.0315,0.0118
QQQ,22_bull_continuation,vix_close,6466,-0.0259,-0.0032
QQQ,22_bull_continuation,total_gex,6455,0.0105,0.0065
QQQ,22_bull_continuation,total_vex,6455,-0.0073,-0.0134
QQQ,22_bull_continuation,flip_price,2887,0.048,0.0642
QQQ,22_bull_continuation,distance_to_king_pct,6455,0.0011,0.0231
QQQ,22_bull_continuation,distance_to_gate_pct,6307,0.0197,0.0439
QQQ,22_bull_reversal,rsi_9,3968,0.0216,0.0166
QQQ,22_bull_reversal,rsi_14,3968,0.0178,0.0091
QQQ,22_bull_reversal,stoch_rsi_k,3968,0.0221,0.03
QQQ,22_bull_reversal,stoch_rsi_d,3968,0.0206,0.0288
QQQ,22_bull_reversal,ema_9,3967,0.0031,0.0084
QQQ,22_bull_reversal,ema_20,3966,0.0029,0.0082
QQQ,22_bull_reversal,ema_50,3962,0.0015,0.0065
QQQ,22_bull_reversal,sma_50,3962,0.0015,0.0068
QQQ,22_bull_reversal,sma_200,3942,0.0031,0.0102
QQQ,22_bull_reversal,macd,3966,0.0181,-0.0018
QQQ,22_bull_reversal,macd_signal,3964,0.0182,-0.0139
QQQ,22_bull_reversal,macd_histogram,3964,0.0025,0.0309
QQQ,22_bull_reversal,atr_14,3968,-0.0189,0.0339
QQQ,22_bull_reversal,bb_upper,3966,0.0023,0.0081
QQQ,22_bull_reversal,bb_lower,3966,0.0036,0.0085
QQQ,22_bull_reversal,bb_width,3966,-0.0316,0.0188
QQQ,22_bull_reversal,bb_pct,3966,0.0172,0.0168
QQQ,22_bull_reversal,obv,3968,0.0057,0.0134
QQQ,22_bull_reversal,rvol,3968,-0.0259,-0.0047
QQQ,22_bull_reversal,rvol_10,3968,-0.0301,-0.0124
QQQ,22_bull_reversal,vwap,3968,0.0032,0.0086
QQQ,22_bull_reversal,price_vs_vwap,3968,-0.0272,0.0302
QQQ,22_bull_reversal,price_vs_ema9,3967,0.0067,0.0383
QQQ,22_bull_reversal,price_vs_ema20,3966,0.0087,0.0268
QQQ,22_bull_reversal,consecutive_up,3968,-0.0127,-0.0159
QQQ,22_bull_reversal,consecutive_down,3968,0.0153,0.0186
QQQ,22_bull_reversal,intraday_return,3968,-0.0145,0.0205
QQQ,22_bull_reversal,high_low_spread_pct,3968,-0.0304,0.0202
QQQ,22_bull_reversal,vix_close,3968,-0.0501,-0.0035
QQQ,22_bull_reversal,total_gex,3964,0.0048,-0.0123
QQQ,22_bull_reversal,total_vex,3964,-0.0089,-0.0133
QQQ,22_bull_reversal,flip_price,1741,0.0654,0.0647
QQQ,22_bull_reversal,distance_to_king_pct,3964,-0.0378,0.0007
QQQ,22_bull_reversal,distance_to_gate_pct,3864,0.0005,0.0337
QQQ,312_bear_reversal,rsi_9,181,-0.0757,-0.0958
QQQ,312_bear_reversal,rsi_14,181,-0.0828,-0.1158
QQQ,312_bear_reversal,stoch_rsi_k,181,-0.0594,-0.0317
QQQ,312_bear_reversal,stoch_rsi_d,181,-0.0875,-0.0752
QQQ,312_bear_reversal,ema_9,181,0.1214,0.1848
QQQ,312_bear_reversal,ema_20,181,0.1219,0.1861
QQQ,312_bear_reversal,ema_50,181,0.1231,0.1859
QQQ,312_bear_reversal,sma_50,181,0.1226,0.1863
QQQ,312_bear_reversal,sma_200,180,0.1341,0.1984
QQQ,312_bear_reversal,macd,181,-0.0618,-0.1244
QQQ,312_bear_reversal,macd_signal,181,-0.0385,-0.1113
QQQ,312_bear_reversal,macd_histogram,181,-0.0921,-0.0961
QQQ,312_bear_reversal,atr_14,181,0.2943,0.1848
QQQ,312_bear_reversal,bb_upper,181,0.1249,0.1897
QQQ,312_bear_reversal,bb_lower,181,0.1194,0.1835
QQQ,312_bear_reversal,bb_width,181,0.2035,0.2082
QQQ,312_bear_reversal,bb_pct,181,-0.1118,-0.082
QQQ,312_bear_reversal,obv,181,0.1249,0.1726
QQQ,312_bear_reversal,rvol,181,0.1984,0.0852
QQQ,312_bear_reversal,rvol_10,181,0.1831,0.0732
QQQ,312_bear_reversal,vwap,181,0.1203,0.1813
QQQ,312_bear_reversal,price_vs_vwap,181,-0.2931,0.0535
QQQ,312_bear_reversal,price_vs_ema9,181,-0.3481,-0.0487
QQQ,312_bear_reversal,price_vs_ema20,181,-0.2794,-0.1077
QQQ,312_bear_reversal,consecutive_up,181,0.0072,-0.0251
QQQ,312_bear_reversal,consecutive_down,181,0.0096,0.0512
QQQ,312_bear_reversal,intraday_return,181,-0.3817,0.0212
QQQ,312_bear_reversal,high_low_spread_pct,181,0.4027,0.0404
QQQ,312_bear_reversal,vix_close,181,0.2051,-0.0398
QQQ,312_bear_reversal,total_gex,181,0.0148,-0.0612
QQQ,312_bear_reversal,total_vex,181,-0.1275,-0.1938
QQQ,312_bear_reversal,flip_price,63,0.2472,0.2338
QQQ,312_bear_reversal,distance_to_king_pct,181,-0.0794,0.0184
QQQ,312_bear_reversal,distance_to_gate_pct,179,-0.0248,0.104
QQQ,312_bull_reversal,rsi_9,340,-0.0554,-0.0354
QQQ,312_bull_reversal,rsi_14,340,-0.0763,-0.0743
QQQ,312_bull_reversal,stoch_rsi_k,340,0.0383,0.0793
QQQ,312_bull_reversal,stoch_rsi_d,340,0.0342,0.0576
QQQ,312_bull_reversal,ema_9,340,0.0152,-0.0272
QQQ,312_bull_reversal,ema_20,340,0.0161,-0.0268
QQQ,312_bull_reversal,ema_50,340,0.0174,-0.0268
QQQ,312_bull_reversal,sma_50,340,0.0181,-0.0252
QQQ,312_bull_reversal,sma_200,339,0.0192,-0.0261
QQQ,312_bull_reversal,macd,340,-0.1276,-0.096
QQQ,312_bull_reversal,macd_signal,340,-0.1297,-0.102
QQQ,312_bull_reversal,macd_histogram,340,-0.0142,0.026
QQQ,312_bull_reversal,atr_14,340,0.0098,-0.0525
QQQ,312_bull_reversal,bb_upper,340,0.0156,-0.0275
QQQ,312_bull_reversal,bb_lower,340,0.0164,-0.027
QQQ,312_bull_reversal,bb_width,340,-0.0111,-0.0602
QQQ,312_bull_reversal,bb_pct,340,-0.0519,0.0098
QQQ,312_bull_reversal,obv,340,0.0127,-0.0207
QQQ,312_bull_reversal,rvol,340,-0.0104,0.0454
QQQ,312_bull_reversal,rvol_10,340,-0.0213,0.0445
QQQ,312_bull_reversal,vwap,340,0.0145,-0.0277
QQQ,312_bull_reversal,price_vs_vwap,340,0.0287,0.0946
QQQ,312_bull_reversal,price_vs_ema9,340,-0.074,-0.0433
QQQ,312_bull_reversal,price_vs_ema20,340,-0.0986,-0.0882
QQQ,312_bull_reversal,consecutive_up,340,-0.0794,-0.0037
QQQ,312_bull_reversal,consecutive_down,340,0.0619,-0.0169
QQQ,312_bull_reversal,intraday_return,340,0.0308,0.0504
QQQ,312_bull_reversal,high_low_spread_pct,340,-0.1448,-0.0576
QQQ,312_bull_reversal,vix_close,340,-0.0454,-0.0822
QQQ,312_bull_reversal,total_gex,340,-0.091,-0.1035
QQQ,312_bull_reversal,total_vex,340,-0.0179,0.0393
QQQ,312_bull_reversal,flip_price,164,-0.1049,-0.0631
QQQ,312_bull_reversal,distance_to_king_pct,340,-0.0453,-0.0357
QQQ,312_bull_reversal,distance_to_gate_pct,331,0.0412,0.0317
QQQ,322_bear_continuation,rsi_9,486,0.0274,0.0526
QQQ,322_bear_continuation,rsi_14,486,0.0294,0.0514
QQQ,322_bear_continuation,stoch_rsi_k,486,0.0429,0.0427
QQQ,322_bear_continuation,stoch_rsi_d,486,0.0486,0.0433
QQQ,322_bear_continuation,ema_9,486,-0.0362,-0.0527
QQQ,322_bear_continuation,ema_20,486,-0.0369,-0.0534
QQQ,322_bear_continuation,ema_50,483,-0.0499,-0.0697
QQQ,322_bear_continuation,sma_50,483,-0.0496,-0.0691
QQQ,322_bear_continuation,sma_200,480,-0.0547,-0.0743
QQQ,322_bear_continuation,macd,486,0.0841,0.0782
QQQ,322_bear_continuation,macd_signal,486,0.063,0.0778
QQQ,322_bear_continuation,macd_histogram,486,0.1003,0.081
QQQ,322_bear_continuation,atr_14,486,-0.0753,-0.0545
QQQ,322_bear_continuation,bb_upper,486,-0.0383,-0.0515
QQQ,322_bear_continuation,bb_lower,486,-0.0363,-0.0549
QQQ,322_bear_continuation,bb_width,486,-0.0678,-0.0126
QQQ,322_bear_continuation,bb_pct,486,0.0206,0.0571
QQQ,322_bear_continuation,obv,486,-0.0216,-0.0259
QQQ,322_bear_continuation,rvol,486,0.0256,0.0278
QQQ,322_bear_continuation,rvol_10,486,0.0375,0.0375
QQQ,322_bear_continuation,vwap,486,-0.0361,-0.053
QQQ,322_bear_continuation,price_vs_vwap,486,0.0416,0.0383
QQQ,322_bear_continuation,price_vs_ema9,486,0.028,0.0759
QQQ,322_bear_continuation,price_vs_ema20,486,0.0552,0.0739
QQQ,322_bear_continuation,consecutive_up,486,-0.0548,-0.0273
QQQ,322_bear_continuation,consecutive_down,486,0.0505,0.0256
QQQ,322_bear_continuation,intraday_return,486,-0.114,-0.0354
QQQ,322_bear_continuation,high_low_spread_pct,486,0.0636,0.0169
QQQ,322_bear_continuation,vix_close,486,-0.143,-0.0749
QQQ,322_bear_continuation,total_gex,486,0.0128,0.0477
QQQ,322_bear_continuation,total_vex,486,0.0439,0.0643
QQQ,322_bear_continuation,flip_price,207,0.0184,-0.0695
QQQ,322_bear_continuation,distance_to_king_pct,486,-0.0024,-0.0214
QQQ,322_bear_continuation,distance_to_gate_pct,473,-0.0262,-0.0783
QQQ,322_bull_continuation,rsi_9,582,-0.0197,-0.0131
QQQ,322_bull_continuation,rsi_14,582,-0.0097,-0.0039
QQQ,322_bull_continuation,stoch_rsi_k,582,-0.0307,-0.008
QQQ,322_bull_continuation,stoch_rsi_d,582,-0.0315,-0.0169
QQQ,322_bull_continuation,ema_9,582,-0.0164,-0.012
QQQ,322_bull_continuation,ema_20,582,-0.0162,-0.012
QQQ,322_bull_continuation,ema_50,582,-0.0162,-0.0126
QQQ,322_bull_continuation,sma_50,582,-0.0155,-0.0122
QQQ,322_bull_continuation,sma_200,578,-0.0207,-0.0175
QQQ,322_bull_continuation,macd,582,-0.0228,0.0185
QQQ,322_bull_continuation,macd_signal,582,-0.0146,0.026
QQQ,322_bull_continuation,macd_histogram,582,-0.0305,-0.018
QQQ,322_bull_continuation,atr_14,582,0.0041,-0.0021
QQQ,322_bull_continuation,bb_upper,582,-0.0158,-0.0122
QQQ,322_bull_continuation,bb_lower,582,-0.0165,-0.0119
QQQ,322_bull_continuation,bb_width,582,0.0092,-0.0098
QQQ,322_bull_continuation,bb_pct,582,-0.0438,-0.016
QQQ,322_bull_continuation,obv,582,-0.0083,-0.0108
QQQ,322_bull_continuation,rvol,582,0.0642,0.0894
QQQ,322_bull_continuation,rvol_10,582,0.0615,0.1063
QQQ,322_bull_continuation,vwap,582,-0.016,-0.0115
QQQ,322_bull_continuation,price_vs_vwap,582,-0.1035,0.0338
QQQ,322_bull_continuation,price_vs_ema9,582,-0.0308,-0.026
QQQ,322_bull_continuation,price_vs_ema20,582,-0.0382,-0.0219
QQQ,322_bull_continuation,consecutive_up,582,-0.0277,-0.0364
QQQ,322_bull_continuation,consecutive_down,582,0.007,0.0084
QQQ,322_bull_continuation,intraday_return,582,-0.0219,-0.0715
QQQ,322_bull_continuation,high_low_spread_pct,582,0.0196,-0.0256
QQQ,322_bull_continuation,vix_close,582,0.0289,-0.0035
QQQ,322_bull_continuation,total_gex,581,0.0291,0.0107
QQQ,322_bull_continuation,total_vex,581,0.0158,0.0187
QQQ,322_bull_continuation,flip_price,271,-0.0235,-0.0388
QQQ,322_bull_continuation,distance_to_king_pct,581,0.0023,0.0189
QQQ,322_bull_continuation,distance_to_gate_pct,571,0.0002,-0.0088
QQQ,32_bear_reversal,rsi_9,159,0.0825,0.0973
QQQ,32_bear_reversal,rsi_14,159,0.0696,0.0883
QQQ,32_bear_reversal,stoch_rsi_k,159,0.1761,0.1846
QQQ,32_bear_reversal,stoch_rsi_d,159,0.1888,0.1974
QQQ,32_bear_reversal,ema_9,159,-0.139,-0.11
QQQ,32_bear_reversal,ema_20,159,-0.1395,-0.11
QQQ,32_bear_reversal,ema_50,157,-0.1485,-0.1293
QQQ,32_bear_reversal,sma_50,157,-0.1475,-0.1302
QQQ,32_bear_reversal,sma_200,157,-0.1509,-0.1326
QQQ,32_bear_reversal,macd,159,0.0452,0.0866
QQQ,32_bear_reversal,macd_signal,159,0.0383,0.0752
QQQ,32_bear_reversal,macd_histogram,159,0.0302,0.1006
QQQ,32_bear_reversal,atr_14,159,-0.0185,0.0082
QQQ,32_bear_reversal,bb_upper,159,-0.1395,-0.1097
QQQ,32_bear_reversal,bb_lower,159,-0.1411,-0.1138
QQQ,32_bear_reversal,bb_width,159,-0.0321,0.0353
QQQ,32_bear_reversal,bb_pct,159,0.0638,0.0904
QQQ,32_bear_reversal,obv,159,-0.1248,-0.123
QQQ,32_bear_reversal,rvol,159,0.0375,0.0687
QQQ,32_bear_reversal,rvol_10,159,0.0397,0.0871
QQQ,32_bear_reversal,vwap,159,-0.1417,-0.1118
QQQ,32_bear_reversal,price_vs_vwap,159,0.0688,0.1273
QQQ,32_bear_reversal,price_vs_ema9,159,-0.1654,0.0099
QQQ,32_bear_reversal,price_vs_ema20,159,-0.1113,0.0526
QQQ,32_bear_reversal,consecutive_up,159,0.0478,-0.0089
QQQ,32_bear_reversal,consecutive_down,159,-0.0436,0.0029
QQQ,32_bear_reversal,intraday_return,159,0.1827,0.1191
QQQ,32_bear_reversal,high_low_spread_pct,159,0.1173,0.1382
QQQ,32_bear_reversal,vix_close,159,0.1618,0.048
QQQ,32_bear_reversal,total_gex,159,0.0204,0.055
QQQ,32_bear_reversal,total_vex,159,0.1316,0.0923
QQQ,32_bear_reversal,flip_price,80,0.1066,0.1311
QQQ,32_bear_reversal,distance_to_king_pct,159,-0.0438,0.0459
QQQ,32_bear_reversal,distance_to_gate_pct,150,-0.0379,-0.0356
QQQ,32_bull_reversal,rsi_9,190,-0.0673,0.0005
QQQ,32_bull_reversal,rsi_14,190,-0.0833,-0.0289
QQQ,32_bull_reversal,stoch_rsi_k,190,-0.0326,-0.0134
QQQ,32_bull_reversal,stoch_rsi_d,190,-0.0441,-0.0369
QQQ,32_bull_reversal,ema_9,190,0.0157,-0.0393
QQQ,32_bull_reversal,ema_20,190,0.0163,-0.0375
QQQ,32_bull_reversal,ema_50,190,0.0176,-0.0357
QQQ,32_bull_reversal,sma_50,190,0.0187,-0.0336
QQQ,32_bull_reversal,sma_200,189,0.0203,-0.0224
QQQ,32_bull_reversal,macd,190,-0.086,-0.04
QQQ,32_bull_reversal,macd_signal,190,-0.0846,-0.0597
QQQ,32_bull_reversal,macd_histogram,190,-0.0055,0.0572
QQQ,32_bull_reversal,atr_14,190,0.0462,0.0609
QQQ,32_bull_reversal,bb_upper,190,0.0196,-0.0339
QQQ,32_bull_reversal,bb_lower,190,0.0133,-0.037
QQQ,32_bull_reversal,bb_width,190,0.1733,0.0961
QQQ,32_bull_reversal,bb_pct,190,-0.0232,0.0696
QQQ,32_bull_reversal,obv,190,-0.005,-0.0641
QQQ,32_bull_reversal,rvol,190,0.0423,0.0572
QQQ,32_bull_reversal,rvol_10,190,0.0013,0.0468
QQQ,32_bull_reversal,vwap,190,0.0163,-0.0369
QQQ,32_bull_reversal,price_vs_vwap,190,-0.0636,0.0895
QQQ,32_bull_reversal,price_vs_ema9,190,0.0429,0.1192
QQQ,32_bull_reversal,price_vs_ema20,190,-0.0281,0.071
QQQ,32_bull_reversal,consecutive_up,190,0.0032,-0.0089
QQQ,32_bull_reversal,consecutive_down,190,-0.0155,-0.0094
QQQ,32_bull_reversal,intraday_return,190,0.2038,0.2113
QQQ,32_bull_reversal,high_low_spread_pct,190,0.028,0.1046
QQQ,32_bull_reversal,vix_close,190,0.0377,0.0328
QQQ,32_bull_reversal,total_gex,190,-0.0285,-0.0769
QQQ,32_bull_reversal,total_vex,190,-0.0231,0.0312
QQQ,32_bull_reversal,flip_price,84,0.0038,-0.0216
QQQ,32_bull_reversal,distance_to_king_pct,190,0.0714,0.1262
QQQ,32_bull_reversal,distance_to_gate_pct,187,0.0191,-0.0404
QQQ,clean_2d_bear,rsi_9,558,-0.0103,-0.0314
QQQ,clean_2d_bear,rsi_14,558,-0.0107,-0.0309
QQQ,clean_2d_bear,stoch_rsi_k,557,-0.0331,-0.0421
QQQ,clean_2d_bear,stoch_rsi_d,557,-0.0352,-0.0414
QQQ,clean_2d_bear,ema_9,557,0.0259,0.0352
QQQ,clean_2d_bear,ema_20,556,0.0264,0.0365
QQQ,clean_2d_bear,ema_50,555,0.0228,0.0336
QQQ,clean_2d_bear,sma_50,555,0.0229,0.0348
QQQ,clean_2d_bear,sma_200,552,0.0164,0.0273
QQQ,clean_2d_bear,macd,556,0.0434,0.0077
QQQ,clean_2d_bear,macd_signal,556,0.0391,0.0146
QQQ,clean_2d_bear,macd_histogram,556,0.0315,-0.027
QQQ,clean_2d_bear,atr_14,558,-0.0443,-0.0016
QQQ,clean_2d_bear,bb_upper,556,0.0267,0.0383
QQQ,clean_2d_bear,bb_lower,556,0.0261,0.0359
QQQ,clean_2d_bear,bb_width,556,0.0277,0.0387
QQQ,clean_2d_bear,bb_pct,556,-0.0128,-0.0206
QQQ,clean_2d_bear,obv,558,0.0421,0.0456
QQQ,clean_2d_bear,rvol,558,0.0766,0.0701
QQQ,clean_2d_bear,rvol_10,558,0.0695,0.0757
QQQ,clean_2d_bear,vwap,558,0.0253,0.0337
QQQ,clean_2d_bear,price_vs_vwap,558,0.0525,0.0102
QQQ,clean_2d_bear,price_vs_ema9,557,0.0407,-0.0136
QQQ,clean_2d_bear,price_vs_ema20,556,0.0298,-0.0092
QQQ,clean_2d_bear,consecutive_up,558,-0.0026,-0.018
QQQ,clean_2d_bear,consecutive_down,558,-0.0011,0.0159
QQQ,clean_2d_bear,intraday_return,558,0.0683,0.0305
QQQ,clean_2d_bear,high_low_spread_pct,558,-0.0893,0.0024
QQQ,clean_2d_bear,vix_close,558,-0.1446,-0.0328
QQQ,clean_2d_bear,total_gex,556,0.0376,0.0132
QQQ,clean_2d_bear,total_vex,556,-0.0132,-0.0434
QQQ,clean_2d_bear,flip_price,247,0.0202,0.0455
QQQ,clean_2d_bear,distance_to_king_pct,556,-0.0261,0.0036
QQQ,clean_2d_bear,distance_to_gate_pct,543,0.0109,0.0298
QQQ,clean_2u_bull,rsi_9,646,0.0248,0.0262
QQQ,clean_2u_bull,rsi_14,646,0.0336,0.0384
QQQ,clean_2u_bull,stoch_rsi_k,646,-0.0056,0.0048
QQQ,clean_2u_bull,stoch_rsi_d,646,-0.009,-0.0
QQQ,clean_2u_bull,ema_9,646,-0.0712,-0.0314
QQQ,clean_2u_bull,ema_20,646,-0.0715,-0.0322
QQQ,clean_2u_bull,ema_50,646,-0.0724,-0.0327
QQQ,clean_2u_bull,sma_50,646,-0.0727,-0.0334
QQQ,clean_2u_bull,sma_200,642,-0.0769,-0.0348
QQQ,clean_2u_bull,macd,646,0.0372,0.0505
QQQ,clean_2u_bull,macd_signal,646,0.0579,0.0687
QQQ,clean_2u_bull,macd_histogram,646,-0.0618,-0.0198
QQQ,clean_2u_bull,atr_14,646,-0.1127,-0.044
QQQ,clean_2u_bull,bb_upper,646,-0.0718,-0.0321
QQQ,clean_2u_bull,bb_lower,646,-0.0706,-0.0318
QQQ,clean_2u_bull,bb_width,646,-0.0685,-0.0378
QQQ,clean_2u_bull,bb_pct,646,-0.0028,0.0072
QQQ,clean_2u_bull,obv,646,-0.0489,-0.025
QQQ,clean_2u_bull,rvol,646,-0.0122,-0.0212
QQQ,clean_2u_bull,rvol_10,646,-0.0038,-0.0185
QQQ,clean_2u_bull,vwap,646,-0.0713,-0.0313
QQQ,clean_2u_bull,price_vs_vwap,646,-0.067,0.0115
QQQ,clean_2u_bull,price_vs_ema9,646,-0.0644,-0.0122
QQQ,clean_2u_bull,price_vs_ema20,646,-0.0285,0.0077
QQQ,clean_2u_bull,consecutive_up,646,-0.014,-0.012
QQQ,clean_2u_bull,consecutive_down,646,0.0168,0.0115
QQQ,clean_2u_bull,intraday_return,646,-0.1148,-0.063
QQQ,clean_2u_bull,high_low_spread_pct,646,-0.0955,-0.0777
QQQ,clean_2u_bull,vix_close,646,0.0049,-0.0069
QQQ,clean_2u_bull,total_gex,645,0.0415,0.0323
QQQ,clean_2u_bull,total_vex,645,0.0721,0.0318
QQQ,clean_2u_bull,flip_price,298,-0.0168,0.0031
QQQ,clean_2u_bull,distance_to_king_pct,645,-0.0377,0.0159
QQQ,clean_2u_bull,distance_to_gate_pct,629,-0.0609,-0.014
QQQ,f2d_bull_reversal,rsi_9,301,-0.0268,0.0063
QQQ,f2d_bull_reversal,rsi_14,301,-0.0201,0.0226
QQQ,f2d_bull_reversal,stoch_rsi_k,301,-0.0004,0.0053
QQQ,f2d_bull_reversal,stoch_rsi_d,301,0.0253,0.032
QQQ,f2d_bull_reversal,ema_9,301,-0.0499,-0.0538
QQQ,f2d_bull_reversal,ema_20,301,-0.0498,-0.0548
QQQ,f2d_bull_reversal,ema_50,301,-0.0495,-0.0531
QQQ,f2d_bull_reversal,sma_50,301,-0.0496,-0.0532
QQQ,f2d_bull_reversal,sma_200,300,-0.0471,-0.0502
QQQ,f2d_bull_reversal,macd,301,-0.0139,0.0269
QQQ,f2d_bull_reversal,macd_signal,301,-0.0156,0.0264
QQQ,f2d_bull_reversal,macd_histogram,301,0.0039,-0.0009
QQQ,f2d_bull_reversal,atr_14,301,-0.0575,-0.0584
QQQ,f2d_bull_reversal,bb_upper,301,-0.0507,-0.0547
QQQ,f2d_bull_reversal,bb_lower,301,-0.049,-0.0528
QQQ,f2d_bull_reversal,bb_width,301,-0.0738,-0.0565
QQQ,f2d_bull_reversal,bb_pct,301,-0.0592,-0.022
QQQ,f2d_bull_reversal,obv,301,-0.0464,-0.0544
QQQ,f2d_bull_reversal,rvol,301,0.0097,-0.0368
QQQ,f2d_bull_reversal,rvol_10,301,0.0303,-0.0351
QQQ,f2d_bull_reversal,vwap,301,-0.0504,-0.0534
QQQ,f2d_bull_reversal,price_vs_vwap,301,-0.0317,-0.0413
QQQ,f2d_bull_reversal,price_vs_ema9,301,-0.0348,-0.0093
QQQ,f2d_bull_reversal,price_vs_ema20,301,-0.017,0.0276
QQQ,f2d_bull_reversal,consecutive_up,301,-0.0521,-0.0513
QQQ,f2d_bull_reversal,consecutive_down,301,0.0315,0.0203
QQQ,f2d_bull_reversal,intraday_return,301,0.0599,-0.0191
QQQ,f2d_bull_reversal,high_low_spread_pct,301,0.0184,-0.0131
QQQ,f2d_bull_reversal,vix_close,301,-0.0001,-0.0066
QQQ,f2d_bull_reversal,total_gex,301,-0.0146,0.0423
QQQ,f2d_bull_reversal,total_vex,301,0.0658,0.0555
QQQ,f2d_bull_reversal,flip_price,138,0.0159,0.053
QQQ,f2d_bull_reversal,distance_to_king_pct,301,-0.0154,-0.0481
QQQ,f2d_bull_reversal,distance_to_gate_pct,291,-0.0059,0.0024
QQQ,f2u_bear_reversal,rsi_9,274,-0.0843,-0.0959
QQQ,f2u_bear_reversal,rsi_14,274,-0.0974,-0.1123
QQQ,f2u_bear_reversal,stoch_rsi_k,274,0.0409,0.0368
QQQ,f2u_bear_reversal,stoch_rsi_d,274,0.018,0.0078
QQQ,f2u_bear_reversal,ema_9,274,-0.144,-0.1238
QQQ,f2u_bear_reversal,ema_20,274,-0.1433,-0.1234
QQQ,f2u_bear_reversal,ema_50,274,-0.1419,-0.1225
QQQ,f2u_bear_reversal,sma_50,274,-0.1414,-0.1213
QQQ,f2u_bear_reversal,sma_200,274,-0.1373,-0.1149
QQQ,f2u_bear_reversal,macd,274,-0.114,-0.124
QQQ,f2u_bear_reversal,macd_signal,274,-0.1187,-0.124
QQQ,f2u_bear_reversal,macd_histogram,274,-0.0004,-0.011
QQQ,f2u_bear_reversal,atr_14,274,0.0185,-0.0113
QQQ,f2u_bear_reversal,bb_upper,274,-0.1406,-0.121
QQQ,f2u_bear_reversal,bb_lower,274,-0.146,-0.1247
QQQ,f2u_bear_reversal,bb_width,274,0.0637,0.0606
QQQ,f2u_bear_reversal,bb_pct,274,-0.0966,-0.1116
QQQ,f2u_bear_reversal,obv,274,-0.1375,-0.1143
QQQ,f2u_bear_reversal,rvol,274,0.0658,0.1309
QQQ,f2u_bear_reversal,rvol_10,274,0.0259,0.1096
QQQ,f2u_bear_reversal,vwap,274,-0.1436,-0.1229
QQQ,f2u_bear_reversal,price_vs_vwap,274,-0.1196,-0.1395
QQQ,f2u_bear_reversal,price_vs_ema9,274,0.0485,-0.0815
QQQ,f2u_bear_reversal,price_vs_ema20,274,-0.0472,-0.0957
QQQ,f2u_bear_reversal,consecutive_up,274,0.0715,0.0717
QQQ,f2u_bear_reversal,consecutive_down,274,-0.0311,-0.0446
QQQ,f2u_bear_reversal,intraday_return,274,-0.1814,-0.144
QQQ,f2u_bear_reversal,high_low_spread_pct,274,0.2033,0.1864
QQQ,f2u_bear_reversal,vix_close,274,0.159,0.05
QQQ,f2u_bear_reversal,total_gex,274,-0.0909,-0.1327
QQQ,f2u_bear_reversal,total_vex,274,0.1368,0.1125
QQQ,f2u_bear_reversal,flip_price,127,-0.1596,-0.1338
QQQ,f2u_bear_reversal,distance_to_king_pct,274,-0.0587,-0.0807
QQQ,f2u_bear_reversal,distance_to_gate_pct,265,-0.1117,-0.0888
QQQ,none,rsi_9,6526,-0.0017,-0.0006
QQQ,none,rsi_14,6526,-0.0032,-0.0017
QQQ,none,stoch_rsi_k,6525,0.0141,0.0199
QQQ,none,stoch_rsi_d,6525,0.0121,0.0216
QQQ,none,ema_9,6524,-0.0045,0.0038
QQQ,none,ema_20,6521,-0.0045,0.0038
QQQ,none,ema_50,6514,-0.0052,0.0027
QQQ,none,sma_50,6514,-0.005,0.0029
QQQ,none,sma_200,6491,-0.0051,0.0028
QQQ,none,macd,6520,-0.0096,0.0043
QQQ,none,macd_signal,6517,-0.0107,-0.001
QQQ,none,macd_histogram,6517,0.0015,0.0137
QQQ,none,atr_14,6526,0.0082,0.0042
QQQ,none,bb_upper,6521,-0.004,0.0041
QQQ,none,bb_lower,6521,-0.005,0.0035
QQQ,none,bb_width,6521,0.023,0.0201
QQQ,none,bb_pct,6521,-0.0103,-0.0048
QQQ,none,obv,6526,0.0017,0.0079
QQQ,none,rvol,6526,0.0138,0.0343
QQQ,none,rvol_10,6526,0.0108,0.0336
QQQ,none,vwap,6526,-0.0046,0.004
QQQ,none,price_vs_vwap,6526,0.0031,0.0125
QQQ,none,price_vs_ema9,6524,-0.0189,-0.0019
QQQ,none,price_vs_ema20,6521,-0.0172,0.0029
QQQ,none,consecutive_up,6526,-0.0096,-0.0085
QQQ,none,consecutive_down,6526,0.0109,0.0104
QQQ,none,intraday_return,6526,-0.0329,-0.0191
QQQ,none,high_low_spread_pct,6526,-0.0051,0.0109
QQQ,none,vix_close,6526,-0.0294,-0.0227
QQQ,none,total_gex,6518,0.0049,0.0007
QQQ,none,total_vex,6518,0.0019,-0.0018
QQQ,none,flip_price,3053,0.0301,0.0376
QQQ,none,distance_to_king_pct,6518,-0.0115,-0.0041
QQQ,none,distance_to_gate_pct,6366,-0.0137,0.0095
SPY,11_inside_compression,rsi_9,268,0.0443,0.0615
SPY,11_inside_compression,rsi_14,268,0.045,0.0599
SPY,11_inside_compression,stoch_rsi_k,268,0.04,0.0488
SPY,11_inside_compression,stoch_rsi_d,268,0.0506,0.0659
SPY,11_inside_compression,ema_9,268,0.0624,-0.0179
SPY,11_inside_compression,ema_20,267,0.066,-0.0104
SPY,11_inside_compression,ema_50,267,0.0658,-0.012
SPY,11_inside_compression,sma_50,267,0.0656,-0.0129
SPY,11_inside_compression,sma_200,267,0.0707,-0.0119
SPY,11_inside_compression,macd,267,0.0631,0.0208
SPY,11_inside_compression,macd_signal,267,0.0268,-0.0232
SPY,11_inside_compression,macd_histogram,267,0.1308,0.0833
SPY,11_inside_compression,atr_14,268,0.1575,-0.0389
SPY,11_inside_compression,bb_upper,267,0.0669,-0.0094
SPY,11_inside_compression,bb_lower,267,0.0644,-0.0114
SPY,11_inside_compression,bb_width,267,0.1082,-0.0192
SPY,11_inside_compression,bb_pct,267,0.0189,0.051
SPY,11_inside_compression,obv,268,0.028,-0.0166
SPY,11_inside_compression,rvol,268,0.0791,-0.0695
SPY,11_inside_compression,rvol_10,268,0.1016,-0.0906
SPY,11_inside_compression,vwap,268,0.0622,-0.0176
SPY,11_inside_compression,price_vs_vwap,268,0.1968,0.0763
SPY,11_inside_compression,price_vs_ema9,268,0.153,0.0736
SPY,11_inside_compression,price_vs_ema20,267,0.139,0.0655
SPY,11_inside_compression,consecutive_up,268,0.076,0.0963
SPY,11_inside_compression,consecutive_down,268,-0.0702,-0.0856
SPY,11_inside_compression,intraday_return,268,0.0828,0.0586
SPY,11_inside_compression,high_low_spread_pct,268,-0.0001,-0.0144
SPY,11_inside_compression,vix_close,268,-0.0715,-0.1033
SPY,11_inside_compression,total_gex,264,-0.0425,0.0237
SPY,11_inside_compression,total_vex,264,-0.0715,0.0135
SPY,11_inside_compression,flip_price,192,0.0519,-0.0257
SPY,11_inside_compression,distance_to_king_pct,264,-0.0003,-0.0398
SPY,11_inside_compression,distance_to_gate_pct,259,0.0008,-0.0432
SPY,132_bear_continuation,rsi_9,213,0.0197,0.0412
SPY,132_bear_continuation,rsi_14,213,-0.0131,0.0104
SPY,132_bear_continuation,stoch_rsi_k,213,0.0862,0.1553
SPY,132_bear_continuation,stoch_rsi_d,213,0.0829,0.1488
SPY,132_bear_continuation,ema_9,213,-0.0236,0.0196
SPY,132_bear_continuation,ema_20,213,-0.0234,0.019
SPY,132_bear_continuation,ema_50,212,-0.0301,0.0098
SPY,132_bear_continuation,sma_50,212,-0.0295,0.012
SPY,132_bear_continuation,sma_200,209,-0.0202,0.0213
SPY,132_bear_continuation,macd,213,-0.0727,-0.0462
SPY,132_bear_continuation,macd_signal,213,-0.1322,-0.1188
SPY,132_bear_continuation,macd_histogram,213,0.1391,0.1499
SPY,132_bear_continuation,atr_14,213,0.0018,0.0252
SPY,132_bear_continuation,bb_upper,213,-0.0247,0.016
SPY,132_bear_continuation,bb_lower,213,-0.0228,0.0191
SPY,132_bear_continuation,bb_width,213,-0.0702,-0.022
SPY,132_bear_continuation,bb_pct,213,0.0477,0.0759
SPY,132_bear_continuation,obv,213,-0.0062,0.0187
SPY,132_bear_continuation,rvol,213,-0.0012,0.0541
SPY,132_bear_continuation,rvol_10,213,-0.0045,0.0564
SPY,132_bear_continuation,vwap,213,-0.0239,0.0184
SPY,132_bear_continuation,price_vs_vwap,213,0.013,0.0478
SPY,132_bear_continuation,price_vs_ema9,213,0.0066,0.0263
SPY,132_bear_continuation,price_vs_ema20,213,-0.0433,0.0124
SPY,132_bear_continuation,consecutive_up,213,0.0144,0.0182
SPY,132_bear_continuation,consecutive_down,213,-0.012,-0.012
SPY,132_bear_continuation,intraday_return,213,-0.0053,-0.0796
SPY,132_bear_continuation,high_low_spread_pct,213,-0.0023,0.0485
SPY,132_bear_continuation,vix_close,213,0.0134,-0.0153
SPY,132_bear_continuation,total_gex,211,-0.0393,-0.0846
SPY,132_bear_continuation,total_vex,211,0.0257,-0.0207
SPY,132_bear_continuation,flip_price,122,-0.101,0.0408
SPY,132_bear_continuation,distance_to_king_pct,211,-0.0194,0.0082
SPY,132_bear_continuation,distance_to_gate_pct,207,-0.0493,-0.0468
SPY,132_bull_continuation,rsi_9,249,-0.0659,-0.0531
SPY,132_bull_continuation,rsi_14,249,-0.0786,-0.0621
SPY,132_bull_continuation,stoch_rsi_k,249,-0.0491,-0.0234
SPY,132_bull_continuation,stoch_rsi_d,249,-0.076,-0.0298
SPY,132_bull_continuation,ema_9,249,0.0348,-0.014
SPY,132_bull_continuation,ema_20,249,0.0362,-0.0139
SPY,132_bull_continuation,ema_50,249,0.0404,-0.012
SPY,132_bull_continuation,sma_50,249,0.0401,-0.0121
SPY,132_bull_continuation,sma_200,248,0.058,0.0032
SPY,132_bull_continuation,macd,249,-0.2453,-0.1163
SPY,132_bull_continuation,macd_signal,249,-0.2495,-0.1184
SPY,132_bull_continuation,macd_histogram,249,0.01,0.0247
SPY,132_bull_continuation,atr_14,249,0.3413,-0.0387
SPY,132_bull_continuation,bb_upper,249,0.0412,-0.013
SPY,132_bull_continuation,bb_lower,249,0.0329,-0.014
SPY,132_bull_continuation,bb_width,249,0.2894,0.0038
SPY,132_bull_continuation,bb_pct,249,-0.1115,-0.0989
SPY,132_bull_continuation,obv,249,0.0205,-0.0195
SPY,132_bull_continuation,rvol,249,-0.0651,-0.0519
SPY,132_bull_continuation,rvol_10,249,-0.068,-0.0648
SPY,132_bull_continuation,vwap,249,0.0346,-0.0144
SPY,132_bull_continuation,price_vs_vwap,249,0.0092,-0.03
SPY,132_bull_continuation,price_vs_ema9,249,0.0129,-0.0518
SPY,132_bull_continuation,price_vs_ema20,249,-0.127,-0.1193
SPY,132_bull_continuation,consecutive_up,249,0.0088,-0.021
SPY,132_bull_continuation,consecutive_down,249,-0.0269,-0.0072
SPY,132_bull_continuation,intraday_return,249,0.1318,0.0158
SPY,132_bull_continuation,high_low_spread_pct,249,0.0845,-0.1228
SPY,132_bull_continuation,vix_close,249,0.0912,-0.0664
SPY,132_bull_continuation,total_gex,249,-0.0784,-0.0473
SPY,132_bull_continuation,total_vex,249,-0.0366,0.0363
SPY,132_bull_continuation,flip_price,162,-0.112,-0.12
SPY,132_bull_continuation,distance_to_king_pct,249,0.0518,-0.0708
SPY,132_bull_continuation,distance_to_gate_pct,243,0.0316,-0.0482
SPY,212_bear_continuation,rsi_9,544,-0.0267,-0.0181
SPY,212_bear_continuation,rsi_14,544,-0.0177,-0.013
SPY,212_bear_continuation,stoch_rsi_k,544,-0.0284,-0.0021
SPY,212_bear_continuation,stoch_rsi_d,544,-0.0256,-0.0084
SPY,212_bear_continuation,ema_9,544,0.0536,0.0856
SPY,212_bear_continuation,ema_20,544,0.0536,0.0858
SPY,212_bear_continuation,ema_50,544,0.0533,0.0854
SPY,212_bear_continuation,sma_50,544,0.0533,0.0861
SPY,212_bear_continuation,sma_200,541,0.043,0.0743
SPY,212_bear_continuation,macd,544,0.0119,0.0033
SPY,212_bear_continuation,macd_signal,544,0.0212,0.0016
SPY,212_bear_continuation,macd_histogram,544,-0.0232,-0.0238
SPY,212_bear_continuation,atr_14,544,-0.0493,0.0218
SPY,212_bear_continuation,bb_upper,544,0.0536,0.0861
SPY,212_bear_continuation,bb_lower,544,0.0539,0.086
SPY,212_bear_continuation,bb_width,544,0.0149,0.0618
SPY,212_bear_continuation,bb_pct,544,-0.0316,-0.0107
SPY,212_bear_continuation,obv,544,0.0595,0.0772
SPY,212_bear_continuation,rvol,544,0.0646,0.0279
SPY,212_bear_continuation,rvol_10,544,0.0533,0.0175
SPY,212_bear_continuation,vwap,544,0.0539,0.0861
SPY,212_bear_continuation,price_vs_vwap,544,-0.0438,0.0039
SPY,212_bear_continuation,price_vs_ema9,544,0.023,0.0053
SPY,212_bear_continuation,price_vs_ema20,544,0.027,0.0054
SPY,212_bear_continuation,consecutive_up,544,0.072,0.0814
SPY,212_bear_continuation,consecutive_down,544,-0.0702,-0.0825
SPY,212_bear_continuation,intraday_return,544,-0.0442,0.0116
SPY,212_bear_continuation,high_low_spread_pct,544,-0.0034,0.005
SPY,212_bear_continuation,vix_close,544,-0.1669,-0.069
SPY,212_bear_continuation,total_gex,543,-0.016,0.0083
SPY,212_bear_continuation,total_vex,543,-0.0361,-0.0761
SPY,212_bear_continuation,flip_price,344,-0.0046,0.0865
SPY,212_bear_continuation,distance_to_king_pct,542,0.1184,0.1067
SPY,212_bear_continuation,distance_to_gate_pct,530,0.096,0.0954
SPY,212_bear_reversal,rsi_9,901,0.001,0.0062
SPY,212_bear_reversal,rsi_14,901,0.0016,0.0041
SPY,212_bear_reversal,stoch_rsi_k,901,0.0137,-0.0156
SPY,212_bear_reversal,stoch_rsi_d,901,0.0102,-0.018
SPY,212_bear_reversal,ema_9,901,0.0557,0.0634
SPY,212_bear_reversal,ema_20,900,0.0563,0.065
SPY,212_bear_reversal,ema_50,897,0.0506,0.0571
SPY,212_bear_reversal,sma_50,897,0.0509,0.0575
SPY,212_bear_reversal,sma_200,892,0.0537,0.0596
SPY,212_bear_reversal,macd,899,-0.0096,0.015
SPY,212_bear_reversal,macd_signal,898,-0.0245,0.0116
SPY,212_bear_reversal,macd_histogram,898,0.0455,0.0108
SPY,212_bear_reversal,atr_14,901,0.0546,0.0706
SPY,212_bear_reversal,bb_upper,900,0.0569,0.0653
SPY,212_bear_reversal,bb_lower,900,0.0556,0.0652
SPY,212_bear_reversal,bb_width,900,0.0658,0.0679
SPY,212_bear_reversal,bb_pct,900,-0.0007,-0.0
SPY,212_bear_reversal,obv,901,0.056,0.0689
SPY,212_bear_reversal,rvol,901,0.0678,0.0541
SPY,212_bear_reversal,rvol_10,901,0.0571,0.0492
SPY,212_bear_reversal,vwap,901,0.0559,0.0636
SPY,212_bear_reversal,price_vs_vwap,901,0.0016,-0.0034
SPY,212_bear_reversal,price_vs_ema9,901,0.0419,0.0045
SPY,212_bear_reversal,price_vs_ema20,900,0.0238,0.0079
SPY,212_bear_reversal,consecutive_up,901,-0.0309,0.0104
SPY,212_bear_reversal,consecutive_down,901,0.0275,-0.01
SPY,212_bear_reversal,intraday_return,901,-0.0719,-0.0073
SPY,212_bear_reversal,high_low_spread_pct,901,0.0725,0.044
SPY,212_bear_reversal,vix_close,901,-0.0408,0.005
SPY,212_bear_reversal,total_gex,896,0.0047,0.0206
SPY,212_bear_reversal,total_vex,896,-0.0624,-0.0705
SPY,212_bear_reversal,flip_price,566,0.0572,0.098
SPY,212_bear_reversal,distance_to_king_pct,896,0.0562,0.0644
SPY,212_bear_reversal,distance_to_gate_pct,881,0.0623,0.0762
SPY,212_bull_continuation,rsi_9,657,0.0655,0.0485
SPY,212_bull_continuation,rsi_14,657,0.0537,0.0307
SPY,212_bull_continuation,stoch_rsi_k,657,0.094,0.088
SPY,212_bull_continuation,stoch_rsi_d,657,0.0851,0.0931
SPY,212_bull_continuation,ema_9,656,-0.0226,0.0434
SPY,212_bull_continuation,ema_20,656,-0.0231,0.043
SPY,212_bull_continuation,ema_50,655,-0.0251,0.0402
SPY,212_bull_continuation,sma_50,655,-0.0254,0.0393
SPY,212_bull_continuation,sma_200,653,-0.0301,0.0349
SPY,212_bull_continuation,macd,656,0.0541,0.0051
SPY,212_bull_continuation,macd_signal,655,0.0331,-0.0213
SPY,212_bull_continuation,macd_histogram,655,0.0788,0.092
SPY,212_bull_continuation,atr_14,657,0.0265,0.073
SPY,212_bull_continuation,bb_upper,656,-0.0234,0.0429
SPY,212_bull_continuation,bb_lower,656,-0.0233,0.0422
SPY,212_bull_continuation,bb_width,656,-0.0119,0.0444
SPY,212_bull_continuation,bb_pct,656,0.064,0.0429
SPY,212_bull_continuation,obv,657,0.0083,0.035
SPY,212_bull_continuation,rvol,657,-0.0851,-0.0361
SPY,212_bull_continuation,rvol_10,657,-0.0744,-0.0338
SPY,212_bull_continuation,vwap,657,-0.0217,0.046
SPY,212_bull_continuation,price_vs_vwap,657,0.127,0.079
SPY,212_bull_continuation,price_vs_ema9,656,0.0912,0.1173
SPY,212_bull_continuation,price_vs_ema20,656,0.0817,0.071
SPY,212_bull_continuation,consecutive_up,657,0.056,0.0329
SPY,212_bull_continuation,consecutive_down,657,-0.0574,-0.037
SPY,212_bull_continuation,intraday_return,657,0.007,-0.0201
SPY,212_bull_continuation,high_low_spread_pct,657,0.0187,0.0061
SPY,212_bull_continuation,vix_close,657,0.0242,0.011
SPY,212_bull_continuation,total_gex,656,-0.0077,-0.0679
SPY,212_bull_continuation,total_vex,656,0.0208,-0.0457
SPY,212_bull_continuation,flip_price,425,-0.0448,-0.0155
SPY,212_bull_continuation,distance_to_king_pct,655,0.0352,0.0828
SPY,212_bull_continuation,distance_to_gate_pct,643,0.0426,0.0971
SPY,212_bull_reversal,rsi_9,993,0.009,-0.0298
SPY,212_bull_reversal,rsi_14,993,-0.002,-0.0428
SPY,212_bull_reversal,stoch_rsi_k,993,0.0312,0.0287
SPY,212_bull_reversal,stoch_rsi_d,993,0.0248,0.0241
SPY,212_bull_reversal,ema_9,993,0.0397,0.0192
SPY,212_bull_reversal,ema_20,993,0.0401,0.0196
SPY,212_bull_reversal,ema_50,991,0.0393,0.0196
SPY,212_bull_reversal,sma_50,991,0.0394,0.0202
SPY,212_bull_reversal,sma_200,987,0.0448,0.0217
SPY,212_bull_reversal,macd,992,-0.0614,-0.0483
SPY,212_bull_reversal,macd_signal,992,-0.0617,-0.0445
SPY,212_bull_reversal,macd_histogram,992,-0.0144,-0.0134
SPY,212_bull_reversal,atr_14,993,0.0608,0.0296
SPY,212_bull_reversal,bb_upper,993,0.0414,0.0193
SPY,212_bull_reversal,bb_lower,993,0.0393,0.0202
SPY,212_bull_reversal,bb_width,993,0.0823,0.0217
SPY,212_bull_reversal,bb_pct,993,-0.0022,-0.0195
SPY,212_bull_reversal,obv,993,0.0607,0.0402
SPY,212_bull_reversal,rvol,993,-0.0034,0.0453
SPY,212_bull_reversal,rvol_10,993,-0.0037,0.0457
SPY,212_bull_reversal,vwap,993,0.0396,0.0195
SPY,212_bull_reversal,price_vs_vwap,993,0.0431,0.0012
SPY,212_bull_reversal,price_vs_ema9,993,0.0382,-0.0064
SPY,212_bull_reversal,price_vs_ema20,993,-0.0007,-0.0395
SPY,212_bull_reversal,consecutive_up,993,-0.0071,-0.0006
SPY,212_bull_reversal,consecutive_down,993,0.0034,-0.0006
SPY,212_bull_reversal,intraday_return,993,0.0743,0.0578
SPY,212_bull_reversal,high_low_spread_pct,993,-0.0221,0.0426
SPY,212_bull_reversal,vix_close,993,-0.0891,-0.0252
SPY,212_bull_reversal,total_gex,990,-0.0145,-0.0219
SPY,212_bull_reversal,total_vex,990,-0.0497,-0.0261
SPY,212_bull_reversal,flip_price,645,-0.0106,-0.0111
SPY,212_bull_reversal,distance_to_king_pct,989,0.0346,0.015
SPY,212_bull_reversal,distance_to_gate_pct,964,0.039,0.0133
SPY,22_bear_continuation,rsi_9,4896,-0.0063,-0.018
SPY,22_bear_continuation,rsi_14,4896,-0.0122,-0.0241
SPY,22_bear_continuation,stoch_rsi_k,4896,-0.0062,0.0046
SPY,22_bear_continuation,stoch_rsi_d,4894,-0.0082,-0.0003
SPY,22_bear_continuation,ema_9,4894,-0.0109,-0.0146
SPY,22_bear_continuation,ema_20,4892,-0.01,-0.0134
SPY,22_bear_continuation,ema_50,4889,-0.01,-0.0134
SPY,22_bear_continuation,sma_50,4889,-0.0099,-0.013
SPY,22_bear_continuation,sma_200,4856,-0.0094,-0.0147
SPY,22_bear_continuation,macd,4892,-0.0336,-0.0242
SPY,22_bear_continuation,macd_signal,4892,-0.0314,-0.0296
SPY,22_bear_continuation,macd_histogram,4892,-0.0162,0.0003
SPY,22_bear_continuation,atr_14,4896,0.0376,0.0048
SPY,22_bear_continuation,bb_upper,4892,-0.0093,-0.0122
SPY,22_bear_continuation,bb_lower,4892,-0.0107,-0.0138
SPY,22_bear_continuation,bb_width,4892,0.0302,0.0187
SPY,22_bear_continuation,bb_pct,4892,-0.007,-0.0145
SPY,22_bear_continuation,obv,4896,-0.0015,0.0078
SPY,22_bear_continuation,rvol,4896,0.0154,0.0217
SPY,22_bear_continuation,rvol_10,4896,0.0158,0.0174
SPY,22_bear_continuation,vwap,4896,-0.0111,-0.0148
SPY,22_bear_continuation,price_vs_vwap,4896,-0.0428,-0.0152
SPY,22_bear_continuation,price_vs_ema9,4894,-0.0334,-0.0076
SPY,22_bear_continuation,price_vs_ema20,4892,-0.0382,-0.0102
SPY,22_bear_continuation,consecutive_up,4896,-0.0063,0.0019
SPY,22_bear_continuation,consecutive_down,4896,0.0064,-0.0012
SPY,22_bear_continuation,intraday_return,4896,-0.0154,-0.0081
SPY,22_bear_continuation,high_low_spread_pct,4896,0.0528,0.0082
SPY,22_bear_continuation,vix_close,4896,-0.0025,-0.0364
SPY,22_bear_continuation,total_gex,4887,-0.0207,-0.0158
SPY,22_bear_continuation,total_vex,4887,0.0034,0.0093
SPY,22_bear_continuation,flip_price,2878,-0.0194,-0.0158
SPY,22_bear_continuation,distance_to_king_pct,4886,0.0028,-0.0058
SPY,22_bear_continuation,distance_to_gate_pct,4760,0.0138,0.0175
SPY,22_bear_reversal,rsi_9,4019,0.0085,0.0065
SPY,22_bear_reversal,rsi_14,4019,0.003,0.0009
SPY,22_bear_reversal,stoch_rsi_k,4019,0.0042,0.0155
SPY,22_bear_reversal,stoch_rsi_d,4019,0.0037,0.0137
SPY,22_bear_reversal,ema_9,4019,-0.0134,-0.007
SPY,22_bear_reversal,ema_20,4018,-0.0132,-0.0068
SPY,22_bear_reversal,ema_50,4015,-0.0129,-0.007
SPY,22_bear_reversal,sma_50,4015,-0.0128,-0.0066
SPY,22_bear_reversal,sma_200,3997,-0.0161,-0.0124
SPY,22_bear_reversal,macd,4018,-0.0244,0.0018
SPY,22_bear_reversal,macd_signal,4017,-0.0233,-0.0031
SPY,22_bear_reversal,macd_histogram,4017,-0.0073,0.0165
SPY,22_bear_reversal,atr_14,4019,0.0205,0.0206
SPY,22_bear_reversal,bb_upper,4018,-0.012,-0.0055
SPY,22_bear_reversal,bb_lower,4018,-0.0142,-0.0078
SPY,22_bear_reversal,bb_width,4018,0.0575,0.049
SPY,22_bear_reversal,bb_pct,4018,0.0033,0.0029
SPY,22_bear_reversal,obv,4019,-0.0077,-0.0017
SPY,22_bear_reversal,rvol,4019,-0.0119,-0.009
SPY,22_bear_reversal,rvol_10,4019,-0.0164,-0.0136
SPY,22_bear_reversal,vwap,4019,-0.0134,-0.0068
SPY,22_bear_reversal,price_vs_vwap,4019,-0.0158,0.0202
SPY,22_bear_reversal,price_vs_ema9,4019,-0.0021,0.0058
SPY,22_bear_reversal,price_vs_ema20,4018,-0.0126,0.0074
SPY,22_bear_reversal,consecutive_up,4019,-0.0236,-0.0076
SPY,22_bear_reversal,consecutive_down,4019,0.0198,0.0036
SPY,22_bear_reversal,intraday_return,4019,-0.0463,0.0085
SPY,22_bear_reversal,high_low_spread_pct,4019,0.0485,0.0141
SPY,22_bear_reversal,vix_close,4019,-0.008,-0.0171
SPY,22_bear_reversal,total_gex,4011,-0.0144,-0.0398
SPY,22_bear_reversal,total_vex,4011,0.008,0.0029
SPY,22_bear_reversal,flip_price,2587,0.0148,-0.0043
SPY,22_bear_reversal,distance_to_king_pct,4007,-0.0037,0.0121
SPY,22_bear_reversal,distance_to_gate_pct,3908,-0.0135,0.0192
SPY,22_bull_continuation,rsi_9,6319,0.0122,0.0174
SPY,22_bull_continuation,rsi_14,6319,0.0087,0.0032
SPY,22_bull_continuation,stoch_rsi_k,6319,0.0337,0.0545
SPY,22_bull_continuation,stoch_rsi_d,6319,0.0323,0.0511
SPY,22_bull_continuation,ema_9,6318,-0.004,-0.0073
SPY,22_bull_continuation,ema_20,6317,-0.0042,-0.0076
SPY,22_bull_continuation,ema_50,6315,-0.005,-0.0082
SPY,22_bull_continuation,sma_50,6315,-0.0052,-0.0082
SPY,22_bull_continuation,sma_200,6290,-0.0088,-0.0075
SPY,22_bull_continuation,macd,6315,0.0135,-0.0033
SPY,22_bull_continuation,macd_signal,6315,0.0115,-0.0182
SPY,22_bull_continuation,macd_histogram,6315,0.0077,0.0578
SPY,22_bull_continuation,atr_14,6319,-0.0227,0.0341
SPY,22_bull_continuation,bb_upper,6317,-0.0046,-0.0079
SPY,22_bull_continuation,bb_lower,6317,-0.0039,-0.0076
SPY,22_bull_continuation,bb_width,6317,-0.0212,0.0294
SPY,22_bull_continuation,bb_pct,6317,0.0069,0.0238
SPY,22_bull_continuation,obv,6319,-0.0003,0.0014
SPY,22_bull_continuation,rvol,6319,0.0017,0.0269
SPY,22_bull_continuation,rvol_10,6319,-0.0061,0.0171
SPY,22_bull_continuation,vwap,6319,-0.0042,-0.0075
SPY,22_bull_continuation,price_vs_vwap,6319,-0.0498,0.0423
SPY,22_bull_continuation,price_vs_ema9,6318,-0.0228,0.0443
SPY,22_bull_continuation,price_vs_ema20,6317,-0.0045,0.034
SPY,22_bull_continuation,consecutive_up,6319,-0.011,0.0001
SPY,22_bull_continuation,consecutive_down,6319,0.0104,0.0036
SPY,22_bull_continuation,intraday_return,6319,-0.0454,0.0142
SPY,22_bull_continuation,high_low_spread_pct,6319,-0.0523,0.0401
SPY,22_bull_continuation,vix_close,6319,-0.043,0.005
SPY,22_bull_continuation,total_gex,6312,-0.0219,-0.0615
SPY,22_bull_continuation,total_vex,6312,0.0022,0.0024
SPY,22_bull_continuation,flip_price,3979,-0.0063,-0.0069
SPY,22_bull_continuation,distance_to_king_pct,6301,0.0191,0.0376
SPY,22_bull_continuation,distance_to_gate_pct,6152,0.0117,0.0343
SPY,22_bull_reversal,rsi_9,3984,0.0295,0.02
SPY,22_bull_reversal,rsi_14,3984,0.0216,0.0081
SPY,22_bull_reversal,stoch_rsi_k,3984,0.039,0.0455
SPY,22_bull_reversal,stoch_rsi_d,3984,0.0403,0.0467
SPY,22_bull_reversal,ema_9,3983,-0.0016,-0.0029
SPY,22_bull_reversal,ema_20,3982,-0.0019,-0.0032
SPY,22_bull_reversal,ema_50,3978,-0.0035,-0.0052
SPY,22_bull_reversal,sma_50,3978,-0.0036,-0.0052
SPY,22_bull_reversal,sma_200,3959,-0.0022,-0.0007
SPY,22_bull_reversal,macd,3982,0.0241,-0.004
SPY,22_bull_reversal,macd_signal,3979,0.0117,-0.0113
SPY,22_bull_reversal,macd_histogram,3979,0.0473,0.0447
SPY,22_bull_reversal,atr_14,3984,-0.0103,0.0269
SPY,22_bull_reversal,bb_upper,3982,-0.0022,-0.0032
SPY,22_bull_reversal,bb_lower,3982,-0.0017,-0.003
SPY,22_bull_reversal,bb_width,3982,-0.0145,0.0201
SPY,22_bull_reversal,bb_pct,3982,0.0221,0.0207
SPY,22_bull_reversal,obv,3984,-0.0062,0.0074
SPY,22_bull_reversal,rvol,3984,-0.0165,0.0046
SPY,22_bull_reversal,rvol_10,3984,-0.0196,-0.0028
SPY,22_bull_reversal,vwap,3984,-0.0017,-0.003
SPY,22_bull_reversal,price_vs_vwap,3984,-0.0031,0.0442
SPY,22_bull_reversal,price_vs_ema9,3983,0.0185,0.039
SPY,22_bull_reversal,price_vs_ema20,3982,0.0315,0.0268
SPY,22_bull_reversal,consecutive_up,3984,0.0149,0.0153
SPY,22_bull_reversal,consecutive_down,3984,-0.0123,-0.0138
SPY,22_bull_reversal,intraday_return,3984,-0.0397,0.0347
SPY,22_bull_reversal,high_low_spread_pct,3984,-0.0471,0.0351
SPY,22_bull_reversal,vix_close,3984,-0.0612,-0.0063
SPY,22_bull_reversal,total_gex,3975,-0.0167,-0.0421
SPY,22_bull_reversal,total_vex,3975,-0.0008,-0.0012
SPY,22_bull_reversal,flip_price,2502,0.0144,0.0147
SPY,22_bull_reversal,distance_to_king_pct,3973,0.0101,0.0213
SPY,22_bull_reversal,distance_to_gate_pct,3887,0.005,0.0196
SPY,312_bear_reversal,rsi_9,181,-0.0133,0.0072
SPY,312_bear_reversal,rsi_14,181,0.0091,0.0301
SPY,312_bear_reversal,stoch_rsi_k,181,-0.0643,-0.047
SPY,312_bear_reversal,stoch_rsi_d,181,-0.0546,-0.0426
SPY,312_bear_reversal,ema_9,181,0.0196,0.032
SPY,312_bear_reversal,ema_20,181,0.0199,0.0318
SPY,312_bear_reversal,ema_50,181,0.0201,0.0303
SPY,312_bear_reversal,sma_50,181,0.0197,0.0289
SPY,312_bear_reversal,sma_200,181,0.0229,0.0204
SPY,312_bear_reversal,macd,181,-0.0192,0.0546
SPY,312_bear_reversal,macd_signal,181,0.0086,0.0891
SPY,312_bear_reversal,macd_histogram,181,-0.1055,-0.0507
SPY,312_bear_reversal,atr_14,181,0.147,0.0871
SPY,312_bear_reversal,bb_upper,181,0.0232,0.0335
SPY,312_bear_reversal,bb_lower,181,0.0178,0.0314
SPY,312_bear_reversal,bb_width,181,0.1543,0.0651
SPY,312_bear_reversal,bb_pct,181,-0.0394,-0.0122
SPY,312_bear_reversal,obv,181,0.0311,-0.0223
SPY,312_bear_reversal,rvol,181,0.2222,0.1438
SPY,312_bear_reversal,rvol_10,181,0.2285,0.1605
SPY,312_bear_reversal,vwap,181,0.0193,0.032
SPY,312_bear_reversal,price_vs_vwap,181,-0.2011,0.0235
SPY,312_bear_reversal,price_vs_ema9,181,-0.2097,-0.0115
SPY,312_bear_reversal,price_vs_ema20,181,-0.1553,0.0133
SPY,312_bear_reversal,consecutive_up,181,0.0086,0.0512
SPY,312_bear_reversal,consecutive_down,181,0.0102,-0.0144
SPY,312_bear_reversal,intraday_return,181,-0.2615,0.0058
SPY,312_bear_reversal,high_low_spread_pct,181,0.2023,0.0609
SPY,312_bear_reversal,vix_close,181,0.0899,-0.0471
SPY,312_bear_reversal,total_gex,181,0.0297,0.0853
SPY,312_bear_reversal,total_vex,181,-0.0112,-0.0302
SPY,312_bear_reversal,flip_price,112,0.0224,0.015
SPY,312_bear_reversal,distance_to_king_pct,181,0.0243,0.0578
SPY,312_bear_reversal,distance_to_gate_pct,177,0.0139,0.068
SPY,312_bull_reversal,rsi_9,308,-0.0653,-0.0348
SPY,312_bull_reversal,rsi_14,308,-0.0633,-0.0275
SPY,312_bull_reversal,stoch_rsi_k,308,-0.0253,0.0089
SPY,312_bull_reversal,stoch_rsi_d,308,-0.0255,0.0101
SPY,312_bull_reversal,ema_9,308,0.0409,0.0444
SPY,312_bull_reversal,ema_20,308,0.042,0.0443
SPY,312_bull_reversal,ema_50,308,0.0436,0.0442
SPY,312_bull_reversal,sma_50,308,0.0448,0.0452
SPY,312_bull_reversal,sma_200,308,0.0443,0.0413
SPY,312_bull_reversal,macd,308,-0.1491,0.0071
SPY,312_bull_reversal,macd_signal,308,-0.147,0.0014
SPY,312_bull_reversal,macd_histogram,308,-0.0046,-0.0088
SPY,312_bull_reversal,atr_14,308,-0.008,-0.0148
SPY,312_bull_reversal,bb_upper,308,0.0418,0.0424
SPY,312_bull_reversal,bb_lower,308,0.0426,0.0459
SPY,312_bull_reversal,bb_width,308,-0.003,-0.0238
SPY,312_bull_reversal,bb_pct,308,-0.1089,-0.0567
SPY,312_bull_reversal,obv,308,-0.0157,0.0187
SPY,312_bull_reversal,rvol,308,-0.0653,-0.0375
SPY,312_bull_reversal,rvol_10,308,-0.0665,-0.0332
SPY,312_bull_reversal,vwap,308,0.0401,0.0441
SPY,312_bull_reversal,price_vs_vwap,308,0.0186,0.0019
SPY,312_bull_reversal,price_vs_ema9,308,-0.053,-0.0925
SPY,312_bull_reversal,price_vs_ema20,308,-0.1352,-0.0772
SPY,312_bull_reversal,consecutive_up,308,-0.0035,0.0061
SPY,312_bull_reversal,consecutive_down,308,-0.0191,-0.0243
SPY,312_bull_reversal,intraday_return,308,-0.0159,-0.0648
SPY,312_bull_reversal,high_low_spread_pct,308,-0.1245,-0.0524
SPY,312_bull_reversal,vix_close,308,-0.1368,-0.0891
SPY,312_bull_reversal,total_gex,307,-0.0385,-0.0104
SPY,312_bull_reversal,total_vex,307,-0.0308,-0.0246
SPY,312_bull_reversal,flip_price,202,0.0063,0.0013
SPY,312_bull_reversal,distance_to_king_pct,307,-0.0678,-0.0309
SPY,312_bull_reversal,distance_to_gate_pct,296,-0.0455,-0.0104
SPY,322_bear_continuation,rsi_9,495,0.0373,0.0471
SPY,322_bear_continuation,rsi_14,495,0.028,0.0323
SPY,322_bear_continuation,stoch_rsi_k,495,0.0862,0.0881
SPY,322_bear_continuation,stoch_rsi_d,495,0.0905,0.0886
SPY,322_bear_continuation,ema_9,495,0.0272,-0.0266
SPY,322_bear_continuation,ema_20,495,0.0262,-0.0276
SPY,322_bear_continuation,ema_50,493,0.0183,-0.0386
SPY,322_bear_continuation,sma_50,493,0.0183,-0.0386
SPY,322_bear_continuation,sma_200,491,0.0193,-0.0356
SPY,322_bear_continuation,macd,495,0.1038,0.04
SPY,322_bear_continuation,macd_signal,495,0.0683,0.0188
SPY,322_bear_continuation,macd_histogram,495,0.145,0.1129
SPY,322_bear_continuation,atr_14,495,-0.0325,-0.0189
SPY,322_bear_continuation,bb_upper,495,0.0252,-0.0285
SPY,322_bear_continuation,bb_lower,495,0.0258,-0.0273
SPY,322_bear_continuation,bb_width,495,-0.0056,-0.0209
SPY,322_bear_continuation,bb_pct,495,0.0382,0.0581
SPY,322_bear_continuation,obv,495,0.0292,0.0035
SPY,322_bear_continuation,rvol,495,0.029,0.0024
SPY,322_bear_continuation,rvol_10,495,0.0409,0.0049
SPY,322_bear_continuation,vwap,495,0.0266,-0.0265
SPY,322_bear_continuation,price_vs_vwap,495,0.156,0.0201
SPY,322_bear_continuation,price_vs_ema9,495,0.0762,0.0793
SPY,322_bear_continuation,price_vs_ema20,495,0.1217,0.0684
SPY,322_bear_continuation,consecutive_up,495,0.0434,0.0392
SPY,322_bear_continuation,consecutive_down,495,-0.0389,-0.0281
SPY,322_bear_continuation,intraday_return,495,-0.1339,-0.0472
SPY,322_bear_continuation,high_low_spread_pct,495,-0.0339,-0.0112
SPY,322_bear_continuation,vix_close,495,-0.2009,-0.0712
SPY,322_bear_continuation,total_gex,493,-0.0292,-0.0555
SPY,322_bear_continuation,total_vex,493,-0.0329,0.0131
SPY,322_bear_continuation,flip_price,306,-0.0437,-0.0817
SPY,322_bear_continuation,distance_to_king_pct,493,0.0332,0.0238
SPY,322_bear_continuation,distance_to_gate_pct,483,0.0438,0.0183
SPY,322_bull_continuation,rsi_9,602,-0.0373,-0.0246
SPY,322_bull_continuation,rsi_14,602,-0.034,-0.0301
SPY,322_bull_continuation,stoch_rsi_k,602,-0.0233,-0.0076
SPY,322_bull_continuation,stoch_rsi_d,602,-0.0244,0.0024
SPY,322_bull_continuation,ema_9,602,-0.0284,-0.0225
SPY,322_bull_continuation,ema_20,602,-0.0282,-0.0225
SPY,322_bull_continuation,ema_50,602,-0.0277,-0.0214
SPY,322_bull_continuation,sma_50,602,-0.027,-0.0206
SPY,322_bull_continuation,sma_200,600,-0.0358,-0.0284
SPY,322_bull_continuation,macd,602,-0.0504,-0.0549
SPY,322_bull_continuation,macd_signal,602,-0.0474,-0.0719
SPY,322_bull_continuation,macd_histogram,602,-0.0092,0.0271
SPY,322_bull_continuation,atr_14,602,-0.0109,0.0035
SPY,322_bull_continuation,bb_upper,602,-0.0287,-0.0226
SPY,322_bull_continuation,bb_lower,602,-0.0276,-0.0221
SPY,322_bull_continuation,bb_width,602,-0.0455,-0.0347
SPY,322_bull_continuation,bb_pct,602,-0.0252,0.0161
SPY,322_bull_continuation,obv,602,-0.0038,-0.02
SPY,322_bull_continuation,rvol,602,-0.0578,0.0153
SPY,322_bull_continuation,rvol_10,602,-0.0753,0.0106
SPY,322_bull_continuation,vwap,602,-0.0279,-0.022
SPY,322_bull_continuation,price_vs_vwap,602,-0.1318,0.0263
SPY,322_bull_continuation,price_vs_ema9,602,-0.0316,-0.0083
SPY,322_bull_continuation,price_vs_ema20,602,-0.0534,-0.0247
SPY,322_bull_continuation,consecutive_up,602,-0.069,-0.0663
SPY,322_bull_continuation,consecutive_down,602,0.074,0.0744
SPY,322_bull_continuation,intraday_return,602,-0.0307,-0.0465
SPY,322_bull_continuation,high_low_spread_pct,602,0.0294,-0.0076
SPY,322_bull_continuation,vix_close,602,0.0365,-0.0273
SPY,322_bull_continuation,total_gex,601,0.0099,-0.0247
SPY,322_bull_continuation,total_vex,601,0.0259,0.0163
SPY,322_bull_continuation,flip_price,348,-0.1105,-0.0705
SPY,322_bull_continuation,distance_to_king_pct,601,-0.011,-0.0146
SPY,322_bull_continuation,distance_to_gate_pct,583,0.0002,0.0259
SPY,32_bear_reversal,rsi_9,168,0.0772,0.0568
SPY,32_bear_reversal,rsi_14,168,0.0387,0.0375
SPY,32_bear_reversal,stoch_rsi_k,168,0.121,0.1045
SPY,32_bear_reversal,stoch_rsi_d,168,0.1067,0.0828
SPY,32_bear_reversal,ema_9,168,-0.0427,0.0054
SPY,32_bear_reversal,ema_20,168,-0.0425,0.0053
SPY,32_bear_reversal,ema_50,167,-0.0468,-0.0003
SPY,32_bear_reversal,sma_50,167,-0.047,-0.0005
SPY,32_bear_reversal,sma_200,165,-0.0262,0.0359
SPY,32_bear_reversal,macd,168,-0.0685,-0.0231
SPY,32_bear_reversal,macd_signal,168,-0.1073,-0.036
SPY,32_bear_reversal,macd_histogram,168,0.1252,0.0763
SPY,32_bear_reversal,atr_14,168,0.3145,0.1838
SPY,32_bear_reversal,bb_upper,168,-0.0359,0.0122
SPY,32_bear_reversal,bb_lower,168,-0.0499,0.001
SPY,32_bear_reversal,bb_width,168,0.3762,0.1834
SPY,32_bear_reversal,bb_pct,168,0.0964,0.0929
SPY,32_bear_reversal,obv,168,-0.0222,0.0256
SPY,32_bear_reversal,rvol,168,-0.0518,-0.0572
SPY,32_bear_reversal,rvol_10,168,-0.0443,-0.0606
SPY,32_bear_reversal,vwap,168,-0.0448,0.0064
SPY,32_bear_reversal,price_vs_vwap,168,0.0469,-0.0692
SPY,32_bear_reversal,price_vs_ema9,168,-0.162,0.0129
SPY,32_bear_reversal,price_vs_ema20,168,-0.1094,0.0337
SPY,32_bear_reversal,consecutive_up,168,0.0349,0.0527
SPY,32_bear_reversal,consecutive_down,168,-0.0194,-0.0358
SPY,32_bear_reversal,intraday_return,168,0.0297,-0.1277
SPY,32_bear_reversal,high_low_spread_pct,168,0.2963,0.1236
SPY,32_bear_reversal,vix_close,168,0.3365,0.152
SPY,32_bear_reversal,total_gex,168,-0.1161,-0.0913
SPY,32_bear_reversal,total_vex,168,0.022,-0.0273
SPY,32_bear_reversal,flip_price,106,-0.0758,0.0726
SPY,32_bear_reversal,distance_to_king_pct,168,0.0859,0.0577
SPY,32_bear_reversal,distance_to_gate_pct,166,0.0126,0.0261
SPY,32_bull_reversal,rsi_9,208,0.0089,0.0052
SPY,32_bull_reversal,rsi_14,208,0.0086,-0.0119
SPY,32_bull_reversal,stoch_rsi_k,208,0.1101,0.1339
SPY,32_bull_reversal,stoch_rsi_d,208,0.1168,0.1398
SPY,32_bull_reversal,ema_9,208,0.0424,0.0531
SPY,32_bull_reversal,ema_20,208,0.0421,0.0523
SPY,32_bull_reversal,ema_50,208,0.0406,0.0524
SPY,32_bull_reversal,sma_50,208,0.0411,0.0527
SPY,32_bull_reversal,sma_200,207,0.0239,0.036
SPY,32_bull_reversal,macd,208,0.0696,-0.0141
SPY,32_bull_reversal,macd_signal,208,0.0702,-0.0461
SPY,32_bull_reversal,macd_histogram,208,-0.0089,0.0296
SPY,32_bull_reversal,atr_14,208,-0.1552,-0.0169
SPY,32_bull_reversal,bb_upper,208,0.0397,0.0513
SPY,32_bull_reversal,bb_lower,208,0.044,0.0524
SPY,32_bull_reversal,bb_width,208,-0.1202,-0.0522
SPY,32_bull_reversal,bb_pct,208,0.0232,0.0373
SPY,32_bull_reversal,obv,208,0.0176,0.0005
SPY,32_bull_reversal,rvol,208,-0.0068,-0.0387
SPY,32_bull_reversal,rvol_10,208,-0.0225,-0.0605
SPY,32_bull_reversal,vwap,208,0.042,0.0532
SPY,32_bull_reversal,price_vs_vwap,208,0.0013,0.0532
SPY,32_bull_reversal,price_vs_ema9,208,-0.0613,-0.0325
SPY,32_bull_reversal,price_vs_ema20,208,-0.0184,-0.0199
SPY,32_bull_reversal,consecutive_up,208,-0.0159,0.0173
SPY,32_bull_reversal,consecutive_down,208,0.0131,-0.0142
SPY,32_bull_reversal,intraday_return,208,0.0533,0.0228
SPY,32_bull_reversal,high_low_spread_pct,208,-0.1531,-0.1266
SPY,32_bull_reversal,vix_close,208,-0.1689,-0.1285
SPY,32_bull_reversal,total_gex,207,0.0699,-0.0004
SPY,32_bull_reversal,total_vex,207,-0.0205,-0.042
SPY,32_bull_reversal,flip_price,137,-0.0226,-0.0457
SPY,32_bull_reversal,distance_to_king_pct,207,-0.0116,0.0213
SPY,32_bull_reversal,distance_to_gate_pct,198,-0.0218,0.0284
SPY,clean_2d_bear,rsi_9,556,0.0362,0.0177
SPY,clean_2d_bear,rsi_14,556,0.0279,0.0094
SPY,clean_2d_bear,stoch_rsi_k,555,0.0871,0.0491
SPY,clean_2d_bear,stoch_rsi_d,555,0.0711,0.0221
SPY,clean_2d_bear,ema_9,555,0.0257,-0.0231
SPY,clean_2d_bear,ema_20,554,0.027,-0.0202
SPY,clean_2d_bear,ema_50,554,0.0257,-0.0211
SPY,clean_2d_bear,sma_50,554,0.0262,-0.02
SPY,clean_2d_bear,sma_200,553,0.022,-0.0244
SPY,clean_2d_bear,macd,554,0.0636,0.0071
SPY,clean_2d_bear,macd_signal,554,0.0363,-0.0002
SPY,clean_2d_bear,macd_histogram,554,0.1128,0.0398
SPY,clean_2d_bear,atr_14,556,-0.135,-0.0636
SPY,clean_2d_bear,bb_upper,554,0.025,-0.0203
SPY,clean_2d_bear,bb_lower,554,0.0284,-0.0189
SPY,clean_2d_bear,bb_width,554,-0.0689,-0.0424
SPY,clean_2d_bear,bb_pct,554,0.0422,0.0123
SPY,clean_2d_bear,obv,556,0.0003,-0.0106
SPY,clean_2d_bear,rvol,556,-0.009,-0.0214
SPY,clean_2d_bear,rvol_10,556,-0.0049,-0.0206
SPY,clean_2d_bear,vwap,556,0.0258,-0.0213
SPY,clean_2d_bear,price_vs_vwap,556,0.2083,0.0457
SPY,clean_2d_bear,price_vs_ema9,555,0.2306,0.0728
SPY,clean_2d_bear,price_vs_ema20,554,0.1898,0.0506
SPY,clean_2d_bear,consecutive_up,556,0.0817,0.1008
SPY,clean_2d_bear,consecutive_down,556,-0.0692,-0.0799
SPY,clean_2d_bear,intraday_return,556,0.1803,0.0161
SPY,clean_2d_bear,high_low_spread_pct,556,-0.2451,-0.0283
SPY,clean_2d_bear,vix_close,556,-0.25,-0.1107
SPY,clean_2d_bear,total_gex,554,-0.0046,-0.0201
SPY,clean_2d_bear,total_vex,554,-0.015,0.0245
SPY,clean_2d_bear,flip_price,354,-0.0555,-0.1006
SPY,clean_2d_bear,distance_to_king_pct,554,0.0226,0.0095
SPY,clean_2d_bear,distance_to_gate_pct,542,0.0526,0.0076
SPY,clean_2u_bull,rsi_9,660,0.0312,0.0341
SPY,clean_2u_bull,rsi_14,660,0.034,0.0266
SPY,clean_2u_bull,stoch_rsi_k,660,-0.004,0.044
SPY,clean_2u_bull,stoch_rsi_d,660,-0.0081,0.0395
SPY,clean_2u_bull,ema_9,660,-0.0459,-0.038
SPY,clean_2u_bull,ema_20,660,-0.0457,-0.0391
SPY,clean_2u_bull,ema_50,660,-0.0467,-0.0398
SPY,clean_2u_bull,sma_50,660,-0.0463,-0.0395
SPY,clean_2u_bull,sma_200,655,-0.0542,-0.0439
SPY,clean_2u_bull,macd,660,0.0027,0.0058
SPY,clean_2u_bull,macd_signal,660,0.0467,-0.0077
SPY,clean_2u_bull,macd_histogram,660,-0.1264,0.0619
SPY,clean_2u_bull,atr_14,660,-0.1226,-0.0147
SPY,clean_2u_bull,bb_upper,660,-0.0484,-0.0403
SPY,clean_2u_bull,bb_lower,660,-0.0421,-0.0377
SPY,clean_2u_bull,bb_width,660,-0.1721,-0.0461
SPY,clean_2u_bull,bb_pct,660,0.0282,0.0581
SPY,clean_2u_bull,obv,660,-0.0205,-0.014
SPY,clean_2u_bull,rvol,660,-0.0145,0.0032
SPY,clean_2u_bull,rvol_10,660,-0.0114,-0.0023
SPY,clean_2u_bull,vwap,660,-0.0448,-0.0374
SPY,clean_2u_bull,price_vs_vwap,660,-0.172,0.0333
SPY,clean_2u_bull,price_vs_ema9,660,-0.0209,0.0551
SPY,clean_2u_bull,price_vs_ema20,660,-0.0315,0.0263
SPY,clean_2u_bull,consecutive_up,660,0.0375,0.0396
SPY,clean_2u_bull,consecutive_down,660,-0.0331,-0.0313
SPY,clean_2u_bull,intraday_return,660,-0.0609,-0.0213
SPY,clean_2u_bull,high_low_spread_pct,660,-0.0309,-0.0131
SPY,clean_2u_bull,vix_close,660,0.0172,-0.0381
SPY,clean_2u_bull,total_gex,658,0.0426,-0.009
SPY,clean_2u_bull,total_vex,658,0.0325,0.0214
SPY,clean_2u_bull,flip_price,394,-0.062,-0.0682
SPY,clean_2u_bull,distance_to_king_pct,658,-0.039,0.0075
SPY,clean_2u_bull,distance_to_gate_pct,648,-0.0529,-0.015
SPY,f2d_bull_reversal,rsi_9,304,0.001,0.0058
SPY,f2d_bull_reversal,rsi_14,304,-0.0291,-0.0108
SPY,f2d_bull_reversal,stoch_rsi_k,304,0.0877,0.1184
SPY,f2d_bull_reversal,stoch_rsi_d,304,0.0859,0.1206
SPY,f2d_bull_reversal,ema_9,304,-0.0052,0.0174
SPY,f2d_bull_reversal,ema_20,304,-0.0045,0.0163
SPY,f2d_bull_reversal,ema_50,304,-0.0021,0.018
SPY,f2d_bull_reversal,sma_50,304,-0.0018,0.0172
SPY,f2d_bull_reversal,sma_200,303,-0.0004,0.0125
SPY,f2d_bull_reversal,macd,304,-0.0981,-0.0322
SPY,f2d_bull_reversal,macd_signal,304,-0.1227,-0.0685
SPY,f2d_bull_reversal,macd_histogram,304,0.0849,0.0535
SPY,f2d_bull_reversal,atr_14,304,0.1596,0.0366
SPY,f2d_bull_reversal,bb_upper,304,-0.0022,0.0171
SPY,f2d_bull_reversal,bb_lower,304,-0.007,0.0165
SPY,f2d_bull_reversal,bb_width,304,0.1069,0.0336
SPY,f2d_bull_reversal,bb_pct,304,-0.0091,0.0079
SPY,f2d_bull_reversal,obv,304,0.0162,0.0421
SPY,f2d_bull_reversal,rvol,304,0.0328,-0.0165
SPY,f2d_bull_reversal,rvol_10,304,0.0372,-0.0063
SPY,f2d_bull_reversal,vwap,304,-0.0059,0.0172
SPY,f2d_bull_reversal,price_vs_vwap,304,0.1093,0.0088
SPY,f2d_bull_reversal,price_vs_ema9,304,-0.0524,0.0081
SPY,f2d_bull_reversal,price_vs_ema20,304,-0.0853,0.008
SPY,f2d_bull_reversal,consecutive_up,304,0.0268,0.0342
SPY,f2d_bull_reversal,consecutive_down,304,-0.0225,-0.0252
SPY,f2d_bull_reversal,intraday_return,304,0.1822,-0.0966
SPY,f2d_bull_reversal,high_low_spread_pct,304,0.1955,-0.0184
SPY,f2d_bull_reversal,vix_close,304,0.1408,0.0188
SPY,f2d_bull_reversal,total_gex,304,-0.03,-0.0017
SPY,f2d_bull_reversal,total_vex,304,-0.0022,-0.0284
SPY,f2d_bull_reversal,flip_price,199,0.0791,0.079
SPY,f2d_bull_reversal,distance_to_king_pct,304,0.034,0.0242
SPY,f2d_bull_reversal,distance_to_gate_pct,293,-0.0215,-0.0309
SPY,f2u_bear_reversal,rsi_9,256,-0.0166,-0.005
SPY,f2u_bear_reversal,rsi_14,256,-0.0296,-0.0157
SPY,f2u_bear_reversal,stoch_rsi_k,256,0.0675,0.0519
SPY,f2u_bear_reversal,stoch_rsi_d,256,0.0393,0.0165
SPY,f2u_bear_reversal,ema_9,256,-0.1444,-0.046
SPY,f2u_bear_reversal,ema_20,256,-0.1439,-0.0457
SPY,f2u_bear_reversal,ema_50,256,-0.1433,-0.0459
SPY,f2u_bear_reversal,sma_50,256,-0.1424,-0.046
SPY,f2u_bear_reversal,sma_200,256,-0.1423,-0.0415
SPY,f2u_bear_reversal,macd,256,-0.0811,-0.0255
SPY,f2u_bear_reversal,macd_signal,256,-0.087,-0.0102
SPY,f2u_bear_reversal,macd_histogram,256,-0.0057,0.0061
SPY,f2u_bear_reversal,atr_14,256,-0.0126,-0.0061
SPY,f2u_bear_reversal,bb_upper,256,-0.1425,-0.0442
SPY,f2u_bear_reversal,bb_lower,256,-0.145,-0.0494
SPY,f2u_bear_reversal,bb_width,256,0.0021,0.0191
SPY,f2u_bear_reversal,bb_pct,256,-0.0468,-0.0193
SPY,f2u_bear_reversal,obv,256,-0.1044,-0.0345
SPY,f2u_bear_reversal,rvol,256,0.0639,0.0638
SPY,f2u_bear_reversal,rvol_10,256,0.0504,0.0524
SPY,f2u_bear_reversal,vwap,256,-0.1438,-0.0472
SPY,f2u_bear_reversal,price_vs_vwap,256,-0.0544,0.0237
SPY,f2u_bear_reversal,price_vs_ema9,256,0.0209,0.0226
SPY,f2u_bear_reversal,price_vs_ema20,256,-0.0346,-0.0049
SPY,f2u_bear_reversal,consecutive_up,256,0.1256,0.1225
SPY,f2u_bear_reversal,consecutive_down,256,-0.1324,-0.133
SPY,f2u_bear_reversal,intraday_return,256,-0.0694,-0.0183
SPY,f2u_bear_reversal,high_low_spread_pct,256,0.1008,0.0151
SPY,f2u_bear_reversal,vix_close,256,-0.0258,-0.0277
SPY,f2u_bear_reversal,total_gex,255,0.0104,0.0041
SPY,f2u_bear_reversal,total_vex,255,0.1434,0.044
SPY,f2u_bear_reversal,flip_price,157,0.0068,0.0493
SPY,f2u_bear_reversal,distance_to_king_pct,254,-0.0632,-0.0456
SPY,f2u_bear_reversal,distance_to_gate_pct,252,-0.0818,-0.0447
SPY,none,rsi_9,6428,0.0011,-0.0042
SPY,none,rsi_14,6428,-0.0043,-0.0122
SPY,none,stoch_rsi_k,6427,0.0185,0.0276
SPY,none,stoch_rsi_d,6427,0.0104,0.0201
SPY,none,ema_9,6426,-0.0022,0.0088
SPY,none,ema_20,6423,-0.002,0.0091
SPY,none,ema_50,6415,-0.0031,0.0078
SPY,none,sma_50,6415,-0.0029,0.0082
SPY,none,sma_200,6392,-0.0024,0.0087
SPY,none,macd,6421,-0.0196,-0.0147
SPY,none,macd_signal,6419,-0.0136,-0.016
SPY,none,macd_histogram,6419,-0.0228,0.0072
SPY,none,atr_14,6428,0.0031,0.0307
SPY,none,bb_upper,6423,-0.0015,0.0096
SPY,none,bb_lower,6423,-0.0021,0.009
SPY,none,bb_width,6423,0.0152,0.027
SPY,none,bb_pct,6423,-0.0072,-0.0072
SPY,none,obv,6428,-0.0023,0.016
SPY,none,rvol,6428,0.001,0.0063
SPY,none,rvol_10,6428,0.0023,0.0011
SPY,none,vwap,6428,-0.0022,0.0089
SPY,none,price_vs_vwap,6428,-0.0013,0.0267
SPY,none,price_vs_ema9,6426,-0.0089,0.0175
SPY,none,price_vs_ema20,6423,-0.0207,0.0019
SPY,none,consecutive_up,6428,0.0227,0.0267
SPY,none,consecutive_down,6428,-0.023,-0.0266
SPY,none,intraday_return,6428,-0.0108,0.0019
SPY,none,high_low_spread_pct,6428,-0.003,0.0223
SPY,none,vix_close,6428,-0.0287,-0.0112
SPY,none,total_gex,6410,-0.0117,-0.0195
SPY,none,total_vex,6410,0.0003,-0.0147
SPY,none,flip_price,4082,-0.0375,-0.0031
SPY,none,distance_to_king_pct,6406,0.0114,0.0248
SPY,none,distance_to_gate_pct,6255,0.0048,0.0194
