ticker,strat_combo,feature,n,pearson,spearman
IWM,111_inside_compression,rsi_9,103,-0.1436,-0.183
IWM,111_inside_compression,rsi_14,103,-0.1866,-0.2006
IWM,111_inside_compression,stoch_rsi_k,103,0.0364,0.062
IWM,111_inside_compression,stoch_rsi_d,103,-0.0054,-0.0027
IWM,111_inside_compression,ema_9,103,0.0306,0.1639
IWM,111_inside_compression,ema_20,103,0.0313,0.1652
IWM,111_inside_compression,ema_50,103,0.0322,0.1672
IWM,111_inside_compression,sma_50,103,0.0333,0.1692
IWM,111_inside_compression,sma_200,102,0.0142,0.1466
IWM,111_inside_compression,macd,103,-0.1393,-0.2077
IWM,111_inside_compression,macd_signal,103,-0.1193,-0.2315
IWM,111_inside_compression,macd_histogram,103,-0.0334,-0.0211
IWM,111_inside_compression,atr_14,103,0.103,0.2909
IWM,111_inside_compression,bb_upper,103,0.0336,0.1645
IWM,111_inside_compression,bb_lower,103,0.0288,0.165
IWM,111_inside_compression,bb_width,103,0.2278,0.273
IWM,111_inside_compression,bb_pct,103,-0.1514,-0.1695
IWM,111_inside_compression,obv,103,-0.1235,0.0395
IWM,111_inside_compression,rvol,103,0.3986,0.2246
IWM,111_inside_compression,rvol_10,103,0.4096,0.1575
IWM,111_inside_compression,vwap,103,0.031,0.163
IWM,111_inside_compression,price_vs_vwap,103,-0.0461,-0.0852
IWM,111_inside_compression,price_vs_ema9,103,-0.1237,-0.1576
IWM,111_inside_compression,price_vs_ema20,103,-0.1457,-0.198
IWM,111_inside_compression,consecutive_up,103,0.1191,0.1106
IWM,111_inside_compression,consecutive_down,103,-0.1,-0.0943
IWM,111_inside_compression,intraday_return,103,0.0612,-0.0289
IWM,111_inside_compression,high_low_spread_pct,103,0.3326,0.2735
IWM,111_inside_compression,vix_close,103,0.2521,0.2852
IWM,111_inside_compression,total_gex,103,-0.2156,-0.2735
IWM,111_inside_compression,total_vex,103,0.0424,-0.138
IWM,111_inside_compression,distance_to_king_pct,103,0.1086,0.1784
IWM,111_inside_compression,distance_to_gate_pct,101,-0.0604,0.0572
IWM,11_inside_compression,rsi_9,1956,0.0057,-0.015
IWM,11_inside_compression,rsi_14,1956,0.0035,-0.0227
IWM,11_inside_compression,stoch_rsi_k,1956,-0.0007,-0.0103
IWM,11_inside_compression,stoch_rsi_d,1956,0.0024,-0.0106
IWM,11_inside_compression,ema_9,1956,-0.018,-0.0369
IWM,11_inside_compression,ema_20,1956,-0.0179,-0.0369
IWM,11_inside_compression,ema_50,1956,-0.018,-0.0368
IWM,11_inside_compression,sma_50,1956,-0.0177,-0.0365
IWM,11_inside_compression,sma_200,1954,-0.02,-0.0394
IWM,11_inside_compression,macd,1956,-0.0098,-0.0425
IWM,11_inside_compression,macd_signal,1956,-0.0084,-0.0433
IWM,11_inside_compression,macd_histogram,1956,-0.0062,-0.0058
IWM,11_inside_compression,atr_14,1956,-0.0075,-0.004
IWM,11_inside_compression,bb_upper,1956,-0.0176,-0.0363
IWM,11_inside_compression,bb_lower,1956,-0.0183,-0.0369
IWM,11_inside_compression,bb_width,1956,0.0204,0.0002
IWM,11_inside_compression,bb_pct,1956,0.0077,-0.0105
IWM,11_inside_compression,obv,1956,-0.0063,-0.0352
IWM,11_inside_compression,rvol,1956,0.0201,0.0278
IWM,11_inside_compression,rvol_10,1956,0.0058,0.0212
IWM,11_inside_compression,vwap,1956,-0.0183,-0.0371
IWM,11_inside_compression,price_vs_vwap,1956,0.0143,-0.0026
IWM,11_inside_compression,price_vs_ema9,1956,-0.0245,-0.0013
IWM,11_inside_compression,price_vs_ema20,1956,-0.025,-0.0206
IWM,11_inside_compression,consecutive_up,1956,0.016,0.0178
IWM,11_inside_compression,consecutive_down,1956,-0.0209,-0.0071
IWM,11_inside_compression,intraday_return,1956,-0.0108,0.0088
IWM,11_inside_compression,high_low_spread_pct,1956,-0.0133,0.0114
IWM,11_inside_compression,vix_close,1956,-0.0474,-0.0271
IWM,11_inside_compression,total_gex,1954,0.0267,0.0109
IWM,11_inside_compression,total_vex,1954,0.0029,0.0404
IWM,11_inside_compression,flip_price,457,0.0631,0.0517
IWM,11_inside_compression,distance_to_king_pct,1954,0.0312,0.0078
IWM,11_inside_compression,distance_to_gate_pct,1909,-0.0012,-0.0226
IWM,132_bear_continuation,rsi_9,1429,0.0414,0.0223
IWM,132_bear_continuation,rsi_14,1429,0.0419,0.0295
IWM,132_bear_continuation,stoch_rsi_k,1429,0.0145,0.0038
IWM,132_bear_continuation,stoch_rsi_d,1429,0.0208,0.0044
IWM,132_bear_continuation,ema_9,1429,0.0153,-0.0098
IWM,132_bear_continuation,ema_20,1429,0.015,-0.01
IWM,132_bear_continuation,ema_50,1429,0.0146,-0.0103
IWM,132_bear_continuation,sma_50,1429,0.0143,-0.0104
IWM,132_bear_continuation,sma_200,1429,0.014,-0.0102
IWM,132_bear_continuation,macd,1429,0.0465,0.0385
IWM,132_bear_continuation,macd_signal,1429,0.0429,0.0425
IWM,132_bear_continuation,macd_histogram,1429,0.0189,0.0015
IWM,132_bear_continuation,atr_14,1429,-0.0603,-0.0144
IWM,132_bear_continuation,bb_upper,1429,0.0146,-0.01
IWM,132_bear_continuation,bb_lower,1429,0.0154,-0.0103
IWM,132_bear_continuation,bb_width,1429,-0.0215,0.0052
IWM,132_bear_continuation,bb_pct,1429,0.0468,0.0254
IWM,132_bear_continuation,obv,1429,-0.0057,-0.0211
IWM,132_bear_continuation,rvol,1429,0.0104,-0.0064
IWM,132_bear_continuation,rvol_10,1429,-0.0047,0.0066
IWM,132_bear_continuation,vwap,1429,0.0149,-0.0101
IWM,132_bear_continuation,price_vs_vwap,1429,0.0723,0.0332
IWM,132_bear_continuation,price_vs_ema9,1429,0.0781,-0.0117
IWM,132_bear_continuation,price_vs_ema20,1429,0.0758,0.008
IWM,132_bear_continuation,consecutive_up,1429,0.0348,-0.0008
IWM,132_bear_continuation,consecutive_down,1429,-0.0454,-0.0145
IWM,132_bear_continuation,intraday_return,1429,0.0331,-0.023
IWM,132_bear_continuation,high_low_spread_pct,1429,-0.1002,-0.0052
IWM,132_bear_continuation,vix_close,1429,-0.1085,-0.0391
IWM,132_bear_continuation,total_gex,1428,0.0662,0.0664
IWM,132_bear_continuation,total_vex,1428,0.0024,0.0148
IWM,132_bear_continuation,flip_price,358,0.1636,0.0812
IWM,132_bear_continuation,distance_to_king_pct,1428,0.0172,0.0058
IWM,132_bear_continuation,distance_to_gate_pct,1391,-0.0034,-0.0146
IWM,132_bull_continuation,rsi_9,1574,-0.0319,-0.0386
IWM,132_bull_continuation,rsi_14,1574,-0.02,-0.0191
IWM,132_bull_continuation,stoch_rsi_k,1574,-0.0393,-0.0481
IWM,132_bull_continuation,stoch_rsi_d,1574,-0.0388,-0.0576
IWM,132_bull_continuation,ema_9,1574,0.017,0.0075
IWM,132_bull_continuation,ema_20,1574,0.017,0.0076
IWM,132_bull_continuation,ema_50,1574,0.0168,0.0072
IWM,132_bull_continuation,sma_50,1574,0.0168,0.0073
IWM,132_bull_continuation,sma_200,1573,0.0154,0.0068
IWM,132_bull_continuation,macd,1574,0.0048,0.0199
IWM,132_bull_continuation,macd_signal,1574,0.0205,0.0242
IWM,132_bull_continuation,macd_histogram,1574,-0.0517,-0.0575
IWM,132_bull_continuation,atr_14,1574,-0.0032,0.0105
IWM,132_bull_continuation,bb_upper,1574,0.0169,0.0079
IWM,132_bull_continuation,bb_lower,1574,0.0173,0.0079
IWM,132_bull_continuation,bb_width,1574,-0.0106,-0.001
IWM,132_bull_continuation,bb_pct,1574,-0.019,-0.0323
IWM,132_bull_continuation,obv,1574,0.0217,0.0122
IWM,132_bull_continuation,rvol,1574,-0.0387,-0.0222
IWM,132_bull_continuation,rvol_10,1574,-0.0446,-0.0232
IWM,132_bull_continuation,vwap,1574,0.0169,0.0074
IWM,132_bull_continuation,price_vs_vwap,1574,-0.016,-0.0049
IWM,132_bull_continuation,price_vs_ema9,1574,-0.0458,-0.0218
IWM,132_bull_continuation,price_vs_ema20,1574,-0.0248,-0.0119
IWM,132_bull_continuation,consecutive_up,1574,-0.0131,-0.0043
IWM,132_bull_continuation,consecutive_down,1574,0.0063,-0.0006
IWM,132_bull_continuation,intraday_return,1574,0.0475,0.0161
IWM,132_bull_continuation,high_low_spread_pct,1574,-0.0292,0.0059
IWM,132_bull_continuation,vix_close,1574,-0.0388,0.0093
IWM,132_bull_continuation,total_gex,1571,-0.0175,-0.0275
IWM,132_bull_continuation,total_vex,1571,-0.0224,-0.0093
IWM,132_bull_continuation,flip_price,327,0.0592,0.0285
IWM,132_bull_continuation,distance_to_king_pct,1571,0.0029,-0.0028
IWM,132_bull_continuation,distance_to_gate_pct,1522,0.029,0.0098
IWM,212_bear_continuation,rsi_9,3749,0.0015,-0.0081
IWM,212_bear_continuation,rsi_14,3749,-0.0051,-0.0108
IWM,212_bear_continuation,stoch_rsi_k,3749,0.0266,0.0262
IWM,212_bear_continuation,stoch_rsi_d,3749,0.0199,0.0211
IWM,212_bear_continuation,ema_9,3749,-0.0195,-0.018
IWM,212_bear_continuation,ema_20,3749,-0.0193,-0.0179
IWM,212_bear_continuation,ema_50,3749,-0.0189,-0.0177
IWM,212_bear_continuation,sma_50,3749,-0.0187,-0.0176
IWM,212_bear_continuation,sma_200,3747,-0.0183,-0.0178
IWM,212_bear_continuation,macd,3749,-0.0379,-0.0114
IWM,212_bear_continuation,macd_signal,3749,-0.0462,-0.0104
IWM,212_bear_continuation,macd_histogram,3749,0.0185,-0.0003
IWM,212_bear_continuation,atr_14,3749,-0.0436,-0.0116
IWM,212_bear_continuation,bb_upper,3749,-0.0193,-0.0176
IWM,212_bear_continuation,bb_lower,3749,-0.0193,-0.0178
IWM,212_bear_continuation,bb_width,3749,-0.0054,0.0053
IWM,212_bear_continuation,bb_pct,3749,0.0069,-0.0018
IWM,212_bear_continuation,obv,3749,0.0137,0.0041
IWM,212_bear_continuation,rvol,3749,-0.0009,0.005
IWM,212_bear_continuation,rvol_10,3749,-0.0032,0.0057
IWM,212_bear_continuation,vwap,3749,-0.0187,-0.0176
IWM,212_bear_continuation,price_vs_vwap,3749,-0.0521,-0.0172
IWM,212_bear_continuation,price_vs_ema9,3749,0.0087,-0.0018
IWM,212_bear_continuation,price_vs_ema20,3749,-0.0133,-0.0083
IWM,212_bear_continuation,consecutive_up,3749,-0.0086,-0.016
IWM,212_bear_continuation,consecutive_down,3749,0.0002,0.0123
IWM,212_bear_continuation,intraday_return,3749,0.0247,-0.003
IWM,212_bear_continuation,high_low_spread_pct,3749,-0.0114,-0.0107
IWM,212_bear_continuation,vix_close,3749,-0.0236,-0.0458
IWM,212_bear_continuation,total_gex,3745,-0.0184,-0.027
IWM,212_bear_continuation,total_vex,3745,0.0015,0.0009
IWM,212_bear_continuation,flip_price,902,-0.0784,-0.054
IWM,212_bear_continuation,distance_to_king_pct,3745,0.01,0.0156
IWM,212_bear_continuation,distance_to_gate_pct,3665,-0.003,-0.0054
IWM,212_bear_reversal,rsi_9,6254,0.0009,-0.0064
IWM,212_bear_reversal,rsi_14,6254,-0.0052,-0.0118
IWM,212_bear_reversal,stoch_rsi_k,6254,0.0254,0.0196
IWM,212_bear_reversal,stoch_rsi_d,6254,0.0169,0.012
IWM,212_bear_reversal,ema_9,6253,-0.031,-0.0242
IWM,212_bear_reversal,ema_20,6253,-0.031,-0.0241
IWM,212_bear_reversal,ema_50,6253,-0.0308,-0.0238
IWM,212_bear_reversal,sma_50,6253,-0.0308,-0.0236
IWM,212_bear_reversal,sma_200,6247,-0.0293,-0.0219
IWM,212_bear_reversal,macd,6253,-0.0139,-0.0141
IWM,212_bear_reversal,macd_signal,6253,-0.0144,-0.0188
IWM,212_bear_reversal,macd_histogram,6253,-0.0002,0.0041
IWM,212_bear_reversal,atr_14,6254,-0.0288,-0.0006
IWM,212_bear_reversal,bb_upper,6253,-0.0314,-0.0242
IWM,212_bear_reversal,bb_lower,6253,-0.0306,-0.0239
IWM,212_bear_reversal,bb_width,6253,-0.0341,-0.0099
IWM,212_bear_reversal,bb_pct,6253,0.0042,-0.0031
IWM,212_bear_reversal,obv,6254,-0.0317,-0.0331
IWM,212_bear_reversal,rvol,6254,0.0227,-0.0017
IWM,212_bear_reversal,rvol_10,6254,-0.0043,-0.0016
IWM,212_bear_reversal,vwap,6254,-0.0307,-0.0238
IWM,212_bear_reversal,price_vs_vwap,6254,-0.0009,-0.0099
IWM,212_bear_reversal,price_vs_ema9,6253,0.0127,0.0052
IWM,212_bear_reversal,price_vs_ema20,6253,0.0001,-0.0104
IWM,212_bear_reversal,consecutive_up,6254,0.009,0.0063
IWM,212_bear_reversal,consecutive_down,6254,-0.0085,-0.0042
IWM,212_bear_reversal,intraday_return,6254,0.0302,0.014
IWM,212_bear_reversal,high_low_spread_pct,6254,-0.0115,0.013
IWM,212_bear_reversal,vix_close,6254,0.0023,0.0026
IWM,212_bear_reversal,total_gex,6245,-0.0095,-0.0129
IWM,212_bear_reversal,total_vex,6245,0.0308,0.0221
IWM,212_bear_reversal,flip_price,1349,-0.0368,-0.0191
IWM,212_bear_reversal,distance_to_king_pct,6245,-0.0253,-0.0147
IWM,212_bear_reversal,distance_to_gate_pct,6088,-0.0323,-0.0343
IWM,212_bull_continuation,rsi_9,3972,-0.0144,-0.0028
IWM,212_bull_continuation,rsi_14,3972,-0.0086,-0.0006
IWM,212_bull_continuation,stoch_rsi_k,3972,-0.0074,0.005
IWM,212_bull_continuation,stoch_rsi_d,3972,-0.0008,0.0152
IWM,212_bull_continuation,ema_9,3972,0.0035,-0.0141
IWM,212_bull_continuation,ema_20,3972,0.0036,-0.0141
IWM,212_bull_continuation,ema_50,3972,0.0035,-0.0144
IWM,212_bull_continuation,sma_50,3972,0.0036,-0.0143
IWM,212_bull_continuation,sma_200,3970,0.0014,-0.0161
IWM,212_bull_continuation,macd,3972,-0.0077,0.0054
IWM,212_bull_continuation,macd_signal,3972,0.0042,0.0108
IWM,212_bull_continuation,macd_histogram,3972,-0.0403,-0.002
IWM,212_bull_continuation,atr_14,3972,-0.0244,0.0098
IWM,212_bull_continuation,bb_upper,3972,0.0028,-0.0144
IWM,212_bull_continuation,bb_lower,3972,0.0044,-0.0138
IWM,212_bull_continuation,bb_width,3972,-0.0449,0.0056
IWM,212_bull_continuation,bb_pct,3972,-0.0008,0.0084
IWM,212_bull_continuation,obv,3972,-0.0026,-0.0297
IWM,212_bull_continuation,rvol,3972,-0.0125,-0.0116
IWM,212_bull_continuation,rvol_10,3972,-0.018,-0.0164
IWM,212_bull_continuation,vwap,3972,0.0033,-0.0144
IWM,212_bull_continuation,price_vs_vwap,3972,-0.0219,0.0038
IWM,212_bull_continuation,price_vs_ema9,3972,-0.0615,-0.002
IWM,212_bull_continuation,price_vs_ema20,3972,-0.0424,-0.0034
IWM,212_bull_continuation,consecutive_up,3972,-0.0302,-0.0185
IWM,212_bull_continuation,consecutive_down,3972,0.0231,0.0086
IWM,212_bull_continuation,intraday_return,3972,-0.0643,-0.0349
IWM,212_bull_continuation,high_low_spread_pct,3972,-0.0363,0.0258
IWM,212_bull_continuation,vix_close,3972,-0.0641,-0.0011
IWM,212_bull_continuation,total_gex,3964,-0.0232,-0.0193
IWM,212_bull_continuation,total_vex,3964,-0.0007,0.0142
IWM,212_bull_continuation,flip_price,885,-0.0628,-0.0885
IWM,212_bull_continuation,distance_to_king_pct,3964,-0.0128,-0.0094
IWM,212_bull_continuation,distance_to_gate_pct,3864,-0.0126,-0.0282
IWM,212_bull_reversal,rsi_9,6341,0.0059,-0.0116
IWM,212_bull_reversal,rsi_14,6341,0.0072,-0.0086
IWM,212_bull_reversal,stoch_rsi_k,6341,0.0104,-0.0001
IWM,212_bull_reversal,stoch_rsi_d,6341,0.0126,-0.0009
IWM,212_bull_reversal,ema_9,6341,0.0095,0.0167
IWM,212_bull_reversal,ema_20,6341,0.0095,0.0168
IWM,212_bull_reversal,ema_50,6339,0.0095,0.0169
IWM,212_bull_reversal,sma_50,6339,0.0096,0.017
IWM,212_bull_reversal,sma_200,6335,0.0086,0.0163
IWM,212_bull_reversal,macd,6340,0.0042,0.0021
IWM,212_bull_reversal,macd_signal,6340,0.0032,0.0026
IWM,212_bull_reversal,macd_histogram,6340,0.0039,-0.0101
IWM,212_bull_reversal,atr_14,6341,-0.0301,0.0198
IWM,212_bull_reversal,bb_upper,6341,0.009,0.0167
IWM,212_bull_reversal,bb_lower,6341,0.0099,0.0169
IWM,212_bull_reversal,bb_width,6341,-0.0288,0.0054
IWM,212_bull_reversal,bb_pct,6341,0.0075,-0.0125
IWM,212_bull_reversal,obv,6341,-0.0013,0.0018
IWM,212_bull_reversal,rvol,6341,0.015,0.0078
IWM,212_bull_reversal,rvol_10,6341,0.0069,0.0098
IWM,212_bull_reversal,vwap,6341,0.0091,0.0166
IWM,212_bull_reversal,price_vs_vwap,6341,0.031,0.008
IWM,212_bull_reversal,price_vs_ema9,6341,0.0048,-0.0061
IWM,212_bull_reversal,price_vs_ema20,6341,0.0041,-0.0076
IWM,212_bull_reversal,consecutive_up,6341,0.015,-0.004
IWM,212_bull_reversal,consecutive_down,6341,-0.0171,0.0035
IWM,212_bull_reversal,intraday_return,6341,-0.0035,-0.0136
IWM,212_bull_reversal,high_low_spread_pct,6341,-0.0431,0.0169
IWM,212_bull_reversal,vix_close,6341,-0.0642,0.0047
IWM,212_bull_reversal,total_gex,6328,-0.0027,-0.007
IWM,212_bull_reversal,total_vex,6328,-0.0005,-0.0129
IWM,212_bull_reversal,flip_price,1471,0.0528,0.0019
IWM,212_bull_reversal,distance_to_king_pct,6328,0.011,0.0267
IWM,212_bull_reversal,distance_to_gate_pct,6167,0.0182,0.0205
IWM,22_bear_continuation,rsi_9,33633,-0.0115,-0.0053
IWM,22_bear_continuation,rsi_14,33633,-0.0114,-0.0017
IWM,22_bear_continuation,stoch_rsi_k,33633,-0.0007,-0.004
IWM,22_bear_continuation,stoch_rsi_d,33632,-0.0008,-0.0015
IWM,22_bear_continuation,ema_9,33631,-0.017,-0.0087
IWM,22_bear_continuation,ema_20,33627,-0.017,-0.0088
IWM,22_bear_continuation,ema_50,33623,-0.0165,-0.0086
IWM,22_bear_continuation,sma_50,33623,-0.0164,-0.0085
IWM,22_bear_continuation,sma_200,33597,-0.0157,-0.0088
IWM,22_bear_continuation,macd,33625,-0.0272,0.0041
IWM,22_bear_continuation,macd_signal,33625,-0.0228,0.0068
IWM,22_bear_continuation,macd_histogram,33625,-0.0202,-0.0082
IWM,22_bear_continuation,atr_14,33633,0.0354,0.0082
IWM,22_bear_continuation,bb_upper,33627,-0.0165,-0.0087
IWM,22_bear_continuation,bb_lower,33627,-0.0173,-0.0087
IWM,22_bear_continuation,bb_width,33627,0.0188,0.0041
IWM,22_bear_continuation,bb_pct,33627,-0.0122,-0.0089
IWM,22_bear_continuation,obv,33633,-0.0058,-0.0142
IWM,22_bear_continuation,rvol,33633,0.0168,0.0096
IWM,22_bear_continuation,rvol_10,33633,0.0076,0.0073
IWM,22_bear_continuation,vwap,33633,-0.0169,-0.0086
IWM,22_bear_continuation,price_vs_vwap,33633,-0.0328,-0.0001
IWM,22_bear_continuation,price_vs_ema9,33631,-0.0549,-0.0099
IWM,22_bear_continuation,price_vs_ema20,33627,-0.0517,-0.0053
IWM,22_bear_continuation,consecutive_up,33633,-0.013,-0.0088
IWM,22_bear_continuation,consecutive_down,33633,0.0147,0.0106
IWM,22_bear_continuation,intraday_return,33633,-0.0506,-0.0242
IWM,22_bear_continuation,high_low_spread_pct,33633,0.0542,0.0147
IWM,22_bear_continuation,vix_close,33633,0.0276,-0.0138
IWM,22_bear_continuation,total_gex,33596,-0.0102,0.0008
IWM,22_bear_continuation,total_vex,33596,0.0042,-0.0003
IWM,22_bear_continuation,flip_price,7561,-0.0227,-0.0164
IWM,22_bear_continuation,distance_to_king_pct,33596,-0.0086,0.0044
IWM,22_bear_continuation,distance_to_gate_pct,32837,-0.0091,0.0021
IWM,22_bear_reversal,rsi_9,23295,-0.0016,-0.007
IWM,22_bear_reversal,rsi_14,23295,-0.002,-0.0054
IWM,22_bear_reversal,stoch_rsi_k,23295,0.0002,-0.0034
IWM,22_bear_reversal,stoch_rsi_d,23294,-0.0048,-0.01
IWM,22_bear_reversal,ema_9,23294,-0.0087,-0.0048
IWM,22_bear_reversal,ema_20,23293,-0.0087,-0.0049
IWM,22_bear_reversal,ema_50,23290,-0.0084,-0.0046
IWM,22_bear_reversal,sma_50,23290,-0.0083,-0.0045
IWM,22_bear_reversal,sma_200,23276,-0.0082,-0.0046
IWM,22_bear_reversal,macd,23292,-0.0161,-0.0046
IWM,22_bear_reversal,macd_signal,23291,-0.017,-0.0019
IWM,22_bear_reversal,macd_histogram,23291,0.0001,-0.0114
IWM,22_bear_reversal,atr_14,23295,0.0156,0.0122
IWM,22_bear_reversal,bb_upper,23293,-0.0085,-0.0047
IWM,22_bear_reversal,bb_lower,23293,-0.0088,-0.0049
IWM,22_bear_reversal,bb_width,23293,0.0079,0.0133
IWM,22_bear_reversal,bb_pct,23293,-0.0027,-0.0078
IWM,22_bear_reversal,obv,23295,-0.0017,-0.0104
IWM,22_bear_reversal,rvol,23295,0.0148,0.0162
IWM,22_bear_reversal,rvol_10,23295,-0.0058,0.0132
IWM,22_bear_reversal,vwap,23295,-0.0085,-0.0047
IWM,22_bear_reversal,price_vs_vwap,23295,-0.0084,0.005
IWM,22_bear_reversal,price_vs_ema9,23294,-0.0061,-0.0032
IWM,22_bear_reversal,price_vs_ema20,23293,-0.0131,-0.0041
IWM,22_bear_reversal,consecutive_up,23295,-0.0041,-0.0004
IWM,22_bear_reversal,consecutive_down,23295,0.0071,0.0024
IWM,22_bear_reversal,intraday_return,23295,-0.0038,-0.0036
IWM,22_bear_reversal,high_low_spread_pct,23295,0.0243,0.0194
IWM,22_bear_reversal,vix_close,23295,-0.003,-0.0083
IWM,22_bear_reversal,total_gex,23257,-0.0091,-0.012
IWM,22_bear_reversal,total_vex,23257,0.0034,-0.0006
IWM,22_bear_reversal,flip_price,5384,-0.0235,-0.0179
IWM,22_bear_reversal,distance_to_king_pct,23257,0.0042,0.0081
IWM,22_bear_reversal,distance_to_gate_pct,22691,0.0033,0.0073
IWM,22_bull_continuation,rsi_9,36059,-0.0089,-0.006
IWM,22_bull_continuation,rsi_14,36059,-0.008,-0.0032
IWM,22_bull_continuation,stoch_rsi_k,36059,-0.0072,-0.0109
IWM,22_bull_continuation,stoch_rsi_d,36059,-0.0073,-0.0108
IWM,22_bull_continuation,ema_9,36059,-0.0029,-0.006
IWM,22_bull_continuation,ema_20,36059,-0.0027,-0.006
IWM,22_bull_continuation,ema_50,36047,-0.0026,-0.0059
IWM,22_bull_continuation,sma_50,36047,-0.0026,-0.0058
IWM,22_bull_continuation,sma_200,36021,-0.0029,-0.0061
IWM,22_bull_continuation,macd,36059,-0.0159,0.0011
IWM,22_bull_continuation,macd_signal,36055,-0.0072,0.0013
IWM,22_bull_continuation,macd_histogram,36055,-0.0299,-0.0068
IWM,22_bull_continuation,atr_14,36059,-0.021,0.0147
IWM,22_bull_continuation,bb_upper,36059,-0.003,-0.0059
IWM,22_bull_continuation,bb_lower,36059,-0.0023,-0.006
IWM,22_bull_continuation,bb_width,36059,-0.0225,0.0107
IWM,22_bull_continuation,bb_pct,36059,-0.0112,-0.0075
IWM,22_bull_continuation,obv,36059,-0.0047,-0.0095
IWM,22_bull_continuation,rvol,36059,0.0003,0.0006
IWM,22_bull_continuation,rvol_10,36059,0.0016,0.0009
IWM,22_bull_continuation,vwap,36059,-0.0027,-0.0058
IWM,22_bull_continuation,price_vs_vwap,36059,-0.0443,-0.0028
IWM,22_bull_continuation,price_vs_ema9,36059,-0.0535,0.005
IWM,22_bull_continuation,price_vs_ema20,36059,-0.0487,0.0007
IWM,22_bull_continuation,consecutive_up,36059,-0.0044,-0.0035
IWM,22_bull_continuation,consecutive_down,36059,0.0042,0.0052
IWM,22_bull_continuation,intraday_return,36059,-0.0464,0.0073
IWM,22_bull_continuation,high_low_spread_pct,36059,-0.0447,0.017
IWM,22_bull_continuation,vix_close,36059,-0.038,-0.0039
IWM,22_bull_continuation,total_gex,36011,-0.0069,-0.0179
IWM,22_bull_continuation,total_vex,36011,-0.0013,0.0008
IWM,22_bull_continuation,flip_price,7882,0.0009,-0.0097
IWM,22_bull_continuation,distance_to_king_pct,36011,0.0018,0.0112
IWM,22_bull_continuation,distance_to_gate_pct,35138,0.0007,0.0038
IWM,22_bull_reversal,rsi_9,23246,-0.0112,-0.0088
IWM,22_bull_reversal,rsi_14,23246,-0.0091,-0.0045
IWM,22_bull_reversal,stoch_rsi_k,23246,-0.0119,-0.0103
IWM,22_bull_reversal,stoch_rsi_d,23246,-0.0134,-0.0091
IWM,22_bull_reversal,ema_9,23245,-0.0099,-0.0061
IWM,22_bull_reversal,ema_20,23244,-0.0098,-0.0062
IWM,22_bull_reversal,ema_50,23242,-0.0097,-0.0062
IWM,22_bull_reversal,sma_50,23242,-0.0097,-0.0061
IWM,22_bull_reversal,sma_200,23228,-0.0094,-0.0059
IWM,22_bull_reversal,macd,23243,-0.0132,0.0025
IWM,22_bull_reversal,macd_signal,23242,-0.008,0.0072
IWM,22_bull_reversal,macd_histogram,23242,-0.019,-0.0088
IWM,22_bull_reversal,atr_14,23246,0.0021,0.0107
IWM,22_bull_reversal,bb_upper,23244,-0.0096,-0.0061
IWM,22_bull_reversal,bb_lower,23244,-0.0099,-0.0061
IWM,22_bull_reversal,bb_width,23244,0.0062,0.0097
IWM,22_bull_reversal,bb_pct,23244,-0.0172,-0.0128
IWM,22_bull_reversal,obv,23246,-0.0005,-0.0084
IWM,22_bull_reversal,rvol,23246,0.0098,0.015
IWM,22_bull_reversal,rvol_10,23246,0.0063,0.0121
IWM,22_bull_reversal,vwap,23246,-0.0098,-0.006
IWM,22_bull_reversal,price_vs_vwap,23246,-0.018,0.0016
IWM,22_bull_reversal,price_vs_ema9,23245,-0.0442,-0.0146
IWM,22_bull_reversal,price_vs_ema20,23244,-0.0391,-0.0084
IWM,22_bull_reversal,consecutive_up,23246,-0.003,-0.0064
IWM,22_bull_reversal,consecutive_down,23246,0.0051,0.0088
IWM,22_bull_reversal,intraday_return,23246,-0.0354,-0.0003
IWM,22_bull_reversal,high_low_spread_pct,23246,-0.0188,0.0114
IWM,22_bull_reversal,vix_close,23246,-0.0028,-0.0072
IWM,22_bull_reversal,total_gex,23215,-0.0049,-0.0082
IWM,22_bull_reversal,total_vex,23215,0.0021,-0.0003
IWM,22_bull_reversal,flip_price,5294,0.009,-0.0119
IWM,22_bull_reversal,distance_to_king_pct,23215,-0.0009,0.0126
IWM,22_bull_reversal,distance_to_gate_pct,22647,-0.0057,0.0036
IWM,312_bear_reversal,rsi_9,1370,-0.0025,-0.0107
IWM,312_bear_reversal,rsi_14,1370,-0.0051,-0.0094
IWM,312_bear_reversal,stoch_rsi_k,1370,0.0337,0.0186
IWM,312_bear_reversal,stoch_rsi_d,1370,0.0337,0.0104
IWM,312_bear_reversal,ema_9,1370,-0.0287,-0.0267
IWM,312_bear_reversal,ema_20,1369,-0.0295,-0.0281
IWM,312_bear_reversal,ema_50,1369,-0.029,-0.0273
IWM,312_bear_reversal,sma_50,1369,-0.0289,-0.0269
IWM,312_bear_reversal,sma_200,1367,-0.0278,-0.0278
IWM,312_bear_reversal,macd,1369,-0.0366,-0.0073
IWM,312_bear_reversal,macd_signal,1369,-0.0472,-0.0085
IWM,312_bear_reversal,macd_histogram,1369,0.0364,0.0188
IWM,312_bear_reversal,atr_14,1370,0.0502,-0.0184
IWM,312_bear_reversal,bb_upper,1369,-0.029,-0.0274
IWM,312_bear_reversal,bb_lower,1369,-0.0304,-0.0288
IWM,312_bear_reversal,bb_width,1369,0.0338,0.0189
IWM,312_bear_reversal,bb_pct,1369,0.0084,0.0088
IWM,312_bear_reversal,obv,1370,-0.0211,-0.0278
IWM,312_bear_reversal,rvol,1370,0.0652,0.02
IWM,312_bear_reversal,rvol_10,1370,0.0003,0.0198
IWM,312_bear_reversal,vwap,1370,-0.0275,-0.0253
IWM,312_bear_reversal,price_vs_vwap,1370,-0.0703,-0.0251
IWM,312_bear_reversal,price_vs_ema9,1370,-0.0373,-0.011
IWM,312_bear_reversal,price_vs_ema20,1369,-0.0393,-0.0075
IWM,312_bear_reversal,consecutive_up,1370,0.0,0.0035
IWM,312_bear_reversal,consecutive_down,1370,-0.0013,-0.006
IWM,312_bear_reversal,intraday_return,1370,-0.1462,-0.0063
IWM,312_bear_reversal,high_low_spread_pct,1370,0.179,0.013
IWM,312_bear_reversal,vix_close,1370,0.0488,-0.0234
IWM,312_bear_reversal,total_gex,1364,0.0238,0.0161
IWM,312_bear_reversal,total_vex,1364,0.0163,0.0119
IWM,312_bear_reversal,flip_price,313,-0.1221,-0.0621
IWM,312_bear_reversal,distance_to_king_pct,1364,0.0097,0.0145
IWM,312_bear_reversal,distance_to_gate_pct,1334,0.019,-0.004
IWM,312_bull_reversal,rsi_9,1922,0.0255,0.0139
IWM,312_bull_reversal,rsi_14,1922,0.0321,0.0212
IWM,312_bull_reversal,stoch_rsi_k,1922,-0.0201,-0.0194
IWM,312_bull_reversal,stoch_rsi_d,1922,-0.0268,-0.0236
IWM,312_bull_reversal,ema_9,1922,0.0004,-0.0024
IWM,312_bull_reversal,ema_20,1922,0.0002,-0.0027
IWM,312_bull_reversal,ema_50,1921,0.0005,-0.0018
IWM,312_bull_reversal,sma_50,1921,0.0003,-0.0022
IWM,312_bull_reversal,sma_200,1919,0.0004,-0.0028
IWM,312_bull_reversal,macd,1922,0.0372,0.0387
IWM,312_bull_reversal,macd_signal,1922,0.0424,0.0365
IWM,312_bull_reversal,macd_histogram,1922,-0.0143,-0.0038
IWM,312_bull_reversal,atr_14,1922,0.0238,0.0475
IWM,312_bull_reversal,bb_upper,1922,0.0001,-0.0027
IWM,312_bull_reversal,bb_lower,1922,0.0005,-0.0022
IWM,312_bull_reversal,bb_width,1922,-0.0135,0.0288
IWM,312_bull_reversal,bb_pct,1922,0.0196,0.0116
IWM,312_bull_reversal,obv,1922,-0.0243,-0.0088
IWM,312_bull_reversal,rvol,1922,0.0692,0.0199
IWM,312_bull_reversal,rvol_10,1922,0.0527,0.0157
IWM,312_bull_reversal,vwap,1922,-0.0003,-0.0028
IWM,312_bull_reversal,price_vs_vwap,1922,0.0911,0.0644
IWM,312_bull_reversal,price_vs_ema9,1922,0.0533,0.0202
IWM,312_bull_reversal,price_vs_ema20,1922,0.0654,0.0299
IWM,312_bull_reversal,consecutive_up,1922,0.0177,0.0032
IWM,312_bull_reversal,consecutive_down,1922,-0.0039,0.0055
IWM,312_bull_reversal,intraday_return,1922,0.0468,0.0355
IWM,312_bull_reversal,high_low_spread_pct,1922,0.0184,0.0517
IWM,312_bull_reversal,vix_close,1922,0.0235,0.0308
IWM,312_bull_reversal,total_gex,1916,-0.0139,-0.0375
IWM,312_bull_reversal,total_vex,1916,0.0097,-0.0044
IWM,312_bull_reversal,flip_price,442,-0.0157,-0.0519
IWM,312_bull_reversal,distance_to_king_pct,1916,0.0007,0.0158
IWM,312_bull_reversal,distance_to_gate_pct,1862,0.0008,0.0117
IWM,322_bear_continuation,rsi_9,3020,0.0092,0.0088
IWM,322_bear_continuation,rsi_14,3020,0.0142,0.0127
IWM,322_bear_continuation,stoch_rsi_k,3020,0.0071,0.0098
IWM,322_bear_continuation,stoch_rsi_d,3020,0.0106,0.0133
IWM,322_bear_continuation,ema_9,3020,0.0064,0.023
IWM,322_bear_continuation,ema_20,3020,0.0063,0.0229
IWM,322_bear_continuation,ema_50,3020,0.0061,0.0226
IWM,322_bear_continuation,sma_50,3020,0.006,0.0226
IWM,322_bear_continuation,sma_200,3018,0.0051,0.0211
IWM,322_bear_continuation,macd,3020,0.0172,0.0205
IWM,322_bear_continuation,macd_signal,3020,0.0218,0.028
IWM,322_bear_continuation,macd_histogram,3020,-0.0117,-0.0121
IWM,322_bear_continuation,atr_14,3020,0.0329,0.0175
IWM,322_bear_continuation,bb_upper,3020,0.0065,0.0232
IWM,322_bear_continuation,bb_lower,3020,0.0062,0.0228
IWM,322_bear_continuation,bb_width,3020,0.0122,0.0164
IWM,322_bear_continuation,bb_pct,3020,-0.0103,-0.0003
IWM,322_bear_continuation,obv,3020,0.0133,0.0088
IWM,322_bear_continuation,rvol,3020,0.0664,0.0402
IWM,322_bear_continuation,rvol_10,3020,0.0072,0.0457
IWM,322_bear_continuation,vwap,3020,0.0052,0.0225
IWM,322_bear_continuation,price_vs_vwap,3020,0.0509,0.0246
IWM,322_bear_continuation,price_vs_ema9,3020,-0.0725,-0.0042
IWM,322_bear_continuation,price_vs_ema20,3020,-0.0454,0.0023
IWM,322_bear_continuation,consecutive_up,3020,0.0058,0.013
IWM,322_bear_continuation,consecutive_down,3020,-0.0047,-0.0107
IWM,322_bear_continuation,intraday_return,3020,-0.0113,0.0034
IWM,322_bear_continuation,high_low_spread_pct,3020,0.0606,0.0282
IWM,322_bear_continuation,vix_close,3020,0.0234,-0.011
IWM,322_bear_continuation,total_gex,3018,0.01,0.0415
IWM,322_bear_continuation,total_vex,3018,-0.0145,-0.0248
IWM,322_bear_continuation,flip_price,649,-0.0127,0.03
IWM,322_bear_continuation,distance_to_king_pct,3018,0.0315,0.0433
IWM,322_bear_continuation,distance_to_gate_pct,2943,0.0252,0.0306
IWM,322_bull_continuation,rsi_9,3211,0.0138,0.0158
IWM,322_bull_continuation,rsi_14,3211,0.0173,0.0253
IWM,322_bull_continuation,stoch_rsi_k,3211,0.0044,-0.008
IWM,322_bull_continuation,stoch_rsi_d,3211,0.0053,-0.0105
IWM,322_bull_continuation,ema_9,3211,0.0536,0.0275
IWM,322_bull_continuation,ema_20,3211,0.0537,0.0275
IWM,322_bull_continuation,ema_50,3211,0.0536,0.0272
IWM,322_bull_continuation,sma_50,3211,0.0537,0.0274
IWM,322_bull_continuation,sma_200,3207,0.0528,0.0259
IWM,322_bull_continuation,macd,3211,0.0019,0.0311
IWM,322_bull_continuation,macd_signal,3211,0.0089,0.0236
IWM,322_bull_continuation,macd_histogram,3211,-0.0236,-0.0087
IWM,322_bull_continuation,atr_14,3211,-0.018,0.0112
IWM,322_bull_continuation,bb_upper,3211,0.0536,0.0276
IWM,322_bull_continuation,bb_lower,3211,0.0538,0.0276
IWM,322_bull_continuation,bb_width,3211,0.0071,0.023
IWM,322_bull_continuation,bb_pct,3211,0.0051,0.0145
IWM,322_bull_continuation,obv,3211,0.0462,0.0245
IWM,322_bull_continuation,rvol,3211,-0.0124,0.0087
IWM,322_bull_continuation,rvol_10,3211,-0.0117,0.0034
IWM,322_bull_continuation,vwap,3211,0.0536,0.0277
IWM,322_bull_continuation,price_vs_vwap,3211,-0.0426,0.009
IWM,322_bull_continuation,price_vs_ema9,3211,-0.0771,0.0098
IWM,322_bull_continuation,price_vs_ema20,3211,-0.0577,0.0177
IWM,322_bull_continuation,consecutive_up,3211,-0.0117,-0.0217
IWM,322_bull_continuation,consecutive_down,3211,0.0147,0.0267
IWM,322_bull_continuation,intraday_return,3211,-0.1063,-0.0327
IWM,322_bull_continuation,high_low_spread_pct,3211,-0.0645,-0.0091
IWM,322_bull_continuation,vix_close,3211,-0.0884,-0.0052
IWM,322_bull_continuation,total_gex,3205,-0.0152,-0.0256
IWM,322_bull_continuation,total_vex,3205,-0.0539,-0.0346
IWM,322_bull_continuation,flip_price,688,0.1416,0.0489
IWM,322_bull_continuation,distance_to_king_pct,3205,0.0245,0.0398
IWM,322_bull_continuation,distance_to_gate_pct,3123,0.042,0.039
IWM,32_bear_reversal,rsi_9,800,0.0104,0.0192
IWM,32_bear_reversal,rsi_14,800,0.0118,0.0183
IWM,32_bear_reversal,stoch_rsi_k,800,0.0223,0.0209
IWM,32_bear_reversal,stoch_rsi_d,800,0.0229,0.0202
IWM,32_bear_reversal,ema_9,800,-0.0753,-0.0593
IWM,32_bear_reversal,ema_20,800,-0.0754,-0.0596
IWM,32_bear_reversal,ema_50,800,-0.0748,-0.0594
IWM,32_bear_reversal,sma_50,800,-0.075,-0.0601
IWM,32_bear_reversal,sma_200,800,-0.0722,-0.0559
IWM,32_bear_reversal,macd,800,0.0017,-0.0037
IWM,32_bear_reversal,macd_signal,800,-0.026,-0.0203
IWM,32_bear_reversal,macd_histogram,800,0.1022,0.0662
IWM,32_bear_reversal,atr_14,800,0.1546,0.0258
IWM,32_bear_reversal,bb_upper,800,-0.0736,-0.0588
IWM,32_bear_reversal,bb_lower,800,-0.0779,-0.0606
IWM,32_bear_reversal,bb_width,800,0.1048,0.0164
IWM,32_bear_reversal,bb_pct,800,-0.0145,0.0102
IWM,32_bear_reversal,obv,800,-0.0237,-0.0159
IWM,32_bear_reversal,rvol,800,0.0208,0.0033
IWM,32_bear_reversal,rvol_10,800,-0.0038,-0.0051
IWM,32_bear_reversal,vwap,800,-0.0752,-0.0592
IWM,32_bear_reversal,price_vs_vwap,800,-0.0487,0.0237
IWM,32_bear_reversal,price_vs_ema9,800,-0.0878,0.0234
IWM,32_bear_reversal,price_vs_ema20,800,-0.0529,0.0174
IWM,32_bear_reversal,consecutive_up,800,-0.0051,0.0061
IWM,32_bear_reversal,consecutive_down,800,0.0244,0.0091
IWM,32_bear_reversal,intraday_return,800,-0.0489,-0.0006
IWM,32_bear_reversal,high_low_spread_pct,800,0.1161,0.0187
IWM,32_bear_reversal,vix_close,800,0.1258,0.0536
IWM,32_bear_reversal,total_gex,798,-0.0097,-0.0216
IWM,32_bear_reversal,total_vex,798,0.0268,0.032
IWM,32_bear_reversal,flip_price,182,-0.0164,-0.0541
IWM,32_bear_reversal,distance_to_king_pct,798,-0.0286,-0.0169
IWM,32_bear_reversal,distance_to_gate_pct,782,-0.0391,-0.0187
IWM,32_bull_reversal,rsi_9,908,0.0492,0.0676
IWM,32_bull_reversal,rsi_14,908,0.0488,0.0713
IWM,32_bull_reversal,stoch_rsi_k,908,0.0044,0.0012
IWM,32_bull_reversal,stoch_rsi_d,908,0.0143,0.009
IWM,32_bull_reversal,ema_9,908,0.0688,-0.0047
IWM,32_bull_reversal,ema_20,908,0.0689,-0.0048
IWM,32_bull_reversal,ema_50,908,0.0684,-0.0057
IWM,32_bull_reversal,sma_50,908,0.0685,-0.0054
IWM,32_bull_reversal,sma_200,907,0.0666,-0.0083
IWM,32_bull_reversal,macd,908,0.0002,0.0464
IWM,32_bull_reversal,macd_signal,908,0.0249,0.0533
IWM,32_bull_reversal,macd_histogram,908,-0.0798,-0.0232
IWM,32_bull_reversal,atr_14,908,-0.1146,-0.059
IWM,32_bull_reversal,bb_upper,908,0.0686,-0.0056
IWM,32_bull_reversal,bb_lower,908,0.0696,-0.0038
IWM,32_bull_reversal,bb_width,908,-0.0175,-0.0234
IWM,32_bull_reversal,bb_pct,908,0.0257,0.0361
IWM,32_bull_reversal,obv,908,0.0436,-0.0104
IWM,32_bull_reversal,rvol,908,-0.1065,-0.0364
IWM,32_bull_reversal,rvol_10,908,-0.0797,-0.0384
IWM,32_bull_reversal,vwap,908,0.0676,-0.0055
IWM,32_bull_reversal,price_vs_vwap,908,0.0113,0.0549
IWM,32_bull_reversal,price_vs_ema9,908,-0.1434,0.0319
IWM,32_bull_reversal,price_vs_ema20,908,-0.1183,0.0459
IWM,32_bull_reversal,consecutive_up,908,-0.0189,-0.0157
IWM,32_bull_reversal,consecutive_down,908,0.024,0.027
IWM,32_bull_reversal,intraday_return,908,-0.1783,0.0171
IWM,32_bull_reversal,high_low_spread_pct,908,-0.2458,-0.0479
IWM,32_bull_reversal,vix_close,908,-0.225,-0.0549
IWM,32_bull_reversal,total_gex,905,-0.0454,-0.0334
IWM,32_bull_reversal,total_vex,905,-0.0359,0.0138
IWM,32_bull_reversal,flip_price,201,0.146,-0.0291
IWM,32_bull_reversal,distance_to_king_pct,905,0.0313,0.0051
IWM,32_bull_reversal,distance_to_gate_pct,884,0.0063,-0.0035
IWM,clean_2d_bear,rsi_9,3660,-0.0182,-0.0111
IWM,clean_2d_bear,rsi_14,3660,-0.0123,-0.0037
IWM,clean_2d_bear,stoch_rsi_k,3660,-0.0314,-0.0281
IWM,clean_2d_bear,stoch_rsi_d,3660,-0.0362,-0.0307
IWM,clean_2d_bear,ema_9,3660,0.0077,0.0181
IWM,clean_2d_bear,ema_20,3660,0.0079,0.0181
IWM,clean_2d_bear,ema_50,3659,0.0075,0.0173
IWM,clean_2d_bear,sma_50,3659,0.0075,0.0174
IWM,clean_2d_bear,sma_200,3657,0.0067,0.0163
IWM,clean_2d_bear,macd,3660,-0.0093,0.0099
IWM,clean_2d_bear,macd_signal,3659,0.007,0.0114
IWM,clean_2d_bear,macd_histogram,3659,-0.0582,-0.0233
IWM,clean_2d_bear,atr_14,3660,0.0573,0.0235
IWM,clean_2d_bear,bb_upper,3660,0.0088,0.0183
IWM,clean_2d_bear,bb_lower,3660,0.0074,0.0182
IWM,clean_2d_bear,bb_width,3660,0.0497,0.0182
IWM,clean_2d_bear,bb_pct,3660,-0.0261,-0.0158
IWM,clean_2d_bear,obv,3660,0.0061,0.0019
IWM,clean_2d_bear,rvol,3660,0.0609,0.004
IWM,clean_2d_bear,rvol_10,3660,-0.0083,0.0083
IWM,clean_2d_bear,vwap,3660,0.0073,0.0176
IWM,clean_2d_bear,price_vs_vwap,3660,0.0046,0.0098
IWM,clean_2d_bear,price_vs_ema9,3660,-0.0647,-0.0151
IWM,clean_2d_bear,price_vs_ema20,3660,-0.0532,-0.006
IWM,clean_2d_bear,consecutive_up,3660,-0.0233,-0.0267
IWM,clean_2d_bear,consecutive_down,3660,0.0229,0.0262
IWM,clean_2d_bear,intraday_return,3660,-0.0579,-0.0185
IWM,clean_2d_bear,high_low_spread_pct,3660,0.0695,0.0241
IWM,clean_2d_bear,vix_close,3660,0.0681,0.0075
IWM,clean_2d_bear,total_gex,3655,0.0253,0.0199
IWM,clean_2d_bear,total_vex,3655,-0.0124,-0.0232
IWM,clean_2d_bear,flip_price,786,-0.0242,0.0197
IWM,clean_2d_bear,distance_to_king_pct,3655,0.0255,0.0446
IWM,clean_2d_bear,distance_to_gate_pct,3566,0.0288,0.0319
IWM,clean_2u_bull,rsi_9,3639,0.0222,0.0251
IWM,clean_2u_bull,rsi_14,3639,0.0246,0.0283
IWM,clean_2u_bull,stoch_rsi_k,3638,-0.002,0.0043
IWM,clean_2u_bull,stoch_rsi_d,3638,-0.0034,0.0029
IWM,clean_2u_bull,ema_9,3638,-0.0123,-0.0055
IWM,clean_2u_bull,ema_20,3637,-0.0132,-0.0063
IWM,clean_2u_bull,ema_50,3637,-0.0133,-0.0063
IWM,clean_2u_bull,sma_50,3637,-0.0133,-0.0063
IWM,clean_2u_bull,sma_200,3632,-0.0129,-0.0075
IWM,clean_2u_bull,macd,3637,0.0095,0.0263
IWM,clean_2u_bull,macd_signal,3637,0.0065,0.0252
IWM,clean_2u_bull,macd_histogram,3637,0.0119,0.0029
IWM,clean_2u_bull,atr_14,3639,-0.0008,-0.0014
IWM,clean_2u_bull,bb_upper,3637,-0.0131,-0.0063
IWM,clean_2u_bull,bb_lower,3637,-0.0135,-0.0062
IWM,clean_2u_bull,bb_width,3637,0.0086,-0.0108
IWM,clean_2u_bull,bb_pct,3637,0.0268,0.0274
IWM,clean_2u_bull,obv,3639,-0.0076,-0.0208
IWM,clean_2u_bull,rvol,3639,0.0104,0.0148
IWM,clean_2u_bull,rvol_10,3639,-0.0059,0.0098
IWM,clean_2u_bull,vwap,3639,-0.0115,-0.0045
IWM,clean_2u_bull,price_vs_vwap,3639,-0.0012,0.0172
IWM,clean_2u_bull,price_vs_ema9,3638,0.0312,0.0299
IWM,clean_2u_bull,price_vs_ema20,3637,0.0273,0.031
IWM,clean_2u_bull,consecutive_up,3639,-0.0213,-0.0023
IWM,clean_2u_bull,consecutive_down,3639,0.0241,0.0035
IWM,clean_2u_bull,intraday_return,3639,0.0447,0.0151
IWM,clean_2u_bull,high_low_spread_pct,3639,0.0429,0.0045
IWM,clean_2u_bull,vix_close,3639,-0.0034,-0.008
IWM,clean_2u_bull,total_gex,3635,0.0046,-0.0034
IWM,clean_2u_bull,total_vex,3635,0.007,0.0057
IWM,clean_2u_bull,flip_price,810,0.0176,-0.0271
IWM,clean_2u_bull,distance_to_king_pct,3635,0.0204,0.0247
IWM,clean_2u_bull,distance_to_gate_pct,3537,-0.0084,0.0133
IWM,f2d_bull_reversal,rsi_9,1503,-0.0683,-0.0504
IWM,f2d_bull_reversal,rsi_14,1503,-0.061,-0.0459
IWM,f2d_bull_reversal,stoch_rsi_k,1503,-0.0473,-0.026
IWM,f2d_bull_reversal,stoch_rsi_d,1503,-0.0501,-0.0322
IWM,f2d_bull_reversal,ema_9,1503,0.0235,0.0051
IWM,f2d_bull_reversal,ema_20,1503,0.0237,0.0051
IWM,f2d_bull_reversal,ema_50,1503,0.0238,0.0052
IWM,f2d_bull_reversal,sma_50,1503,0.0238,0.0054
IWM,f2d_bull_reversal,sma_200,1501,0.0237,0.0059
IWM,f2d_bull_reversal,macd,1503,-0.019,-0.0226
IWM,f2d_bull_reversal,macd_signal,1503,-0.0102,-0.0112
IWM,f2d_bull_reversal,macd_histogram,1503,-0.0328,-0.0366
IWM,f2d_bull_reversal,atr_14,1503,-0.0303,0.0334
IWM,f2d_bull_reversal,bb_upper,1503,0.024,0.0062
IWM,f2d_bull_reversal,bb_lower,1503,0.0234,0.0044
IWM,f2d_bull_reversal,bb_width,1503,0.0263,0.0354
IWM,f2d_bull_reversal,bb_pct,1503,-0.067,-0.0538
IWM,f2d_bull_reversal,obv,1503,0.0165,-0.0058
IWM,f2d_bull_reversal,rvol,1503,0.0512,0.0279
IWM,f2d_bull_reversal,rvol_10,1503,0.0374,0.0237
IWM,f2d_bull_reversal,vwap,1503,0.0237,0.0055
IWM,f2d_bull_reversal,price_vs_vwap,1503,-0.0367,-0.0372
IWM,f2d_bull_reversal,price_vs_ema9,1503,-0.0762,-0.0545
IWM,f2d_bull_reversal,price_vs_ema20,1503,-0.0588,-0.0468
IWM,f2d_bull_reversal,consecutive_up,1503,-0.0205,0.0031
IWM,f2d_bull_reversal,consecutive_down,1503,0.012,-0.0097
IWM,f2d_bull_reversal,intraday_return,1503,-0.0673,0.018
IWM,f2d_bull_reversal,high_low_spread_pct,1503,-0.0535,0.0422
IWM,f2d_bull_reversal,vix_close,1503,-0.1109,0.0138
IWM,f2d_bull_reversal,total_gex,1501,0.0024,-0.0017
IWM,f2d_bull_reversal,total_vex,1501,-0.0218,-0.0115
IWM,f2d_bull_reversal,flip_price,354,0.0976,0.0369
IWM,f2d_bull_reversal,distance_to_king_pct,1501,-0.0216,0.0078
IWM,f2d_bull_reversal,distance_to_gate_pct,1462,-0.0441,-0.045
IWM,f2u_bear_reversal,rsi_9,1484,-0.0129,-0.0373
IWM,f2u_bear_reversal,rsi_14,1484,-0.0096,-0.0239
IWM,f2u_bear_reversal,stoch_rsi_k,1484,-0.0182,-0.0546
IWM,f2u_bear_reversal,stoch_rsi_d,1484,-0.0297,-0.0555
IWM,f2u_bear_reversal,ema_9,1484,0.009,0.025
IWM,f2u_bear_reversal,ema_20,1484,0.0091,0.025
IWM,f2u_bear_reversal,ema_50,1484,0.0089,0.0242
IWM,f2u_bear_reversal,sma_50,1484,0.009,0.0242
IWM,f2u_bear_reversal,sma_200,1484,0.0078,0.0205
IWM,f2u_bear_reversal,macd,1484,-0.0068,0.0019
IWM,f2u_bear_reversal,macd_signal,1484,0.0055,0.0171
IWM,f2u_bear_reversal,macd_histogram,1484,-0.0471,-0.081
IWM,f2u_bear_reversal,atr_14,1484,0.017,-0.0062
IWM,f2u_bear_reversal,bb_upper,1484,0.0097,0.0257
IWM,f2u_bear_reversal,bb_lower,1484,0.0089,0.0248
IWM,f2u_bear_reversal,bb_width,1484,0.0257,0.0166
IWM,f2u_bear_reversal,bb_pct,1484,-0.0161,-0.0374
IWM,f2u_bear_reversal,obv,1484,0.0437,0.0257
IWM,f2u_bear_reversal,rvol,1484,0.072,0.0301
IWM,f2u_bear_reversal,rvol_10,1484,0.0337,0.0241
IWM,f2u_bear_reversal,vwap,1484,0.009,0.0247
IWM,f2u_bear_reversal,price_vs_vwap,1484,0.0022,-0.0142
IWM,f2u_bear_reversal,price_vs_ema9,1484,0.0171,-0.0385
IWM,f2u_bear_reversal,price_vs_ema20,1484,-0.0084,-0.0211
IWM,f2u_bear_reversal,consecutive_up,1484,-0.0062,0.0136
IWM,f2u_bear_reversal,consecutive_down,1484,0.0187,-0.0057
IWM,f2u_bear_reversal,intraday_return,1484,0.0294,0.0131
IWM,f2u_bear_reversal,high_low_spread_pct,1484,0.0397,-0.009
IWM,f2u_bear_reversal,vix_close,1484,-0.0034,-0.0551
IWM,f2u_bear_reversal,total_gex,1480,-0.0133,-0.0092
IWM,f2u_bear_reversal,total_vex,1480,-0.0279,-0.0148
IWM,f2u_bear_reversal,flip_price,318,0.0043,0.0218
IWM,f2u_bear_reversal,distance_to_king_pct,1480,0.0355,0.0431
IWM,f2u_bear_reversal,distance_to_gate_pct,1444,0.0577,0.058
IWM,none,rsi_9,39686,-0.0099,-0.0101
IWM,none,rsi_14,39686,-0.0085,-0.0071
IWM,none,stoch_rsi_k,39685,-0.0078,-0.0036
IWM,none,stoch_rsi_d,39685,-0.0083,-0.0039
IWM,none,ema_9,39684,-0.005,-0.0112
IWM,none,ema_20,39681,-0.005,-0.0112
IWM,none,ema_50,39676,-0.0049,-0.0111
IWM,none,sma_50,39676,-0.0048,-0.0111
IWM,none,sma_200,39644,-0.0054,-0.0118
IWM,none,macd,39680,-0.0144,0.0006
IWM,none,macd_signal,39679,-0.0082,0.0024
IWM,none,macd_histogram,39679,-0.0226,-0.0108
IWM,none,atr_14,39686,-0.0122,0.0053
IWM,none,bb_upper,39681,-0.0051,-0.0112
IWM,none,bb_lower,39681,-0.0048,-0.0111
IWM,none,bb_width,39681,-0.0086,0.0028
IWM,none,bb_pct,39681,-0.01,-0.0096
IWM,none,obv,39686,0.0,-0.0166
IWM,none,rvol,39686,0.0191,0.013
IWM,none,rvol_10,39686,-0.0026,0.0125
IWM,none,vwap,39686,-0.005,-0.011
IWM,none,price_vs_vwap,39686,-0.0055,0.0009
IWM,none,price_vs_ema9,39684,-0.0283,-0.0085
IWM,none,price_vs_ema20,39681,-0.0282,-0.0073
IWM,none,consecutive_up,39686,-0.0131,-0.0103
IWM,none,consecutive_down,39686,0.011,0.009
IWM,none,intraday_return,39686,0.0022,-0.0117
IWM,none,high_low_spread_pct,39686,0.003,0.0098
IWM,none,vix_close,39686,-0.0297,-0.0067
IWM,none,total_gex,39608,-0.0043,-0.009
IWM,none,total_vex,39608,0.0007,0.0064
IWM,none,flip_price,8972,-0.0075,-0.0198
IWM,none,distance_to_king_pct,39608,0.0063,0.0077
IWM,none,distance_to_gate_pct,38633,0.0039,-0.0038
QQQ,11_inside_compression,rsi_9,67,-0.0966,-0.0409
QQQ,11_inside_compression,rsi_14,67,-0.0771,-0.0193
QQQ,11_inside_compression,stoch_rsi_k,67,-0.1463,-0.0921
QQQ,11_inside_compression,stoch_rsi_d,67,-0.1998,-0.1356
QQQ,11_inside_compression,ema_9,67,-0.0248,-0.0266
QQQ,11_inside_compression,ema_20,67,-0.0236,-0.0317
QQQ,11_inside_compression,ema_50,67,-0.0245,-0.0251
QQQ,11_inside_compression,sma_50,67,-0.0234,-0.0238
QQQ,11_inside_compression,sma_200,65,-0.0249,-0.0267
QQQ,11_inside_compression,macd,67,-0.0393,-0.0316
QQQ,11_inside_compression,macd_signal,67,-0.0063,-0.0265
QQQ,11_inside_compression,macd_histogram,67,-0.1314,-0.0788
QQQ,11_inside_compression,atr_14,67,0.1717,0.2489
QQQ,11_inside_compression,bb_upper,67,-0.0164,-0.0117
QQQ,11_inside_compression,bb_lower,67,-0.0276,-0.0405
QQQ,11_inside_compression,bb_width,67,0.1657,0.2193
QQQ,11_inside_compression,bb_pct,67,-0.1495,-0.0591
QQQ,11_inside_compression,obv,67,0.0087,0.0038
QQQ,11_inside_compression,rvol,67,0.4532,-0.1004
QQQ,11_inside_compression,rvol_10,67,0.5057,-0.0501
QQQ,11_inside_compression,vwap,67,-0.0262,-0.0273
QQQ,11_inside_compression,price_vs_vwap,67,0.0186,-0.0342
QQQ,11_inside_compression,price_vs_ema9,67,-0.0254,-0.0
QQQ,11_inside_compression,price_vs_ema20,67,-0.0502,-0.0176
QQQ,11_inside_compression,consecutive_up,67,-0.0381,-0.1027
QQQ,11_inside_compression,consecutive_down,67,0.0381,0.1027
QQQ,11_inside_compression,intraday_return,67,0.1686,0.1433
QQQ,11_inside_compression,high_low_spread_pct,67,0.2057,0.1734
QQQ,11_inside_compression,vix_close,67,0.0302,0.0318
QQQ,11_inside_compression,total_gex,67,-0.0625,-0.0377
QQQ,11_inside_compression,total_vex,67,-0.013,0.0276
QQQ,11_inside_compression,distance_to_king_pct,67,-0.0259,-0.1299
QQQ,11_inside_compression,distance_to_gate_pct,67,-0.0216,-0.0817
QQQ,132_bear_continuation,rsi_9,69,-0.1674,-0.0857
QQQ,132_bear_continuation,rsi_14,69,-0.1531,-0.0862
QQQ,132_bear_continuation,stoch_rsi_k,69,-0.137,0.0112
QQQ,132_bear_continuation,stoch_rsi_d,69,-0.1138,0.0306
QQQ,132_bear_continuation,ema_9,69,-0.0424,-0.0119
QQQ,132_bear_continuation,ema_20,69,-0.0424,-0.0189
QQQ,132_bear_continuation,ema_50,69,-0.0423,-0.0255
QQQ,132_bear_continuation,sma_50,69,-0.0403,-0.011
QQQ,132_bear_continuation,sma_200,68,-0.0423,-0.0499
QQQ,132_bear_continuation,macd,69,-0.0185,-0.0329
QQQ,132_bear_continuation,macd_signal,69,-0.0307,-0.0284
QQQ,132_bear_continuation,macd_histogram,69,0.0281,0.0194
QQQ,132_bear_continuation,atr_14,69,-0.1304,-0.0922
QQQ,132_bear_continuation,bb_upper,69,-0.0508,-0.0312
QQQ,132_bear_continuation,bb_lower,69,-0.0354,-0.0019
QQQ,132_bear_continuation,bb_width,69,-0.1383,-0.0164
QQQ,132_bear_continuation,bb_pct,69,-0.1426,-0.104
QQQ,132_bear_continuation,obv,69,-0.0032,0.0445
QQQ,132_bear_continuation,rvol,69,0.1037,0.003
QQQ,132_bear_continuation,rvol_10,69,0.0926,0.0029
QQQ,132_bear_continuation,vwap,69,-0.0367,-0.0071
QQQ,132_bear_continuation,price_vs_vwap,69,-0.1132,-0.0909
QQQ,132_bear_continuation,price_vs_ema9,69,-0.0481,-0.0524
QQQ,132_bear_continuation,price_vs_ema20,69,-0.0309,-0.058
QQQ,132_bear_continuation,consecutive_up,69,-0.0406,-0.0304
QQQ,132_bear_continuation,consecutive_down,69,0.0607,0.0538
QQQ,132_bear_continuation,intraday_return,69,-0.0857,-0.0355
QQQ,132_bear_continuation,high_low_spread_pct,69,0.0698,0.0359
QQQ,132_bear_continuation,vix_close,69,-0.0192,-0.078
QQQ,132_bear_continuation,total_gex,69,-0.1348,-0.0495
QQQ,132_bear_continuation,total_vex,69,-0.006,0.0573
QQQ,132_bear_continuation,distance_to_king_pct,69,-0.1377,-0.259
QQQ,132_bear_continuation,distance_to_gate_pct,69,-0.1147,-0.1775
QQQ,132_bull_continuation,rsi_9,66,0.0349,0.0384
QQQ,132_bull_continuation,rsi_14,66,-0.0067,0.0549
QQQ,132_bull_continuation,stoch_rsi_k,66,0.1889,0.1418
QQQ,132_bull_continuation,stoch_rsi_d,66,0.1514,0.0975
QQQ,132_bull_continuation,ema_9,66,-0.0268,-0.0137
QQQ,132_bull_continuation,ema_20,66,-0.0258,-0.0058
QQQ,132_bull_continuation,ema_50,65,-0.0249,0.006
QQQ,132_bull_continuation,sma_50,65,-0.0227,0.0003
QQQ,132_bull_continuation,sma_200,64,-0.0339,-0.0274
QQQ,132_bull_continuation,macd,65,-0.0566,-0.0131
QQQ,132_bull_continuation,macd_signal,65,-0.0525,-0.0469
QQQ,132_bull_continuation,macd_histogram,65,-0.013,0.0692
QQQ,132_bull_continuation,atr_14,66,-0.0584,-0.0621
QQQ,132_bull_continuation,bb_upper,66,-0.0303,-0.0356
QQQ,132_bull_continuation,bb_lower,66,-0.0201,0.0048
QQQ,132_bull_continuation,bb_width,66,-0.1129,0.0127
QQQ,132_bull_continuation,bb_pct,66,0.1746,0.1518
QQQ,132_bull_continuation,obv,66,-0.0533,-0.0542
QQQ,132_bull_continuation,rvol,66,-0.0404,-0.0758
QQQ,132_bull_continuation,rvol_10,66,-0.0537,-0.0762
QQQ,132_bull_continuation,vwap,66,-0.0286,-0.0171
QQQ,132_bull_continuation,price_vs_vwap,66,0.0562,0.055
QQQ,132_bull_continuation,price_vs_ema9,66,0.0693,0.0858
QQQ,132_bull_continuation,price_vs_ema20,66,-0.0078,0.0545
QQQ,132_bull_continuation,consecutive_up,66,0.0872,0.1529
QQQ,132_bull_continuation,consecutive_down,66,-0.0872,-0.1529
QQQ,132_bull_continuation,intraday_return,66,0.2646,0.2987
QQQ,132_bull_continuation,high_low_spread_pct,66,0.0195,0.0052
QQQ,132_bull_continuation,vix_close,66,-0.129,-0.0058
QQQ,132_bull_continuation,total_gex,66,0.0471,0.0122
QQQ,132_bull_continuation,total_vex,66,0.0344,-0.0594
QQQ,132_bull_continuation,flip_price,32,-0.0813,-0.2713
QQQ,132_bull_continuation,distance_to_king_pct,66,-0.0366,-0.033
QQQ,132_bull_continuation,distance_to_gate_pct,64,0.0138,0.0507
QQQ,212_bear_continuation,rsi_9,153,0.0592,-0.0081
QQQ,212_bear_continuation,rsi_14,153,0.0284,-0.0211
QQQ,212_bear_continuation,stoch_rsi_k,153,0.1488,0.071
QQQ,212_bear_continuation,stoch_rsi_d,153,0.1411,0.0616
QQQ,212_bear_continuation,ema_9,152,-0.0865,-0.109
QQQ,212_bear_continuation,ema_20,151,-0.0861,-0.1188
QQQ,212_bear_continuation,ema_50,151,-0.0831,-0.1122
QQQ,212_bear_continuation,sma_50,151,-0.0823,-0.11
QQQ,212_bear_continuation,sma_200,148,-0.0738,-0.0988
QQQ,212_bear_continuation,macd,151,-0.0556,-0.0362
QQQ,212_bear_continuation,macd_signal,151,-0.0729,-0.0744
QQQ,212_bear_continuation,macd_histogram,151,0.0651,-0.0042
QQQ,212_bear_continuation,atr_14,153,0.1553,0.1533
QQQ,212_bear_continuation,bb_upper,151,-0.0836,-0.1111
QQQ,212_bear_continuation,bb_lower,151,-0.0895,-0.1104
QQQ,212_bear_continuation,bb_width,151,0.0611,0.1693
QQQ,212_bear_continuation,bb_pct,151,0.0489,0.0144
QQQ,212_bear_continuation,obv,153,-0.0641,-0.0877
QQQ,212_bear_continuation,rvol,153,0.0167,0.0005
QQQ,212_bear_continuation,rvol_10,153,0.0501,0.013
QQQ,212_bear_continuation,vwap,153,-0.0935,-0.1149
QQQ,212_bear_continuation,price_vs_vwap,153,0.0373,-0.056
QQQ,212_bear_continuation,price_vs_ema9,152,-0.0972,-0.0709
QQQ,212_bear_continuation,price_vs_ema20,151,-0.0805,-0.0581
QQQ,212_bear_continuation,consecutive_up,153,-0.0522,-0.0094
QQQ,212_bear_continuation,consecutive_down,153,0.0522,0.0088
QQQ,212_bear_continuation,intraday_return,153,0.0142,-0.0411
QQQ,212_bear_continuation,high_low_spread_pct,153,0.0872,0.1339
QQQ,212_bear_continuation,vix_close,153,0.1124,0.1429
QQQ,212_bear_continuation,total_gex,153,0.0011,-0.0169
QQQ,212_bear_continuation,total_vex,153,-0.0118,-0.1469
QQQ,212_bear_continuation,flip_price,59,-0.0463,-0.1645
QQQ,212_bear_continuation,distance_to_king_pct,153,-0.1205,-0.125
QQQ,212_bear_continuation,distance_to_gate_pct,152,-0.0694,-0.1845
QQQ,212_bear_reversal,rsi_9,226,0.0475,0.0455
QQQ,212_bear_reversal,rsi_14,226,0.0415,0.0315
QQQ,212_bear_reversal,stoch_rsi_k,226,0.0965,0.062
QQQ,212_bear_reversal,stoch_rsi_d,226,0.0919,0.0441
QQQ,212_bear_reversal,ema_9,226,0.0308,0.0231
QQQ,212_bear_reversal,ema_20,226,0.03,0.0298
QQQ,212_bear_reversal,ema_50,225,0.029,0.0323
QQQ,212_bear_reversal,sma_50,225,0.0288,0.0337
QQQ,212_bear_reversal,sma_200,221,0.0259,0.0529
QQQ,212_bear_reversal,macd,226,0.0276,0.034
QQQ,212_bear_reversal,macd_signal,226,0.0041,0.0122
QQQ,212_bear_reversal,macd_histogram,226,0.0808,0.084
QQQ,212_bear_reversal,atr_14,226,0.2121,0.1989
QQQ,212_bear_reversal,bb_upper,226,0.0361,0.0418
QQQ,212_bear_reversal,bb_lower,226,0.0224,0.0225
QQQ,212_bear_reversal,bb_width,226,0.1245,0.1607
QQQ,212_bear_reversal,bb_pct,226,0.0383,0.0292
QQQ,212_bear_reversal,obv,226,0.0142,-0.0058
QQQ,212_bear_reversal,rvol,226,-0.0668,-0.0004
QQQ,212_bear_reversal,rvol_10,226,-0.0318,0.0275
QQQ,212_bear_reversal,vwap,226,0.0331,0.0388
QQQ,212_bear_reversal,price_vs_vwap,226,-0.012,-0.0371
QQQ,212_bear_reversal,price_vs_ema9,226,0.0675,0.0746
QQQ,212_bear_reversal,price_vs_ema20,226,0.055,0.0572
QQQ,212_bear_reversal,consecutive_up,226,-0.0029,-0.0043
QQQ,212_bear_reversal,consecutive_down,226,0.0096,0.0174
QQQ,212_bear_reversal,intraday_return,226,-0.0383,-0.0729
QQQ,212_bear_reversal,high_low_spread_pct,226,0.1319,0.1397
QQQ,212_bear_reversal,vix_close,226,-0.1312,-0.094
QQQ,212_bear_reversal,total_gex,226,-0.0365,-0.0449
QQQ,212_bear_reversal,total_vex,226,-0.0523,-0.0577
QQQ,212_bear_reversal,flip_price,105,0.0008,0.0009
QQQ,212_bear_reversal,distance_to_king_pct,226,-0.0903,-0.0681
QQQ,212_bear_reversal,distance_to_gate_pct,225,-0.0067,0.0141
QQQ,212_bull_continuation,rsi_9,163,0.0488,0.1248
QQQ,212_bull_continuation,rsi_14,163,0.0549,0.1553
QQQ,212_bull_continuation,stoch_rsi_k,163,0.0158,-0.0171
QQQ,212_bull_continuation,stoch_rsi_d,163,-0.0165,-0.0525
QQQ,212_bull_continuation,ema_9,163,-0.1123,0.0655
QQQ,212_bull_continuation,ema_20,163,-0.1138,0.0606
QQQ,212_bull_continuation,ema_50,162,-0.117,0.0538
QQQ,212_bull_continuation,sma_50,162,-0.118,0.0529
QQQ,212_bull_continuation,sma_200,160,-0.1133,0.0403
QQQ,212_bull_continuation,macd,163,0.0548,0.1615
QQQ,212_bull_continuation,macd_signal,163,0.0486,0.1644
QQQ,212_bull_continuation,macd_histogram,163,0.0212,0.0294
QQQ,212_bull_continuation,atr_14,163,0.0511,0.0602
QQQ,212_bull_continuation,bb_upper,163,-0.1158,0.0608
QQQ,212_bull_continuation,bb_lower,163,-0.112,0.0613
QQQ,212_bull_continuation,bb_width,163,-0.0249,-0.0363
QQQ,212_bull_continuation,bb_pct,163,0.0418,0.139
QQQ,212_bull_continuation,obv,163,-0.1067,0.0488
QQQ,212_bull_continuation,rvol,163,0.0621,0.0217
QQQ,212_bull_continuation,rvol_10,163,0.0976,0.0418
QQQ,212_bull_continuation,vwap,163,-0.1086,0.0659
QQQ,212_bull_continuation,price_vs_vwap,163,-0.0473,0.0907
QQQ,212_bull_continuation,price_vs_ema9,163,0.1289,0.1571
QQQ,212_bull_continuation,price_vs_ema20,163,0.1005,0.1429
QQQ,212_bull_continuation,consecutive_up,163,-0.0791,-0.0271
QQQ,212_bull_continuation,consecutive_down,163,0.0891,0.0398
QQQ,212_bull_continuation,intraday_return,163,0.1677,0.0387
QQQ,212_bull_continuation,high_low_spread_pct,163,0.1563,0.0616
QQQ,212_bull_continuation,vix_close,163,0.0269,-0.0906
QQQ,212_bull_continuation,total_gex,163,-0.0787,0.0781
QQQ,212_bull_continuation,total_vex,163,0.0978,-0.0796
QQQ,212_bull_continuation,flip_price,72,0.0473,0.219
QQQ,212_bull_continuation,distance_to_king_pct,163,-0.1448,-0.1873
QQQ,212_bull_continuation,distance_to_gate_pct,158,-0.0654,-0.1406
QQQ,212_bull_reversal,rsi_9,228,-0.0376,0.0419
QQQ,212_bull_reversal,rsi_14,228,-0.0221,0.0397
QQQ,212_bull_reversal,stoch_rsi_k,228,-0.032,0.0507
QQQ,212_bull_reversal,stoch_rsi_d,228,0.0059,0.0785
QQQ,212_bull_reversal,ema_9,228,0.0343,0.0398
QQQ,212_bull_reversal,ema_20,227,0.034,0.0402
QQQ,212_bull_reversal,ema_50,225,0.0333,0.0356
QQQ,212_bull_reversal,sma_50,225,0.0333,0.0405
QQQ,212_bull_reversal,sma_200,221,0.0302,0.0195
QQQ,212_bull_reversal,macd,226,0.0236,0.057
QQQ,212_bull_reversal,macd_signal,226,0.032,0.0544
QQQ,212_bull_reversal,macd_histogram,226,-0.0257,0.0705
QQQ,212_bull_reversal,atr_14,228,0.0138,-0.0501
QQQ,212_bull_reversal,bb_upper,227,0.0356,0.0337
QQQ,212_bull_reversal,bb_lower,227,0.0333,0.0402
QQQ,212_bull_reversal,bb_width,227,0.0169,-0.0254
QQQ,212_bull_reversal,bb_pct,227,-0.0271,0.0446
QQQ,212_bull_reversal,obv,228,0.0206,0.0548
QQQ,212_bull_reversal,rvol,228,-0.0281,-0.1297
QQQ,212_bull_reversal,rvol_10,228,-0.0536,-0.1322
QQQ,212_bull_reversal,vwap,228,0.0308,0.0337
QQQ,212_bull_reversal,price_vs_vwap,228,0.0399,0.0415
QQQ,212_bull_reversal,price_vs_ema9,228,-0.0675,0.028
QQQ,212_bull_reversal,price_vs_ema20,227,-0.0304,0.0603
QQQ,212_bull_reversal,consecutive_up,228,-0.0749,-0.0422
QQQ,212_bull_reversal,consecutive_down,228,0.0879,0.0548
QQQ,212_bull_reversal,intraday_return,228,0.0477,0.0197
QQQ,212_bull_reversal,high_low_spread_pct,228,-0.0224,-0.0781
QQQ,212_bull_reversal,vix_close,228,-0.0576,-0.0967
QQQ,212_bull_reversal,total_gex,228,0.0144,0.0849
QQQ,212_bull_reversal,total_vex,228,-0.0572,-0.0912
QQQ,212_bull_reversal,flip_price,101,0.0071,-0.0748
QQQ,212_bull_reversal,distance_to_king_pct,228,-0.0905,-0.0723
QQQ,212_bull_reversal,distance_to_gate_pct,226,0.0781,0.0343
QQQ,22_bear_continuation,rsi_9,1384,0.0231,0.0173
QQQ,22_bear_continuation,rsi_14,1384,0.0325,0.0327
QQQ,22_bear_continuation,stoch_rsi_k,1384,-0.0233,-0.0212
QQQ,22_bear_continuation,stoch_rsi_d,1382,-0.0005,0.0007
QQQ,22_bear_continuation,ema_9,1380,0.0153,0.0231
QQQ,22_bear_continuation,ema_20,1379,0.0149,0.0209
QQQ,22_bear_continuation,ema_50,1377,0.0146,0.0185
QQQ,22_bear_continuation,sma_50,1377,0.0141,0.0169
QQQ,22_bear_continuation,sma_200,1352,0.0245,0.0255
QQQ,22_bear_continuation,macd,1378,0.017,0.0385
QQQ,22_bear_continuation,macd_signal,1378,0.0206,0.0402
QQQ,22_bear_continuation,macd_histogram,1378,-0.0088,-0.0159
QQQ,22_bear_continuation,atr_14,1384,0.0638,0.0901
QQQ,22_bear_continuation,bb_upper,1379,0.0174,0.0287
QQQ,22_bear_continuation,bb_lower,1379,0.0115,0.0164
QQQ,22_bear_continuation,bb_width,1379,0.0502,0.0688
QQQ,22_bear_continuation,bb_pct,1379,0.0094,-0.0021
QQQ,22_bear_continuation,obv,1384,0.0372,0.0413
QQQ,22_bear_continuation,rvol,1384,-0.0611,-0.0288
QQQ,22_bear_continuation,rvol_10,1384,-0.0545,-0.0189
QQQ,22_bear_continuation,vwap,1384,0.0144,0.0222
QQQ,22_bear_continuation,price_vs_vwap,1384,-0.0154,-0.0113
QQQ,22_bear_continuation,price_vs_ema9,1380,-0.05,-0.0212
QQQ,22_bear_continuation,price_vs_ema20,1379,-0.0237,0.0204
QQQ,22_bear_continuation,consecutive_up,1384,-0.0652,-0.0758
QQQ,22_bear_continuation,consecutive_down,1384,0.0649,0.073
QQQ,22_bear_continuation,intraday_return,1384,-0.0363,-0.0529
QQQ,22_bear_continuation,high_low_spread_pct,1384,-0.0279,0.0091
QQQ,22_bear_continuation,vix_close,1384,-0.0301,-0.0511
QQQ,22_bear_continuation,total_gex,1384,-0.0535,-0.0131
QQQ,22_bear_continuation,total_vex,1384,-0.0354,-0.0424
QQQ,22_bear_continuation,flip_price,539,-0.0734,-0.0781
QQQ,22_bear_continuation,distance_to_king_pct,1384,-0.07,-0.0565
QQQ,22_bear_continuation,distance_to_gate_pct,1362,0.0025,0.0067
QQQ,22_bear_reversal,rsi_9,997,-0.0018,0.0353
QQQ,22_bear_reversal,rsi_14,997,0.0096,0.0441
QQQ,22_bear_reversal,stoch_rsi_k,997,-0.0198,0.0121
QQQ,22_bear_reversal,stoch_rsi_d,997,-0.0109,0.0135
QQQ,22_bear_reversal,ema_9,997,0.0308,0.0663
QQQ,22_bear_reversal,ema_20,994,0.0309,0.0645
QQQ,22_bear_reversal,ema_50,989,0.0305,0.0629
QQQ,22_bear_reversal,sma_50,989,0.0301,0.0622
QQQ,22_bear_reversal,sma_200,972,0.0336,0.0762
QQQ,22_bear_reversal,macd,993,0.0032,0.0434
QQQ,22_bear_reversal,macd_signal,991,0.0119,0.0359
QQQ,22_bear_reversal,macd_histogram,991,-0.0242,0.0105
QQQ,22_bear_reversal,atr_14,997,0.0262,0.0229
QQQ,22_bear_reversal,bb_upper,994,0.0309,0.0628
QQQ,22_bear_reversal,bb_lower,994,0.0311,0.0692
QQQ,22_bear_reversal,bb_width,994,-0.005,0.0058
QQQ,22_bear_reversal,bb_pct,994,0.0091,0.0342
QQQ,22_bear_reversal,obv,997,0.0286,0.0512
QQQ,22_bear_reversal,rvol,997,-0.0066,-0.0366
QQQ,22_bear_reversal,rvol_10,997,0.0056,-0.0174
QQQ,22_bear_reversal,vwap,997,0.0299,0.0634
QQQ,22_bear_reversal,price_vs_vwap,997,0.0098,0.0223
QQQ,22_bear_reversal,price_vs_ema9,997,-0.0202,0.0165
QQQ,22_bear_reversal,price_vs_ema20,994,-0.0144,0.0515
QQQ,22_bear_reversal,consecutive_up,997,-0.0872,-0.0569
QQQ,22_bear_reversal,consecutive_down,997,0.0829,0.0509
QQQ,22_bear_reversal,intraday_return,997,-0.0403,-0.0248
QQQ,22_bear_reversal,high_low_spread_pct,997,0.014,0.0347
QQQ,22_bear_reversal,vix_close,997,-0.0728,-0.0883
QQQ,22_bear_reversal,total_gex,997,0.0266,0.0717
QQQ,22_bear_reversal,total_vex,997,-0.0191,-0.053
QQQ,22_bear_reversal,flip_price,436,-0.0783,-0.0761
QQQ,22_bear_reversal,distance_to_king_pct,997,-0.0066,-0.0029
QQQ,22_bear_reversal,distance_to_gate_pct,977,0.0266,0.0086
QQQ,22_bull_continuation,rsi_9,1569,0.0549,0.0704
QQQ,22_bull_continuation,rsi_14,1569,0.0458,0.0787
QQQ,22_bull_continuation,stoch_rsi_k,1569,0.0452,0.02
QQQ,22_bull_continuation,stoch_rsi_d,1569,0.049,0.0323
QQQ,22_bull_continuation,ema_9,1569,-0.0488,-0.0048
QQQ,22_bull_continuation,ema_20,1569,-0.0492,-0.007
QQQ,22_bull_continuation,ema_50,1562,-0.0496,-0.0109
QQQ,22_bull_continuation,sma_50,1562,-0.049,-0.0096
QQQ,22_bull_continuation,sma_200,1536,-0.0516,-0.0164
QQQ,22_bull_continuation,macd,1569,-0.0011,0.0763
QQQ,22_bull_continuation,macd_signal,1567,-0.0176,0.0542
QQQ,22_bull_continuation,macd_histogram,1567,0.0514,0.0461
QQQ,22_bull_continuation,atr_14,1569,-0.0121,0.0032
QQQ,22_bull_continuation,bb_upper,1569,-0.0505,-0.0087
QQQ,22_bull_continuation,bb_lower,1569,-0.0486,-0.0014
QQQ,22_bull_continuation,bb_width,1569,-0.017,-0.002
QQQ,22_bull_continuation,bb_pct,1569,0.0746,0.0908
QQQ,22_bull_continuation,obv,1569,-0.0377,-0.0146
QQQ,22_bull_continuation,rvol,1569,0.0415,-0.0057
QQQ,22_bull_continuation,rvol_10,1569,0.0401,0.0036
QQQ,22_bull_continuation,vwap,1569,-0.0488,-0.0057
QQQ,22_bull_continuation,price_vs_vwap,1569,0.0249,0.0416
QQQ,22_bull_continuation,price_vs_ema9,1569,0.0643,0.0768
QQQ,22_bull_continuation,price_vs_ema20,1569,0.044,0.0929
QQQ,22_bull_continuation,consecutive_up,1569,-0.0061,-0.0083
QQQ,22_bull_continuation,consecutive_down,1569,0.0092,0.0098
QQQ,22_bull_continuation,intraday_return,1569,0.0903,0.0256
QQQ,22_bull_continuation,high_low_spread_pct,1569,0.0633,0.0062
QQQ,22_bull_continuation,vix_close,1569,0.0917,-0.0221
QQQ,22_bull_continuation,total_gex,1569,0.0093,0.0549
QQQ,22_bull_continuation,total_vex,1569,0.0052,-0.0522
QQQ,22_bull_continuation,flip_price,752,0.0149,-0.0599
QQQ,22_bull_continuation,distance_to_king_pct,1569,-0.0781,-0.0624
QQQ,22_bull_continuation,distance_to_gate_pct,1512,0.017,0.0095
QQQ,22_bull_reversal,rsi_9,981,-0.0192,-0.0034
QQQ,22_bull_reversal,rsi_14,981,-0.0164,0.0041
QQQ,22_bull_reversal,stoch_rsi_k,981,-0.0051,-0.0146
QQQ,22_bull_reversal,stoch_rsi_d,981,0.0093,0.0062
QQQ,22_bull_reversal,ema_9,981,0.0203,0.045
QQQ,22_bull_reversal,ema_20,980,0.0215,0.0448
QQQ,22_bull_reversal,ema_50,976,0.023,0.0453
QQQ,22_bull_reversal,sma_50,976,0.0238,0.0465
QQQ,22_bull_reversal,sma_200,961,0.0267,0.0548
QQQ,22_bull_reversal,macd,980,-0.0402,0.0064
QQQ,22_bull_reversal,macd_signal,978,-0.0378,0.0029
QQQ,22_bull_reversal,macd_histogram,978,-0.0172,-0.0018
QQQ,22_bull_reversal,atr_14,981,0.0191,0.017
QQQ,22_bull_reversal,bb_upper,980,0.0206,0.0424
QQQ,22_bull_reversal,bb_lower,980,0.0223,0.0474
QQQ,22_bull_reversal,bb_width,980,-0.0159,-0.0002
QQQ,22_bull_reversal,bb_pct,980,-0.0046,-0.0053
QQQ,22_bull_reversal,obv,981,0.0273,0.0295
QQQ,22_bull_reversal,rvol,981,-0.0008,-0.0048
QQQ,22_bull_reversal,rvol_10,981,0.006,0.0023
QQQ,22_bull_reversal,vwap,981,0.0223,0.0463
QQQ,22_bull_reversal,price_vs_vwap,981,-0.0512,-0.0392
QQQ,22_bull_reversal,price_vs_ema9,981,-0.0398,-0.0115
QQQ,22_bull_reversal,price_vs_ema20,980,-0.0447,0.0088
QQQ,22_bull_reversal,consecutive_up,981,-0.0347,0.0062
QQQ,22_bull_reversal,consecutive_down,981,0.038,-0.0012
QQQ,22_bull_reversal,intraday_return,981,-0.0078,-0.0324
QQQ,22_bull_reversal,high_low_spread_pct,981,0.023,0.0212
QQQ,22_bull_reversal,vix_close,981,-0.0375,-0.0818
QQQ,22_bull_reversal,total_gex,981,0.0364,0.0757
QQQ,22_bull_reversal,total_vex,981,-0.026,-0.0395
QQQ,22_bull_reversal,flip_price,435,0.0133,0.0249
QQQ,22_bull_reversal,distance_to_king_pct,981,-0.0824,-0.0486
QQQ,22_bull_reversal,distance_to_gate_pct,964,-0.0744,-0.0697
QQQ,312_bear_reversal,rsi_9,67,0.0223,-0.117
QQQ,312_bear_reversal,rsi_14,67,-0.0141,-0.1464
QQQ,312_bear_reversal,stoch_rsi_k,67,0.166,0.1415
QQQ,312_bear_reversal,stoch_rsi_d,67,0.1039,0.0804
QQQ,312_bear_reversal,ema_9,67,-0.1356,-0.2559
QQQ,312_bear_reversal,ema_20,67,-0.1316,-0.2353
QQQ,312_bear_reversal,ema_50,67,-0.123,-0.1972
QQQ,312_bear_reversal,sma_50,67,-0.1213,-0.1984
QQQ,312_bear_reversal,sma_200,66,-0.0981,-0.1467
QQQ,312_bear_reversal,macd,67,-0.1699,-0.2329
QQQ,312_bear_reversal,macd_signal,67,-0.1724,-0.2601
QQQ,312_bear_reversal,macd_histogram,67,-0.0078,0.0351
QQQ,312_bear_reversal,atr_14,67,0.0878,0.0452
QQQ,312_bear_reversal,bb_upper,67,-0.1294,-0.2477
QQQ,312_bear_reversal,bb_lower,67,-0.1318,-0.2218
QQQ,312_bear_reversal,bb_width,67,0.0202,-0.0171
QQQ,312_bear_reversal,bb_pct,67,0.1261,-0.0317
QQQ,312_bear_reversal,obv,67,-0.1301,-0.1767
QQQ,312_bear_reversal,rvol,67,-0.2748,-0.1399
QQQ,312_bear_reversal,rvol_10,67,-0.2614,-0.128
QQQ,312_bear_reversal,vwap,67,-0.1362,-0.2526
QQQ,312_bear_reversal,price_vs_vwap,67,0.0072,-0.0786
QQQ,312_bear_reversal,price_vs_ema9,67,0.037,-0.1376
QQQ,312_bear_reversal,price_vs_ema20,67,-0.0653,-0.1554
QQQ,312_bear_reversal,consecutive_up,67,0.1746,0.1383
QQQ,312_bear_reversal,consecutive_down,67,-0.1798,-0.1358
QQQ,312_bear_reversal,intraday_return,67,0.1743,0.0348
QQQ,312_bear_reversal,high_low_spread_pct,67,-0.2352,-0.0322
QQQ,312_bear_reversal,vix_close,67,0.0632,0.1446
QQQ,312_bear_reversal,total_gex,67,-0.2014,-0.1984
QQQ,312_bear_reversal,total_vex,67,0.0751,0.0219
QQQ,312_bear_reversal,distance_to_king_pct,67,-0.1381,-0.1548
QQQ,312_bear_reversal,distance_to_gate_pct,66,0.0689,-0.0166
QQQ,312_bull_reversal,rsi_9,96,0.0757,0.0881
QQQ,312_bull_reversal,rsi_14,96,0.1167,0.111
QQQ,312_bull_reversal,stoch_rsi_k,96,-0.0352,-0.0966
QQQ,312_bull_reversal,stoch_rsi_d,96,-0.0386,-0.0762
QQQ,312_bull_reversal,ema_9,96,0.1358,0.1313
QQQ,312_bull_reversal,ema_20,96,0.1315,0.1325
QQQ,312_bull_reversal,ema_50,96,0.1237,0.1281
QQQ,312_bull_reversal,sma_50,96,0.1178,0.1185
QQQ,312_bull_reversal,sma_200,96,0.1223,0.1462
QQQ,312_bull_reversal,macd,96,0.2202,0.2042
QQQ,312_bull_reversal,macd_signal,96,0.2404,0.2236
QQQ,312_bull_reversal,macd_histogram,96,-0.0244,-0.0398
QQQ,312_bull_reversal,atr_14,96,-0.0585,0.0294
QQQ,312_bull_reversal,bb_upper,96,0.1252,0.1205
QQQ,312_bull_reversal,bb_lower,96,0.1385,0.1313
QQQ,312_bull_reversal,bb_width,96,-0.1601,-0.0702
QQQ,312_bull_reversal,bb_pct,96,0.1201,0.0688
QQQ,312_bull_reversal,obv,96,0.1216,0.1222
QQQ,312_bull_reversal,rvol,96,0.2702,0.0818
QQQ,312_bull_reversal,rvol_10,96,0.2995,0.1191
QQQ,312_bull_reversal,vwap,96,0.13,0.1296
QQQ,312_bull_reversal,price_vs_vwap,96,0.1239,0.1281
QQQ,312_bull_reversal,price_vs_ema9,96,0.0797,0.0266
QQQ,312_bull_reversal,price_vs_ema20,96,0.1394,0.1273
QQQ,312_bull_reversal,consecutive_up,96,-0.1202,-0.0965
QQQ,312_bull_reversal,consecutive_down,96,0.1144,0.0993
QQQ,312_bull_reversal,intraday_return,96,0.0268,-0.079
QQQ,312_bull_reversal,high_low_spread_pct,96,0.0756,0.1202
QQQ,312_bull_reversal,vix_close,96,-0.0597,-0.0523
QQQ,312_bull_reversal,total_gex,96,-0.0564,-0.0096
QQQ,312_bull_reversal,total_vex,96,-0.1879,-0.2373
QQQ,312_bull_reversal,flip_price,46,-0.1081,0.0545
QQQ,312_bull_reversal,distance_to_king_pct,96,-0.1725,-0.1645
QQQ,312_bull_reversal,distance_to_gate_pct,96,-0.0344,-0.0767
QQQ,322_bear_continuation,rsi_9,120,-0.0614,-0.0067
QQQ,322_bear_continuation,rsi_14,120,-0.0318,0.0134
QQQ,322_bear_continuation,stoch_rsi_k,120,-0.0473,0.0088
QQQ,322_bear_continuation,stoch_rsi_d,120,-0.0365,0.0268
QQQ,322_bear_continuation,ema_9,120,0.1263,0.1363
QQQ,322_bear_continuation,ema_20,120,0.1257,0.1392
QQQ,322_bear_continuation,ema_50,120,0.1241,0.1366
QQQ,322_bear_continuation,sma_50,120,0.1248,0.1369
QQQ,322_bear_continuation,sma_200,116,0.1123,0.1221
QQQ,322_bear_continuation,macd,120,0.0449,-0.0111
QQQ,322_bear_continuation,macd_signal,120,0.0381,0.0064
QQQ,322_bear_continuation,macd_histogram,120,0.034,0.0164
QQQ,322_bear_continuation,atr_14,120,-0.0768,0.0148
QQQ,322_bear_continuation,bb_upper,120,0.1191,0.1207
QQQ,322_bear_continuation,bb_lower,120,0.1307,0.1448
QQQ,322_bear_continuation,bb_width,120,-0.1179,-0.0552
QQQ,322_bear_continuation,bb_pct,120,-0.1412,-0.0645
QQQ,322_bear_continuation,obv,120,0.1375,0.1591
QQQ,322_bear_continuation,rvol,120,0.2166,0.1136
QQQ,322_bear_continuation,rvol_10,120,0.2436,0.165
QQQ,322_bear_continuation,vwap,120,0.1216,0.1364
QQQ,322_bear_continuation,price_vs_vwap,120,0.0967,0.0314
QQQ,322_bear_continuation,price_vs_ema9,120,-0.0045,-0.0167
QQQ,322_bear_continuation,price_vs_ema20,120,0.0213,0.0017
QQQ,322_bear_continuation,consecutive_up,120,-0.0231,0.0253
QQQ,322_bear_continuation,consecutive_down,120,0.0231,-0.0253
QQQ,322_bear_continuation,intraday_return,120,-0.0617,0.0256
QQQ,322_bear_continuation,high_low_spread_pct,120,0.0642,0.03
QQQ,322_bear_continuation,vix_close,120,-0.0885,-0.0721
QQQ,322_bear_continuation,total_gex,120,0.1439,0.1948
QQQ,322_bear_continuation,total_vex,120,-0.0988,-0.1656
QQQ,322_bear_continuation,flip_price,49,0.0761,0.1817
QQQ,322_bear_continuation,distance_to_king_pct,120,0.0174,-0.0297
QQQ,322_bear_continuation,distance_to_gate_pct,118,0.052,0.0566
QQQ,322_bull_continuation,rsi_9,128,-0.0004,-0.0306
QQQ,322_bull_continuation,rsi_14,128,0.0282,-0.0057
QQQ,322_bull_continuation,stoch_rsi_k,128,-0.0235,-0.0389
QQQ,322_bull_continuation,stoch_rsi_d,128,0.017,0.0015
QQQ,322_bull_continuation,ema_9,128,0.0881,0.0601
QQQ,322_bull_continuation,ema_20,128,0.0881,0.0578
QQQ,322_bull_continuation,ema_50,127,0.0861,0.0472
QQQ,322_bull_continuation,sma_50,127,0.0851,0.0447
QQQ,322_bull_continuation,sma_200,125,0.0798,0.0388
QQQ,322_bull_continuation,macd,127,0.0459,0.0847
QQQ,322_bull_continuation,macd_signal,127,0.0691,0.1023
QQQ,322_bull_continuation,macd_histogram,127,-0.0849,-0.0385
QQQ,322_bull_continuation,atr_14,128,0.0629,0.0263
QQQ,322_bull_continuation,bb_upper,128,0.0928,0.0449
QQQ,322_bull_continuation,bb_lower,128,0.0859,0.0608
QQQ,322_bull_continuation,bb_width,128,0.0644,-0.0256
QQQ,322_bull_continuation,bb_pct,128,0.0106,-0.0276
QQQ,322_bull_continuation,obv,128,0.0652,0.0754
QQQ,322_bull_continuation,rvol,128,-0.077,-0.1216
QQQ,322_bull_continuation,rvol_10,128,-0.0565,-0.1455
QQQ,322_bull_continuation,vwap,128,0.0794,0.0595
QQQ,322_bull_continuation,price_vs_vwap,128,0.133,0.0519
QQQ,322_bull_continuation,price_vs_ema9,128,-0.0717,-0.0633
QQQ,322_bull_continuation,price_vs_ema20,128,-0.0389,0.008
QQQ,322_bull_continuation,consecutive_up,128,-0.0921,-0.2262
QQQ,322_bull_continuation,consecutive_down,128,0.0996,0.2338
QQQ,322_bull_continuation,intraday_return,128,0.043,-0.0581
QQQ,322_bull_continuation,high_low_spread_pct,128,0.1391,-0.0655
QQQ,322_bull_continuation,vix_close,128,-0.1493,-0.0347
QQQ,322_bull_continuation,total_gex,128,0.0734,0.088
QQQ,322_bull_continuation,total_vex,128,-0.1044,-0.1399
QQQ,322_bull_continuation,flip_price,61,-0.061,-0.1411
QQQ,322_bull_continuation,distance_to_king_pct,128,-0.1075,-0.0396
QQQ,322_bull_continuation,distance_to_gate_pct,125,0.1023,0.153
QQQ,clean_2d_bear,rsi_9,142,0.0033,-0.0102
QQQ,clean_2d_bear,rsi_14,142,0.0077,-0.0019
QQQ,clean_2d_bear,stoch_rsi_k,141,-0.0238,-0.0419
QQQ,clean_2d_bear,stoch_rsi_d,141,0.0094,0.0022
QQQ,clean_2d_bear,ema_9,141,0.0635,0.0089
QQQ,clean_2d_bear,ema_20,141,0.063,0.0058
QQQ,clean_2d_bear,ema_50,141,0.0635,0.0071
QQQ,clean_2d_bear,sma_50,141,0.0637,0.0076
QQQ,clean_2d_bear,sma_200,137,0.0588,0.0039
QQQ,clean_2d_bear,macd,141,0.0175,0.0015
QQQ,clean_2d_bear,macd_signal,141,-0.0019,-0.0037
QQQ,clean_2d_bear,macd_histogram,141,0.0882,0.0824
QQQ,clean_2d_bear,atr_14,142,0.0428,0.09
QQQ,clean_2d_bear,bb_upper,141,0.06,0.0078
QQQ,clean_2d_bear,bb_lower,141,0.0646,0.0162
QQQ,clean_2d_bear,bb_width,141,-0.0567,0.0175
QQQ,clean_2d_bear,bb_pct,141,-0.008,-0.0217
QQQ,clean_2d_bear,obv,142,0.1116,0.0868
QQQ,clean_2d_bear,rvol,142,0.129,0.099
QQQ,clean_2d_bear,rvol_10,142,0.1711,0.1239
QQQ,clean_2d_bear,vwap,142,0.0645,0.0043
QQQ,clean_2d_bear,price_vs_vwap,142,-0.0049,-0.0477
QQQ,clean_2d_bear,price_vs_ema9,141,0.0321,-0.0123
QQQ,clean_2d_bear,price_vs_ema20,141,0.035,0.003
QQQ,clean_2d_bear,consecutive_up,142,0.0043,-0.032
QQQ,clean_2d_bear,consecutive_down,142,-0.0218,0.0264
QQQ,clean_2d_bear,intraday_return,142,-0.0104,-0.0113
QQQ,clean_2d_bear,high_low_spread_pct,142,0.0688,0.0896
QQQ,clean_2d_bear,vix_close,142,0.0459,0.0606
QQQ,clean_2d_bear,total_gex,142,0.1021,0.141
QQQ,clean_2d_bear,total_vex,142,-0.1125,-0.1699
QQQ,clean_2d_bear,flip_price,61,0.0815,0.0538
QQQ,clean_2d_bear,distance_to_king_pct,142,-0.1785,-0.2394
QQQ,clean_2d_bear,distance_to_gate_pct,140,-0.0825,-0.0808
QQQ,clean_2u_bull,rsi_9,148,0.0908,0.1363
QQQ,clean_2u_bull,rsi_14,148,0.1138,0.1627
QQQ,clean_2u_bull,stoch_rsi_k,148,-0.0269,-0.0353
QQQ,clean_2u_bull,stoch_rsi_d,148,-0.0166,-0.0212
QQQ,clean_2u_bull,ema_9,148,-0.0078,0.1356
QQQ,clean_2u_bull,ema_20,147,-0.0099,0.1293
QQQ,clean_2u_bull,ema_50,146,-0.013,0.1178
QQQ,clean_2u_bull,sma_50,146,-0.0154,0.1056
QQQ,clean_2u_bull,sma_200,145,-0.0163,0.1272
QQQ,clean_2u_bull,macd,147,0.0905,0.1929
QQQ,clean_2u_bull,macd_signal,146,0.08,0.18
QQQ,clean_2u_bull,macd_histogram,146,0.0467,0.0811
QQQ,clean_2u_bull,atr_14,148,-0.0071,-0.0362
QQQ,clean_2u_bull,bb_upper,147,-0.0103,0.1166
QQQ,clean_2u_bull,bb_lower,147,-0.0095,0.1365
QQQ,clean_2u_bull,bb_width,147,-0.0063,-0.0451
QQQ,clean_2u_bull,bb_pct,147,0.1261,0.1763
QQQ,clean_2u_bull,obv,148,0.0219,0.1336
QQQ,clean_2u_bull,rvol,148,0.1219,0.0251
QQQ,clean_2u_bull,rvol_10,148,0.1241,0.0366
QQQ,clean_2u_bull,vwap,148,-0.0066,0.1289
QQQ,clean_2u_bull,price_vs_vwap,148,0.0024,0.0152
QQQ,clean_2u_bull,price_vs_ema9,148,0.0476,0.101
QQQ,clean_2u_bull,price_vs_ema20,147,0.0755,0.1712
QQQ,clean_2u_bull,consecutive_up,148,0.0374,0.0332
QQQ,clean_2u_bull,consecutive_down,148,-0.0226,-0.0073
QQQ,clean_2u_bull,intraday_return,148,-0.0642,-0.0649
QQQ,clean_2u_bull,high_low_spread_pct,148,0.0109,-0.0014
QQQ,clean_2u_bull,vix_close,148,-0.1072,-0.1748
QQQ,clean_2u_bull,total_gex,148,0.068,0.0969
QQQ,clean_2u_bull,total_vex,148,0.0448,0.0206
QQQ,clean_2u_bull,flip_price,59,0.0057,-0.0773
QQQ,clean_2u_bull,distance_to_king_pct,148,-0.1251,0.0094
QQQ,clean_2u_bull,distance_to_gate_pct,147,0.0134,0.0987
QQQ,f2d_bull_reversal,rsi_9,67,0.1571,0.2066
QQQ,f2d_bull_reversal,rsi_14,67,0.1224,0.1928
QQQ,f2d_bull_reversal,stoch_rsi_k,67,0.2118,0.1695
QQQ,f2d_bull_reversal,stoch_rsi_d,67,0.244,0.2471
QQQ,f2d_bull_reversal,ema_9,67,0.3096,0.2923
QQQ,f2d_bull_reversal,ema_20,67,0.3073,0.2898
QQQ,f2d_bull_reversal,ema_50,67,0.306,0.2851
QQQ,f2d_bull_reversal,sma_50,67,0.3051,0.2853
QQQ,f2d_bull_reversal,sma_200,64,0.3328,0.3104
QQQ,f2d_bull_reversal,macd,67,0.0671,0.1823
QQQ,f2d_bull_reversal,macd_signal,67,0.0358,0.1387
QQQ,f2d_bull_reversal,macd_histogram,67,0.1413,0.2396
QQQ,f2d_bull_reversal,atr_14,67,0.1091,0.0709
QQQ,f2d_bull_reversal,bb_upper,67,0.305,0.281
QQQ,f2d_bull_reversal,bb_lower,67,0.3034,0.2894
QQQ,f2d_bull_reversal,bb_width,67,0.05,0.0591
QQQ,f2d_bull_reversal,bb_pct,67,0.1934,0.1629
QQQ,f2d_bull_reversal,obv,67,0.3254,0.3311
QQQ,f2d_bull_reversal,rvol,67,0.177,0.0229
QQQ,f2d_bull_reversal,rvol_10,67,0.2209,0.0907
QQQ,f2d_bull_reversal,vwap,67,0.3112,0.2779
QQQ,f2d_bull_reversal,price_vs_vwap,67,0.0501,0.1216
QQQ,f2d_bull_reversal,price_vs_ema9,67,0.1385,0.2166
QQQ,f2d_bull_reversal,price_vs_ema20,67,0.1168,0.2177
QQQ,f2d_bull_reversal,consecutive_up,67,-0.1078,-0.0557
QQQ,f2d_bull_reversal,consecutive_down,67,0.1078,0.0557
QQQ,f2d_bull_reversal,intraday_return,67,0.2557,0.2677
QQQ,f2d_bull_reversal,high_low_spread_pct,67,0.0885,0.0893
QQQ,f2d_bull_reversal,vix_close,67,-0.2968,-0.2148
QQQ,f2d_bull_reversal,total_gex,67,0.2606,0.2919
QQQ,f2d_bull_reversal,total_vex,67,-0.2374,-0.2938
QQQ,f2d_bull_reversal,flip_price,30,0.1388,0.0904
QQQ,f2d_bull_reversal,distance_to_king_pct,67,-0.2159,-0.0978
QQQ,f2d_bull_reversal,distance_to_gate_pct,66,-0.1432,-0.134
QQQ,f2u_bear_reversal,rsi_9,66,0.2347,0.2283
QQQ,f2u_bear_reversal,rsi_14,66,0.2062,0.2056
QQQ,f2u_bear_reversal,stoch_rsi_k,66,0.1617,0.1466
QQQ,f2u_bear_reversal,stoch_rsi_d,66,0.2037,0.1676
QQQ,f2u_bear_reversal,ema_9,66,-0.0309,0.0954
QQQ,f2u_bear_reversal,ema_20,66,-0.0336,0.0811
QQQ,f2u_bear_reversal,ema_50,66,-0.035,0.0637
QQQ,f2u_bear_reversal,sma_50,66,-0.0362,0.053
QQQ,f2u_bear_reversal,sma_200,62,-0.043,0.0943
QQQ,f2u_bear_reversal,macd,66,0.0859,0.1075
QQQ,f2u_bear_reversal,macd_signal,66,0.0365,0.053
QQQ,f2u_bear_reversal,macd_histogram,66,0.1505,0.2534
QQQ,f2u_bear_reversal,atr_14,66,-0.1384,-0.0394
QQQ,f2u_bear_reversal,bb_upper,66,-0.0421,0.0569
QQQ,f2u_bear_reversal,bb_lower,66,-0.0302,0.0878
QQQ,f2u_bear_reversal,bb_width,66,-0.1377,-0.0798
QQQ,f2u_bear_reversal,bb_pct,66,0.2717,0.2717
QQQ,f2u_bear_reversal,obv,66,-0.0151,0.1575
QQQ,f2u_bear_reversal,rvol,66,0.3298,0.2883
QQQ,f2u_bear_reversal,rvol_10,66,0.297,0.2892
QQQ,f2u_bear_reversal,vwap,66,-0.0344,0.0783
QQQ,f2u_bear_reversal,price_vs_vwap,66,0.1617,0.103
QQQ,f2u_bear_reversal,price_vs_ema9,66,0.1473,0.2205
QQQ,f2u_bear_reversal,price_vs_ema20,66,0.1593,0.2162
QQQ,f2u_bear_reversal,consecutive_up,66,0.1218,0.1697
QQQ,f2u_bear_reversal,consecutive_down,66,-0.1218,-0.1697
QQQ,f2u_bear_reversal,intraday_return,66,0.0386,0.1238
QQQ,f2u_bear_reversal,high_low_spread_pct,66,0.177,0.1608
QQQ,f2u_bear_reversal,vix_close,66,-0.1275,-0.1649
QQQ,f2u_bear_reversal,total_gex,66,0.1611,0.1181
QQQ,f2u_bear_reversal,total_vex,66,0.0832,0.0444
QQQ,f2u_bear_reversal,distance_to_king_pct,66,-0.0897,-0.0557
QQQ,f2u_bear_reversal,distance_to_gate_pct,65,0.1466,0.1942
QQQ,none,rsi_9,1613,0.0053,0.0206
QQQ,none,rsi_14,1613,0.0134,0.0314
QQQ,none,stoch_rsi_k,1612,0.0105,0.0021
QQQ,none,stoch_rsi_d,1612,0.0144,0.0089
QQQ,none,ema_9,1611,0.0159,0.0113
QQQ,none,ema_20,1608,0.0155,0.0107
QQQ,none,ema_50,1603,0.0151,0.0096
QQQ,none,sma_50,1603,0.0144,0.0089
QQQ,none,sma_200,1573,0.0181,0.0164
QQQ,none,macd,1607,0.0204,0.0535
QQQ,none,macd_signal,1606,0.0154,0.0475
QQQ,none,macd_histogram,1606,0.0215,0.0274
QQQ,none,atr_14,1613,0.075,0.0646
QQQ,none,bb_upper,1608,0.0167,0.0116
QQQ,none,bb_lower,1608,0.0139,0.0101
QQQ,none,bb_width,1608,0.0255,0.0452
QQQ,none,bb_pct,1608,0.0188,0.0283
QQQ,none,obv,1613,0.028,0.032
QQQ,none,rvol,1613,0.0712,0.0078
QQQ,none,rvol_10,1613,0.0671,0.0226
QQQ,none,vwap,1613,0.0147,0.0105
QQQ,none,price_vs_vwap,1613,0.0199,0.0282
QQQ,none,price_vs_ema9,1611,0.0058,0.0252
QQQ,none,price_vs_ema20,1608,0.0146,0.0466
QQQ,none,consecutive_up,1613,-0.0166,0.0136
QQQ,none,consecutive_down,1613,0.0243,-0.0019
QQQ,none,intraday_return,1613,-0.0399,-0.0324
QQQ,none,high_low_spread_pct,1613,0.0579,0.0681
QQQ,none,vix_close,1613,-0.0189,-0.0175
QQQ,none,total_gex,1613,0.0083,0.0413
QQQ,none,total_vex,1613,-0.0459,-0.084
QQQ,none,flip_price,694,-0.0087,-0.0592
QQQ,none,distance_to_king_pct,1613,-0.0897,-0.0882
QQQ,none,distance_to_gate_pct,1596,-0.0114,-0.0078
SPY,111_inside_compression,rsi_9,128,-0.095,-0.0838
SPY,111_inside_compression,rsi_14,128,-0.1399,-0.1371
SPY,111_inside_compression,stoch_rsi_k,128,0.0128,0.0835
SPY,111_inside_compression,stoch_rsi_d,128,0.0211,0.0786
SPY,111_inside_compression,ema_9,128,0.0078,-0.088
SPY,111_inside_compression,ema_20,128,0.008,-0.0882
SPY,111_inside_compression,ema_50,128,0.0087,-0.0886
SPY,111_inside_compression,sma_50,128,0.0085,-0.0853
SPY,111_inside_compression,sma_200,128,0.0132,-0.0831
SPY,111_inside_compression,macd,128,-0.1206,-0.1451
SPY,111_inside_compression,macd_signal,128,-0.134,-0.1514
SPY,111_inside_compression,macd_histogram,128,0.0135,0.0852
SPY,111_inside_compression,atr_14,128,0.3205,-0.0352
SPY,111_inside_compression,bb_upper,128,0.0098,-0.0861
SPY,111_inside_compression,bb_lower,128,0.0064,-0.0907
SPY,111_inside_compression,bb_width,128,0.3186,0.0787
SPY,111_inside_compression,bb_pct,128,-0.0466,-0.0553
SPY,111_inside_compression,obv,128,0.028,-0.0932
SPY,111_inside_compression,rvol,128,-0.0133,0.0768
SPY,111_inside_compression,rvol_10,128,-0.0232,0.0844
SPY,111_inside_compression,vwap,128,0.008,-0.0841
SPY,111_inside_compression,price_vs_vwap,128,-0.1202,-0.1219
SPY,111_inside_compression,price_vs_ema9,128,-0.084,0.0031
SPY,111_inside_compression,price_vs_ema20,128,-0.1442,-0.0777
SPY,111_inside_compression,consecutive_up,128,-0.1948,-0.1689
SPY,111_inside_compression,consecutive_down,128,0.1715,0.1416
SPY,111_inside_compression,intraday_return,128,-0.1636,-0.0894
SPY,111_inside_compression,high_low_spread_pct,128,0.3395,0.068
SPY,111_inside_compression,vix_close,128,0.1132,0.0008
SPY,111_inside_compression,total_gex,126,-0.2352,-0.0547
SPY,111_inside_compression,total_vex,126,-0.0255,0.0801
SPY,111_inside_compression,flip_price,105,-0.0479,-0.0465
SPY,111_inside_compression,distance_to_king_pct,126,0.0141,-0.0684
SPY,111_inside_compression,distance_to_gate_pct,122,0.0289,-0.0555
SPY,11_inside_compression,rsi_9,1990,0.0391,-0.0016
SPY,11_inside_compression,rsi_14,1990,0.0419,-0.0034
SPY,11_inside_compression,stoch_rsi_k,1990,0.0113,-0.0055
SPY,11_inside_compression,stoch_rsi_d,1990,0.0188,-0.0028
SPY,11_inside_compression,ema_9,1990,0.0084,0.0067
SPY,11_inside_compression,ema_20,1990,0.0082,0.0067
SPY,11_inside_compression,ema_50,1989,0.0087,0.0077
SPY,11_inside_compression,sma_50,1989,0.0086,0.0077
SPY,11_inside_compression,sma_200,1989,0.0088,0.0078
SPY,11_inside_compression,macd,1990,0.0699,0.0004
SPY,11_inside_compression,macd_signal,1990,0.0531,0.0006
SPY,11_inside_compression,macd_histogram,1990,0.0675,-0.0065
SPY,11_inside_compression,atr_14,1990,0.0087,0.0022
SPY,11_inside_compression,bb_upper,1990,0.0079,0.0066
SPY,11_inside_compression,bb_lower,1990,0.0083,0.0068
SPY,11_inside_compression,bb_width,1990,-0.0265,0.005
SPY,11_inside_compression,bb_pct,1990,0.0355,-0.0098
SPY,11_inside_compression,obv,1990,0.0146,0.0024
SPY,11_inside_compression,rvol,1990,0.0315,0.0373
SPY,11_inside_compression,rvol_10,1990,0.0337,0.0302
SPY,11_inside_compression,vwap,1990,0.0082,0.0067
SPY,11_inside_compression,price_vs_vwap,1990,0.0695,-0.0024
SPY,11_inside_compression,price_vs_ema9,1990,0.1075,0.0129
SPY,11_inside_compression,price_vs_ema20,1990,0.1074,0.0048
SPY,11_inside_compression,consecutive_up,1990,0.0182,0.0213
SPY,11_inside_compression,consecutive_down,1990,-0.0218,-0.0186
SPY,11_inside_compression,intraday_return,1990,0.0821,0.0523
SPY,11_inside_compression,high_low_spread_pct,1990,0.0206,0.015
SPY,11_inside_compression,vix_close,1990,-0.0431,-0.0165
SPY,11_inside_compression,total_gex,1979,0.0039,0.0018
SPY,11_inside_compression,total_vex,1979,-0.0075,-0.0083
SPY,11_inside_compression,flip_price,1413,0.0359,0.0123
SPY,11_inside_compression,distance_to_king_pct,1976,-0.0058,0.0084
SPY,11_inside_compression,distance_to_gate_pct,1926,0.0221,0.0245
SPY,132_bear_continuation,rsi_9,1593,-0.045,-0.0325
SPY,132_bear_continuation,rsi_14,1593,-0.0439,-0.0323
SPY,132_bear_continuation,stoch_rsi_k,1593,-0.014,-0.0325
SPY,132_bear_continuation,stoch_rsi_d,1593,-0.0144,-0.0302
SPY,132_bear_continuation,ema_9,1593,-0.0107,-0.0238
SPY,132_bear_continuation,ema_20,1593,-0.0107,-0.0238
SPY,132_bear_continuation,ema_50,1593,-0.0106,-0.0237
SPY,132_bear_continuation,sma_50,1593,-0.0105,-0.0236
SPY,132_bear_continuation,sma_200,1592,-0.0113,-0.0239
SPY,132_bear_continuation,macd,1593,-0.028,-0.0215
SPY,132_bear_continuation,macd_signal,1593,-0.0294,-0.0083
SPY,132_bear_continuation,macd_histogram,1593,0.0011,-0.0203
SPY,132_bear_continuation,atr_14,1593,-0.0349,-0.0061
SPY,132_bear_continuation,bb_upper,1593,-0.0106,-0.0232
SPY,132_bear_continuation,bb_lower,1593,-0.0107,-0.024
SPY,132_bear_continuation,bb_width,1593,0.0047,-0.0025
SPY,132_bear_continuation,bb_pct,1593,-0.0431,-0.0404
SPY,132_bear_continuation,obv,1593,-0.0159,-0.0368
SPY,132_bear_continuation,rvol,1593,-0.0019,-0.0121
SPY,132_bear_continuation,rvol_10,1593,0.0022,-0.0158
SPY,132_bear_continuation,vwap,1593,-0.0106,-0.0237
SPY,132_bear_continuation,price_vs_vwap,1593,-0.0208,-0.0085
SPY,132_bear_continuation,price_vs_ema9,1593,-0.0318,-0.0327
SPY,132_bear_continuation,price_vs_ema20,1593,-0.0226,-0.0269
SPY,132_bear_continuation,consecutive_up,1593,0.0069,0.0151
SPY,132_bear_continuation,consecutive_down,1593,-0.0099,-0.022
SPY,132_bear_continuation,intraday_return,1593,-0.1045,-0.0262
SPY,132_bear_continuation,high_low_spread_pct,1593,-0.0085,-0.0005
SPY,132_bear_continuation,vix_close,1593,-0.024,-0.0009
SPY,132_bear_continuation,total_gex,1591,-0.0227,-0.0172
SPY,132_bear_continuation,total_vex,1591,0.0161,0.0328
SPY,132_bear_continuation,flip_price,1023,0.0337,-0.0008
SPY,132_bear_continuation,distance_to_king_pct,1590,-0.0139,-0.0101
SPY,132_bear_continuation,distance_to_gate_pct,1557,0.0025,-0.0037
SPY,132_bull_continuation,rsi_9,1654,0.0061,0.0248
SPY,132_bull_continuation,rsi_14,1654,0.0092,0.0274
SPY,132_bull_continuation,stoch_rsi_k,1654,-0.0155,0.0269
SPY,132_bull_continuation,stoch_rsi_d,1654,-0.0195,0.0197
SPY,132_bull_continuation,ema_9,1654,0.0278,0.0463
SPY,132_bull_continuation,ema_20,1654,0.028,0.0462
SPY,132_bull_continuation,ema_50,1654,0.0285,0.0463
SPY,132_bull_continuation,sma_50,1654,0.0287,0.0464
SPY,132_bull_continuation,sma_200,1652,0.0277,0.0432
SPY,132_bull_continuation,macd,1654,-0.0778,0.0428
SPY,132_bull_continuation,macd_signal,1654,-0.0711,0.0355
SPY,132_bull_continuation,macd_histogram,1654,-0.0345,0.0235
SPY,132_bull_continuation,atr_14,1654,-0.0404,0.0272
SPY,132_bull_continuation,bb_upper,1654,0.0274,0.0463
SPY,132_bull_continuation,bb_lower,1654,0.0287,0.0463
SPY,132_bull_continuation,bb_width,1654,-0.0661,0.0161
SPY,132_bull_continuation,bb_pct,1654,0.0136,0.0231
SPY,132_bull_continuation,obv,1654,0.0279,0.051
SPY,132_bull_continuation,rvol,1654,0.0342,-0.004
SPY,132_bull_continuation,rvol_10,1654,0.0047,0.0037
SPY,132_bull_continuation,vwap,1654,0.0284,0.0461
SPY,132_bull_continuation,price_vs_vwap,1654,-0.0544,0.0628
SPY,132_bull_continuation,price_vs_ema9,1654,-0.0392,0.0305
SPY,132_bull_continuation,price_vs_ema20,1654,-0.0625,0.0371
SPY,132_bull_continuation,consecutive_up,1654,0.0133,0.0267
SPY,132_bull_continuation,consecutive_down,1654,-0.0123,-0.0266
SPY,132_bull_continuation,intraday_return,1654,0.05,0.006
SPY,132_bull_continuation,high_low_spread_pct,1654,0.0184,-0.0172
SPY,132_bull_continuation,vix_close,1654,-0.0193,-0.0089
SPY,132_bull_continuation,total_gex,1651,0.0015,-0.0083
SPY,132_bull_continuation,total_vex,1651,-0.0272,-0.0476
SPY,132_bull_continuation,flip_price,1054,0.0616,0.0651
SPY,132_bull_continuation,distance_to_king_pct,1651,-0.0005,0.0378
SPY,132_bull_continuation,distance_to_gate_pct,1607,0.0249,0.0567
SPY,212_bear_continuation,rsi_9,3643,-0.0266,-0.0365
SPY,212_bear_continuation,rsi_14,3643,-0.0319,-0.043
SPY,212_bear_continuation,stoch_rsi_k,3643,0.0042,0.0075
SPY,212_bear_continuation,stoch_rsi_d,3643,-0.0051,-0.0086
SPY,212_bear_continuation,ema_9,3643,-0.0068,-0.0151
SPY,212_bear_continuation,ema_20,3643,-0.0066,-0.0149
SPY,212_bear_continuation,ema_50,3643,-0.0064,-0.0146
SPY,212_bear_continuation,sma_50,3643,-0.0062,-0.0145
SPY,212_bear_continuation,sma_200,3641,-0.005,-0.0136
SPY,212_bear_continuation,macd,3643,-0.073,-0.0501
SPY,212_bear_continuation,macd_signal,3643,-0.0558,-0.0399
SPY,212_bear_continuation,macd_histogram,3643,-0.0712,-0.0226
SPY,212_bear_continuation,atr_14,3643,0.0817,0.0387
SPY,212_bear_continuation,bb_upper,3643,-0.0059,-0.0141
SPY,212_bear_continuation,bb_lower,3643,-0.0071,-0.0152
SPY,212_bear_continuation,bb_width,3643,0.0702,0.0351
SPY,212_bear_continuation,bb_pct,3643,-0.0284,-0.0244
SPY,212_bear_continuation,obv,3643,-0.0079,-0.0234
SPY,212_bear_continuation,rvol,3643,0.0148,-0.0013
SPY,212_bear_continuation,rvol_10,3643,-0.0077,0.003
SPY,212_bear_continuation,vwap,3643,-0.0068,-0.0151
SPY,212_bear_continuation,price_vs_vwap,3643,-0.0683,-0.0388
SPY,212_bear_continuation,price_vs_ema9,3643,-0.1108,-0.0528
SPY,212_bear_continuation,price_vs_ema20,3643,-0.111,-0.0521
SPY,212_bear_continuation,consecutive_up,3643,0.0289,0.0273
SPY,212_bear_continuation,consecutive_down,3643,-0.0258,-0.0232
SPY,212_bear_continuation,intraday_return,3643,-0.0704,-0.0404
SPY,212_bear_continuation,high_low_spread_pct,3643,0.0963,0.0405
SPY,212_bear_continuation,vix_close,3643,0.04,0.0162
SPY,212_bear_continuation,total_gex,3635,-0.04,-0.0267
SPY,212_bear_continuation,total_vex,3635,-0.0017,0.0076
SPY,212_bear_continuation,flip_price,2360,-0.0224,-0.0231
SPY,212_bear_continuation,distance_to_king_pct,3633,0.0044,-0.0072
SPY,212_bear_continuation,distance_to_gate_pct,3571,0.0007,-0.0045
SPY,212_bear_reversal,rsi_9,6415,0.0105,-0.0065
SPY,212_bear_reversal,rsi_14,6415,0.0043,-0.0084
SPY,212_bear_reversal,stoch_rsi_k,6415,0.0212,0.0046
SPY,212_bear_reversal,stoch_rsi_d,6415,0.0181,0.0049
SPY,212_bear_reversal,ema_9,6414,0.0012,-0.0118
SPY,212_bear_reversal,ema_20,6414,0.0012,-0.0118
SPY,212_bear_reversal,ema_50,6414,0.0014,-0.0118
SPY,212_bear_reversal,sma_50,6414,0.0013,-0.0118
SPY,212_bear_reversal,sma_200,6408,0.0016,-0.0125
SPY,212_bear_reversal,macd,6414,-0.0077,0.0
SPY,212_bear_reversal,macd_signal,6414,-0.0173,-0.0026
SPY,212_bear_reversal,macd_histogram,6414,0.0326,0.0088
SPY,212_bear_reversal,atr_14,6415,0.0003,0.0155
SPY,212_bear_reversal,bb_upper,6414,0.0012,-0.0118
SPY,212_bear_reversal,bb_lower,6414,0.0012,-0.0118
SPY,212_bear_reversal,bb_width,6414,0.0064,0.0085
SPY,212_bear_reversal,bb_pct,6414,0.0204,-0.0014
SPY,212_bear_reversal,obv,6415,0.0027,-0.0194
SPY,212_bear_reversal,rvol,6415,0.0141,0.0079
SPY,212_bear_reversal,rvol_10,6415,-0.0037,0.0086
SPY,212_bear_reversal,vwap,6415,0.001,-0.0124
SPY,212_bear_reversal,price_vs_vwap,6415,0.0265,0.0051
SPY,212_bear_reversal,price_vs_ema9,6414,0.0151,0.0047
SPY,212_bear_reversal,price_vs_ema20,6414,-0.0036,0.002
SPY,212_bear_reversal,consecutive_up,6415,0.0304,0.025
SPY,212_bear_reversal,consecutive_down,6415,-0.032,-0.0251
SPY,212_bear_reversal,intraday_return,6415,0.0538,0.0154
SPY,212_bear_reversal,high_low_spread_pct,6415,-0.0072,0.029
SPY,212_bear_reversal,vix_close,6415,-0.0185,-0.0017
SPY,212_bear_reversal,total_gex,6402,-0.0264,-0.0153
SPY,212_bear_reversal,total_vex,6402,0.0009,0.0121
SPY,212_bear_reversal,flip_price,4142,0.0117,0.0078
SPY,212_bear_reversal,distance_to_king_pct,6396,0.0033,-0.0071
SPY,212_bear_reversal,distance_to_gate_pct,6249,0.0002,-0.004
SPY,212_bull_continuation,rsi_9,4269,0.028,0.0103
SPY,212_bull_continuation,rsi_14,4269,0.0335,0.0195
SPY,212_bull_continuation,stoch_rsi_k,4269,-0.0014,-0.0253
SPY,212_bull_continuation,stoch_rsi_d,4269,-0.0012,-0.0166
SPY,212_bull_continuation,ema_9,4269,0.0184,0.014
SPY,212_bull_continuation,ema_20,4269,0.0182,0.0139
SPY,212_bull_continuation,ema_50,4268,0.0178,0.0135
SPY,212_bull_continuation,sma_50,4268,0.0177,0.0136
SPY,212_bull_continuation,sma_200,4267,0.015,0.0119
SPY,212_bull_continuation,macd,4269,0.0807,0.0331
SPY,212_bull_continuation,macd_signal,4268,0.0853,0.0302
SPY,212_bull_continuation,macd_histogram,4268,-0.0017,-0.0131
SPY,212_bull_continuation,atr_14,4269,-0.0685,-0.0062
SPY,212_bull_continuation,bb_upper,4269,0.0173,0.0136
SPY,212_bull_continuation,bb_lower,4269,0.0188,0.0142
SPY,212_bull_continuation,bb_width,4269,-0.0829,-0.0111
SPY,212_bull_continuation,bb_pct,4269,0.0317,0.0164
SPY,212_bull_continuation,obv,4269,0.0167,0.0136
SPY,212_bull_continuation,rvol,4269,0.0241,0.002
SPY,212_bull_continuation,rvol_10,4269,0.0015,0.0035
SPY,212_bull_continuation,vwap,4269,0.0182,0.0139
SPY,212_bull_continuation,price_vs_vwap,4269,-0.0092,0.0127
SPY,212_bull_continuation,price_vs_ema9,4269,-0.0565,-0.0046
SPY,212_bull_continuation,price_vs_ema20,4269,0.0011,0.0097
SPY,212_bull_continuation,consecutive_up,4269,0.017,-0.0017
SPY,212_bull_continuation,consecutive_down,4269,-0.0187,-0.0006
SPY,212_bull_continuation,intraday_return,4269,-0.1531,-0.018
SPY,212_bull_continuation,high_low_spread_pct,4269,-0.1714,-0.0104
SPY,212_bull_continuation,vix_close,4269,-0.0653,-0.0362
SPY,212_bull_continuation,total_gex,4257,0.0093,0.0116
SPY,212_bull_continuation,total_vex,4257,-0.0143,-0.0097
SPY,212_bull_continuation,flip_price,2773,-0.0063,-0.0054
SPY,212_bull_continuation,distance_to_king_pct,4251,0.0129,0.0119
SPY,212_bull_continuation,distance_to_gate_pct,4170,0.0252,0.0261
SPY,212_bull_reversal,rsi_9,6439,-0.0048,-0.0077
SPY,212_bull_reversal,rsi_14,6439,-0.0039,-0.0075
SPY,212_bull_reversal,stoch_rsi_k,6439,-0.0036,-0.0107
SPY,212_bull_reversal,stoch_rsi_d,6439,0.0004,-0.0076
SPY,212_bull_reversal,ema_9,6439,-0.003,0.0122
SPY,212_bull_reversal,ema_20,6438,-0.0031,0.0119
SPY,212_bull_reversal,ema_50,6438,-0.003,0.0118
SPY,212_bull_reversal,sma_50,6438,-0.0029,0.0119
SPY,212_bull_reversal,sma_200,6433,-0.0033,0.011
SPY,212_bull_reversal,macd,6438,-0.0189,0.0002
SPY,212_bull_reversal,macd_signal,6438,-0.0191,0.0024
SPY,212_bull_reversal,macd_histogram,6438,-0.0023,-0.0098
SPY,212_bull_reversal,atr_14,6439,-0.0064,0.0094
SPY,212_bull_reversal,bb_upper,6438,-0.0032,0.0119
SPY,212_bull_reversal,bb_lower,6438,-0.003,0.0121
SPY,212_bull_reversal,bb_width,6438,-0.0137,0.0066
SPY,212_bull_reversal,bb_pct,6438,-0.0051,-0.0147
SPY,212_bull_reversal,obv,6439,-0.001,0.0116
SPY,212_bull_reversal,rvol,6439,0.0037,0.0015
SPY,212_bull_reversal,rvol_10,6439,0.005,-0.0049
SPY,212_bull_reversal,vwap,6439,-0.0029,0.012
SPY,212_bull_reversal,price_vs_vwap,6439,-0.0074,0.0279
SPY,212_bull_reversal,price_vs_ema9,6439,-0.0401,0.0049
SPY,212_bull_reversal,price_vs_ema20,6438,-0.036,0.0007
SPY,212_bull_reversal,consecutive_up,6439,0.0015,0.01
SPY,212_bull_reversal,consecutive_down,6439,0.0094,0.0015
SPY,212_bull_reversal,intraday_return,6439,-0.0389,-0.0033
SPY,212_bull_reversal,high_low_spread_pct,6439,-0.0027,-0.001
SPY,212_bull_reversal,vix_close,6439,-0.018,-0.0168
SPY,212_bull_reversal,total_gex,6428,0.0063,0.0058
SPY,212_bull_reversal,total_vex,6428,0.0058,-0.0113
SPY,212_bull_reversal,flip_price,4198,0.0054,0.0095
SPY,212_bull_reversal,distance_to_king_pct,6425,-0.0143,0.0072
SPY,212_bull_reversal,distance_to_gate_pct,6288,-0.0008,0.0191
SPY,22_bear_continuation,rsi_9,30759,-0.0105,-0.0121
SPY,22_bear_continuation,rsi_14,30759,-0.0116,-0.011
SPY,22_bear_continuation,stoch_rsi_k,30759,0.0054,-0.0038
SPY,22_bear_continuation,stoch_rsi_d,30758,0.005,-0.0045
SPY,22_bear_continuation,ema_9,30758,-0.0034,-0.0021
SPY,22_bear_continuation,ema_20,30757,-0.0034,-0.0021
SPY,22_bear_continuation,ema_50,30755,-0.0032,-0.002
SPY,22_bear_continuation,sma_50,30755,-0.0031,-0.0019
SPY,22_bear_continuation,sma_200,30719,-0.0025,-0.0018
SPY,22_bear_continuation,macd,30756,-0.0304,-0.0012
SPY,22_bear_continuation,macd_signal,30755,-0.031,-0.0018
SPY,22_bear_continuation,macd_histogram,30755,-0.0045,-0.0031
SPY,22_bear_continuation,atr_14,30759,0.0296,0.0043
SPY,22_bear_continuation,bb_upper,30757,-0.0032,-0.002
SPY,22_bear_continuation,bb_lower,30757,-0.0036,-0.0021
SPY,22_bear_continuation,bb_width,30757,0.0215,0.0059
SPY,22_bear_continuation,bb_pct,30757,-0.0085,-0.0125
SPY,22_bear_continuation,obv,30759,0.0011,-0.0019
SPY,22_bear_continuation,rvol,30759,0.0232,0.024
SPY,22_bear_continuation,rvol_10,30759,-0.0074,0.0229
SPY,22_bear_continuation,vwap,30759,-0.0035,-0.002
SPY,22_bear_continuation,price_vs_vwap,30759,-0.0168,-0.0045
SPY,22_bear_continuation,price_vs_ema9,30758,-0.0402,-0.0098
SPY,22_bear_continuation,price_vs_ema20,30757,-0.0394,-0.008
SPY,22_bear_continuation,consecutive_up,30759,-0.0128,-0.0039
SPY,22_bear_continuation,consecutive_down,30759,0.0123,0.0042
SPY,22_bear_continuation,intraday_return,30759,-0.0377,-0.0208
SPY,22_bear_continuation,high_low_spread_pct,30759,0.045,0.0171
SPY,22_bear_continuation,vix_close,30759,0.0108,-0.0247
SPY,22_bear_continuation,total_gex,30699,0.002,0.0093
SPY,22_bear_continuation,total_vex,30699,-0.0019,-0.0009
SPY,22_bear_continuation,flip_price,18775,0.0057,0.0017
SPY,22_bear_continuation,distance_to_king_pct,30674,0.0025,0.0032
SPY,22_bear_continuation,distance_to_gate_pct,29908,0.001,0.0065
SPY,22_bear_reversal,rsi_9,22484,-0.0003,-0.0002
SPY,22_bear_reversal,rsi_14,22484,0.0025,0.0038
SPY,22_bear_reversal,stoch_rsi_k,22484,-0.0021,0.0034
SPY,22_bear_reversal,stoch_rsi_d,22484,-0.0004,0.0045
SPY,22_bear_reversal,ema_9,22484,-0.0005,0.0105
SPY,22_bear_reversal,ema_20,22484,-0.0005,0.0105
SPY,22_bear_reversal,ema_50,22480,-0.0006,0.0103
SPY,22_bear_reversal,sma_50,22480,-0.0006,0.0103
SPY,22_bear_reversal,sma_200,22464,-0.0012,0.0099
SPY,22_bear_reversal,macd,22484,-0.002,0.0125
SPY,22_bear_reversal,macd_signal,22482,0.0045,0.0119
SPY,22_bear_reversal,macd_histogram,22482,-0.0209,-0.0054
SPY,22_bear_reversal,atr_14,22484,0.0156,0.0215
SPY,22_bear_reversal,bb_upper,22484,-0.0004,0.0107
SPY,22_bear_reversal,bb_lower,22484,-0.0006,0.0105
SPY,22_bear_reversal,bb_width,22484,0.0104,0.02
SPY,22_bear_reversal,bb_pct,22484,-0.0094,-0.0045
SPY,22_bear_reversal,obv,22484,-0.0018,0.0088
SPY,22_bear_reversal,rvol,22484,0.0173,0.0163
SPY,22_bear_reversal,rvol_10,22484,-0.0015,0.0182
SPY,22_bear_reversal,vwap,22484,-0.0006,0.0104
SPY,22_bear_reversal,price_vs_vwap,22484,-0.0066,0.0118
SPY,22_bear_reversal,price_vs_ema9,22484,-0.0438,-0.0047
SPY,22_bear_reversal,price_vs_ema20,22484,-0.0329,0.0014
SPY,22_bear_reversal,consecutive_up,22484,-0.0059,-0.0065
SPY,22_bear_reversal,consecutive_down,22484,0.0074,0.0099
SPY,22_bear_reversal,intraday_return,22484,-0.0246,-0.0167
SPY,22_bear_reversal,high_low_spread_pct,22484,0.0053,0.0307
SPY,22_bear_reversal,vix_close,22484,-0.0068,-0.0125
SPY,22_bear_reversal,total_gex,22436,-0.0013,-0.008
SPY,22_bear_reversal,total_vex,22436,0.001,-0.0125
SPY,22_bear_reversal,flip_price,14031,-0.0083,0.0024
SPY,22_bear_reversal,distance_to_king_pct,22418,0.0088,0.0199
SPY,22_bear_reversal,distance_to_gate_pct,21885,0.0076,0.0193
SPY,22_bull_continuation,rsi_9,34829,-0.0004,0.002
SPY,22_bull_continuation,rsi_14,34829,0.0023,0.0074
SPY,22_bull_continuation,stoch_rsi_k,34829,-0.0074,-0.004
SPY,22_bull_continuation,stoch_rsi_d,34829,-0.0104,-0.0075
SPY,22_bull_continuation,ema_9,34829,0.0099,0.0105
SPY,22_bull_continuation,ema_20,34828,0.0099,0.0104
SPY,22_bull_continuation,ema_50,34822,0.01,0.0104
SPY,22_bull_continuation,sma_50,34822,0.01,0.0104
SPY,22_bull_continuation,sma_200,34788,0.01,0.0105
SPY,22_bull_continuation,macd,34828,-0.0172,0.0176
SPY,22_bull_continuation,macd_signal,34828,-0.0016,0.0192
SPY,22_bull_continuation,macd_histogram,34828,-0.0512,-0.0111
SPY,22_bull_continuation,atr_14,34829,-0.041,0.0174
SPY,22_bull_continuation,bb_upper,34828,0.0097,0.0104
SPY,22_bull_continuation,bb_lower,34828,0.0103,0.0105
SPY,22_bull_continuation,bb_width,34828,-0.0337,0.0108
SPY,22_bull_continuation,bb_pct,34828,-0.0037,0.0004
SPY,22_bull_continuation,obv,34829,0.0103,0.0099
SPY,22_bull_continuation,rvol,34829,-0.01,0.0107
SPY,22_bull_continuation,rvol_10,34829,-0.0011,0.0136
SPY,22_bull_continuation,vwap,34829,0.0099,0.0105
SPY,22_bull_continuation,price_vs_vwap,34829,-0.0627,0.0087
SPY,22_bull_continuation,price_vs_ema9,34829,-0.0831,0.0118
SPY,22_bull_continuation,price_vs_ema20,34828,-0.0717,0.014
SPY,22_bull_continuation,consecutive_up,34829,-0.005,-0.0016
SPY,22_bull_continuation,consecutive_down,34829,0.0025,0.0003
SPY,22_bull_continuation,intraday_return,34829,-0.0573,-0.0067
SPY,22_bull_continuation,high_low_spread_pct,34829,-0.0942,0.0113
SPY,22_bull_continuation,vix_close,34829,-0.0747,-0.0077
SPY,22_bull_continuation,total_gex,34774,-0.0073,-0.0249
SPY,22_bull_continuation,total_vex,34774,-0.011,-0.014
SPY,22_bull_continuation,flip_price,21722,-0.0088,-0.0004
SPY,22_bull_continuation,distance_to_king_pct,34752,-0.0018,0.0193
SPY,22_bull_continuation,distance_to_gate_pct,33932,0.0024,0.0237
SPY,22_bull_reversal,rsi_9,22509,0.0033,0.0055
SPY,22_bull_reversal,rsi_14,22509,0.0065,0.011
SPY,22_bull_reversal,stoch_rsi_k,22509,-0.0083,-0.0097
SPY,22_bull_reversal,stoch_rsi_d,22509,-0.0071,-0.009
SPY,22_bull_reversal,ema_9,22508,-0.0012,-0.0018
SPY,22_bull_reversal,ema_20,22508,-0.0012,-0.0018
SPY,22_bull_reversal,ema_50,22505,-0.0011,-0.002
SPY,22_bull_reversal,sma_50,22505,-0.0012,-0.002
SPY,22_bull_reversal,sma_200,22488,-0.001,-0.0022
SPY,22_bull_reversal,macd,22508,-0.0014,0.0212
SPY,22_bull_reversal,macd_signal,22507,0.0011,0.0222
SPY,22_bull_reversal,macd_histogram,22507,-0.008,-0.0121
SPY,22_bull_reversal,atr_14,22509,-0.0085,0.0044
SPY,22_bull_reversal,bb_upper,22508,-0.0012,-0.0018
SPY,22_bull_reversal,bb_lower,22508,-0.0011,-0.0017
SPY,22_bull_reversal,bb_width,22508,-0.0059,0.0013
SPY,22_bull_reversal,bb_pct,22508,-0.002,0.0
SPY,22_bull_reversal,obv,22509,-0.0019,-0.0051
SPY,22_bull_reversal,rvol,22509,0.013,0.0079
SPY,22_bull_reversal,rvol_10,22509,0.0021,0.0074
SPY,22_bull_reversal,vwap,22509,-0.0012,-0.0016
SPY,22_bull_reversal,price_vs_vwap,22509,-0.009,0.0069
SPY,22_bull_reversal,price_vs_ema9,22508,-0.0128,0.0012
SPY,22_bull_reversal,price_vs_ema20,22508,-0.0091,0.0126
SPY,22_bull_reversal,consecutive_up,22509,-0.0009,0.0008
SPY,22_bull_reversal,consecutive_down,22509,0.0,-0.0004
SPY,22_bull_reversal,intraday_return,22509,-0.0251,0.0065
SPY,22_bull_reversal,high_low_spread_pct,22509,-0.0113,0.0095
SPY,22_bull_reversal,vix_close,22509,-0.021,-0.0187
SPY,22_bull_reversal,total_gex,22466,-0.0062,-0.01
SPY,22_bull_reversal,total_vex,22466,0.0011,0.0009
SPY,22_bull_reversal,flip_price,13992,-0.0033,-0.0022
SPY,22_bull_reversal,distance_to_king_pct,22444,0.0041,0.0137
SPY,22_bull_reversal,distance_to_gate_pct,21895,0.0019,0.012
SPY,312_bear_reversal,rsi_9,1368,0.0359,0.0302
SPY,312_bear_reversal,rsi_14,1368,0.0406,0.0403
SPY,312_bear_reversal,stoch_rsi_k,1368,-0.0074,-0.0257
SPY,312_bear_reversal,stoch_rsi_d,1368,-0.0117,-0.0248
SPY,312_bear_reversal,ema_9,1368,0.0037,0.0038
SPY,312_bear_reversal,ema_20,1368,0.0036,0.0037
SPY,312_bear_reversal,ema_50,1368,0.0034,0.0026
SPY,312_bear_reversal,sma_50,1368,0.0033,0.0027
SPY,312_bear_reversal,sma_200,1367,0.003,0.0005
SPY,312_bear_reversal,macd,1368,0.0328,0.0343
SPY,312_bear_reversal,macd_signal,1368,0.0306,0.0431
SPY,312_bear_reversal,macd_histogram,1368,0.011,-0.0337
SPY,312_bear_reversal,atr_14,1368,0.088,0.0225
SPY,312_bear_reversal,bb_upper,1368,0.0034,0.0034
SPY,312_bear_reversal,bb_lower,1368,0.0037,0.0038
SPY,312_bear_reversal,bb_width,1368,-0.0152,0.015
SPY,312_bear_reversal,bb_pct,1368,0.0301,0.0265
SPY,312_bear_reversal,obv,1368,0.0074,-0.0007
SPY,312_bear_reversal,rvol,1368,0.0131,0.0151
SPY,312_bear_reversal,rvol_10,1368,-0.0019,0.0104
SPY,312_bear_reversal,vwap,1368,0.0036,0.0038
SPY,312_bear_reversal,price_vs_vwap,1368,0.0271,0.0492
SPY,312_bear_reversal,price_vs_ema9,1368,0.0581,-0.0029
SPY,312_bear_reversal,price_vs_ema20,1368,0.062,0.0265
SPY,312_bear_reversal,consecutive_up,1368,0.0242,-0.0013
SPY,312_bear_reversal,consecutive_down,1368,-0.0236,0.0042
SPY,312_bear_reversal,intraday_return,1368,0.0278,0.022
SPY,312_bear_reversal,high_low_spread_pct,1368,0.0532,0.0154
SPY,312_bear_reversal,vix_close,1368,0.044,0.0108
SPY,312_bear_reversal,total_gex,1363,-0.0291,-0.0302
SPY,312_bear_reversal,total_vex,1363,-0.009,-0.0033
SPY,312_bear_reversal,flip_price,864,-0.0716,-0.0541
SPY,312_bear_reversal,distance_to_king_pct,1361,0.0518,0.0476
SPY,312_bear_reversal,distance_to_gate_pct,1317,0.0569,0.0495
SPY,312_bull_reversal,rsi_9,2200,0.02,0.0226
SPY,312_bull_reversal,rsi_14,2200,0.0243,0.0239
SPY,312_bull_reversal,stoch_rsi_k,2200,0.0047,0.0135
SPY,312_bull_reversal,stoch_rsi_d,2200,-0.0028,0.0101
SPY,312_bull_reversal,ema_9,2200,-0.0026,-0.0007
SPY,312_bull_reversal,ema_20,2200,-0.0027,-0.0009
SPY,312_bull_reversal,ema_50,2200,-0.0029,-0.001
SPY,312_bull_reversal,sma_50,2200,-0.0029,-0.0009
SPY,312_bull_reversal,sma_200,2197,-0.0034,-0.0023
SPY,312_bull_reversal,macd,2200,0.0249,0.0288
SPY,312_bull_reversal,macd_signal,2200,0.0334,0.0182
SPY,312_bull_reversal,macd_histogram,2200,-0.0257,0.0275
SPY,312_bull_reversal,atr_14,2200,-0.0606,0.0258
SPY,312_bull_reversal,bb_upper,2200,-0.0028,-0.0007
SPY,312_bull_reversal,bb_lower,2200,-0.0024,-0.0008
SPY,312_bull_reversal,bb_width,2200,-0.0259,0.019
SPY,312_bull_reversal,bb_pct,2200,0.0032,0.0163
SPY,312_bull_reversal,obv,2200,-0.0107,-0.0109
SPY,312_bull_reversal,rvol,2200,0.0218,-0.0072
SPY,312_bull_reversal,rvol_10,2200,0.0332,-0.0053
SPY,312_bull_reversal,vwap,2200,-0.0026,-0.0006
SPY,312_bull_reversal,price_vs_vwap,2200,-0.0453,0.043
SPY,312_bull_reversal,price_vs_ema9,2200,-0.0502,0.0328
SPY,312_bull_reversal,price_vs_ema20,2200,-0.0149,0.0413
SPY,312_bull_reversal,consecutive_up,2200,-0.0282,-0.038
SPY,312_bull_reversal,consecutive_down,2200,0.0247,0.0369
SPY,312_bull_reversal,intraday_return,2200,-0.1176,-0.0282
SPY,312_bull_reversal,high_low_spread_pct,2200,-0.1276,0.0373
SPY,312_bull_reversal,vix_close,2200,-0.054,0.0125
SPY,312_bull_reversal,total_gex,2191,-0.0303,-0.0558
SPY,312_bull_reversal,total_vex,2191,-0.0001,-0.0073
SPY,312_bull_reversal,flip_price,1365,-0.0391,-0.0349
SPY,312_bull_reversal,distance_to_king_pct,2189,-0.0302,0.0005
SPY,312_bull_reversal,distance_to_gate_pct,2136,-0.0046,0.0165
SPY,322_bear_continuation,rsi_9,3016,0.001,0.013
SPY,322_bear_continuation,rsi_14,3016,-0.0012,0.0112
SPY,322_bear_continuation,stoch_rsi_k,3016,0.0167,0.0066
SPY,322_bear_continuation,stoch_rsi_d,3016,0.012,0.0045
SPY,322_bear_continuation,ema_9,3016,-0.0411,-0.0554
SPY,322_bear_continuation,ema_20,3014,-0.0414,-0.0558
SPY,322_bear_continuation,ema_50,3013,-0.0413,-0.0559
SPY,322_bear_continuation,sma_50,3013,-0.0412,-0.0557
SPY,322_bear_continuation,sma_200,3012,-0.0424,-0.0572
SPY,322_bear_continuation,macd,3014,-0.008,0.0074
SPY,322_bear_continuation,macd_signal,3014,-0.0146,0.0019
SPY,322_bear_continuation,macd_histogram,3014,0.0214,-0.0002
SPY,322_bear_continuation,atr_14,3016,-0.0429,-0.0157
SPY,322_bear_continuation,bb_upper,3014,-0.0415,-0.0554
SPY,322_bear_continuation,bb_lower,3014,-0.0411,-0.0559
SPY,322_bear_continuation,bb_width,3014,-0.0407,-0.0106
SPY,322_bear_continuation,bb_pct,3014,0.0064,0.0088
SPY,322_bear_continuation,obv,3016,-0.04,-0.0594
SPY,322_bear_continuation,rvol,3016,0.0043,0.027
SPY,322_bear_continuation,rvol_10,3016,-0.02,0.0296
SPY,322_bear_continuation,vwap,3016,-0.0411,-0.0554
SPY,322_bear_continuation,price_vs_vwap,3016,-0.0056,0.0046
SPY,322_bear_continuation,price_vs_ema9,3016,0.0176,0.0098
SPY,322_bear_continuation,price_vs_ema20,3014,0.0087,0.009
SPY,322_bear_continuation,consecutive_up,3016,-0.0138,0.012
SPY,322_bear_continuation,consecutive_down,3016,0.0071,-0.021
SPY,322_bear_continuation,intraday_return,3016,-0.03,-0.0051
SPY,322_bear_continuation,high_low_spread_pct,3016,0.009,0.0347
SPY,322_bear_continuation,vix_close,3016,-0.0358,-0.0194
SPY,322_bear_continuation,total_gex,3011,0.0162,0.0119
SPY,322_bear_continuation,total_vex,3011,0.0336,0.0533
SPY,322_bear_continuation,flip_price,1806,-0.0418,-0.0376
SPY,322_bear_continuation,distance_to_king_pct,3010,-0.0146,-0.025
SPY,322_bear_continuation,distance_to_gate_pct,2946,-0.021,-0.0355
SPY,322_bull_continuation,rsi_9,3366,0.0038,0.0102
SPY,322_bull_continuation,rsi_14,3366,0.0125,0.0172
SPY,322_bull_continuation,stoch_rsi_k,3366,-0.0032,0.0108
SPY,322_bull_continuation,stoch_rsi_d,3366,-0.0068,0.0057
SPY,322_bull_continuation,ema_9,3366,-0.0151,0.0024
SPY,322_bull_continuation,ema_20,3366,-0.0151,0.0023
SPY,322_bull_continuation,ema_50,3365,-0.0153,0.0022
SPY,322_bull_continuation,sma_50,3365,-0.0153,0.0022
SPY,322_bull_continuation,sma_200,3364,-0.0154,0.0014
SPY,322_bull_continuation,macd,3365,0.0131,0.0289
SPY,322_bull_continuation,macd_signal,3365,0.017,0.0362
SPY,322_bull_continuation,macd_histogram,3365,-0.0114,0.0041
SPY,322_bull_continuation,atr_14,3366,-0.0074,0.005
SPY,322_bull_continuation,bb_upper,3366,-0.0155,0.0023
SPY,322_bull_continuation,bb_lower,3366,-0.0147,0.0026
SPY,322_bull_continuation,bb_width,3366,-0.0447,-0.0121
SPY,322_bull_continuation,bb_pct,3366,0.0041,0.0125
SPY,322_bull_continuation,obv,3366,-0.0124,0.0027
SPY,322_bull_continuation,rvol,3366,0.0554,0.0037
SPY,322_bull_continuation,rvol_10,3366,-0.032,0.0051
SPY,322_bull_continuation,vwap,3366,-0.0151,0.0024
SPY,322_bull_continuation,price_vs_vwap,3366,-0.0012,0.0043
SPY,322_bull_continuation,price_vs_ema9,3366,-0.0174,0.0165
SPY,322_bull_continuation,price_vs_ema20,3366,-0.0146,0.0224
SPY,322_bull_continuation,consecutive_up,3366,-0.0028,-0.0085
SPY,322_bull_continuation,consecutive_down,3366,-0.0022,0.0019
SPY,322_bull_continuation,intraday_return,3366,-0.0969,-0.0118
SPY,322_bull_continuation,high_low_spread_pct,3366,0.0301,-0.0018
SPY,322_bull_continuation,vix_close,3366,0.0146,-0.0229
SPY,322_bull_continuation,total_gex,3353,-0.0173,-0.0133
SPY,322_bull_continuation,total_vex,3353,0.0158,-0.0031
SPY,322_bull_continuation,flip_price,2066,-0.0359,-0.0033
SPY,322_bull_continuation,distance_to_king_pct,3350,0.0016,0.0164
SPY,322_bull_continuation,distance_to_gate_pct,3251,-0.0021,0.0144
SPY,32_bear_reversal,rsi_9,815,-0.0404,-0.0642
SPY,32_bear_reversal,rsi_14,815,-0.0483,-0.0609
SPY,32_bear_reversal,stoch_rsi_k,815,0.0111,-0.0457
SPY,32_bear_reversal,stoch_rsi_d,815,0.0008,-0.0543
SPY,32_bear_reversal,ema_9,815,-0.0161,-0.0248
SPY,32_bear_reversal,ema_20,815,-0.0159,-0.0247
SPY,32_bear_reversal,ema_50,815,-0.0153,-0.0242
SPY,32_bear_reversal,sma_50,815,-0.015,-0.0239
SPY,32_bear_reversal,sma_200,815,-0.0146,-0.0244
SPY,32_bear_reversal,macd,815,-0.1011,-0.043
SPY,32_bear_reversal,macd_signal,815,-0.1183,-0.0254
SPY,32_bear_reversal,macd_histogram,815,0.0423,-0.0298
SPY,32_bear_reversal,atr_14,815,0.1543,0.0067
SPY,32_bear_reversal,bb_upper,815,-0.0147,-0.0242
SPY,32_bear_reversal,bb_lower,815,-0.0173,-0.0248
SPY,32_bear_reversal,bb_width,815,0.1419,0.0107
SPY,32_bear_reversal,bb_pct,815,-0.0304,-0.0564
SPY,32_bear_reversal,obv,815,-0.0053,-0.0062
SPY,32_bear_reversal,rvol,815,0.1052,0.0672
SPY,32_bear_reversal,rvol_10,815,0.0942,0.0752
SPY,32_bear_reversal,vwap,815,-0.0161,-0.0247
SPY,32_bear_reversal,price_vs_vwap,815,-0.0832,-0.0037
SPY,32_bear_reversal,price_vs_ema9,815,-0.0963,-0.0593
SPY,32_bear_reversal,price_vs_ema20,815,-0.101,-0.0737
SPY,32_bear_reversal,consecutive_up,815,-0.0241,-0.0229
SPY,32_bear_reversal,consecutive_down,815,0.0236,0.0209
SPY,32_bear_reversal,intraday_return,815,-0.0562,0.0121
SPY,32_bear_reversal,high_low_spread_pct,815,0.0669,0.0248
SPY,32_bear_reversal,vix_close,815,0.0873,0.0246
SPY,32_bear_reversal,total_gex,813,-0.0293,-0.0326
SPY,32_bear_reversal,total_vex,813,0.0082,0.0241
SPY,32_bear_reversal,flip_price,493,-0.0411,-0.0474
SPY,32_bear_reversal,distance_to_king_pct,813,0.0014,0.0072
SPY,32_bear_reversal,distance_to_gate_pct,797,0.0066,0.0189
SPY,32_bull_reversal,rsi_9,947,0.0085,-0.0026
SPY,32_bull_reversal,rsi_14,947,0.0087,0.0011
SPY,32_bull_reversal,stoch_rsi_k,947,-0.002,0.0159
SPY,32_bull_reversal,stoch_rsi_d,947,-0.005,0.0081
SPY,32_bull_reversal,ema_9,947,0.0016,0.0165
SPY,32_bull_reversal,ema_20,947,0.0017,0.0167
SPY,32_bull_reversal,ema_50,947,0.0018,0.0164
SPY,32_bull_reversal,sma_50,947,0.0019,0.0167
SPY,32_bull_reversal,sma_200,947,0.0012,0.0155
SPY,32_bull_reversal,macd,947,-0.0365,0.0276
SPY,32_bull_reversal,macd_signal,947,-0.0251,0.0177
SPY,32_bull_reversal,macd_histogram,947,-0.0446,0.0002
SPY,32_bull_reversal,atr_14,947,-0.113,0.0092
SPY,32_bull_reversal,bb_upper,947,0.0012,0.016
SPY,32_bull_reversal,bb_lower,947,0.0023,0.0171
SPY,32_bull_reversal,bb_width,947,-0.0684,-0.0064
SPY,32_bull_reversal,bb_pct,947,-0.0009,-0.009
SPY,32_bull_reversal,obv,947,0.0047,0.0189
SPY,32_bull_reversal,rvol,947,-0.0379,-0.0024
SPY,32_bull_reversal,rvol_10,947,-0.0411,-0.0051
SPY,32_bull_reversal,vwap,947,0.0016,0.016
SPY,32_bull_reversal,price_vs_vwap,947,-0.0474,0.0357
SPY,32_bull_reversal,price_vs_ema9,947,-0.1007,0.0073
SPY,32_bull_reversal,price_vs_ema20,947,-0.0842,0.007
SPY,32_bull_reversal,consecutive_up,947,0.0225,-0.0047
SPY,32_bull_reversal,consecutive_down,947,-0.0257,0.0051
SPY,32_bull_reversal,intraday_return,947,-0.0862,0.0172
SPY,32_bull_reversal,high_low_spread_pct,947,-0.1727,-0.023
SPY,32_bull_reversal,vix_close,947,-0.1617,-0.0606
SPY,32_bull_reversal,total_gex,939,0.0338,0.0346
SPY,32_bull_reversal,total_vex,939,0.0006,-0.0029
SPY,32_bull_reversal,flip_price,580,0.0125,0.0391
SPY,32_bull_reversal,distance_to_king_pct,939,-0.0009,0.022
SPY,32_bull_reversal,distance_to_gate_pct,914,-0.0366,-0.0087
SPY,clean_2d_bear,rsi_9,3564,0.0349,0.0209
SPY,clean_2d_bear,rsi_14,3564,0.0335,0.0235
SPY,clean_2d_bear,stoch_rsi_k,3564,0.0189,0.0058
SPY,clean_2d_bear,stoch_rsi_d,3563,0.0192,0.0095
SPY,clean_2d_bear,ema_9,3563,-0.0139,-0.0138
SPY,clean_2d_bear,ema_20,3561,-0.0143,-0.0147
SPY,clean_2d_bear,ema_50,3560,-0.0144,-0.0147
SPY,clean_2d_bear,sma_50,3560,-0.0144,-0.0148
SPY,clean_2d_bear,sma_200,3558,-0.0145,-0.0148
SPY,clean_2d_bear,macd,3561,0.0297,0.0212
SPY,clean_2d_bear,macd_signal,3561,0.0219,0.0099
SPY,clean_2d_bear,macd_histogram,3561,0.0331,0.0076
SPY,clean_2d_bear,atr_14,3564,-0.025,-0.0203
SPY,clean_2d_bear,bb_upper,3561,-0.0143,-0.0147
SPY,clean_2d_bear,bb_lower,3561,-0.0144,-0.0146
SPY,clean_2d_bear,bb_width,3561,-0.0024,-0.0237
SPY,clean_2d_bear,bb_pct,3561,0.0336,0.0107
SPY,clean_2d_bear,obv,3564,-0.0118,-0.0092
SPY,clean_2d_bear,rvol,3564,0.0214,0.0406
SPY,clean_2d_bear,rvol_10,3564,-0.0167,0.0402
SPY,clean_2d_bear,vwap,3564,-0.0138,-0.0138
SPY,clean_2d_bear,price_vs_vwap,3564,0.0098,0.013
SPY,clean_2d_bear,price_vs_ema9,3563,0.0671,0.0208
SPY,clean_2d_bear,price_vs_ema20,3561,0.0656,0.0237
SPY,clean_2d_bear,consecutive_up,3564,-0.0048,-0.0064
SPY,clean_2d_bear,consecutive_down,3564,0.0022,0.0007
SPY,clean_2d_bear,intraday_return,3564,0.0399,0.0247
SPY,clean_2d_bear,high_low_spread_pct,3564,-0.007,0.0018
SPY,clean_2d_bear,vix_close,3564,-0.0344,-0.0494
SPY,clean_2d_bear,total_gex,3552,0.0051,0.0178
SPY,clean_2d_bear,total_vex,3552,0.0059,0.0097
SPY,clean_2d_bear,flip_price,2185,-0.0116,0.0208
SPY,clean_2d_bear,distance_to_king_pct,3551,-0.0008,-0.0031
SPY,clean_2d_bear,distance_to_gate_pct,3466,-0.0121,-0.0147
SPY,clean_2u_bull,rsi_9,3700,0.0318,0.0224
SPY,clean_2u_bull,rsi_14,3700,0.0275,0.018
SPY,clean_2u_bull,stoch_rsi_k,3700,0.0318,0.0374
SPY,clean_2u_bull,stoch_rsi_d,3700,0.0303,0.0366
SPY,clean_2u_bull,ema_9,3700,-0.0166,-0.0063
SPY,clean_2u_bull,ema_20,3699,-0.0173,-0.0072
SPY,clean_2u_bull,ema_50,3698,-0.0172,-0.0068
SPY,clean_2u_bull,sma_50,3698,-0.0174,-0.0069
SPY,clean_2u_bull,sma_200,3698,-0.0162,-0.0065
SPY,clean_2u_bull,macd,3698,0.0251,0.0152
SPY,clean_2u_bull,macd_signal,3698,0.0199,0.0046
SPY,clean_2u_bull,macd_histogram,3698,0.0208,0.0407
SPY,clean_2u_bull,atr_14,3700,0.0479,0.0241
SPY,clean_2u_bull,bb_upper,3699,-0.0173,-0.0074
SPY,clean_2u_bull,bb_lower,3699,-0.0173,-0.0072
SPY,clean_2u_bull,bb_width,3699,-0.0,0.003
SPY,clean_2u_bull,bb_pct,3699,0.0366,0.031
SPY,clean_2u_bull,obv,3700,-0.0147,-0.0069
SPY,clean_2u_bull,rvol,3700,0.1052,0.033
SPY,clean_2u_bull,rvol_10,3700,0.0956,0.0288
SPY,clean_2u_bull,vwap,3700,-0.0169,-0.0064
SPY,clean_2u_bull,price_vs_vwap,3700,0.0434,-0.0011
SPY,clean_2u_bull,price_vs_ema9,3700,0.04,0.0531
SPY,clean_2u_bull,price_vs_ema20,3699,0.0344,0.0432
SPY,clean_2u_bull,consecutive_up,3700,-0.0074,-0.0034
SPY,clean_2u_bull,consecutive_down,3700,0.009,0.006
SPY,clean_2u_bull,intraday_return,3700,-0.0019,0.0132
SPY,clean_2u_bull,high_low_spread_pct,3700,0.0522,0.034
SPY,clean_2u_bull,vix_close,3700,0.0747,0.0071
SPY,clean_2u_bull,total_gex,3683,-0.0339,-0.0325
SPY,clean_2u_bull,total_vex,3683,0.0129,0.0007
SPY,clean_2u_bull,flip_price,2335,-0.0345,-0.0319
SPY,clean_2u_bull,distance_to_king_pct,3679,0.0189,0.0204
SPY,clean_2u_bull,distance_to_gate_pct,3581,0.0159,0.0167
SPY,f2d_bull_reversal,rsi_9,1498,0.0111,0.0032
SPY,f2d_bull_reversal,rsi_14,1498,0.0085,0.0031
SPY,f2d_bull_reversal,stoch_rsi_k,1498,0.0019,-0.0008
SPY,f2d_bull_reversal,stoch_rsi_d,1498,-0.0097,-0.0108
SPY,f2d_bull_reversal,ema_9,1498,-0.0482,-0.0511
SPY,f2d_bull_reversal,ema_20,1498,-0.0482,-0.0511
SPY,f2d_bull_reversal,ema_50,1498,-0.0483,-0.0512
SPY,f2d_bull_reversal,sma_50,1498,-0.0483,-0.0511
SPY,f2d_bull_reversal,sma_200,1498,-0.0481,-0.0512
SPY,f2d_bull_reversal,macd,1498,0.0179,0.0144
SPY,f2d_bull_reversal,macd_signal,1498,0.014,0.0066
SPY,f2d_bull_reversal,macd_histogram,1498,0.0162,-0.0182
SPY,f2d_bull_reversal,atr_14,1498,-0.0255,-0.0096
SPY,f2d_bull_reversal,bb_upper,1498,-0.0481,-0.0512
SPY,f2d_bull_reversal,bb_lower,1498,-0.0483,-0.0512
SPY,f2d_bull_reversal,bb_width,1498,-0.0051,0.0157
SPY,f2d_bull_reversal,bb_pct,1498,0.0069,0.0031
SPY,f2d_bull_reversal,obv,1498,-0.0481,-0.0661
SPY,f2d_bull_reversal,rvol,1498,0.0656,-0.0056
SPY,f2d_bull_reversal,rvol_10,1498,0.0205,0.0067
SPY,f2d_bull_reversal,vwap,1498,-0.0482,-0.0513
SPY,f2d_bull_reversal,price_vs_vwap,1498,-0.0069,0.0237
SPY,f2d_bull_reversal,price_vs_ema9,1498,0.0222,0.0015
SPY,f2d_bull_reversal,price_vs_ema20,1498,0.0093,-0.0006
SPY,f2d_bull_reversal,consecutive_up,1498,0.0064,0.001
SPY,f2d_bull_reversal,consecutive_down,1498,-0.0092,-0.0025
SPY,f2d_bull_reversal,intraday_return,1498,-0.0171,-0.0085
SPY,f2d_bull_reversal,high_low_spread_pct,1498,-0.0052,0.0228
SPY,f2d_bull_reversal,vix_close,1498,-0.0244,-0.0119
SPY,f2d_bull_reversal,total_gex,1495,-0.0034,-0.0102
SPY,f2d_bull_reversal,total_vex,1495,0.0468,0.0484
SPY,f2d_bull_reversal,flip_price,891,0.0019,-0.0315
SPY,f2d_bull_reversal,distance_to_king_pct,1494,-0.0486,-0.0347
SPY,f2d_bull_reversal,distance_to_gate_pct,1473,-0.0699,-0.0579
SPY,f2u_bear_reversal,rsi_9,1422,-0.0419,-0.056
SPY,f2u_bear_reversal,rsi_14,1422,-0.0451,-0.0566
SPY,f2u_bear_reversal,stoch_rsi_k,1422,-0.0224,-0.0094
SPY,f2u_bear_reversal,stoch_rsi_d,1422,-0.0356,-0.0186
SPY,f2u_bear_reversal,ema_9,1422,-0.0047,0.027
SPY,f2u_bear_reversal,ema_20,1422,-0.0043,0.0271
SPY,f2u_bear_reversal,ema_50,1420,-0.0027,0.0307
SPY,f2u_bear_reversal,sma_50,1420,-0.0026,0.0308
SPY,f2u_bear_reversal,sma_200,1420,-0.0017,0.03
SPY,f2u_bear_reversal,macd,1421,-0.0982,-0.0594
SPY,f2u_bear_reversal,macd_signal,1421,-0.0739,-0.054
SPY,f2u_bear_reversal,macd_histogram,1421,-0.102,-0.0241
SPY,f2u_bear_reversal,atr_14,1422,0.0991,0.0435
SPY,f2u_bear_reversal,bb_upper,1422,-0.0036,0.0272
SPY,f2u_bear_reversal,bb_lower,1422,-0.0046,0.0275
SPY,f2u_bear_reversal,bb_width,1422,0.0519,0.0269
SPY,f2u_bear_reversal,bb_pct,1422,-0.0442,-0.0555
SPY,f2u_bear_reversal,obv,1422,-0.0078,0.018
SPY,f2u_bear_reversal,rvol,1422,0.026,-0.0489
SPY,f2u_bear_reversal,rvol_10,1422,-0.0027,-0.0465
SPY,f2u_bear_reversal,vwap,1422,-0.0047,0.027
SPY,f2u_bear_reversal,price_vs_vwap,1422,-0.0297,-0.0508
SPY,f2u_bear_reversal,price_vs_ema9,1422,-0.0795,-0.0556
SPY,f2u_bear_reversal,price_vs_ema20,1422,-0.1216,-0.0721
SPY,f2u_bear_reversal,consecutive_up,1422,0.0301,0.0296
SPY,f2u_bear_reversal,consecutive_down,1422,-0.0226,-0.0159
SPY,f2u_bear_reversal,intraday_return,1422,-0.149,0.0006
SPY,f2u_bear_reversal,high_low_spread_pct,1422,0.1297,0.0229
SPY,f2u_bear_reversal,vix_close,1422,0.0525,-0.0171
SPY,f2u_bear_reversal,total_gex,1420,-0.0199,-0.022
SPY,f2u_bear_reversal,total_vex,1420,0.0158,-0.0119
SPY,f2u_bear_reversal,flip_price,861,0.0178,0.0357
SPY,f2u_bear_reversal,distance_to_king_pct,1419,-0.0251,0.0203
SPY,f2u_bear_reversal,distance_to_gate_pct,1393,0.0236,0.0355
SPY,none,rsi_9,40592,0.0061,0.0003
SPY,none,rsi_14,40592,0.0061,0.0023
SPY,none,stoch_rsi_k,40590,0.002,-0.0004
SPY,none,stoch_rsi_d,40590,0.0021,0.0007
SPY,none,ema_9,40588,-0.001,0.0012
SPY,none,ema_20,40585,-0.001,0.001
SPY,none,ema_50,40578,-0.001,0.001
SPY,none,sma_50,40578,-0.001,0.001
SPY,none,sma_200,40556,-0.001,0.0007
SPY,none,macd,40583,-0.002,0.0116
SPY,none,macd_signal,40580,-0.0008,0.0115
SPY,none,macd_histogram,40580,-0.0042,-0.0023
SPY,none,atr_14,40592,0.0239,0.02
SPY,none,bb_upper,40585,-0.0009,0.0012
SPY,none,bb_lower,40585,-0.0012,0.001
SPY,none,bb_width,40585,0.0143,0.0137
SPY,none,bb_pct,40585,0.0037,-0.0018
SPY,none,obv,40592,0.0008,-0.0021
SPY,none,rvol,40592,0.0148,0.0106
SPY,none,rvol_10,40592,-0.004,0.0105
SPY,none,vwap,40592,-0.001,0.0012
SPY,none,price_vs_vwap,40592,0.0089,0.016
SPY,none,price_vs_ema9,40588,-0.0117,0.0034
SPY,none,price_vs_ema20,40585,-0.0115,0.007
SPY,none,consecutive_up,40592,0.0048,0.0
SPY,none,consecutive_down,40592,-0.0038,0.0029
SPY,none,intraday_return,40592,0.0178,0.0009
SPY,none,high_low_spread_pct,40592,0.0327,0.0301
SPY,none,vix_close,40592,-0.0046,-0.0065
SPY,none,total_gex,40471,-0.0118,-0.0149
SPY,none,total_vex,40471,-0.0006,-0.0032
SPY,none,flip_price,25771,-0.0032,-0.0046
SPY,none,distance_to_king_pct,40438,0.0052,0.0134
SPY,none,distance_to_gate_pct,39525,0.0093,0.0194
