ticker,strat_combo,feature,n,pearson,spearman
IWM,11_inside_compression,rsi_9,250,0.048,0.0529
IWM,11_inside_compression,rsi_14,250,0.0262,0.0293
IWM,11_inside_compression,stoch_rsi_k,250,0.0782,0.092
IWM,11_inside_compression,stoch_rsi_d,250,0.0843,0.113
IWM,11_inside_compression,ema_9,250,-0.0718,-0.0645
IWM,11_inside_compression,ema_20,250,-0.0714,-0.0656
IWM,11_inside_compression,ema_50,250,-0.069,-0.0689
IWM,11_inside_compression,sma_50,250,-0.0679,-0.068
IWM,11_inside_compression,sma_200,249,-0.0641,-0.0523
IWM,11_inside_compression,macd,250,-0.0523,0.006
IWM,11_inside_compression,macd_signal,250,-0.0817,-0.0509
IWM,11_inside_compression,macd_histogram,250,0.072,0.0784
IWM,11_inside_compression,atr_14,250,0.0589,0.0482
IWM,11_inside_compression,bb_upper,250,-0.0682,-0.0647
IWM,11_inside_compression,bb_lower,250,-0.0751,-0.07
IWM,11_inside_compression,bb_width,250,0.0528,0.0678
IWM,11_inside_compression,bb_pct,250,0.0234,0.0364
IWM,11_inside_compression,obv,250,-0.1003,-0.0617
IWM,11_inside_compression,rvol,250,0.0147,-0.0585
IWM,11_inside_compression,rvol_10,250,0.0158,-0.0554
IWM,11_inside_compression,vwap,250,-0.0713,-0.0652
IWM,11_inside_compression,price_vs_vwap,250,0.0621,0.0277
IWM,11_inside_compression,price_vs_ema9,250,0.0147,0.066
IWM,11_inside_compression,price_vs_ema20,250,-0.0128,0.0385
IWM,11_inside_compression,consecutive_up,250,0.0102,0.0216
IWM,11_inside_compression,consecutive_down,250,-0.0131,-0.0185
IWM,11_inside_compression,intraday_return,250,0.0233,-0.0291
IWM,11_inside_compression,high_low_spread_pct,250,0.0337,0.026
IWM,11_inside_compression,vix_close,250,0.0984,0.0833
IWM,11_inside_compression,total_gex,250,-0.0222,-0.0515
IWM,11_inside_compression,total_vex,250,0.0691,0.0266
IWM,11_inside_compression,flip_price,81,0.0221,-0.0441
IWM,11_inside_compression,distance_to_king_pct,250,0.0156,0.0299
IWM,11_inside_compression,distance_to_gate_pct,248,-0.0399,-0.0263
IWM,132_bear_continuation,rsi_9,117,-0.0353,-0.0243
IWM,132_bear_continuation,rsi_14,117,-0.0748,-0.0571
IWM,132_bear_continuation,stoch_rsi_k,117,0.0003,-0.034
IWM,132_bear_continuation,stoch_rsi_d,117,0.0001,-0.03
IWM,132_bear_continuation,ema_9,117,-0.2,-0.1677
IWM,132_bear_continuation,ema_20,117,-0.1982,-0.1626
IWM,132_bear_continuation,ema_50,117,-0.19,-0.1541
IWM,132_bear_continuation,sma_50,117,-0.1895,-0.1521
IWM,132_bear_continuation,sma_200,116,-0.1492,-0.115
IWM,132_bear_continuation,macd,117,-0.1381,-0.0704
IWM,132_bear_continuation,macd_signal,117,-0.1671,-0.0746
IWM,132_bear_continuation,macd_histogram,117,0.1101,0.0222
IWM,132_bear_continuation,atr_14,117,0.1057,0.0127
IWM,132_bear_continuation,bb_upper,117,-0.1956,-0.1579
IWM,132_bear_continuation,bb_lower,117,-0.2014,-0.1687
IWM,132_bear_continuation,bb_width,117,0.0198,-0.0791
IWM,132_bear_continuation,bb_pct,117,-0.0038,-0.0319
IWM,132_bear_continuation,obv,117,-0.1765,-0.1923
IWM,132_bear_continuation,rvol,117,-0.1288,-0.1817
IWM,132_bear_continuation,rvol_10,117,-0.113,-0.1925
IWM,132_bear_continuation,vwap,117,-0.1999,-0.1638
IWM,132_bear_continuation,price_vs_vwap,117,-0.1572,-0.0695
IWM,132_bear_continuation,price_vs_ema9,117,-0.1025,-0.0156
IWM,132_bear_continuation,price_vs_ema20,117,-0.1159,-0.0303
IWM,132_bear_continuation,consecutive_up,117,0.0031,0.0042
IWM,132_bear_continuation,consecutive_down,117,-0.0167,-0.0213
IWM,132_bear_continuation,intraday_return,117,-0.0561,0.0125
IWM,132_bear_continuation,high_low_spread_pct,117,0.1646,0.0036
IWM,132_bear_continuation,vix_close,117,0.2958,0.0833
IWM,132_bear_continuation,total_gex,116,-0.0933,-0.0948
IWM,132_bear_continuation,total_vex,116,0.1508,0.0989
IWM,132_bear_continuation,flip_price,34,-0.2573,-0.1673
IWM,132_bear_continuation,distance_to_king_pct,116,-0.1125,-0.0556
IWM,132_bear_continuation,distance_to_gate_pct,115,-0.1194,-0.0746
IWM,132_bull_continuation,rsi_9,148,-0.0548,-0.02
IWM,132_bull_continuation,rsi_14,148,-0.0772,-0.0417
IWM,132_bull_continuation,stoch_rsi_k,148,0.0553,0.0419
IWM,132_bull_continuation,stoch_rsi_d,148,0.0427,0.0283
IWM,132_bull_continuation,ema_9,148,0.0106,-0.0657
IWM,132_bull_continuation,ema_20,148,0.0131,-0.0641
IWM,132_bull_continuation,ema_50,148,0.0186,-0.0629
IWM,132_bull_continuation,sma_50,148,0.0199,-0.0608
IWM,132_bull_continuation,sma_200,147,0.034,-0.0361
IWM,132_bull_continuation,macd,148,-0.1449,-0.0871
IWM,132_bull_continuation,macd_signal,148,-0.151,-0.1191
IWM,132_bull_continuation,macd_histogram,148,-0.0003,0.0263
IWM,132_bull_continuation,atr_14,148,0.0288,-0.0255
IWM,132_bull_continuation,bb_upper,148,0.0151,-0.0647
IWM,132_bull_continuation,bb_lower,148,0.0114,-0.0643
IWM,132_bull_continuation,bb_width,148,0.048,0.0312
IWM,132_bull_continuation,bb_pct,148,-0.0315,-0.0411
IWM,132_bull_continuation,obv,148,0.0605,-0.0375
IWM,132_bull_continuation,rvol,148,0.1018,0.0222
IWM,132_bull_continuation,rvol_10,148,0.0795,0.0155
IWM,132_bull_continuation,vwap,148,0.0079,-0.0677
IWM,132_bull_continuation,price_vs_vwap,148,0.1428,0.0538
IWM,132_bull_continuation,price_vs_ema9,148,-0.0233,0.0113
IWM,132_bull_continuation,price_vs_ema20,148,-0.0791,-0.0008
IWM,132_bull_continuation,consecutive_up,148,0.0675,0.0549
IWM,132_bull_continuation,consecutive_down,148,-0.048,-0.0296
IWM,132_bull_continuation,intraday_return,148,0.1277,0.0475
IWM,132_bull_continuation,high_low_spread_pct,148,-0.064,-0.0842
IWM,132_bull_continuation,vix_close,148,0.0321,-0.0299
IWM,132_bull_continuation,total_gex,147,-0.073,-0.112
IWM,132_bull_continuation,total_vex,147,-0.0227,0.0449
IWM,132_bull_continuation,flip_price,35,-0.1711,-0.2105
IWM,132_bull_continuation,distance_to_king_pct,147,0.0113,0.028
IWM,132_bull_continuation,distance_to_gate_pct,143,-0.0789,-0.0529
IWM,212_bear_continuation,rsi_9,322,-0.1174,-0.0928
IWM,212_bear_continuation,rsi_14,322,-0.1173,-0.0991
IWM,212_bear_continuation,stoch_rsi_k,322,-0.0562,-0.0439
IWM,212_bear_continuation,stoch_rsi_d,322,-0.0645,-0.0514
IWM,212_bear_continuation,ema_9,322,0.05,0.0228
IWM,212_bear_continuation,ema_20,322,0.0529,0.0237
IWM,212_bear_continuation,ema_50,321,0.052,0.0183
IWM,212_bear_continuation,sma_50,321,0.0545,0.022
IWM,212_bear_continuation,sma_200,317,0.056,0.0165
IWM,212_bear_continuation,macd,322,-0.1363,-0.1189
IWM,212_bear_continuation,macd_signal,321,-0.1155,-0.1065
IWM,212_bear_continuation,macd_histogram,321,-0.1117,-0.1001
IWM,212_bear_continuation,atr_14,322,0.1255,0.0341
IWM,212_bear_continuation,bb_upper,322,0.055,0.0246
IWM,212_bear_continuation,bb_lower,322,0.0512,0.0237
IWM,212_bear_continuation,bb_width,322,0.068,0.001
IWM,212_bear_continuation,bb_pct,322,-0.1188,-0.1033
IWM,212_bear_continuation,obv,322,0.0477,0.0445
IWM,212_bear_continuation,rvol,322,0.0521,0.0403
IWM,212_bear_continuation,rvol_10,322,0.0666,0.0536
IWM,212_bear_continuation,vwap,322,0.0479,0.0205
IWM,212_bear_continuation,price_vs_vwap,322,-0.1216,-0.0555
IWM,212_bear_continuation,price_vs_ema9,322,-0.1451,-0.1063
IWM,212_bear_continuation,price_vs_ema20,322,-0.1449,-0.1094
IWM,212_bear_continuation,consecutive_up,322,0.0635,0.085
IWM,212_bear_continuation,consecutive_down,322,-0.0461,-0.0715
IWM,212_bear_continuation,intraday_return,322,-0.1015,-0.0471
IWM,212_bear_continuation,high_low_spread_pct,322,0.0784,0.0394
IWM,212_bear_continuation,vix_close,322,0.0134,0.0352
IWM,212_bear_continuation,total_gex,322,-0.0624,-0.0244
IWM,212_bear_continuation,total_vex,322,-0.057,-0.027
IWM,212_bear_continuation,flip_price,79,-0.0469,-0.0695
IWM,212_bear_continuation,distance_to_king_pct,322,-0.0069,-0.0354
IWM,212_bear_continuation,distance_to_gate_pct,317,0.045,0.0329
IWM,212_bear_reversal,rsi_9,491,0.021,-0.0005
IWM,212_bear_reversal,rsi_14,491,0.0008,-0.0181
IWM,212_bear_reversal,stoch_rsi_k,491,0.0462,0.0351
IWM,212_bear_reversal,stoch_rsi_d,491,0.0183,-0.0035
IWM,212_bear_reversal,ema_9,491,0.0138,-0.0209
IWM,212_bear_reversal,ema_20,491,0.014,-0.0207
IWM,212_bear_reversal,ema_50,491,0.0153,-0.0204
IWM,212_bear_reversal,sma_50,491,0.0155,-0.0197
IWM,212_bear_reversal,sma_200,487,0.0043,-0.0275
IWM,212_bear_reversal,macd,491,-0.0174,-0.0612
IWM,212_bear_reversal,macd_signal,491,-0.0291,-0.0662
IWM,212_bear_reversal,macd_histogram,491,0.0358,0.0024
IWM,212_bear_reversal,atr_14,491,-0.0383,0.0013
IWM,212_bear_reversal,bb_upper,491,0.0121,-0.0213
IWM,212_bear_reversal,bb_lower,491,0.0161,-0.0201
IWM,212_bear_reversal,bb_width,491,-0.0435,0.0048
IWM,212_bear_reversal,bb_pct,491,0.0249,-0.0045
IWM,212_bear_reversal,obv,491,-0.0031,-0.0497
IWM,212_bear_reversal,rvol,491,-0.004,-0.0245
IWM,212_bear_reversal,rvol_10,491,-0.0085,-0.0365
IWM,212_bear_reversal,vwap,491,0.0131,-0.0227
IWM,212_bear_reversal,price_vs_vwap,491,0.2132,0.1364
IWM,212_bear_reversal,price_vs_ema9,491,0.113,0.0491
IWM,212_bear_reversal,price_vs_ema20,491,0.0725,0.0059
IWM,212_bear_reversal,consecutive_up,491,0.0451,0.0507
IWM,212_bear_reversal,consecutive_down,491,-0.0393,-0.0426
IWM,212_bear_reversal,intraday_return,491,0.1197,0.0553
IWM,212_bear_reversal,high_low_spread_pct,491,-0.1079,-0.0224
IWM,212_bear_reversal,vix_close,491,-0.1196,-0.0164
IWM,212_bear_reversal,total_gex,490,-0.0921,-0.0917
IWM,212_bear_reversal,total_vex,490,-0.0209,0.0161
IWM,212_bear_reversal,flip_price,114,0.1707,0.0351
IWM,212_bear_reversal,distance_to_king_pct,490,0.0647,0.0456
IWM,212_bear_reversal,distance_to_gate_pct,477,-0.0264,-0.0726
IWM,212_bull_continuation,rsi_9,309,0.0055,-0.0162
IWM,212_bull_continuation,rsi_14,309,0.016,-0.0001
IWM,212_bull_continuation,stoch_rsi_k,309,0.0246,-0.0038
IWM,212_bull_continuation,stoch_rsi_d,309,0.0299,0.0165
IWM,212_bull_continuation,ema_9,309,-0.0848,-0.0765
IWM,212_bull_continuation,ema_20,309,-0.0859,-0.0774
IWM,212_bull_continuation,ema_50,309,-0.0879,-0.0782
IWM,212_bull_continuation,sma_50,309,-0.0893,-0.0786
IWM,212_bull_continuation,sma_200,308,-0.0826,-0.0708
IWM,212_bull_continuation,macd,309,0.0591,0.0412
IWM,212_bull_continuation,macd_signal,309,0.0574,0.0293
IWM,212_bull_continuation,macd_histogram,309,0.0004,0.0079
IWM,212_bull_continuation,atr_14,309,0.0071,-0.0137
IWM,212_bull_continuation,bb_upper,309,-0.0856,-0.0743
IWM,212_bull_continuation,bb_lower,309,-0.0862,-0.0758
IWM,212_bull_continuation,bb_width,309,-0.031,-0.0382
IWM,212_bull_continuation,bb_pct,309,0.0308,-0.0043
IWM,212_bull_continuation,obv,309,-0.0626,-0.1052
IWM,212_bull_continuation,rvol,309,-0.0546,-0.031
IWM,212_bull_continuation,rvol_10,309,-0.0502,-0.0307
IWM,212_bull_continuation,vwap,309,-0.0847,-0.0763
IWM,212_bull_continuation,price_vs_vwap,309,0.0319,0.0066
IWM,212_bull_continuation,price_vs_ema9,309,0.0214,-0.0157
IWM,212_bull_continuation,price_vs_ema20,309,0.0583,-0.0038
IWM,212_bull_continuation,consecutive_up,309,0.0055,0.0173
IWM,212_bull_continuation,consecutive_down,309,-0.0108,-0.0217
IWM,212_bull_continuation,intraday_return,309,-0.0476,-0.0567
IWM,212_bull_continuation,high_low_spread_pct,309,-0.0115,-0.0298
IWM,212_bull_continuation,vix_close,309,0.0771,0.0125
IWM,212_bull_continuation,total_gex,309,0.0069,0.0094
IWM,212_bull_continuation,total_vex,309,0.055,0.0634
IWM,212_bull_continuation,flip_price,74,-0.0788,-0.0477
IWM,212_bull_continuation,distance_to_king_pct,309,0.042,0.0285
IWM,212_bull_continuation,distance_to_gate_pct,298,0.0225,-0.0053
IWM,212_bull_reversal,rsi_9,584,-0.0112,-0.0173
IWM,212_bull_reversal,rsi_14,584,-0.0147,-0.0178
IWM,212_bull_reversal,stoch_rsi_k,584,0.015,-0.0055
IWM,212_bull_reversal,stoch_rsi_d,584,0.0314,0.0195
IWM,212_bull_reversal,ema_9,584,-0.0935,-0.1044
IWM,212_bull_reversal,ema_20,584,-0.0942,-0.1061
IWM,212_bull_reversal,ema_50,583,-0.097,-0.1108
IWM,212_bull_reversal,sma_50,583,-0.0961,-0.1104
IWM,212_bull_reversal,sma_200,580,-0.0814,-0.0971
IWM,212_bull_reversal,macd,584,0.0133,-0.0038
IWM,212_bull_reversal,macd_signal,584,-0.01,-0.0231
IWM,212_bull_reversal,macd_histogram,584,0.084,0.0643
IWM,212_bull_reversal,atr_14,584,0.0032,0.0052
IWM,212_bull_reversal,bb_upper,584,-0.0924,-0.1042
IWM,212_bull_reversal,bb_lower,584,-0.0974,-0.1081
IWM,212_bull_reversal,bb_width,584,0.0317,0.0214
IWM,212_bull_reversal,bb_pct,584,0.0137,-0.0
IWM,212_bull_reversal,obv,584,-0.0616,-0.0767
IWM,212_bull_reversal,rvol,584,0.0691,0.0361
IWM,212_bull_reversal,rvol_10,584,0.0635,0.0389
IWM,212_bull_reversal,vwap,584,-0.0924,-0.1035
IWM,212_bull_reversal,price_vs_vwap,584,-0.066,0.0058
IWM,212_bull_reversal,price_vs_ema9,584,0.0214,0.0011
IWM,212_bull_reversal,price_vs_ema20,584,0.04,0.0166
IWM,212_bull_reversal,consecutive_up,584,-0.0422,-0.0224
IWM,212_bull_reversal,consecutive_down,584,0.0439,0.0237
IWM,212_bull_reversal,intraday_return,584,-0.0727,-0.0343
IWM,212_bull_reversal,high_low_spread_pct,584,0.0511,0.0473
IWM,212_bull_reversal,vix_close,584,0.0072,-0.0028
IWM,212_bull_reversal,total_gex,583,0.0252,0.0112
IWM,212_bull_reversal,total_vex,583,0.0453,0.0675
IWM,212_bull_reversal,flip_price,146,-0.1329,-0.1427
IWM,212_bull_reversal,distance_to_king_pct,583,-0.0217,-0.0193
IWM,212_bull_reversal,distance_to_gate_pct,567,-0.0551,-0.0608
IWM,22_bear_continuation,rsi_9,2600,-0.0159,-0.0471
IWM,22_bear_continuation,rsi_14,2600,-0.0114,-0.0462
IWM,22_bear_continuation,stoch_rsi_k,2600,-0.0253,-0.029
IWM,22_bear_continuation,stoch_rsi_d,2599,-0.0164,-0.0256
IWM,22_bear_continuation,ema_9,2598,0.0091,-0.0032
IWM,22_bear_continuation,ema_20,2596,0.0081,-0.0043
IWM,22_bear_continuation,ema_50,2583,0.0066,-0.0063
IWM,22_bear_continuation,sma_50,2583,0.0072,-0.005
IWM,22_bear_continuation,sma_200,2556,-0.0,-0.0138
IWM,22_bear_continuation,macd,2595,-0.0177,-0.0523
IWM,22_bear_continuation,macd_signal,2593,-0.0155,-0.0451
IWM,22_bear_continuation,macd_histogram,2593,-0.0122,-0.0552
IWM,22_bear_continuation,atr_14,2600,0.0409,0.0323
IWM,22_bear_continuation,bb_upper,2596,0.0092,-0.0033
IWM,22_bear_continuation,bb_lower,2596,0.0073,-0.0037
IWM,22_bear_continuation,bb_width,2596,0.026,0.0168
IWM,22_bear_continuation,bb_pct,2596,-0.0259,-0.0612
IWM,22_bear_continuation,obv,2600,0.0021,-0.0011
IWM,22_bear_continuation,rvol,2600,0.0125,0.0407
IWM,22_bear_continuation,rvol_10,2600,0.0003,0.0306
IWM,22_bear_continuation,vwap,2600,0.0085,-0.0045
IWM,22_bear_continuation,price_vs_vwap,2600,-0.0284,-0.0162
IWM,22_bear_continuation,price_vs_ema9,2598,-0.0259,-0.0511
IWM,22_bear_continuation,price_vs_ema20,2596,-0.0231,-0.0542
IWM,22_bear_continuation,consecutive_up,2600,-0.0136,-0.0215
IWM,22_bear_continuation,consecutive_down,2600,0.0091,0.0178
IWM,22_bear_continuation,intraday_return,2600,-0.0078,-0.0244
IWM,22_bear_continuation,high_low_spread_pct,2600,0.0404,0.0519
IWM,22_bear_continuation,vix_close,2600,-0.0097,-0.0068
IWM,22_bear_continuation,total_gex,2596,-0.0048,-0.0027
IWM,22_bear_continuation,total_vex,2596,-0.016,-0.009
IWM,22_bear_continuation,flip_price,538,-0.151,-0.0792
IWM,22_bear_continuation,distance_to_king_pct,2596,0.0336,0.0087
IWM,22_bear_continuation,distance_to_gate_pct,2538,0.0435,0.0222
IWM,22_bear_reversal,rsi_9,2212,-0.0102,-0.0048
IWM,22_bear_reversal,rsi_14,2212,-0.0075,-0.0022
IWM,22_bear_reversal,stoch_rsi_k,2212,-0.0217,-0.0122
IWM,22_bear_reversal,stoch_rsi_d,2212,-0.018,-0.0085
IWM,22_bear_reversal,ema_9,2211,-0.0345,-0.0411
IWM,22_bear_reversal,ema_20,2209,-0.0362,-0.0437
IWM,22_bear_reversal,ema_50,2205,-0.0386,-0.0466
IWM,22_bear_reversal,sma_50,2205,-0.039,-0.046
IWM,22_bear_reversal,sma_200,2184,-0.0354,-0.0432
IWM,22_bear_reversal,macd,2208,-0.0017,-0.01
IWM,22_bear_reversal,macd_signal,2206,-0.0004,-0.0242
IWM,22_bear_reversal,macd_histogram,2206,-0.0077,-0.0136
IWM,22_bear_reversal,atr_14,2212,0.042,0.0295
IWM,22_bear_reversal,bb_upper,2209,-0.0337,-0.0401
IWM,22_bear_reversal,bb_lower,2209,-0.0386,-0.0448
IWM,22_bear_reversal,bb_width,2209,0.0409,0.0311
IWM,22_bear_reversal,bb_pct,2209,-0.0106,-0.0105
IWM,22_bear_reversal,obv,2212,-0.0234,-0.0366
IWM,22_bear_reversal,rvol,2212,0.0115,0.034
IWM,22_bear_reversal,rvol_10,2212,-0.0022,0.0248
IWM,22_bear_reversal,vwap,2212,-0.0346,-0.0407
IWM,22_bear_reversal,price_vs_vwap,2212,0.0056,0.0115
IWM,22_bear_reversal,price_vs_ema9,2211,-0.0083,-0.0114
IWM,22_bear_reversal,price_vs_ema20,2209,-0.0052,0.0065
IWM,22_bear_reversal,consecutive_up,2212,-0.0122,-0.0009
IWM,22_bear_reversal,consecutive_down,2212,0.0145,0.0061
IWM,22_bear_reversal,intraday_return,2212,-0.0068,0.0076
IWM,22_bear_reversal,high_low_spread_pct,2212,0.1051,0.0471
IWM,22_bear_reversal,vix_close,2212,0.02,-0.0112
IWM,22_bear_reversal,total_gex,2207,-0.0033,-0.004
IWM,22_bear_reversal,total_vex,2207,0.0166,0.0179
IWM,22_bear_reversal,flip_price,511,-0.0457,-0.0605
IWM,22_bear_reversal,distance_to_king_pct,2207,0.0058,0.011
IWM,22_bear_reversal,distance_to_gate_pct,2146,0.006,0.0044
IWM,22_bull_continuation,rsi_9,3238,0.0075,0.0072
IWM,22_bull_continuation,rsi_14,3238,0.0085,0.0067
IWM,22_bull_continuation,stoch_rsi_k,3238,0.0057,0.0071
IWM,22_bull_continuation,stoch_rsi_d,3238,0.0081,0.01
IWM,22_bull_continuation,ema_9,3237,-0.023,-0.0297
IWM,22_bull_continuation,ema_20,3235,-0.0245,-0.0313
IWM,22_bull_continuation,ema_50,3233,-0.0259,-0.0327
IWM,22_bull_continuation,sma_50,3233,-0.0258,-0.0321
IWM,22_bull_continuation,sma_200,3206,-0.0358,-0.0337
IWM,22_bull_continuation,macd,3234,-0.0034,-0.0058
IWM,22_bull_continuation,macd_signal,3234,-0.0003,-0.0041
IWM,22_bull_continuation,macd_histogram,3234,-0.0105,0.0086
IWM,22_bull_continuation,atr_14,3238,0.0114,0.0262
IWM,22_bull_continuation,bb_upper,3235,-0.0244,-0.032
IWM,22_bull_continuation,bb_lower,3235,-0.0245,-0.03
IWM,22_bull_continuation,bb_width,3235,-0.0093,0.0146
IWM,22_bull_continuation,bb_pct,3235,-0.0054,-0.0066
IWM,22_bull_continuation,obv,3238,-0.0118,-0.0173
IWM,22_bull_continuation,rvol,3238,-0.0034,0.007
IWM,22_bull_continuation,rvol_10,3238,-0.0003,0.0044
IWM,22_bull_continuation,vwap,3238,-0.0235,-0.0295
IWM,22_bull_continuation,price_vs_vwap,3238,0.0166,0.0388
IWM,22_bull_continuation,price_vs_ema9,3237,-0.0125,0.0333
IWM,22_bull_continuation,price_vs_ema20,3235,-0.0065,0.0152
IWM,22_bull_continuation,consecutive_up,3238,-0.0097,0.003
IWM,22_bull_continuation,consecutive_down,3238,0.0119,-0.0003
IWM,22_bull_continuation,intraday_return,3238,-0.0513,0.0048
IWM,22_bull_continuation,high_low_spread_pct,3238,0.0191,0.0538
IWM,22_bull_continuation,vix_close,3238,-0.0257,0.0058
IWM,22_bull_continuation,total_gex,3235,-0.0194,-0.0226
IWM,22_bull_continuation,total_vex,3235,0.009,0.0207
IWM,22_bull_continuation,flip_price,608,0.0412,-0.011
IWM,22_bull_continuation,distance_to_king_pct,3235,0.0194,0.0126
IWM,22_bull_continuation,distance_to_gate_pct,3146,-0.0075,-0.0228
IWM,22_bull_reversal,rsi_9,2125,-0.012,-0.0376
IWM,22_bull_reversal,rsi_14,2125,-0.0071,-0.0382
IWM,22_bull_reversal,stoch_rsi_k,2125,-0.0375,-0.0202
IWM,22_bull_reversal,stoch_rsi_d,2124,-0.0484,-0.0331
IWM,22_bull_reversal,ema_9,2123,-0.0342,-0.0501
IWM,22_bull_reversal,ema_20,2121,-0.0354,-0.0511
IWM,22_bull_reversal,ema_50,2118,-0.0397,-0.054
IWM,22_bull_reversal,sma_50,2118,-0.0398,-0.0534
IWM,22_bull_reversal,sma_200,2096,-0.0447,-0.0527
IWM,22_bull_reversal,macd,2120,0.0138,-0.0405
IWM,22_bull_reversal,macd_signal,2118,0.0235,-0.037
IWM,22_bull_reversal,macd_histogram,2118,-0.0345,-0.0402
IWM,22_bull_reversal,atr_14,2125,-0.0477,0.0048
IWM,22_bull_reversal,bb_upper,2121,-0.0374,-0.0516
IWM,22_bull_reversal,bb_lower,2121,-0.0325,-0.0489
IWM,22_bull_reversal,bb_width,2121,-0.0665,-0.0089
IWM,22_bull_reversal,bb_pct,2121,-0.0203,-0.0436
IWM,22_bull_reversal,obv,2125,-0.0327,-0.0444
IWM,22_bull_reversal,rvol,2125,0.0241,0.0374
IWM,22_bull_reversal,rvol_10,2125,0.0199,0.0303
IWM,22_bull_reversal,vwap,2125,-0.0344,-0.0507
IWM,22_bull_reversal,price_vs_vwap,2125,0.0156,0.018
IWM,22_bull_reversal,price_vs_ema9,2123,0.0271,-0.028
IWM,22_bull_reversal,price_vs_ema20,2121,0.0191,-0.0435
IWM,22_bull_reversal,consecutive_up,2125,0.0026,0.0116
IWM,22_bull_reversal,consecutive_down,2125,-0.0023,-0.0063
IWM,22_bull_reversal,intraday_return,2125,0.0233,0.0225
IWM,22_bull_reversal,high_low_spread_pct,2125,0.0112,0.0607
IWM,22_bull_reversal,vix_close,2125,-0.074,0.0032
IWM,22_bull_reversal,total_gex,2121,-0.0248,-0.0305
IWM,22_bull_reversal,total_vex,2121,0.0153,0.0241
IWM,22_bull_reversal,flip_price,458,-0.0049,-0.0403
IWM,22_bull_reversal,distance_to_king_pct,2121,0.013,0.0166
IWM,22_bull_reversal,distance_to_gate_pct,2063,0.0094,-0.02
IWM,312_bear_reversal,rsi_9,98,0.0378,0.0052
IWM,312_bear_reversal,rsi_14,98,0.0588,0.0112
IWM,312_bear_reversal,stoch_rsi_k,98,-0.0194,-0.0485
IWM,312_bear_reversal,stoch_rsi_d,98,0.017,-0.023
IWM,312_bear_reversal,ema_9,98,0.018,0.0433
IWM,312_bear_reversal,ema_20,97,0.0051,0.0193
IWM,312_bear_reversal,ema_50,97,0.0019,0.0017
IWM,312_bear_reversal,sma_50,97,-0.0003,0.0058
IWM,312_bear_reversal,sma_200,97,-0.0018,0.019
IWM,312_bear_reversal,macd,97,0.1289,0.0052
IWM,312_bear_reversal,macd_signal,97,0.132,0.0236
IWM,312_bear_reversal,macd_histogram,97,0.0201,-0.0526
IWM,312_bear_reversal,atr_14,98,0.0583,0.0435
IWM,312_bear_reversal,bb_upper,97,0.0035,0.0143
IWM,312_bear_reversal,bb_lower,97,0.0057,0.0232
IWM,312_bear_reversal,bb_width,97,-0.0229,-0.0172
IWM,312_bear_reversal,bb_pct,97,-0.0518,-0.0635
IWM,312_bear_reversal,obv,98,-0.0225,0.0151
IWM,312_bear_reversal,rvol,98,-0.0151,0.015
IWM,312_bear_reversal,rvol_10,98,-0.0279,0.0238
IWM,312_bear_reversal,vwap,98,0.0144,0.043
IWM,312_bear_reversal,price_vs_vwap,98,0.2073,0.1499
IWM,312_bear_reversal,price_vs_ema9,98,-0.0422,-0.0057
IWM,312_bear_reversal,price_vs_ema20,97,0.0517,0.0039
IWM,312_bear_reversal,consecutive_up,98,0.0999,0.1424
IWM,312_bear_reversal,consecutive_down,98,-0.0999,-0.1424
IWM,312_bear_reversal,intraday_return,98,0.0929,0.0952
IWM,312_bear_reversal,high_low_spread_pct,98,0.0879,0.0983
IWM,312_bear_reversal,vix_close,98,0.0894,0.0798
IWM,312_bear_reversal,total_gex,98,0.0278,-0.0226
IWM,312_bear_reversal,total_vex,98,-0.0167,-0.0763
IWM,312_bear_reversal,distance_to_king_pct,98,-0.0112,0.0614
IWM,312_bear_reversal,distance_to_gate_pct,98,-0.0047,-0.0102
IWM,312_bull_reversal,rsi_9,153,0.0106,0.0381
IWM,312_bull_reversal,rsi_14,153,0.0052,0.0188
IWM,312_bull_reversal,stoch_rsi_k,153,0.0059,0.0548
IWM,312_bull_reversal,stoch_rsi_d,153,0.0099,0.0536
IWM,312_bull_reversal,ema_9,153,0.0507,0.0821
IWM,312_bull_reversal,ema_20,153,0.0515,0.0824
IWM,312_bull_reversal,ema_50,153,0.0517,0.0828
IWM,312_bull_reversal,sma_50,153,0.0504,0.0848
IWM,312_bull_reversal,sma_200,152,0.0277,0.0745
IWM,312_bull_reversal,macd,153,-0.0201,-0.0326
IWM,312_bull_reversal,macd_signal,153,0.0075,-0.0505
IWM,312_bull_reversal,macd_histogram,153,-0.0898,0.0549
IWM,312_bull_reversal,atr_14,153,-0.0381,0.0972
IWM,312_bull_reversal,bb_upper,153,0.0531,0.0843
IWM,312_bull_reversal,bb_lower,153,0.0527,0.084
IWM,312_bull_reversal,bb_width,153,0.0238,0.1504
IWM,312_bull_reversal,bb_pct,153,-0.0083,0.0038
IWM,312_bull_reversal,obv,153,0.1214,0.098
IWM,312_bull_reversal,rvol,153,0.136,0.0497
IWM,312_bull_reversal,rvol_10,153,0.1561,0.0748
IWM,312_bull_reversal,vwap,153,0.0505,0.0831
IWM,312_bull_reversal,price_vs_vwap,153,0.0289,-0.006
IWM,312_bull_reversal,price_vs_ema9,153,0.0164,0.0559
IWM,312_bull_reversal,price_vs_ema20,153,-0.0013,0.024
IWM,312_bull_reversal,consecutive_up,153,-0.0626,-0.0339
IWM,312_bull_reversal,consecutive_down,153,0.0644,0.0362
IWM,312_bull_reversal,intraday_return,153,0.1386,0.0573
IWM,312_bull_reversal,high_low_spread_pct,153,0.0442,0.0221
IWM,312_bull_reversal,vix_close,153,-0.0467,0.0626
IWM,312_bull_reversal,total_gex,153,-0.0965,-0.1258
IWM,312_bull_reversal,total_vex,153,-0.1148,-0.1273
IWM,312_bull_reversal,distance_to_king_pct,153,0.1472,0.1511
IWM,312_bull_reversal,distance_to_gate_pct,151,0.1124,0.1218
IWM,322_bear_continuation,rsi_9,274,0.0207,-0.0153
IWM,322_bear_continuation,rsi_14,274,0.0094,-0.0241
IWM,322_bear_continuation,stoch_rsi_k,274,-0.0173,-0.0376
IWM,322_bear_continuation,stoch_rsi_d,274,-0.0381,-0.0471
IWM,322_bear_continuation,ema_9,274,-0.1048,-0.09
IWM,322_bear_continuation,ema_20,274,-0.1055,-0.0896
IWM,322_bear_continuation,ema_50,274,-0.1037,-0.084
IWM,322_bear_continuation,sma_50,274,-0.1048,-0.0819
IWM,322_bear_continuation,sma_200,272,-0.0891,-0.0736
IWM,322_bear_continuation,macd,274,0.0172,-0.0241
IWM,322_bear_continuation,macd_signal,274,-0.0149,-0.0356
IWM,322_bear_continuation,macd_histogram,274,0.1015,0.0516
IWM,322_bear_continuation,atr_14,274,-0.0346,-0.0345
IWM,322_bear_continuation,bb_upper,274,-0.1094,-0.0962
IWM,322_bear_continuation,bb_lower,274,-0.1034,-0.0839
IWM,322_bear_continuation,bb_width,274,-0.1163,-0.0639
IWM,322_bear_continuation,bb_pct,274,0.0323,-0.0163
IWM,322_bear_continuation,obv,274,-0.1131,-0.0708
IWM,322_bear_continuation,rvol,274,-0.0404,-0.0005
IWM,322_bear_continuation,rvol_10,274,-0.0437,-0.0019
IWM,322_bear_continuation,vwap,274,-0.1023,-0.0886
IWM,322_bear_continuation,price_vs_vwap,274,-0.0083,-0.0194
IWM,322_bear_continuation,price_vs_ema9,274,0.1148,-0.0032
IWM,322_bear_continuation,price_vs_ema20,274,0.0974,-0.0005
IWM,322_bear_continuation,consecutive_up,274,0.0314,0.0098
IWM,322_bear_continuation,consecutive_down,274,-0.0118,0.0044
IWM,322_bear_continuation,intraday_return,274,0.0012,0.0111
IWM,322_bear_continuation,high_low_spread_pct,274,-0.0022,0.041
IWM,322_bear_continuation,vix_close,274,-0.0464,-0.0233
IWM,322_bear_continuation,total_gex,273,-0.074,-0.0661
IWM,322_bear_continuation,total_vex,273,0.0353,0.0149
IWM,322_bear_continuation,flip_price,64,-0.1446,-0.1169
IWM,322_bear_continuation,distance_to_king_pct,273,-0.0675,-0.0579
IWM,322_bear_continuation,distance_to_gate_pct,269,0.0011,0.0153
IWM,322_bull_continuation,rsi_9,329,0.0027,-0.0317
IWM,322_bull_continuation,rsi_14,329,0.0054,-0.0353
IWM,322_bull_continuation,stoch_rsi_k,329,-0.038,-0.0615
IWM,322_bull_continuation,stoch_rsi_d,329,-0.0119,-0.027
IWM,322_bull_continuation,ema_9,329,-0.0318,-0.0386
IWM,322_bull_continuation,ema_20,329,-0.0329,-0.0394
IWM,322_bull_continuation,ema_50,329,-0.0326,-0.0391
IWM,322_bull_continuation,sma_50,329,-0.0353,-0.0386
IWM,322_bull_continuation,sma_200,326,-0.0336,-0.032
IWM,322_bull_continuation,macd,329,0.0441,0.0002
IWM,322_bull_continuation,macd_signal,329,0.0424,-0.0106
IWM,322_bull_continuation,macd_histogram,329,0.0125,0.0218
IWM,322_bull_continuation,atr_14,329,0.0466,0.0718
IWM,322_bull_continuation,bb_upper,329,-0.0318,-0.0361
IWM,322_bull_continuation,bb_lower,329,-0.0347,-0.0382
IWM,322_bull_continuation,bb_width,329,0.0181,0.0362
IWM,322_bull_continuation,bb_pct,329,0.0095,-0.0092
IWM,322_bull_continuation,obv,329,-0.009,-0.0763
IWM,322_bull_continuation,rvol,329,-0.0111,-0.0264
IWM,322_bull_continuation,rvol_10,329,-0.0057,-0.0283
IWM,322_bull_continuation,vwap,329,-0.0321,-0.0386
IWM,322_bull_continuation,price_vs_vwap,329,-0.011,0.0735
IWM,322_bull_continuation,price_vs_ema9,329,0.0074,-0.0076
IWM,322_bull_continuation,price_vs_ema20,329,0.0484,-0.0214
IWM,322_bull_continuation,consecutive_up,329,0.0088,-0.0126
IWM,322_bull_continuation,consecutive_down,329,-0.006,0.0137
IWM,322_bull_continuation,intraday_return,329,0.0681,0.0784
IWM,322_bull_continuation,high_low_spread_pct,329,0.102,0.1201
IWM,322_bull_continuation,vix_close,329,0.1166,0.0464
IWM,322_bull_continuation,total_gex,328,0.0103,-0.0481
IWM,322_bull_continuation,total_vex,328,0.0212,0.0412
IWM,322_bull_continuation,flip_price,82,-0.2145,-0.0634
IWM,322_bull_continuation,distance_to_king_pct,328,-0.0417,-0.0191
IWM,322_bull_continuation,distance_to_gate_pct,317,0.0035,-0.0015
IWM,32_bear_reversal,rsi_9,114,0.0501,0.0814
IWM,32_bear_reversal,rsi_14,114,0.0613,0.0667
IWM,32_bear_reversal,stoch_rsi_k,114,0.0401,0.0683
IWM,32_bear_reversal,stoch_rsi_d,114,0.0665,0.1159
IWM,32_bear_reversal,ema_9,114,-0.0041,-0.0876
IWM,32_bear_reversal,ema_20,114,-0.0062,-0.0894
IWM,32_bear_reversal,ema_50,113,-0.0191,-0.1109
IWM,32_bear_reversal,sma_50,113,-0.0166,-0.1046
IWM,32_bear_reversal,sma_200,112,-0.0575,-0.1442
IWM,32_bear_reversal,macd,113,0.0974,0.0901
IWM,32_bear_reversal,macd_signal,113,0.0912,0.0343
IWM,32_bear_reversal,macd_histogram,113,0.0244,0.1587
IWM,32_bear_reversal,atr_14,114,-0.2785,-0.2301
IWM,32_bear_reversal,bb_upper,114,-0.0167,-0.1017
IWM,32_bear_reversal,bb_lower,114,0.0013,-0.0832
IWM,32_bear_reversal,bb_width,114,-0.2031,-0.1626
IWM,32_bear_reversal,bb_pct,114,0.0816,0.1009
IWM,32_bear_reversal,obv,114,0.0048,-0.016
IWM,32_bear_reversal,rvol,114,0.0271,-0.1007
IWM,32_bear_reversal,rvol_10,114,0.0644,-0.0975
IWM,32_bear_reversal,vwap,114,-0.0004,-0.0839
IWM,32_bear_reversal,price_vs_vwap,114,-0.0125,-0.1351
IWM,32_bear_reversal,price_vs_ema9,114,0.1081,0.1295
IWM,32_bear_reversal,price_vs_ema20,114,0.1152,0.1353
IWM,32_bear_reversal,consecutive_up,114,-0.0738,-0.0529
IWM,32_bear_reversal,consecutive_down,114,0.0534,0.0304
IWM,32_bear_reversal,intraday_return,114,-0.0881,-0.075
IWM,32_bear_reversal,high_low_spread_pct,114,-0.1737,-0.1764
IWM,32_bear_reversal,vix_close,114,-0.3767,-0.2954
IWM,32_bear_reversal,total_gex,114,0.0289,0.0129
IWM,32_bear_reversal,total_vex,114,-0.0238,0.0508
IWM,32_bear_reversal,distance_to_king_pct,114,-0.1815,-0.1994
IWM,32_bear_reversal,distance_to_gate_pct,111,-0.0102,-0.0363
IWM,32_bull_reversal,rsi_9,134,0.0076,-0.0184
IWM,32_bull_reversal,rsi_14,134,0.0119,-0.0295
IWM,32_bull_reversal,stoch_rsi_k,134,-0.0389,-0.0078
IWM,32_bull_reversal,stoch_rsi_d,134,-0.0103,0.0225
IWM,32_bull_reversal,ema_9,134,0.0099,-0.0747
IWM,32_bull_reversal,ema_20,134,0.0097,-0.0748
IWM,32_bull_reversal,ema_50,134,0.0081,-0.0743
IWM,32_bull_reversal,sma_50,134,0.0061,-0.0752
IWM,32_bull_reversal,sma_200,134,0.0177,-0.0608
IWM,32_bull_reversal,macd,134,0.0313,0.0123
IWM,32_bull_reversal,macd_signal,134,0.0633,0.0077
IWM,32_bull_reversal,macd_histogram,134,-0.0915,-0.0386
IWM,32_bull_reversal,atr_14,134,-0.0004,-0.0304
IWM,32_bull_reversal,bb_upper,134,0.0119,-0.0766
IWM,32_bull_reversal,bb_lower,134,0.0105,-0.0743
IWM,32_bull_reversal,bb_width,134,0.0209,-0.011
IWM,32_bull_reversal,bb_pct,134,-0.0,-0.0115
IWM,32_bull_reversal,obv,134,0.1161,-0.0464
IWM,32_bull_reversal,rvol,134,-0.1441,-0.0346
IWM,32_bull_reversal,rvol_10,134,-0.1528,-0.0451
IWM,32_bull_reversal,vwap,134,0.0094,-0.0762
IWM,32_bull_reversal,price_vs_vwap,134,0.0106,-0.0763
IWM,32_bull_reversal,price_vs_ema9,134,0.0149,-0.0481
IWM,32_bull_reversal,price_vs_ema20,134,0.0308,-0.0159
IWM,32_bull_reversal,consecutive_up,134,-0.0753,-0.0821
IWM,32_bull_reversal,consecutive_down,134,0.0856,0.0985
IWM,32_bull_reversal,intraday_return,134,0.0641,-0.0299
IWM,32_bull_reversal,high_low_spread_pct,134,0.007,-0.0438
IWM,32_bull_reversal,vix_close,134,-0.0206,-0.0373
IWM,32_bull_reversal,total_gex,134,-0.0183,-0.062
IWM,32_bull_reversal,total_vex,134,-0.0845,0.0054
IWM,32_bull_reversal,flip_price,39,-0.1365,-0.1445
IWM,32_bull_reversal,distance_to_king_pct,134,0.1728,0.1213
IWM,32_bull_reversal,distance_to_gate_pct,127,0.0589,0.0121
IWM,clean_2d_bear,rsi_9,341,0.0089,0.0134
IWM,clean_2d_bear,rsi_14,341,-0.004,-0.001
IWM,clean_2d_bear,stoch_rsi_k,340,-0.0118,-0.0117
IWM,clean_2d_bear,stoch_rsi_d,340,-0.0144,-0.0236
IWM,clean_2d_bear,ema_9,340,-0.0273,-0.031
IWM,clean_2d_bear,ema_20,340,-0.0254,-0.03
IWM,clean_2d_bear,ema_50,340,-0.0211,-0.028
IWM,clean_2d_bear,sma_50,340,-0.0189,-0.0271
IWM,clean_2d_bear,sma_200,336,-0.0069,-0.0114
IWM,clean_2d_bear,macd,340,-0.1129,0.0054
IWM,clean_2d_bear,macd_signal,340,-0.1212,0.0083
IWM,clean_2d_bear,macd_histogram,340,0.006,-0.0107
IWM,clean_2d_bear,atr_14,341,0.1262,0.0688
IWM,clean_2d_bear,bb_upper,340,-0.0242,-0.0275
IWM,clean_2d_bear,bb_lower,340,-0.0291,-0.0347
IWM,clean_2d_bear,bb_width,340,0.0526,0.0584
IWM,clean_2d_bear,bb_pct,340,-0.0103,-0.0035
IWM,clean_2d_bear,obv,341,-0.0305,-0.0397
IWM,clean_2d_bear,rvol,341,-0.0639,-0.0997
IWM,clean_2d_bear,rvol_10,341,-0.0502,-0.0993
IWM,clean_2d_bear,vwap,341,-0.0292,-0.0346
IWM,clean_2d_bear,price_vs_vwap,341,-0.1015,-0.041
IWM,clean_2d_bear,price_vs_ema9,340,-0.126,-0.0223
IWM,clean_2d_bear,price_vs_ema20,340,-0.132,-0.0062
IWM,clean_2d_bear,consecutive_up,341,0.0483,0.0378
IWM,clean_2d_bear,consecutive_down,341,-0.0171,-0.0168
IWM,clean_2d_bear,intraday_return,341,-0.1468,-0.0788
IWM,clean_2d_bear,high_low_spread_pct,341,0.1404,0.0594
IWM,clean_2d_bear,vix_close,341,0.1004,0.0164
IWM,clean_2d_bear,total_gex,339,-0.0082,0.0117
IWM,clean_2d_bear,total_vex,339,-0.0241,-0.035
IWM,clean_2d_bear,flip_price,90,-0.2414,-0.2223
IWM,clean_2d_bear,distance_to_king_pct,339,0.0526,0.0669
IWM,clean_2d_bear,distance_to_gate_pct,331,-0.0131,-0.0074
IWM,clean_2u_bull,rsi_9,374,0.0258,0.0206
IWM,clean_2u_bull,rsi_14,374,0.035,0.0137
IWM,clean_2u_bull,stoch_rsi_k,374,-0.0054,0.0334
IWM,clean_2u_bull,stoch_rsi_d,374,0.0117,0.0334
IWM,clean_2u_bull,ema_9,374,0.0036,0.0147
IWM,clean_2u_bull,ema_20,374,0.0019,0.0127
IWM,clean_2u_bull,ema_50,373,-0.0127,0.0042
IWM,clean_2u_bull,sma_50,373,-0.0139,0.0056
IWM,clean_2u_bull,sma_200,371,-0.029,-0.0042
IWM,clean_2u_bull,macd,374,0.0841,0.017
IWM,clean_2u_bull,macd_signal,374,0.0901,-0.0011
IWM,clean_2u_bull,macd_histogram,374,-0.006,0.0416
IWM,clean_2u_bull,atr_14,374,-0.0126,0.1114
IWM,clean_2u_bull,bb_upper,374,-0.0003,0.0126
IWM,clean_2u_bull,bb_lower,374,0.0033,0.0146
IWM,clean_2u_bull,bb_width,374,-0.0386,0.0602
IWM,clean_2u_bull,bb_pct,374,0.0059,0.021
IWM,clean_2u_bull,obv,374,0.0069,-0.0002
IWM,clean_2u_bull,rvol,374,-0.029,0.0308
IWM,clean_2u_bull,rvol_10,374,-0.0331,0.0375
IWM,clean_2u_bull,vwap,374,0.0042,0.0152
IWM,clean_2u_bull,price_vs_vwap,374,-0.1797,0.0144
IWM,clean_2u_bull,price_vs_ema9,374,-0.0967,0.0249
IWM,clean_2u_bull,price_vs_ema20,374,0.0082,0.0311
IWM,clean_2u_bull,consecutive_up,374,0.0987,0.1385
IWM,clean_2u_bull,consecutive_down,374,-0.0936,-0.1317
IWM,clean_2u_bull,intraday_return,374,-0.2195,0.006
IWM,clean_2u_bull,high_low_spread_pct,374,-0.1315,0.1005
IWM,clean_2u_bull,vix_close,374,0.0586,0.0818
IWM,clean_2u_bull,total_gex,374,-0.0138,-0.0598
IWM,clean_2u_bull,total_vex,374,-0.0076,-0.0394
IWM,clean_2u_bull,flip_price,89,-0.0639,0.0058
IWM,clean_2u_bull,distance_to_king_pct,374,0.0569,0.0533
IWM,clean_2u_bull,distance_to_gate_pct,368,0.0218,0.0448
IWM,f2d_bull_reversal,rsi_9,160,-0.1189,-0.1057
IWM,f2d_bull_reversal,rsi_14,160,-0.1319,-0.1034
IWM,f2d_bull_reversal,stoch_rsi_k,160,0.0051,0.0024
IWM,f2d_bull_reversal,stoch_rsi_d,160,-0.0231,-0.0456
IWM,f2d_bull_reversal,ema_9,160,-0.0283,-0.0038
IWM,f2d_bull_reversal,ema_20,160,-0.0234,-0.0005
IWM,f2d_bull_reversal,ema_50,160,-0.0155,0.0052
IWM,f2d_bull_reversal,sma_50,160,-0.0124,0.0047
IWM,f2d_bull_reversal,sma_200,160,0.0056,0.0285
IWM,f2d_bull_reversal,macd,160,-0.2403,-0.0973
IWM,f2d_bull_reversal,macd_signal,160,-0.2289,-0.0793
IWM,f2d_bull_reversal,macd_histogram,160,-0.0793,-0.0997
IWM,f2d_bull_reversal,atr_14,160,0.1176,0.0552
IWM,f2d_bull_reversal,bb_upper,160,-0.0182,0.0021
IWM,f2d_bull_reversal,bb_lower,160,-0.0274,-0.0032
IWM,f2d_bull_reversal,bb_width,160,0.0963,0.0747
IWM,f2d_bull_reversal,bb_pct,160,-0.1045,-0.0668
IWM,f2d_bull_reversal,obv,160,0.0008,-0.0533
IWM,f2d_bull_reversal,rvol,160,-0.0273,-0.0735
IWM,f2d_bull_reversal,rvol_10,160,-0.0187,-0.0759
IWM,f2d_bull_reversal,vwap,160,-0.0297,-0.0068
IWM,f2d_bull_reversal,price_vs_vwap,160,-0.1916,-0.0245
IWM,f2d_bull_reversal,price_vs_ema9,160,-0.1863,-0.0756
IWM,f2d_bull_reversal,price_vs_ema20,160,-0.243,-0.1044
IWM,f2d_bull_reversal,consecutive_up,160,-0.0619,-0.0671
IWM,f2d_bull_reversal,consecutive_down,160,0.0619,0.0671
IWM,f2d_bull_reversal,intraday_return,160,-0.0679,-0.0082
IWM,f2d_bull_reversal,high_low_spread_pct,160,0.0596,0.0139
IWM,f2d_bull_reversal,vix_close,160,-0.0196,-0.0526
IWM,f2d_bull_reversal,total_gex,160,-0.0255,-0.035
IWM,f2d_bull_reversal,total_vex,160,-0.0523,-0.0226
IWM,f2d_bull_reversal,flip_price,41,0.068,0.1164
IWM,f2d_bull_reversal,distance_to_king_pct,160,0.0532,0.0335
IWM,f2d_bull_reversal,distance_to_gate_pct,157,0.0405,0.0165
IWM,f2u_bear_reversal,rsi_9,173,-0.0039,-0.0559
IWM,f2u_bear_reversal,rsi_14,173,0.0121,-0.0383
IWM,f2u_bear_reversal,stoch_rsi_k,173,-0.0626,-0.0961
IWM,f2u_bear_reversal,stoch_rsi_d,173,-0.0621,-0.0839
IWM,f2u_bear_reversal,ema_9,173,-0.0593,-0.1196
IWM,f2u_bear_reversal,ema_20,173,-0.0632,-0.1227
IWM,f2u_bear_reversal,ema_50,173,-0.0705,-0.1319
IWM,f2u_bear_reversal,sma_50,173,-0.0714,-0.1296
IWM,f2u_bear_reversal,sma_200,171,-0.08,-0.1245
IWM,f2u_bear_reversal,macd,173,0.1396,0.0115
IWM,f2u_bear_reversal,macd_signal,173,0.1412,0.0346
IWM,f2u_bear_reversal,macd_histogram,173,0.0528,-0.0565
IWM,f2u_bear_reversal,atr_14,173,-0.258,-0.088
IWM,f2u_bear_reversal,bb_upper,173,-0.0734,-0.13
IWM,f2u_bear_reversal,bb_lower,173,-0.054,-0.1111
IWM,f2u_bear_reversal,bb_width,173,-0.188,-0.1004
IWM,f2u_bear_reversal,bb_pct,173,-0.0248,-0.0441
IWM,f2u_bear_reversal,obv,173,-0.0537,-0.0904
IWM,f2u_bear_reversal,rvol,173,-0.1786,-0.1233
IWM,f2u_bear_reversal,rvol_10,173,-0.1966,-0.1382
IWM,f2u_bear_reversal,vwap,173,-0.0575,-0.1179
IWM,f2u_bear_reversal,price_vs_vwap,173,0.0937,0.0958
IWM,f2u_bear_reversal,price_vs_ema9,173,0.1221,-0.0487
IWM,f2u_bear_reversal,price_vs_ema20,173,0.135,-0.0345
IWM,f2u_bear_reversal,consecutive_up,173,-0.0256,-0.0713
IWM,f2u_bear_reversal,consecutive_down,173,0.0109,0.0519
IWM,f2u_bear_reversal,intraday_return,173,0.295,0.1176
IWM,f2u_bear_reversal,high_low_spread_pct,173,-0.2995,-0.1464
IWM,f2u_bear_reversal,vix_close,173,-0.2433,-0.0505
IWM,f2u_bear_reversal,total_gex,173,-0.0058,0.0019
IWM,f2u_bear_reversal,total_vex,173,0.049,0.0421
IWM,f2u_bear_reversal,flip_price,40,-0.2183,-0.1638
IWM,f2u_bear_reversal,distance_to_king_pct,173,0.081,0.0631
IWM,f2u_bear_reversal,distance_to_gate_pct,170,0.0675,-0.0128
IWM,none,rsi_9,3641,-0.0056,-0.0075
IWM,none,rsi_14,3641,-0.0055,-0.011
IWM,none,stoch_rsi_k,3640,0.0041,0.0071
IWM,none,stoch_rsi_d,3640,0.0004,-0.0008
IWM,none,ema_9,3640,-0.0075,-0.0223
IWM,none,ema_20,3638,-0.0077,-0.0229
IWM,none,ema_50,3634,-0.0093,-0.0254
IWM,none,sma_50,3634,-0.0089,-0.0245
IWM,none,sma_200,3611,-0.0087,-0.0213
IWM,none,macd,3637,-0.0107,-0.0154
IWM,none,macd_signal,3636,-0.0102,-0.0213
IWM,none,macd_histogram,3636,-0.0045,0.003
IWM,none,atr_14,3641,-0.004,0.013
IWM,none,bb_upper,3638,-0.008,-0.0231
IWM,none,bb_lower,3638,-0.0078,-0.0221
IWM,none,bb_width,3638,-0.0051,0.007
IWM,none,bb_pct,3638,-0.0053,-0.0089
IWM,none,obv,3641,0.0061,-0.0087
IWM,none,rvol,3641,-0.0252,-0.0147
IWM,none,rvol_10,3641,-0.0265,-0.0146
IWM,none,vwap,3641,-0.0072,-0.0218
IWM,none,price_vs_vwap,3641,-0.0857,0.0019
IWM,none,price_vs_ema9,3640,-0.0376,0.0014
IWM,none,price_vs_ema20,3638,-0.0192,-0.0005
IWM,none,consecutive_up,3641,0.0033,0.024
IWM,none,consecutive_down,3641,0.0021,-0.0163
IWM,none,intraday_return,3641,-0.0679,-0.0009
IWM,none,high_low_spread_pct,3641,-0.0678,0.0031
IWM,none,vix_close,3641,-0.054,-0.0048
IWM,none,total_gex,3637,-0.0183,-0.0249
IWM,none,total_vex,3637,-0.0158,0.0026
IWM,none,flip_price,894,0.0335,-0.0163
IWM,none,distance_to_king_pct,3637,0.02,0.0279
IWM,none,distance_to_gate_pct,3561,0.0117,0.0026
QQQ,11_inside_compression,rsi_9,173,-0.0713,-0.0603
QQQ,11_inside_compression,rsi_14,173,-0.1055,-0.0913
QQQ,11_inside_compression,stoch_rsi_k,173,0.0841,0.0516
QQQ,11_inside_compression,stoch_rsi_d,173,0.0867,0.0723
QQQ,11_inside_compression,ema_9,173,0.0249,0.0351
QQQ,11_inside_compression,ema_20,173,0.028,0.034
QQQ,11_inside_compression,ema_50,173,0.0343,0.0358
QQQ,11_inside_compression,sma_50,173,0.0355,0.0357
QQQ,11_inside_compression,sma_200,171,0.0456,0.0443
QQQ,11_inside_compression,macd,173,-0.281,-0.0555
QQQ,11_inside_compression,macd_signal,173,-0.2926,-0.0784
QQQ,11_inside_compression,macd_histogram,173,-0.0305,0.0704
QQQ,11_inside_compression,atr_14,173,0.2408,0.0817
QQQ,11_inside_compression,bb_upper,173,0.0341,0.0345
QQQ,11_inside_compression,bb_lower,173,0.0224,0.0369
QQQ,11_inside_compression,bb_width,173,0.2265,0.0476
QQQ,11_inside_compression,bb_pct,173,-0.0186,-0.0335
QQQ,11_inside_compression,obv,173,0.0405,0.0427
QQQ,11_inside_compression,rvol,173,0.0155,-0.0774
QQQ,11_inside_compression,rvol_10,173,0.0426,-0.0603
QQQ,11_inside_compression,vwap,173,0.0242,0.0351
QQQ,11_inside_compression,price_vs_vwap,173,-0.1186,-0.0881
QQQ,11_inside_compression,price_vs_ema9,173,-0.1031,-0.0419
QQQ,11_inside_compression,price_vs_ema20,173,-0.1433,-0.0403
QQQ,11_inside_compression,consecutive_up,173,-0.0169,-0.0415
QQQ,11_inside_compression,consecutive_down,173,0.0158,0.0451
QQQ,11_inside_compression,intraday_return,173,-0.1474,-0.169
QQQ,11_inside_compression,high_low_spread_pct,173,0.1164,0.0297
QQQ,11_inside_compression,vix_close,173,0.1141,0.0056
QQQ,11_inside_compression,total_gex,172,-0.2184,-0.1764
QQQ,11_inside_compression,total_vex,172,0.0121,-0.0396
QQQ,11_inside_compression,flip_price,102,-0.0941,0.0059
QQQ,11_inside_compression,distance_to_king_pct,172,0.0605,0.0678
QQQ,11_inside_compression,distance_to_gate_pct,168,0.1736,0.1553
QQQ,132_bear_continuation,rsi_9,102,-0.1214,-0.1611
QQQ,132_bear_continuation,rsi_14,102,-0.1452,-0.1875
QQQ,132_bear_continuation,stoch_rsi_k,102,-0.0076,-0.091
QQQ,132_bear_continuation,stoch_rsi_d,102,-0.0873,-0.1584
QQQ,132_bear_continuation,ema_9,102,-0.0309,-0.0315
QQQ,132_bear_continuation,ema_20,102,-0.0275,-0.0312
QQQ,132_bear_continuation,ema_50,102,-0.0232,-0.0297
QQQ,132_bear_continuation,sma_50,102,-0.0214,-0.0267
QQQ,132_bear_continuation,sma_200,102,-0.0204,-0.0186
QQQ,132_bear_continuation,macd,102,-0.2983,-0.2187
QQQ,132_bear_continuation,macd_signal,102,-0.2601,-0.1724
QQQ,132_bear_continuation,macd_histogram,102,-0.2061,-0.2097
QQQ,132_bear_continuation,atr_14,102,0.1257,0.0714
QQQ,132_bear_continuation,bb_upper,102,-0.0201,-0.0252
QQQ,132_bear_continuation,bb_lower,102,-0.0323,-0.0287
QQQ,132_bear_continuation,bb_width,102,0.2278,0.1096
QQQ,132_bear_continuation,bb_pct,102,-0.0729,-0.1184
QQQ,132_bear_continuation,obv,102,-0.0075,-0.0251
QQQ,132_bear_continuation,rvol,102,-0.03,0.0178
QQQ,132_bear_continuation,rvol_10,102,-0.0601,0.0067
QQQ,132_bear_continuation,vwap,102,-0.0323,-0.0295
QQQ,132_bear_continuation,price_vs_vwap,102,0.0771,-0.0059
QQQ,132_bear_continuation,price_vs_ema9,102,-0.1172,-0.1081
QQQ,132_bear_continuation,price_vs_ema20,102,-0.249,-0.1654
QQQ,132_bear_continuation,consecutive_up,102,-0.0173,-0.0182
QQQ,132_bear_continuation,consecutive_down,102,0.0173,0.0208
QQQ,132_bear_continuation,intraday_return,102,0.0822,0.0219
QQQ,132_bear_continuation,high_low_spread_pct,102,0.2236,0.0799
QQQ,132_bear_continuation,vix_close,102,0.2047,0.0533
QQQ,132_bear_continuation,total_gex,102,-0.0875,-0.044
QQQ,132_bear_continuation,total_vex,102,0.0321,0.047
QQQ,132_bear_continuation,flip_price,46,0.0521,0.0434
QQQ,132_bear_continuation,distance_to_king_pct,102,-0.1383,-0.1557
QQQ,132_bear_continuation,distance_to_gate_pct,99,-0.0802,-0.0407
QQQ,132_bull_continuation,rsi_9,120,0.0921,0.0945
QQQ,132_bull_continuation,rsi_14,120,0.0919,0.0977
QQQ,132_bull_continuation,stoch_rsi_k,120,-0.0006,-0.0128
QQQ,132_bull_continuation,stoch_rsi_d,120,0.0083,-0.0157
QQQ,132_bull_continuation,ema_9,120,0.0563,0.0759
QQQ,132_bull_continuation,ema_20,120,0.0552,0.0763
QQQ,132_bull_continuation,ema_50,119,0.0243,0.0495
QQQ,132_bull_continuation,sma_50,119,0.0228,0.0503
QQQ,132_bull_continuation,sma_200,119,0.0352,0.0646
QQQ,132_bull_continuation,macd,120,0.1412,0.149
QQQ,132_bull_continuation,macd_signal,120,0.1383,0.1387
QQQ,132_bull_continuation,macd_histogram,120,0.0202,0.0503
QQQ,132_bull_continuation,atr_14,120,0.1023,0.1139
QQQ,132_bull_continuation,bb_upper,120,0.0561,0.0781
QQQ,132_bull_continuation,bb_lower,120,0.0543,0.0738
QQQ,132_bull_continuation,bb_width,120,0.0705,0.119
QQQ,132_bull_continuation,bb_pct,120,0.0861,0.0904
QQQ,132_bull_continuation,obv,120,0.0592,0.093
QQQ,132_bull_continuation,rvol,120,-0.148,-0.1602
QQQ,132_bull_continuation,rvol_10,120,-0.1682,-0.1861
QQQ,132_bull_continuation,vwap,120,0.0572,0.0782
QQQ,132_bull_continuation,price_vs_vwap,120,-0.0108,-0.0492
QQQ,132_bull_continuation,price_vs_ema9,120,0.0774,0.0766
QQQ,132_bull_continuation,price_vs_ema20,120,0.1116,0.1267
QQQ,132_bull_continuation,consecutive_up,120,-0.0195,-0.0289
QQQ,132_bull_continuation,consecutive_down,120,0.0176,0.0261
QQQ,132_bull_continuation,intraday_return,120,-0.0707,-0.0415
QQQ,132_bull_continuation,high_low_spread_pct,120,-0.0146,-0.0181
QQQ,132_bull_continuation,vix_close,120,0.0591,0.022
QQQ,132_bull_continuation,total_gex,120,0.0154,-0.0501
QQQ,132_bull_continuation,total_vex,120,-0.1063,-0.1208
QQQ,132_bull_continuation,flip_price,56,0.013,0.0267
QQQ,132_bull_continuation,distance_to_king_pct,120,0.0721,0.0864
QQQ,132_bull_continuation,distance_to_gate_pct,119,0.1971,0.1598
QQQ,212_bear_continuation,rsi_9,299,-0.0173,-0.0483
QQQ,212_bear_continuation,rsi_14,299,-0.0387,-0.0688
QQQ,212_bear_continuation,stoch_rsi_k,299,0.0211,0.0214
QQQ,212_bear_continuation,stoch_rsi_d,299,-0.002,-0.0265
QQQ,212_bear_continuation,ema_9,299,-0.0734,-0.0871
QQQ,212_bear_continuation,ema_20,298,-0.0763,-0.0916
QQQ,212_bear_continuation,ema_50,296,-0.0679,-0.0779
QQQ,212_bear_continuation,sma_50,296,-0.0679,-0.0774
QQQ,212_bear_continuation,sma_200,291,-0.0696,-0.0691
QQQ,212_bear_continuation,macd,298,0.0172,-0.0626
QQQ,212_bear_continuation,macd_signal,298,-0.003,-0.0872
QQQ,212_bear_continuation,macd_histogram,298,0.0631,0.025
QQQ,212_bear_continuation,atr_14,299,0.0089,-0.0396
QQQ,212_bear_continuation,bb_upper,298,-0.075,-0.0892
QQQ,212_bear_continuation,bb_lower,298,-0.0787,-0.0944
QQQ,212_bear_continuation,bb_width,298,0.0327,-0.0133
QQQ,212_bear_continuation,bb_pct,298,-0.0039,-0.0305
QQQ,212_bear_continuation,obv,299,-0.0437,-0.0681
QQQ,212_bear_continuation,rvol,299,0.0259,0.0334
QQQ,212_bear_continuation,rvol_10,299,0.0293,0.0328
QQQ,212_bear_continuation,vwap,299,-0.0731,-0.0868
QQQ,212_bear_continuation,price_vs_vwap,299,0.0657,0.0159
QQQ,212_bear_continuation,price_vs_ema9,299,0.0245,-0.0202
QQQ,212_bear_continuation,price_vs_ema20,298,-0.0104,-0.0564
QQQ,212_bear_continuation,consecutive_up,299,0.0384,0.047
QQQ,212_bear_continuation,consecutive_down,299,-0.0308,-0.0393
QQQ,212_bear_continuation,intraday_return,299,0.0919,0.0707
QQQ,212_bear_continuation,high_low_spread_pct,299,0.1007,0.0797
QQQ,212_bear_continuation,vix_close,299,-0.0427,-0.0605
QQQ,212_bear_continuation,total_gex,299,0.0105,-0.0613
QQQ,212_bear_continuation,total_vex,299,0.0486,0.0654
QQQ,212_bear_continuation,flip_price,128,-0.0261,-0.039
QQQ,212_bear_continuation,distance_to_king_pct,299,0.0094,-0.0026
QQQ,212_bear_continuation,distance_to_gate_pct,290,0.0322,0.0215
QQQ,212_bear_reversal,rsi_9,488,-0.045,-0.0371
QQQ,212_bear_reversal,rsi_14,488,-0.069,-0.0475
QQQ,212_bear_reversal,stoch_rsi_k,488,0.0288,-0.0014
QQQ,212_bear_reversal,stoch_rsi_d,488,0.0027,-0.0312
QQQ,212_bear_reversal,ema_9,488,-0.0121,-0.0291
QQQ,212_bear_reversal,ema_20,488,-0.0113,-0.0283
QQQ,212_bear_reversal,ema_50,488,-0.0092,-0.0265
QQQ,212_bear_reversal,sma_50,488,-0.0086,-0.0246
QQQ,212_bear_reversal,sma_200,486,-0.004,-0.0183
QQQ,212_bear_reversal,macd,488,-0.1004,-0.0805
QQQ,212_bear_reversal,macd_signal,488,-0.112,-0.0752
QQQ,212_bear_reversal,macd_histogram,488,0.0085,0.0045
QQQ,212_bear_reversal,atr_14,488,0.1053,0.0526
QQQ,212_bear_reversal,bb_upper,488,-0.0083,-0.026
QQQ,212_bear_reversal,bb_lower,488,-0.0145,-0.031
QQQ,212_bear_reversal,bb_width,488,0.117,0.0401
QQQ,212_bear_reversal,bb_pct,488,-0.023,-0.0274
QQQ,212_bear_reversal,obv,488,-0.0615,-0.0785
QQQ,212_bear_reversal,rvol,488,-0.0755,-0.0826
QQQ,212_bear_reversal,rvol_10,488,-0.0798,-0.0791
QQQ,212_bear_reversal,vwap,488,-0.0125,-0.029
QQQ,212_bear_reversal,price_vs_vwap,488,0.0028,0.0037
QQQ,212_bear_reversal,price_vs_ema9,488,-0.0388,-0.0066
QQQ,212_bear_reversal,price_vs_ema20,488,-0.0756,-0.0311
QQQ,212_bear_reversal,consecutive_up,488,-0.0314,-0.0525
QQQ,212_bear_reversal,consecutive_down,488,0.0255,0.0436
QQQ,212_bear_reversal,intraday_return,488,-0.0468,-0.029
QQQ,212_bear_reversal,high_low_spread_pct,488,0.103,0.0729
QQQ,212_bear_reversal,vix_close,488,0.0119,0.0477
QQQ,212_bear_reversal,total_gex,486,-0.0407,-0.0297
QQQ,212_bear_reversal,total_vex,486,-0.0131,0.0118
QQQ,212_bear_reversal,flip_price,219,0.0189,0.0032
QQQ,212_bear_reversal,distance_to_king_pct,486,-0.0218,-0.0206
QQQ,212_bear_reversal,distance_to_gate_pct,478,-0.0245,-0.0059
QQQ,212_bull_continuation,rsi_9,366,-0.0408,-0.0176
QQQ,212_bull_continuation,rsi_14,366,-0.0244,-0.0005
QQQ,212_bull_continuation,stoch_rsi_k,366,-0.0825,-0.0584
QQQ,212_bull_continuation,stoch_rsi_d,366,-0.0897,-0.0755
QQQ,212_bull_continuation,ema_9,366,0.054,0.0579
QQQ,212_bull_continuation,ema_20,366,0.0542,0.0586
QQQ,212_bull_continuation,ema_50,366,0.0541,0.0584
QQQ,212_bull_continuation,sma_50,366,0.0535,0.0575
QQQ,212_bull_continuation,sma_200,363,0.0601,0.0654
QQQ,212_bull_continuation,macd,366,0.0099,0.0333
QQQ,212_bull_continuation,macd_signal,366,0.0292,0.0335
QQQ,212_bull_continuation,macd_histogram,366,-0.0662,-0.0872
QQQ,212_bull_continuation,atr_14,366,0.0357,0.0418
QQQ,212_bull_continuation,bb_upper,366,0.0553,0.0586
QQQ,212_bull_continuation,bb_lower,366,0.0539,0.0603
QQQ,212_bull_continuation,bb_width,366,0.0649,0.077
QQQ,212_bull_continuation,bb_pct,366,-0.091,-0.057
QQQ,212_bull_continuation,obv,366,0.0552,0.0684
QQQ,212_bull_continuation,rvol,366,0.0698,0.1128
QQQ,212_bull_continuation,rvol_10,366,0.0588,0.1014
QQQ,212_bull_continuation,vwap,366,0.0533,0.0563
QQQ,212_bull_continuation,price_vs_vwap,366,0.0339,0.0435
QQQ,212_bull_continuation,price_vs_ema9,366,-0.0729,-0.0374
QQQ,212_bull_continuation,price_vs_ema20,366,-0.0506,-0.0225
QQQ,212_bull_continuation,consecutive_up,366,-0.0007,-0.0131
QQQ,212_bull_continuation,consecutive_down,366,0.0069,0.0234
QQQ,212_bull_continuation,intraday_return,366,0.0617,0.0667
QQQ,212_bull_continuation,high_low_spread_pct,366,-0.0113,0.0309
QQQ,212_bull_continuation,vix_close,366,-0.0743,0.0147
QQQ,212_bull_continuation,total_gex,365,-0.018,-0.0227
QQQ,212_bull_continuation,total_vex,365,-0.0588,-0.0612
QQQ,212_bull_continuation,flip_price,178,0.0668,0.002
QQQ,212_bull_continuation,distance_to_king_pct,365,-0.0308,0.0021
QQQ,212_bull_continuation,distance_to_gate_pct,356,0.0024,0.0152
QQQ,212_bull_reversal,rsi_9,513,-0.0297,-0.0808
QQQ,212_bull_reversal,rsi_14,513,-0.0354,-0.0771
QQQ,212_bull_reversal,stoch_rsi_k,513,0.0314,-0.037
QQQ,212_bull_reversal,stoch_rsi_d,513,0.0225,-0.0482
QQQ,212_bull_reversal,ema_9,513,0.0249,0.0164
QQQ,212_bull_reversal,ema_20,513,0.0258,0.017
QQQ,212_bull_reversal,ema_50,511,0.0236,0.0102
QQQ,212_bull_reversal,sma_50,511,0.0245,0.0109
QQQ,212_bull_reversal,sma_200,510,0.035,0.0218
QQQ,212_bull_reversal,macd,513,-0.1195,-0.0692
QQQ,212_bull_reversal,macd_signal,512,-0.1387,-0.056
QQQ,212_bull_reversal,macd_histogram,512,0.0456,-0.0411
QQQ,212_bull_reversal,atr_14,513,0.2011,0.0648
QQQ,212_bull_reversal,bb_upper,513,0.0274,0.0186
QQQ,212_bull_reversal,bb_lower,513,0.0227,0.0169
QQQ,212_bull_reversal,bb_width,513,0.1169,0.0535
QQQ,212_bull_reversal,bb_pct,513,-0.0283,-0.0852
QQQ,212_bull_reversal,obv,513,0.0219,0.0117
QQQ,212_bull_reversal,rvol,513,-0.0023,0.0271
QQQ,212_bull_reversal,rvol_10,513,-0.0154,0.0096
QQQ,212_bull_reversal,vwap,513,0.0242,0.0159
QQQ,212_bull_reversal,price_vs_vwap,513,-0.0662,-0.0127
QQQ,212_bull_reversal,price_vs_ema9,513,-0.1062,-0.0733
QQQ,212_bull_reversal,price_vs_ema20,513,-0.1052,-0.0816
QQQ,212_bull_reversal,consecutive_up,513,-0.0182,-0.0138
QQQ,212_bull_reversal,consecutive_down,513,0.0122,0.0041
QQQ,212_bull_reversal,intraday_return,513,-0.1114,0.0088
QQQ,212_bull_reversal,high_low_spread_pct,513,0.1659,0.0673
QQQ,212_bull_reversal,vix_close,513,0.1368,0.0616
QQQ,212_bull_reversal,total_gex,512,-0.0348,-0.0443
QQQ,212_bull_reversal,total_vex,512,-0.027,-0.0222
QQQ,212_bull_reversal,flip_price,243,0.0719,0.0772
QQQ,212_bull_reversal,distance_to_king_pct,512,-0.0066,-0.0246
QQQ,212_bull_reversal,distance_to_gate_pct,502,0.0314,0.0205
QQQ,22_bear_continuation,rsi_9,2420,-0.0461,-0.0426
QQQ,22_bear_continuation,rsi_14,2420,-0.0558,-0.0491
QQQ,22_bear_continuation,stoch_rsi_k,2420,-0.0004,0.0037
QQQ,22_bear_continuation,stoch_rsi_d,2419,-0.0029,-0.0007
QQQ,22_bear_continuation,ema_9,2419,0.0024,0.0103
QQQ,22_bear_continuation,ema_20,2417,0.0024,0.0095
QQQ,22_bear_continuation,ema_50,2409,0.0033,0.0102
QQQ,22_bear_continuation,sma_50,2409,0.004,0.0112
QQQ,22_bear_continuation,sma_200,2378,-0.0036,0.0028
QQQ,22_bear_continuation,macd,2417,-0.0792,-0.0458
QQQ,22_bear_continuation,macd_signal,2414,-0.0809,-0.0396
QQQ,22_bear_continuation,macd_histogram,2414,-0.0125,-0.0172
QQQ,22_bear_continuation,atr_14,2420,0.0372,-0.0063
QQQ,22_bear_continuation,bb_upper,2417,0.0033,0.0114
QQQ,22_bear_continuation,bb_lower,2417,0.0012,0.009
QQQ,22_bear_continuation,bb_width,2417,0.0419,0.0251
QQQ,22_bear_continuation,bb_pct,2417,-0.0368,-0.0331
QQQ,22_bear_continuation,obv,2420,0.0138,0.0257
QQQ,22_bear_continuation,rvol,2420,-0.0042,0.0193
QQQ,22_bear_continuation,rvol_10,2420,-0.008,0.0201
QQQ,22_bear_continuation,vwap,2420,0.002,0.0094
QQQ,22_bear_continuation,price_vs_vwap,2420,-0.0881,-0.0117
QQQ,22_bear_continuation,price_vs_ema9,2419,-0.0684,-0.0214
QQQ,22_bear_continuation,price_vs_ema20,2417,-0.0894,-0.0352
QQQ,22_bear_continuation,consecutive_up,2420,-0.0084,-0.0016
QQQ,22_bear_continuation,consecutive_down,2420,0.0076,0.001
QQQ,22_bear_continuation,intraday_return,2420,-0.0403,0.0092
QQQ,22_bear_continuation,high_low_spread_pct,2420,0.0794,0.0089
QQQ,22_bear_continuation,vix_close,2420,0.037,-0.054
QQQ,22_bear_continuation,total_gex,2418,-0.0075,0.0099
QQQ,22_bear_continuation,total_vex,2418,-0.0068,-0.0034
QQQ,22_bear_continuation,flip_price,984,0.0952,0.1028
QQQ,22_bear_continuation,distance_to_king_pct,2418,-0.0671,-0.0617
QQQ,22_bear_continuation,distance_to_gate_pct,2346,-0.0536,-0.0168
QQQ,22_bear_reversal,rsi_9,2188,-0.024,-0.0196
QQQ,22_bear_reversal,rsi_14,2188,-0.03,-0.0231
QQQ,22_bear_reversal,stoch_rsi_k,2188,-0.017,-0.0171
QQQ,22_bear_reversal,stoch_rsi_d,2188,-0.0368,-0.0386
QQQ,22_bear_reversal,ema_9,2187,-0.0262,-0.0241
QQQ,22_bear_reversal,ema_20,2184,-0.0272,-0.0263
QQQ,22_bear_reversal,ema_50,2180,-0.0281,-0.0288
QQQ,22_bear_reversal,sma_50,2180,-0.0279,-0.0283
QQQ,22_bear_reversal,sma_200,2160,-0.0314,-0.0308
QQQ,22_bear_reversal,macd,2183,-0.0508,-0.0309
QQQ,22_bear_reversal,macd_signal,2181,-0.043,-0.0231
QQQ,22_bear_reversal,macd_histogram,2181,-0.0344,-0.0238
QQQ,22_bear_reversal,atr_14,2188,0.0269,0.0
QQQ,22_bear_reversal,bb_upper,2184,-0.0258,-0.0257
QQQ,22_bear_reversal,bb_lower,2184,-0.0282,-0.0259
QQQ,22_bear_reversal,bb_width,2184,0.0337,0.0077
QQQ,22_bear_reversal,bb_pct,2184,-0.0253,-0.0179
QQQ,22_bear_reversal,obv,2188,-0.0176,-0.0141
QQQ,22_bear_reversal,rvol,2188,-0.024,-0.0317
QQQ,22_bear_reversal,rvol_10,2188,-0.0251,-0.0329
QQQ,22_bear_reversal,vwap,2188,-0.0264,-0.0242
QQQ,22_bear_reversal,price_vs_vwap,2188,-0.027,0.021
QQQ,22_bear_reversal,price_vs_ema9,2187,-0.0251,-0.003
QQQ,22_bear_reversal,price_vs_ema20,2184,-0.0547,-0.0047
QQQ,22_bear_reversal,consecutive_up,2188,0.028,0.025
QQQ,22_bear_reversal,consecutive_down,2188,-0.027,-0.0232
QQQ,22_bear_reversal,intraday_return,2188,-0.0009,0.0171
QQQ,22_bear_reversal,high_low_spread_pct,2188,0.0597,0.0122
QQQ,22_bear_reversal,vix_close,2188,0.0112,-0.0306
QQQ,22_bear_reversal,total_gex,2186,-0.0153,-0.0208
QQQ,22_bear_reversal,total_vex,2186,0.0202,0.0195
QQQ,22_bear_reversal,flip_price,1022,0.0192,0.0117
QQQ,22_bear_reversal,distance_to_king_pct,2186,-0.0397,-0.0265
QQQ,22_bear_reversal,distance_to_gate_pct,2137,-0.0178,0.0157
QQQ,22_bull_continuation,rsi_9,3653,0.0539,0.0406
QQQ,22_bull_continuation,rsi_14,3653,0.0551,0.0351
QQQ,22_bull_continuation,stoch_rsi_k,3653,0.0331,0.0517
QQQ,22_bull_continuation,stoch_rsi_d,3653,0.0253,0.0372
QQQ,22_bull_continuation,ema_9,3652,-0.0031,0.0128
QQQ,22_bull_continuation,ema_20,3650,-0.0047,0.0109
QQQ,22_bull_continuation,ema_50,3647,-0.0061,0.0096
QQQ,22_bull_continuation,sma_50,3647,-0.0065,0.0096
QQQ,22_bull_continuation,sma_200,3616,-0.0122,0.0082
QQQ,22_bull_continuation,macd,3649,0.0588,0.0368
QQQ,22_bull_continuation,macd_signal,3649,0.0658,0.0292
QQQ,22_bull_continuation,macd_histogram,3649,-0.0158,0.0426
QQQ,22_bull_continuation,atr_14,3653,-0.0515,0.0312
QQQ,22_bull_continuation,bb_upper,3650,-0.0053,0.0102
QQQ,22_bull_continuation,bb_lower,3650,-0.0039,0.0122
QQQ,22_bull_continuation,bb_width,3650,-0.0317,0.021
QQQ,22_bull_continuation,bb_pct,3650,0.0334,0.0381
QQQ,22_bull_continuation,obv,3653,0.0112,0.0245
QQQ,22_bull_continuation,rvol,3653,-0.0033,0.0092
QQQ,22_bull_continuation,rvol_10,3653,-0.011,-0.0005
QQQ,22_bull_continuation,vwap,3653,-0.0029,0.0132
QQQ,22_bull_continuation,price_vs_vwap,3653,-0.0553,0.0567
QQQ,22_bull_continuation,price_vs_ema9,3652,0.0069,0.0585
QQQ,22_bull_continuation,price_vs_ema20,3650,0.0324,0.0551
QQQ,22_bull_continuation,consecutive_up,3653,0.0375,0.0374
QQQ,22_bull_continuation,consecutive_down,3653,-0.0368,-0.0352
QQQ,22_bull_continuation,intraday_return,3653,-0.0483,0.0352
QQQ,22_bull_continuation,high_low_spread_pct,3653,-0.071,0.0013
QQQ,22_bull_continuation,vix_close,3653,-0.053,0.0047
QQQ,22_bull_continuation,total_gex,3649,0.0301,-0.0058
QQQ,22_bull_continuation,total_vex,3649,0.0027,-0.0104
QQQ,22_bull_continuation,flip_price,1682,0.0511,0.0578
QQQ,22_bull_continuation,distance_to_king_pct,3649,0.0007,0.0257
QQQ,22_bull_continuation,distance_to_gate_pct,3558,-0.0018,0.0281
QQQ,22_bull_reversal,rsi_9,2207,0.0048,-0.0247
QQQ,22_bull_reversal,rsi_14,2207,-0.003,-0.033
QQQ,22_bull_reversal,stoch_rsi_k,2207,0.0115,-0.0019
QQQ,22_bull_reversal,stoch_rsi_d,2206,-0.0032,-0.0145
QQQ,22_bull_reversal,ema_9,2206,-0.0281,-0.0229
QQQ,22_bull_reversal,ema_20,2204,-0.0289,-0.0242
QQQ,22_bull_reversal,ema_50,2201,-0.0307,-0.0255
QQQ,22_bull_reversal,sma_50,2201,-0.0304,-0.0247
QQQ,22_bull_reversal,sma_200,2181,-0.0352,-0.0283
QQQ,22_bull_reversal,macd,2203,0.0034,-0.0279
QQQ,22_bull_reversal,macd_signal,2202,0.0007,-0.0163
QQQ,22_bull_reversal,macd_histogram,2202,0.0082,-0.0062
QQQ,22_bull_reversal,atr_14,2207,-0.0265,0.0136
QQQ,22_bull_reversal,bb_upper,2204,-0.0296,-0.0244
QQQ,22_bull_reversal,bb_lower,2204,-0.0284,-0.0232
QQQ,22_bull_reversal,bb_width,2204,-0.0409,0.0066
QQQ,22_bull_reversal,bb_pct,2204,0.0024,-0.0223
QQQ,22_bull_reversal,obv,2207,-0.02,-0.0138
QQQ,22_bull_reversal,rvol,2207,-0.0148,-0.0244
QQQ,22_bull_reversal,rvol_10,2207,-0.0146,-0.025
QQQ,22_bull_reversal,vwap,2207,-0.0282,-0.0236
QQQ,22_bull_reversal,price_vs_vwap,2207,0.0079,0.0478
QQQ,22_bull_reversal,price_vs_ema9,2206,0.0379,0.0088
QQQ,22_bull_reversal,price_vs_ema20,2204,0.0215,-0.0185
QQQ,22_bull_reversal,consecutive_up,2207,0.0186,0.0118
QQQ,22_bull_reversal,consecutive_down,2207,-0.0189,-0.0102
QQQ,22_bull_reversal,intraday_return,2207,0.0353,0.0424
QQQ,22_bull_reversal,high_low_spread_pct,2207,-0.0139,0.0257
QQQ,22_bull_reversal,vix_close,2207,-0.0633,-0.0041
QQQ,22_bull_reversal,total_gex,2204,-0.0015,-0.0219
QQQ,22_bull_reversal,total_vex,2204,0.0158,0.0127
QQQ,22_bull_reversal,flip_price,954,0.0287,0.0353
QQQ,22_bull_reversal,distance_to_king_pct,2204,-0.0218,-0.0019
QQQ,22_bull_reversal,distance_to_gate_pct,2150,0.0115,0.0253
QQQ,312_bear_reversal,rsi_9,111,-0.082,-0.0139
QQQ,312_bear_reversal,rsi_14,111,-0.1013,-0.0303
QQQ,312_bear_reversal,stoch_rsi_k,111,0.0626,0.076
QQQ,312_bear_reversal,stoch_rsi_d,111,0.0952,0.1164
QQQ,312_bear_reversal,ema_9,111,-0.0836,-0.0934
QQQ,312_bear_reversal,ema_20,111,-0.0823,-0.0954
QQQ,312_bear_reversal,ema_50,111,-0.078,-0.0948
QQQ,312_bear_reversal,sma_50,111,-0.0761,-0.0957
QQQ,312_bear_reversal,sma_200,111,-0.065,-0.0813
QQQ,312_bear_reversal,macd,111,-0.1843,-0.0803
QQQ,312_bear_reversal,macd_signal,111,-0.2279,-0.1183
QQQ,312_bear_reversal,macd_histogram,111,0.1348,0.1435
QQQ,312_bear_reversal,atr_14,111,-0.0144,-0.0073
QQQ,312_bear_reversal,bb_upper,111,-0.0831,-0.0961
QQQ,312_bear_reversal,bb_lower,111,-0.083,-0.0925
QQQ,312_bear_reversal,bb_width,111,-0.0642,-0.1022
QQQ,312_bear_reversal,bb_pct,111,-0.1036,-0.0404
QQQ,312_bear_reversal,obv,111,-0.1078,-0.0996
QQQ,312_bear_reversal,rvol,111,0.0217,0.0746
QQQ,312_bear_reversal,rvol_10,111,0.0163,0.0803
QQQ,312_bear_reversal,vwap,111,-0.0851,-0.0953
QQQ,312_bear_reversal,price_vs_vwap,111,0.0828,0.019
QQQ,312_bear_reversal,price_vs_ema9,111,-0.2067,-0.0926
QQQ,312_bear_reversal,price_vs_ema20,111,-0.1986,-0.0789
QQQ,312_bear_reversal,consecutive_up,111,-0.0091,0.0242
QQQ,312_bear_reversal,consecutive_down,111,0.0108,-0.0238
QQQ,312_bear_reversal,intraday_return,111,0.0863,-0.0267
QQQ,312_bear_reversal,high_low_spread_pct,111,0.024,-0.0405
QQQ,312_bear_reversal,vix_close,111,0.1124,-0.0105
QQQ,312_bear_reversal,total_gex,111,-0.033,0.0456
QQQ,312_bear_reversal,total_vex,111,0.102,0.114
QQQ,312_bear_reversal,flip_price,49,0.1115,0.169
QQQ,312_bear_reversal,distance_to_king_pct,111,-0.0306,-0.0726
QQQ,312_bear_reversal,distance_to_gate_pct,109,0.0351,0.0159
QQQ,312_bull_reversal,rsi_9,149,0.1218,0.1069
QQQ,312_bull_reversal,rsi_14,149,0.1436,0.1172
QQQ,312_bull_reversal,stoch_rsi_k,149,-0.0093,0.0115
QQQ,312_bull_reversal,stoch_rsi_d,149,0.0084,0.0253
QQQ,312_bull_reversal,ema_9,149,0.0543,0.1013
QQQ,312_bull_reversal,ema_20,149,0.0521,0.0999
QQQ,312_bull_reversal,ema_50,149,0.0473,0.0948
QQQ,312_bull_reversal,sma_50,149,0.0464,0.0917
QQQ,312_bull_reversal,sma_200,148,0.0186,0.076
QQQ,312_bull_reversal,macd,149,0.2314,0.0934
QQQ,312_bull_reversal,macd_signal,149,0.2271,0.0759
QQQ,312_bull_reversal,macd_histogram,149,-0.016,0.0426
QQQ,312_bull_reversal,atr_14,149,-0.188,0.0016
QQQ,312_bull_reversal,bb_upper,149,0.0477,0.0985
QQQ,312_bull_reversal,bb_lower,149,0.0563,0.101
QQQ,312_bull_reversal,bb_width,149,-0.1302,0.0144
QQQ,312_bull_reversal,bb_pct,149,0.1096,0.0938
QQQ,312_bull_reversal,obv,149,0.0664,0.0873
QQQ,312_bull_reversal,rvol,149,0.0749,0.0528
QQQ,312_bull_reversal,rvol_10,149,0.0599,0.0272
QQQ,312_bull_reversal,vwap,149,0.0538,0.1033
QQQ,312_bull_reversal,price_vs_vwap,149,-0.0889,-0.0319
QQQ,312_bull_reversal,price_vs_ema9,149,-0.0377,0.0756
QQQ,312_bull_reversal,price_vs_ema20,149,0.1262,0.1056
QQQ,312_bull_reversal,consecutive_up,149,-0.1647,-0.1424
QQQ,312_bull_reversal,consecutive_down,149,0.165,0.1446
QQQ,312_bull_reversal,intraday_return,149,0.0348,0.0409
QQQ,312_bull_reversal,high_low_spread_pct,149,-0.0096,-0.0398
QQQ,312_bull_reversal,vix_close,149,-0.1835,-0.1902
QQQ,312_bull_reversal,total_gex,149,0.174,0.1445
QQQ,312_bull_reversal,total_vex,149,-0.0725,-0.0952
QQQ,312_bull_reversal,flip_price,79,0.1432,0.1225
QQQ,312_bull_reversal,distance_to_king_pct,149,-0.0014,0.0903
QQQ,312_bull_reversal,distance_to_gate_pct,146,0.0451,0.0873
QQQ,322_bear_continuation,rsi_9,216,-0.1103,-0.1566
QQQ,322_bear_continuation,rsi_14,216,-0.1135,-0.1648
QQQ,322_bear_continuation,stoch_rsi_k,216,-0.0288,0.014
QQQ,322_bear_continuation,stoch_rsi_d,216,-0.0369,-0.0243
QQQ,322_bear_continuation,ema_9,216,-0.0074,-0.0471
QQQ,322_bear_continuation,ema_20,216,-0.0059,-0.0432
QQQ,322_bear_continuation,ema_50,215,-0.0107,-0.0523
QQQ,322_bear_continuation,sma_50,215,-0.0101,-0.0501
QQQ,322_bear_continuation,sma_200,215,-0.0133,-0.051
QQQ,322_bear_continuation,macd,215,-0.118,-0.1109
QQQ,322_bear_continuation,macd_signal,215,-0.0929,-0.0959
QQQ,322_bear_continuation,macd_histogram,215,-0.1207,-0.0671
QQQ,322_bear_continuation,atr_14,216,-0.0638,-0.0919
QQQ,322_bear_continuation,bb_upper,216,-0.0031,-0.0423
QQQ,322_bear_continuation,bb_lower,216,-0.0071,-0.0433
QQQ,322_bear_continuation,bb_width,216,0.0741,-0.0326
QQQ,322_bear_continuation,bb_pct,216,-0.0613,-0.0903
QQQ,322_bear_continuation,obv,216,-0.0022,-0.0323
QQQ,322_bear_continuation,rvol,216,0.1126,0.1314
QQQ,322_bear_continuation,rvol_10,216,0.1072,0.1286
QQQ,322_bear_continuation,vwap,216,-0.0083,-0.0482
QQQ,322_bear_continuation,price_vs_vwap,216,0.079,-0.0111
QQQ,322_bear_continuation,price_vs_ema9,216,-0.0068,-0.0543
QQQ,322_bear_continuation,price_vs_ema20,216,-0.0674,-0.0967
QQQ,322_bear_continuation,consecutive_up,216,0.0312,-0.0125
QQQ,322_bear_continuation,consecutive_down,216,-0.0202,0.027
QQQ,322_bear_continuation,intraday_return,216,0.1152,0.0476
QQQ,322_bear_continuation,high_low_spread_pct,216,-0.1277,-0.0824
QQQ,322_bear_continuation,vix_close,216,-0.1737,-0.0921
QQQ,322_bear_continuation,total_gex,215,-0.0061,-0.0078
QQQ,322_bear_continuation,total_vex,215,0.014,0.0619
QQQ,322_bear_continuation,flip_price,76,-0.008,-0.0567
QQQ,322_bear_continuation,distance_to_king_pct,215,-0.1062,-0.1842
QQQ,322_bear_continuation,distance_to_gate_pct,211,-0.0125,-0.0853
QQQ,322_bull_continuation,rsi_9,320,-0.0611,-0.0196
QQQ,322_bull_continuation,rsi_14,320,-0.0594,-0.0303
QQQ,322_bull_continuation,stoch_rsi_k,320,-0.0506,0.0026
QQQ,322_bull_continuation,stoch_rsi_d,320,-0.0521,-0.0113
QQQ,322_bull_continuation,ema_9,320,0.0635,0.0721
QQQ,322_bull_continuation,ema_20,320,0.0643,0.0735
QQQ,322_bull_continuation,ema_50,320,0.0656,0.0765
QQQ,322_bull_continuation,sma_50,320,0.0654,0.0775
QQQ,322_bull_continuation,sma_200,317,0.0599,0.086
QQQ,322_bull_continuation,macd,320,-0.0554,-0.0027
QQQ,322_bull_continuation,macd_signal,320,-0.0487,-0.0335
QQQ,322_bull_continuation,macd_histogram,320,-0.0338,0.0241
QQQ,322_bull_continuation,atr_14,320,0.1981,0.2033
QQQ,322_bull_continuation,bb_upper,320,0.0667,0.0765
QQQ,322_bull_continuation,bb_lower,320,0.0622,0.07
QQQ,322_bull_continuation,bb_width,320,0.1283,0.1517
QQQ,322_bull_continuation,bb_pct,320,-0.072,-0.0354
QQQ,322_bull_continuation,obv,320,0.0222,0.0307
QQQ,322_bull_continuation,rvol,320,-0.0185,0.0093
QQQ,322_bull_continuation,rvol_10,320,-0.024,0.0131
QQQ,322_bull_continuation,vwap,320,0.0625,0.0723
QQQ,322_bull_continuation,price_vs_vwap,320,0.1448,0.147
QQQ,322_bull_continuation,price_vs_ema9,320,0.0123,0.0799
QQQ,322_bull_continuation,price_vs_ema20,320,-0.0252,0.0656
QQQ,322_bull_continuation,consecutive_up,320,-0.0412,0.0287
QQQ,322_bull_continuation,consecutive_down,320,0.0542,-0.0114
QQQ,322_bull_continuation,intraday_return,320,0.0273,0.0704
QQQ,322_bull_continuation,high_low_spread_pct,320,0.1564,0.1388
QQQ,322_bull_continuation,vix_close,320,0.1272,0.1469
QQQ,322_bull_continuation,total_gex,319,-0.0725,-0.0936
QQQ,322_bull_continuation,total_vex,319,-0.0691,-0.0871
QQQ,322_bull_continuation,flip_price,140,0.0966,0.1362
QQQ,322_bull_continuation,distance_to_king_pct,319,0.1166,0.1248
QQQ,322_bull_continuation,distance_to_gate_pct,312,0.071,0.0741
QQQ,32_bear_reversal,rsi_9,102,0.0506,0.0661
QQQ,32_bear_reversal,rsi_14,102,0.0579,0.0691
QQQ,32_bear_reversal,stoch_rsi_k,102,0.0652,0.0662
QQQ,32_bear_reversal,stoch_rsi_d,102,0.0582,0.074
QQQ,32_bear_reversal,ema_9,102,-0.0993,-0.1297
QQQ,32_bear_reversal,ema_20,102,-0.1011,-0.1309
QQQ,32_bear_reversal,ema_50,102,-0.1052,-0.1322
QQQ,32_bear_reversal,sma_50,102,-0.1054,-0.1325
QQQ,32_bear_reversal,sma_200,102,-0.1217,-0.1492
QQQ,32_bear_reversal,macd,102,0.1257,0.0475
QQQ,32_bear_reversal,macd_signal,102,0.1029,0.0312
QQQ,32_bear_reversal,macd_histogram,102,0.1248,0.0539
QQQ,32_bear_reversal,atr_14,102,-0.2865,-0.2299
QQQ,32_bear_reversal,bb_upper,102,-0.1067,-0.1341
QQQ,32_bear_reversal,bb_lower,102,-0.0965,-0.1307
QQQ,32_bear_reversal,bb_width,102,-0.2141,-0.1665
QQQ,32_bear_reversal,bb_pct,102,0.073,0.0728
QQQ,32_bear_reversal,obv,102,-0.0699,-0.0738
QQQ,32_bear_reversal,rvol,102,-0.0091,0.0436
QQQ,32_bear_reversal,rvol_10,102,0.0094,0.0573
QQQ,32_bear_reversal,vwap,102,-0.095,-0.1261
QQQ,32_bear_reversal,price_vs_vwap,102,-0.0237,-0.0819
QQQ,32_bear_reversal,price_vs_ema9,102,0.2409,0.0973
QQQ,32_bear_reversal,price_vs_ema20,102,0.2253,0.113
QQQ,32_bear_reversal,consecutive_up,102,-0.0166,0.003
QQQ,32_bear_reversal,consecutive_down,102,-0.0163,-0.0428
QQQ,32_bear_reversal,intraday_return,102,-0.0803,-0.057
QQQ,32_bear_reversal,high_low_spread_pct,102,-0.2893,-0.1515
QQQ,32_bear_reversal,vix_close,102,-0.2916,-0.243
QQQ,32_bear_reversal,total_gex,101,0.1579,0.1911
QQQ,32_bear_reversal,total_vex,101,0.1092,0.1602
QQQ,32_bear_reversal,flip_price,44,-0.1323,-0.1407
QQQ,32_bear_reversal,distance_to_king_pct,101,-0.0906,-0.1617
QQQ,32_bear_reversal,distance_to_gate_pct,97,-0.0237,-0.113
QQQ,32_bull_reversal,rsi_9,149,-0.042,-0.0669
QQQ,32_bull_reversal,rsi_14,149,-0.0384,-0.0695
QQQ,32_bull_reversal,stoch_rsi_k,149,-0.0837,-0.0599
QQQ,32_bull_reversal,stoch_rsi_d,149,-0.0938,-0.0674
QQQ,32_bull_reversal,ema_9,149,0.008,0.0114
QQQ,32_bull_reversal,ema_20,149,0.0087,0.0114
QQQ,32_bull_reversal,ema_50,149,0.0084,0.0152
QQQ,32_bull_reversal,sma_50,149,0.0091,0.0169
QQQ,32_bull_reversal,sma_200,149,0.0114,0.0286
QQQ,32_bull_reversal,macd,149,-0.0394,-0.0973
QQQ,32_bull_reversal,macd_signal,149,-0.0154,-0.0894
QQQ,32_bull_reversal,macd_histogram,149,-0.102,-0.0643
QQQ,32_bull_reversal,atr_14,149,0.0285,0.0848
QQQ,32_bull_reversal,bb_upper,149,0.0102,0.0144
QQQ,32_bull_reversal,bb_lower,149,0.0082,0.0069
QQQ,32_bull_reversal,bb_width,149,0.0469,0.0343
QQQ,32_bull_reversal,bb_pct,149,-0.1015,-0.1014
QQQ,32_bull_reversal,obv,149,0.0145,0.0192
QQQ,32_bull_reversal,rvol,149,0.1846,0.0899
QQQ,32_bull_reversal,rvol_10,149,0.2128,0.1137
QQQ,32_bull_reversal,vwap,149,0.0069,0.0106
QQQ,32_bull_reversal,price_vs_vwap,149,0.1377,0.1747
QQQ,32_bull_reversal,price_vs_ema9,149,0.0542,0.0701
QQQ,32_bull_reversal,price_vs_ema20,149,-0.0002,-0.0321
QQQ,32_bull_reversal,consecutive_up,149,0.0205,0.0608
QQQ,32_bull_reversal,consecutive_down,149,-0.0103,-0.0529
QQQ,32_bull_reversal,intraday_return,149,0.1346,0.1172
QQQ,32_bull_reversal,high_low_spread_pct,149,0.104,0.1502
QQQ,32_bull_reversal,vix_close,149,-0.0121,0.0699
QQQ,32_bull_reversal,total_gex,149,-0.0302,-0.0934
QQQ,32_bull_reversal,total_vex,149,0.0049,-0.0087
QQQ,32_bull_reversal,flip_price,77,-0.1225,-0.0358
QQQ,32_bull_reversal,distance_to_king_pct,149,0.0035,0.0628
QQQ,32_bull_reversal,distance_to_gate_pct,144,0.0442,0.1112
QQQ,clean_2d_bear,rsi_9,261,0.0414,0.0479
QQQ,clean_2d_bear,rsi_14,261,0.0485,0.0568
QQQ,clean_2d_bear,stoch_rsi_k,260,0.0217,0.0192
QQQ,clean_2d_bear,stoch_rsi_d,260,0.0233,0.0231
QQQ,clean_2d_bear,ema_9,260,0.0218,-0.0208
QQQ,clean_2d_bear,ema_20,260,0.0213,-0.0217
QQQ,clean_2d_bear,ema_50,260,0.0197,-0.0248
QQQ,clean_2d_bear,sma_50,260,0.0192,-0.0246
QQQ,clean_2d_bear,sma_200,257,0.0239,-0.0075
QQQ,clean_2d_bear,macd,260,0.0693,0.0693
QQQ,clean_2d_bear,macd_signal,260,0.0826,0.0676
QQQ,clean_2d_bear,macd_histogram,260,-0.0322,0.0446
QQQ,clean_2d_bear,atr_14,261,-0.0682,-0.0363
QQQ,clean_2d_bear,bb_upper,260,0.0214,-0.0232
QQQ,clean_2d_bear,bb_lower,260,0.0214,-0.0216
QQQ,clean_2d_bear,bb_width,260,0.0142,0.0002
QQQ,clean_2d_bear,bb_pct,260,0.0776,0.0679
QQQ,clean_2d_bear,obv,261,0.0312,-0.0225
QQQ,clean_2d_bear,rvol,261,0.0487,-0.0152
QQQ,clean_2d_bear,rvol_10,261,0.0305,-0.0062
QQQ,clean_2d_bear,vwap,261,0.018,-0.0264
QQQ,clean_2d_bear,price_vs_vwap,261,0.065,-0.0297
QQQ,clean_2d_bear,price_vs_ema9,260,0.0616,0.0579
QQQ,clean_2d_bear,price_vs_ema20,260,0.0815,0.0791
QQQ,clean_2d_bear,consecutive_up,261,0.0697,0.017
QQQ,clean_2d_bear,consecutive_down,261,-0.0657,-0.019
QQQ,clean_2d_bear,intraday_return,261,0.045,0.0679
QQQ,clean_2d_bear,high_low_spread_pct,261,0.0045,-0.0389
QQQ,clean_2d_bear,vix_close,261,-0.2238,-0.0008
QQQ,clean_2d_bear,total_gex,259,0.0236,0.0386
QQQ,clean_2d_bear,total_vex,259,-0.0193,0.0315
QQQ,clean_2d_bear,flip_price,111,-0.0606,-0.0538
QQQ,clean_2d_bear,distance_to_king_pct,259,-0.0003,-0.0063
QQQ,clean_2d_bear,distance_to_gate_pct,257,0.0396,0.0256
QQQ,clean_2u_bull,rsi_9,350,-0.0498,-0.0483
QQQ,clean_2u_bull,rsi_14,350,-0.057,-0.0614
QQQ,clean_2u_bull,stoch_rsi_k,350,-0.0423,-0.0473
QQQ,clean_2u_bull,stoch_rsi_d,350,-0.0485,-0.0492
QQQ,clean_2u_bull,ema_9,350,-0.0107,0.0039
QQQ,clean_2u_bull,ema_20,350,-0.0095,0.0053
QQQ,clean_2u_bull,ema_50,350,-0.0091,0.007
QQQ,clean_2u_bull,sma_50,350,-0.0087,0.0076
QQQ,clean_2u_bull,sma_200,349,-0.0075,0.0196
QQQ,clean_2u_bull,macd,350,-0.0834,-0.0385
QQQ,clean_2u_bull,macd_signal,350,-0.0445,-0.0559
QQQ,clean_2u_bull,macd_histogram,350,-0.1509,-0.0462
QQQ,clean_2u_bull,atr_14,350,0.0108,0.0823
QQQ,clean_2u_bull,bb_upper,350,-0.0078,0.0068
QQQ,clean_2u_bull,bb_lower,350,-0.0097,0.0062
QQQ,clean_2u_bull,bb_width,350,0.0314,0.0474
QQQ,clean_2u_bull,bb_pct,350,-0.0576,-0.0333
QQQ,clean_2u_bull,obv,350,0.0281,0.0267
QQQ,clean_2u_bull,rvol,350,-0.0299,-0.0138
QQQ,clean_2u_bull,rvol_10,350,-0.016,-0.0053
QQQ,clean_2u_bull,vwap,350,-0.0111,0.0039
QQQ,clean_2u_bull,price_vs_vwap,350,-0.0911,0.0434
QQQ,clean_2u_bull,price_vs_ema9,350,-0.081,0.0073
QQQ,clean_2u_bull,price_vs_ema20,350,-0.0797,-0.0113
QQQ,clean_2u_bull,consecutive_up,350,-0.038,-0.0438
QQQ,clean_2u_bull,consecutive_down,350,0.0417,0.0475
QQQ,clean_2u_bull,intraday_return,350,-0.0218,0.0994
QQQ,clean_2u_bull,high_low_spread_pct,350,0.0121,0.1614
QQQ,clean_2u_bull,vix_close,350,0.0814,0.1347
QQQ,clean_2u_bull,total_gex,349,-0.0741,-0.1144
QQQ,clean_2u_bull,total_vex,349,0.0146,-0.0101
QQQ,clean_2u_bull,flip_price,160,-0.0018,0.0284
QQQ,clean_2u_bull,distance_to_king_pct,349,-0.0615,-0.0138
QQQ,clean_2u_bull,distance_to_gate_pct,344,0.0237,0.0702
QQQ,f2d_bull_reversal,rsi_9,171,-0.0304,-0.0487
QQQ,f2d_bull_reversal,rsi_14,171,-0.0521,-0.0859
QQQ,f2d_bull_reversal,stoch_rsi_k,171,0.0821,0.0803
QQQ,f2d_bull_reversal,stoch_rsi_d,171,0.0724,0.0829
QQQ,f2d_bull_reversal,ema_9,171,0.1094,0.1303
QQQ,f2d_bull_reversal,ema_20,171,0.1107,0.1296
QQQ,f2d_bull_reversal,ema_50,170,0.0924,0.117
QQQ,f2d_bull_reversal,sma_50,170,0.0937,0.1177
QQQ,f2d_bull_reversal,sma_200,168,0.1049,0.1344
QQQ,f2d_bull_reversal,macd,170,-0.1284,-0.0958
QQQ,f2d_bull_reversal,macd_signal,170,-0.1329,-0.1045
QQQ,f2d_bull_reversal,macd_histogram,170,0.0017,0.0579
QQQ,f2d_bull_reversal,atr_14,171,0.0559,0.1121
QQQ,f2d_bull_reversal,bb_upper,171,0.1077,0.1272
QQQ,f2d_bull_reversal,bb_lower,171,0.1133,0.131
QQQ,f2d_bull_reversal,bb_width,171,-0.0588,0.045
QQQ,f2d_bull_reversal,bb_pct,171,-0.0273,-0.0314
QQQ,f2d_bull_reversal,obv,171,0.1368,0.1532
QQQ,f2d_bull_reversal,rvol,171,-0.1603,-0.1981
QQQ,f2d_bull_reversal,rvol_10,171,-0.132,-0.1863
QQQ,f2d_bull_reversal,vwap,171,0.1097,0.1322
QQQ,f2d_bull_reversal,price_vs_vwap,171,-0.0432,-0.0162
QQQ,f2d_bull_reversal,price_vs_ema9,171,0.0049,-0.0096
QQQ,f2d_bull_reversal,price_vs_ema20,171,-0.0409,-0.0539
QQQ,f2d_bull_reversal,consecutive_up,171,0.0735,0.0454
QQQ,f2d_bull_reversal,consecutive_down,171,-0.0666,-0.0263
QQQ,f2d_bull_reversal,intraday_return,171,-0.1361,-0.0648
QQQ,f2d_bull_reversal,high_low_spread_pct,171,-0.1433,-0.036
QQQ,f2d_bull_reversal,vix_close,171,-0.0262,0.09
QQQ,f2d_bull_reversal,total_gex,171,-0.0921,-0.125
QQQ,f2d_bull_reversal,total_vex,171,-0.0995,-0.1442
QQQ,f2d_bull_reversal,flip_price,84,-0.04,0.0319
QQQ,f2d_bull_reversal,distance_to_king_pct,171,0.1056,0.1289
QQQ,f2d_bull_reversal,distance_to_gate_pct,169,0.142,0.0906
QQQ,f2u_bear_reversal,rsi_9,160,-0.1426,-0.1223
QQQ,f2u_bear_reversal,rsi_14,160,-0.1544,-0.1305
QQQ,f2u_bear_reversal,stoch_rsi_k,160,0.0258,0.0366
QQQ,f2u_bear_reversal,stoch_rsi_d,160,0.0191,0.039
QQQ,f2u_bear_reversal,ema_9,159,0.0184,-0.0407
QQQ,f2u_bear_reversal,ema_20,159,0.0191,-0.0392
QQQ,f2u_bear_reversal,ema_50,159,0.0205,-0.036
QQQ,f2u_bear_reversal,sma_50,159,0.0211,-0.0357
QQQ,f2u_bear_reversal,sma_200,156,-0.0035,-0.0598
QQQ,f2u_bear_reversal,macd,159,-0.0622,-0.0908
QQQ,f2u_bear_reversal,macd_signal,159,-0.0721,-0.0781
QQQ,f2u_bear_reversal,macd_histogram,159,0.0057,0.0038
QQQ,f2u_bear_reversal,atr_14,160,0.0538,0.0045
QQQ,f2u_bear_reversal,bb_upper,159,0.0187,-0.038
QQQ,f2u_bear_reversal,bb_lower,159,0.0191,-0.0381
QQQ,f2u_bear_reversal,bb_width,159,0.0042,-0.0486
QQQ,f2u_bear_reversal,bb_pct,159,-0.1441,-0.109
QQQ,f2u_bear_reversal,obv,160,-0.0028,-0.0385
QQQ,f2u_bear_reversal,rvol,160,-0.1443,-0.1255
QQQ,f2u_bear_reversal,rvol_10,160,-0.1535,-0.1388
QQQ,f2u_bear_reversal,vwap,160,0.0205,-0.034
QQQ,f2u_bear_reversal,price_vs_vwap,160,-0.0996,-0.0629
QQQ,f2u_bear_reversal,price_vs_ema9,159,0.0077,-0.0957
QQQ,f2u_bear_reversal,price_vs_ema20,159,-0.0369,-0.0893
QQQ,f2u_bear_reversal,consecutive_up,160,-0.016,-0.0298
QQQ,f2u_bear_reversal,consecutive_down,160,0.0122,0.0279
QQQ,f2u_bear_reversal,intraday_return,160,-0.0877,-0.0392
QQQ,f2u_bear_reversal,high_low_spread_pct,160,-0.0807,0.0028
QQQ,f2u_bear_reversal,vix_close,160,-0.0622,-0.0179
QQQ,f2u_bear_reversal,total_gex,160,-0.042,-0.0713
QQQ,f2u_bear_reversal,total_vex,160,-0.0396,0.0221
QQQ,f2u_bear_reversal,flip_price,73,0.1912,0.0764
QQQ,f2u_bear_reversal,distance_to_king_pct,160,0.1782,0.1546
QQQ,f2u_bear_reversal,distance_to_gate_pct,150,0.1028,0.0951
QQQ,none,rsi_9,3453,0.0002,-0.0145
QQQ,none,rsi_14,3453,-0.0046,-0.0165
QQQ,none,stoch_rsi_k,3452,0.0156,0.007
QQQ,none,stoch_rsi_d,3452,0.013,0.0053
QQQ,none,ema_9,3451,0.0141,0.0088
QQQ,none,ema_20,3450,0.014,0.0084
QQQ,none,ema_50,3445,0.0144,0.0086
QQQ,none,sma_50,3445,0.0147,0.0093
QQQ,none,sma_200,3423,0.0166,0.0149
QQQ,none,macd,3449,-0.0237,-0.0188
QQQ,none,macd_signal,3448,-0.0304,-0.0266
QQQ,none,macd_histogram,3448,0.0174,0.013
QQQ,none,atr_14,3453,0.0231,0.0229
QQQ,none,bb_upper,3450,0.0143,0.009
QQQ,none,bb_lower,3450,0.0131,0.0081
QQQ,none,bb_width,3450,0.0323,0.0235
QQQ,none,bb_pct,3450,0.0003,-0.0138
QQQ,none,obv,3453,0.0189,0.0128
QQQ,none,rvol,3453,-0.0485,-0.0341
QQQ,none,rvol_10,3453,-0.0521,-0.0345
QQQ,none,vwap,3453,0.0143,0.0092
QQQ,none,price_vs_vwap,3453,-0.0377,0.0094
QQQ,none,price_vs_ema9,3451,-0.0166,-0.012
QQQ,none,price_vs_ema20,3450,-0.0174,-0.0073
QQQ,none,consecutive_up,3453,-0.0128,-0.0189
QQQ,none,consecutive_down,3453,0.0129,0.0195
QQQ,none,intraday_return,3453,-0.0497,-0.0157
QQQ,none,high_low_spread_pct,3453,-0.0371,0.0049
QQQ,none,vix_close,3453,-0.042,-0.0131
QQQ,none,total_gex,3447,-0.0081,-0.0059
QQQ,none,total_vex,3447,-0.0204,-0.0102
QQQ,none,flip_price,1595,0.0538,0.0651
QQQ,none,distance_to_king_pct,3447,-0.0368,-0.0159
QQQ,none,distance_to_gate_pct,3370,-0.001,0.0219
SPY,11_inside_compression,rsi_9,161,-0.1341,-0.0848
SPY,11_inside_compression,rsi_14,161,-0.1417,-0.0871
SPY,11_inside_compression,stoch_rsi_k,161,0.0144,-0.0072
SPY,11_inside_compression,stoch_rsi_d,161,-0.0027,0.0101
SPY,11_inside_compression,ema_9,161,0.0314,0.0189
SPY,11_inside_compression,ema_20,161,0.0356,0.0205
SPY,11_inside_compression,ema_50,161,0.0414,0.0208
SPY,11_inside_compression,sma_50,161,0.0431,0.0219
SPY,11_inside_compression,sma_200,158,0.0681,0.0374
SPY,11_inside_compression,macd,161,-0.3321,-0.0638
SPY,11_inside_compression,macd_signal,161,-0.3104,-0.0476
SPY,11_inside_compression,macd_histogram,161,-0.1941,0.0072
SPY,11_inside_compression,atr_14,161,0.2838,0.0538
SPY,11_inside_compression,bb_upper,161,0.0475,0.0235
SPY,11_inside_compression,bb_lower,161,0.0258,0.0223
SPY,11_inside_compression,bb_width,161,0.3682,0.0537
SPY,11_inside_compression,bb_pct,161,-0.1067,-0.0695
SPY,11_inside_compression,obv,161,-0.0315,0.0209
SPY,11_inside_compression,rvol,161,0.0923,0.0823
SPY,11_inside_compression,rvol_10,161,0.0621,0.0775
SPY,11_inside_compression,vwap,161,0.0294,0.0196
SPY,11_inside_compression,price_vs_vwap,161,-0.1148,-0.0117
SPY,11_inside_compression,price_vs_ema9,161,-0.231,-0.0942
SPY,11_inside_compression,price_vs_ema20,161,-0.2805,-0.1048
SPY,11_inside_compression,consecutive_up,161,-0.0532,-0.0721
SPY,11_inside_compression,consecutive_down,161,0.0478,0.0719
SPY,11_inside_compression,intraday_return,161,-0.1211,-0.0568
SPY,11_inside_compression,high_low_spread_pct,161,0.279,0.1258
SPY,11_inside_compression,vix_close,161,0.1082,0.0097
SPY,11_inside_compression,total_gex,159,-0.0435,-0.0033
SPY,11_inside_compression,total_vex,159,-0.04,-0.0226
SPY,11_inside_compression,flip_price,114,-0.0639,-0.0271
SPY,11_inside_compression,distance_to_king_pct,159,0.0387,-0.0098
SPY,11_inside_compression,distance_to_gate_pct,156,0.0697,0.0557
SPY,132_bear_continuation,rsi_9,121,-0.0929,-0.1119
SPY,132_bear_continuation,rsi_14,121,-0.1226,-0.1223
SPY,132_bear_continuation,stoch_rsi_k,121,0.0484,-0.0049
SPY,132_bear_continuation,stoch_rsi_d,121,0.0188,-0.0212
SPY,132_bear_continuation,ema_9,121,0.1177,0.0605
SPY,132_bear_continuation,ema_20,121,0.1219,0.0641
SPY,132_bear_continuation,ema_50,121,0.1301,0.0628
SPY,132_bear_continuation,sma_50,121,0.1337,0.0644
SPY,132_bear_continuation,sma_200,121,0.1458,0.0656
SPY,132_bear_continuation,macd,121,-0.4304,-0.1148
SPY,132_bear_continuation,macd_signal,121,-0.4208,-0.0909
SPY,132_bear_continuation,macd_histogram,121,-0.1001,-0.1242
SPY,132_bear_continuation,atr_14,121,0.4754,0.1168
SPY,132_bear_continuation,bb_upper,121,0.1296,0.0669
SPY,132_bear_continuation,bb_lower,121,0.1127,0.0561
SPY,132_bear_continuation,bb_width,121,0.4088,0.1213
SPY,132_bear_continuation,bb_pct,121,-0.0612,-0.0745
SPY,132_bear_continuation,obv,121,0.0642,0.0172
SPY,132_bear_continuation,rvol,121,-0.074,-0.0679
SPY,132_bear_continuation,rvol_10,121,-0.0729,-0.0739
SPY,132_bear_continuation,vwap,121,0.1149,0.0578
SPY,132_bear_continuation,price_vs_vwap,121,0.0665,-0.0085
SPY,132_bear_continuation,price_vs_ema9,121,-0.2457,-0.1454
SPY,132_bear_continuation,price_vs_ema20,121,-0.33,-0.1438
SPY,132_bear_continuation,consecutive_up,121,0.1542,0.0489
SPY,132_bear_continuation,consecutive_down,121,-0.1528,-0.0413
SPY,132_bear_continuation,intraday_return,121,0.2402,0.0022
SPY,132_bear_continuation,high_low_spread_pct,121,0.2985,0.1
SPY,132_bear_continuation,vix_close,121,0.1858,0.0211
SPY,132_bear_continuation,total_gex,121,-0.078,-0.0086
SPY,132_bear_continuation,total_vex,121,-0.1308,-0.0752
SPY,132_bear_continuation,flip_price,75,0.1885,0.007
SPY,132_bear_continuation,distance_to_king_pct,121,0.2064,0.107
SPY,132_bear_continuation,distance_to_gate_pct,118,0.1468,0.0619
SPY,132_bull_continuation,rsi_9,131,0.0783,0.0883
SPY,132_bull_continuation,rsi_14,131,0.0332,0.0487
SPY,132_bull_continuation,stoch_rsi_k,131,0.0941,0.1179
SPY,132_bull_continuation,stoch_rsi_d,131,0.0748,0.0939
SPY,132_bull_continuation,ema_9,131,-0.1383,-0.117
SPY,132_bull_continuation,ema_20,131,-0.1391,-0.1201
SPY,132_bull_continuation,ema_50,130,-0.1725,-0.1476
SPY,132_bull_continuation,sma_50,130,-0.1731,-0.1482
SPY,132_bull_continuation,sma_200,130,-0.1581,-0.1286
SPY,132_bull_continuation,macd,131,0.047,0.001
SPY,132_bull_continuation,macd_signal,131,0.0077,-0.0372
SPY,132_bull_continuation,macd_histogram,131,0.1238,0.1169
SPY,132_bull_continuation,atr_14,131,0.1636,0.1026
SPY,132_bull_continuation,bb_upper,131,-0.1351,-0.115
SPY,132_bull_continuation,bb_lower,131,-0.1425,-0.1215
SPY,132_bull_continuation,bb_width,131,0.1226,0.0723
SPY,132_bull_continuation,bb_pct,131,0.0125,0.0516
SPY,132_bull_continuation,obv,131,-0.1308,-0.1837
SPY,132_bull_continuation,rvol,131,0.1063,0.2314
SPY,132_bull_continuation,rvol_10,131,0.0702,0.2214
SPY,132_bull_continuation,vwap,131,-0.1381,-0.1148
SPY,132_bull_continuation,price_vs_vwap,131,0.3243,0.3311
SPY,132_bull_continuation,price_vs_ema9,131,0.1882,0.2365
SPY,132_bull_continuation,price_vs_ema20,131,0.161,0.1904
SPY,132_bull_continuation,consecutive_up,131,0.1678,0.2135
SPY,132_bull_continuation,consecutive_down,131,-0.2013,-0.224
SPY,132_bull_continuation,intraday_return,131,0.1822,0.2424
SPY,132_bull_continuation,high_low_spread_pct,131,0.1646,0.1664
SPY,132_bull_continuation,vix_close,131,0.1665,0.1187
SPY,132_bull_continuation,total_gex,131,-0.1152,-0.1651
SPY,132_bull_continuation,total_vex,131,0.1187,0.1138
SPY,132_bull_continuation,flip_price,83,-0.2481,-0.1806
SPY,132_bull_continuation,distance_to_king_pct,131,0.1397,0.0996
SPY,132_bull_continuation,distance_to_gate_pct,126,0.0904,0.0614
SPY,212_bear_continuation,rsi_9,270,-0.0124,-0.0543
SPY,212_bear_continuation,rsi_14,270,-0.0167,-0.0515
SPY,212_bear_continuation,stoch_rsi_k,270,-0.0444,-0.0916
SPY,212_bear_continuation,stoch_rsi_d,270,-0.0429,-0.0983
SPY,212_bear_continuation,ema_9,270,-0.0482,-0.0453
SPY,212_bear_continuation,ema_20,269,-0.0522,-0.0537
SPY,212_bear_continuation,ema_50,267,-0.0441,-0.0388
SPY,212_bear_continuation,sma_50,267,-0.0438,-0.0369
SPY,212_bear_continuation,sma_200,265,-0.0472,-0.0417
SPY,212_bear_continuation,macd,269,-0.0006,-0.0343
SPY,212_bear_continuation,macd_signal,269,-0.0243,-0.04
SPY,212_bear_continuation,macd_histogram,269,0.0691,-0.0413
SPY,212_bear_continuation,atr_14,270,0.1481,0.0692
SPY,212_bear_continuation,bb_upper,269,-0.0496,-0.0462
SPY,212_bear_continuation,bb_lower,269,-0.0565,-0.055
SPY,212_bear_continuation,bb_width,269,0.1043,0.0414
SPY,212_bear_continuation,bb_pct,269,-0.0358,-0.0788
SPY,212_bear_continuation,obv,270,-0.0395,-0.047
SPY,212_bear_continuation,rvol,270,0.0438,0.0455
SPY,212_bear_continuation,rvol_10,270,0.0284,0.0391
SPY,212_bear_continuation,vwap,270,-0.0483,-0.0464
SPY,212_bear_continuation,price_vs_vwap,270,-0.0268,-0.0289
SPY,212_bear_continuation,price_vs_ema9,270,-0.0673,-0.0595
SPY,212_bear_continuation,price_vs_ema20,269,-0.0492,-0.0578
SPY,212_bear_continuation,consecutive_up,270,-0.0062,0.0168
SPY,212_bear_continuation,consecutive_down,270,0.0132,-0.0091
SPY,212_bear_continuation,intraday_return,270,-0.0898,-0.0105
SPY,212_bear_continuation,high_low_spread_pct,270,0.2014,0.096
SPY,212_bear_continuation,vix_close,270,0.084,0.0191
SPY,212_bear_continuation,total_gex,269,0.0104,0.003
SPY,212_bear_continuation,total_vex,269,0.0174,0.0159
SPY,212_bear_continuation,flip_price,180,0.0246,0.02
SPY,212_bear_continuation,distance_to_king_pct,269,0.0133,-0.0276
SPY,212_bear_continuation,distance_to_gate_pct,263,0.0101,-0.0105
SPY,212_bear_reversal,rsi_9,443,0.0323,0.0007
SPY,212_bear_reversal,rsi_14,443,0.0098,-0.0156
SPY,212_bear_reversal,stoch_rsi_k,443,0.109,0.0362
SPY,212_bear_reversal,stoch_rsi_d,443,0.1062,0.0336
SPY,212_bear_reversal,ema_9,443,0.0061,-0.0043
SPY,212_bear_reversal,ema_20,443,0.0059,-0.0042
SPY,212_bear_reversal,ema_50,443,0.0077,-0.0033
SPY,212_bear_reversal,sma_50,443,0.0076,-0.0031
SPY,212_bear_reversal,sma_200,441,0.0153,0.009
SPY,212_bear_reversal,macd,443,-0.0148,-0.0167
SPY,212_bear_reversal,macd_signal,443,-0.0732,-0.0099
SPY,212_bear_reversal,macd_histogram,443,0.1804,0.0902
SPY,212_bear_reversal,atr_14,443,0.1222,0.0644
SPY,212_bear_reversal,bb_upper,443,0.0069,-0.0041
SPY,212_bear_reversal,bb_lower,443,0.0031,-0.0062
SPY,212_bear_reversal,bb_width,443,0.0969,0.0358
SPY,212_bear_reversal,bb_pct,443,0.0507,0.0015
SPY,212_bear_reversal,obv,443,-0.0557,-0.0519
SPY,212_bear_reversal,rvol,443,-0.1009,-0.1122
SPY,212_bear_reversal,rvol_10,443,-0.1146,-0.1244
SPY,212_bear_reversal,vwap,443,0.0064,-0.0051
SPY,212_bear_reversal,price_vs_vwap,443,0.0226,0.0488
SPY,212_bear_reversal,price_vs_ema9,443,0.0398,0.02
SPY,212_bear_reversal,price_vs_ema20,443,0.037,0.0128
SPY,212_bear_reversal,consecutive_up,443,0.0572,0.0154
SPY,212_bear_reversal,consecutive_down,443,-0.0432,-0.0075
SPY,212_bear_reversal,intraday_return,443,-0.1162,0.0322
SPY,212_bear_reversal,high_low_spread_pct,443,0.0901,0.0273
SPY,212_bear_reversal,vix_close,443,-0.0081,0.0283
SPY,212_bear_reversal,total_gex,441,-0.0315,-0.0081
SPY,212_bear_reversal,total_vex,441,0.0044,0.0001
SPY,212_bear_reversal,flip_price,283,0.0311,-0.0032
SPY,212_bear_reversal,distance_to_king_pct,441,0.0671,0.0447
SPY,212_bear_reversal,distance_to_gate_pct,431,0.0251,-0.0031
SPY,212_bull_continuation,rsi_9,341,-0.0133,0.0134
SPY,212_bull_continuation,rsi_14,341,-0.0088,0.0104
SPY,212_bull_continuation,stoch_rsi_k,341,0.0009,0.0139
SPY,212_bull_continuation,stoch_rsi_d,341,-0.0045,-0.0085
SPY,212_bull_continuation,ema_9,341,0.0062,0.0285
SPY,212_bull_continuation,ema_20,341,0.006,0.0291
SPY,212_bull_continuation,ema_50,341,0.0058,0.0296
SPY,212_bull_continuation,sma_50,341,0.0054,0.0288
SPY,212_bull_continuation,sma_200,339,0.0103,0.0346
SPY,212_bull_continuation,macd,341,0.0299,0.0193
SPY,212_bull_continuation,macd_signal,341,0.034,0.0203
SPY,212_bull_continuation,macd_histogram,341,-0.0108,0.0116
SPY,212_bull_continuation,atr_14,341,0.0487,0.0757
SPY,212_bull_continuation,bb_upper,341,0.0082,0.0299
SPY,212_bull_continuation,bb_lower,341,0.0037,0.0285
SPY,212_bull_continuation,bb_width,341,0.1047,0.1016
SPY,212_bull_continuation,bb_pct,341,-0.017,-0.0261
SPY,212_bull_continuation,obv,341,0.0088,0.0221
SPY,212_bull_continuation,rvol,341,0.0163,0.013
SPY,212_bull_continuation,rvol_10,341,0.0227,0.0214
SPY,212_bull_continuation,vwap,341,0.0062,0.0297
SPY,212_bull_continuation,price_vs_vwap,341,-0.0836,0.0297
SPY,212_bull_continuation,price_vs_ema9,341,-0.0726,0.0227
SPY,212_bull_continuation,price_vs_ema20,341,-0.0261,0.0443
SPY,212_bull_continuation,consecutive_up,341,-0.0163,0.0137
SPY,212_bull_continuation,consecutive_down,341,0.0154,-0.0117
SPY,212_bull_continuation,intraday_return,341,-0.0535,0.0357
SPY,212_bull_continuation,high_low_spread_pct,341,0.0148,0.0888
SPY,212_bull_continuation,vix_close,341,-0.0159,0.0581
SPY,212_bull_continuation,total_gex,338,-0.0611,-0.0747
SPY,212_bull_continuation,total_vex,338,-0.0234,-0.0441
SPY,212_bull_continuation,flip_price,235,-0.0734,-0.0588
SPY,212_bull_continuation,distance_to_king_pct,338,0.0082,0.0357
SPY,212_bull_continuation,distance_to_gate_pct,330,0.0193,0.0559
SPY,212_bull_reversal,rsi_9,478,-0.0621,-0.06
SPY,212_bull_reversal,rsi_14,478,-0.0823,-0.0772
SPY,212_bull_reversal,stoch_rsi_k,478,-0.0046,-0.0001
SPY,212_bull_reversal,stoch_rsi_d,478,0.0042,0.0046
SPY,212_bull_reversal,ema_9,478,0.0395,0.0196
SPY,212_bull_reversal,ema_20,478,0.0409,0.021
SPY,212_bull_reversal,ema_50,477,0.0423,0.0185
SPY,212_bull_reversal,sma_50,477,0.0433,0.019
SPY,212_bull_reversal,sma_200,474,0.0521,0.0271
SPY,212_bull_reversal,macd,478,-0.1629,-0.0458
SPY,212_bull_reversal,macd_signal,478,-0.1705,-0.0532
SPY,212_bull_reversal,macd_histogram,478,-0.003,0.0023
SPY,212_bull_reversal,atr_14,478,0.3017,0.1139
SPY,212_bull_reversal,bb_upper,478,0.0446,0.0247
SPY,212_bull_reversal,bb_lower,478,0.0357,0.0182
SPY,212_bull_reversal,bb_width,478,0.2051,0.1354
SPY,212_bull_reversal,bb_pct,478,-0.0769,-0.0726
SPY,212_bull_reversal,obv,478,0.0203,0.0096
SPY,212_bull_reversal,rvol,478,-0.008,0.0122
SPY,212_bull_reversal,rvol_10,478,-0.0078,-0.0001
SPY,212_bull_reversal,vwap,478,0.0381,0.0187
SPY,212_bull_reversal,price_vs_vwap,478,-0.06,0.0187
SPY,212_bull_reversal,price_vs_ema9,478,-0.1726,-0.0473
SPY,212_bull_reversal,price_vs_ema20,478,-0.1671,-0.0583
SPY,212_bull_reversal,consecutive_up,478,-0.0392,-0.0303
SPY,212_bull_reversal,consecutive_down,478,0.0234,0.0122
SPY,212_bull_reversal,intraday_return,478,-0.1139,0.0147
SPY,212_bull_reversal,high_low_spread_pct,478,0.2589,0.1149
SPY,212_bull_reversal,vix_close,478,0.1889,0.1199
SPY,212_bull_reversal,total_gex,477,-0.1229,-0.1411
SPY,212_bull_reversal,total_vex,477,-0.0649,-0.0376
SPY,212_bull_reversal,flip_price,320,0.0119,-0.0297
SPY,212_bull_reversal,distance_to_king_pct,477,0.0922,0.0613
SPY,212_bull_reversal,distance_to_gate_pct,464,0.0966,0.0712
SPY,22_bear_continuation,rsi_9,2419,-0.0227,-0.0455
SPY,22_bear_continuation,rsi_14,2419,-0.0299,-0.0556
SPY,22_bear_continuation,stoch_rsi_k,2419,-0.0061,-0.0119
SPY,22_bear_continuation,stoch_rsi_d,2418,-0.0007,-0.0145
SPY,22_bear_continuation,ema_9,2418,0.0074,0.0099
SPY,22_bear_continuation,ema_20,2416,0.007,0.0089
SPY,22_bear_continuation,ema_50,2407,0.0081,0.0098
SPY,22_bear_continuation,sma_50,2407,0.009,0.0109
SPY,22_bear_continuation,sma_200,2381,0.0085,0.0109
SPY,22_bear_continuation,macd,2416,-0.0768,-0.0739
SPY,22_bear_continuation,macd_signal,2412,-0.0898,-0.0793
SPY,22_bear_continuation,macd_histogram,2412,0.0204,-0.012
SPY,22_bear_continuation,atr_14,2419,0.0457,0.0009
SPY,22_bear_continuation,bb_upper,2416,0.0072,0.0102
SPY,22_bear_continuation,bb_lower,2416,0.0061,0.0091
SPY,22_bear_continuation,bb_width,2416,0.0246,0.0134
SPY,22_bear_continuation,bb_pct,2416,-0.0184,-0.0404
SPY,22_bear_continuation,obv,2419,0.0088,0.0133
SPY,22_bear_continuation,rvol,2419,-0.0012,0.0123
SPY,22_bear_continuation,rvol_10,2419,-0.0028,0.0087
SPY,22_bear_continuation,vwap,2419,0.0073,0.0092
SPY,22_bear_continuation,price_vs_vwap,2419,-0.0792,-0.0203
SPY,22_bear_continuation,price_vs_ema9,2418,-0.0273,-0.0225
SPY,22_bear_continuation,price_vs_ema20,2416,-0.0527,-0.0388
SPY,22_bear_continuation,consecutive_up,2419,-0.0054,-0.0049
SPY,22_bear_continuation,consecutive_down,2419,0.0088,0.0104
SPY,22_bear_continuation,intraday_return,2419,-0.0258,0.0148
SPY,22_bear_continuation,high_low_spread_pct,2419,0.0679,0.0002
SPY,22_bear_continuation,vix_close,2419,-0.0,-0.0632
SPY,22_bear_continuation,total_gex,2417,-0.0388,-0.0467
SPY,22_bear_continuation,total_vex,2417,-0.0078,-0.0128
SPY,22_bear_continuation,flip_price,1357,-0.0259,0.0194
SPY,22_bear_continuation,distance_to_king_pct,2416,0.0091,0.0041
SPY,22_bear_continuation,distance_to_gate_pct,2361,0.0187,0.0216
SPY,22_bear_reversal,rsi_9,2275,-0.0354,-0.0411
SPY,22_bear_reversal,rsi_14,2275,-0.0393,-0.0435
SPY,22_bear_reversal,stoch_rsi_k,2275,-0.0169,-0.0244
SPY,22_bear_reversal,stoch_rsi_d,2275,-0.0311,-0.0367
SPY,22_bear_reversal,ema_9,2274,-0.0284,-0.0282
SPY,22_bear_reversal,ema_20,2271,-0.0294,-0.0301
SPY,22_bear_reversal,ema_50,2267,-0.0309,-0.0328
SPY,22_bear_reversal,sma_50,2267,-0.0306,-0.0317
SPY,22_bear_reversal,sma_200,2245,-0.038,-0.0386
SPY,22_bear_reversal,macd,2270,-0.0446,-0.0304
SPY,22_bear_reversal,macd_signal,2268,-0.0311,-0.0296
SPY,22_bear_reversal,macd_histogram,2268,-0.0536,-0.0417
SPY,22_bear_reversal,atr_14,2275,-0.0159,-0.0129
SPY,22_bear_reversal,bb_upper,2271,-0.028,-0.0291
SPY,22_bear_reversal,bb_lower,2271,-0.0303,-0.0301
SPY,22_bear_reversal,bb_width,2271,0.0353,0.0034
SPY,22_bear_reversal,bb_pct,2271,-0.0322,-0.0397
SPY,22_bear_reversal,obv,2275,-0.0115,-0.0225
SPY,22_bear_reversal,rvol,2275,-0.003,0.0094
SPY,22_bear_reversal,rvol_10,2275,-0.0068,0.0102
SPY,22_bear_reversal,vwap,2275,-0.0288,-0.029
SPY,22_bear_reversal,price_vs_vwap,2275,-0.0907,0.0097
SPY,22_bear_reversal,price_vs_ema9,2274,-0.0608,-0.0247
SPY,22_bear_reversal,price_vs_ema20,2271,-0.073,-0.0285
SPY,22_bear_reversal,consecutive_up,2275,-0.009,0.0076
SPY,22_bear_reversal,consecutive_down,2275,0.0076,-0.0083
SPY,22_bear_reversal,intraday_return,2275,-0.0523,-0.0074
SPY,22_bear_reversal,high_low_spread_pct,2275,0.0443,0.0247
SPY,22_bear_reversal,vix_close,2275,-0.0375,-0.0435
SPY,22_bear_reversal,total_gex,2270,-0.0121,-0.0218
SPY,22_bear_reversal,total_vex,2270,0.0217,0.0237
SPY,22_bear_reversal,flip_price,1462,-0.0518,-0.0193
SPY,22_bear_reversal,distance_to_king_pct,2267,-0.0072,-0.004
SPY,22_bear_reversal,distance_to_gate_pct,2204,-0.0155,-0.0037
SPY,22_bull_continuation,rsi_9,3442,0.0154,0.025
SPY,22_bull_continuation,rsi_14,3442,0.0148,0.0144
SPY,22_bull_continuation,stoch_rsi_k,3442,0.0107,0.0384
SPY,22_bull_continuation,stoch_rsi_d,3442,0.0002,0.0231
SPY,22_bull_continuation,ema_9,3441,-0.0102,-0.0028
SPY,22_bull_continuation,ema_20,3439,-0.0115,-0.0046
SPY,22_bull_continuation,ema_50,3436,-0.0127,-0.0064
SPY,22_bull_continuation,sma_50,3436,-0.0131,-0.0063
SPY,22_bull_continuation,sma_200,3406,-0.0158,-0.0049
SPY,22_bull_continuation,macd,3438,0.0205,0.0097
SPY,22_bull_continuation,macd_signal,3438,0.0354,-0.0053
SPY,22_bull_continuation,macd_histogram,3438,-0.0458,0.0267
SPY,22_bull_continuation,atr_14,3442,-0.0378,0.0393
SPY,22_bull_continuation,bb_upper,3439,-0.0117,-0.0051
SPY,22_bull_continuation,bb_lower,3439,-0.011,-0.0043
SPY,22_bull_continuation,bb_width,3439,-0.0196,0.0235
SPY,22_bull_continuation,bb_pct,3439,0.0125,0.0379
SPY,22_bull_continuation,obv,3442,-0.0102,-0.0047
SPY,22_bull_continuation,rvol,3442,-0.0151,0.0003
SPY,22_bull_continuation,rvol_10,3442,-0.0156,-0.0021
SPY,22_bull_continuation,vwap,3442,-0.0104,-0.003
SPY,22_bull_continuation,price_vs_vwap,3442,-0.0544,0.0537
SPY,22_bull_continuation,price_vs_ema9,3441,-0.019,0.0527
SPY,22_bull_continuation,price_vs_ema20,3439,-0.0074,0.0477
SPY,22_bull_continuation,consecutive_up,3442,0.0168,0.0188
SPY,22_bull_continuation,consecutive_down,3442,-0.0186,-0.0189
SPY,22_bull_continuation,intraday_return,3442,-0.0529,0.0191
SPY,22_bull_continuation,high_low_spread_pct,3442,-0.0618,0.018
SPY,22_bull_continuation,vix_close,3442,-0.0295,0.0106
SPY,22_bull_continuation,total_gex,3438,0.0036,-0.0424
SPY,22_bull_continuation,total_vex,3438,0.0094,0.0003
SPY,22_bull_continuation,flip_price,2147,-0.0297,-0.0285
SPY,22_bull_continuation,distance_to_king_pct,3433,0.0068,0.031
SPY,22_bull_continuation,distance_to_gate_pct,3360,-0.0055,0.0223
SPY,22_bull_reversal,rsi_9,2239,-0.012,-0.0437
SPY,22_bull_reversal,rsi_14,2239,-0.0192,-0.0544
SPY,22_bull_reversal,stoch_rsi_k,2239,-0.0073,-0.0186
SPY,22_bull_reversal,stoch_rsi_d,2238,-0.022,-0.0296
SPY,22_bull_reversal,ema_9,2238,-0.0131,-0.0175
SPY,22_bull_reversal,ema_20,2236,-0.0138,-0.0184
SPY,22_bull_reversal,ema_50,2232,-0.0166,-0.0207
SPY,22_bull_reversal,sma_50,2232,-0.0159,-0.0197
SPY,22_bull_reversal,sma_200,2210,-0.0224,-0.0249
SPY,22_bull_reversal,macd,2235,-0.0095,-0.0546
SPY,22_bull_reversal,macd_signal,2233,-0.007,-0.0576
SPY,22_bull_reversal,macd_histogram,2233,-0.0141,-0.0263
SPY,22_bull_reversal,atr_14,2239,-0.062,0.0222
SPY,22_bull_reversal,bb_upper,2236,-0.0148,-0.018
SPY,22_bull_reversal,bb_lower,2236,-0.0129,-0.0185
SPY,22_bull_reversal,bb_width,2236,-0.0454,0.012
SPY,22_bull_reversal,bb_pct,2236,-0.0092,-0.0387
SPY,22_bull_reversal,obv,2239,-0.0044,-0.0117
SPY,22_bull_reversal,rvol,2239,-0.0074,-0.0083
SPY,22_bull_reversal,rvol_10,2239,-0.0064,-0.0102
SPY,22_bull_reversal,vwap,2239,-0.0136,-0.0186
SPY,22_bull_reversal,price_vs_vwap,2239,0.0093,0.0445
SPY,22_bull_reversal,price_vs_ema9,2238,0.017,-0.0051
SPY,22_bull_reversal,price_vs_ema20,2236,0.0039,-0.042
SPY,22_bull_reversal,consecutive_up,2239,0.0421,0.0156
SPY,22_bull_reversal,consecutive_down,2239,-0.0428,-0.0158
SPY,22_bull_reversal,intraday_return,2239,0.0211,0.0544
SPY,22_bull_reversal,high_low_spread_pct,2239,-0.0048,0.0401
SPY,22_bull_reversal,vix_close,2239,-0.0963,-0.0163
SPY,22_bull_reversal,total_gex,2233,-0.0108,-0.0361
SPY,22_bull_reversal,total_vex,2233,0.0086,0.0085
SPY,22_bull_reversal,flip_price,1368,-0.0338,-0.0137
SPY,22_bull_reversal,distance_to_king_pct,2229,0.008,0.0191
SPY,22_bull_reversal,distance_to_gate_pct,2172,-0.0152,0.0014
SPY,312_bear_reversal,rsi_9,115,-0.1356,-0.1108
SPY,312_bear_reversal,rsi_14,115,-0.1501,-0.1294
SPY,312_bear_reversal,stoch_rsi_k,115,-0.0512,-0.027
SPY,312_bear_reversal,stoch_rsi_d,115,-0.1124,-0.0824
SPY,312_bear_reversal,ema_9,115,-0.0426,0.032
SPY,312_bear_reversal,ema_20,115,-0.0396,0.0377
SPY,312_bear_reversal,ema_50,115,-0.0369,0.0429
SPY,312_bear_reversal,sma_50,115,-0.0327,0.0467
SPY,312_bear_reversal,sma_200,115,-0.0467,0.0372
SPY,312_bear_reversal,macd,115,-0.2628,-0.19
SPY,312_bear_reversal,macd_signal,115,-0.2524,-0.158
SPY,312_bear_reversal,macd_histogram,115,-0.1247,-0.1077
SPY,312_bear_reversal,atr_14,115,-0.1124,0.0475
SPY,312_bear_reversal,bb_upper,115,-0.0394,0.0388
SPY,312_bear_reversal,bb_lower,115,-0.0382,0.0403
SPY,312_bear_reversal,bb_width,115,-0.0425,-0.0049
SPY,312_bear_reversal,bb_pct,115,-0.116,-0.0863
SPY,312_bear_reversal,obv,115,-0.0614,0.0407
SPY,312_bear_reversal,rvol,115,0.1021,0.1006
SPY,312_bear_reversal,rvol_10,115,0.0836,0.0837
SPY,312_bear_reversal,vwap,115,-0.0434,0.033
SPY,312_bear_reversal,price_vs_vwap,115,-0.0187,-0.0851
SPY,312_bear_reversal,price_vs_ema9,115,-0.0619,-0.0711
SPY,312_bear_reversal,price_vs_ema20,115,-0.1486,-0.1345
SPY,312_bear_reversal,consecutive_up,115,0.0158,0.021
SPY,312_bear_reversal,consecutive_down,115,-0.003,-0.0037
SPY,312_bear_reversal,intraday_return,115,0.0514,-0.0187
SPY,312_bear_reversal,high_low_spread_pct,115,-0.0413,-0.0091
SPY,312_bear_reversal,vix_close,115,-0.015,-0.0363
SPY,312_bear_reversal,total_gex,115,-0.0807,-0.0851
SPY,312_bear_reversal,total_vex,115,0.0537,-0.0326
SPY,312_bear_reversal,flip_price,76,-0.0729,-0.049
SPY,312_bear_reversal,distance_to_king_pct,115,-0.0321,0.0022
SPY,312_bear_reversal,distance_to_gate_pct,112,-0.0668,-0.0
SPY,312_bull_reversal,rsi_9,184,0.036,-0.023
SPY,312_bull_reversal,rsi_14,184,0.0587,-0.0167
SPY,312_bull_reversal,stoch_rsi_k,184,-0.0678,-0.1131
SPY,312_bull_reversal,stoch_rsi_d,184,-0.0358,-0.0892
SPY,312_bull_reversal,ema_9,184,0.1047,0.1174
SPY,312_bull_reversal,ema_20,184,0.1039,0.1157
SPY,312_bull_reversal,ema_50,184,0.1027,0.1156
SPY,312_bull_reversal,sma_50,184,0.1014,0.1143
SPY,312_bull_reversal,sma_200,182,0.117,0.1306
SPY,312_bull_reversal,macd,184,0.1055,0.0433
SPY,312_bull_reversal,macd_signal,184,0.1146,0.062
SPY,312_bull_reversal,macd_histogram,184,-0.0155,-0.0762
SPY,312_bull_reversal,atr_14,184,0.1282,0.1493
SPY,312_bull_reversal,bb_upper,184,0.1052,0.1179
SPY,312_bull_reversal,bb_lower,184,0.1024,0.1154
SPY,312_bull_reversal,bb_width,184,0.0959,0.1206
SPY,312_bull_reversal,bb_pct,184,0.016,-0.0503
SPY,312_bull_reversal,obv,184,0.0485,0.0599
SPY,312_bull_reversal,rvol,184,0.0214,0.012
SPY,312_bull_reversal,rvol_10,184,0.0286,0.0154
SPY,312_bull_reversal,vwap,184,0.1051,0.1174
SPY,312_bull_reversal,price_vs_vwap,184,-0.0311,0.043
SPY,312_bull_reversal,price_vs_ema9,184,0.0346,0.0105
SPY,312_bull_reversal,price_vs_ema20,184,0.0643,0.0299
SPY,312_bull_reversal,consecutive_up,184,-0.1524,-0.1884
SPY,312_bull_reversal,consecutive_down,184,0.1524,0.1884
SPY,312_bull_reversal,intraday_return,184,0.087,0.088
SPY,312_bull_reversal,high_low_spread_pct,184,0.0187,0.1
SPY,312_bull_reversal,vix_close,184,-0.1028,-0.0065
SPY,312_bull_reversal,total_gex,184,-0.0141,-0.062
SPY,312_bull_reversal,total_vex,184,-0.1021,-0.1257
SPY,312_bull_reversal,flip_price,119,-0.0547,-0.0684
SPY,312_bull_reversal,distance_to_king_pct,184,0.0478,0.0914
SPY,312_bull_reversal,distance_to_gate_pct,181,0.0306,0.094
SPY,322_bear_continuation,rsi_9,249,-0.0038,-0.0201
SPY,322_bear_continuation,rsi_14,249,-0.009,-0.0236
SPY,322_bear_continuation,stoch_rsi_k,249,0.0294,0.045
SPY,322_bear_continuation,stoch_rsi_d,249,0.0355,0.0375
SPY,322_bear_continuation,ema_9,249,0.0146,-0.0098
SPY,322_bear_continuation,ema_20,249,0.0146,-0.0105
SPY,322_bear_continuation,ema_50,248,0.0083,-0.022
SPY,322_bear_continuation,sma_50,248,0.0079,-0.0211
SPY,322_bear_continuation,sma_200,246,0.0029,-0.0326
SPY,322_bear_continuation,macd,248,0.0097,0.0011
SPY,322_bear_continuation,macd_signal,248,0.0213,-0.0049
SPY,322_bear_continuation,macd_histogram,248,-0.0342,-0.009
SPY,322_bear_continuation,atr_14,249,-0.0097,0.0036
SPY,322_bear_continuation,bb_upper,249,0.0164,-0.0076
SPY,322_bear_continuation,bb_lower,249,0.0129,-0.0114
SPY,322_bear_continuation,bb_width,249,0.076,0.0113
SPY,322_bear_continuation,bb_pct,249,0.0014,-0.0322
SPY,322_bear_continuation,obv,249,-0.022,-0.0482
SPY,322_bear_continuation,rvol,249,0.0391,0.0853
SPY,322_bear_continuation,rvol_10,249,0.0122,0.0716
SPY,322_bear_continuation,vwap,249,0.0134,-0.0101
SPY,322_bear_continuation,price_vs_vwap,249,0.0953,-0.0964
SPY,322_bear_continuation,price_vs_ema9,249,0.0008,-0.0442
SPY,322_bear_continuation,price_vs_ema20,249,0.0228,-0.013
SPY,322_bear_continuation,consecutive_up,249,0.0193,-0.0497
SPY,322_bear_continuation,consecutive_down,249,-0.0257,0.0403
SPY,322_bear_continuation,intraday_return,249,0.1005,-0.1181
SPY,322_bear_continuation,high_low_spread_pct,249,0.0331,0.066
SPY,322_bear_continuation,vix_close,249,-0.1426,-0.0434
SPY,322_bear_continuation,total_gex,248,-0.0223,-0.0021
SPY,322_bear_continuation,total_vex,248,0.0065,0.0134
SPY,322_bear_continuation,flip_price,143,-0.0114,-0.0429
SPY,322_bear_continuation,distance_to_king_pct,248,0.0428,0.0074
SPY,322_bear_continuation,distance_to_gate_pct,241,0.0597,-0.0074
SPY,322_bull_continuation,rsi_9,354,-0.0169,0.0047
SPY,322_bull_continuation,rsi_14,354,-0.0217,-0.0037
SPY,322_bull_continuation,stoch_rsi_k,354,-0.0504,-0.0263
SPY,322_bull_continuation,stoch_rsi_d,354,-0.0489,-0.0324
SPY,322_bull_continuation,ema_9,354,-0.0082,0.0376
SPY,322_bull_continuation,ema_20,354,-0.0083,0.0373
SPY,322_bull_continuation,ema_50,354,-0.0068,0.0378
SPY,322_bull_continuation,sma_50,354,-0.0078,0.0367
SPY,322_bull_continuation,sma_200,352,-0.0039,0.0514
SPY,322_bull_continuation,macd,354,-0.0122,0.0076
SPY,322_bull_continuation,macd_signal,354,-0.032,-0.0074
SPY,322_bull_continuation,macd_histogram,354,0.0607,-0.0108
SPY,322_bull_continuation,atr_14,354,0.1923,0.0919
SPY,322_bull_continuation,bb_upper,354,-0.0042,0.0398
SPY,322_bull_continuation,bb_lower,354,-0.0124,0.0366
SPY,322_bull_continuation,bb_width,354,0.1756,0.0843
SPY,322_bull_continuation,bb_pct,354,-0.0518,-0.0368
SPY,322_bull_continuation,obv,354,-0.0588,-0.0463
SPY,322_bull_continuation,rvol,354,0.0074,-0.0661
SPY,322_bull_continuation,rvol_10,354,0.0036,-0.0574
SPY,322_bull_continuation,vwap,354,-0.008,0.0365
SPY,322_bull_continuation,price_vs_vwap,354,0.0253,0.1083
SPY,322_bull_continuation,price_vs_ema9,354,0.0876,0.0238
SPY,322_bull_continuation,price_vs_ema20,354,0.0763,0.0279
SPY,322_bull_continuation,consecutive_up,354,0.0261,0.0536
SPY,322_bull_continuation,consecutive_down,354,-0.0404,-0.0707
SPY,322_bull_continuation,intraday_return,354,-0.068,0.0587
SPY,322_bull_continuation,high_low_spread_pct,354,0.334,0.0584
SPY,322_bull_continuation,vix_close,354,0.2048,0.0356
SPY,322_bull_continuation,total_gex,354,-0.0836,-0.0973
SPY,322_bull_continuation,total_vex,354,-0.0034,-0.032
SPY,322_bull_continuation,flip_price,222,-0.0953,-0.0044
SPY,322_bull_continuation,distance_to_king_pct,354,0.1143,0.1184
SPY,322_bull_continuation,distance_to_gate_pct,343,0.054,0.095
SPY,32_bear_reversal,rsi_9,117,-0.1717,-0.1474
SPY,32_bear_reversal,rsi_14,117,-0.1941,-0.1561
SPY,32_bear_reversal,stoch_rsi_k,117,-0.0773,-0.1206
SPY,32_bear_reversal,stoch_rsi_d,117,-0.0955,-0.121
SPY,32_bear_reversal,ema_9,117,-0.1738,-0.2001
SPY,32_bear_reversal,ema_20,117,-0.1723,-0.1954
SPY,32_bear_reversal,ema_50,117,-0.1698,-0.1887
SPY,32_bear_reversal,sma_50,117,-0.1682,-0.1905
SPY,32_bear_reversal,sma_200,116,-0.1791,-0.2115
SPY,32_bear_reversal,macd,117,-0.2121,-0.1689
SPY,32_bear_reversal,macd_signal,117,-0.2186,-0.1645
SPY,32_bear_reversal,macd_histogram,117,-0.0128,-0.0293
SPY,32_bear_reversal,atr_14,117,-0.0419,-0.0641
SPY,32_bear_reversal,bb_upper,117,-0.1706,-0.1951
SPY,32_bear_reversal,bb_lower,117,-0.1746,-0.2013
SPY,32_bear_reversal,bb_width,117,0.0286,-0.0425
SPY,32_bear_reversal,bb_pct,117,-0.1127,-0.1057
SPY,32_bear_reversal,obv,117,-0.1332,-0.1743
SPY,32_bear_reversal,rvol,117,-0.0767,-0.0166
SPY,32_bear_reversal,rvol_10,117,-0.094,-0.0287
SPY,32_bear_reversal,vwap,117,-0.1734,-0.1985
SPY,32_bear_reversal,price_vs_vwap,117,-0.088,-0.1972
SPY,32_bear_reversal,price_vs_ema9,117,-0.0693,-0.1246
SPY,32_bear_reversal,price_vs_ema20,117,-0.135,-0.1498
SPY,32_bear_reversal,consecutive_up,117,-0.0479,-0.0479
SPY,32_bear_reversal,consecutive_down,117,0.0485,0.0468
SPY,32_bear_reversal,intraday_return,117,-0.0791,-0.1966
SPY,32_bear_reversal,high_low_spread_pct,117,0.0381,0.0865
SPY,32_bear_reversal,vix_close,117,0.0959,0.0005
SPY,32_bear_reversal,total_gex,116,-0.0836,-0.0636
SPY,32_bear_reversal,total_vex,116,0.1803,0.1939
SPY,32_bear_reversal,flip_price,74,-0.2188,-0.2033
SPY,32_bear_reversal,distance_to_king_pct,115,-0.0653,-0.1413
SPY,32_bear_reversal,distance_to_gate_pct,111,-0.1268,-0.1945
SPY,32_bull_reversal,rsi_9,153,-0.0229,-0.1235
SPY,32_bull_reversal,rsi_14,153,0.0363,-0.0962
SPY,32_bull_reversal,stoch_rsi_k,153,-0.2193,-0.1997
SPY,32_bull_reversal,stoch_rsi_d,153,-0.1972,-0.1744
SPY,32_bull_reversal,ema_9,153,-0.05,-0.023
SPY,32_bull_reversal,ema_20,153,-0.0512,-0.0228
SPY,32_bull_reversal,ema_50,153,-0.0569,-0.0278
SPY,32_bull_reversal,sma_50,153,-0.0583,-0.0299
SPY,32_bull_reversal,sma_200,153,-0.0709,-0.041
SPY,32_bull_reversal,macd,153,0.1953,-0.0112
SPY,32_bull_reversal,macd_signal,153,0.2748,0.0438
SPY,32_bull_reversal,macd_histogram,153,-0.3162,-0.1949
SPY,32_bull_reversal,atr_14,153,-0.2079,-0.0143
SPY,32_bull_reversal,bb_upper,153,-0.0525,-0.0217
SPY,32_bull_reversal,bb_lower,153,-0.047,-0.0189
SPY,32_bull_reversal,bb_width,153,-0.1564,-0.0529
SPY,32_bull_reversal,bb_pct,153,-0.0786,-0.1238
SPY,32_bull_reversal,obv,153,-0.0204,-0.0386
SPY,32_bull_reversal,rvol,153,0.0481,-0.002
SPY,32_bull_reversal,rvol_10,153,0.0221,0.0046
SPY,32_bull_reversal,vwap,153,-0.0504,-0.0247
SPY,32_bull_reversal,price_vs_vwap,153,0.0276,0.0512
SPY,32_bull_reversal,price_vs_ema9,153,-0.0501,-0.0583
SPY,32_bull_reversal,price_vs_ema20,153,0.0517,-0.0652
SPY,32_bull_reversal,consecutive_up,153,-0.1232,-0.0959
SPY,32_bull_reversal,consecutive_down,153,0.1324,0.1
SPY,32_bull_reversal,intraday_return,153,0.05,0.13
SPY,32_bull_reversal,high_low_spread_pct,153,-0.221,0.0261
SPY,32_bull_reversal,vix_close,153,-0.1704,-0.049
SPY,32_bull_reversal,total_gex,152,0.1047,-0.0182
SPY,32_bull_reversal,total_vex,152,0.035,0.0151
SPY,32_bull_reversal,flip_price,105,-0.0698,-0.0508
SPY,32_bull_reversal,distance_to_king_pct,152,-0.1151,-0.0533
SPY,32_bull_reversal,distance_to_gate_pct,146,-0.0551,0.0267
SPY,clean_2d_bear,rsi_9,275,0.0222,0.0405
SPY,clean_2d_bear,rsi_14,275,0.0219,0.0374
SPY,clean_2d_bear,stoch_rsi_k,274,-0.0308,0.0082
SPY,clean_2d_bear,stoch_rsi_d,274,-0.0301,0.0035
SPY,clean_2d_bear,ema_9,274,-0.0206,-0.0361
SPY,clean_2d_bear,ema_20,274,-0.0213,-0.0364
SPY,clean_2d_bear,ema_50,274,-0.0242,-0.0387
SPY,clean_2d_bear,sma_50,274,-0.0254,-0.0397
SPY,clean_2d_bear,sma_200,270,-0.0216,-0.0196
SPY,clean_2d_bear,macd,274,0.0978,0.0866
SPY,clean_2d_bear,macd_signal,274,0.1348,0.0798
SPY,clean_2d_bear,macd_histogram,274,-0.0976,-0.0323
SPY,clean_2d_bear,atr_14,275,-0.2296,-0.0191
SPY,clean_2d_bear,bb_upper,274,-0.0214,-0.0354
SPY,clean_2d_bear,bb_lower,274,-0.0193,-0.0352
SPY,clean_2d_bear,bb_width,274,-0.0469,0.0175
SPY,clean_2d_bear,bb_pct,274,0.0551,0.0534
SPY,clean_2d_bear,obv,275,-0.0727,-0.0671
SPY,clean_2d_bear,rvol,275,-0.0086,-0.1157
SPY,clean_2d_bear,rvol_10,275,-0.0156,-0.1257
SPY,clean_2d_bear,vwap,275,-0.0247,-0.0436
SPY,clean_2d_bear,price_vs_vwap,275,0.0656,-0.0306
SPY,clean_2d_bear,price_vs_ema9,274,0.0692,0.0427
SPY,clean_2d_bear,price_vs_ema20,274,0.0762,0.06
SPY,clean_2d_bear,consecutive_up,275,0.0224,-0.0061
SPY,clean_2d_bear,consecutive_down,275,-0.0468,-0.0241
SPY,clean_2d_bear,intraday_return,275,0.0337,-0.0273
SPY,clean_2d_bear,high_low_spread_pct,275,-0.1388,0.0096
SPY,clean_2d_bear,vix_close,275,-0.2845,-0.0089
SPY,clean_2d_bear,total_gex,272,-0.0106,-0.0357
SPY,clean_2d_bear,total_vex,272,0.0356,0.0401
SPY,clean_2d_bear,flip_price,164,-0.1887,-0.1416
SPY,clean_2d_bear,distance_to_king_pct,272,-0.0546,-0.0218
SPY,clean_2d_bear,distance_to_gate_pct,264,-0.0441,-0.0259
SPY,clean_2u_bull,rsi_9,369,-0.0657,-0.0726
SPY,clean_2u_bull,rsi_14,369,-0.075,-0.0877
SPY,clean_2u_bull,stoch_rsi_k,369,-0.0279,-0.0383
SPY,clean_2u_bull,stoch_rsi_d,369,-0.026,-0.0289
SPY,clean_2u_bull,ema_9,369,0.0133,0.0404
SPY,clean_2u_bull,ema_20,369,0.014,0.0413
SPY,clean_2u_bull,ema_50,369,0.0161,0.0444
SPY,clean_2u_bull,sma_50,369,0.0169,0.0461
SPY,clean_2u_bull,sma_200,368,0.0135,0.0436
SPY,clean_2u_bull,macd,369,-0.0818,-0.0957
SPY,clean_2u_bull,macd_signal,369,-0.0923,-0.1059
SPY,clean_2u_bull,macd_histogram,369,0.023,0.0113
SPY,clean_2u_bull,atr_14,369,0.0077,0.0649
SPY,clean_2u_bull,bb_upper,369,0.0123,0.0406
SPY,clean_2u_bull,bb_lower,369,0.0147,0.042
SPY,clean_2u_bull,bb_width,369,-0.0361,0.0565
SPY,clean_2u_bull,bb_pct,369,-0.0564,-0.0705
SPY,clean_2u_bull,obv,369,-0.0036,0.032
SPY,clean_2u_bull,rvol,369,-0.1116,-0.0481
SPY,clean_2u_bull,rvol_10,369,-0.1088,-0.0613
SPY,clean_2u_bull,vwap,369,0.0129,0.0404
SPY,clean_2u_bull,price_vs_vwap,369,-0.1086,-0.0424
SPY,clean_2u_bull,price_vs_ema9,369,-0.0817,-0.0459
SPY,clean_2u_bull,price_vs_ema20,369,-0.0827,-0.0721
SPY,clean_2u_bull,consecutive_up,369,-0.0144,0.012
SPY,clean_2u_bull,consecutive_down,369,0.0256,0.0044
SPY,clean_2u_bull,intraday_return,369,-0.0726,-0.0438
SPY,clean_2u_bull,high_low_spread_pct,369,-0.0198,0.0412
SPY,clean_2u_bull,vix_close,369,-0.0225,0.0103
SPY,clean_2u_bull,total_gex,369,-0.0603,-0.1129
SPY,clean_2u_bull,total_vex,369,-0.0123,-0.0388
SPY,clean_2u_bull,flip_price,229,-0.0446,-0.0147
SPY,clean_2u_bull,distance_to_king_pct,369,0.0301,0.0813
SPY,clean_2u_bull,distance_to_gate_pct,362,0.0139,0.0789
SPY,f2d_bull_reversal,rsi_9,149,0.0265,0.0168
SPY,f2d_bull_reversal,rsi_14,149,0.0514,0.0273
SPY,f2d_bull_reversal,stoch_rsi_k,149,-0.1034,-0.0764
SPY,f2d_bull_reversal,stoch_rsi_d,149,-0.1125,-0.0941
SPY,f2d_bull_reversal,ema_9,149,0.0524,0.0693
SPY,f2d_bull_reversal,ema_20,149,0.0517,0.0697
SPY,f2d_bull_reversal,ema_50,148,0.0231,0.0503
SPY,f2d_bull_reversal,sma_50,148,0.0232,0.0495
SPY,f2d_bull_reversal,sma_200,146,0.009,0.042
SPY,f2d_bull_reversal,macd,148,0.1156,0.0316
SPY,f2d_bull_reversal,macd_signal,148,0.1505,0.0387
SPY,f2d_bull_reversal,macd_histogram,148,-0.1028,-0.1164
SPY,f2d_bull_reversal,atr_14,149,-0.0208,0.1147
SPY,f2d_bull_reversal,bb_upper,149,0.0528,0.073
SPY,f2d_bull_reversal,bb_lower,149,0.0517,0.0737
SPY,f2d_bull_reversal,bb_width,149,0.051,0.0794
SPY,f2d_bull_reversal,bb_pct,149,0.0032,-0.0034
SPY,f2d_bull_reversal,obv,149,0.0855,0.0633
SPY,f2d_bull_reversal,rvol,149,-0.0517,-0.0096
SPY,f2d_bull_reversal,rvol_10,149,-0.0529,0.0005
SPY,f2d_bull_reversal,vwap,149,0.0525,0.0696
SPY,f2d_bull_reversal,price_vs_vwap,149,-0.0525,-0.0832
SPY,f2d_bull_reversal,price_vs_ema9,149,-0.006,-0.0003
SPY,f2d_bull_reversal,price_vs_ema20,149,0.0414,0.0423
SPY,f2d_bull_reversal,consecutive_up,149,0.2529,0.296
SPY,f2d_bull_reversal,consecutive_down,149,-0.2592,-0.3059
SPY,f2d_bull_reversal,intraday_return,149,-0.0609,0.055
SPY,f2d_bull_reversal,high_low_spread_pct,149,-0.0189,0.0713
SPY,f2d_bull_reversal,vix_close,149,0.0022,0.0444
SPY,f2d_bull_reversal,total_gex,149,0.0411,-0.0068
SPY,f2d_bull_reversal,total_vex,149,-0.0811,-0.0994
SPY,f2d_bull_reversal,flip_price,93,0.0831,0.1106
SPY,f2d_bull_reversal,distance_to_king_pct,149,0.0597,0.1135
SPY,f2d_bull_reversal,distance_to_gate_pct,147,0.0304,0.0529
SPY,f2u_bear_reversal,rsi_9,160,-0.0479,-0.1674
SPY,f2u_bear_reversal,rsi_14,160,-0.0102,-0.1314
SPY,f2u_bear_reversal,stoch_rsi_k,160,-0.1329,-0.1864
SPY,f2u_bear_reversal,stoch_rsi_d,160,-0.1411,-0.185
SPY,f2u_bear_reversal,ema_9,159,0.0413,-0.0457
SPY,f2u_bear_reversal,ema_20,159,0.0401,-0.0448
SPY,f2u_bear_reversal,ema_50,159,0.0366,-0.048
SPY,f2u_bear_reversal,sma_50,159,0.0346,-0.0497
SPY,f2u_bear_reversal,sma_200,157,0.0355,-0.0521
SPY,f2u_bear_reversal,macd,159,0.1647,-0.0084
SPY,f2u_bear_reversal,macd_signal,159,0.2278,0.0508
SPY,f2u_bear_reversal,macd_histogram,159,-0.1165,-0.2359
SPY,f2u_bear_reversal,atr_14,160,-0.0679,-0.0357
SPY,f2u_bear_reversal,bb_upper,159,0.0376,-0.0489
SPY,f2u_bear_reversal,bb_lower,159,0.0441,-0.041
SPY,f2u_bear_reversal,bb_width,159,-0.1218,-0.0697
SPY,f2u_bear_reversal,bb_pct,159,-0.0966,-0.2059
SPY,f2u_bear_reversal,obv,160,0.0265,-0.0726
SPY,f2u_bear_reversal,rvol,160,0.1074,0.0242
SPY,f2u_bear_reversal,rvol_10,160,0.0999,0.0044
SPY,f2u_bear_reversal,vwap,160,0.0386,-0.0486
SPY,f2u_bear_reversal,price_vs_vwap,160,0.0483,0.0677
SPY,f2u_bear_reversal,price_vs_ema9,159,-0.0013,-0.2017
SPY,f2u_bear_reversal,price_vs_ema20,159,0.0566,-0.131
SPY,f2u_bear_reversal,consecutive_up,160,-0.0191,-0.0759
SPY,f2u_bear_reversal,consecutive_down,160,0.0076,0.0514
SPY,f2u_bear_reversal,intraday_return,160,0.0519,-0.02
SPY,f2u_bear_reversal,high_low_spread_pct,160,-0.1279,0.0617
SPY,f2u_bear_reversal,vix_close,160,-0.167,-0.0139
SPY,f2u_bear_reversal,total_gex,160,-0.0191,-0.0594
SPY,f2u_bear_reversal,total_vex,160,-0.0422,0.0601
SPY,f2u_bear_reversal,flip_price,108,-0.0465,-0.1156
SPY,f2u_bear_reversal,distance_to_king_pct,160,0.0333,-0.0257
SPY,f2u_bear_reversal,distance_to_gate_pct,157,-0.0013,-0.0381
SPY,none,rsi_9,3445,0.0031,-0.017
SPY,none,rsi_14,3445,0.0008,-0.0245
SPY,none,stoch_rsi_k,3444,0.0012,0.0004
SPY,none,stoch_rsi_d,3444,-0.0049,-0.0094
SPY,none,ema_9,3443,0.0144,0.0059
SPY,none,ema_20,3442,0.0138,0.0054
SPY,none,ema_50,3438,0.0134,0.0053
SPY,none,sma_50,3438,0.0133,0.0057
SPY,none,sma_200,3416,0.0156,0.0125
SPY,none,macd,3441,0.015,-0.015
SPY,none,macd_signal,3441,0.0109,-0.0195
SPY,none,macd_histogram,3441,0.0159,-0.0018
SPY,none,atr_14,3445,0.0246,0.0444
SPY,none,bb_upper,3442,0.0141,0.0055
SPY,none,bb_lower,3442,0.0133,0.0057
SPY,none,bb_width,3442,0.0223,0.0358
SPY,none,bb_pct,3442,0.0026,-0.0142
SPY,none,obv,3445,0.0002,-0.0024
SPY,none,rvol,3445,-0.0174,0.0078
SPY,none,rvol_10,3445,-0.0274,-0.0002
SPY,none,vwap,3445,0.0148,0.0064
SPY,none,price_vs_vwap,3445,-0.0397,0.0138
SPY,none,price_vs_ema9,3443,0.0073,0.0033
SPY,none,price_vs_ema20,3442,0.0156,-0.0043
SPY,none,consecutive_up,3445,0.0186,0.0229
SPY,none,consecutive_down,3445,-0.0182,-0.0216
SPY,none,intraday_return,3445,-0.043,-0.0003
SPY,none,high_low_spread_pct,3445,-0.0733,0.0424
SPY,none,vix_close,3445,-0.0476,0.0083
SPY,none,total_gex,3435,-0.0252,-0.0573
SPY,none,total_vex,3435,-0.0233,-0.0161
SPY,none,flip_price,2246,0.0168,0.0046
SPY,none,distance_to_king_pct,3435,0.0134,0.024
SPY,none,distance_to_gate_pct,3366,0.0206,0.0307
