Time,Open,High,Low,Last,Change,%Chg,Volume
"2024-08-28 19:59",216.87,216.87,216.87,216.87,-0.1,-0.05%,500
"2024-08-28 19:56",216.99,216.99,216.97,216.97,0.03,+0.01%,300
"2024-08-28 19:54",216.94,216.94,216.94,216.94,0.01,0.00%,232
"2024-08-28 19:53",216.93,216.93,216.93,216.93,0.01,0.00%,637
"2024-08-28 19:52",216.92,216.92,216.92,216.92,0.069,+0.03%,230
"2024-08-28 19:51",216.94,216.94,216.851,216.851,-0.039,-0.02%,275
"2024-08-28 19:50",216.89,216.89,216.89,216.89,0.01,0.00%,200
"2024-08-28 19:49",216.86,216.88,216.84,216.88,0.01,0.00%,1068
"2024-08-28 19:48",216.87,216.87,216.87,216.87,0.01,0.00%,230
"2024-08-28 19:47",216.94,216.94,216.86,216.86,-0.08,-0.04%,830
"2024-08-28 19:46",216.94,216.94,216.94,216.94,0.09,+0.04%,156
"2024-08-28 19:45",216.87,216.87,216.85,216.85,0.06,+0.03%,1100
"2024-08-28 19:42",216.8393,216.8393,216.79,216.79,0.15,+0.07%,228
"2024-08-28 19:39",216.64,216.64,216.64,216.64,0,0.00%,131
"2024-08-28 19:38",216.64,216.64,216.64,216.64,0.03,+0.01%,657
"2024-08-28 19:37",216.61,216.61,216.61,216.61,0.02,+0.01%,100
"2024-08-28 19:32",216.56,216.59,216.56,216.59,0.07,+0.03%,638
"2024-08-28 19:31",216.53,216.53,216.52,216.52,0.03,+0.01%,1819
"2024-08-28 19:30",216.48,216.49,216.48,216.49,-0.05,-0.02%,410
"2024-08-28 19:28",216.54,216.54,216.54,216.54,-0.05,-0.02%,100
"2024-08-28 19:24",216.53,216.59,216.53,216.59,0,0.00%,1100
"2024-08-28 19:23",216.59,216.59,216.59,216.59,-0.05,-0.02%,123
"2024-08-28 19:20",216.57,216.64,216.57,216.64,0.08,+0.04%,500
"2024-08-28 19:19",216.56,216.56,216.56,216.56,-0.04,-0.02%,129
"2024-08-28 19:17",216.6,216.6,216.6,216.6,-0.03,-0.01%,209
"2024-08-28 19:16",216.63,216.63,216.63,216.63,0.03,+0.01%,150
"2024-08-28 19:14",216.6,216.6,216.6,216.6,-0.09,-0.04%,100
"2024-08-28 19:12",216.69,216.69,216.69,216.69,0.01,0.00%,200
"2024-08-28 19:11",216.66,216.68,216.66,216.68,0.049,+0.02%,999
"2024-08-28 19:09",216.6301,216.631,216.6301,216.631,0.031,+0.01%,309
"2024-08-28 19:08",216.6,216.6,216.6,216.6,-0.0499,-0.02%,109
"2024-08-28 19:07",216.6499,216.6499,216.6499,216.6499,0.0199,+0.01%,173
"2024-08-28 19:06",216.63,216.63,216.63,216.63,0.03,+0.01%,486
"2024-08-28 19:04",216.6,216.6,216.6,216.6,0.06,+0.03%,190
"2024-08-28 19:03",216.55,216.55,216.54,216.54,-0.1,-0.05%,700
"2024-08-28 19:01",216.63,216.64,216.63,216.64,-0.03,-0.01%,600
"2024-08-28 19:00",216.55,216.67,216.55,216.67,0.07,+0.03%,400
"2024-08-28 18:59",216.57,216.6,216.57,216.6,0.02,+0.01%,800
"2024-08-28 18:58",216.62,216.62,216.58,216.58,-0.09,-0.04%,642
"2024-08-28 18:57",216.67,216.67,216.67,216.67,0.05,+0.02%,200
"2024-08-28 18:56",216.67,216.67,216.62,216.62,0.16,+0.07%,360
"2024-08-28 18:53",216.59,216.59,216.46,216.46,-0.06,-0.03%,699
"2024-08-28 18:51",216.6,216.6,216.52,216.52,-0.04,-0.02%,1030
"2024-08-28 18:50",216.56,216.56,216.56,216.56,0.16,+0.07%,500
"2024-08-28 18:49",216.4,216.4,216.4,216.4,-0.11,-0.05%,100
"2024-08-28 18:48",216.51,216.51,216.51,216.51,0.11,+0.05%,100
"2024-08-28 18:46",216.4,216.4,216.4,216.4,-0.06,-0.03%,146
"2024-08-28 18:45",216.49,216.51,216.46,216.46,-0.06,-0.03%,1800
"2024-08-28 18:44",216.52,216.52,216.52,216.52,-0.02,-0.01%,125
"2024-08-28 18:43",216.53,216.62,216.4995,216.54,0.04,+0.02%,975
"2024-08-28 18:42",216.5,216.5,216.5,216.5,0.02,+0.01%,100
"2024-08-28 18:41",216.51,216.56,216.48,216.48,-0.03,-0.01%,1750
"2024-08-28 18:40",216.81,216.81,216.51,216.51,-0.32,-0.15%,5997
"2024-08-28 18:39",216.8,216.83,216.8,216.83,0.024,+0.01%,633
"2024-08-28 18:37",216.8,216.806,216.8,216.806,-0.064,-0.03%,783
"2024-08-28 18:34",216.93,216.93,216.87,216.87,-0.06,-0.03%,468
"2024-08-28 18:33",216.92,216.93,216.92,216.93,-0.09,-0.04%,700
"2024-08-28 18:31",216.93,217.02,216.93,217.02,0.17,+0.08%,200
"2024-08-28 18:29",216.85,216.85,216.85,216.85,-0.02,-0.01%,500
"2024-08-28 18:27",216.87,216.87,216.87,216.87,-0.04,-0.02%,476
"2024-08-28 18:24",216.92,216.92,216.91,216.91,-0.05,-0.02%,327
"2024-08-28 18:23",216.96,217.01,216.96,216.96,0,0.00%,850
"2024-08-28 18:22",216.96,216.96,216.96,216.96,-0.06,-0.03%,367
"2024-08-28 18:21",216.926,217.02,216.926,217.02,0,0.00%,722
"2024-08-28 18:20",217.02,217.02,217.02,217.02,0,0.00%,499
"2024-08-28 18:19",217.02,217.02,217.02,217.02,-0.08,-0.04%,116
"2024-08-28 18:18",217.1,217.1,217.1,217.1,0.04,+0.02%,100
"2024-08-28 18:17",217.06,217.06,217.06,217.06,0.01,0.00%,119
"2024-08-28 18:15",217.05,217.05,217.05,217.05,0.14,+0.06%,1000
"2024-08-28 18:14",216.95,216.95,216.91,216.91,0,0.00%,229
"2024-08-28 18:13",216.98,216.98,216.91,216.91,-0.1,-0.05%,271
"2024-08-28 18:12",217.01,217.01,217.01,217.01,0.26,+0.12%,500
"2024-08-28 18:11",216.85,216.85,216.75,216.75,-0.16,-0.07%,1290
"2024-08-28 18:10",216.91,216.91,216.87,216.91,-0.03,-0.01%,6200
"2024-08-28 18:09",217.01,217.01,216.94,216.94,-0.24,-0.11%,3953
"2024-08-28 18:08",217.25,217.25,217.14,217.18,-0.14,-0.06%,6119
"2024-08-28 18:07",217.32,217.32,217.32,217.32,0.02,+0.01%,1500
"2024-08-28 18:06",217.3,217.3,217.3,217.3,-0.1,-0.05%,1100
"2024-08-28 18:05",217.41,217.43,217.39,217.4,-0.05,-0.02%,3200
"2024-08-28 18:04",217.4,217.46,217.37,217.45,-0.07,-0.03%,3678
"2024-08-28 18:03",217.5904,217.5904,217.48,217.52,-0.13,-0.06%,2142
"2024-08-28 18:02",217.35,217.67,217.35,217.65,0.25,+0.11%,4234
"2024-08-28 18:01",217.2,217.41,217.15,217.4,0.16,+0.07%,7970
"2024-08-28 18:00",216.45,217.26,216.45,217.24,0.93,+0.43%,44471
"2024-08-28 17:59",216.46,216.46,216.31,216.31,-0.15,-0.07%,700
"2024-08-28 17:58",216.49,216.49,216.416,216.46,0.0593,+0.03%,1190
"2024-08-28 17:57",216.51,216.51,216.37,216.4007,-0.0993,-0.05%,7404
"2024-08-28 17:55",216.7742,216.7742,216.5,216.5,-0.13,-0.06%,5211
"2024-08-28 17:53",216.67,216.67,216.63,216.63,0.01,0.00%,400
"2024-08-28 17:52",216.61,216.62,216.61,216.62,0.1,+0.05%,530
"2024-08-28 17:51",216.71,216.71,216.52,216.52,-0.294,-0.14%,4737
"2024-08-28 17:50",216.814,216.814,216.814,216.814,0.114,+0.05%,100
"2024-08-28 17:49",216.9,216.9,216.7,216.7,-0.24,-0.11%,847
"2024-08-28 17:48",216.98,216.98,216.94,216.94,-0.04,-0.02%,289
"2024-08-28 17:47",216.98,216.98,216.98,216.98,0,0.00%,500
"2024-08-28 17:46",216.98,216.98,216.98,216.98,0,0.00%,144
"2024-08-28 17:44",216.98,216.98,216.98,216.98,0,0.00%,2404
"2024-08-28 17:43",217.05,217.05,216.98,216.98,-0.08,-0.04%,3086
"2024-08-28 17:42",217.06,217.06,217.06,217.06,-0.01,0.00%,105
"2024-08-28 17:38",217.07,217.07,217.07,217.07,0,0.00%,104
"2024-08-28 17:37",217.07,217.07,217.07,217.07,0.01,0.00%,119
"2024-08-28 17:35",217.07,217.15,217.06,217.06,-0.01,0.00%,824
"2024-08-28 17:34",217.15,217.15,217.07,217.07,-0.08,-0.04%,750
"2024-08-28 17:32",217.16,217.16,217.15,217.15,0.1,+0.05%,400
"2024-08-28 17:31",217.06,217.06,217.05,217.05,-0.1,-0.05%,419
"2024-08-28 17:30",217.15,217.15,217.15,217.15,0.05,+0.02%,100
"2024-08-28 17:29",217.1,217.1,217.1,217.1,0,0.00%,301
"2024-08-28 17:28",217.09,217.1,217.09,217.1,0.05,+0.02%,2603
"2024-08-28 17:27",217.06,217.06,217.05,217.05,-0.01,0.00%,287
"2024-08-28 17:26",217.06,217.06,217.06,217.06,0,0.00%,134
"2024-08-28 17:25",217.06,217.06,217.06,217.06,0,0.00%,208
"2024-08-28 17:23",217.06,217.06,217.06,217.06,0.01,0.00%,230
"2024-08-28 17:21",217.11,217.11,217.05,217.05,-0.076,-0.04%,4410
"2024-08-28 17:20",217.15,217.16,217.126,217.126,-0.024,-0.01%,1154
"2024-08-28 17:15",217.17,217.17,217.15,217.15,0,0.00%,1125
"2024-08-28 17:12",217.16,217.16,217.15,217.15,0,0.00%,9900
"2024-08-28 17:11",216.8,217.15,216.8,217.15,-0.04,-0.02%,421
"2024-08-28 17:09",217.24,217.24,217.19,217.19,-0.2,-0.09%,712
"2024-08-28 17:08",217.23,217.4,217.23,217.39,0.17,+0.08%,3523
"2024-08-28 17:06",217.24,217.24,217.11,217.22,-0.04,-0.02%,4350
"2024-08-28 17:05",217.26,217.26,217.26,217.26,-0.04,-0.02%,256278
"2024-08-28 17:04",217.3,217.3,217.3,217.3,-0.03,-0.01%,100
"2024-08-28 17:01",217.34,217.34,217.33,217.33,-0.04,-0.02%,700
"2024-08-28 17:00",217.37,217.44,217.37,217.37,0.08,+0.04%,750
"2024-08-28 16:59",217.3,217.3,217.29,217.29,-0.05,-0.02%,1100
"2024-08-28 16:58",217.22,217.34,217.22,217.34,0.07,+0.03%,6051
"2024-08-28 16:57",217.25,217.27,217.25,217.27,0.01,0.00%,1100
"2024-08-28 16:56",217.34,217.39,217.26,217.26,-0.08,-0.04%,9676
"2024-08-28 16:55",217.23,217.34,217.23,217.34,0.12,+0.06%,15426
"2024-08-28 16:54",217.22,217.22,217.22,217.22,-0.13,-0.06%,100
"2024-08-28 16:53",217.32,217.38,217.32,217.35,0.08,+0.04%,1000
"2024-08-28 16:52",217.27,217.27,217.27,217.27,0.05,+0.02%,425
"2024-08-28 16:51",217.22,217.22,217.22,217.22,0.03,+0.01%,100
"2024-08-28 16:50",217.18,217.19,217.18,217.19,-0.09,-0.04%,200
"2024-08-28 16:49",217.26,217.28,217.26,217.28,-0.04,-0.02%,2463
"2024-08-28 16:48",217.34,217.36,217.31,217.32,-0.03,-0.01%,4300
"2024-08-28 16:47",217.34,217.35,217.33,217.35,0.03,+0.01%,2400
"2024-08-28 16:46",217.35,217.37,217.32,217.32,-0.03,-0.01%,1300
"2024-08-28 16:45",217.35,217.35,217.35,217.35,0.01,0.00%,1000
"2024-08-28 16:44",217.35,217.35,217.3,217.34,-0.03,-0.01%,3600
"2024-08-28 16:43",217.37,217.41,217.35,217.37,0.01,0.00%,750
"2024-08-28 16:41",217.36,217.36,217.36,217.36,0,0.00%,1050
"2024-08-28 16:40",217.35,217.36,217.35,217.36,0.01,0.00%,9678
"2024-08-28 16:39",217.38,217.38,217.33,217.35,0.01,0.00%,18876
"2024-08-28 16:38",217.33,217.34,217.33,217.34,0.04,+0.02%,500
"2024-08-28 16:37",217.36,217.4,217.3,217.3,0,0.00%,2528
"2024-08-28 16:36",217.31,217.39,217.3,217.3,-0.01,0.00%,39305
"2024-08-28 16:35",217.31,217.33,217.28,217.31,0,0.00%,36977
"2024-08-28 16:34",217.25,217.31,217.25,217.31,0.08,+0.04%,5038
"2024-08-28 16:33",217.2,217.23,217.2,217.23,0.13,+0.06%,300
"2024-08-28 16:32",217.06,217.1,217.06,217.1,0.06,+0.03%,757
"2024-08-28 16:31",217.07,217.1,217.04,217.04,0,0.00%,4249
"2024-08-28 16:30",217.1,217.1,217.04,217.04,0,0.00%,10595
"2024-08-28 16:29",217.19,217.22,217.04,217.04,-0.19,-0.09%,11385
"2024-08-28 16:28",217.24,217.24,217.23,217.23,-0.01,0.00%,3424
"2024-08-28 16:27",217.4,217.44,217.24,217.24,-0.18,-0.08%,26609
"2024-08-28 16:26",217.22,217.42,217.22,217.42,0.16,+0.07%,9833
"2024-08-28 16:25",217.24,217.31,217.18,217.26,0.08,+0.04%,6437
"2024-08-28 16:24",217.25,217.3,217.14,217.18,-0.02,-0.01%,63987
"2024-08-28 16:23",217.2,217.33,217.2,217.2,0.02,+0.01%,39608
"2024-08-28 16:22",217.12,217.26,217.12,217.18,0.17,+0.08%,2530
"2024-08-28 16:21",217.14,217.21,217,217.01,-0.22,-0.10%,3955
"2024-08-28 16:20",217.02,217.23,216.77,217.23,0.11,+0.05%,17036
"2024-08-28 16:19",217.14,217.14,217.12,217.12,0.03,+0.01%,4000
"2024-08-28 16:18",217.19,217.22,217.09,217.09,-0.02,-0.01%,1082
"2024-08-28 16:17",217.18,217.2,217.1,217.11,-0.06,-0.03%,8019
"2024-08-28 16:16",217.25,217.25,217.17,217.17,-0.04,-0.02%,1184
"2024-08-28 16:15",217.21,217.21,217.14,217.21,-0.01,0.00%,2325
"2024-08-28 16:14",217.18,217.22,217.15,217.22,0.04,+0.02%,3093
"2024-08-28 16:13",217.09,217.21,217.08,217.18,0.12,+0.06%,5289
"2024-08-28 16:12",217.05,217.06,217.02,217.06,-0.02,-0.01%,4751
"2024-08-28 16:11",217.1,217.15,217.08,217.08,-0.05,-0.02%,15198
"2024-08-28 16:09",217.13,217.13,217.13,217.13,0.06,+0.03%,468
"2024-08-28 16:08",217.05,217.07,217.031,217.07,0.06,+0.03%,1818
"2024-08-28 16:07",217.0692,217.08,216.99,217.01,-0.13,-0.06%,1911
"2024-08-28 16:06",217.16,217.16,217.14,217.14,-0.04,-0.02%,1300
"2024-08-28 16:05",217.1793,217.18,217.06,217.18,0,0.00%,63412
"2024-08-28 16:04",217.16,217.2,217.16,217.18,0.04,+0.02%,4124
"2024-08-28 16:03",217.13,217.14,217.12,217.14,0.02,+0.01%,2651
"2024-08-28 16:02",217.06,217.26,217.06,217.12,0.09,+0.04%,20081
"2024-08-28 16:01",217.1,217.11,216.94,217.03,-0.04,-0.02%,18472
"2024-08-28 16:00",217.31,217.52,217.07,217.07,-0.25,-0.12%,1051964
"2024-08-28 15:59",217.41,217.49,217.26,217.32,-0.09,-0.04%,1171632
"2024-08-28 15:58",217.44,217.54,217.4,217.41,-0.02,-0.01%,163950
"2024-08-28 15:57",217.54,217.545,217.41,217.43,-0.12,-0.06%,71039
"2024-08-28 15:56",217.53,217.6099,217.52,217.55,0.03,+0.01%,70525
"2024-08-28 15:55",217.52,217.55,217.44,217.52,0,0.00%,81469
"2024-08-28 15:54",217.56,217.56,217.39,217.52,-0.04,-0.02%,75410
"2024-08-28 15:53",217.53,217.615,217.51,217.56,0.01,0.00%,47156
"2024-08-28 15:52",217.76,217.82,217.55,217.55,-0.195,-0.09%,65003
"2024-08-28 15:51",217.67,217.76,217.55,217.745,0.075,+0.03%,56188
"2024-08-28 15:50",217.59,217.75,217.52,217.67,0.1,+0.05%,77620
"2024-08-28 15:49",217.67,217.69,217.51,217.57,-0.11,-0.05%,57712
"2024-08-28 15:48",217.79,217.79,217.611,217.68,-0.13,-0.06%,36996
"2024-08-28 15:47",217.77,217.86,217.76,217.81,0.05,+0.02%,47960
"2024-08-28 15:46",217.7,217.77,217.61,217.76,0.07,+0.03%,50754
"2024-08-28 15:45",217.625,217.77,217.625,217.69,0.0501,+0.02%,57308
"2024-08-28 15:44",217.6,217.6399,217.52,217.6399,0.0299,+0.01%,24364
"2024-08-28 15:43",217.45,217.61,217.45,217.61,0.16,+0.07%,41960
"2024-08-28 15:42",217.52,217.525,217.415,217.45,-0.08,-0.04%,28192
"2024-08-28 15:41",217.49,217.54,217.44,217.53,0.04,+0.02%,24592
"2024-08-28 15:40",217.44,217.49,217.41,217.49,0.05,+0.02%,27693
"2024-08-28 15:39",217.45,217.45,217.4,217.44,-0.005,0.00%,65521
"2024-08-28 15:38",217.57,217.57,217.445,217.445,-0.13,-0.06%,26185
"2024-08-28 15:37",217.535,217.59,217.47,217.575,0.055,+0.03%,28438
"2024-08-28 15:36",217.62,217.67,217.52,217.52,-0.1,-0.05%,35098
"2024-08-28 15:35",217.69,217.711,217.59,217.62,-0.08,-0.04%,25759
"2024-08-28 15:34",217.76,217.765,217.67,217.7,-0.07,-0.03%,35530
"2024-08-28 15:33",217.75,217.78,217.68,217.77,0,0.00%,31891
"2024-08-28 15:32",217.79,217.82,217.72,217.77,-0.01,0.00%,31890
"2024-08-28 15:31",217.82,217.88,217.71,217.78,-0.03,-0.01%,45412
"2024-08-28 15:30",217.91,217.91,217.75,217.81,-0.11,-0.05%,69762
"2024-08-28 15:29",217.89,217.95,217.845,217.92,0.03,+0.01%,36606
"2024-08-28 15:28",217.79,217.89,217.78,217.89,0.11,+0.05%,46815
"2024-08-28 15:27",217.7793,217.84,217.76,217.78,-0.01,0.00%,38141
"2024-08-28 15:26",217.72,217.82,217.695,217.79,0.09,+0.04%,32678
"2024-08-28 15:25",217.64,217.76,217.64,217.7,0.06,+0.03%,15060
"2024-08-28 15:24",217.51,217.65,217.51,217.64,0.13,+0.06%,32646
"2024-08-28 15:23",217.58,217.58,217.51,217.51,-0.07,-0.03%,27790
"2024-08-28 15:22",217.58,217.62,217.54,217.58,-0.01,0.00%,26362
"2024-08-28 15:21",217.62,217.64,217.57,217.59,-0.035,-0.02%,25865
"2024-08-28 15:20",217.57,217.66,217.57,217.625,0.055,+0.03%,15318
"2024-08-28 15:19",217.48,217.58,217.48,217.57,0.07,+0.03%,11977
"2024-08-28 15:18",217.4074,217.51,217.38,217.5,0.09,+0.04%,9341
"2024-08-28 15:17",217.41,217.42,217.34,217.41,0.01,0.00%,9972
"2024-08-28 15:16",217.4,217.43,217.37,217.4,0,0.00%,24361
"2024-08-28 15:15",217.3,217.42,217.295,217.4,0.1,+0.05%,18422
"2024-08-28 15:14",217.22,217.32,217.19,217.3,0.08,+0.04%,41735
"2024-08-28 15:13",217.28,217.29,217.16,217.22,-0.07,-0.03%,63203
"2024-08-28 15:12",217.36,217.36,217.275,217.29,-0.08,-0.04%,15221
"2024-08-28 15:11",217.4,217.435,217.35,217.37,-0.03,-0.01%,15272
"2024-08-28 15:10",217.37,217.43,217.35,217.4,0.03,+0.01%,17005
"2024-08-28 15:09",217.34,217.39,217.26,217.37,0.02,+0.01%,31765
"2024-08-28 15:08",217.47,217.47,217.32,217.35,-0.13,-0.06%,19619
"2024-08-28 15:07",217.52,217.52,217.39,217.48,-0.06,-0.03%,26861
"2024-08-28 15:06",217.65,217.65,217.53,217.54,-0.07,-0.03%,21431
"2024-08-28 15:05",217.72,217.76,217.59,217.61,-0.13,-0.06%,94590
"2024-08-28 15:04",217.69,217.8,217.69,217.74,0.065,+0.03%,22537
"2024-08-28 15:03",217.68,217.75,217.62,217.675,-0.005,0.00%,22248
"2024-08-28 15:02",217.68,217.76,217.65,217.68,-0.01,0.00%,47601
"2024-08-28 15:01",217.53,217.69,217.52,217.69,0.21,+0.10%,22225
"2024-08-28 15:00",217.45,217.585,217.45,217.48,0.01,0.00%,27432
"2024-08-28 14:59",217.34,217.53,217.34,217.47,0.13,+0.06%,18442
"2024-08-28 14:58",217.23,217.36,217.18,217.34,0.1,+0.05%,21923
"2024-08-28 14:57",217.28,217.32,217.22,217.24,-0.04,-0.02%,16472
"2024-08-28 14:56",217.19,217.36,217.19,217.28,0.11,+0.05%,22360
"2024-08-28 14:55",217.205,217.29,217.17,217.17,-0.04,-0.02%,33202
"2024-08-28 14:54",217.0001,217.26,216.99,217.21,0.2,+0.09%,38075
"2024-08-28 14:53",216.99,217.02,216.96,217.01,0.03,+0.01%,18069
"2024-08-28 14:52",216.875,216.99,216.87,216.98,0.11,+0.05%,48679
"2024-08-28 14:51",216.71,216.87,216.71,216.87,0.17,+0.08%,55454
"2024-08-28 14:50",216.585,216.71,216.57,216.7,0.12,+0.06%,23703
"2024-08-28 14:49",216.58,216.58,216.5,216.58,-0.01,0.00%,5254
"2024-08-28 14:48",216.6,216.6,216.53,216.59,-0.02,-0.01%,39068
"2024-08-28 14:47",216.54,216.63,216.54,216.61,0.06,+0.03%,17594
"2024-08-28 14:46",216.58,216.58,216.47,216.55,-0.05,-0.02%,6842
"2024-08-28 14:45",216.59,216.63,216.5799,216.6,0.02,+0.01%,2622
"2024-08-28 14:44",216.54,216.59,216.54,216.58,0.045,+0.02%,11796
"2024-08-28 14:43",216.61,216.62,216.53,216.535,-0.065,-0.03%,7811
"2024-08-28 14:42",216.61,216.63,216.57,216.6,-0.03,-0.01%,12885
"2024-08-28 14:41",216.6301,216.68,216.63,216.63,-0.001,0.00%,7679
"2024-08-28 14:40",216.58,216.65,216.57,216.631,0.051,+0.02%,9321
"2024-08-28 14:39",216.47,216.5885,216.46,216.58,0.1042,+0.05%,18671
"2024-08-28 14:38",216.445,216.48,216.42,216.4758,0.0358,+0.02%,26694
"2024-08-28 14:37",216.4,216.47,216.38,216.44,0.05,+0.02%,16508
"2024-08-28 14:36",216.39,216.4,216.3558,216.39,-0.01,0.00%,9415
"2024-08-28 14:35",216.405,216.47,216.4,216.4,-0.024,-0.01%,10586
"2024-08-28 14:34",216.4,216.43,216.39,216.424,0.0278,+0.01%,5735
"2024-08-28 14:33",216.33,216.41,216.33,216.3962,0.0762,+0.04%,6620
"2024-08-28 14:32",216.37,216.4068,216.31,216.32,-0.0349,-0.02%,11042
"2024-08-28 14:31",216.43,216.43,216.33,216.3549,-0.0851,-0.04%,10090
"2024-08-28 14:30",216.35,216.46,216.35,216.44,0.06,+0.03%,4326
"2024-08-28 14:29",216.31,216.38,216.31,216.38,0.07,+0.03%,9012
"2024-08-28 14:28",216.45,216.46,216.3,216.31,-0.15,-0.07%,45597
"2024-08-28 14:27",216.47,216.48,216.45,216.46,-0.02,-0.01%,6873
"2024-08-28 14:26",216.37,216.49,216.35,216.48,0.1,+0.05%,56620
"2024-08-28 14:25",216.38,216.4495,216.36,216.38,-0.01,0.00%,12303
"2024-08-28 14:24",216.48,216.5,216.384,216.39,-0.085,-0.04%,6815
"2024-08-28 14:23",216.45,216.5198,216.42,216.475,0.019,+0.01%,9866
"2024-08-28 14:22",216.4713,216.48,216.435,216.456,-0.019,-0.01%,8966
"2024-08-28 14:21",216.42,216.5,216.3899,216.475,0.0451,+0.02%,69749
"2024-08-28 14:20",216.395,216.46,216.39,216.4299,0.0399,+0.02%,6165
"2024-08-28 14:19",216.46,216.47,216.38,216.39,-0.07,-0.03%,40886
"2024-08-28 14:18",216.39,216.46,216.37,216.46,0.062,+0.03%,15871
"2024-08-28 14:17",216.38,216.41,216.35,216.398,0.008,0.00%,31896
"2024-08-28 14:16",216.44,216.45,216.39,216.39,-0.08,-0.04%,33727
"2024-08-28 14:15",216.425,216.5,216.3899,216.47,0.05,+0.02%,59809
"2024-08-28 14:14",216.4301,216.47,216.41,216.42,-0.02,-0.01%,8074
"2024-08-28 14:13",216.47,216.48,216.4,216.44,-0.0399,-0.02%,41588
"2024-08-28 14:12",216.52,216.615,216.47,216.4799,-0.0401,-0.02%,19656
"2024-08-28 14:11",216.61,216.62,216.5,216.52,-0.09,-0.04%,14564
"2024-08-28 14:10",216.65,216.67,216.58,216.61,-0.04,-0.02%,11433
"2024-08-28 14:09",216.5788,216.67,216.575,216.65,0.06,+0.03%,23504
"2024-08-28 14:08",216.46,216.6,216.44,216.59,0.13,+0.06%,72122
"2024-08-28 14:07",216.45,216.465,216.4,216.46,0.02,+0.01%,13225
"2024-08-28 14:06",216.41,216.48,216.37,216.44,0.03,+0.01%,82303
"2024-08-28 14:05",216.29,216.41,216.27,216.41,0.12,+0.06%,13827
"2024-08-28 14:04",216.27,216.33,216.27,216.29,0,0.00%,42336
"2024-08-28 14:03",216.35,216.4,216.28,216.29,-0.06,-0.03%,51852
"2024-08-28 14:02",216.43,216.43,216.31,216.35,-0.055,-0.03%,15312
"2024-08-28 14:01",216.32,216.47,216.29,216.405,0.075,+0.03%,22102
"2024-08-28 14:00",216.425,216.46,216.29,216.33,-0.09,-0.04%,35223
"2024-08-28 13:59",216.43,216.46,216.36,216.42,-0.01,0.00%,25922
"2024-08-28 13:58",216.49,216.55,216.43,216.43,-0.07,-0.03%,23811
"2024-08-28 13:57",216.745,216.75,216.44,216.5,-0.2475,-0.11%,88907
"2024-08-28 13:56",216.77,216.845,216.71,216.7475,-0.0125,-0.01%,57812
"2024-08-28 13:55",216.83,216.83,216.74,216.76,-0.06,-0.03%,59215
"2024-08-28 13:54",216.815,216.84,216.745,216.82,0,0.00%,19450
"2024-08-28 13:53",216.87,216.9,216.75,216.82,-0.07,-0.03%,84386
"2024-08-28 13:52",216.95,216.97,216.88,216.89,-0.055,-0.03%,6894
"2024-08-28 13:51",216.96,216.96,216.9,216.945,-0.035,-0.02%,7946
"2024-08-28 13:50",216.93,216.98,216.92,216.98,0.05,+0.02%,11831
"2024-08-28 13:49",217,217.02,216.86,216.93,-0.07,-0.03%,40130
"2024-08-28 13:48",217.03,217.04,216.98,217,-0.03,-0.01%,13155
"2024-08-28 13:47",217.03,217.04,216.99,217.03,0.01,0.00%,5999
"2024-08-28 13:46",217.045,217.06,216.98,217.02,-0.035,-0.02%,37579
"2024-08-28 13:45",217.02,217.085,217.02,217.055,0.0208,+0.01%,36671
"2024-08-28 13:44",217.11,217.1461,216.99,217.0342,-0.0758,-0.03%,31207
"2024-08-28 13:43",217.13,217.17,217.1,217.11,-0.02,-0.01%,11219
"2024-08-28 13:42",217.22,217.24,217.12,217.13,-0.08,-0.04%,14225
"2024-08-28 13:41",217.25,217.27,217.2,217.21,-0.05,-0.02%,12231
"2024-08-28 13:40",217.25,217.305,217.24,217.26,-0.01,0.00%,7075
"2024-08-28 13:39",217.43,217.43,217.27,217.27,-0.1501,-0.07%,9806
"2024-08-28 13:38",217.43,217.47,217.4,217.4201,-0.0099,0.00%,15130
"2024-08-28 13:37",217.515,217.5199,217.43,217.43,-0.085,-0.04%,25464
"2024-08-28 13:36",217.47,217.515,217.47,217.515,0.025,+0.01%,15142
"2024-08-28 13:35",217.545,217.56,217.47,217.49,-0.055,-0.03%,12026
"2024-08-28 13:34",217.53,217.55,217.47,217.545,0.005,0.00%,11989
"2024-08-28 13:33",217.54,217.54,217.5,217.54,0.03,+0.01%,2554
"2024-08-28 13:32",217.52,217.57,217.48,217.51,-0.01,0.00%,10168
"2024-08-28 13:31",217.35,217.52,217.35,217.52,0.16,+0.07%,35855
"2024-08-28 13:30",217.34,217.38,217.32,217.36,-0.01,0.00%,7730
"2024-08-28 13:29",217.26,217.39,217.26,217.37,0.1,+0.05%,7455
"2024-08-28 13:28",217.3,217.33,217.26,217.27,-0.025,-0.01%,6978
"2024-08-28 13:27",217.27,217.3,217.25,217.295,0.0188,+0.01%,14344
"2024-08-28 13:26",217.2499,217.3131,217.238,217.2762,0.0262,+0.01%,12302
"2024-08-28 13:25",217.24,217.26,217.21,217.25,0,0.00%,3603
"2024-08-28 13:24",217.24,217.29,217.2101,217.25,-0.02,-0.01%,4250
"2024-08-28 13:23",217.3636,217.3636,217.22,217.27,-0.09,-0.04%,37213
"2024-08-28 13:22",217.31,217.36,217.29,217.36,0.05,+0.02%,2898
"2024-08-28 13:21",217.37,217.4,217.29,217.31,-0.09,-0.04%,22177
"2024-08-28 13:20",217.4,217.46,217.4,217.4,0.01,0.00%,21884
"2024-08-28 13:19",217.44,217.45,217.38,217.39,-0.05,-0.02%,30599
"2024-08-28 13:18",217.36,217.45,217.315,217.44,0.075,+0.03%,66452
"2024-08-28 13:17",217.36,217.365,217.3,217.365,0.015,+0.01%,29155
"2024-08-28 13:16",217.36,217.365,217.25,217.35,0,0.00%,40740
"2024-08-28 13:15",217.22,217.35,217.2,217.35,0.16,+0.07%,30412
"2024-08-28 13:14",217.4,217.42,217.17,217.19,-0.22,-0.10%,28328
"2024-08-28 13:13",217.55,217.55,217.39,217.41,-0.14,-0.06%,11474
"2024-08-28 13:12",217.5,217.57,217.5,217.55,0.06,+0.03%,7292
"2024-08-28 13:11",217.55,217.55,217.49,217.49,-0.05,-0.02%,11414
"2024-08-28 13:10",217.58,217.58,217.47,217.54,-0.0401,-0.02%,32264
"2024-08-28 13:09",217.6,217.6,217.57,217.5801,-0.0299,-0.01%,3027
"2024-08-28 13:08",217.59,217.64,217.55,217.61,0.035,+0.02%,15684
"2024-08-28 13:07",217.4899,217.58,217.48,217.575,0.105,+0.05%,25150
"2024-08-28 13:06",217.58,217.58,217.46,217.47,-0.13,-0.06%,28307
"2024-08-28 13:05",217.59,217.66,217.57,217.6,0.01,0.00%,38692
"2024-08-28 13:04",217.69,217.69,217.55,217.59,-0.1,-0.05%,22436
"2024-08-28 13:03",217.66,217.74,217.66,217.69,0.05,+0.02%,6014
"2024-08-28 13:02",217.67,217.8,217.64,217.64,-0.03,-0.01%,34961
"2024-08-28 13:01",217.54,217.67,217.52,217.67,0.14,+0.06%,10472
"2024-08-28 13:00",217.57,217.57,217.52,217.53,-0.03,-0.01%,17027
"2024-08-28 12:59",217.64,217.67,217.56,217.56,-0.07,-0.03%,90637
"2024-08-28 12:58",217.65,217.685,217.6,217.63,-0.02,-0.01%,19572
"2024-08-28 12:57",217.67,217.68,217.595,217.65,-0.03,-0.01%,16216
"2024-08-28 12:56",217.7016,217.71,217.615,217.68,-0.05,-0.02%,22040
"2024-08-28 12:55",217.71,217.75,217.695,217.73,0.055,+0.03%,6916
"2024-08-28 12:54",217.71,217.74,217.64,217.675,-0.005,0.00%,9757
"2024-08-28 12:53",217.7199,217.7279,217.65,217.68,-0.03,-0.01%,37483
"2024-08-28 12:52",217.7205,217.76,217.65,217.71,-0.02,-0.01%,13179
"2024-08-28 12:51",217.61,217.73,217.5999,217.73,0.14,+0.06%,7960
"2024-08-28 12:50",217.5,217.6,217.48,217.59,0.08,+0.04%,8158
"2024-08-28 12:49",217.49,217.54,217.46,217.51,0.01,0.00%,33552
"2024-08-28 12:48",217.455,217.5,217.44,217.5,0.05,+0.02%,6130
"2024-08-28 12:47",217.525,217.545,217.43,217.45,-0.085,-0.04%,25324
"2024-08-28 12:46",217.43,217.54,217.415,217.535,0.105,+0.05%,28660
"2024-08-28 12:45",217.38,217.46,217.3458,217.43,0.045,+0.02%,20117
"2024-08-28 12:44",217.29,217.4,217.29,217.385,0.105,+0.05%,9373
"2024-08-28 12:43",217.3,217.32,217.2401,217.28,-0.02,-0.01%,8890
"2024-08-28 12:42",217.26,217.31,217.26,217.3,0.008,0.00%,4557
"2024-08-28 12:41",217.26,217.31,217.26,217.292,0.032,+0.01%,13533
"2024-08-28 12:40",217.21,217.33,217.21,217.26,0.03,+0.01%,28301
"2024-08-28 12:39",217.26,217.26,217.2,217.23,-0.04,-0.02%,11096
"2024-08-28 12:38",217.22,217.285,217.22,217.27,0.05,+0.02%,17731
"2024-08-28 12:37",217.19,217.22,217.155,217.22,0.03,+0.01%,22826
"2024-08-28 12:36",217.06,217.2,217.04,217.19,0.12,+0.06%,7790
"2024-08-28 12:35",217.09,217.12,217.06,217.07,-0.02,-0.01%,13227
"2024-08-28 12:34",217.12,217.19,217.055,217.09,0,0.00%,23189
"2024-08-28 12:33",217,217.155,217,217.09,0.08,+0.04%,21979
"2024-08-28 12:32",216.88,217.04,216.87,217.01,0.122,+0.06%,39583
"2024-08-28 12:31",216.89,216.94,216.85,216.888,-0.012,-0.01%,9176
"2024-08-28 12:30",216.9,216.96,216.875,216.9,-0.03,-0.01%,8959
"2024-08-28 12:29",216.94,216.98,216.9,216.93,-0.02,-0.01%,8239
"2024-08-28 12:28",216.9513,216.9517,216.88,216.95,-0.01,0.00%,32028
"2024-08-28 12:27",217.01,217.01,216.94,216.96,-0.05,-0.02%,8213
"2024-08-28 12:26",216.885,217.03,216.882,217.01,0.12,+0.06%,21804
"2024-08-28 12:25",216.86,216.97,216.86,216.89,0.02,+0.01%,16318
"2024-08-28 12:24",216.88,216.94,216.85,216.87,-0.015,-0.01%,71872
"2024-08-28 12:23",217.04,217.07,216.81,216.885,-0.165,-0.08%,56533
"2024-08-28 12:22",217.08,217.1,217.02,217.05,-0.03,-0.01%,31137
"2024-08-28 12:21",217.16,217.16,217.08,217.08,-0.08,-0.04%,7861
"2024-08-28 12:20",217.1881,217.195,217.16,217.16,-0.03,-0.01%,5144
"2024-08-28 12:19",217.23,217.24,217.19,217.19,-0.035,-0.02%,5001
"2024-08-28 12:18",217.24,217.255,217.17,217.225,-0.02,-0.01%,11554
"2024-08-28 12:17",217.1,217.27,217.09,217.245,0.155,+0.07%,19536
"2024-08-28 12:16",217.42,217.42,217.06,217.09,-0.335,-0.15%,41492
"2024-08-28 12:15",217.52,217.53,217.42,217.425,-0.105,-0.05%,13606
"2024-08-28 12:14",217.43,217.53,217.43,217.53,0.09,+0.04%,13031
"2024-08-28 12:13",217.44,217.53,217.43,217.44,0.0087,0.00%,40051
"2024-08-28 12:12",217.3083,217.44,217.29,217.4313,0.1363,+0.06%,17846
"2024-08-28 12:11",217.42,217.42,217.28,217.295,-0.135,-0.06%,10225
"2024-08-28 12:10",217.38,217.43,217.35,217.43,0.03,+0.01%,3808
"2024-08-28 12:09",217.38,217.4262,217.37,217.4,0.0347,+0.02%,15646
"2024-08-28 12:08",217.445,217.46,217.34,217.3653,-0.0547,-0.03%,17525
"2024-08-28 12:07",217.34,217.42,217.34,217.42,0.08,+0.04%,16049
"2024-08-28 12:06",217.455,217.455,217.31,217.34,-0.115,-0.05%,70985
"2024-08-28 12:05",217.5526,217.555,217.41,217.455,-0.115,-0.05%,6166
"2024-08-28 12:04",217.69,217.69,217.56,217.57,-0.125,-0.06%,18803
"2024-08-28 12:03",217.71,217.73,217.65,217.695,-0.045,-0.02%,23879
"2024-08-28 12:02",217.73,217.7646,217.68,217.74,-0.04,-0.02%,3397
"2024-08-28 12:01",217.805,217.84,217.75,217.78,-0.02,-0.01%,13885
"2024-08-28 12:00",217.87,217.87,217.775,217.8,-0.13,-0.06%,4842
"2024-08-28 11:59",217.92,217.95,217.91,217.93,0.01,0.00%,1725
"2024-08-28 11:58",217.86,217.95,217.86,217.92,0.09,+0.04%,5500
"2024-08-28 11:57",217.81,217.865,217.81,217.83,0.03,+0.01%,6932
"2024-08-28 11:56",217.98,217.98,217.77,217.8,-0.19,-0.09%,6214
"2024-08-28 11:55",217.94,218.03,217.91,217.99,0.06,+0.03%,38598
"2024-08-28 11:54",217.81,217.945,217.81,217.93,0.13,+0.06%,30445
"2024-08-28 11:53",217.8379,217.87,217.7745,217.8,-0.04,-0.02%,13039
"2024-08-28 11:52",217.792,217.855,217.78,217.84,0.06,+0.03%,18538
"2024-08-28 11:51",217.78,217.78,217.73,217.78,-0.01,0.00%,8310
"2024-08-28 11:50",217.666,217.834,217.63,217.79,0.11,+0.05%,15744
"2024-08-28 11:49",217.73,217.79,217.68,217.68,-0.0416,-0.02%,11242
"2024-08-28 11:48",217.735,217.78,217.72,217.7216,-0.0284,-0.01%,13965
"2024-08-28 11:47",217.76,217.79,217.73,217.75,-0.03,-0.01%,5958
"2024-08-28 11:46",217.735,217.82,217.735,217.78,0.06,+0.03%,6684
"2024-08-28 11:45",217.63,217.75,217.63,217.72,0.07,+0.03%,10895
"2024-08-28 11:44",217.62,217.7,217.62,217.65,0.04,+0.02%,9731
"2024-08-28 11:43",217.68,217.71,217.56,217.61,-0.06,-0.03%,28413
"2024-08-28 11:42",217.68,217.68,217.63,217.67,-0.01,0.00%,15817
"2024-08-28 11:41",217.68,217.686,217.58,217.68,0.02,+0.01%,18628
"2024-08-28 11:40",217.71,217.71,217.62,217.66,-0.04,-0.02%,13844
"2024-08-28 11:39",217.72,217.8,217.68,217.7,-0.02,-0.01%,42601
"2024-08-28 11:38",217.72,217.75,217.68,217.72,0.01,0.00%,8797
"2024-08-28 11:37",217.62,217.71,217.57,217.71,0.09,+0.04%,35906
"2024-08-28 11:36",217.46,217.68,217.46,217.62,0.14,+0.06%,43271
"2024-08-28 11:35",217.33,217.48,217.32,217.48,0.15,+0.07%,12500
"2024-08-28 11:34",217.37,217.37,217.32,217.33,-0.05,-0.02%,20064
"2024-08-28 11:33",217.3058,217.39,217.29,217.38,0.08,+0.04%,19609
"2024-08-28 11:32",217.405,217.4101,217.27,217.3,-0.1,-0.05%,14311
"2024-08-28 11:31",217.45,217.45,217.35,217.4,-0.09,-0.04%,12367
"2024-08-28 11:30",217.59,217.59,217.4896,217.49,-0.11,-0.05%,10061
"2024-08-28 11:29",217.45,217.6,217.43,217.6,0.16,+0.07%,18495
"2024-08-28 11:28",217.485,217.5,217.37,217.44,-0.06,-0.03%,19195
"2024-08-28 11:27",217.445,217.53,217.375,217.5,0.06,+0.03%,43196
"2024-08-28 11:26",217.47,217.49,217.3832,217.44,-0.03,-0.01%,25013
"2024-08-28 11:25",217.42,217.48,217.42,217.47,0.0305,+0.01%,15849
"2024-08-28 11:24",217.41,217.4599,217.3326,217.4395,-0.0005,0.00%,20715
"2024-08-28 11:23",217.433,217.52,217.42,217.44,0.0016,0.00%,25632
"2024-08-28 11:22",217.41,217.51,217.38,217.4384,0.0384,+0.02%,32311
"2024-08-28 11:21",217.55,217.56,217.38,217.4,-0.16,-0.07%,31461
"2024-08-28 11:20",217.57,217.62,217.485,217.56,-0.02,-0.01%,43566
"2024-08-28 11:19",217.7,217.7,217.54,217.58,-0.112,-0.05%,31325
"2024-08-28 11:18",217.88,217.88,217.67,217.692,-0.178,-0.08%,53053
"2024-08-28 11:17",217.9764,218,217.87,217.87,-0.11,-0.05%,44153
"2024-08-28 11:16",217.91,217.99,217.9,217.98,0.0786,+0.04%,19609
"2024-08-28 11:15",217.98,218.11,217.87,217.9014,-0.1186,-0.05%,33708
"2024-08-28 11:14",218.135,218.19,218,218.02,-0.13,-0.06%,18617
"2024-08-28 11:13",218.13,218.205,218.1,218.15,0.03,+0.01%,19624
"2024-08-28 11:12",218.2,218.26,218.06,218.12,-0.13,-0.06%,55590
"2024-08-28 11:11",218.4,218.4,218.21,218.25,-0.13,-0.06%,16789
"2024-08-28 11:10",218.44,218.48,218.36,218.38,-0.12,-0.05%,8506
"2024-08-28 11:09",218.53,218.54,218.44,218.5,-0.03,-0.01%,15036
"2024-08-28 11:08",218.59,218.64,218.53,218.53,-0.05,-0.02%,11408
"2024-08-28 11:07",218.525,218.62,218.52,218.58,0.07,+0.03%,18328
"2024-08-28 11:06",218.43,218.54,218.3911,218.51,0.085,+0.04%,15388
"2024-08-28 11:05",218.42,218.44,218.32,218.425,0.015,+0.01%,10649
"2024-08-28 11:04",218.27,218.41,218.24,218.41,0.15,+0.07%,33476
"2024-08-28 11:03",218.42,218.455,218.23,218.26,-0.17,-0.08%,28799
"2024-08-28 11:02",218.53,218.53,218.37,218.43,-0.14,-0.06%,13189
"2024-08-28 11:01",218.48,218.62,218.3912,218.57,0.09,+0.04%,40307
"2024-08-28 11:00",218.65,218.66,218.42,218.48,-0.17,-0.08%,44537
"2024-08-28 10:59",218.766,218.77,218.65,218.65,-0.1,-0.05%,14331
"2024-08-28 10:58",218.74,218.855,218.69,218.75,-0.01,0.00%,24066
"2024-08-28 10:57",218.75,218.77,218.67,218.76,0,0.00%,18952
"2024-08-28 10:56",218.75,218.855,218.74,218.76,0.02,+0.01%,23436
"2024-08-28 10:55",218.78,218.82,218.7,218.74,-0.05,-0.02%,31076
"2024-08-28 10:54",218.69,218.81,218.67,218.79,0.0936,+0.04%,19632
"2024-08-28 10:53",218.53,218.6964,218.48,218.6964,0.1464,+0.07%,16116
"2024-08-28 10:52",218.55,218.61,218.48,218.55,-0.01,0.00%,34970
"2024-08-28 10:51",218.46,218.56,218.41,218.56,0.08,+0.04%,20909
"2024-08-28 10:50",218.63,218.7088,218.48,218.48,-0.16,-0.07%,29328
"2024-08-28 10:49",218.83,218.83,218.51,218.64,-0.18,-0.08%,46841
"2024-08-28 10:48",218.69,218.87,218.68,218.82,0.1301,+0.06%,43400
"2024-08-28 10:47",218.59,218.71,218.56,218.6899,0.1099,+0.05%,24284
"2024-08-28 10:46",218.645,218.71,218.5732,218.58,-0.065,-0.03%,39223
"2024-08-28 10:45",218.53,218.645,218.37,218.645,0.135,+0.06%,40733
"2024-08-28 10:44",218.6,218.61,218.42,218.51,-0.11,-0.05%,54084
"2024-08-28 10:43",218.7757,218.7757,218.6,218.62,-0.1609,-0.07%,22126
"2024-08-28 10:42",218.85,218.85,218.7,218.7809,-0.0691,-0.03%,13591
"2024-08-28 10:41",218.79,218.88,218.71,218.85,0.04,+0.02%,41688
"2024-08-28 10:40",218.95,218.98,218.79,218.81,-0.16,-0.07%,14796
"2024-08-28 10:39",219.08,219.115,218.97,218.97,-0.1,-0.05%,37593
"2024-08-28 10:38",218.94,219.07,218.91,219.07,0.1346,+0.06%,14127
"2024-08-28 10:37",218.97,219.02,218.86,218.9354,-0.0246,-0.01%,50124
"2024-08-28 10:36",218.91,219.02,218.91,218.96,0.04,+0.02%,49593
"2024-08-28 10:35",218.705,218.92,218.66,218.92,0.22,+0.10%,75372
"2024-08-28 10:34",218.81,218.87,218.68,218.7,-0.1,-0.05%,43211
"2024-08-28 10:33",218.79,218.86,218.74,218.8,0.01,0.00%,32518
"2024-08-28 10:32",218.67,218.79,218.66,218.79,0.13,+0.06%,22816
"2024-08-28 10:31",218.54,218.68,218.52,218.66,0.12,+0.05%,22019
"2024-08-28 10:30",218.33,218.54,218.32,218.54,0.21,+0.10%,39616
"2024-08-28 10:29",218.4,218.4,218.3,218.33,-0.07,-0.03%,21118
"2024-08-28 10:28",218.505,218.56,218.38,218.4,-0.1,-0.05%,13601
"2024-08-28 10:27",218.47,218.56,218.45,218.5,0.03,+0.01%,24138
"2024-08-28 10:26",218.57,218.61,218.46,218.47,-0.0899,-0.04%,16256
"2024-08-28 10:25",218.57,218.635,218.51,218.5599,-0.0201,-0.01%,22367
"2024-08-28 10:24",218.59,218.6,218.51,218.58,-0.01,0.00%,18441
"2024-08-28 10:23",218.59,218.64,218.5,218.59,0.01,0.00%,25999
"2024-08-28 10:22",218.74,218.74,218.57,218.58,-0.15,-0.07%,31428
"2024-08-28 10:21",218.79,218.81,218.6706,218.73,-0.07,-0.03%,18149
"2024-08-28 10:20",218.69,218.8,218.69,218.8,0.09,+0.04%,18919
"2024-08-28 10:19",218.62,218.71,218.51,218.71,0.11,+0.05%,18499
"2024-08-28 10:18",218.675,218.72,218.59,218.6,-0.07,-0.03%,32357
"2024-08-28 10:17",218.64,218.73,218.6,218.67,0,0.00%,19017
"2024-08-28 10:16",218.525,218.71,218.46,218.67,0.14,+0.06%,37219
"2024-08-28 10:15",218.44,218.53,218.4,218.53,0.08,+0.04%,18217
"2024-08-28 10:14",218.4,218.47,218.305,218.45,0.04,+0.02%,10073
"2024-08-28 10:13",218.41,218.45,218.34,218.41,-0.02,-0.01%,28613
"2024-08-28 10:12",218.54,218.61,218.4136,218.43,-0.115,-0.05%,12196
"2024-08-28 10:11",218.5,218.56,218.45,218.545,0.045,+0.02%,21758
"2024-08-28 10:10",218.41,218.56,218.4,218.5,0.1,+0.05%,20171
"2024-08-28 10:09",218.51,218.5389,218.4,218.4,-0.13,-0.06%,34097
"2024-08-28 10:08",218.315,218.53,218.315,218.53,0.22,+0.10%,134452
"2024-08-28 10:07",218.22,218.39,218.22,218.31,0.1,+0.05%,43718
"2024-08-28 10:06",218.07,218.23,218.04,218.21,0.13,+0.06%,45980
"2024-08-28 10:05",218.06,218.17,218.01,218.08,-0.02,-0.01%,36920
"2024-08-28 10:04",218.07,218.13,217.98,218.1,0.03,+0.01%,44880
"2024-08-28 10:03",218.05,218.13,217.99,218.07,0.04,+0.02%,31597
"2024-08-28 10:02",217.99,218.15,217.94,218.03,0.04,+0.02%,62624
"2024-08-28 10:01",218.03,218.1,217.97,217.99,-0.0429,-0.02%,61390
"2024-08-28 10:00",218.19,218.2,217.94,218.0329,-0.1521,-0.07%,130041
"2024-08-28 09:59",218.35,218.355,218.14,218.185,-0.185,-0.08%,52473
"2024-08-28 09:58",218.49,218.505,218.35,218.37,-0.135,-0.06%,27724
"2024-08-28 09:57",218.58,218.6,218.41,218.505,-0.075,-0.03%,42547
"2024-08-28 09:56",218.57,218.65,218.44,218.58,0.02,+0.01%,47761
"2024-08-28 09:55",218.45,218.61,218.42,218.56,0.1,+0.05%,31360
"2024-08-28 09:54",218.28,218.49,218.28,218.46,0.18,+0.08%,16392
"2024-08-28 09:53",218.28,218.365,218.22,218.28,-0.04,-0.02%,45483
"2024-08-28 09:52",218.37,218.5,218.3,218.32,-0.05,-0.02%,24485
"2024-08-28 09:51",218.4,218.43,218.27,218.37,-0.055,-0.03%,31279
"2024-08-28 09:50",218.39,218.4744,218.29,218.425,0.0438,+0.02%,70974
"2024-08-28 09:49",218.39,218.5,218.33,218.3812,-0.0088,0.00%,26151
"2024-08-28 09:48",218.33,218.45,218.3,218.39,0.06,+0.03%,26491
"2024-08-28 09:47",218.3,218.37,218.15,218.33,0.03,+0.01%,39698
"2024-08-28 09:46",218.255,218.45,218.255,218.3,0.04,+0.02%,49882
"2024-08-28 09:45",218.08,218.3,218.08,218.26,0.19,+0.09%,72900
"2024-08-28 09:44",218.13,218.24,218.05,218.07,-0.07,-0.03%,39108
"2024-08-28 09:43",217.97,218.17,217.89,218.14,0.17,+0.08%,45781
"2024-08-28 09:42",217.99,218.1,217.97,217.97,-0.06,-0.03%,63741
"2024-08-28 09:41",218.0586,218.1,217.99,218.03,-0.005,0.00%,40824
"2024-08-28 09:40",217.99,218.04,217.84,218.035,0.055,+0.03%,29653
"2024-08-28 09:39",217.74,218,217.7,217.98,0.26,+0.12%,36150
"2024-08-28 09:38",217.655,217.88,217.65,217.72,0.07,+0.03%,43749
"2024-08-28 09:37",217.4851,217.67,217.42,217.65,0.17,+0.08%,88689
"2024-08-28 09:36",217.54,217.6101,217.47,217.48,-0.05,-0.02%,53072
"2024-08-28 09:35",217.85,217.85,217.53,217.53,-0.32,-0.15%,54839
"2024-08-28 09:34",217.71,217.875,217.6474,217.85,0.14,+0.06%,51439
"2024-08-28 09:33",217.79,217.87,217.68,217.71,-0.0874,-0.04%,74088
"2024-08-28 09:32",217.88,217.97,217.74,217.7974,-0.1026,-0.05%,37083
"2024-08-28 09:31",217.96,218.1,217.83,217.9,-0.03,-0.01%,42720
"2024-08-28 09:30",217.87,218.18,217.83,217.93,0.05,+0.02%,226728
"2024-08-28 09:29",217.81,217.91,217.81,217.88,0.08,+0.04%,1781
"2024-08-28 09:28",217.82,217.82,217.8,217.8,-0.03,-0.01%,200
"2024-08-28 09:27",217.84,217.87,217.83,217.83,-0.07,-0.03%,300
"2024-08-28 09:25",217.9,217.9,217.88,217.9,0.1,+0.05%,1290
"2024-08-28 09:24",217.8004,217.8004,217.8,217.8,0.02,+0.01%,200
"2024-08-28 09:23",217.82,217.84,217.76,217.78,-0.22,-0.10%,700
"2024-08-28 09:21",217.961,218,217.961,218,0.1,+0.05%,1501
"2024-08-28 09:20",217.89,217.9,217.89,217.9,0.11,+0.05%,334
"2024-08-28 09:17",217.77,217.839,217.77,217.79,0.05,+0.02%,3299
"2024-08-28 09:16",217.67,217.74,217.67,217.74,0.0614,+0.03%,1788
"2024-08-28 09:15",217.69,217.69,217.6786,217.6786,0.0286,+0.01%,1237
"2024-08-28 09:14",217.66,217.66,217.65,217.65,-0.04,-0.02%,204
"2024-08-28 09:13",217.72,217.729,217.66,217.69,-0.07,-0.03%,6131
"2024-08-28 09:12",217.75,217.76,217.75,217.76,-0.01,0.00%,294
"2024-08-28 09:11",217.75,217.77,217.73,217.77,0.02,+0.01%,2700
"2024-08-28 09:10",217.866,217.866,217.75,217.75,-0.12,-0.06%,1850
"2024-08-28 09:09",217.87,217.87,217.87,217.87,0.03,+0.01%,100
"2024-08-28 09:08",217.89,217.89,217.84,217.84,-0.01,0.00%,2500
"2024-08-28 09:07",217.86,217.88,217.83,217.85,0.03,+0.01%,13529
"2024-08-28 09:06",217.86,217.86,217.82,217.82,-0.02,-0.01%,6680
"2024-08-28 09:05",217.92,217.92,217.84,217.84,-0.08,-0.04%,1466
"2024-08-28 09:04",217.97,217.97,217.92,217.92,-0.01,0.00%,1207
"2024-08-28 09:03",217.87,217.93,217.87,217.93,0.08,+0.04%,990
"2024-08-28 09:02",217.83,217.85,217.83,217.85,0.02,+0.01%,2661
"2024-08-28 09:01",217.83,217.85,217.83,217.83,-0.03,-0.01%,4750
"2024-08-28 08:58",217.86,217.86,217.86,217.86,-0.02,-0.01%,100
"2024-08-28 08:56",217.88,217.92,217.88,217.88,0.04,+0.02%,1936
"2024-08-28 08:54",217.84,217.84,217.84,217.84,-0.04,-0.02%,196
"2024-08-28 08:53",217.88,217.88,217.88,217.88,0.03,+0.01%,100
"2024-08-28 08:52",217.85,217.85,217.85,217.85,-0.05,-0.02%,100
"2024-08-28 08:51",217.91,217.91,217.9,217.9,0.06,+0.03%,1100
"2024-08-28 08:50",217.83,217.84,217.83,217.84,0.01,0.00%,1625
"2024-08-28 08:48",217.83,217.83,217.83,217.83,0,0.00%,1337
"2024-08-28 08:47",217.84,217.84,217.83,217.83,0,0.00%,850
"2024-08-28 08:46",217.811,217.83,217.811,217.83,-0.06,-0.03%,483
"2024-08-28 08:45",217.89,217.89,217.89,217.89,0.02,+0.01%,112
"2024-08-28 08:44",217.85,217.87,217.85,217.87,-0.06,-0.03%,3033
"2024-08-28 08:42",217.93,217.93,217.93,217.93,-0.07,-0.03%,900
"2024-08-28 08:40",218.02,218.05,218,218,-0.03,-0.01%,1316
"2024-08-28 08:39",217.99,218.03,217.98,218.03,0.13,+0.06%,2162
"2024-08-28 08:37",217.95,217.95,217.89,217.9,-0.05,-0.02%,700
"2024-08-28 08:35",217.93,217.95,217.93,217.95,0.06,+0.03%,200
"2024-08-28 08:34",217.89,217.89,217.89,217.89,0,0.00%,203
"2024-08-28 08:33",217.89,217.89,217.89,217.89,0.01,0.00%,200
"2024-08-28 08:32",217.88,217.88,217.88,217.88,0.09,+0.04%,200
"2024-08-28 08:31",217.78,217.79,217.78,217.79,0,0.00%,1250
"2024-08-28 08:30",217.75,217.79,217.66,217.79,0.01,0.00%,5401
"2024-08-28 08:29",217.78,217.78,217.78,217.78,0,0.00%,100
"2024-08-28 08:28",217.77,217.79,217.76,217.78,0,0.00%,6100
"2024-08-28 08:27",217.83,217.83,217.78,217.78,-0.09,-0.04%,408
"2024-08-28 08:25",217.85,217.87,217.83,217.87,0.02,+0.01%,1100
"2024-08-28 08:24",217.85,217.85,217.85,217.85,0,0.00%,100
"2024-08-28 08:23",217.85,217.85,217.85,217.85,-0.08,-0.04%,367
"2024-08-28 08:20",217.92,217.93,217.92,217.93,-0.04,-0.02%,314
"2024-08-28 08:19",217.97,217.97,217.97,217.97,0.02,+0.01%,323
"2024-08-28 08:18",217.98,218.02,217.95,217.95,0.07,+0.03%,1845
"2024-08-28 08:17",217.88,217.88,217.88,217.88,-0.08,-0.04%,200
"2024-08-28 08:16",217.94,217.96,217.94,217.96,0.041,+0.02%,479
"2024-08-28 08:15",217.88,217.93,217.879,217.919,0.059,+0.03%,3784
"2024-08-28 08:14",217.81,217.86,217.81,217.86,0.11,+0.05%,1800
"2024-08-28 08:13",217.82,217.82,217.75,217.75,-0.05,-0.02%,2306
"2024-08-28 08:11",217.86,217.86,217.8,217.8,-0.1,-0.05%,32238
"2024-08-28 08:09",217.93,217.94,217.9,217.9,-0.08,-0.04%,1741
"2024-08-28 08:08",218,218.08,217.97,217.98,-0.04,-0.02%,1400
"2024-08-28 08:07",218.15,218.19,218.02,218.02,-0.06,-0.03%,2500
"2024-08-28 08:06",218.08,218.08,218.08,218.08,-0.05,-0.02%,2479
"2024-08-28 08:05",218.11,218.13,218.09,218.13,-0.07,-0.03%,1380
"2024-08-28 08:04",218.2,218.2,218.2,218.2,0.05,+0.02%,1200
"2024-08-28 08:03",218.16,218.16,218.15,218.15,-0.03,-0.01%,200
"2024-08-28 08:02",218.09,218.18,218.09,218.18,0.04,+0.02%,520
"2024-08-28 08:01",218.13,218.14,218.13,218.14,-0.034,-0.02%,1878
"2024-08-28 08:00",218.7017,219.1,218.13,218.174,0.044,+0.02%,13676
"2024-08-28 07:59",218.13,218.15,218.13,218.13,-0.01,0.00%,1230
"2024-08-28 07:58",218.14,218.14,218.14,218.14,0,0.00%,692
"2024-08-28 07:56",218.25,218.25,218.14,218.14,-0.12,-0.05%,4850
"2024-08-28 07:55",218.29,218.29,218.26,218.26,-0.09,-0.04%,1604
"2024-08-28 07:54",218.32,218.35,218.32,218.35,0.02,+0.01%,2163
"2024-08-28 07:53",218.33,218.33,218.33,218.33,0.08,+0.04%,200
"2024-08-28 07:52",218.26,218.27,218.25,218.25,-0.01,0.00%,1740
"2024-08-28 07:51",218.36,218.36,218.26,218.26,-0.1,-0.05%,5201
"2024-08-28 07:50",218.36,218.36,218.36,218.36,-0.04,-0.02%,139
"2024-08-28 07:48",218.4,218.4,218.4,218.4,-0.02,-0.01%,426
"2024-08-28 07:46",218.431,218.431,218.42,218.42,-0.04,-0.02%,1449
"2024-08-28 07:45",218.47,218.47,218.46,218.46,-0.02,-0.01%,200
"2024-08-28 07:44",218.48,218.48,218.48,218.48,-0.04,-0.02%,100
"2024-08-28 07:43",218.52,218.52,218.51,218.52,-0.06,-0.03%,983
"2024-08-28 07:40",218.58,218.58,218.58,218.58,-0.05,-0.02%,100
"2024-08-28 07:39",218.63,218.63,218.63,218.63,-0.02,-0.01%,492
"2024-08-28 07:38",218.65,218.65,218.65,218.65,0,0.00%,100
"2024-08-28 07:36",218.65,218.65,218.65,218.65,-0.01,0.00%,500
"2024-08-28 07:34",218.66,218.66,218.66,218.66,-0.03,-0.01%,120
"2024-08-28 07:33",218.73,218.73,218.69,218.69,-0.06,-0.03%,1280
"2024-08-28 07:32",218.75,218.75,218.75,218.75,0,0.00%,100
"2024-08-28 07:31",218.75,218.75,218.75,218.75,-0.09,-0.04%,116
"2024-08-28 07:28",218.84,218.84,218.84,218.84,0.08,+0.04%,140
"2024-08-28 07:27",218.76,218.76,218.76,218.76,-0.05,-0.02%,118
"2024-08-28 07:26",218.81,218.81,218.81,218.81,-0.01,0.00%,417
"2024-08-28 07:25",218.82,218.82,218.82,218.82,-0.2,-0.09%,700
"2024-08-28 07:23",219.02,219.02,219.02,219.02,0.04,+0.02%,200
"2024-08-28 07:22",218.98,218.98,218.98,218.98,0.25,+0.11%,300
"2024-08-28 07:11",218.73,218.73,218.73,218.73,-0.059,-0.03%,300
"2024-08-28 07:10",218.79,218.79,218.789,218.789,-0.001,0.00%,280
"2024-08-28 07:09",218.75,218.79,218.75,218.79,0.09,+0.04%,557
"2024-08-28 07:06",218.7,218.7,218.7,218.7,0.01,0.00%,985
"2024-08-28 07:00",218.58,218.71,218.58,218.69,0.12,+0.05%,5390
"2024-08-28 06:59",218.6,218.6,218.57,218.57,-0.1,-0.05%,227
"2024-08-28 06:57",218.67,218.67,218.67,218.67,0.13,+0.06%,100
"2024-08-28 06:51",218.56,218.56,218.54,218.54,-0.16,-0.07%,255
"2024-08-28 06:49",218.7,218.7,218.7,218.7,-0.06,-0.03%,140
"2024-08-28 06:46",218.76,218.76,218.76,218.76,0.04,+0.02%,200
"2024-08-28 06:45",218.72,218.72,218.72,218.72,0.12,+0.05%,100
"2024-08-28 06:44",218.6,218.6,218.6,218.6,-0.06,-0.03%,750
"2024-08-28 06:41",218.66,218.66,218.66,218.66,-0.16,-0.07%,150
"2024-08-28 06:31",218.8,218.82,218.8,218.82,-0.11,-0.05%,200
"2024-08-28 06:29",218.93,218.93,218.93,218.93,0.02,+0.01%,100
"2024-08-28 06:17",218.91,218.91,218.91,218.91,0.23,+0.11%,229
"2024-08-28 05:33",218.68,218.68,218.68,218.68,-0.04,-0.02%,106
"2024-08-28 05:30",218.72,218.72,218.72,218.72,-0.01,0.00%,100
"2024-08-28 05:27",218.73,218.73,218.73,218.73,-0.05,-0.02%,123
"2024-08-28 05:26",218.78,218.78,218.78,218.78,0.2,+0.09%,100
"2024-08-28 05:24",218.61,218.61,218.58,218.58,0,0.00%,240
"2024-08-28 05:22",218.58,218.58,218.58,218.58,0,0.00%,139
"2024-08-28 05:21",218.61,218.61,218.58,218.58,-0.03,-0.01%,677
"2024-08-28 05:20",218.61,218.61,218.61,218.61,-0.07,-0.03%,140
"2024-08-28 05:14",218.68,218.68,218.68,218.68,0.07,+0.03%,1900
"2024-08-28 05:13",218.64,218.64,218.61,218.61,-0.06,-0.03%,2000
"2024-08-28 05:12",218.69,218.69,218.67,218.67,-0.08,-0.04%,250
"2024-08-28 05:11",218.75,218.75,218.75,218.75,-0.17,-0.08%,106
"2024-08-28 05:01",218.92,218.92,218.92,218.92,0.04,+0.02%,100
"2024-08-28 04:51",218.88,218.88,218.88,218.88,-0.07,-0.03%,200
"2024-08-28 04:45",218.95,218.95,218.95,218.95,0.03,+0.01%,140
"2024-08-28 04:43",218.92,218.92,218.92,218.92,-0.02,-0.01%,2000
"2024-08-28 04:42",218.94,218.94,218.94,218.94,-0.02,-0.01%,851
"2024-08-28 04:36",218.96,218.96,218.96,218.96,0.12,+0.05%,100
"2024-08-28 04:34",218.84,218.84,218.84,218.84,0.05,+0.02%,100
"2024-08-28 04:33",218.79,218.79,218.79,218.79,0.15,+0.07%,100
"2024-08-28 04:27",218.64,218.64,218.64,218.64,0.02,+0.01%,100
"2024-08-28 04:26",218.62,218.62,218.62,218.62,-0.03,-0.01%,100
"2024-08-28 04:24",218.65,218.65,218.65,218.65,-0.04,-0.02%,100
"2024-08-28 04:23",218.69,218.69,218.69,218.69,0.08,+0.04%,118
"2024-08-28 04:20",218.61,218.61,218.61,218.61,0.04,+0.02%,140
"2024-08-28 04:19",218.57,218.57,218.57,218.57,0.04,+0.02%,115
"2024-08-28 04:18",218.51,218.53,218.51,218.53,0,0.00%,1219
"2024-08-28 04:16",218.53,218.53,218.53,218.53,0,0.00%,500
"2024-08-28 04:15",218.48,218.53,218.48,218.53,0.05,+0.02%,960
"2024-08-28 04:14",218.48,218.48,218.48,218.48,-0.05,-0.02%,125
"2024-08-28 04:13",218.53,218.53,218.53,218.53,0.11,+0.05%,420
"2024-08-28 04:12",218.44,218.46,218.42,218.42,-0.02,-0.01%,1584
"2024-08-28 04:11",218.56,218.56,218.44,218.44,-0.24,-0.11%,3448
"2024-08-28 04:09",218.68,218.68,218.68,218.68,-0.01,0.00%,500
"2024-08-28 04:07",218.69,218.75,218.69,218.69,-0.05,-0.02%,1793
"2024-08-28 04:06",218.74,218.74,218.74,218.74,-0.09,-0.04%,2044
"2024-08-28 04:05",218.83,218.83,218.83,218.83,0.02,+0.01%,1000
"2024-08-28 04:04",218.81,218.81,218.81,218.81,0.07,+0.03%,100
"2024-08-28 04:01",218.78,218.78,218.74,218.74,0,0.00%,2761
"2024-08-28 04:00",218.74,218.74,218.72,218.74,0.12,+0.05%,3860
"2024-08-27 19:59",218.62,218.62,218.62,218.62,-0.01,0.00%,1099
"2024-08-27 19:58",218.63,218.63,218.63,218.63,-0.03,-0.01%,2000
"2024-08-27 19:57",218.66,218.66,218.66,218.66,0,0.00%,2100
"2024-08-27 19:56",218.69,218.69,218.66,218.66,0.04,+0.02%,1475
"2024-08-27 19:54",218.62,218.62,218.62,218.62,-0.07,-0.03%,103
"2024-08-27 19:52",218.69,218.69,218.69,218.69,0.049,+0.02%,400
"2024-08-27 19:51",218.6216,218.641,218.6216,218.641,0.001,0.00%,1300
"2024-08-27 19:50",218.64,218.64,218.64,218.64,0.04,+0.02%,1000
"2024-08-27 19:45",218.6,218.6,218.6,218.6,0,0.00%,234
"2024-08-27 19:40",218.6,218.6,218.6,218.6,0,0.00%,100
"2024-08-27 19:38",218.6,218.6,218.6,218.6,0,0.00%,300
"2024-08-27 19:37",218.6,218.6,218.6,218.6,0.04,+0.02%,100
"2024-08-27 19:36",218.56,218.56,218.56,218.56,-0.01,0.00%,197
"2024-08-27 19:34",218.57,218.57,218.57,218.57,0.06,+0.03%,200
"2024-08-27 19:33",218.51,218.51,218.51,218.51,0.07,+0.03%,100
"2024-08-27 19:32",218.44,218.44,218.44,218.44,0.04,+0.02%,246
"2024-08-27 19:29",218.4,218.4,218.4,218.4,-0.03,-0.01%,100
"2024-08-27 19:26",218.43,218.43,218.43,218.43,-0.06,-0.03%,924
"2024-08-27 19:24",218.49,218.49,218.49,218.49,-0.09,-0.04%,975
"2024-08-27 19:21",218.62,218.62,218.58,218.58,-0.02,-0.01%,1100
"2024-08-27 19:19",218.6,218.6,218.6,218.6,0.01,0.00%,110
"2024-08-27 19:18",218.59,218.59,218.59,218.59,-0.06,-0.03%,182
"2024-08-27 19:16",218.65,218.65,218.65,218.65,0.03,+0.01%,994
"2024-08-27 19:15",218.62,218.62,218.62,218.62,-0.06,-0.03%,127
"2024-08-27 19:14",218.68,218.68,218.68,218.68,0,0.00%,500
"2024-08-27 19:13",218.68,218.69,218.68,218.68,0.02,+0.01%,3138
"2024-08-27 19:11",218.66,218.66,218.66,218.66,0.07,+0.03%,1400
"2024-08-27 19:07",218.59,218.59,218.59,218.59,0,0.00%,692
"2024-08-27 19:06",218.59,218.59,218.59,218.59,-0.01,0.00%,150
"2024-08-27 19:03",218.6,218.6,218.6,218.6,0.02,+0.01%,117
"2024-08-27 19:02",218.58,218.58,218.58,218.58,0.01,0.00%,100
"2024-08-27 18:57",218.57,218.57,218.566,218.57,0.04,+0.02%,1988
"2024-08-27 18:56",218.53,218.53,218.53,218.53,-0.04,-0.02%,209
"2024-08-27 18:53",218.57,218.57,218.57,218.57,0.01,0.00%,100
"2024-08-27 18:48",218.56,218.56,218.56,218.56,0.099,+0.05%,100
"2024-08-27 18:43",218.51,218.51,218.461,218.461,-0.089,-0.04%,2572
"2024-08-27 18:41",218.55,218.55,218.55,218.55,0.04,+0.02%,300
"2024-08-27 18:40",218.51,218.51,218.51,218.51,0,0.00%,116
"2024-08-27 18:39",218.51,218.51,218.51,218.51,0.03,+0.01%,1261
"2024-08-27 18:38",218.48,218.48,218.48,218.48,0.04,+0.02%,999
"2024-08-27 18:37",218.43,218.44,218.43,218.44,-0.01,0.00%,1160
"2024-08-27 18:33",218.466,218.466,218.45,218.45,0.01,0.00%,1100
"2024-08-27 18:32",218.44,218.44,218.44,218.44,0.03,+0.01%,287
"2024-08-27 18:29",218.41,218.41,218.41,218.41,-0.09,-0.04%,859
"2024-08-27 18:26",218.5,218.5,218.5,218.5,0.07,+0.03%,130
"2024-08-27 18:25",218.43,218.43,218.43,218.43,0.09,+0.04%,100
"2024-08-27 18:22",218.291,218.34,218.291,218.34,0.08,+0.04%,329
"2024-08-27 18:21",218.33,218.33,218.26,218.26,-0.09,-0.04%,582
"2024-08-27 18:20",218.4,218.4,218.35,218.35,-0.041,-0.02%,2700
"2024-08-27 18:19",218.391,218.391,218.391,218.391,-0.079,-0.04%,199
"2024-08-27 18:17",218.47,218.47,218.47,218.47,-0.02,-0.01%,200
"2024-08-27 18:16",218.55,218.55,218.49,218.49,-0.05,-0.02%,5133
"2024-08-27 18:15",218.6,218.6,218.54,218.54,-0.18,-0.08%,949
"2024-08-27 18:13",218.72,218.72,218.72,218.72,0.08,+0.04%,119
"2024-08-27 18:12",218.65,218.65,218.64,218.64,0.01,0.00%,2000
"2024-08-27 18:11",218.63,218.63,218.63,218.63,0.04,+0.02%,1500
"2024-08-27 18:10",218.61,218.61,218.59,218.59,-0.24,-0.11%,5112
"2024-08-27 18:09",218.83,218.84,218.83,218.83,-0.07,-0.03%,2777
"2024-08-27 18:07",218.86,218.9,218.86,218.9,0.03,+0.01%,747
"2024-08-27 18:04",218.87,218.87,218.87,218.87,-0.03,-0.01%,200
"2024-08-27 18:03",218.9,218.9,218.9,218.9,0,0.00%,1000
"2024-08-27 18:02",218.9,218.9,218.9,218.9,0,0.00%,1000
"2024-08-27 18:01",218.87,218.9,218.87,218.9,0.07,+0.03%,3850
"2024-08-27 18:00",218.71,218.83,218.7,218.83,0.06,+0.03%,8178
"2024-08-27 17:54",218.77,218.77,218.77,218.77,0.08,+0.04%,188
"2024-08-27 17:53",218.7,218.7,218.69,218.69,-0.01,0.00%,908
"2024-08-27 17:48",218.7,218.7,218.7,218.7,-0.05,-0.02%,100
"2024-08-27 17:43",218.76,218.76,218.75,218.75,0.14,+0.06%,2900
"2024-08-27 17:39",218.71,218.71,218.57,218.61,-0.16,-0.07%,13972
"2024-08-27 17:35",218.77,218.77,218.77,218.77,0.07,+0.03%,300
"2024-08-27 17:34",218.82,218.84,218.7,218.7,-0.11,-0.05%,13179
"2024-08-27 17:28",218.81,218.81,218.81,218.81,0,0.00%,200
"2024-08-27 17:25",218.81,218.81,218.81,218.81,-0.01,0.00%,453
"2024-08-27 17:22",218.82,218.82,218.82,218.82,0,0.00%,100
"2024-08-27 17:14",218.82,218.82,218.82,218.82,-0.02,-0.01%,200
"2024-08-27 17:13",218.83,218.84,218.83,218.84,0.02,+0.01%,2903
"2024-08-27 17:12",218.83,218.83,218.82,218.82,-0.01,0.00%,446
"2024-08-27 17:08",218.83,218.83,218.83,218.83,-0.03,-0.01%,600
"2024-08-27 17:01",218.85,218.86,218.85,218.86,0.04,+0.02%,200
"2024-08-27 16:59",218.74,218.82,218.74,218.82,-0.01,0.00%,423186
"2024-08-27 16:58",218.83,218.83,218.83,218.83,-0.031,-0.01%,441
"2024-08-27 16:56",218.866,218.866,218.861,218.861,0.021,+0.01%,800
"2024-08-27 16:55",218.84,218.84,218.84,218.84,0,0.00%,100
"2024-08-27 16:54",218.84,218.84,218.84,218.84,0.02,+0.01%,500
"2024-08-27 16:53",218.82,218.82,218.82,218.82,0,0.00%,100
"2024-08-27 16:52",218.84,218.84,218.82,218.82,-0.01,0.00%,1000
"2024-08-27 16:51",218.83,218.83,218.83,218.83,0,0.00%,1000
"2024-08-27 16:50",218.811,218.83,218.811,218.83,0.01,0.00%,1160
"2024-08-27 16:49",218.83,218.83,218.81,218.82,-0.01,0.00%,2673
"2024-08-27 16:48",218.83,218.83,218.83,218.83,0.02,+0.01%,100
"2024-08-27 16:47",218.79,218.81,218.79,218.81,0.01,0.00%,300
"2024-08-27 16:45",218.85,218.85,218.8,218.8,-0.1194,-0.05%,2567
"2024-08-27 16:41",218.9194,218.9194,218.9194,218.9194,-0.0306,-0.01%,300
"2024-08-27 16:40",218.95,218.95,218.95,218.95,-0.03,-0.01%,100
"2024-08-27 16:37",218.98,218.98,218.98,218.98,-0.02,-0.01%,100
"2024-08-27 16:34",219,219,219,219,0.04,+0.02%,700
"2024-08-27 16:32",218.98,218.98,218.96,218.96,-0.03,-0.01%,1030
"2024-08-27 16:30",218.99,218.99,218.99,218.99,0.03,+0.01%,190
"2024-08-27 16:29",218.96,218.96,218.96,218.96,-0.03,-0.01%,517
"2024-08-27 16:27",218.99,218.99,218.99,218.99,0.02,+0.01%,1400
"2024-08-27 16:26",218.97,218.97,218.97,218.97,0.01,0.00%,166
"2024-08-27 16:25",218.96,218.96,218.95,218.96,0,0.00%,1700
"2024-08-27 16:23",218.96,218.96,218.96,218.96,0.22,+0.10%,100
"2024-08-27 16:22",218.74,218.74,218.74,218.74,-0.17,-0.08%,7000
"2024-08-27 16:21",218.91,218.91,218.91,218.91,0.01,0.00%,550
"2024-08-27 16:20",218.91,218.91,218.89,218.9,-0.02,-0.01%,3765
"2024-08-27 16:18",218.9499,218.9499,218.92,218.92,-0.04,-0.02%,500
"2024-08-27 16:17",218.96,218.96,218.96,218.96,0,0.00%,1100
"2024-08-27 16:16",218.94,218.96,218.93,218.96,0.02,+0.01%,2987
"2024-08-27 16:15",218.91,218.94,218.91,218.94,0.04,+0.02%,1700
"2024-08-27 16:14",218.91,218.91,218.9,218.9,-0.0302,-0.01%,1300
"2024-08-27 16:13",218.93,218.9302,218.93,218.9302,0.0202,+0.01%,2500
"2024-08-27 16:12",218.89,218.91,218.88,218.91,0,0.00%,1530
"2024-08-27 16:11",218.74,218.92,218.74,218.91,0,0.00%,41047
"2024-08-27 16:10",218.88,218.91,218.88,218.91,0.08,+0.04%,8598
"2024-08-27 16:09",218.83,218.83,218.83,218.83,0.09,+0.04%,350
"2024-08-27 16:07",218.74,218.74,218.74,218.74,-0.18,-0.08%,5951
"2024-08-27 16:06",218.92,218.92,218.92,218.92,-0.01,0.00%,100
"2024-08-27 16:05",218.92,218.93,218.91,218.93,0.04,+0.02%,18410
"2024-08-27 16:04",218.87,218.9,218.87,218.89,0.1,+0.05%,2575
"2024-08-27 16:03",218.81,218.81,218.79,218.79,-0.05,-0.02%,9579
"2024-08-27 16:02",218.85,218.85,218.84,218.84,-0.01,0.00%,7318
"2024-08-27 16:01",218.83,218.86,218.8,218.85,0.05,+0.02%,26773
"2024-08-27 16:00",218.77,218.84,218.72,218.8,0.02,+0.01%,30682
"2024-08-27 15:59",218.675,218.78,218.61,218.78,0.105,+0.05%,1301715
"2024-08-27 15:58",218.76,218.82,218.65,218.675,-0.085,-0.04%,150360
"2024-08-27 15:57",218.77,218.79,218.73,218.76,-0.01,0.00%,104438
"2024-08-27 15:56",218.78,218.81,218.7,218.77,-0.02,-0.01%,52650
"2024-08-27 15:55",218.68,218.86,218.68,218.79,0.12,+0.05%,80580
"2024-08-27 15:54",218.76,218.76,218.6641,218.67,-0.08,-0.04%,54339
"2024-08-27 15:53",218.86,218.865,218.72,218.75,-0.12,-0.05%,85263
"2024-08-27 15:52",218.875,218.93,218.835,218.87,0,0.00%,72762
"2024-08-27 15:51",218.92,218.95,218.825,218.87,-0.04,-0.02%,142797
"2024-08-27 15:50",219.01,219.06,218.87,218.91,-0.1,-0.05%,176275
"2024-08-27 15:49",219.04,219.0945,218.98,219.01,-0.03,-0.01%,22307
"2024-08-27 15:48",219.02,219.04,218.99,219.04,0.03,+0.01%,33989
"2024-08-27 15:47",219.07,219.0907,218.995,219.01,-0.06,-0.03%,20978
"2024-08-27 15:46",218.965,219.07,218.94,219.07,0.1,+0.05%,36629
"2024-08-27 15:45",218.95,219.04,218.94,218.97,0.01,0.00%,12260
"2024-08-27 15:44",218.9567,219.015,218.9567,218.96,0,0.00%,18252
"2024-08-27 15:43",218.935,218.97,218.9,218.96,0.02,+0.01%,21496
"2024-08-27 15:42",218.99,218.99,218.92,218.94,-0.055,-0.03%,22057
"2024-08-27 15:41",218.99,219.05,218.96,218.995,-0.005,0.00%,19663
"2024-08-27 15:40",218.91,219.02,218.88,219,0.06,+0.03%,19395
"2024-08-27 15:39",218.9,218.97,218.89,218.94,0.04,+0.02%,30119
"2024-08-27 15:38",219.03,219.03,218.9,218.9,-0.13,-0.06%,34023
"2024-08-27 15:37",219.09,219.13,219.03,219.03,-0.07,-0.03%,23348
"2024-08-27 15:36",219.035,219.11,219.02,219.1,0.065,+0.03%,26208
"2024-08-27 15:35",218.97,219.035,218.93,219.035,0.065,+0.03%,34870
"2024-08-27 15:34",219.11,219.11,218.97,218.97,-0.14,-0.06%,36194
"2024-08-27 15:33",219,219.13,219,219.11,0.11,+0.05%,38758
"2024-08-27 15:32",219.08,219.1,218.97,219,-0.0802,-0.04%,38285
"2024-08-27 15:31",219.16,219.18,219.07,219.0802,-0.0798,-0.04%,34168
"2024-08-27 15:30",219.16,219.18,219.09,219.16,-0.01,0.00%,69555
"2024-08-27 15:29",219.22,219.23,219.15,219.17,-0.06,-0.03%,60104
"2024-08-27 15:28",219.205,219.25,219.19,219.23,0.02,+0.01%,21340
"2024-08-27 15:27",219.14,219.22,219.135,219.21,0.075,+0.03%,40867
"2024-08-27 15:26",219.11,219.18,219.11,219.135,0.035,+0.02%,29577
"2024-08-27 15:25",219.08,219.12,219.08,219.1,0.01,0.00%,4647
"2024-08-27 15:24",219.07,219.12,219.05,219.09,0.03,+0.01%,9614
"2024-08-27 15:23",219.0598,219.09,219.05,219.06,0.01,0.00%,28983
"2024-08-27 15:22",218.98,219.055,218.98,219.05,0.06,+0.03%,25058
"2024-08-27 15:21",218.945,218.99,218.93,218.99,0.05,+0.02%,21072
"2024-08-27 15:20",218.95,218.9918,218.94,218.94,-0.01,0.00%,28453
"2024-08-27 15:19",219.03,219.04,218.95,218.95,-0.085,-0.04%,14686
"2024-08-27 15:18",219,219.05,219,219.035,0.045,+0.02%,20164
"2024-08-27 15:17",219.03,219.04,218.99,218.99,-0.045,-0.02%,9940
"2024-08-27 15:16",219.03,219.0462,218.975,219.035,-0.005,0.00%,12313
"2024-08-27 15:15",219.02,219.06,219.01,219.04,0.0243,+0.01%,5507
"2024-08-27 15:14",219.02,219.02,218.98,219.0157,0.0057,0.00%,9811
"2024-08-27 15:13",219.05,219.0588,218.98,219.01,-0.04,-0.02%,10864
"2024-08-27 15:12",219.05,219.06,219.02,219.05,-0.01,0.00%,8029
"2024-08-27 15:11",218.995,219.07,218.99,219.06,0.07,+0.03%,11453
"2024-08-27 15:10",218.99,219.01,218.94,218.99,-0.0006,0.00%,27958
"2024-08-27 15:09",218.94,219.01,218.94,218.9906,0.0506,+0.02%,23792
"2024-08-27 15:08",218.88,218.94,218.8497,218.94,0.06,+0.03%,16964
"2024-08-27 15:07",218.75,218.9,218.75,218.88,0.13,+0.06%,31429
"2024-08-27 15:06",218.82,218.83,218.73,218.75,-0.07,-0.03%,15200
"2024-08-27 15:05",218.79,218.86,218.77,218.82,0.05,+0.02%,32990
"2024-08-27 15:04",218.865,218.887,218.77,218.77,-0.08,-0.04%,57123
"2024-08-27 15:03",218.93,218.94,218.83,218.85,-0.085,-0.04%,32272
"2024-08-27 15:02",218.99,219.0099,218.92,218.935,-0.055,-0.03%,22946
"2024-08-27 15:01",218.9897,219.02,218.97,218.99,0.01,0.00%,14971
"2024-08-27 15:00",219.02,219.02,218.95,218.98,-0.03,-0.01%,38546
"2024-08-27 14:59",219.06,219.07,218.99,219.01,-0.04,-0.02%,35662
"2024-08-27 14:58",219.17,219.19,219.05,219.05,-0.1084,-0.05%,9666
"2024-08-27 14:57",219.175,219.185,219.135,219.1584,-0.0216,-0.01%,5543
"2024-08-27 14:56",219.172,219.18,219.1,219.18,0.02,+0.01%,33705
"2024-08-27 14:55",219.23,219.25,219.14,219.16,-0.08,-0.04%,62576
"2024-08-27 14:54",219.24,219.24,219.19,219.24,-0.01,0.00%,20117
"2024-08-27 14:53",219.27,219.28,219.23,219.25,-0.02,-0.01%,11512
"2024-08-27 14:52",219.28,219.3,219.2301,219.27,0,0.00%,31342
"2024-08-27 14:51",219.21,219.27,219.18,219.27,0.05,+0.02%,31899
"2024-08-27 14:50",219.18,219.23,219.05,219.22,0.03,+0.01%,27858
"2024-08-27 14:49",219.17,219.21,219.11,219.19,0.0399,+0.02%,67684
"2024-08-27 14:48",219.19,219.19,219.15,219.1501,-0.0349,-0.02%,21544
"2024-08-27 14:47",219.14,219.2,219.09,219.185,0.035,+0.02%,14952
"2024-08-27 14:46",219.18,219.18,219.14,219.15,-0.02,-0.01%,17693
"2024-08-27 14:45",219.175,219.19,219.12,219.17,0,0.00%,13827
"2024-08-27 14:44",219.07,219.19,219.06,219.17,0.1,+0.05%,50808
"2024-08-27 14:43",219,219.07,219,219.07,0.06,+0.03%,24552
"2024-08-27 14:42",219,219.03,218.995,219.01,0.01,0.00%,7719
"2024-08-27 14:41",219.04,219.07,218.97,219,-0.0299,-0.01%,68283
"2024-08-27 14:40",218.97,219.0299,218.955,219.0299,0.0599,+0.03%,11792
"2024-08-27 14:39",218.9499,218.97,218.94,218.97,0.02,+0.01%,9176
"2024-08-27 14:38",218.94,218.96,218.9065,218.95,0.02,+0.01%,7991
"2024-08-27 14:37",218.9716,219,218.93,218.93,-0.05,-0.02%,5089
"2024-08-27 14:36",218.95,219,218.93,218.98,0.03,+0.01%,13748
"2024-08-27 14:35",218.925,218.97,218.9229,218.95,0.03,+0.01%,15475
"2024-08-27 14:34",218.86,218.92,218.825,218.92,0.04,+0.02%,10588
"2024-08-27 14:33",218.91,218.91,218.85,218.88,-0.04,-0.02%,4710
"2024-08-27 14:32",218.91,218.93,218.83,218.92,0.02,+0.01%,6790
"2024-08-27 14:31",218.91,218.94,218.9,218.9,-0.01,0.00%,5316
"2024-08-27 14:30",218.88,218.91,218.806,218.91,0.03,+0.01%,2660
"2024-08-27 14:29",218.95,218.9601,218.88,218.88,-0.07,-0.03%,14371
"2024-08-27 14:28",218.95,218.96,218.9,218.95,-0.0099,0.00%,20687
"2024-08-27 14:27",218.925,218.9599,218.89,218.9599,0.0399,+0.02%,6340
"2024-08-27 14:26",218.88,218.932,218.81,218.92,0.02,+0.01%,22356
"2024-08-27 14:25",218.86,218.91,218.82,218.9,0.04,+0.02%,11393
"2024-08-27 14:24",218.8696,218.8801,218.835,218.86,0.01,0.00%,18281
"2024-08-27 14:23",218.96,218.96,218.85,218.85,-0.11,-0.05%,5079
"2024-08-27 14:22",218.93,218.96,218.89,218.96,0.018,+0.01%,5690
"2024-08-27 14:21",218.94,218.96,218.91,218.942,0.012,+0.01%,12131
"2024-08-27 14:20",218.92,218.93,218.875,218.93,-0.0095,0.00%,8899
"2024-08-27 14:19",218.835,218.95,218.835,218.9395,0.1095,+0.05%,18870
"2024-08-27 14:18",218.92,218.92,218.79,218.83,-0.09,-0.04%,16170
"2024-08-27 14:17",218.96,218.97,218.92,218.92,-0.04,-0.02%,23537
"2024-08-27 14:16",219.05,219.05,218.96,218.96,-0.0959,-0.04%,8035
"2024-08-27 14:15",219.02,219.1,219.02,219.0559,0.0159,+0.01%,14695
"2024-08-27 14:14",219.01,219.04,218.99,219.04,0.0086,0.00%,2977
"2024-08-27 14:13",218.92,219.04,218.92,219.0314,0.1014,+0.05%,9906
"2024-08-27 14:12",218.98,219,218.9,218.93,-0.07,-0.03%,13954
"2024-08-27 14:11",219.0002,219.0076,218.96,219,-0.01,0.00%,6089
"2024-08-27 14:10",218.92,219.01,218.91,219.01,0.1,+0.05%,10054
"2024-08-27 14:09",218.98,218.98,218.895,218.91,-0.08,-0.04%,6923
"2024-08-27 14:08",218.96,219,218.95,218.99,0.045,+0.02%,5413
"2024-08-27 14:07",218.97,218.98,218.94,218.945,-0.015,-0.01%,3807
"2024-08-27 14:06",218.88,218.975,218.88,218.96,0.07,+0.03%,7375
"2024-08-27 14:05",218.82,218.91,218.82,218.89,0.08,+0.04%,16219
"2024-08-27 14:04",218.7725,218.81,218.771,218.81,0.035,+0.02%,10826
"2024-08-27 14:03",218.71,218.7869,218.675,218.775,0.055,+0.03%,16529
"2024-08-27 14:02",218.8537,218.8537,218.7,218.72,-0.132,-0.06%,16889
"2024-08-27 14:01",218.78,218.86,218.78,218.852,0.112,+0.05%,14560
"2024-08-27 14:00",218.72,218.76,218.69,218.74,0.01,0.00%,16188
"2024-08-27 13:59",218.75,218.75,218.7154,218.73,-0.01,0.00%,4816
"2024-08-27 13:58",218.75,218.76,218.71,218.74,0,0.00%,19934
"2024-08-27 13:57",218.7671,218.7671,218.71,218.74,-0.02,-0.01%,16009
"2024-08-27 13:56",218.785,218.81,218.76,218.76,-0.03,-0.01%,23139
"2024-08-27 13:55",218.87,218.87,218.76,218.79,-0.09,-0.04%,19017
"2024-08-27 13:54",218.905,218.91,218.85,218.88,-0.03,-0.01%,12793
"2024-08-27 13:53",218.905,218.94,218.905,218.91,0,0.00%,3162
"2024-08-27 13:52",218.91,218.97,218.89,218.91,0.01,0.00%,22972
"2024-08-27 13:51",218.885,218.91,218.88,218.9,0.019,+0.01%,8346
"2024-08-27 13:50",218.97,218.98,218.88,218.881,-0.099,-0.05%,25400
"2024-08-27 13:49",219.01,219.02,218.97,218.98,-0.03,-0.01%,7449
"2024-08-27 13:48",218.9397,219.0172,218.9397,219.01,0.07,+0.03%,13380
"2024-08-27 13:47",218.9,218.94,218.88,218.94,0.03,+0.01%,22510
"2024-08-27 13:46",218.925,218.96,218.91,218.91,-0.02,-0.01%,35690
"2024-08-27 13:45",218.91,218.94,218.88,218.93,0.02,+0.01%,13517
"2024-08-27 13:44",218.91,218.915,218.8601,218.91,-0.01,0.00%,21832
"2024-08-27 13:43",218.9,218.9395,218.8801,218.92,0.04,+0.02%,15382
"2024-08-27 13:42",218.76,218.91,218.76,218.88,0.13,+0.06%,14715
"2024-08-27 13:41",218.82,218.825,218.67,218.75,-0.05,-0.02%,17817
"2024-08-27 13:40",218.79,218.82,218.77,218.8,0.005,0.00%,6597
"2024-08-27 13:39",218.73,218.795,218.72,218.795,0.08,+0.04%,20837
"2024-08-27 13:38",218.89,218.89,218.715,218.715,-0.185,-0.08%,15544
"2024-08-27 13:37",218.9,218.93,218.9,218.9,-0.035,-0.02%,2757
"2024-08-27 13:36",218.92,218.94,218.91,218.935,0.02,+0.01%,7542
"2024-08-27 13:35",218.8757,218.95,218.8757,218.915,0.061,+0.03%,31901
"2024-08-27 13:34",218.86,218.86,218.77,218.854,-0.021,-0.01%,33155
"2024-08-27 13:33",218.86,218.92,218.835,218.875,0.025,+0.01%,43782
"2024-08-27 13:32",218.95,218.95,218.85,218.85,-0.1,-0.05%,9676
"2024-08-27 13:31",218.96,218.98,218.92,218.95,0,0.00%,13058
"2024-08-27 13:30",218.87,218.96,218.87,218.95,0.1,+0.05%,9618
"2024-08-27 13:29",218.85,218.9,218.8318,218.85,0.02,+0.01%,5620
"2024-08-27 13:28",218.79,218.94,218.79,218.83,0.05,+0.02%,16372
"2024-08-27 13:27",218.76,218.8,218.71,218.78,0.001,0.00%,10600
"2024-08-27 13:26",218.6903,218.779,218.6903,218.779,0.089,+0.04%,7797
"2024-08-27 13:25",218.6,218.69,218.6,218.69,0.09,+0.04%,8850
"2024-08-27 13:24",218.56,218.6,218.55,218.6,0.02,+0.01%,10480
"2024-08-27 13:23",218.56,218.58,218.53,218.58,0.01,0.00%,3246
"2024-08-27 13:22",218.56,218.57,218.54,218.57,0.02,+0.01%,4070
"2024-08-27 13:21",218.49,218.59,218.485,218.55,0.065,+0.03%,6829
"2024-08-27 13:20",218.44,218.51,218.44,218.485,0.045,+0.02%,5957
"2024-08-27 13:19",218.45,218.46,218.4184,218.44,-0.0299,-0.01%,4211
"2024-08-27 13:18",218.42,218.49,218.42,218.4699,0.0899,+0.04%,32841
"2024-08-27 13:17",218.42,218.42,218.345,218.38,-0.04,-0.02%,24590
"2024-08-27 13:16",218.48,218.48,218.39,218.42,-0.0415,-0.02%,19630
"2024-08-27 13:15",218.455,218.5,218.43,218.4615,0.0115,+0.01%,12506
"2024-08-27 13:14",218.37,218.45,218.37,218.45,0.1101,+0.05%,5432
"2024-08-27 13:13",218.32,218.35,218.3188,218.3399,0.0299,+0.01%,9800
"2024-08-27 13:12",218.32,218.3326,218.28,218.31,-0.02,-0.01%,5057
"2024-08-27 13:11",218.32,218.36,218.32,218.33,0,0.00%,9025
"2024-08-27 13:10",218.355,218.355,218.32,218.33,-0.01,0.00%,16594
"2024-08-27 13:09",218.35,218.37,218.29,218.34,-0.01,0.00%,5608
"2024-08-27 13:08",218.3099,218.36,218.285,218.35,0.02,+0.01%,28381
"2024-08-27 13:07",218.43,218.43,218.31,218.33,-0.1,-0.05%,5874
"2024-08-27 13:06",218.38,218.46,218.38,218.43,0.0487,+0.02%,17573
"2024-08-27 13:05",218.29,218.39,218.26,218.3813,0.1013,+0.05%,19870
"2024-08-27 13:04",218.22,218.29,218.22,218.28,0.08,+0.04%,4235
"2024-08-27 13:03",218.22,218.24,218.195,218.2,-0.01,0.00%,15650
"2024-08-27 13:02",218.17,218.22,218.17,218.21,0.0495,+0.02%,15182
"2024-08-27 13:01",218.22,218.22,218.1301,218.1605,-0.0595,-0.03%,14269
"2024-08-27 13:00",218.16,218.23,218.16,218.22,0.06,+0.03%,11696
"2024-08-27 12:59",218.245,218.2545,218.1,218.16,-0.09,-0.04%,10477
"2024-08-27 12:58",218.24,218.28,218.22,218.25,-0.01,0.00%,12465
"2024-08-27 12:57",218.27,218.27,218.23,218.26,-0.02,-0.01%,26531
"2024-08-27 12:56",218.3,218.33,218.22,218.28,-0.0273,-0.01%,14857
"2024-08-27 12:55",218.3,218.3141,218.24,218.3073,0.0073,0.00%,16596
"2024-08-27 12:54",218.27,218.315,218.27,218.3,0.03,+0.01%,5881
"2024-08-27 12:53",218.2542,218.28,218.25,218.27,0.02,+0.01%,7776
"2024-08-27 12:52",218.275,218.3199,218.22,218.25,-0.03,-0.01%,11277
"2024-08-27 12:51",218.224,218.31,218.224,218.28,0.06,+0.03%,28298
"2024-08-27 12:50",218.18,218.3,218.18,218.22,0.03,+0.01%,15733
"2024-08-27 12:49",218.1,218.205,218.1,218.19,0.1,+0.05%,28678
"2024-08-27 12:48",218.05,218.1198,218.025,218.09,0.05,+0.02%,24901
"2024-08-27 12:47",217.95,218.04,217.94,218.04,0.1,+0.05%,28817
"2024-08-27 12:46",217.88,217.97,217.88,217.94,0.065,+0.03%,41725
"2024-08-27 12:45",217.82,217.8799,217.81,217.875,0.055,+0.03%,13942
"2024-08-27 12:44",217.75,217.86,217.75,217.82,0.06,+0.03%,8601
"2024-08-27 12:43",217.81,217.8245,217.74,217.76,-0.09,-0.04%,12417
"2024-08-27 12:42",217.96,217.96,217.71,217.85,-0.0999,-0.05%,49530
"2024-08-27 12:41",217.94,218.025,217.875,217.9499,0.0099,0.00%,18401
"2024-08-27 12:40",217.89,217.94,217.89,217.94,0.06,+0.03%,11286
"2024-08-27 12:39",217.95,217.96,217.869,217.88,-0.07,-0.03%,25898
"2024-08-27 12:38",218,218,217.93,217.95,-0.07,-0.03%,11345
"2024-08-27 12:37",218.03,218.0301,217.92,218.02,-0.01,0.00%,61848
"2024-08-27 12:36",218.2039,218.205,218.03,218.03,-0.17,-0.08%,16707
"2024-08-27 12:35",218.26,218.26,218.17,218.2,-0.065,-0.03%,8626
"2024-08-27 12:34",218.25,218.2973,218.25,218.265,0.005,0.00%,6254
"2024-08-27 12:33",218.28,218.34,218.25,218.26,0,0.00%,10201
"2024-08-27 12:32",218.175,218.28,218.175,218.26,0.08,+0.04%,8991
"2024-08-27 12:31",218.17,218.1958,218.16,218.18,0.01,0.00%,4371
"2024-08-27 12:30",218.26,218.2679,218.17,218.17,-0.14,-0.06%,10359
"2024-08-27 12:29",218.3,218.34,218.3,218.31,0,0.00%,7197
"2024-08-27 12:28",218.235,218.32,218.22,218.31,0.07,+0.03%,13466
"2024-08-27 12:27",218.165,218.24,218.16,218.24,0.05,+0.02%,3035
"2024-08-27 12:26",218.24,218.24,218.19,218.19,-0.06,-0.03%,4133
"2024-08-27 12:25",218.24,218.27,218.2399,218.25,-0.0055,0.00%,8212
"2024-08-27 12:24",218.2299,218.2555,218.2,218.2555,0.0355,+0.02%,14997
"2024-08-27 12:23",218.18,218.23,218.1351,218.22,0.03,+0.01%,9673
"2024-08-27 12:22",218.27,218.28,218.16,218.19,-0.07,-0.03%,8094
"2024-08-27 12:21",218.349,218.349,218.23,218.26,-0.09,-0.04%,12911
"2024-08-27 12:20",218.315,218.35,218.31,218.35,0.04,+0.02%,14071
"2024-08-27 12:19",218.24,218.31,218.24,218.31,0.0401,+0.02%,6863
"2024-08-27 12:18",218.24,218.27,218.22,218.2699,0.0299,+0.01%,8623
"2024-08-27 12:17",218.29,218.3,218.23,218.24,-0.06,-0.03%,15730
"2024-08-27 12:16",218.34,218.34,218.29,218.3,-0.03,-0.01%,12417
"2024-08-27 12:15",218.3,218.35,218.28,218.33,0.035,+0.02%,14630
"2024-08-27 12:14",218.28,218.34,218.27,218.295,0.0245,+0.01%,48401
"2024-08-27 12:13",218.15,218.28,218.15,218.2705,0.1205,+0.06%,67453
"2024-08-27 12:12",218.13,218.15,218.115,218.15,0.03,+0.01%,22972
"2024-08-27 12:11",218.09,218.15,218.09,218.12,0.02,+0.01%,64270
"2024-08-27 12:10",218.05,218.1,218.04,218.1,0.0499,+0.02%,38591
"2024-08-27 12:09",217.99,218.051,217.98,218.0501,0.0651,+0.03%,8258
"2024-08-27 12:08",218.06,218.06,217.97,217.985,-0.1079,-0.05%,33467
"2024-08-27 12:07",218.07,218.1,218.05,218.0929,0.0329,+0.02%,29166
"2024-08-27 12:06",218.07,218.115,218.05,218.06,-0.005,0.00%,49382
"2024-08-27 12:05",218.15,218.16,218.0475,218.065,-0.085,-0.04%,22134
"2024-08-27 12:04",218.23,218.24,218.1475,218.15,-0.08,-0.04%,26788
"2024-08-27 12:03",218.33,218.36,218.19,218.23,-0.1,-0.05%,30013
"2024-08-27 12:02",218.31,218.37,218.3,218.33,0.04,+0.02%,11755
"2024-08-27 12:01",218.34,218.3617,218.29,218.29,-0.043,-0.02%,12239
"2024-08-27 12:00",218.36,218.37,218.33,218.333,-0.052,-0.02%,17240
"2024-08-27 11:59",218.34,218.39,218.32,218.385,0.035,+0.02%,7098
"2024-08-27 11:58",218.31,218.35,218.31,218.35,0.06,+0.03%,9453
"2024-08-27 11:57",218.24,218.29,218.23,218.29,0.035,+0.02%,13843
"2024-08-27 11:56",218.21,218.28,218.21,218.255,0.065,+0.03%,22315
"2024-08-27 11:55",218.18,218.21,218.135,218.19,0.01,0.00%,20624
"2024-08-27 11:54",218.06,218.19,218.06,218.18,0.12,+0.06%,17564
"2024-08-27 11:53",218.12,218.2,218.045,218.06,-0.05,-0.02%,30321
"2024-08-27 11:52",218.215,218.2292,218.09,218.11,-0.105,-0.05%,23103
"2024-08-27 11:51",218.25,218.26,218.19,218.215,-0.025,-0.01%,7958
"2024-08-27 11:50",218.33,218.36,218.24,218.24,-0.0899,-0.04%,21801
"2024-08-27 11:49",218.44,218.46,218.32,218.3299,-0.1201,-0.05%,23043
"2024-08-27 11:48",218.435,218.46,218.37,218.45,0.02,+0.01%,17130
"2024-08-27 11:47",218.47,218.49,218.42,218.43,-0.03,-0.01%,20944
"2024-08-27 11:46",218.399,218.49,218.39,218.46,0.07,+0.03%,83551
"2024-08-27 11:45",218.37,218.42,218.36,218.39,0.03,+0.01%,18362
"2024-08-27 11:44",218.365,218.412,218.33,218.36,0.01,0.00%,34472
"2024-08-27 11:43",218.27,218.35,218.27,218.35,0.1,+0.05%,17086
"2024-08-27 11:42",218.22,218.25,218.16,218.25,-0.01,0.00%,13104
"2024-08-27 11:41",218.16,218.26,218.16,218.26,0.09,+0.04%,19791
"2024-08-27 11:40",218.21,218.2197,218.1117,218.17,-0.08,-0.04%,14831
"2024-08-27 11:39",218.28,218.29,218.2,218.25,-0.04,-0.02%,23652
"2024-08-27 11:38",218.2,218.33,218.2,218.29,0.07,+0.03%,11444
"2024-08-27 11:37",218.25,218.26,218.165,218.22,-0.025,-0.01%,16625
"2024-08-27 11:36",218.23,218.29,218.205,218.245,0.005,0.00%,14324
"2024-08-27 11:35",218.21,218.27,218.18,218.24,0.04,+0.02%,22872
"2024-08-27 11:34",218.09,218.22,218.06,218.2,0.1,+0.05%,36134
"2024-08-27 11:33",218.25,218.29,218.03,218.1,-0.1501,-0.07%,61686
"2024-08-27 11:32",218.3,218.32,218.22,218.2501,-0.0299,-0.01%,39539
"2024-08-27 11:31",218.4,218.4,218.28,218.28,-0.14,-0.06%,26905
"2024-08-27 11:30",218.315,218.42,218.265,218.42,0.09,+0.04%,25508
"2024-08-27 11:29",218.39,218.41,218.33,218.33,-0.06,-0.03%,17991
"2024-08-27 11:28",218.305,218.39,218.2,218.39,0.08,+0.04%,29023
"2024-08-27 11:27",218.35,218.42,218.27,218.31,-0.04,-0.02%,20685
"2024-08-27 11:26",218.345,218.39,218.32,218.35,0.02,+0.01%,12916
"2024-08-27 11:25",218.42,218.42,218.27,218.33,-0.1,-0.05%,18186
"2024-08-27 11:24",218.515,218.57,218.43,218.43,-0.07,-0.03%,32226
"2024-08-27 11:23",218.57,218.65,218.5,218.5,-0.05,-0.02%,25022
"2024-08-27 11:22",218.51,218.58,218.5002,218.55,0.07,+0.03%,10959
"2024-08-27 11:21",218.39,218.51,218.3537,218.48,0.08,+0.04%,55716
"2024-08-27 11:20",218.3,218.4,218.28,218.4,0.11,+0.05%,44154
"2024-08-27 11:19",218.2905,218.365,218.16,218.29,-0.01,0.00%,167296
"2024-08-27 11:18",218.56,218.57,218.22,218.3,-0.24,-0.11%,182603
"2024-08-27 11:17",218.73,218.73,218.53,218.54,-0.22,-0.10%,53582
"2024-08-27 11:16",218.88,218.88,218.735,218.76,-0.1199,-0.05%,45381
"2024-08-27 11:15",218.8699,218.89,218.84,218.8799,0.0199,+0.01%,7015
"2024-08-27 11:14",218.965,218.965,218.83,218.86,-0.12,-0.05%,11770
"2024-08-27 11:13",218.96,219,218.9501,218.98,0.03,+0.01%,25424
"2024-08-27 11:12",218.97,219.01,218.91,218.95,-0.04,-0.02%,55721
"2024-08-27 11:11",219.05,219.08,218.99,218.99,-0.0754,-0.03%,33662
"2024-08-27 11:10",218.98,219.0654,218.94,219.0654,0.0854,+0.04%,10096
"2024-08-27 11:09",219.01,219.03,218.98,218.98,-0.025,-0.01%,6710
"2024-08-27 11:08",218.9462,219.04,218.9462,219.005,0.075,+0.03%,10162
"2024-08-27 11:07",219.01,219.0299,218.87,218.93,-0.08,-0.04%,30775
"2024-08-27 11:06",219.09,219.09,219.01,219.01,-0.08,-0.04%,12410
"2024-08-27 11:05",219.16,219.16,219.035,219.09,-0.075,-0.03%,26546
"2024-08-27 11:04",219.1,219.165,219.1,219.165,0.045,+0.02%,5083
"2024-08-27 11:03",219.07,219.135,219.07,219.12,0.05,+0.02%,6771
"2024-08-27 11:02",219.1,219.12,219.05,219.07,-0.05,-0.02%,11588
"2024-08-27 11:01",219.18,219.2,219.03,219.12,-0.0502,-0.02%,38200
"2024-08-27 11:00",219.2,219.26,219.12,219.1702,0.0101,0.00%,19743
"2024-08-27 10:59",219.14,219.204,219.14,219.1601,0.0301,+0.01%,21382
"2024-08-27 10:58",219.0999,219.15,219.05,219.13,-0.01,0.00%,9679
"2024-08-27 10:57",219.17,219.17,219.07,219.14,-0.04,-0.02%,40851
"2024-08-27 10:56",219.205,219.205,219.145,219.18,-0.02,-0.01%,36121
"2024-08-27 10:55",219.06,219.21,219.06,219.2,0.1342,+0.06%,26995
"2024-08-27 10:54",219.01,219.0658,219,219.0658,0.0558,+0.03%,19375
"2024-08-27 10:53",218.98,219.01,218.89,219.01,0.04,+0.02%,34147
"2024-08-27 10:52",219,219.03,218.95,218.97,-0.03,-0.01%,41508
"2024-08-27 10:51",219.03,219.12,219,219,-0.03,-0.01%,30096
"2024-08-27 10:50",219.1,219.1,219,219.03,-0.07,-0.03%,30711
"2024-08-27 10:49",219.07,219.19,219.07,219.1,-0.015,-0.01%,36492
"2024-08-27 10:48",219.185,219.24,219.11,219.115,-0.075,-0.03%,28864
"2024-08-27 10:47",219.31,219.31,219.11,219.19,-0.13,-0.06%,150166
"2024-08-27 10:46",219.33,219.37,219.3099,219.32,-0.01,0.00%,33084
"2024-08-27 10:45",219.34,219.37,219.27,219.33,-0.0099,0.00%,37397
"2024-08-27 10:44",219.235,219.34,219.16,219.3399,0.0999,+0.05%,33651
"2024-08-27 10:43",219.205,219.31,219.17,219.24,0.0048,0.00%,44808
"2024-08-27 10:42",219.09,219.2352,219.07,219.2352,0.1552,+0.07%,28505
"2024-08-27 10:41",219.07,219.13,219.04,219.08,0.0199,+0.01%,19751
"2024-08-27 10:40",219,219.11,219,219.0601,0.0601,+0.03%,55571
"2024-08-27 10:39",218.93,219.04,218.93,219,0.05,+0.02%,52671
"2024-08-27 10:38",218.9,218.96,218.8801,218.95,0.09,+0.04%,8759
"2024-08-27 10:37",218.86,218.94,218.82,218.86,-0.01,0.00%,31690
"2024-08-27 10:36",218.8,218.88,218.71,218.87,0.09,+0.04%,16204
"2024-08-27 10:35",218.69,218.7801,218.62,218.78,0.09,+0.04%,26638
"2024-08-27 10:34",218.81,218.81,218.65,218.69,-0.15,-0.07%,31259
"2024-08-27 10:33",218.9,218.9189,218.83,218.84,-0.06,-0.03%,26170
"2024-08-27 10:32",218.9,218.97,218.9,218.9,0.025,+0.01%,33054
"2024-08-27 10:31",218.985,219.04,218.875,218.875,-0.105,-0.05%,22961
"2024-08-27 10:30",218.84,219.01,218.8,218.98,0.12,+0.05%,97645
"2024-08-27 10:29",218.795,218.87,218.795,218.86,0.038,+0.02%,25729
"2024-08-27 10:28",218.6799,218.84,218.65,218.822,0.162,+0.07%,78472
"2024-08-27 10:27",218.72,218.72,218.585,218.66,-0.06,-0.03%,25900
"2024-08-27 10:26",218.77,218.82,218.67,218.72,-0.06,-0.03%,37645
"2024-08-27 10:25",218.7299,218.8,218.67,218.78,0.05,+0.02%,51222
"2024-08-27 10:24",218.62,218.79,218.62,218.73,0.13,+0.06%,46257
"2024-08-27 10:23",218.6,218.63,218.54,218.6,0.01,0.00%,52941
"2024-08-27 10:22",218.52,218.59,218.46,218.59,0.07,+0.03%,51621
"2024-08-27 10:21",218.41,218.54,218.36,218.52,0.11,+0.05%,42288
"2024-08-27 10:20",218.32,218.4195,218.24,218.41,0.08,+0.04%,30959
"2024-08-27 10:19",218.15,218.34,218.15,218.33,0.168,+0.08%,21563
"2024-08-27 10:18",218.05,218.21,218.05,218.162,0.102,+0.05%,72266
"2024-08-27 10:17",218.01,218.06,217.9,218.06,0.03,+0.01%,102455
"2024-08-27 10:16",218.0907,218.0907,217.88,218.03,-0.08,-0.04%,32870
"2024-08-27 10:15",218,218.2,218,218.11,0.08,+0.04%,41352
"2024-08-27 10:14",218.02,218.03,217.925,218.03,0.005,0.00%,37223
"2024-08-27 10:13",218.14,218.228,218,218.025,-0.13,-0.06%,28642
"2024-08-27 10:12",218.18,218.2,217.9901,218.155,-0.025,-0.01%,37635
"2024-08-27 10:11",218.25,218.32,218.095,218.18,-0.072,-0.03%,49624
"2024-08-27 10:10",218.29,218.36,218.15,218.252,-0.038,-0.02%,51153
"2024-08-27 10:09",218.32,218.32,218.18,218.29,-0.03,-0.01%,78542
"2024-08-27 10:08",218.36,218.4,218.23,218.32,-0.08,-0.04%,54519
"2024-08-27 10:07",218.52,218.53,218.28,218.4,-0.11,-0.05%,89985
"2024-08-27 10:06",218.445,218.53,218.43,218.51,0.06,+0.03%,49635
"2024-08-27 10:05",218.495,218.54,218.33,218.45,-0.04,-0.02%,114946
"2024-08-27 10:04",218.27,218.49,218.19,218.49,0.22,+0.10%,82383
"2024-08-27 10:03",218.225,218.44,218.2,218.27,0.04,+0.02%,69692
"2024-08-27 10:02",218.01,218.29,217.92,218.23,0.22,+0.10%,43920
"2024-08-27 10:01",218.01,218.07,217.87,218.01,0,0.00%,84290
"2024-08-27 10:00",217.97,218.16,217.94,218.01,0.06,+0.03%,87106
"2024-08-27 09:59",217.97,217.99,217.88,217.95,-0.03,-0.01%,73965
"2024-08-27 09:58",218.08,218.15,217.94,217.98,-0.1,-0.05%,71351
"2024-08-27 09:57",218.15,218.15,217.97,218.08,-0.0693,-0.03%,115362
"2024-08-27 09:56",218.27,218.35,218.09,218.1493,-0.1107,-0.05%,118506
"2024-08-27 09:55",218.35,218.4,218.2201,218.26,-0.1,-0.05%,140106
"2024-08-27 09:54",218.39,218.46,218.32,218.36,-0.055,-0.03%,106313
"2024-08-27 09:53",218.5,218.57,218.355,218.415,-0.075,-0.03%,102294
"2024-08-27 09:52",218.5,218.5699,218.43,218.49,-0.01,0.00%,48538
"2024-08-27 09:51",218.625,218.68,218.5,218.5,-0.13,-0.06%,65150
"2024-08-27 09:50",218.5,218.66,218.47,218.63,0.13,+0.06%,30620
"2024-08-27 09:49",218.55,218.64,218.5,218.5,-0.0399,-0.02%,110245
"2024-08-27 09:48",218.41,218.57,218.3709,218.5399,0.1099,+0.05%,34583
"2024-08-27 09:47",218.38,218.63,218.37,218.43,0.06,+0.03%,34873
"2024-08-27 09:46",218.37,218.54,218.36,218.37,-0.01,0.00%,48866
"2024-08-27 09:45",218.45,218.5,218.23,218.38,-0.06,-0.03%,49733
"2024-08-27 09:44",218.43,218.59,218.35,218.44,0.03,+0.01%,49827
"2024-08-27 09:43",218.31,218.41,218.22,218.41,0.09,+0.04%,31641
"2024-08-27 09:42",218.3,218.365,218.19,218.32,0,0.00%,88262
"2024-08-27 09:41",218.13,218.38,218.11,218.32,0.19,+0.09%,47274
"2024-08-27 09:40",218.46,218.47,218.13,218.13,-0.32,-0.15%,45295
"2024-08-27 09:39",218.64,218.64,218.4,218.45,-0.16,-0.07%,40138
"2024-08-27 09:38",218.7301,218.74,218.51,218.61,-0.19,-0.09%,38130
"2024-08-27 09:37",218.78,218.92,218.67,218.8,0.05,+0.02%,32373
"2024-08-27 09:36",218.77,218.96,218.7322,218.75,0.03,+0.01%,47433
"2024-08-27 09:35",218.75,218.76,218.48,218.72,-0.0601,-0.03%,57959
"2024-08-27 09:34",218.825,218.89,218.49,218.7801,-0.0399,-0.02%,78067
"2024-08-27 09:33",218.79,218.82,218.43,218.82,0.04,+0.02%,67468
"2024-08-27 09:32",218.85,218.85,218.51,218.78,-0.12,-0.05%,144145
"2024-08-27 09:31",218.81,219.03,218.72,218.9,-0.01,0.00%,105161
"2024-08-27 09:30",218.91,218.985,218.69,218.91,0.03,+0.01%,206379
"2024-08-27 09:29",218.82,218.88,218.82,218.88,0.03,+0.01%,289
"2024-08-27 09:28",218.87,218.87,218.85,218.85,-0.01,0.00%,806
"2024-08-27 09:27",218.81,218.86,218.81,218.86,0.06,+0.03%,622
"2024-08-27 09:26",218.811,218.811,218.8,218.8,-0.09,-0.04%,702
"2024-08-27 09:25",218.79,218.89,218.79,218.89,0.07,+0.03%,813
"2024-08-27 09:24",218.81,218.82,218.81,218.82,0.06,+0.03%,600
"2024-08-27 09:23",218.8,218.8,218.76,218.76,0.01,0.00%,1100
"2024-08-27 09:22",218.69,218.75,218.69,218.75,-0.02,-0.01%,300
"2024-08-27 09:21",218.71,218.81,218.69,218.77,-0.03,-0.01%,1822
"2024-08-27 09:20",218.79,218.8,218.77,218.8,-0.1,-0.05%,1101
"2024-08-27 09:19",218.9,218.9,218.9,218.9,-0.04,-0.02%,700
"2024-08-27 09:18",218.95,218.9892,218.9111,218.94,-0.01,0.00%,12141
"2024-08-27 09:17",218.95,218.96,218.94,218.95,0.03,+0.01%,14095
"2024-08-27 09:16",218.96,218.96,218.92,218.92,0.18,+0.08%,715
"2024-08-27 09:15",218.72,218.82,218.72,218.74,0.0493,+0.02%,2400
"2024-08-27 09:14",218.69,218.74,218.69,218.6907,0.0207,+0.01%,959
"2024-08-27 09:13",218.79,218.83,218.62,218.67,-0.11,-0.05%,6640
"2024-08-27 09:12",218.77,218.78,218.74,218.78,0,0.00%,6672
"2024-08-27 09:11",218.67,218.79,218.67,218.78,0.15,+0.07%,6441
"2024-08-27 09:10",218.659,218.66,218.63,218.63,-0.02,-0.01%,900
"2024-08-27 09:09",218.65,218.66,218.6102,218.65,-0.01,0.00%,2528
"2024-08-27 09:08",218.72,218.72,218.63,218.66,0,0.00%,1578
"2024-08-27 09:07",218.54,218.66,218.54,218.66,0.14,+0.06%,899
"2024-08-27 09:06",218.6,218.6,218.5,218.52,-0.09,-0.04%,6429
"2024-08-27 09:05",218.41,218.61,218.41,218.61,0.16,+0.07%,6237
"2024-08-27 09:04",218.6,218.64,218.43,218.45,-0.2,-0.09%,10839
"2024-08-27 09:03",218.65,218.65,218.65,218.65,-0.05,-0.02%,200
"2024-08-27 09:02",218.76,218.76,218.67,218.7,-0.13,-0.06%,3190
"2024-08-27 09:01",218.786,218.83,218.786,218.83,0.13,+0.06%,264
"2024-08-27 09:00",218.7,218.7,218.7,218.7,0,0.00%,650
"2024-08-27 08:59",218.86,218.86,218.7,218.7,-0.14,-0.06%,1636
"2024-08-27 08:58",218.93,218.94,218.84,218.84,-0.07,-0.03%,2886
"2024-08-27 08:57",218.98,219,218.91,218.91,-0.08,-0.04%,564
"2024-08-27 08:56",219.02,219.05,218.99,218.99,-0.02,-0.01%,1238
"2024-08-27 08:55",218.88,219.06,218.88,219.01,0.12,+0.05%,6658
"2024-08-27 08:54",218.87,218.91,218.87,218.89,0.029,+0.01%,4330
"2024-08-27 08:53",218.8,218.861,218.78,218.861,0.081,+0.04%,3818
"2024-08-27 08:52",218.82,218.88,218.76,218.78,-0.01,0.00%,14633
"2024-08-27 08:51",218.8,218.83,218.77,218.79,0.08,+0.04%,6532
"2024-08-27 08:50",218.81,218.81,218.666,218.71,-0.1407,-0.06%,11285
"2024-08-27 08:49",218.9119,218.92,218.8507,218.8507,-0.0993,-0.05%,921
"2024-08-27 08:48",218.956,218.99,218.95,218.95,-0.05,-0.02%,2704
"2024-08-27 08:46",219.03,219.03,219,219,-0.04,-0.02%,1009
"2024-08-27 08:45",219.03,219.04,219.001,219.04,0.02,+0.01%,385
"2024-08-27 08:44",218.9,219.03,218.9,219.02,0.12,+0.05%,5484
"2024-08-27 08:43",219.03,219.04,218.9,218.9,-0.15,-0.07%,3659
"2024-08-27 08:42",219.08,219.09,219.05,219.05,-0.09,-0.04%,4653
"2024-08-27 08:41",219.19,219.19,219.12,219.14,-0.11,-0.05%,3341
"2024-08-27 08:40",219.23,219.25,219.2,219.25,0.04,+0.02%,921
"2024-08-27 08:39",219.2,219.23,219.17,219.21,0.01,0.00%,3892
"2024-08-27 08:38",219.24,219.24,219.2,219.2,-0.1,-0.05%,3828
"2024-08-27 08:37",219.3,219.34,219.3,219.3,-0.02,-0.01%,1906
"2024-08-27 08:36",219.32,219.3585,219.3,219.32,0.01,0.00%,6029
"2024-08-27 08:35",219.41,219.41,219.31,219.31,-0.05,-0.02%,1313
"2024-08-27 08:34",219.44,219.46,219.36,219.36,0,0.00%,1492
"2024-08-27 08:33",219.41,219.41,219.35,219.36,0,0.00%,2062
"2024-08-27 08:32",219.38,219.39,219.326,219.36,-0.01,0.00%,4470
"2024-08-27 08:31",219.48,219.48,219.35,219.37,-0.15,-0.07%,1484
"2024-08-27 08:30",219.51,219.52,219.51,219.52,-0.01,0.00%,1300
"2024-08-27 08:29",219.5,219.53,219.5,219.53,0.03,+0.01%,3197
"2024-08-27 08:28",219.56,219.58,219.5,219.5,-0.09,-0.04%,9649
"2024-08-27 08:27",219.49,219.61,219.49,219.59,0.07,+0.03%,802
"2024-08-27 08:26",219.5,219.52,219.38,219.52,0.01,0.00%,7918
"2024-08-27 08:25",219.63,219.63,219.51,219.51,-0.09,-0.04%,800
"2024-08-27 08:24",219.63,219.63,219.6,219.6,-0.02,-0.01%,1880
"2024-08-27 08:23",219.6,219.63,219.6,219.62,0.0002,0.00%,2141
"2024-08-27 08:22",219.63,219.63,219.6198,219.6198,-0.0002,0.00%,200
"2024-08-27 08:21",219.63,219.65,219.62,219.62,0.03,+0.01%,1800
"2024-08-27 08:20",219.7,219.7,219.57,219.59,-0.12,-0.05%,1996
"2024-08-27 08:18",219.72,219.72,219.71,219.71,-0.03,-0.01%,1168
"2024-08-27 08:17",219.801,219.801,219.6903,219.74,-0.06,-0.03%,5729
"2024-08-27 08:16",219.7787,219.8,219.7787,219.8,-0.02,-0.01%,400
"2024-08-27 08:15",219.82,219.82,219.82,219.82,-0.05,-0.02%,100
"2024-08-27 08:14",219.87,219.87,219.87,219.87,-0.06,-0.03%,100
"2024-08-27 08:13",219.93,219.93,219.93,219.93,0.09,+0.04%,1100
"2024-08-27 08:12",219.8018,219.84,219.8018,219.84,0.02,+0.01%,414
"2024-08-27 08:11",219.83,219.85,219.81,219.82,-0.03,-0.01%,4590
"2024-08-27 08:10",219.83,219.85,219.81,219.85,-0.06,-0.03%,1145
"2024-08-27 08:09",219.89,219.91,219.88,219.91,0.02,+0.01%,1200
"2024-08-27 08:08",219.98,219.98,219.89,219.89,-0.16,-0.07%,1250
"2024-08-27 08:07",220.06,220.06,220.05,220.05,0,0.00%,1900
"2024-08-27 08:06",220.05,220.05,220.05,220.05,0.05,+0.02%,300
"2024-08-27 08:04",220.01,220.01,220,220,0,0.00%,730
"2024-08-27 08:03",220.009,220.009,220,220,0,0.00%,200
"2024-08-27 08:02",220,220,220,220,0,0.00%,140
"2024-08-27 08:01",220.71,220.81,220,220,-0.084,-0.04%,4020
"2024-08-27 08:00",220.23,220.81,220.08,220.084,-0.076,-0.03%,18723
"2024-08-27 07:59",220.16,220.16,220.16,220.16,0.036,+0.02%,554
"2024-08-27 07:58",220.16,220.16,220.12,220.124,0.004,0.00%,1800
"2024-08-27 07:57",220.19,220.19,220.12,220.12,-0.1,-0.05%,2121
"2024-08-27 07:56",220.17,220.22,220.17,220.22,-0.02,-0.01%,800
"2024-08-27 07:55",220.26,220.26,220.24,220.24,-0.06,-0.03%,380
"2024-08-27 07:54",220.33,220.33,220.3,220.3,-0.01,0.00%,2835
"2024-08-27 07:53",220.35,220.35,220.31,220.31,-0.01,0.00%,725
"2024-08-27 07:51",220.35,220.37,220.32,220.32,-0.07,-0.03%,3317
"2024-08-27 07:50",220.39,220.39,220.39,220.39,0.04,+0.02%,400
"2024-08-27 07:49",220.38,220.38,220.35,220.35,-0.07,-0.03%,644
"2024-08-27 07:47",220.42,220.42,220.42,220.42,0.04,+0.02%,100
"2024-08-27 07:46",220.38,220.38,220.38,220.38,-0.04,-0.02%,200
"2024-08-27 07:44",220.42,220.42,220.42,220.42,0.01,0.00%,100
"2024-08-27 07:43",220.41,220.41,220.41,220.41,0.01,0.00%,400
"2024-08-27 07:42",220.4,220.4,220.4,220.4,0,0.00%,100
"2024-08-27 07:41",220.4,220.4,220.4,220.4,-0.07,-0.03%,400
"2024-08-27 07:40",220.47,220.47,220.47,220.47,0.09,+0.04%,250
"2024-08-27 07:39",220.45,220.45,220.38,220.38,-0.12,-0.05%,460
"2024-08-27 07:38",220.5,220.5,220.5,220.5,-0.036,-0.02%,5238
"2024-08-27 07:33",220.536,220.536,220.536,220.536,0.02,+0.01%,100
"2024-08-27 07:32",220.57,220.57,220.516,220.516,-0.084,-0.04%,2100
"2024-08-27 07:31",220.6,220.6,220.6,220.6,0.16,+0.07%,113
"2024-08-27 07:30",220.44,220.44,220.44,220.44,0.07,+0.03%,121
"2024-08-27 07:29",220.37,220.37,220.37,220.37,0.02,+0.01%,100
"2024-08-27 07:27",220.39,220.39,220.35,220.35,-0.05,-0.02%,1093
"2024-08-27 07:26",220.4,220.4,220.4,220.4,0,0.00%,200
"2024-08-27 07:22",220.4,220.4,220.4,220.4,0,0.00%,200
"2024-08-27 07:21",220.4,220.4,220.4,220.4,-0.04,-0.02%,200
"2024-08-27 07:20",220.44,220.44,220.44,220.44,0,0.00%,987
"2024-08-27 07:18",220.38,220.44,220.38,220.44,0.07,+0.03%,1010
"2024-08-27 07:17",220.38,220.38,220.37,220.37,0.04,+0.02%,540
"2024-08-27 07:16",220.35,220.35,220.3,220.33,0.02,+0.01%,340
"2024-08-27 07:13",220.31,220.31,220.31,220.31,-0.04,-0.02%,384
"2024-08-27 07:10",220.35,220.35,220.35,220.35,0.05,+0.02%,300
"2024-08-27 07:07",220.32,220.34,220.3,220.3,0.01,0.00%,1336
"2024-08-27 07:06",220.26,220.3,220.23,220.29,0.08,+0.04%,2469
"2024-08-27 07:05",220.24,220.24,220.21,220.21,0.11,+0.05%,430
"2024-08-27 07:04",220.09,220.1,220.09,220.1,0,0.00%,400
"2024-08-27 07:03",220.1,220.1,220.1,220.1,0.02,+0.01%,100
"2024-08-27 07:02",220.08,220.08,220.08,220.08,0.04,+0.02%,364
"2024-08-27 07:01",220.04,220.04,220.04,220.04,-0.15,-0.07%,157
"2024-08-27 07:00",220.21,220.21,220.19,220.19,-0.02,-0.01%,240
"2024-08-27 06:59",220.21,220.21,220.21,220.21,-0.09,-0.04%,107
"2024-08-27 06:58",220.3,220.3,220.3,220.3,0.03,+0.01%,100
"2024-08-27 06:56",220.27,220.27,220.27,220.27,0.08,+0.04%,100
"2024-08-27 06:55",220.19,220.19,220.19,220.19,0,0.00%,136
"2024-08-27 06:54",220.19,220.19,220.19,220.19,0,0.00%,300
"2024-08-27 06:53",220.19,220.19,220.19,220.19,-0.11,-0.05%,317
"2024-08-27 06:52",220.3,220.3,220.3,220.3,-0.38,-0.17%,100
"2024-08-27 06:47",220.68,220.68,220.68,220.68,0.06,+0.03%,317
"2024-08-27 06:45",220.62,220.62,220.62,220.62,0,0.00%,100
"2024-08-27 06:44",220.61,220.62,220.61,220.62,-0.01,0.00%,1250
"2024-08-27 06:43",220.65,220.65,220.63,220.63,0.08,+0.04%,612
"2024-08-27 06:41",220.55,220.55,220.55,220.55,0.11,+0.05%,500
"2024-08-27 06:33",220.44,220.44,220.44,220.44,0.03,+0.01%,117
"2024-08-27 06:32",220.41,220.41,220.41,220.41,0.03,+0.01%,100
"2024-08-27 06:22",220.38,220.38,220.38,220.38,-0.03,-0.01%,100
"2024-08-27 06:19",220.36,220.43,220.36,220.41,-0.02,-0.01%,5615
"2024-08-27 06:13",220.43,220.43,220.43,220.43,0.01,0.00%,100
"2024-08-27 06:10",220.42,220.42,220.42,220.42,0,0.00%,1000
"2024-08-27 06:07",220.42,220.42,220.42,220.42,-0.09,-0.04%,339
"2024-08-27 06:06",220.45,220.51,220.44,220.51,-0.1,-0.05%,800
"2024-08-27 05:59",220.61,220.61,220.61,220.61,-0.06,-0.03%,556
"2024-08-27 05:57",220.67,220.67,220.67,220.67,0.08,+0.04%,225
"2024-08-27 05:50",220.59,220.59,220.59,220.59,-0.05,-0.02%,113
"2024-08-27 05:47",220.64,220.64,220.64,220.64,-0.02,-0.01%,100
"2024-08-27 05:38",220.66,220.66,220.66,220.66,0.01,0.00%,100
"2024-08-27 05:37",220.65,220.65,220.65,220.65,-0.01,0.00%,140
"2024-08-27 05:34",220.66,220.66,220.66,220.66,-0.16,-0.07%,600
"2024-08-27 05:28",220.82,220.82,220.82,220.82,-0.03,-0.01%,153
"2024-08-27 05:25",220.85,220.85,220.85,220.85,-0.08,-0.04%,100
"2024-08-27 05:24",220.93,220.93,220.93,220.93,-0.06,-0.03%,1300
"2024-08-27 05:21",220.99,220.99,220.99,220.99,0,0.00%,113
"2024-08-27 05:20",220.99,220.99,220.99,220.99,-0.05,-0.02%,113
"2024-08-27 05:17",221.04,221.04,221.04,221.04,0,0.00%,100
"2024-08-27 05:16",220.99,221.04,220.99,221.04,0.12,+0.05%,851
"2024-08-27 05:11",220.92,220.92,220.92,220.92,0.04,+0.02%,200
"2024-08-27 05:10",220.88,220.88,220.88,220.88,0.06,+0.03%,113
"2024-08-27 05:02",220.82,220.82,220.82,220.82,-0.02,-0.01%,370
"2024-08-27 04:58",220.89,220.89,220.84,220.84,-0.05,-0.02%,460
"2024-08-27 04:57",220.89,220.89,220.89,220.89,0.11,+0.05%,209
"2024-08-27 04:52",220.78,220.78,220.78,220.78,-0.09,-0.04%,500
"2024-08-27 04:49",220.87,220.87,220.87,220.87,-0.11,-0.05%,100
"2024-08-27 04:38",220.98,220.98,220.98,220.98,0.14,+0.06%,140
"2024-08-27 04:36",220.79,220.84,220.79,220.84,0.09,+0.04%,240
"2024-08-27 04:35",220.75,220.75,220.75,220.75,-0.03,-0.01%,140
"2024-08-27 04:27",220.78,220.78,220.78,220.78,-0.05,-0.02%,115
"2024-08-27 04:26",220.83,220.83,220.83,220.83,0.01,0.00%,115
"2024-08-27 04:24",220.79,220.82,220.79,220.82,0.07,+0.03%,279
"2024-08-27 04:23",220.75,220.75,220.75,220.75,0.05,+0.02%,128
"2024-08-27 04:20",220.7,220.7,220.7,220.7,0.07,+0.03%,150
"2024-08-27 04:18",220.63,220.63,220.63,220.63,-0.07,-0.03%,132
"2024-08-27 04:17",220.75,220.75,220.7,220.7,-0.04,-0.02%,1235
"2024-08-27 04:16",220.76,220.76,220.74,220.74,-0.02,-0.01%,613
"2024-08-27 04:15",220.7,220.76,220.7,220.76,0.05,+0.02%,657
"2024-08-27 04:12",220.66,220.71,220.66,220.71,0.07,+0.03%,559
"2024-08-27 04:11",220.64,220.64,220.64,220.64,0.07,+0.03%,500
"2024-08-27 04:10",220.68,220.68,220.57,220.57,-0.09,-0.04%,1736
"2024-08-27 04:09",220.54,220.68,220.52,220.66,0.15,+0.07%,2100
"2024-08-27 04:08",220.56,220.56,220.51,220.51,0.01,0.00%,300
"2024-08-27 04:06",220.5,220.5,220.5,220.5,0.07,+0.03%,259
"2024-08-27 04:04",220.38,220.43,220.38,220.43,0.03,+0.01%,619
"2024-08-27 04:03",220.38,220.4,220.36,220.4,0.02,+0.01%,3293
"2024-08-27 04:02",220.39,220.39,220.38,220.38,0.01,0.00%,533
"2024-08-27 04:01",220.33,220.37,220.33,220.37,0.08,+0.04%,573
"2024-08-27 04:00",220.49,220.49,220.18,220.29,-0.29,-0.13%,3500
"2024-08-26 19:59",220.64,220.66,220.58,220.58,-0.02,-0.01%,3102
"2024-08-26 19:58",220.6,220.6,220.6,220.6,0.02,+0.01%,200
"2024-08-26 19:56",220.58,220.58,220.58,220.58,-0.0672,-0.03%,800
"2024-08-26 19:55",220.6,220.6472,220.6,220.6472,-0.0428,-0.02%,250
"2024-08-26 19:53",220.69,220.69,220.69,220.69,0,0.00%,1500
"2024-08-26 19:52",220.52,220.69,220.52,220.69,0.15,+0.07%,26004
"2024-08-26 19:47",220.55,220.55,220.54,220.54,-0.06,-0.03%,400
"2024-08-26 19:46",220.6,220.6,220.6,220.6,0,0.00%,111
"2024-08-26 19:45",220.6,220.6,220.6,220.6,-0.01,0.00%,240
"2024-08-26 19:41",220.6,220.61,220.6,220.61,0.01,0.00%,235
"2024-08-26 19:39",220.6,220.6,220.6,220.6,0.01,0.00%,100
"2024-08-26 19:36",220.59,220.59,220.59,220.59,0.04,+0.02%,600
"2024-08-26 19:34",220.58,220.59,220.55,220.55,-0.04,-0.02%,2940
"2024-08-26 19:33",220.5901,220.5901,220.59,220.59,-0.05,-0.02%,1100
"2024-08-26 19:32",220.64,220.64,220.64,220.64,0.06,+0.03%,100
"2024-08-26 19:30",220.58,220.58,220.58,220.58,0.04,+0.02%,1000
"2024-08-26 19:29",220.541,220.541,220.54,220.54,-0.0575,-0.03%,787
"2024-08-26 19:28",220.5975,220.5975,220.5975,220.5975,0.0975,+0.04%,100
"2024-08-26 19:27",220.49,220.5,220.49,220.5,0,0.00%,1536
"2024-08-26 19:26",220.53,220.53,220.5,220.5,-0.04,-0.02%,593
"2024-08-26 19:25",220.52,220.54,220.52,220.54,0.02,+0.01%,740
"2024-08-26 19:24",220.56,220.56,220.51,220.52,0.029,+0.01%,1142
"2024-08-26 19:23",220.47,220.491,220.47,220.491,0.031,+0.01%,200
"2024-08-26 19:22",220.44,220.46,220.44,220.46,0.0196,+0.01%,3075
"2024-08-26 19:21",220.4404,220.4404,220.4404,220.4404,0.0004,0.00%,100
"2024-08-26 19:18",220.44,220.44,220.44,220.44,0.02,+0.01%,600
"2024-08-26 19:17",220.35,220.45,220.35,220.42,0.08,+0.04%,478
"2024-08-26 19:16",220.34,220.34,220.34,220.34,0.04,+0.02%,150
"2024-08-26 19:06",220.3,220.3,220.3,220.3,-0.01,0.00%,1992
"2024-08-26 19:05",220.31,220.31,220.31,220.31,0,0.00%,560
"2024-08-26 19:02",220.25,220.31,220.25,220.31,0.04,+0.02%,874
"2024-08-26 19:01",220.28,220.28,220.27,220.27,0.04,+0.02%,726
"2024-08-26 19:00",220.23,220.23,220.23,220.23,0,0.00%,500
"2024-08-26 18:59",220.23,220.23,220.23,220.23,0.02,+0.01%,100
"2024-08-26 18:54",220.21,220.21,220.21,220.21,0.08,+0.04%,200
"2024-08-26 18:51",220.13,220.13,220.13,220.13,-0.01,0.00%,300
"2024-08-26 18:49",220.14,220.14,220.14,220.14,0.02,+0.01%,1000
"2024-08-26 18:48",220.13,220.13,220.12,220.12,-0.03,-0.01%,1411
"2024-08-26 18:47",220.15,220.15,220.15,220.15,0.03,+0.01%,500
"2024-08-26 18:46",220.12,220.12,220.12,220.12,0,0.00%,384
"2024-08-26 18:45",220.12,220.121,220.12,220.12,-0.03,-0.01%,1060
"2024-08-26 18:44",220.15,220.15,220.15,220.15,-0.05,-0.02%,100
"2024-08-26 18:42",220.2,220.2,220.2,220.2,0.06,+0.03%,100
"2024-08-26 18:40",220.14,220.14,220.14,220.14,-0.02,-0.01%,100
"2024-08-26 18:37",220.16,220.16,220.16,220.16,-0.01,0.00%,250
"2024-08-26 18:36",220.1415,220.17,220.14,220.17,0.03,+0.01%,320
"2024-08-26 18:35",220.14,220.14,220.14,220.14,-0.05,-0.02%,100
"2024-08-26 18:32",220.19,220.19,220.19,220.19,-0.02,-0.01%,109
"2024-08-26 18:31",220.24,220.24,220.21,220.21,-0.06,-0.03%,2200
"2024-08-26 18:30",220.27,220.27,220.27,220.27,-0.03,-0.01%,500
"2024-08-26 18:28",220.3,220.3,220.3,220.3,0.06,+0.03%,100
"2024-08-26 18:27",220.24,220.25,220.24,220.24,0,0.00%,3640
"2024-08-26 18:25",220.24,220.24,220.24,220.24,-0.02,-0.01%,600
"2024-08-26 18:24",220.26,220.26,220.26,220.26,0.01,0.00%,140
"2024-08-26 18:19",220.25,220.25,220.25,220.25,-0.09,-0.04%,450
"2024-08-26 18:18",220.34,220.34,220.34,220.34,-0.02,-0.01%,100
"2024-08-26 18:17",220.37,220.37,220.36,220.36,0,0.00%,741
"2024-08-26 18:14",220.36,220.36,220.36,220.36,0.01,0.00%,140
"2024-08-26 18:12",220.31,220.35,220.31,220.35,0.13,+0.06%,700
"2024-08-26 18:09",220.22,220.22,220.22,220.22,-0.25,-0.11%,600
"2024-08-26 18:08",220.47,220.47,220.47,220.47,-0.04,-0.02%,300
"2024-08-26 18:06",220.53,220.53,220.51,220.51,0.01,0.00%,700
"2024-08-26 18:05",220.49,220.5,220.49,220.5,0.03,+0.01%,600
"2024-08-26 18:04",220.481,220.481,220.47,220.47,-0.02,-0.01%,243
"2024-08-26 18:03",220.421,220.49,220.421,220.49,0.06,+0.03%,7816
"2024-08-26 18:02",220.42,220.43,220.42,220.43,0.19,+0.09%,1900
"2024-08-26 18:00",220.22,220.24,220.22,220.24,0.051,+0.02%,1023
"2024-08-26 17:59",220.189,220.189,220.189,220.189,0.029,+0.01%,400
"2024-08-26 17:54",220.16,220.16,220.16,220.16,-0.04,-0.02%,200
"2024-08-26 17:51",220.1899,220.2,220.1899,220.2,0.01,0.00%,1690
"2024-08-26 17:47",220.19,220.19,220.19,220.19,-0.01,0.00%,300
"2024-08-26 17:42",220.2,220.2,220.2,220.2,0,0.00%,116
"2024-08-26 17:41",220.2,220.2,220.2,220.2,0,0.00%,224
"2024-08-26 17:39",220.2,220.2,220.2,220.2,-0.08,-0.04%,141
"2024-08-26 17:32",220.28,220.28,220.28,220.28,0.05,+0.02%,500
"2024-08-26 17:30",220.23,220.23,220.23,220.23,-0.04,-0.02%,100
"2024-08-26 17:27",220.27,220.27,220.27,220.27,0,0.00%,100
"2024-08-26 17:26",220.22,220.27,220.22,220.27,0.07,+0.03%,700
"2024-08-26 17:21",220.2,220.2,220.2,220.2,0,0.00%,100
"2024-08-26 17:13",220.2,220.2,220.2,220.2,0.06,+0.03%,154
"2024-08-26 17:10",220.15,220.15,220.14,220.14,-0.0119,-0.01%,400
"2024-08-26 17:08",220.1519,220.1519,220.1519,220.1519,-0.1281,-0.06%,100
"2024-08-26 17:07",220.28,220.28,220.28,220.28,0.06,+0.03%,117
"2024-08-26 17:06",220.22,220.22,220.22,220.22,0.02,+0.01%,800
"2024-08-26 16:59",220.16,220.2,220.15,220.2,0.02,+0.01%,829
"2024-08-26 16:58",220.2,220.2,220.17,220.18,-0.02,-0.01%,1705
"2024-08-26 16:56",220.25,220.25,220.2,220.2,-0.02,-0.01%,1025
"2024-08-26 16:55",220.22,220.22,220.22,220.22,0.02,+0.01%,218
"2024-08-26 16:53",220.19,220.2,220.19,220.2,0.059,+0.03%,1575
"2024-08-26 16:50",220.141,220.141,220.141,220.141,0.021,+0.01%,500
"2024-08-26 16:49",220.12,220.12,220.1,220.12,0.01,0.00%,1923
"2024-08-26 16:48",220.16,220.16,220.11,220.11,-0.06,-0.03%,999
"2024-08-26 16:47",220.18,220.18,220.16,220.17,0.01,0.00%,3200
"2024-08-26 16:44",220.19,220.19,220.16,220.16,-0.09,-0.04%,250
"2024-08-26 16:43",220.23,220.25,220.23,220.25,0.13,+0.06%,540
"2024-08-26 16:41",220.12,220.12,220.12,220.12,-0.02,-0.01%,165
"2024-08-26 16:40",220.14,220.14,220.14,220.14,0.03,+0.01%,400
"2024-08-26 16:39",220.11,220.11,220.11,220.11,-0.03,-0.01%,1693
"2024-08-26 16:38",220.12,220.14,220.12,220.14,0,0.00%,1535
"2024-08-26 16:37",220.14,220.14,220.14,220.14,-0.05,-0.02%,450
"2024-08-26 16:35",220.19,220.19,220.19,220.19,-0.01,0.00%,800
"2024-08-26 16:34",220.2,220.2,220.2,220.2,0,0.00%,100
"2024-08-26 16:33",220.2,220.2,220.2,220.2,-0.01,0.00%,450
"2024-08-26 16:32",220.32,220.32,220.21,220.21,-0.09,-0.04%,1326
"2024-08-26 16:30",220.25,220.3,220.25,220.3,-0.05,-0.02%,3000
"2024-08-26 16:29",220.35,220.35,220.34,220.35,0.02,+0.01%,8369
"2024-08-26 16:28",220.32,220.33,220.31,220.33,0.02,+0.01%,2559
"2024-08-26 16:27",220.3,220.33,220.3,220.31,0.03,+0.01%,5346
"2024-08-26 16:26",220.28,220.28,220.28,220.28,-0.02,-0.01%,400
"2024-08-26 16:25",220.28,220.3,220.28,220.3,0.08,+0.04%,1719
"2024-08-26 16:23",220.2408,220.25,220.22,220.22,0.01,0.00%,8280
"2024-08-26 16:22",220.25,220.25,220.21,220.21,-0.03,-0.01%,3881
"2024-08-26 16:20",220.28,220.28,220.24,220.24,-0.02,-0.01%,2530
"2024-08-26 16:19",220.28,220.28,220.26,220.26,0.01,0.00%,7000
"2024-08-26 16:18",220.26,220.27,220.25,220.25,0,0.00%,436
"2024-08-26 16:17",220.25,220.25,220.25,220.25,-0.03,-0.01%,100
"2024-08-26 16:16",220.27,220.3099,220.27,220.28,0.01,0.00%,1545
"2024-08-26 16:15",220.28,220.28,220.27,220.27,0.04,+0.02%,7200
"2024-08-26 16:14",220.24,220.26,220.23,220.23,0,0.00%,5314
"2024-08-26 16:13",220.16,220.24,220.12,220.23,0.07,+0.03%,29601
"2024-08-26 16:12",220.17,220.19,220.16,220.16,-0.01,0.00%,11130
"2024-08-26 16:11",220.21,220.21,220.17,220.17,-0.04,-0.02%,4390
"2024-08-26 16:10",220.19,220.21,220.19,220.21,0.05,+0.02%,4600
"2024-08-26 16:09",220.2,220.22,220.16,220.16,-0.01,0.00%,32577
"2024-08-26 16:08",220.15,220.17,220.13,220.17,0.025,+0.01%,19873
"2024-08-26 16:07",220.19,220.19,220.13,220.145,-0.045,-0.02%,9748
"2024-08-26 16:06",220.17,220.45,220.13,220.19,0.01,0.00%,141000
"2024-08-26 16:05",220.21,220.21,220.17,220.18,-0.04,-0.02%,1200
"2024-08-26 16:04",220.21,220.22,220.17,220.22,0,0.00%,6667
"2024-08-26 16:03",220.27,220.45,220.19,220.22,-0.06,-0.03%,26591
"2024-08-26 16:02",220.34,220.34,220.27,220.28,-0.06,-0.03%,12651
"2024-08-26 16:01",220.4,220.4,220.32,220.34,-0.07,-0.03%,38285
"2024-08-26 16:00",220.43,220.49,220.39,220.41,-0.01,0.00%,92387
"2024-08-26 15:59",220.22,220.47,220.22,220.42,0.2,+0.09%,1425543
"2024-08-26 15:58",220.16,220.27,220.16,220.22,0.065,+0.03%,232844
"2024-08-26 15:57",220.18,220.21,220.08,220.155,-0.025,-0.01%,151696
"2024-08-26 15:56",220.32,220.33,220.18,220.18,-0.155,-0.07%,65747
"2024-08-26 15:55",220.46,220.47,220.29,220.335,-0.125,-0.06%,139944
"2024-08-26 15:54",220.55,220.59,220.395,220.46,-0.085,-0.04%,103142
"2024-08-26 15:53",220.59,220.67,220.51,220.545,-0.035,-0.02%,83357
"2024-08-26 15:52",220.47,220.63,220.455,220.58,0.12,+0.05%,112663
"2024-08-26 15:51",220.64,220.71,220.45,220.46,-0.19,-0.09%,107442
"2024-08-26 15:50",220.7,220.85,220.65,220.65,-0.02,-0.01%,122522
"2024-08-26 15:49",220.71,220.77,220.66,220.67,-0.02,-0.01%,40176
"2024-08-26 15:48",220.64,220.6999,220.63,220.69,0.05,+0.02%,37523
"2024-08-26 15:47",220.71,220.715,220.61,220.64,-0.07,-0.03%,18934
"2024-08-26 15:46",220.68,220.73,220.6,220.71,0.02,+0.01%,38847
"2024-08-26 15:45",220.68,220.695,220.63,220.69,0.022,+0.01%,47256
"2024-08-26 15:44",220.795,220.81,220.6524,220.668,-0.132,-0.06%,31738
"2024-08-26 15:43",220.92,220.92,220.7901,220.8,-0.13,-0.06%,76591
"2024-08-26 15:42",220.9,220.94,220.89,220.93,0.03,+0.01%,49894
"2024-08-26 15:41",220.83,220.91,220.8,220.9,0.075,+0.03%,38007
"2024-08-26 15:40",220.74,220.84,220.72,220.825,0.085,+0.04%,37994
"2024-08-26 15:39",220.8,220.84,220.74,220.74,-0.06,-0.03%,37800
"2024-08-26 15:38",220.8,220.82,220.77,220.8,0,0.00%,35754
"2024-08-26 15:37",220.66,220.81,220.66,220.8,0.14,+0.06%,45438
"2024-08-26 15:36",220.665,220.67,220.605,220.66,0,0.00%,29684
"2024-08-26 15:35",220.7,220.72,220.66,220.66,-0.05,-0.02%,20512
"2024-08-26 15:34",220.71,220.76,220.71,220.71,-0.01,0.00%,22563
"2024-08-26 15:33",220.76,220.775,220.69,220.72,-0.04,-0.02%,16680
"2024-08-26 15:32",220.73,220.8599,220.725,220.76,0.0302,+0.01%,41184
"2024-08-26 15:31",220.669,220.73,220.62,220.7298,0.0598,+0.03%,37929
"2024-08-26 15:30",220.77,220.77,220.67,220.67,-0.1,-0.05%,53065
"2024-08-26 15:29",220.86,220.875,220.77,220.77,-0.09,-0.04%,30116
"2024-08-26 15:28",220.9,220.9199,220.85,220.86,-0.04,-0.02%,6712
"2024-08-26 15:27",220.94,220.94,220.86,220.9,-0.04,-0.02%,29132
"2024-08-26 15:26",221.02,221.03,220.9,220.94,-0.1,-0.05%,27721
"2024-08-26 15:25",221,221.05,220.955,221.04,0.03,+0.01%,12161
"2024-08-26 15:24",221.02,221.04,220.99,221.01,-0.02,-0.01%,4266
"2024-08-26 15:23",221.09,221.09,220.99,221.03,-0.0652,-0.03%,13751
"2024-08-26 15:22",221.07,221.1,221.0299,221.0952,0.0253,+0.01%,14304
"2024-08-26 15:21",221.01,221.09,220.98,221.0699,0.0699,+0.03%,44176
"2024-08-26 15:20",221.06,221.11,220.99,221,-0.07,-0.03%,34119
"2024-08-26 15:19",221.07,221.1456,221.05,221.07,-0.01,0.00%,32495
"2024-08-26 15:18",221.02,221.12,220.975,221.08,0.04,+0.02%,101555
"2024-08-26 15:17",221.06,221.08,221.01,221.04,-0.02,-0.01%,158495
"2024-08-26 15:16",221.1657,221.21,221.05,221.06,-0.105,-0.05%,46120
"2024-08-26 15:15",221.2,221.2,221.13,221.165,-0.035,-0.02%,32143
"2024-08-26 15:14",221.17,221.2,221.1201,221.2,0.03,+0.01%,15434
"2024-08-26 15:13",221.22,221.22,221.13,221.17,-0.07,-0.03%,42227
"2024-08-26 15:12",221.28,221.28,221.22,221.24,-0.025,-0.01%,29314
"2024-08-26 15:11",221.22,221.29,221.21,221.265,0.045,+0.02%,34907
"2024-08-26 15:10",221.19,221.24,221.18,221.22,0.06,+0.03%,30014
"2024-08-26 15:09",221.1,221.2,221.1,221.16,0.05,+0.02%,9501
"2024-08-26 15:08",221,221.1199,220.98,221.11,0.11,+0.05%,22151
"2024-08-26 15:07",220.975,221.02,220.96,221,0.01,0.00%,39499
"2024-08-26 15:06",220.9801,221.015,220.91,220.99,0,0.00%,31632
"2024-08-26 15:05",220.95,221.01,220.95,220.99,0.03,+0.01%,13501
"2024-08-26 15:04",221.04,221.04,220.96,220.96,-0.07,-0.03%,5689
"2024-08-26 15:03",221.05,221.06,221.005,221.03,-0.03,-0.01%,17142
"2024-08-26 15:02",221.03,221.06,221,221.06,0.05,+0.02%,39795
"2024-08-26 15:01",220.93,221.02,220.905,221.01,0.074,+0.03%,31976
"2024-08-26 15:00",221.05,221.05,220.925,220.936,-0.114,-0.05%,60293
"2024-08-26 14:59",221.02,221.07,221.02,221.05,0.06,+0.03%,16426
"2024-08-26 14:58",220.99,221.04,220.96,220.99,0.02,+0.01%,57993
"2024-08-26 14:57",220.92,221.006,220.92,220.97,0.04,+0.02%,66394
"2024-08-26 14:56",220.86,220.93,220.85,220.93,0.085,+0.04%,47330
"2024-08-26 14:55",220.77,220.85,220.77,220.845,0.085,+0.04%,13434
"2024-08-26 14:54",220.71,220.77,220.6975,220.76,0.07,+0.03%,5388
"2024-08-26 14:53",220.77,220.77,220.68,220.69,-0.09,-0.04%,4150
"2024-08-26 14:52",220.78,220.84,220.78,220.78,-0.01,0.00%,16329
"2024-08-26 14:51",220.77,220.8,220.73,220.79,0.02,+0.01%,13709
"2024-08-26 14:50",220.77,220.82,220.67,220.77,-0.005,0.00%,27248
"2024-08-26 14:49",220.9,220.91,220.75,220.775,-0.115,-0.05%,21116
"2024-08-26 14:48",220.96,220.96,220.86,220.89,-0.035,-0.02%,14038
"2024-08-26 14:47",220.97,221,220.91,220.925,-0.0449,-0.02%,8619
"2024-08-26 14:46",221.0083,221.01,220.9699,220.9699,-0.0301,-0.01%,5955
"2024-08-26 14:45",221.06,221.08,221,221,-0.0566,-0.03%,8167
"2024-08-26 14:44",220.98,221.06,220.97,221.0566,0.0866,+0.04%,8085
"2024-08-26 14:43",221.04,221.04,220.94,220.97,-0.08,-0.04%,13686
"2024-08-26 14:42",221.085,221.09,221.02,221.05,-0.03,-0.01%,15443
"2024-08-26 14:41",221.08,221.13,221.07,221.08,0,0.00%,12261
"2024-08-26 14:40",220.9999,221.09,220.98,221.08,0.1,+0.05%,71376
"2024-08-26 14:39",220.98,221.03,220.98,220.98,-0.01,0.00%,4474
"2024-08-26 14:38",221.03,221.05,220.96,220.99,-0.05,-0.02%,26486
"2024-08-26 14:37",221.02,221.08,221.02,221.04,0.03,+0.01%,19881
"2024-08-26 14:36",221.0567,221.06,220.96,221.01,-0.05,-0.02%,10385
"2024-08-26 14:35",220.98,221.14,220.98,221.06,0.09,+0.04%,16498
"2024-08-26 14:34",220.93,221.0099,220.89,220.97,0.04,+0.02%,22018
"2024-08-26 14:33",221.08,221.0892,220.92,220.93,-0.15,-0.07%,21828
"2024-08-26 14:32",221.0206,221.1,221.01,221.08,0.06,+0.03%,24519
"2024-08-26 14:31",221.05,221.1,221.02,221.02,-0.02,-0.01%,25786
"2024-08-26 14:30",221,221.06,220.98,221.04,0.03,+0.01%,15998
"2024-08-26 14:29",220.95,221.02,220.93,221.01,0.05,+0.02%,12926
"2024-08-26 14:28",220.93,220.96,220.91,220.96,0.05,+0.02%,21755
"2024-08-26 14:27",220.94,220.97,220.86,220.91,-0.04,-0.02%,24371
"2024-08-26 14:26",220.82,220.95,220.815,220.95,0.13,+0.06%,36857
"2024-08-26 14:25",220.82,220.82,220.74,220.82,0,0.00%,9672
"2024-08-26 14:24",220.821,220.84,220.81,220.82,-0.02,-0.01%,8206
"2024-08-26 14:23",220.88,220.8874,220.81,220.84,-0.05,-0.02%,9787
"2024-08-26 14:22",220.78,220.89,220.78,220.89,0.11,+0.05%,20214
"2024-08-26 14:21",220.88,220.89,220.76,220.78,-0.11,-0.05%,28235
"2024-08-26 14:20",220.75,220.91,220.75,220.89,0.14,+0.06%,29017
"2024-08-26 14:19",220.68,220.75,220.68,220.75,0.04,+0.02%,16866
"2024-08-26 14:18",220.68,220.73,220.67,220.71,0.04,+0.02%,4718
"2024-08-26 14:17",220.71,220.71,220.64,220.67,-0.0435,-0.02%,11709
"2024-08-26 14:16",220.74,220.77,220.7135,220.7135,-0.0265,-0.01%,15403
"2024-08-26 14:15",220.71,220.75,220.69,220.74,0.02,+0.01%,16545
"2024-08-26 14:14",220.6665,220.74,220.61,220.72,0.0533,+0.02%,15312
"2024-08-26 14:13",220.58,220.6699,220.58,220.6667,0.0967,+0.04%,19983
"2024-08-26 14:12",220.53,220.6,220.52,220.57,0.04,+0.02%,10043
"2024-08-26 14:11",220.58,220.585,220.51,220.53,-0.04,-0.02%,42428
"2024-08-26 14:10",220.635,220.66,220.57,220.57,-0.07,-0.03%,17432
"2024-08-26 14:09",220.56,220.6584,220.53,220.64,0.07,+0.03%,19586
"2024-08-26 14:08",220.72,220.72,220.57,220.57,-0.15,-0.07%,48979
"2024-08-26 14:07",220.785,220.8,220.72,220.72,-0.05,-0.02%,16473
"2024-08-26 14:06",220.84,220.845,220.77,220.77,-0.08,-0.04%,7488
"2024-08-26 14:05",220.77,220.88,220.77,220.85,0.09,+0.04%,17039
"2024-08-26 14:04",220.865,220.88,220.7,220.76,-0.09,-0.04%,17250
"2024-08-26 14:03",220.89,220.89,220.84,220.85,-0.035,-0.02%,17256
"2024-08-26 14:02",220.7099,220.885,220.7,220.885,0.175,+0.08%,35766
"2024-08-26 14:01",220.7,220.72,220.64,220.71,0.01,0.00%,20993
"2024-08-26 14:00",220.69,220.7,220.6,220.7,0.02,+0.01%,31784
"2024-08-26 13:59",220.7,220.7,220.61,220.68,-0.035,-0.02%,12929
"2024-08-26 13:58",220.685,220.76,220.65,220.715,0.025,+0.01%,35812
"2024-08-26 13:57",220.53,220.7,220.52,220.69,0.18,+0.08%,54194
"2024-08-26 13:56",220.5,220.51,220.415,220.51,0.02,+0.01%,11536
"2024-08-26 13:55",220.5,220.5101,220.45,220.49,-0.03,-0.01%,19339
"2024-08-26 13:54",220.63,220.64,220.52,220.52,-0.1,-0.05%,20978
"2024-08-26 13:53",220.5999,220.6443,220.52,220.62,0.04,+0.02%,25921
"2024-08-26 13:52",220.585,220.64,220.52,220.58,-0.02,-0.01%,16000
"2024-08-26 13:51",220.66,220.68,220.55,220.6,-0.065,-0.03%,22839
"2024-08-26 13:50",220.64,220.68,220.59,220.665,0.025,+0.01%,13555
"2024-08-26 13:49",220.66,220.7,220.6305,220.64,-0.03,-0.01%,9236
"2024-08-26 13:48",220.6599,220.7198,220.6301,220.67,0,0.00%,20646
"2024-08-26 13:47",220.63,220.68,220.54,220.67,0.0201,+0.01%,41149
"2024-08-26 13:46",220.7,220.76,220.62,220.6499,-0.0301,-0.01%,57140
"2024-08-26 13:45",220.91,220.91,220.63,220.68,-0.2395,-0.11%,21282
"2024-08-26 13:44",220.9,220.96,220.9,220.9195,0.0195,+0.01%,25197
"2024-08-26 13:43",220.87,220.91,220.8201,220.9,0.04,+0.02%,15386
"2024-08-26 13:42",220.7999,220.88,220.765,220.86,0.06,+0.03%,18861
"2024-08-26 13:41",220.81,220.8369,220.7597,220.8,0,0.00%,11306
"2024-08-26 13:40",220.65,220.832,220.65,220.8,0.13,+0.06%,55430
"2024-08-26 13:39",220.975,220.98,220.59,220.67,-0.3,-0.14%,51751
"2024-08-26 13:38",220.94,220.97,220.84,220.97,0.03,+0.01%,21243
"2024-08-26 13:37",221.02,221.08,220.93,220.94,-0.09,-0.04%,138281
"2024-08-26 13:36",221.065,221.07,220.95,221.03,-0.04,-0.02%,37248
"2024-08-26 13:35",221.2,221.23,221.07,221.07,-0.1317,-0.06%,38201
"2024-08-26 13:34",221.19,221.22,221.16,221.2017,0.0117,+0.01%,16046
"2024-08-26 13:33",221.088,221.23,221.088,221.19,0.1,+0.05%,30532
"2024-08-26 13:32",221.2,221.2,221.05,221.09,-0.11,-0.05%,62877
"2024-08-26 13:31",221.25,221.28,221.18,221.2,-0.03,-0.01%,6932
"2024-08-26 13:30",221.28,221.28,221.22,221.23,-0.05,-0.02%,47848
"2024-08-26 13:29",221.29,221.3393,221.28,221.28,-0.03,-0.01%,5776
"2024-08-26 13:28",221.49,221.49,221.29,221.31,-0.1799,-0.08%,25216
"2024-08-26 13:27",221.4312,221.49,221.375,221.4899,0.0499,+0.02%,15141
"2024-08-26 13:26",221.3999,221.44,221.39,221.44,0.05,+0.02%,7381
"2024-08-26 13:25",221.3,221.39,221.3,221.39,0.08,+0.04%,9090
"2024-08-26 13:24",221.33,221.3502,221.3,221.31,-0.01,0.00%,5303
"2024-08-26 13:23",221.4,221.41,221.28,221.32,-0.07,-0.03%,12706
"2024-08-26 13:22",221.35,221.4,221.35,221.39,0.0405,+0.02%,19137
"2024-08-26 13:21",221.22,221.35,221.215,221.3495,0.1395,+0.06%,33265
"2024-08-26 13:20",221.26,221.29,221.17,221.21,-0.06,-0.03%,14317
"2024-08-26 13:19",221.3,221.31,221.24,221.27,-0.02,-0.01%,9382
"2024-08-26 13:18",221.34,221.36,221.26,221.29,-0.05,-0.02%,42266
"2024-08-26 13:17",221.36,221.383,221.31,221.34,-0.0101,0.00%,27374
"2024-08-26 13:16",221.46,221.5,221.3501,221.3501,-0.0799,-0.04%,15543
"2024-08-26 13:15",221.47,221.48,221.43,221.43,-0.04,-0.02%,13490
"2024-08-26 13:14",221.48,221.52,221.46,221.47,-0.01,0.00%,25468
"2024-08-26 13:13",221.47,221.5,221.42,221.48,0.05,+0.02%,10076
"2024-08-26 13:12",221.4,221.45,221.39,221.43,0,0.00%,21460
"2024-08-26 13:11",221.55,221.55,221.34,221.43,-0.11,-0.05%,48900
"2024-08-26 13:10",221.4638,221.54,221.435,221.54,0.08,+0.04%,14166
"2024-08-26 13:09",221.48,221.49,221.43,221.46,-0.02,-0.01%,22162
"2024-08-26 13:08",221.465,221.485,221.29,221.48,0.03,+0.01%,54412
"2024-08-26 13:07",221.61,221.6399,221.43,221.45,-0.17,-0.08%,53758
"2024-08-26 13:06",221.57,221.636,221.57,221.62,0.055,+0.02%,17644
"2024-08-26 13:05",221.785,221.785,221.53,221.565,-0.225,-0.10%,53833
"2024-08-26 13:04",221.6499,221.79,221.64,221.79,0.15,+0.07%,32760
"2024-08-26 13:03",221.59,221.679,221.58,221.64,0.05,+0.02%,39798
"2024-08-26 13:02",221.49,221.59,221.49,221.59,0.12,+0.05%,33891
"2024-08-26 13:01",221.5,221.52,221.4,221.47,-0.02,-0.01%,18768
"2024-08-26 13:00",221.47,221.56,221.44,221.49,0.02,+0.01%,31308
"2024-08-26 12:59",221.4172,221.52,221.4172,221.47,0.06,+0.03%,47875
"2024-08-26 12:58",221.38,221.469,221.36,221.41,0.025,+0.01%,25118
"2024-08-26 12:57",221.27,221.41,221.27,221.385,0.115,+0.05%,39926
"2024-08-26 12:56",221.31,221.34,221.23,221.27,-0.05,-0.02%,31466
"2024-08-26 12:55",221.22,221.37,221.21,221.32,0.1,+0.05%,68056
"2024-08-26 12:54",221.1,221.22,221.1,221.22,0.12,+0.05%,27707
"2024-08-26 12:53",221.21,221.26,221.1,221.1,-0.12,-0.05%,61453
"2024-08-26 12:52",221.26,221.27,221.22,221.22,-0.04,-0.02%,20794
"2024-08-26 12:51",221.17,221.27,221.17,221.26,0.1,+0.05%,39313
"2024-08-26 12:50",221.15,221.18,221.1,221.16,0.0043,0.00%,14131
"2024-08-26 12:49",221.16,221.16,221.12,221.1557,0.0057,0.00%,7825
"2024-08-26 12:48",221.19,221.2,221.14,221.15,-0.04,-0.02%,4587
"2024-08-26 12:47",221.16,221.195,221.13,221.19,0.04,+0.02%,11986
"2024-08-26 12:46",221.21,221.25,221.09,221.15,-0.05,-0.02%,21087
"2024-08-26 12:45",221.19,221.25,221.1815,221.2,0.02,+0.01%,19974
"2024-08-26 12:44",221.17,221.23,221.1699,221.18,0.0101,0.00%,14170
"2024-08-26 12:43",221.16,221.1699,221.09,221.1699,0.0099,0.00%,11052
"2024-08-26 12:42",221.15,221.165,221.13,221.16,0.03,+0.01%,7494
"2024-08-26 12:41",221.13,221.19,221.1,221.13,-0.005,0.00%,12029
"2024-08-26 12:40",221.1286,221.17,221.11,221.135,-0.015,-0.01%,19032
"2024-08-26 12:39",221.22,221.2412,221.09,221.15,-0.08,-0.04%,28697
"2024-08-26 12:38",221.11,221.24,221.1001,221.23,0.11,+0.05%,38878
"2024-08-26 12:37",221.0751,221.13,221.07,221.12,0.03,+0.01%,23192
"2024-08-26 12:36",221.1,221.11,221.04,221.09,-0.01,0.00%,27319
"2024-08-26 12:35",220.955,221.11,220.9235,221.1,0.12,+0.05%,41640
"2024-08-26 12:34",220.98,220.98,220.93,220.98,0,0.00%,13204
"2024-08-26 12:33",220.95,221,220.92,220.98,0.03,+0.01%,23704
"2024-08-26 12:32",221.09,221.09,220.95,220.95,-0.14,-0.06%,22100
"2024-08-26 12:31",221.12,221.13,221.0501,221.09,-0.024,-0.01%,19569
"2024-08-26 12:30",221.03,221.15,221.03,221.114,0.074,+0.03%,37669
"2024-08-26 12:29",221.05,221.09,221.0225,221.04,0,0.00%,12306
"2024-08-26 12:28",221.01,221.0716,220.96,221.04,0.04,+0.02%,12893
"2024-08-26 12:27",220.99,221.02,220.97,221,0.03,+0.01%,11001
"2024-08-26 12:26",221.01,221.04,220.92,220.97,-0.04,-0.02%,6476
"2024-08-26 12:25",221.0056,221.05,220.97,221.01,-0.01,0.00%,14676
"2024-08-26 12:24",221.1,221.13,221.01,221.02,-0.075,-0.03%,32301
"2024-08-26 12:23",221.0601,221.14,221.0355,221.095,0.005,0.00%,22727
"2024-08-26 12:22",221.04,221.1099,221.0001,221.09,0.055,+0.02%,11587
"2024-08-26 12:21",220.95,221.08,220.95,221.035,0.115,+0.05%,21911
"2024-08-26 12:20",220.835,220.98,220.8299,220.92,0.09,+0.04%,30425
"2024-08-26 12:19",220.86,220.8726,220.8101,220.83,-0.04,-0.02%,8196
"2024-08-26 12:18",220.93,220.93,220.87,220.87,-0.05,-0.02%,17572
"2024-08-26 12:17",220.84,220.92,220.7999,220.92,0.11,+0.05%,30229
"2024-08-26 12:16",220.69,220.87,220.69,220.81,0.13,+0.06%,19296
"2024-08-26 12:15",220.7,220.725,220.66,220.68,-0.03,-0.01%,6893
"2024-08-26 12:14",220.7,220.73,220.67,220.71,0.03,+0.01%,17173
"2024-08-26 12:13",220.75,220.75,220.62,220.68,-0.08,-0.04%,35788
"2024-08-26 12:12",220.92,220.93,220.73,220.76,-0.16,-0.07%,27481
"2024-08-26 12:11",220.82,220.93,220.799,220.92,0.1009,+0.05%,28643
"2024-08-26 12:10",220.77,220.83,220.7,220.8191,0.0591,+0.03%,9438
"2024-08-26 12:09",220.81,220.82,220.74,220.76,-0.07,-0.03%,41169
"2024-08-26 12:08",220.76,220.84,220.7,220.83,0.045,+0.02%,25029
"2024-08-26 12:07",220.77,220.795,220.66,220.785,0.0251,+0.01%,9976
"2024-08-26 12:06",220.695,220.83,220.67,220.7599,0.0599,+0.03%,32108
"2024-08-26 12:05",220.7,220.8,220.68,220.7,0.01,0.00%,19435
"2024-08-26 12:04",220.68,220.74,220.66,220.69,-0.02,-0.01%,7464
"2024-08-26 12:03",220.72,220.74,220.63,220.71,-0.03,-0.01%,11621
"2024-08-26 12:02",220.63,220.82,220.63,220.74,0.14,+0.06%,59154
"2024-08-26 12:01",220.58,220.632,220.52,220.6,0.02,+0.01%,24531
"2024-08-26 12:00",220.64,220.64,220.5,220.58,-0.09,-0.04%,15172
"2024-08-26 11:59",220.58,220.72,220.56,220.67,0.1,+0.05%,42775
"2024-08-26 11:58",220.67,220.67,220.54,220.57,-0.0799,-0.04%,42033
"2024-08-26 11:57",220.68,220.76,220.62,220.6499,-0.0301,-0.01%,23653
"2024-08-26 11:56",220.778,220.778,220.62,220.68,-0.11,-0.05%,23786
"2024-08-26 11:55",220.65,220.8,220.62,220.79,0.1,+0.05%,25675
"2024-08-26 11:54",220.687,220.72,220.66,220.69,0.01,0.00%,25531
"2024-08-26 11:53",220.59,220.735,220.57,220.68,0.08,+0.04%,10958
"2024-08-26 11:52",220.745,220.76,220.5201,220.6,-0.1588,-0.07%,21940
"2024-08-26 11:51",220.66,220.79,220.63,220.7588,0.1088,+0.05%,25711
"2024-08-26 11:50",220.67,220.73,220.64,220.65,-0.02,-0.01%,37573
"2024-08-26 11:49",220.64,220.68,220.58,220.67,0.03,+0.01%,22969
"2024-08-26 11:48",220.44,220.65,220.44,220.64,0.21,+0.10%,55509
"2024-08-26 11:47",220.48,220.485,220.23,220.43,-0.045,-0.02%,60159
"2024-08-26 11:46",220.53,220.56,220.475,220.475,-0.065,-0.03%,16711
"2024-08-26 11:45",220.58,220.58,220.47,220.54,-0.05,-0.02%,18336
"2024-08-26 11:44",220.72,220.7501,220.5,220.59,-0.13,-0.06%,49587
"2024-08-26 11:43",220.79,220.86,220.72,220.72,-0.08,-0.04%,29601
"2024-08-26 11:42",220.72,220.81,220.71,220.8,0.07,+0.03%,27850
"2024-08-26 11:41",220.54,220.7613,220.54,220.73,0.2,+0.09%,41919
"2024-08-26 11:40",220.48,220.6,220.48,220.53,0.05,+0.02%,39113
"2024-08-26 11:39",220.36,220.51,220.34,220.48,0.1222,+0.06%,67981
"2024-08-26 11:38",220.36,220.38,220.29,220.3578,-0.0022,0.00%,36342
"2024-08-26 11:37",220.42,220.4525,220.3499,220.36,-0.055,-0.02%,11014
"2024-08-26 11:36",220.47,220.51,220.4,220.415,-0.0445,-0.02%,27937
"2024-08-26 11:35",220.5199,220.605,220.415,220.4595,-0.0505,-0.02%,24050
"2024-08-26 11:34",220.5,220.63,220.46,220.51,0.005,0.00%,33068
"2024-08-26 11:33",220.49,220.505,220.44,220.505,0.065,+0.03%,17535
"2024-08-26 11:32",220.28,220.47,220.28,220.44,0.15,+0.07%,13873
"2024-08-26 11:31",220.39,220.43,220.28,220.29,-0.13,-0.06%,27914
"2024-08-26 11:30",220.52,220.52,220.34,220.42,-0.1,-0.05%,22243
"2024-08-26 11:29",220.375,220.53,220.375,220.52,0.14,+0.06%,33238
"2024-08-26 11:28",220.29,220.43,220.27,220.38,0.0901,+0.04%,53738
"2024-08-26 11:27",220.215,220.32,220.15,220.2899,0.0799,+0.04%,28199
"2024-08-26 11:26",220.26,220.29,220.195,220.21,-0.0445,-0.02%,38777
"2024-08-26 11:25",220.35,220.39,220.2,220.2545,-0.0955,-0.04%,27723
"2024-08-26 11:24",220.39,220.5,220.34,220.35,-0.05,-0.02%,52529
"2024-08-26 11:23",220.36,220.5,220.3587,220.4,0.0397,+0.02%,76469
"2024-08-26 11:22",220.2368,220.39,220.23,220.3603,0.1203,+0.05%,43930
"2024-08-26 11:21",220.265,220.36,220.24,220.24,-0.03,-0.01%,65648
"2024-08-26 11:20",220.58,220.62,220.27,220.27,-0.31,-0.14%,75602
"2024-08-26 11:19",220.58,220.69,220.55,220.58,0.01,0.00%,18960
"2024-08-26 11:18",220.54,220.63,220.53,220.57,0,0.00%,18580
"2024-08-26 11:17",220.58,220.6504,220.54,220.57,-0.0295,-0.01%,12024
"2024-08-26 11:16",220.73,220.75,220.56,220.5995,-0.1405,-0.06%,18378
"2024-08-26 11:15",220.79,220.79,220.7,220.74,-0.06,-0.03%,18346
"2024-08-26 11:14",220.705,220.805,220.7,220.8,0.0801,+0.04%,42269
"2024-08-26 11:13",220.79,220.81,220.705,220.7199,-0.0801,-0.04%,23197
"2024-08-26 11:12",220.63,220.82,220.525,220.8,0.18,+0.08%,45851
"2024-08-26 11:11",220.505,220.6258,220.49,220.62,0.11,+0.05%,39108
"2024-08-26 11:10",220.555,220.66,220.48,220.51,-0.04,-0.02%,68431
"2024-08-26 11:09",220.75,220.78,220.54,220.55,-0.2,-0.09%,40848
"2024-08-26 11:08",220.8,220.84,220.7,220.75,-0.07,-0.03%,44353
"2024-08-26 11:07",220.91,220.94,220.72,220.82,-0.09,-0.04%,51554
"2024-08-26 11:06",221.04,221.06,220.86,220.91,-0.11,-0.05%,11970
"2024-08-26 11:05",221.2,221.2,220.97,221.02,-0.1794,-0.08%,33898
"2024-08-26 11:04",221.15,221.1994,220.93,221.1994,0.0494,+0.02%,25736
"2024-08-26 11:03",221.0299,221.22,220.99,221.15,0.12,+0.05%,27579
"2024-08-26 11:02",220.98,221.06,220.97,221.03,0.08,+0.04%,18598
"2024-08-26 11:01",220.99,221.08,220.95,220.95,-0.01,0.00%,28918
"2024-08-26 11:00",220.84,221.07,220.84,220.96,0.09,+0.04%,41950
"2024-08-26 10:59",221.03,221.07,220.865,220.87,-0.17,-0.08%,43475
"2024-08-26 10:58",220.91,221.04,220.85,221.04,0.13,+0.06%,72626
"2024-08-26 10:57",221.12,221.12,220.82,220.91,-0.26,-0.12%,82013
"2024-08-26 10:56",221.2,221.31,221.15,221.17,-0.03,-0.01%,16178
"2024-08-26 10:55",221.38,221.52,221.2,221.2,-0.1768,-0.08%,29746
"2024-08-26 10:54",221.3,221.45,221.3,221.3768,0.0468,+0.02%,21508
"2024-08-26 10:53",221.42,221.44,221.25,221.33,-0.0999,-0.05%,30721
"2024-08-26 10:52",221.12,221.46,221.12,221.4299,0.3299,+0.15%,35412
"2024-08-26 10:51",221.24,221.31,221.08,221.1,-0.15,-0.07%,69804
"2024-08-26 10:50",221.31,221.42,221.23,221.25,-0.04,-0.02%,20483
"2024-08-26 10:49",221.595,221.595,221.27,221.29,-0.31,-0.14%,30893
"2024-08-26 10:48",221.72,221.72,221.54,221.6,-0.12,-0.05%,37471
"2024-08-26 10:47",221.59,221.72,221.48,221.72,0.13,+0.06%,32101
"2024-08-26 10:46",221.28,221.6099,221.26,221.59,0.32,+0.14%,56271
"2024-08-26 10:45",221.195,221.373,221.13,221.27,0.08,+0.04%,37101
"2024-08-26 10:44",221.3699,221.3699,221.11,221.19,-0.2,-0.09%,101550
"2024-08-26 10:43",221.49,221.51,221.38,221.39,-0.105,-0.05%,32844
"2024-08-26 10:42",221.54,221.68,221.43,221.495,-0.055,-0.02%,30770
"2024-08-26 10:41",221.58,221.7,221.47,221.55,-0.03,-0.01%,65098
"2024-08-26 10:40",221.39,221.66,221.23,221.58,0.2,+0.09%,91142
"2024-08-26 10:39",221.56,221.57,221.27,221.38,-0.16,-0.07%,94215
"2024-08-26 10:38",221.8,221.82,221.39,221.54,-0.26,-0.12%,96919
"2024-08-26 10:37",221.97,221.97,221.75,221.8,-0.16,-0.07%,26983
"2024-08-26 10:36",221.91,221.99,221.835,221.96,0.0299,+0.01%,52991
"2024-08-26 10:35",221.94,221.97,221.67,221.9301,-0.0299,-0.01%,78217
"2024-08-26 10:34",222.12,222.15,221.89,221.96,-0.1587,-0.07%,50903
"2024-08-26 10:33",221.95,222.14,221.91,222.1187,0.1688,+0.08%,50111
"2024-08-26 10:32",221.855,221.95,221.77,221.9499,0.0899,+0.04%,55293
"2024-08-26 10:31",222.07,222.1,221.83,221.86,-0.23,-0.10%,37987
"2024-08-26 10:30",222.1,222.16,221.96,222.09,-0.016,-0.01%,41914
"2024-08-26 10:29",222.03,222.15,222.02,222.106,0.086,+0.04%,34694
"2024-08-26 10:28",221.98,222.04,221.79,222.02,0.0225,+0.01%,38962
"2024-08-26 10:27",221.94,222.03,221.83,221.9975,0.0475,+0.02%,49970
"2024-08-26 10:26",221.925,221.96,221.75,221.95,0.021,+0.01%,40227
"2024-08-26 10:25",221.61,221.995,221.61,221.929,0.329,+0.15%,67655
"2024-08-26 10:24",221.39,221.7,221.35,221.6,0.215,+0.10%,113391
"2024-08-26 10:23",221.39,221.485,221.3225,221.385,0.015,+0.01%,51937
"2024-08-26 10:22",221.49,221.5464,221.33,221.37,-0.105,-0.05%,71670
"2024-08-26 10:21",221.585,221.64,221.47,221.475,-0.11,-0.05%,114677
"2024-08-26 10:20",221.52,221.67,221.45,221.585,0.105,+0.05%,68766
"2024-08-26 10:19",221.65,221.74,221.4103,221.48,-0.18,-0.08%,107944
"2024-08-26 10:18",221.96,221.96,221.62,221.66,-0.295,-0.13%,76037
"2024-08-26 10:17",222.11,222.11,221.9,221.955,-0.185,-0.08%,69638
"2024-08-26 10:16",222.15,222.335,222.11,222.14,-0.005,0.00%,45832
"2024-08-26 10:15",222.13,222.16,221.89,222.145,0.005,0.00%,91742
"2024-08-26 10:14",222.45,222.45,222.1315,222.14,-0.31,-0.14%,60335
"2024-08-26 10:13",222.3,222.45,222.21,222.45,0.14,+0.06%,84981
"2024-08-26 10:12",222.14,222.33,222.09,222.31,0.1633,+0.07%,53025
"2024-08-26 10:11",222.27,222.28,222.06,222.1467,-0.1133,-0.05%,45865
"2024-08-26 10:10",222.37,222.4044,222.12,222.26,-0.1,-0.04%,80645
"2024-08-26 10:09",222.09,222.38,222.09,222.36,0.245,+0.11%,71808
"2024-08-26 10:08",222.31,222.38,221.99,222.115,-0.215,-0.10%,140279
"2024-08-26 10:07",222.145,222.35,222.09,222.33,0.16,+0.07%,191582
"2024-08-26 10:06",221.9,222.17,221.77,222.17,0.28,+0.13%,42762
"2024-08-26 10:05",221.95,222.04,221.8109,221.89,-0.08,-0.04%,24449
"2024-08-26 10:04",221.93,222.03,221.9175,221.97,0.03,+0.01%,38574
"2024-08-26 10:03",221.9299,222.03,221.88,221.94,0.01,0.00%,41943
"2024-08-26 10:02",222.02,222.16,221.93,221.93,-0.08,-0.04%,42398
"2024-08-26 10:01",222.05,222.065,221.8,222.01,-0.05,-0.02%,72069
"2024-08-26 10:00",222.09,222.19,222.05,222.06,-0.01,0.00%,107786
"2024-08-26 09:59",222.05,222.08,221.99,222.07,0.02,+0.01%,56542
"2024-08-26 09:58",221.96,222.09,221.89,222.05,0.1,+0.05%,94870
"2024-08-26 09:57",221.71,221.96,221.71,221.95,0.25,+0.11%,46726
"2024-08-26 09:56",221.82,221.82,221.65,221.7,-0.12,-0.05%,54210
"2024-08-26 09:55",221.55,221.86,221.51,221.82,0.32,+0.14%,60448
"2024-08-26 09:54",221.62,221.62,221.41,221.5,-0.11,-0.05%,75654
"2024-08-26 09:53",222.05,222.08,221.605,221.61,-0.44,-0.20%,61510
"2024-08-26 09:52",222.03,222.15,222.03,222.05,0.0225,+0.01%,109640
"2024-08-26 09:51",221.94,222.03,221.84,222.0275,0.0775,+0.03%,55533
"2024-08-26 09:50",222.04,222.0575,221.875,221.95,-0.06,-0.03%,37436
"2024-08-26 09:49",221.915,222.06,221.915,222.01,0.09,+0.04%,77690
"2024-08-26 09:48",221.7,221.9299,221.67,221.92,0.205,+0.09%,47431
"2024-08-26 09:47",221.89,221.95,221.58,221.715,-0.165,-0.07%,57068
"2024-08-26 09:46",221.77,221.88,221.58,221.88,0.1,+0.05%,49089
"2024-08-26 09:45",221.57,221.79,221.57,221.78,0.225,+0.10%,96909
"2024-08-26 09:44",221.27,221.61,221.19,221.555,0.265,+0.12%,65847
"2024-08-26 09:43",221.365,221.41,221.22,221.29,-0.08,-0.04%,50251
"2024-08-26 09:42",221.38,221.445,221.23,221.37,-0.03,-0.01%,62381
"2024-08-26 09:41",221.35,221.53,221.29,221.4,0.04,+0.02%,88625
"2024-08-26 09:40",221.42,221.4583,221.22,221.36,-0.05,-0.02%,109214
"2024-08-26 09:39",221.71,221.73,221.39,221.41,-0.3,-0.14%,75755
"2024-08-26 09:38",221.47,221.81,221.46,221.71,0.25,+0.11%,95761
"2024-08-26 09:37",221.2,221.46,221.14,221.46,0.28,+0.13%,95734
"2024-08-26 09:36",220.93,221.18,220.88,221.18,0.25,+0.11%,73150
"2024-08-26 09:35",221.14,221.1499,220.84,220.93,-0.21,-0.09%,130567
"2024-08-26 09:34",221.61,221.63,221.07,221.14,-0.48,-0.22%,163424
"2024-08-26 09:33",221.575,221.7687,221.49,221.62,0.03,+0.01%,94110
"2024-08-26 09:32",221.77,221.77,221.44,221.59,-0.18,-0.08%,101298
"2024-08-26 09:31",221.83,222.1,221.71,221.77,-0.11,-0.05%,142772
"2024-08-26 09:30",221.93,222.24,221.7,221.88,-0.08,-0.04%,446391
"2024-08-26 09:29",222.11,222.19,221.95,221.96,-0.17,-0.08%,27305
"2024-08-26 09:28",222.06,222.13,221.95,222.13,0.06,+0.03%,11818
"2024-08-26 09:27",221.99,222.07,221.99,222.07,0.12,+0.05%,1220
"2024-08-26 09:26",221.9796,221.9796,221.95,221.95,-0.02,-0.01%,875
"2024-08-26 09:25",221.99,222,221.95,221.97,-0.04,-0.02%,7207
"2024-08-26 09:24",221.96,222.02,221.94,222.01,0.006,0.00%,1925
"2024-08-26 09:23",222.04,222.06,221.99,222.004,0.014,+0.01%,1951
"2024-08-26 09:22",221.99,221.99,221.99,221.99,0.03,+0.01%,125
"2024-08-26 09:21",222.01,222.01,221.96,221.96,-0.03,-0.01%,1200
"2024-08-26 09:20",221.94,222,221.94,221.99,0.09,+0.04%,3398
"2024-08-26 09:19",221.93,221.93,221.9,221.9,0,0.00%,1974
"2024-08-26 09:18",222.02,222.02,221.89,221.9,-0.1,-0.05%,3925
"2024-08-26 09:17",222.03,222.03,222,222,-0.07,-0.03%,500
"2024-08-26 09:16",222.06,222.09,222.03,222.07,0.02,+0.01%,2072
"2024-08-26 09:15",222.22,222.22,222.04,222.05,-0.2,-0.09%,4616
"2024-08-26 09:14",222.19,222.26,222.16,222.25,0.07,+0.03%,1912
"2024-08-26 09:13",222.2105,222.23,222.18,222.18,-0.03,-0.01%,1034
"2024-08-26 09:12",222.3286,222.33,222.21,222.21,-0.1,-0.04%,1490
"2024-08-26 09:11",222.28,222.31,222.27,222.31,0.01,0.00%,1783
"2024-08-26 09:10",222.28,222.3,222.21,222.3,0.08,+0.04%,4228
"2024-08-26 09:09",222.14,222.22,222.14,222.22,0.04,+0.02%,780
"2024-08-26 09:08",222.2,222.21,222.17,222.18,0.03,+0.01%,2127
"2024-08-26 09:07",222.11,222.15,222.11,222.15,0.11,+0.05%,425
"2024-08-26 09:06",222.02,222.05,222.02,222.04,0.03,+0.01%,2200
"2024-08-26 09:05",222.0001,222.05,222.0001,222.01,-0.09,-0.04%,7169
"2024-08-26 09:04",222.1,222.1,222.1,222.1,-0.03,-0.01%,1388
"2024-08-26 09:03",222.16,222.16,222.12,222.13,-0.08,-0.04%,1209
"2024-08-26 09:02",222.18,222.21,222.18,222.21,-0.06,-0.03%,588
"2024-08-26 09:01",222.28,222.28,222.27,222.27,0.09,+0.04%,482
"2024-08-26 09:00",222.22,222.22,222.18,222.18,-0.04,-0.02%,852
"2024-08-26 08:59",222.24,222.29,222.22,222.22,0.03,+0.01%,2923
"2024-08-26 08:58",222.19,222.19,222.1898,222.19,0.02,+0.01%,1315
"2024-08-26 08:57",222.15,222.17,222.15,222.17,0.036,+0.02%,1420
"2024-08-26 08:56",222.041,222.134,222.041,222.134,0.134,+0.06%,3492
"2024-08-26 08:55",222,222,222,222,-0.029,-0.01%,100
"2024-08-26 08:54",222.029,222.029,222.029,222.029,0.039,+0.02%,100
"2024-08-26 08:53",221.98,222,221.98,221.99,0.11,+0.05%,10960
"2024-08-26 08:51",221.9,221.93,221.88,221.88,0.01,0.00%,1653
"2024-08-26 08:50",221.87,221.87,221.87,221.87,-0.01,0.00%,210
"2024-08-26 08:49",221.89,221.89,221.88,221.88,-0.02,-0.01%,2706
"2024-08-26 08:48",221.83,221.9,221.83,221.9,0.07,+0.03%,1450
"2024-08-26 08:47",221.86,221.86,221.83,221.83,-0.05,-0.02%,2423
"2024-08-26 08:46",221.87,221.88,221.82,221.88,0.0495,+0.02%,1221
"2024-08-26 08:45",221.86,221.86,221.8305,221.8305,0.0005,0.00%,200
"2024-08-26 08:44",221.8,221.83,221.77,221.83,-0.02,-0.01%,1169
"2024-08-26 08:43",221.94,221.95,221.85,221.85,-0.08,-0.04%,5856
"2024-08-26 08:42",221.96,221.97,221.93,221.93,-0.02,-0.01%,6499
"2024-08-26 08:41",222.07,222.07,221.95,221.95,-0.041,-0.02%,3480
"2024-08-26 08:40",222,222,221.96,221.991,0.001,0.00%,4579
"2024-08-26 08:39",221.96,221.99,221.94,221.99,0.02,+0.01%,1908
"2024-08-26 08:38",221.97,221.97,221.97,221.97,0.14,+0.06%,600
"2024-08-26 08:37",221.82,221.83,221.79,221.83,0.06,+0.03%,1606
"2024-08-26 08:36",221.9,221.9,221.77,221.77,-0.14,-0.06%,952
"2024-08-26 08:35",221.99,221.99,221.91,221.91,-0.06,-0.03%,774
"2024-08-26 08:34",221.92,222,221.92,221.97,0,0.00%,1312
"2024-08-26 08:33",221.98,222.01,221.97,221.97,0.06,+0.03%,950
"2024-08-26 08:32",221.93,221.96,221.91,221.91,-0.19,-0.09%,1710
"2024-08-26 08:31",222.16,222.1791,222.1,222.1,0.03,+0.01%,2421
"2024-08-26 08:30",222.16,222.16,222.01,222.07,-0.12,-0.05%,1700
"2024-08-26 08:29",222.1,222.19,222.08,222.19,0.14,+0.06%,471
"2024-08-26 08:28",222.03,222.07,222.03,222.05,-0.01,0.00%,1320
"2024-08-26 08:27",222.06,222.06,222.06,222.06,0.1,+0.05%,100
"2024-08-26 08:26",222,222.02,221.96,221.96,-0.06,-0.03%,5632
"2024-08-26 08:25",222,222.02,222,222.02,-0.02,-0.01%,7556
"2024-08-26 08:23",222.08,222.08,222.04,222.04,-0.08,-0.04%,574
"2024-08-26 08:22",222.12,222.12,222.12,222.12,0.03,+0.01%,225
"2024-08-26 08:21",222.09,222.09,222.09,222.09,0,0.00%,600
"2024-08-26 08:20",222.12,222.12,222.09,222.09,0.01,0.00%,400
"2024-08-26 08:19",222.07,222.09,222.07,222.08,-0.06,-0.03%,804
"2024-08-26 08:18",222.2,222.2,222.14,222.14,-0.06,-0.03%,200
"2024-08-26 08:17",222.2,222.2,222.2,222.2,0,0.00%,350
"2024-08-26 08:16",222.2,222.2,222.2,222.2,-0.01,0.00%,250
"2024-08-26 08:15",222.23,222.23,222.19,222.21,-0.02,-0.01%,951
"2024-08-26 08:14",222.25,222.25,222.23,222.23,-0.06,-0.03%,1015
"2024-08-26 08:13",222.32,222.32,222.29,222.29,-0.0504,-0.02%,1525
"2024-08-26 08:12",222.32,222.37,222.32,222.3404,0.0504,+0.02%,4650
"2024-08-26 08:11",222.3,222.3,222.29,222.29,-0.01,0.00%,784
"2024-08-26 08:10",222.28,222.3,222.28,222.3,-0.1,-0.04%,1100
"2024-08-26 08:09",222.4,222.44,222.38,222.4,0,0.00%,9273
"2024-08-26 08:08",222.28,222.4,222.28,222.4,0.13,+0.06%,19633
"2024-08-26 08:07",222.27,222.27,222.27,222.27,0,0.00%,161
"2024-08-26 08:06",222.27,222.27,222.27,222.27,-0.03,-0.01%,1200
"2024-08-26 08:05",222.33,222.33,222.3,222.3,0,0.00%,745
"2024-08-26 08:03",222.415,222.415,222.25,222.3,-0.14,-0.06%,4119
"2024-08-26 08:02",222.35,222.44,222.35,222.44,0.14,+0.06%,1753
"2024-08-26 08:01",220.27,222.3,220.27,222.3,-0.01,0.00%,4500
"2024-08-26 08:00",222.3808,222.55,220.22,222.31,0,0.00%,21529
"2024-08-26 07:59",222.33,222.33,222.31,222.31,-0.06,-0.03%,317
"2024-08-26 07:58",222.23,222.385,222.23,222.37,0.15,+0.07%,14805
"2024-08-26 07:57",222.17,222.22,222.17,222.22,0,0.00%,1100
"2024-08-26 07:56",222.23,222.23,222.19,222.22,-0.06,-0.03%,300
"2024-08-26 07:55",222.28,222.28,222.28,222.28,0,0.00%,547
"2024-08-26 07:54",222.16,222.28,222.16,222.28,0.22,+0.10%,3905
"2024-08-26 07:53",222.05,222.06,222.05,222.06,0.03,+0.01%,804
"2024-08-26 07:52",222.05,222.05,222.03,222.03,0.07,+0.03%,300
"2024-08-26 07:51",221.83,221.96,221.83,221.96,0.16,+0.07%,8186
"2024-08-26 07:50",221.8,221.8,221.8,221.8,-0.02,-0.01%,880
"2024-08-26 07:49",221.81,221.82,221.81,221.82,0.04,+0.02%,500
"2024-08-26 07:48",221.73,221.78,221.73,221.78,0.01,0.00%,400
"2024-08-26 07:47",221.76,221.77,221.76,221.77,0.11,+0.05%,383
"2024-08-26 07:46",221.74,221.74,221.66,221.66,-0.065,-0.03%,1162
"2024-08-26 07:45",221.75,221.76,221.66,221.725,-0.025,-0.01%,8719
"2024-08-26 07:44",221.86,221.86,221.75,221.75,-0.1,-0.05%,9732
"2024-08-26 07:43",221.85,221.85,221.85,221.85,-0.05,-0.02%,226
"2024-08-26 07:42",222.01,222.01,221.9,221.9,-0.09,-0.04%,1275
"2024-08-26 07:40",221.94,221.99,221.94,221.99,-0.01,0.00%,325
"2024-08-26 07:39",221.98,222,221.98,222,0,0.00%,500
"2024-08-26 07:37",222.08,222.08,222,222,-0.05,-0.02%,3143
"2024-08-26 07:36",222.1,222.1,222.05,222.05,-0.1,-0.05%,2500
"2024-08-26 07:35",222.15,222.16,222.15,222.15,0,0.00%,8769
"2024-08-26 07:34",222.16,222.16,222.15,222.15,-0.09,-0.04%,934
"2024-08-26 07:33",222.24,222.24,222.24,222.24,0,0.00%,100
"2024-08-26 07:32",222.185,222.24,222.185,222.24,0.03,+0.01%,312
"2024-08-26 07:31",222.13,222.21,222.12,222.21,0.06,+0.03%,8938
"2024-08-26 07:30",222.15,222.15,222.15,222.15,-0.03,-0.01%,6282
"2024-08-26 07:29",222.18,222.18,222.18,222.18,0.03,+0.01%,204
"2024-08-26 07:28",222.23,222.23,222.15,222.15,-0.01,0.00%,700
"2024-08-26 07:27",222.23,222.23,222.16,222.16,-0.1,-0.04%,1590
"2024-08-26 07:26",222.3,222.3,222.26,222.26,-0.05,-0.02%,200
"2024-08-26 07:25",222.27,222.31,222.27,222.31,-0.04,-0.02%,300
"2024-08-26 07:24",222.4,222.4,222.35,222.35,-0.076,-0.03%,446
"2024-08-26 07:20",222.426,222.426,222.426,222.426,0.036,+0.02%,100
"2024-08-26 07:19",222.4,222.4,222.38,222.39,-0.05,-0.02%,431
"2024-08-26 07:17",222.42,222.44,222.42,222.44,-0.05,-0.02%,300
"2024-08-26 07:16",222.49,222.49,222.49,222.49,0.07,+0.03%,100
"2024-08-26 07:15",222.4,222.42,222.4,222.42,-0.09,-0.04%,487
"2024-08-26 07:14",222.53,222.55,222.51,222.51,0.019,+0.01%,4944
"2024-08-26 07:13",222.53,222.53,222.48,222.491,0.011,0.00%,1358
"2024-08-26 07:12",222.45,222.51,222.45,222.48,-0.04,-0.02%,1700
"2024-08-26 07:11",222.45,222.52,222.44,222.52,0.1,+0.04%,1215
"2024-08-26 07:10",222.46,222.46,222.42,222.42,-0.08,-0.04%,1394
"2024-08-26 07:09",222.57,222.59,222.47,222.5,-0.04,-0.02%,2209
"2024-08-26 07:08",222.42,222.54,222.42,222.54,0.13,+0.06%,1167
"2024-08-26 07:07",222.45,222.45,222.38,222.41,0.04,+0.02%,2472
"2024-08-26 07:05",222.53,222.53,222.37,222.37,-0.13,-0.06%,1106
"2024-08-26 07:04",222.54,222.55,222.5,222.5,0.019,+0.01%,3135
"2024-08-26 07:03",222.52,222.52,222.4,222.481,-0.019,-0.01%,2545
"2024-08-26 07:02",222.46,222.5,222.45,222.5,0.04,+0.02%,7566
"2024-08-26 07:01",222.43,222.47,222.41,222.46,0.02,+0.01%,3556
"2024-08-26 07:00",222.38,222.44,222.1,222.44,0.11,+0.05%,29652
"2024-08-26 06:59",222.46,222.46,222.33,222.33,-0.13,-0.06%,1827
"2024-08-26 06:58",222.4,222.46,222.4,222.46,0.06,+0.03%,5750
"2024-08-26 06:57",222.32,222.41,222.31,222.4,0.02,+0.01%,3019
"2024-08-26 06:56",222.33,222.38,222.32,222.38,0.06,+0.03%,5113
"2024-08-26 06:55",222.3,222.34,222.3,222.32,-0.03,-0.01%,532
"2024-08-26 06:54",222.27,222.35,222.27,222.35,0.1,+0.04%,1400
"2024-08-26 06:53",222.24,222.25,222.24,222.25,0.02,+0.01%,9177
"2024-08-26 06:52",222.23,222.23,222.23,222.23,0.13,+0.06%,500
"2024-08-26 06:51",222.12,222.12,222.1,222.1,-0.03,-0.01%,740
"2024-08-26 06:50",222.13,222.13,222.13,222.13,0,0.00%,800
"2024-08-26 06:49",222.13,222.13,222.13,222.13,0,0.00%,519
"2024-08-26 06:48",222.16,222.16,222.13,222.13,0.01,0.00%,572
"2024-08-26 06:47",222.05,222.12,222.05,222.12,0.2,+0.09%,1408
"2024-08-26 06:44",221.92,221.92,221.92,221.92,-0.08,-0.04%,300
"2024-08-26 06:42",222,222,222,222,-0.07,-0.03%,424
"2024-08-26 06:41",221.99,222.08,221.99,222.07,0.15,+0.07%,1050
"2024-08-26 06:38",221.89,221.92,221.89,221.92,0.03,+0.01%,600
"2024-08-26 06:37",221.89,221.89,221.89,221.89,0.15,+0.07%,4928
"2024-08-26 06:34",221.74,221.82,221.74,221.74,-0.17,-0.08%,519
"2024-08-26 06:29",221.91,221.91,221.91,221.91,-0.03,-0.01%,100
"2024-08-26 06:27",221.93,221.94,221.93,221.94,0.11,+0.05%,222
"2024-08-26 06:26",221.83,221.83,221.83,221.83,-0.08,-0.04%,100
"2024-08-26 06:25",221.9,221.91,221.9,221.91,-0.07,-0.03%,350
"2024-08-26 06:23",221.98,221.98,221.98,221.98,0.01,0.00%,100
"2024-08-26 06:21",221.97,221.97,221.97,221.97,0,0.00%,100
"2024-08-26 06:20",221.97,221.97,221.97,221.97,-0.06,-0.03%,300
"2024-08-26 06:19",222.02,222.03,222,222.03,0.03,+0.01%,2300
"2024-08-26 06:18",222,222,222,222,0.01,0.00%,100
"2024-08-26 06:17",221.98,221.99,221.98,221.99,0.03,+0.01%,500
"2024-08-26 06:14",221.96,221.96,221.96,221.96,0.23,+0.10%,9999
"2024-08-26 06:12",221.73,221.73,221.73,221.73,0.04,+0.02%,122
"2024-08-26 06:10",221.77,221.77,221.69,221.69,-0.1,-0.05%,1199
"2024-08-26 06:08",221.79,221.79,221.79,221.79,0.08,+0.04%,1000
"2024-08-26 05:57",221.71,221.77,221.71,221.71,-0.01,0.00%,1379
"2024-08-26 05:56",221.72,221.72,221.72,221.72,0.05,+0.02%,615
"2024-08-26 05:50",221.66,221.67,221.61,221.67,-0.09,-0.04%,967
"2024-08-26 05:48",221.76,221.76,221.76,221.76,-0.02,-0.01%,100
"2024-08-26 05:47",221.78,221.78,221.78,221.78,0.01,0.00%,600
"2024-08-26 05:46",221.74,221.77,221.7,221.77,0.05,+0.02%,490
"2024-08-26 05:45",221.72,221.72,221.72,221.72,-0.06,-0.03%,325
"2024-08-26 05:43",221.78,221.78,221.78,221.78,-0.08,-0.04%,100
"2024-08-26 05:41",221.85,221.86,221.85,221.86,-0.06,-0.03%,200
"2024-08-26 05:40",221.89,221.92,221.89,221.92,-0.15,-0.07%,1090
"2024-08-26 05:39",222.07,222.07,222.07,222.07,0.05,+0.02%,100
"2024-08-26 05:38",222,222.02,222,222.02,0.17,+0.08%,200
"2024-08-26 05:35",221.85,221.85,221.85,221.85,0.08,+0.04%,100
"2024-08-26 05:34",221.78,221.78,221.77,221.77,-0.15,-0.07%,200
"2024-08-26 05:32",221.88,221.92,221.88,221.92,-0.08,-0.04%,564
"2024-08-26 05:30",221.97,222,221.92,222,-0.02,-0.01%,385
"2024-08-26 05:29",222,222.02,222,222.02,0.08,+0.04%,691
"2024-08-26 05:28",221.94,221.94,221.94,221.94,0.11,+0.05%,125
"2024-08-26 05:25",221.84,221.84,221.83,221.83,-0.12,-0.05%,700
"2024-08-26 05:23",221.95,221.95,221.95,221.95,0.1,+0.05%,100
"2024-08-26 05:22",221.85,221.85,221.85,221.85,-0.06,-0.03%,140
"2024-08-26 05:21",221.85,221.91,221.85,221.91,0.06,+0.03%,864
"2024-08-26 05:20",221.85,221.85,221.85,221.85,0.07,+0.03%,350
"2024-08-26 05:19",221.85,221.85,221.78,221.78,-0.02,-0.01%,603
"2024-08-26 05:18",221.8,221.8,221.8,221.8,0.13,+0.06%,340
"2024-08-26 05:17",221.67,221.67,221.67,221.67,0.09,+0.04%,200
"2024-08-26 05:16",221.58,221.58,221.58,221.58,0,0.00%,125
"2024-08-26 05:12",221.58,221.58,221.58,221.58,0.04,+0.02%,100
"2024-08-26 05:11",221.53,221.54,221.53,221.54,-0.05,-0.02%,1148
"2024-08-26 05:09",221.59,221.59,221.59,221.59,-0.03,-0.01%,140
"2024-08-26 05:08",221.58,221.62,221.57,221.62,0.11,+0.05%,323
"2024-08-26 05:07",221.51,221.51,221.51,221.51,-0.04,-0.02%,200
"2024-08-26 05:05",221.5,221.55,221.5,221.55,0.03,+0.01%,231
"2024-08-26 05:04",221.5,221.52,221.5,221.52,-0.03,-0.01%,1049
"2024-08-26 05:03",221.57,221.57,221.55,221.55,-0.15,-0.07%,240
"2024-08-26 05:01",221.75,221.75,221.7,221.7,-0.02,-0.01%,200
"2024-08-26 05:00",221.72,221.72,221.72,221.72,-0.04,-0.02%,1464
"2024-08-26 04:59",221.71,221.8,221.71,221.76,0.01,0.00%,334
"2024-08-26 04:58",221.75,221.75,221.75,221.75,0.01,0.00%,200
"2024-08-26 04:56",221.74,221.74,221.74,221.74,0.02,+0.01%,471
"2024-08-26 04:54",221.72,221.72,221.72,221.72,0.02,+0.01%,135
"2024-08-26 04:52",221.7,221.7,221.7,221.7,0.12,+0.05%,316
"2024-08-26 04:50",221.58,221.58,221.58,221.58,0.03,+0.01%,200
"2024-08-26 04:49",221.59,221.59,221.55,221.55,-0.09,-0.04%,200
"2024-08-26 04:47",221.61,221.64,221.61,221.64,0.1,+0.05%,225
"2024-08-26 04:45",221.54,221.54,221.54,221.54,-0.04,-0.02%,130
"2024-08-26 04:44",221.56,221.58,221.56,221.58,0.13,+0.06%,1048
"2024-08-26 04:43",221.49,221.49,221.44,221.45,-0.08,-0.04%,328
"2024-08-26 04:42",221.53,221.53,221.53,221.53,0.02,+0.01%,100
"2024-08-26 04:39",221.5,221.51,221.5,221.51,0.1,+0.05%,440
"2024-08-26 04:37",221.41,221.41,221.41,221.41,0.01,0.00%,200
"2024-08-26 04:36",221.4,221.4,221.4,221.4,0.07,+0.03%,100
"2024-08-26 04:35",221.44,221.44,221.3,221.33,-0.22,-0.10%,990
"2024-08-26 04:33",221.62,221.62,221.55,221.55,-0.01,0.00%,216
"2024-08-26 04:32",221.56,221.56,221.56,221.56,0.17,+0.08%,185
"2024-08-26 04:31",221.22,221.39,221.22,221.39,0.19,+0.09%,524
"2024-08-26 04:30",221.27,221.27,221.2,221.2,-0.11,-0.05%,785
"2024-08-26 04:29",221.32,221.33,221.31,221.31,-0.05,-0.02%,441
"2024-08-26 04:26",221.27,221.36,221.27,221.36,-0.01,0.00%,420
"2024-08-26 04:25",221.4,221.4,221.37,221.37,0.02,+0.01%,370
"2024-08-26 04:24",221.35,221.35,221.35,221.35,-0.01,0.00%,223
"2024-08-26 04:23",221.42,221.42,221.36,221.36,-0.1,-0.05%,450
"2024-08-26 04:22",221.46,221.46,221.46,221.46,0.06,+0.03%,100
"2024-08-26 04:21",221.4,221.4,221.4,221.4,-0.07,-0.03%,342
"2024-08-26 04:20",221.63,221.63,221.47,221.47,-0.13,-0.06%,1500
"2024-08-26 04:19",221.61,221.61,221.59,221.6,-0.02,-0.01%,1429
"2024-08-26 04:18",221.62,221.62,221.61,221.62,0,0.00%,612
"2024-08-26 04:17",221.61,221.62,221.61,221.62,0.08,+0.04%,467
"2024-08-26 04:16",221.54,221.54,221.54,221.54,-0.07,-0.03%,121
"2024-08-26 04:15",221.6,221.63,221.59,221.61,0.03,+0.01%,2442
"2024-08-26 04:14",221.54,221.58,221.54,221.58,0.08,+0.04%,401
"2024-08-26 04:13",221.46,221.5,221.43,221.5,0.06,+0.03%,440
"2024-08-26 04:12",221.44,221.44,221.44,221.44,0.01,0.00%,122
"2024-08-26 04:11",221.44,221.44,221.43,221.43,0.05,+0.02%,233
"2024-08-26 04:10",221.37,221.38,221.37,221.38,0.21,+0.09%,500
"2024-08-26 04:07",221.17,221.17,221.17,221.17,-0.03,-0.01%,125
"2024-08-26 04:06",221.17,221.2,221.13,221.2,0.09,+0.04%,1417
"2024-08-26 04:05",221.08,221.11,221.08,221.11,0.03,+0.01%,599
"2024-08-26 04:04",220.99,221.08,220.99,221.08,0.08,+0.04%,579
"2024-08-26 04:03",220.99,221,220.98,221,0.05,+0.02%,1054
"2024-08-26 04:02",220.99,221,220.93,220.95,0.08,+0.04%,1296
"2024-08-26 04:01",220.83,220.9,220.83,220.87,0.05,+0.02%,1317
"2024-08-26 04:00",220.89,220.89,220.77,220.82,-0.07,-0.03%,2000
"2024-08-23 19:59",220.88,220.89,220.8,220.89,-0.01,0.00%,3092
"2024-08-23 19:58",220.9,220.9,220.9,220.9,-0.04,-0.02%,170
"2024-08-23 19:57",220.9,220.94,220.9,220.94,0.0385,+0.02%,2983
"2024-08-23 19:56",220.96,220.96,220.9015,220.9015,-0.0585,-0.03%,1336
"2024-08-23 19:55",220.93,220.96,220.93,220.96,0.03,+0.01%,8218
"2024-08-23 19:54",220.93,220.93,220.93,220.93,0.0038,0.00%,1471
"2024-08-23 19:53",220.9262,220.9262,220.9262,220.9262,-0.0038,0.00%,100
"2024-08-23 19:52",220.93,220.93,220.93,220.93,0.08,+0.04%,150
"2024-08-23 19:51",220.85,220.85,220.85,220.85,-0.08,-0.04%,100
"2024-08-23 19:50",220.92,220.93,220.92,220.93,-0.01,0.00%,254
"2024-08-23 19:47",220.91,220.94,220.91,220.94,0.03,+0.01%,1702
"2024-08-23 19:46",220.91,220.91,220.91,220.91,0,0.00%,1448
"2024-08-23 19:44",220.94,220.94,220.91,220.91,-0.03,-0.01%,1712
"2024-08-23 19:43",220.94,220.94,220.91,220.94,-0.0103,0.00%,999
"2024-08-23 19:42",220.95,220.9503,220.95,220.9503,0.0003,0.00%,1068
"2024-08-23 19:41",220.94,220.95,220.94,220.95,0,0.00%,3975
"2024-08-23 19:39",220.93,220.95,220.93,220.95,-0.02,-0.01%,2706
"2024-08-23 19:36",220.97,220.97,220.97,220.97,0.01,0.00%,100
"2024-08-23 19:35",220.92,220.96,220.92,220.96,0.03,+0.01%,2905
"2024-08-23 19:34",220.92,220.94,220.92,220.93,-0.01,0.00%,2935
"2024-08-23 19:33",220.88,220.94,220.88,220.94,0.06,+0.03%,4014
"2024-08-23 19:32",220.88,220.88,220.88,220.88,0.13,+0.06%,200
"2024-08-23 19:31",220.86,220.86,220.75,220.75,-0.13,-0.06%,350
"2024-08-23 19:29",220.88,220.88,220.88,220.88,0.07,+0.03%,6265
"2024-08-23 19:28",220.8,220.81,220.8,220.81,0.01,0.00%,1562
"2024-08-23 19:26",220.8,220.8,220.8,220.8,-0.05,-0.02%,100
"2024-08-23 19:21",220.8697,220.8697,220.85,220.85,0.17,+0.08%,335
"2024-08-23 19:16",220.68,220.68,220.68,220.68,0.01,0.00%,202
"2024-08-23 19:12",220.67,220.67,220.67,220.67,-0.23,-0.10%,162
"2024-08-23 19:10",220.89,220.9,220.89,220.9,0.03,+0.01%,1750
"2024-08-23 19:09",220.86,220.87,220.85,220.87,0.02,+0.01%,1445
"2024-08-23 19:08",220.83,220.85,220.83,220.85,0,0.00%,5445
"2024-08-23 19:07",220.82,220.85,220.82,220.85,0.05,+0.02%,956
"2024-08-23 19:06",220.79,220.8,220.77,220.8,0.01,0.00%,1472
"2024-08-23 19:05",220.69,220.79,220.69,220.79,0.11,+0.05%,13860
"2024-08-23 19:04",220.56,220.68,220.56,220.68,0.1584,+0.07%,7672
"2024-08-23 19:03",220.53,220.53,220.5216,220.5216,-0.0084,0.00%,800
"2024-08-23 19:02",220.5778,220.5778,220.53,220.53,0.01,0.00%,993
"2024-08-23 18:58",220.52,220.52,220.52,220.52,-0.05,-0.02%,116
"2024-08-23 18:56",220.57,220.57,220.57,220.57,0.0005,0.00%,588
"2024-08-23 18:54",220.5695,220.5695,220.5695,220.5695,0.0005,0.00%,128
"2024-08-23 18:53",220.569,220.569,220.569,220.569,0.039,+0.02%,192
"2024-08-23 18:48",220.53,220.53,220.53,220.53,-0.01,0.00%,397
"2024-08-23 18:47",220.54,220.54,220.54,220.54,0.01,0.00%,451
"2024-08-23 18:45",220.53,220.53,220.53,220.53,-0.01,0.00%,100
"2024-08-23 18:44",220.53,220.54,220.53,220.54,0.01,0.00%,494
"2024-08-23 18:43",220.53,220.53,220.53,220.53,-0.04,-0.02%,160
"2024-08-23 18:38",220.57,220.57,220.57,220.57,0,0.00%,100
"2024-08-23 18:36",220.57,220.57,220.57,220.57,0.02,+0.01%,100
"2024-08-23 18:34",220.55,220.55,220.55,220.55,0.04,+0.02%,129
"2024-08-23 18:33",220.51,220.51,220.51,220.51,-0.0384,-0.02%,1000
"2024-08-23 18:31",220.55,220.55,220.5484,220.5484,0.0684,+0.03%,414
"2024-08-23 18:22",220.48,220.48,220.48,220.48,0,0.00%,100
"2024-08-23 18:17",220.48,220.48,220.48,220.48,-0.01,0.00%,193
"2024-08-23 18:16",220.49,220.49,220.49,220.49,0.02,+0.01%,475
"2024-08-23 18:13",220.47,220.48,220.47,220.47,0.05,+0.02%,5426
"2024-08-23 18:11",220.42,220.42,220.42,220.42,0,0.00%,1216
"2024-08-23 18:10",220.42,220.42,220.42,220.42,-0.02,-0.01%,200
"2024-08-23 18:08",220.44,220.44,220.44,220.44,0,0.00%,1000
"2024-08-23 18:07",220.45,220.45,220.44,220.44,0.04,+0.02%,400
"2024-08-23 17:59",220.45,220.45,220.4,220.4,-0.05,-0.02%,1230
"2024-08-23 17:58",220.45,220.45,220.45,220.45,0.1,+0.05%,250
"2024-08-23 17:56",220.35,220.35,220.35,220.35,0,0.00%,437
"2024-08-23 17:52",220.35,220.35,220.35,220.35,0,0.00%,1000
"2024-08-23 17:51",220.35,220.35,220.35,220.35,0,0.00%,100
"2024-08-23 17:50",220.35,220.35,220.35,220.35,0.07,+0.03%,2300
"2024-08-23 17:49",220.28,220.28,220.28,220.28,-0.02,-0.01%,335
"2024-08-23 17:48",220.3,220.3,220.3,220.3,0.03,+0.01%,100
"2024-08-23 17:46",220.34,220.34,220.27,220.27,-0.08,-0.04%,5332
"2024-08-23 17:42",220.38,220.38,220.35,220.35,-0.05,-0.02%,242
"2024-08-23 17:39",220.42,220.42,220.4,220.4,-0.05,-0.02%,1091
"2024-08-23 17:35",220.45,220.45,220.45,220.45,0,0.00%,100
"2024-08-23 17:34",220.45,220.45,220.45,220.45,-0.03,-0.01%,3000
"2024-08-23 17:33",220.48,220.48,220.48,220.48,0,0.00%,100
"2024-08-23 17:29",220.48,220.48,220.48,220.48,0.05,+0.02%,250
"2024-08-23 17:27",220.43,220.43,220.43,220.43,0.03,+0.01%,100
"2024-08-23 17:26",220.39,220.4,220.39,220.4,0,0.00%,4930
"2024-08-23 17:24",220.4,220.4,220.4,220.4,0.01,0.00%,200
"2024-08-23 17:22",220.39,220.39,220.39,220.39,-0.0099,0.00%,600
"2024-08-23 17:20",220.39,220.3999,220.39,220.3999,0.0099,0.00%,450
"2024-08-23 17:19",220.39,220.39,220.39,220.39,0,0.00%,500
"2024-08-23 17:18",220.39,220.39,220.39,220.39,-0.01,0.00%,100
"2024-08-23 17:17",220.4,220.4,220.4,220.4,0,0.00%,146
"2024-08-23 17:16",220.44,220.45,220.4,220.4,-0.04,-0.02%,695
"2024-08-23 17:14",220.44,220.44,220.44,220.44,0,0.00%,200
"2024-08-23 17:12",220.44,220.44,220.44,220.44,0.02,+0.01%,600
"2024-08-23 17:11",220.42,220.42,220.42,220.42,0,0.00%,100
"2024-08-23 17:08",220.42,220.42,220.42,220.42,0.04,+0.02%,100
"2024-08-23 17:07",220.38,220.38,220.38,220.38,-0.07,-0.03%,300
"2024-08-23 17:02",220.45,220.45,220.45,220.45,0.04,+0.02%,135
"2024-08-23 16:59",220.41,220.41,220.41,220.41,0.02,+0.01%,100
"2024-08-23 16:58",220.39,220.39,220.39,220.39,-0.03,-0.01%,200
"2024-08-23 16:57",220.44,220.44,220.42,220.42,-0.02,-0.01%,1200
"2024-08-23 16:55",220.44,220.44,220.44,220.44,0.01,0.00%,1100
"2024-08-23 16:54",220.43,220.43,220.43,220.43,0.0196,+0.01%,200
"2024-08-23 16:53",220.4104,220.4104,220.4104,220.4104,-0.0096,0.00%,700
"2024-08-23 16:52",220.42,220.42,220.42,220.42,0,0.00%,500
"2024-08-23 16:51",220.42,220.42,220.42,220.42,0.01,0.00%,100
"2024-08-23 16:50",220.41,220.41,220.41,220.41,0.0499,+0.02%,500
"2024-08-23 16:49",220.37,220.4,220.3601,220.3601,-0.0299,-0.01%,3270
"2024-08-23 16:48",220.4099,220.4099,220.36,220.39,-0.01,0.00%,1350
"2024-08-23 16:47",220.4096,220.4096,220.4,220.4,0.01,0.00%,331
"2024-08-23 16:46",220.37,220.4,220.37,220.39,0.03,+0.01%,800
"2024-08-23 16:45",220.37,220.37,220.36,220.36,-0.01,0.00%,400
"2024-08-23 16:44",220.37,220.37,220.37,220.37,0.001,0.00%,100
"2024-08-23 16:43",220.369,220.369,220.369,220.369,0.029,+0.01%,100
"2024-08-23 16:41",220.37,220.37,220.34,220.34,-0.07,-0.03%,840
"2024-08-23 16:40",220.42,220.42,220.4,220.41,0,0.00%,3596
"2024-08-23 16:39",220.41,220.415,220.41,220.41,-0.02,-0.01%,3160
"2024-08-23 16:38",220.41,220.44,220.41,220.43,0.02,+0.01%,2393
"2024-08-23 16:37",220.41,220.47,220.409,220.41,0,0.00%,9419
"2024-08-23 16:36",220.41,220.41,220.4,220.41,0.04,+0.02%,660
"2024-08-23 16:35",220.37,220.49,220.36,220.37,0.01,0.00%,20617
"2024-08-23 16:32",220.34,220.37,220.34,220.36,-0.02,-0.01%,9780
"2024-08-23 16:30",220.43,220.43,220.38,220.38,-0.08,-0.04%,2812
"2024-08-23 16:29",220.43,220.46,220.42,220.46,0.02,+0.01%,10010
"2024-08-23 16:28",220.47,220.48,220.42,220.44,-0.03,-0.01%,5275
"2024-08-23 16:27",220.49,220.495,220.47,220.47,-0.03,-0.01%,9390
"2024-08-23 16:26",220.55,220.55,220.5,220.5,-0.025,-0.01%,1170
"2024-08-23 16:25",220.55,220.55,220.52,220.525,0.015,+0.01%,8201
"2024-08-23 16:24",220.53,220.54,220.42,220.51,0,0.00%,3685
"2024-08-23 16:23",220.51,220.51,220.51,220.51,0.01,0.00%,2377
"2024-08-23 16:22",220.49,220.55,220.49,220.5,0.05,+0.02%,12651
"2024-08-23 16:21",220.44,220.47,220.44,220.45,0.01,0.00%,2500
"2024-08-23 16:20",220.44,220.44,220.44,220.44,0.02,+0.01%,277
"2024-08-23 16:19",220.44,220.44,220.42,220.42,-0.02,-0.01%,6510
"2024-08-23 16:18",220.41,220.45,220.41,220.44,-0.02,-0.01%,14435
"2024-08-23 16:17",220.42,220.49,220.42,220.46,0.04,+0.02%,6260
"2024-08-23 16:16",220.43,220.45,220.41,220.42,-0.01,0.00%,7423
"2024-08-23 16:15",220.4,220.45,220.38,220.43,0.04,+0.02%,13600
"2024-08-23 16:14",220.385,220.4,220.34,220.39,0.01,0.00%,14658
"2024-08-23 16:13",220.39,220.4,220.38,220.38,-0.01,0.00%,19696
"2024-08-23 16:12",220.4,220.41,220.39,220.39,-0.01,0.00%,24755
"2024-08-23 16:11",220.35,220.41,220.35,220.4,0.04,+0.02%,33587
"2024-08-23 16:10",220.46,220.46,220.35,220.36,-0.11,-0.05%,20077
"2024-08-23 16:09",220.46,220.49,220.46,220.47,-0.01,0.00%,25929
"2024-08-23 16:08",220.48,220.48,220.48,220.48,-0.01,0.00%,2500
"2024-08-23 16:07",220.48,220.51,220.47,220.49,0,0.00%,6976
"2024-08-23 16:06",220.46,220.5,220.45,220.49,0.04,+0.02%,59897
"2024-08-23 16:05",220.38,220.49,220.38,220.45,0.07,+0.03%,57461
"2024-08-23 16:04",220.43,220.48,220.35,220.38,-0.04,-0.02%,69955
"2024-08-23 16:03",220.41,220.46,220.41,220.42,0.02,+0.01%,36529
"2024-08-23 16:02",220.37,220.41,220.37,220.4,0.02,+0.01%,28400
"2024-08-23 16:01",220.39,220.42,220.35,220.38,0.03,+0.01%,51436
"2024-08-23 16:00",220.33,220.41,220.19,220.35,0.04,+0.02%,167679
"2024-08-23 15:59",220.26,220.42,220.25,220.31,0.06,+0.03%,2104802
"2024-08-23 15:58",220.21,220.29,220.195,220.25,0.03,+0.01%,314932
"2024-08-23 15:57",220.165,220.24,220.15,220.22,0.0501,+0.02%,120405
"2024-08-23 15:56",220.175,220.2,220.04,220.1699,-0.0051,0.00%,189959
"2024-08-23 15:55",220.19,220.34,220.17,220.175,-0.015,-0.01%,345576
"2024-08-23 15:54",220.12,220.23,220.09,220.19,0.06,+0.03%,186603
"2024-08-23 15:53",220.11,220.15,220.08,220.13,0.02,+0.01%,85214
"2024-08-23 15:52",220.03,220.13,220,220.11,0.08,+0.04%,116035
"2024-08-23 15:51",220.105,220.17,220.03,220.03,-0.08,-0.04%,109585
"2024-08-23 15:50",220.07,220.19,219.98,220.11,0.05,+0.02%,140375
"2024-08-23 15:49",220.085,220.14,220.02,220.06,-0.03,-0.01%,61165
"2024-08-23 15:48",220.03,220.11,220.005,220.09,0.065,+0.03%,65583
"2024-08-23 15:47",219.995,220.09,219.98,220.025,0.035,+0.02%,55547
"2024-08-23 15:46",219.945,220,219.92,219.99,0.06,+0.03%,45334
"2024-08-23 15:45",219.96,219.97,219.81,219.93,-0.0399,-0.02%,69528
"2024-08-23 15:44",219.98,220.03,219.94,219.9699,-0.0101,0.00%,27847
"2024-08-23 15:43",219.97,220.015,219.95,219.98,0.0099,0.00%,92561
"2024-08-23 15:42",220.1,220.115,219.97,219.9701,-0.1299,-0.06%,78298
"2024-08-23 15:41",220.03,220.1,220.0001,220.1,0.065,+0.03%,73585
"2024-08-23 15:40",219.93,220.04,219.915,220.035,0.095,+0.04%,33769
"2024-08-23 15:39",219.97,219.98,219.87,219.94,-0.0337,-0.02%,98366
"2024-08-23 15:38",220.085,220.12,219.9737,219.9737,-0.1163,-0.05%,44677
"2024-08-23 15:37",220.12,220.15,220.05,220.09,-0.04,-0.02%,72909
"2024-08-23 15:36",220.04,220.13,219.97,220.13,0.08,+0.04%,55104
"2024-08-23 15:35",220.07,220.085,220,220.05,-0.02,-0.01%,42113
"2024-08-23 15:34",220.155,220.155,220.0201,220.07,-0.08,-0.04%,67376
"2024-08-23 15:33",220.18,220.1865,220.12,220.15,-0.03,-0.01%,32768
"2024-08-23 15:32",220.17,220.19,220.11,220.18,0.01,0.00%,53326
"2024-08-23 15:31",220.18,220.24,220.13,220.17,-0.01,0.00%,67112
"2024-08-23 15:30",220.195,220.2,220.09,220.18,-0.02,-0.01%,84526
"2024-08-23 15:29",220.18,220.24,220.18,220.2,0.01,0.00%,38664
"2024-08-23 15:28",220.15,220.2,220.14,220.19,0.02,+0.01%,40178
"2024-08-23 15:27",220.14,220.19,220.13,220.17,0.04,+0.02%,25591
"2024-08-23 15:26",220.12,220.16,220.1,220.13,0,0.00%,29070
"2024-08-23 15:25",220.15,220.169,220.1101,220.13,-0.01,0.00%,48514
"2024-08-23 15:24",220.09,220.18,220.07,220.14,0.055,+0.02%,35332
"2024-08-23 15:23",220.01,220.09,220.005,220.085,0.06,+0.03%,27520
"2024-08-23 15:22",220.02,220.04,219.975,220.025,0.0249,+0.01%,29122
"2024-08-23 15:21",219.92,220.025,219.92,220.0001,0.0734,+0.03%,43641
"2024-08-23 15:20",219.96,220,219.92,219.9267,-0.0233,-0.01%,37348
"2024-08-23 15:19",219.92,219.98,219.915,219.95,0.02,+0.01%,17212
"2024-08-23 15:18",219.89,219.941,219.87,219.93,0.015,+0.01%,25961
"2024-08-23 15:17",219.89,219.915,219.85,219.915,0.0014,0.00%,21660
"2024-08-23 15:16",219.97,219.99,219.91,219.9136,-0.0564,-0.03%,35311
"2024-08-23 15:15",219.97,219.99,219.92,219.97,0,0.00%,38363
"2024-08-23 15:14",219.92,219.97,219.9001,219.97,0.06,+0.03%,35697
"2024-08-23 15:13",219.85,220.025,219.85,219.91,0.05,+0.02%,57342
"2024-08-23 15:12",219.91,219.91,219.85,219.86,-0.0289,-0.01%,17110
"2024-08-23 15:11",219.79,219.92,219.78,219.8889,0.1089,+0.05%,37181
"2024-08-23 15:10",219.7,219.78,219.7,219.78,0.08,+0.04%,12761
"2024-08-23 15:09",219.6,219.7,219.58,219.7,0.1,+0.05%,17163
"2024-08-23 15:08",219.54,219.62,219.54,219.6,0.03,+0.01%,19589
"2024-08-23 15:07",219.57,219.615,219.57,219.57,0.02,+0.01%,15098
"2024-08-23 15:06",219.66,219.66,219.5421,219.55,-0.12,-0.05%,24128
"2024-08-23 15:05",219.56,219.68,219.5504,219.67,0.098,+0.04%,39936
"2024-08-23 15:04",219.605,219.62,219.565,219.572,-0.033,-0.02%,11356
"2024-08-23 15:03",219.52,219.62,219.52,219.605,0.075,+0.03%,24648
"2024-08-23 15:02",219.63,219.65,219.48,219.53,-0.1012,-0.05%,33267
"2024-08-23 15:01",219.655,219.655,219.54,219.6312,-0.0088,0.00%,35605
"2024-08-23 15:00",219.72,219.72,219.61,219.64,-0.08,-0.04%,23466
"2024-08-23 14:59",219.5725,219.72,219.52,219.72,0.14,+0.06%,88199
"2024-08-23 14:58",219.68,219.68,219.52,219.58,-0.1068,-0.05%,95174
"2024-08-23 14:57",219.77,219.77,219.655,219.6868,-0.0832,-0.04%,59835
"2024-08-23 14:56",219.76,219.77,219.705,219.77,0.02,+0.01%,25913
"2024-08-23 14:55",219.74,219.78,219.725,219.75,0.005,0.00%,9956
"2024-08-23 14:54",219.75,219.78,219.735,219.745,-0.005,0.00%,12651
"2024-08-23 14:53",219.79,219.79,219.68,219.75,-0.0308,-0.01%,29413
"2024-08-23 14:52",219.815,219.8512,219.7808,219.7808,-0.0391,-0.02%,64930
"2024-08-23 14:51",219.87,219.885,219.79,219.8199,-0.0301,-0.01%,45082
"2024-08-23 14:50",219.85,219.9,219.81,219.85,0,0.00%,21023
"2024-08-23 14:49",219.9,219.9,219.84,219.85,-0.05,-0.02%,20541
"2024-08-23 14:48",219.85,219.92,219.85,219.9,0.055,+0.03%,16463
"2024-08-23 14:47",219.87,219.9,219.795,219.845,-0.015,-0.01%,15359
"2024-08-23 14:46",219.78,219.87,219.76,219.86,0.06,+0.03%,16466
"2024-08-23 14:45",219.8,219.81,219.71,219.8,0.0101,0.00%,21209
"2024-08-23 14:44",219.88,219.89,219.7763,219.7899,-0.0901,-0.04%,27169
"2024-08-23 14:43",219.825,219.885,219.815,219.88,0.05,+0.02%,20265
"2024-08-23 14:42",219.93,219.935,219.83,219.83,-0.1,-0.05%,14658
"2024-08-23 14:41",219.97,220.01,219.93,219.93,-0.04,-0.02%,61884
"2024-08-23 14:40",219.91,219.975,219.89,219.97,0.065,+0.03%,27119
"2024-08-23 14:39",219.97,219.97,219.875,219.905,-0.075,-0.03%,12381
"2024-08-23 14:38",219.92,219.98,219.89,219.98,0.06,+0.03%,30962
"2024-08-23 14:37",219.8898,219.95,219.87,219.92,0.03,+0.01%,24010
"2024-08-23 14:36",219.89,219.94,219.87,219.89,0.01,0.00%,17171
"2024-08-23 14:35",219.86,219.91,219.8,219.88,0.01,0.00%,77628
"2024-08-23 14:34",219.86,219.87,219.8,219.87,0,0.00%,66228
"2024-08-23 14:33",219.92,219.96,219.87,219.87,-0.06,-0.03%,50039
"2024-08-23 14:32",220.04,220.05,219.91,219.93,-0.08,-0.04%,68472
"2024-08-23 14:31",220.045,220.11,220,220.01,-0.045,-0.02%,23091
"2024-08-23 14:30",220.08,220.0989,220.03,220.055,-0.025,-0.01%,32503
"2024-08-23 14:29",220.13,220.1317,220.06,220.08,-0.06,-0.03%,13713
"2024-08-23 14:28",220.1,220.14,220.07,220.14,0.08,+0.04%,10782
"2024-08-23 14:27",220.1,220.1,220.06,220.06,-0.035,-0.02%,7603
"2024-08-23 14:26",220.04,220.1,220.03,220.095,0.055,+0.02%,8644
"2024-08-23 14:25",220.12,220.13,220.02,220.04,-0.08,-0.04%,34947
"2024-08-23 14:24",220.03,220.12,220.01,220.12,0.1064,+0.05%,17014
"2024-08-23 14:23",219.89,220.025,219.89,220.0136,0.1336,+0.06%,32842
"2024-08-23 14:22",220.18,220.18,219.83,219.88,-0.29,-0.13%,53146
"2024-08-23 14:21",220.22,220.24,220.17,220.17,-0.05,-0.02%,31738
"2024-08-23 14:20",220.2,220.23,220.16,220.22,0.03,+0.01%,27844
"2024-08-23 14:19",220.18,220.1901,220.16,220.19,0.01,0.00%,13389
"2024-08-23 14:18",220.1321,220.19,220.126,220.18,0.03,+0.01%,8818
"2024-08-23 14:17",220.16,220.185,220.13,220.15,-0.01,0.00%,8862
"2024-08-23 14:16",220.18,220.2,220.12,220.16,-0.02,-0.01%,13908
"2024-08-23 14:15",220.1511,220.19,220.06,220.18,0.03,+0.01%,49733
"2024-08-23 14:14",220.15,220.1817,220.13,220.15,0,0.00%,13153
"2024-08-23 14:13",220.17,220.19,220.12,220.15,-0.01,0.00%,12911
"2024-08-23 14:12",220.055,220.16,220.05,220.16,0.09,+0.04%,14694
"2024-08-23 14:11",220.16,220.17,220.07,220.07,-0.1,-0.05%,15812
"2024-08-23 14:10",220.15,220.17,220.12,220.17,0.04,+0.02%,17312
"2024-08-23 14:09",220.19,220.21,220.12,220.13,-0.065,-0.03%,9566
"2024-08-23 14:08",220.175,220.23,220.17,220.195,0.025,+0.01%,27412
"2024-08-23 14:07",220.15,220.19,220.135,220.17,0.01,0.00%,19426
"2024-08-23 14:06",220.18,220.235,220.14,220.16,-0.02,-0.01%,24427
"2024-08-23 14:05",220.18,220.1801,220.1128,220.18,0,0.00%,20780
"2024-08-23 14:04",220.16,220.21,220.15,220.18,0.02,+0.01%,34132
"2024-08-23 14:03",220.17,220.2,220.1,220.16,0,0.00%,22081
"2024-08-23 14:02",220.18,220.22,220.12,220.16,-0.0297,-0.01%,27659
"2024-08-23 14:01",220.16,220.2,220.14,220.1897,0.0297,+0.01%,14018
"2024-08-23 14:00",220.17,220.18,220.0901,220.16,-0.005,0.00%,15028
"2024-08-23 13:59",220.225,220.24,220.165,220.165,-0.055,-0.02%,13683
"2024-08-23 13:58",220.16,220.24,220.13,220.22,0.08,+0.04%,49883
"2024-08-23 13:57",220.13,220.1702,220.1,220.14,0.005,0.00%,22217
"2024-08-23 13:56",220.13,220.14,220.0401,220.135,-0.005,0.00%,46354
"2024-08-23 13:55",220.15,220.18,220.105,220.14,-0.01,0.00%,7804
"2024-08-23 13:54",220.16,220.17,220.125,220.15,-0.005,0.00%,7379
"2024-08-23 13:53",220.1,220.18,220.1,220.155,0.0649,+0.03%,6896
"2024-08-23 13:52",220.1,220.11,220.014,220.0901,-0.0112,-0.01%,28823
"2024-08-23 13:51",220.16,220.16,220.06,220.1013,-0.0387,-0.02%,12928
"2024-08-23 13:50",220.11,220.175,220.11,220.14,0.0331,+0.02%,15220
"2024-08-23 13:49",220.08,220.11,220.06,220.1069,0.0269,+0.01%,11431
"2024-08-23 13:48",220.1213,220.1699,220.08,220.08,-0.055,-0.02%,46094
"2024-08-23 13:47",220.03,220.15,219.99,220.135,0.095,+0.04%,24891
"2024-08-23 13:46",220.18,220.2,220.03,220.04,-0.125,-0.06%,44673
"2024-08-23 13:45",220.2,220.215,220.15,220.165,-0.0251,-0.01%,21475
"2024-08-23 13:44",220.15,220.23,220.15,220.1901,0.0501,+0.02%,31114
"2024-08-23 13:43",220.11,220.16,220.11,220.14,0.04,+0.02%,25207
"2024-08-23 13:42",220.06,220.135,220.06,220.1,0.03,+0.01%,27028
"2024-08-23 13:41",220.03,220.11,220.025,220.07,0.07,+0.03%,58800
"2024-08-23 13:40",220.095,220.095,219.98,220,-0.08,-0.04%,15584
"2024-08-23 13:39",220.055,220.13,220.05,220.08,0.02,+0.01%,20947
"2024-08-23 13:38",220.05,220.07,220,220.06,0.015,+0.01%,21979
"2024-08-23 13:37",219.98,220.06,219.96,220.045,0.055,+0.03%,26592
"2024-08-23 13:36",220.0275,220.03,219.97,219.99,-0.03,-0.01%,20028
"2024-08-23 13:35",219.99,220.03,219.95,220.02,0.015,+0.01%,52443
"2024-08-23 13:34",220.015,220.0475,219.95,220.005,-0.01,0.00%,22992
"2024-08-23 13:33",220.07,220.07,219.9911,220.015,-0.0651,-0.03%,33750
"2024-08-23 13:32",220.11,220.14,220.065,220.0801,-0.0399,-0.02%,13635
"2024-08-23 13:31",220.04,220.13,220.01,220.12,0.06,+0.03%,28849
"2024-08-23 13:30",220.02,220.06,219.97,220.06,0.035,+0.02%,30172
"2024-08-23 13:29",220.03,220.1,220.025,220.025,-0.005,0.00%,33298
"2024-08-23 13:28",219.95,220.06,219.95,220.03,0.08,+0.04%,21456
"2024-08-23 13:27",219.97,219.97,219.935,219.95,-0.02,-0.01%,12686
"2024-08-23 13:26",219.91,219.99,219.8701,219.97,0.05,+0.02%,28272
"2024-08-23 13:25",219.97,220,219.92,219.92,-0.05,-0.02%,12598
"2024-08-23 13:24",219.97,220.02,219.97,219.97,-0.01,0.00%,29743
"2024-08-23 13:23",219.97,219.98,219.93,219.98,0.01,0.00%,12152
"2024-08-23 13:22",219.93,220.06,219.915,219.97,0.03,+0.01%,26295
"2024-08-23 13:21",219.9401,219.96,219.8301,219.94,-0.02,-0.01%,29979
"2024-08-23 13:20",219.95,220.03,219.92,219.96,0,0.00%,25345
"2024-08-23 13:19",219.93,219.96,219.9,219.96,0.03,+0.01%,19626
"2024-08-23 13:18",220.025,220.06,219.93,219.93,-0.1,-0.05%,17860
"2024-08-23 13:17",220.04,220.04,219.9698,220.03,-0.01,0.00%,36164
"2024-08-23 13:16",219.99,220.05,219.95,220.04,0.04,+0.02%,31443
"2024-08-23 13:15",219.885,220.01,219.88,220,0.11,+0.05%,33563
"2024-08-23 13:14",219.84,219.91,219.77,219.89,0.06,+0.03%,16236
"2024-08-23 13:13",219.81,219.84,219.75,219.83,0.0299,+0.01%,72248
"2024-08-23 13:12",219.8,219.83,219.745,219.8001,0.0501,+0.02%,8219
"2024-08-23 13:11",219.97,219.97,219.73,219.75,-0.2,-0.09%,11082
"2024-08-23 13:10",219.97,220,219.925,219.95,-0.02,-0.01%,22264
"2024-08-23 13:09",220.01,220.02,219.94,219.97,-0.06,-0.03%,24167
"2024-08-23 13:08",220.01,220.055,219.975,220.03,0.03,+0.01%,15877
"2024-08-23 13:07",220.06,220.06,219.94,220,-0.05,-0.02%,18667
"2024-08-23 13:06",220.11,220.13,220.01,220.05,-0.05,-0.02%,14189
"2024-08-23 13:05",220.06,220.15,220.04,220.1,0.025,+0.01%,49179
"2024-08-23 13:04",220.02,220.09,220.01,220.075,0.08,+0.04%,12668
"2024-08-23 13:03",220.03,220.08,219.95,219.995,-0.055,-0.02%,21583
"2024-08-23 13:02",219.93,220.06,219.9282,220.05,0.11,+0.05%,54003
"2024-08-23 13:01",219.81,219.96,219.81,219.94,0.16,+0.07%,30868
"2024-08-23 13:00",219.85,219.9,219.745,219.78,-0.09,-0.04%,27525
"2024-08-23 12:59",219.91,219.93,219.805,219.87,-0.03,-0.01%,33246
"2024-08-23 12:58",219.86,219.96,219.81,219.9,-0.01,0.00%,73304
"2024-08-23 12:57",219.99,220.01,219.865,219.91,-0.05,-0.02%,62188
"2024-08-23 12:56",219.94,220,219.9,219.96,0.04,+0.02%,37443
"2024-08-23 12:55",219.65,219.95,219.65,219.92,0.27,+0.12%,59264
"2024-08-23 12:54",219.59,219.73,219.59,219.65,0.07,+0.03%,28201
"2024-08-23 12:53",219.52,219.58,219.445,219.58,0.07,+0.03%,26949
"2024-08-23 12:52",219.53,219.57,219.4701,219.51,-0.03,-0.01%,65150
"2024-08-23 12:51",219.445,219.62,219.33,219.54,0.1,+0.05%,140291
"2024-08-23 12:50",219.37,219.47,219.37,219.44,0.06,+0.03%,39682
"2024-08-23 12:49",219.32,219.42,219.3,219.38,0.06,+0.03%,57544
"2024-08-23 12:48",219.41,219.49,219.32,219.32,-0.095,-0.04%,50581
"2024-08-23 12:47",219.27,219.5295,219.26,219.415,0.135,+0.06%,126282
"2024-08-23 12:46",219.4,219.4,219.18,219.28,-0.11,-0.05%,98555
"2024-08-23 12:45",219.47,219.54,219.38,219.39,-0.05,-0.02%,19186
"2024-08-23 12:44",219.46,219.58,219.44,219.44,-0.02,-0.01%,35565
"2024-08-23 12:43",219.24,219.51,219.2399,219.46,0.18,+0.08%,98700
"2024-08-23 12:42",219.745,219.79,219.25,219.28,-0.4699,-0.21%,111485
"2024-08-23 12:41",219.97,219.97,219.72,219.7499,-0.2401,-0.11%,33541
"2024-08-23 12:40",220.14,220.16,219.99,219.99,-0.19,-0.09%,48560
"2024-08-23 12:39",220.27,220.3,220.1,220.18,-0.09,-0.04%,19366
"2024-08-23 12:38",220.28,220.29,220.17,220.27,-0.01,0.00%,16377
"2024-08-23 12:37",220.33,220.37,220.22,220.28,-0.04,-0.02%,73750
"2024-08-23 12:36",220.335,220.43,220.3,220.32,-0.025,-0.01%,28649
"2024-08-23 12:35",220.18,220.345,220.175,220.345,0.165,+0.07%,55624
"2024-08-23 12:34",220.015,220.22,220.015,220.18,0.17,+0.08%,31555
"2024-08-23 12:33",220.16,220.16,219.97,220.01,-0.12,-0.05%,39482
"2024-08-23 12:32",220.12,220.15,220.06,220.13,0,0.00%,36026
"2024-08-23 12:31",220.06,220.16,220.03,220.13,0.07,+0.03%,109998
"2024-08-23 12:30",219.84,220.06,219.77,220.06,0.23,+0.10%,26197
"2024-08-23 12:29",219.76,219.89,219.74,219.83,0.0575,+0.03%,28061
"2024-08-23 12:28",219.73,219.78,219.565,219.7725,0.0425,+0.02%,40904
"2024-08-23 12:27",219.83,219.85,219.69,219.73,-0.1,-0.05%,69573
"2024-08-23 12:26",219.69,219.83,219.53,219.83,0.15,+0.07%,87843
"2024-08-23 12:25",219.8,219.87,219.68,219.68,-0.145,-0.07%,41670
"2024-08-23 12:24",219.945,220,219.81,219.825,-0.125,-0.06%,18180
"2024-08-23 12:23",219.9,219.97,219.8801,219.95,0.05,+0.02%,28280
"2024-08-23 12:22",219.9425,220.09,219.9,219.9,-0.07,-0.03%,34236
"2024-08-23 12:21",220.03,220.085,219.86,219.97,-0.08,-0.04%,31405
"2024-08-23 12:20",220.01,220.07,219.97,220.05,0.0599,+0.03%,47753
"2024-08-23 12:19",219.84,220.01,219.82,219.9901,0.1801,+0.08%,59710
"2024-08-23 12:18",219.62,219.86,219.54,219.81,0.18,+0.08%,27491
"2024-08-23 12:17",219.72,219.78,219.51,219.63,-0.1,-0.05%,41943
"2024-08-23 12:16",219.73,219.88,219.69,219.73,-0.0118,-0.01%,68952
"2024-08-23 12:15",219.66,219.82,219.55,219.7418,0.0918,+0.04%,27778
"2024-08-23 12:14",219.86,219.86,219.51,219.65,-0.22,-0.10%,51799
"2024-08-23 12:13",219.98,220,219.8,219.87,-0.11,-0.05%,42610
"2024-08-23 12:12",220.06,220.06,219.91,219.98,-0.07,-0.03%,30104
"2024-08-23 12:11",219.88,220.05,219.85,220.05,0.13,+0.06%,49356
"2024-08-23 12:10",219.81,219.98,219.81,219.92,0.1085,+0.05%,73806
"2024-08-23 12:09",219.72,219.85,219.64,219.8115,0.1115,+0.05%,42801
"2024-08-23 12:08",219.45,219.78,219.43,219.7,0.2537,+0.12%,82542
"2024-08-23 12:07",219.48,219.56,219.36,219.4463,-0.0437,-0.02%,63184
"2024-08-23 12:06",219.3,219.53,219.13,219.49,0.18,+0.08%,93961
"2024-08-23 12:05",219.45,219.53,219.295,219.31,-0.135,-0.06%,47410
"2024-08-23 12:04",219.38,219.5703,219.36,219.445,0.065,+0.03%,67306
"2024-08-23 12:03",219.18,219.45,219.1,219.38,0.215,+0.10%,50809
"2024-08-23 12:02",219.27,219.27,219.13,219.165,-0.055,-0.03%,92457
"2024-08-23 12:01",219.21,219.36,219.17,219.22,0.01,0.00%,79177
"2024-08-23 12:00",219.61,219.69,219.15,219.21,-0.4,-0.18%,108489
"2024-08-23 11:59",219.74,219.77,219.58,219.61,-0.13,-0.06%,33046
"2024-08-23 11:58",219.7001,219.78,219.55,219.74,0.01,0.00%,82090
"2024-08-23 11:57",219.89,219.91,219.73,219.73,-0.16,-0.07%,93374
"2024-08-23 11:56",219.99,220,219.85,219.89,-0.11,-0.05%,45940
"2024-08-23 11:55",219.91,220.04,219.88,220,0.08,+0.04%,41486
"2024-08-23 11:54",219.81,219.95,219.735,219.92,0.1,+0.05%,32658
"2024-08-23 11:53",219.98,220.02,219.8,219.82,-0.16,-0.07%,88504
"2024-08-23 11:52",220.02,220.11,219.91,219.98,-0.06,-0.03%,41827
"2024-08-23 11:51",220.16,220.16,219.99,220.04,-0.11,-0.05%,76643
"2024-08-23 11:50",220.28,220.295,220.14,220.15,-0.14,-0.06%,79193
"2024-08-23 11:49",220.33,220.4,220.26,220.29,-0.02,-0.01%,53926
"2024-08-23 11:48",220.145,220.34,220.09,220.31,0.19,+0.09%,62162
"2024-08-23 11:47",220.219,220.23,220.02,220.12,-0.04,-0.02%,61186
"2024-08-23 11:46",219.95,220.22,219.85,220.16,0.22,+0.10%,64727
"2024-08-23 11:45",220.34,220.36,219.86,219.94,-0.41,-0.19%,98061
"2024-08-23 11:44",220.51,220.58,220.24,220.35,-0.18,-0.08%,49489
"2024-08-23 11:43",220.78,220.79,220.43,220.53,-0.27,-0.12%,161220
"2024-08-23 11:42",220.75,220.93,220.75,220.8,0.04,+0.02%,36150
"2024-08-23 11:41",221.01,221.08,220.76,220.76,-0.25,-0.11%,79527
"2024-08-23 11:40",220.92,221.06,220.85,221.01,0.1,+0.05%,57330
"2024-08-23 11:39",220.953,220.97,220.81,220.91,-0.05,-0.02%,58469
"2024-08-23 11:38",220.889,220.96,220.79,220.96,0.09,+0.04%,78878
"2024-08-23 11:37",220.84,220.88,220.72,220.87,0.04,+0.02%,60675
"2024-08-23 11:36",220.8005,220.9,220.68,220.83,0.0296,+0.01%,121483
"2024-08-23 11:35",220.78,220.87,220.77,220.8004,0.0004,0.00%,75259
"2024-08-23 11:34",220.75,220.84,220.69,220.8,0.06,+0.03%,46203
"2024-08-23 11:33",220.83,220.83,220.64,220.74,-0.1,-0.05%,73744
"2024-08-23 11:32",220.75,220.85,220.63,220.84,0.09,+0.04%,55525
"2024-08-23 11:31",220.75,220.79,220.625,220.75,-0.0099,0.00%,34609
"2024-08-23 11:30",220.66,220.79,220.61,220.7599,0.0999,+0.05%,67142
"2024-08-23 11:29",220.6,220.7,220.59,220.66,0.068,+0.03%,37871
"2024-08-23 11:28",220.49,220.655,220.42,220.592,0.117,+0.05%,53736
"2024-08-23 11:27",220.59,220.6,220.21,220.475,-0.105,-0.05%,97087
"2024-08-23 11:26",220.66,220.7,220.56,220.58,-0.07,-0.03%,78794
"2024-08-23 11:25",220.449,220.67,220.4387,220.65,0.19,+0.09%,83027
"2024-08-23 11:24",220.47,220.51,220.32,220.46,0.01,0.00%,73715
"2024-08-23 11:23",220.4,220.47,220.3201,220.45,0.03,+0.01%,52101
"2024-08-23 11:22",220.34,220.49,220.34,220.42,0.08,+0.04%,39130
"2024-08-23 11:21",220.33,220.385,220.18,220.34,0.02,+0.01%,38177
"2024-08-23 11:20",220.49,220.51,220.25,220.32,-0.16,-0.07%,74981
"2024-08-23 11:19",220.51,220.55,220.411,220.48,-0.03,-0.01%,70495
"2024-08-23 11:18",220.4,220.52,220.34,220.51,0.09,+0.04%,62525
"2024-08-23 11:17",220.36,220.43,220.33,220.42,0.09,+0.04%,45467
"2024-08-23 11:16",220.4501,220.47,220.24,220.33,-0.14,-0.06%,109011
"2024-08-23 11:15",220.28,220.5,220.23,220.47,0.18,+0.08%,99599
"2024-08-23 11:14",220.03,220.31,220.03,220.29,0.25,+0.11%,117791
"2024-08-23 11:13",219.74,220.07,219.67,220.04,0.32,+0.15%,124112
"2024-08-23 11:12",219.6599,219.88,219.65,219.72,0.07,+0.03%,95311
"2024-08-23 11:11",219.68,219.74,219.44,219.65,0,0.00%,99653
"2024-08-23 11:10",220.24,220.305,219.65,219.65,-0.6,-0.27%,136482
"2024-08-23 11:09",220.16,220.25,220.12,220.25,0.08,+0.04%,50158
"2024-08-23 11:08",220.1,220.21,220.04,220.17,0.07,+0.03%,109943
"2024-08-23 11:07",219.96,220.16,219.95,220.1,0.175,+0.08%,142958
"2024-08-23 11:06",219.4629,220.02,219.46,219.925,0.445,+0.20%,141064
"2024-08-23 11:05",219.5,219.64,219.47,219.48,-0.03,-0.01%,109239
"2024-08-23 11:04",219.5,219.54,219.34,219.51,0.02,+0.01%,38615
"2024-08-23 11:03",219.4,219.52,219.23,219.49,0.1,+0.05%,80448
"2024-08-23 11:02",219.2,219.44,219.2,219.39,0.17,+0.08%,80181
"2024-08-23 11:01",219,219.37,218.98,219.22,0.22,+0.10%,248785
"2024-08-23 11:00",219.32,219.32,218.96,219,-0.33,-0.15%,115135
"2024-08-23 10:59",219.35,219.48,219.24,219.33,0,0.00%,57138
"2024-08-23 10:58",219.21,219.38,219.12,219.33,0.12,+0.05%,109708
"2024-08-23 10:57",218.9,219.27,218.9,219.21,0.28,+0.13%,83120
"2024-08-23 10:56",218.95,218.975,218.71,218.93,-0.0395,-0.02%,71159
"2024-08-23 10:55",218.66,219.06,218.5866,218.9695,0.2896,+0.13%,104381
"2024-08-23 10:54",218.1604,218.69,218.1,218.6799,0.5099,+0.23%,110804
"2024-08-23 10:53",218.07,218.29,218.05,218.17,0.0961,+0.04%,101781
"2024-08-23 10:52",218.14,218.34,218.06,218.0739,-0.0561,-0.03%,161264
"2024-08-23 10:51",218.52,218.53,217.97,218.13,-0.4099,-0.19%,205498
"2024-08-23 10:50",218.43,218.73,218.33,218.5399,0.0599,+0.03%,95824
"2024-08-23 10:49",218.37,218.61,218.3,218.48,0.1,+0.05%,171760
"2024-08-23 10:48",219.32,219.32,218.33,218.38,-0.93,-0.42%,223058
"2024-08-23 10:47",219.38,219.38,219.04,219.31,-0.03,-0.01%,252908
"2024-08-23 10:46",219.88,219.88,219.3,219.34,-0.53,-0.24%,164122
"2024-08-23 10:45",219.94,219.995,219.72,219.87,-0.09,-0.04%,155751
"2024-08-23 10:44",219.92,219.98,219.84,219.96,0.05,+0.02%,145152
"2024-08-23 10:43",219.556,219.92,219.5,219.91,0.37,+0.17%,201796
"2024-08-23 10:42",219.39,219.58,219.35,219.54,0.1425,+0.06%,116558
"2024-08-23 10:41",219.23,219.42,219.18,219.3975,0.1575,+0.07%,104185
"2024-08-23 10:40",219.11,219.24,218.915,219.24,0.14,+0.06%,130286
"2024-08-23 10:39",219.18,219.27,219.02,219.1,-0.08,-0.04%,47465
"2024-08-23 10:38",219.37,219.39,218.97,219.18,-0.21,-0.10%,114961
"2024-08-23 10:37",219.27,219.41,219.17,219.39,0.13,+0.06%,142692
"2024-08-23 10:36",219.28,219.37,219.1708,219.26,-0.04,-0.02%,164183
"2024-08-23 10:35",219.39,219.4,219.06,219.3,-0.11,-0.05%,212229
"2024-08-23 10:34",219.41,219.54,219.32,219.41,0.02,+0.01%,119677
"2024-08-23 10:33",219.29,219.45,219.27,219.39,0.1,+0.05%,131569
"2024-08-23 10:32",219.44,219.56,219.29,219.29,-0.145,-0.07%,157513
"2024-08-23 10:31",219.43,219.5999,219.31,219.435,0.015,+0.01%,178156
"2024-08-23 10:30",219.28,219.49,219.21,219.42,0.15,+0.07%,174180
"2024-08-23 10:29",219.36,219.36,219.18,219.27,-0.09,-0.04%,165650
"2024-08-23 10:28",219.05,219.41,219.01,219.36,0.32,+0.15%,157737
"2024-08-23 10:27",218.9,219.1,218.81,219.04,0.15,+0.07%,161477
"2024-08-23 10:26",218.91,218.99,218.815,218.89,-0.015,-0.01%,83943
"2024-08-23 10:25",218.96,219,218.65,218.905,-0.085,-0.04%,171699
"2024-08-23 10:24",218.63,219.01,218.61,218.99,0.38,+0.17%,163099
"2024-08-23 10:23",218.35,218.64,218.27,218.61,0.28,+0.13%,100325
"2024-08-23 10:22",217.825,218.3699,217.8,218.33,0.51,+0.23%,181489
"2024-08-23 10:21",217.84,218.07,217.74,217.82,0,0.00%,170355
"2024-08-23 10:20",217.745,217.96,217.68,217.82,0.1,+0.05%,97713
"2024-08-23 10:19",217.69,217.7599,217.5,217.72,0.06,+0.03%,128433
"2024-08-23 10:18",217.8,217.8437,217.4885,217.66,-0.135,-0.06%,216851
"2024-08-23 10:17",218.0695,218.09,217.4,217.795,-0.265,-0.12%,331477
"2024-08-23 10:16",218.61,218.78,218,218.06,-0.54,-0.25%,181471
"2024-08-23 10:15",218.58,218.74,218.55,218.6,0.04,+0.02%,111570
"2024-08-23 10:14",218.79,219.01,218.47,218.56,-0.24,-0.11%,401155
"2024-08-23 10:13",218.495,218.81,218.46,218.8,0.305,+0.14%,272856
"2024-08-23 10:12",218.22,218.54,218.17,218.495,0.265,+0.12%,167020
"2024-08-23 10:11",217.92,218.32,217.74,218.23,0.28,+0.13%,311856
"2024-08-23 10:10",217.77,217.96,217.67,217.95,0.17,+0.08%,159199
"2024-08-23 10:09",217.42,217.87,217.4,217.78,0.36,+0.17%,162250
"2024-08-23 10:08",217.22,217.46,217.14,217.42,0.19,+0.09%,94391
"2024-08-23 10:07",217.13,217.36,217.08,217.23,0.14,+0.06%,230352
"2024-08-23 10:06",217,217.12,216.72,217.09,0.085,+0.04%,279416
"2024-08-23 10:05",217.47,217.53,216.985,217.005,-0.445,-0.20%,285013
"2024-08-23 10:04",217.4,217.5,217.12,217.45,0.04,+0.02%,270932
"2024-08-23 10:03",217.52,217.56,217.11,217.41,-0.12,-0.06%,263646
"2024-08-23 10:02",216.93,217.53,216.84,217.53,0.612,+0.28%,324044
"2024-08-23 10:01",216.25,217.01,216.17,216.918,0.678,+0.31%,436159
"2024-08-23 10:00",215.32,216.25,215.32,216.24,0.93,+0.43%,559028
"2024-08-23 09:59",215.27,215.4,215.16,215.31,0.03,+0.01%,175119
"2024-08-23 09:58",215.24,215.34,215.24,215.28,0.05,+0.02%,41693
"2024-08-23 09:57",215.36,215.36,215.1999,215.23,-0.13,-0.06%,84821
"2024-08-23 09:56",215.4,215.4,215.33,215.36,-0.03,-0.01%,49336
"2024-08-23 09:55",215.22,215.42,215.22,215.39,0.17,+0.08%,59789
"2024-08-23 09:54",215.2,215.35,215.17,215.22,0,0.00%,32354
"2024-08-23 09:53",215.12,215.2988,215.1,215.22,0.1,+0.05%,61857
"2024-08-23 09:52",215.09,215.15,214.79,215.12,0.02,+0.01%,167553
"2024-08-23 09:51",215.27,215.28,215.06,215.1,-0.18,-0.08%,89310
"2024-08-23 09:50",215.5,215.52,215.27,215.28,-0.24,-0.11%,110238
"2024-08-23 09:49",215.58,215.65,215.49,215.52,-0.05,-0.02%,34152
"2024-08-23 09:48",215.72,215.72,215.51,215.57,-0.15,-0.07%,68440
"2024-08-23 09:47",215.81,215.81,215.67,215.72,-0.11,-0.05%,34044
"2024-08-23 09:46",215.82,215.83,215.7,215.83,0.03,+0.01%,59634
"2024-08-23 09:45",215.715,215.9,215.69,215.8,0.09,+0.04%,76197
"2024-08-23 09:44",215.89,215.99,215.71,215.71,-0.22,-0.10%,61548
"2024-08-23 09:43",215.9799,215.98,215.77,215.93,-0.07,-0.03%,81148
"2024-08-23 09:42",216.06,216.11,215.92,216,-0.05,-0.02%,57906
"2024-08-23 09:41",216.24,216.24,215.96,216.05,-0.1956,-0.09%,52124
"2024-08-23 09:40",216.09,216.2456,216.085,216.2456,0.1956,+0.09%,105449
"2024-08-23 09:39",216.01,216.15,216,216.05,0.03,+0.01%,59665
"2024-08-23 09:38",216.07,216.095,215.945,216.02,-0.06,-0.03%,62380
"2024-08-23 09:37",215.99,216.23,215.95,216.08,0.1,+0.05%,232309
"2024-08-23 09:36",215.83,215.9813,215.77,215.98,0.15,+0.07%,155319
"2024-08-23 09:35",215.46,215.8561,215.44,215.83,0.36,+0.17%,112472
"2024-08-23 09:34",215.11,215.54,215.09,215.47,0.38,+0.18%,60892
"2024-08-23 09:33",215.02,215.1,214.98,215.09,0.1,+0.05%,57675
"2024-08-23 09:32",215.24,215.34,214.98,214.99,-0.25,-0.12%,81728
"2024-08-23 09:31",215.02,215.5,215.01,215.24,0.22,+0.10%,140726
"2024-08-23 09:30",215.18,215.2,214.98,215.02,-0.18,-0.08%,233985
"2024-08-23 09:29",215.25,215.31,215.2,215.2,0.04,+0.02%,1290
"2024-08-23 09:28",215.16,215.16,215.16,215.16,0.04,+0.02%,300
"2024-08-23 09:27",215.11,215.15,215.11,215.12,0.02,+0.01%,3272
"2024-08-23 09:26",215.06,215.1,215.06,215.1,0.02,+0.01%,883
"2024-08-23 09:25",215,215.08,215,215.08,0.05,+0.02%,2369
"2024-08-23 09:24",215.03,215.03,215.03,215.03,0,0.00%,100
"2024-08-23 09:23",215.03,215.03,215.03,215.03,0.01,0.00%,600
"2024-08-23 09:22",215.02,215.02,215.02,215.02,-0.02,-0.01%,100
"2024-08-23 09:21",215.06,215.06,215.0017,215.04,0,0.00%,8253
"2024-08-23 09:20",215.06,215.06,215.04,215.04,-0.02,-0.01%,425
"2024-08-23 09:19",215.06,215.06,215.06,215.06,0,0.00%,725
"2024-08-23 09:17",215.09,215.09,215.05,215.06,-0.02,-0.01%,4500
"2024-08-23 09:16",215.08,215.08,215.08,215.08,0.03,+0.01%,100
"2024-08-23 09:15",215.12,215.12,215.05,215.05,-0.06,-0.03%,900
"2024-08-23 09:14",215.11,215.11,215.11,215.11,-0.03,-0.01%,1000
"2024-08-23 09:13",215.16,215.19,215.14,215.14,-0.09,-0.04%,5140
"2024-08-23 09:12",215.18,215.23,215.18,215.23,0.18,+0.08%,1420
"2024-08-23 09:10",215.11,215.15,215.05,215.05,-0.06,-0.03%,1780
"2024-08-23 09:09",215.16,215.16,215.11,215.11,-0.06,-0.03%,295
"2024-08-23 09:08",215.19,215.22,215.15,215.17,0,0.00%,1651
"2024-08-23 09:07",215.19,215.19,215.1604,215.17,0,0.00%,3790
"2024-08-23 09:06",215.17,215.19,215.17,215.17,-0.02,-0.01%,5274
"2024-08-23 09:05",215.09,215.25,215.08,215.19,0.19,+0.09%,9850
"2024-08-23 09:04",214.96,215,214.96,215,0.1,+0.05%,1584
"2024-08-23 09:03",214.9,214.9,214.9,214.9,0.02,+0.01%,100
"2024-08-23 09:02",214.9,214.9,214.88,214.88,0.05,+0.02%,728
"2024-08-23 09:01",214.82,214.83,214.82,214.83,0.04,+0.02%,2749
"2024-08-23 09:00",214.82,214.82,214.79,214.79,-0.04,-0.02%,1100
"2024-08-23 08:59",214.82,214.83,214.8,214.83,0.01,0.00%,2731
"2024-08-23 08:58",214.8499,214.85,214.82,214.82,-0.01,0.00%,825
"2024-08-23 08:57",214.85,214.85,214.83,214.83,0.01,0.00%,548
"2024-08-23 08:56",214.84,214.84,214.82,214.82,-0.12,-0.06%,400
"2024-08-23 08:54",214.92,214.96,214.92,214.94,0,0.00%,650
"2024-08-23 08:53",214.93,214.94,214.91,214.94,0.02,+0.01%,500
"2024-08-23 08:52",214.92,214.92,214.92,214.92,0.01,0.00%,100
"2024-08-23 08:51",214.94,214.94,214.91,214.91,-0.04,-0.02%,300
"2024-08-23 08:49",214.95,214.95,214.95,214.95,0.03,+0.01%,929
"2024-08-23 08:47",214.89,214.94,214.89,214.92,0.07,+0.03%,13933
"2024-08-23 08:46",214.85,214.85,214.85,214.85,0,0.00%,625
"2024-08-23 08:45",214.83,214.89,214.83,214.85,0.07,+0.03%,4156
"2024-08-23 08:44",214.76,214.8,214.75,214.78,0.04,+0.02%,5525
"2024-08-23 08:43",214.74,214.75,214.74,214.74,-0.06,-0.03%,326
"2024-08-23 08:42",214.76,214.85,214.76,214.8,0.03,+0.01%,6730
"2024-08-23 08:41",214.78,214.78,214.76,214.77,-0.05,-0.02%,2575
"2024-08-23 08:39",214.8,214.82,214.8,214.82,0.09,+0.04%,350
"2024-08-23 08:37",214.73,214.73,214.73,214.73,0.03,+0.01%,123
"2024-08-23 08:36",214.7,214.7,214.7,214.7,0,0.00%,494
"2024-08-23 08:33",214.7,214.7,214.7,214.7,0.05,+0.02%,700
"2024-08-23 08:32",214.7,214.7,214.65,214.65,-0.1,-0.05%,2308
"2024-08-23 08:31",214.63,214.75,214.63,214.75,0.14,+0.07%,1196
"2024-08-23 08:30",214.61,214.61,214.61,214.61,0.04,+0.02%,200
"2024-08-23 08:29",214.51,214.57,214.51,214.57,-0.03,-0.01%,300
"2024-08-23 08:28",214.63,214.63,214.6,214.6,0.01,0.00%,924
"2024-08-23 08:27",214.62,214.62,214.59,214.59,0.04,+0.02%,300
"2024-08-23 08:25",214.65,214.65,214.55,214.55,-0.11,-0.05%,1251
"2024-08-23 08:24",214.66,214.66,214.66,214.66,0.02,+0.01%,720
"2024-08-23 08:23",214.65,214.65,214.64,214.64,-0.07,-0.03%,1200
"2024-08-23 08:21",214.71,214.71,214.71,214.71,0.04,+0.02%,933
"2024-08-23 08:20",214.7,214.7,214.67,214.67,-0.05,-0.02%,1119
"2024-08-23 08:19",214.72,214.72,214.72,214.72,0.04,+0.02%,100
"2024-08-23 08:18",214.68,214.68,214.68,214.68,0.02,+0.01%,100
"2024-08-23 08:16",214.66,214.66,214.66,214.66,0.03,+0.01%,100
"2024-08-23 08:15",214.7,214.7,214.63,214.63,-0.12,-0.06%,2740
"2024-08-23 08:13",214.75,214.75,214.75,214.75,0.04,+0.02%,176
"2024-08-23 08:11",214.7,214.71,214.7,214.71,0.01,0.00%,246
"2024-08-23 08:10",214.74,214.74,214.7,214.7,-0.01,0.00%,200
"2024-08-23 08:09",214.75,214.75,214.71,214.71,-0.17,-0.08%,300
"2024-08-23 08:08",214.88,214.88,214.88,214.88,0.01,0.00%,3000
"2024-08-23 08:07",214.87,214.87,214.87,214.87,0.06,+0.03%,300
"2024-08-23 08:06",214.81,214.81,214.81,214.81,0.01,0.00%,300
"2024-08-23 08:04",214.8,214.8,214.8,214.8,0.05,+0.02%,250
"2024-08-23 08:02",214.75,214.75,214.75,214.75,-0.02,-0.01%,282
"2024-08-23 08:01",214.57,214.83,214.55,214.77,-0.03,-0.01%,700
"2024-08-23 08:00",214.8487,214.85,214.5,214.8,0,0.00%,26711
"2024-08-23 07:56",214.8,214.8,214.8,214.8,0.1,+0.05%,100
"2024-08-23 07:55",214.7,214.7,214.7,214.7,-0.05,-0.02%,7566
"2024-08-23 07:53",214.73,214.75,214.73,214.75,-0.01,0.00%,1100
"2024-08-23 07:52",214.76,214.76,214.76,214.76,-0.03,-0.01%,283
"2024-08-23 07:49",214.79,214.79,214.79,214.79,-0.02,-0.01%,100
"2024-08-23 07:44",214.81,214.81,214.81,214.81,0.01,0.00%,100
"2024-08-23 07:43",214.8,214.8,214.8,214.8,0.03,+0.01%,125
"2024-08-23 07:42",214.77,214.77,214.77,214.77,-0.07,-0.03%,232
"2024-08-23 07:40",214.84,214.84,214.84,214.84,0.01,0.00%,150
"2024-08-23 07:38",214.9,214.9,214.83,214.83,-0.09,-0.04%,1040
"2024-08-23 07:37",214.91,214.92,214.9,214.92,0.02,+0.01%,1090
"2024-08-23 07:36",214.86,214.9,214.86,214.9,0.08,+0.04%,290
"2024-08-23 07:35",214.82,214.82,214.82,214.82,0.02,+0.01%,500
"2024-08-23 07:34",214.8,214.8,214.8,214.8,0.03,+0.01%,130
"2024-08-23 07:33",214.77,214.77,214.77,214.77,0.01,0.00%,200
"2024-08-23 07:31",214.76,214.76,214.76,214.76,-0.08,-0.04%,300
"2024-08-23 07:30",214.83,214.84,214.83,214.84,0.03,+0.01%,2500
"2024-08-23 07:29",214.81,214.81,214.81,214.81,0.07,+0.03%,100
"2024-08-23 07:24",214.74,214.74,214.74,214.74,-0.03,-0.01%,100
"2024-08-23 07:17",214.77,214.77,214.77,214.77,-0.01,0.00%,162
"2024-08-23 07:16",214.78,214.78,214.78,214.78,0.04,+0.02%,100
"2024-08-23 07:15",214.755,214.755,214.72,214.74,0.02,+0.01%,1780
"2024-08-23 07:14",214.73,214.74,214.72,214.72,-0.02,-0.01%,2041
"2024-08-23 07:13",214.74,214.74,214.74,214.74,-0.06,-0.03%,1000
"2024-08-23 07:12",214.8,214.8,214.8,214.8,-0.04,-0.02%,100
"2024-08-23 07:11",214.76,214.84,214.76,214.84,-0.07,-0.03%,700
"2024-08-23 07:08",214.91,214.91,214.91,214.91,0.04,+0.02%,167
"2024-08-23 07:07",214.87,214.87,214.87,214.87,0.03,+0.01%,112
"2024-08-23 07:04",214.84,214.84,214.84,214.84,0.04,+0.02%,500
"2024-08-23 07:03",214.84,214.84,214.8,214.8,-0.1,-0.05%,5208
"2024-08-23 07:02",214.8,214.9,214.8,214.9,0.11,+0.05%,12968
"2024-08-23 07:01",214.86,214.86,214.79,214.79,-0.03,-0.01%,304
"2024-08-23 07:00",214.74,214.86,214.74,214.82,0.08,+0.04%,6479
"2024-08-23 06:59",214.74,214.74,214.74,214.74,0,0.00%,711
"2024-08-23 06:58",214.74,214.74,214.74,214.74,-0.08,-0.04%,100
"2024-08-23 06:56",214.82,214.82,214.82,214.82,-0.12,-0.06%,4225
"2024-08-23 06:53",214.94,214.94,214.94,214.94,-0.03,-0.01%,140
"2024-08-23 06:52",214.97,214.97,214.97,214.97,-0.08,-0.04%,3975
"2024-08-23 06:45",215.06,215.06,215.05,215.05,0.03,+0.01%,2500
"2024-08-23 06:41",215.02,215.02,215.02,215.02,0.2,+0.09%,293
"2024-08-23 06:36",214.82,214.82,214.82,214.82,0.21,+0.10%,134
"2024-08-23 06:30",214.61,214.61,214.61,214.61,-0.09,-0.04%,200
"2024-08-23 06:20",214.7,214.7,214.7,214.7,-0.01,0.00%,2200
"2024-08-23 06:13",214.71,214.71,214.71,214.71,-0.17,-0.08%,600
"2024-08-23 06:07",214.86,214.88,214.86,214.88,0.05,+0.02%,1994
"2024-08-23 06:04",214.79,214.83,214.79,214.83,0.01,0.00%,300
"2024-08-23 05:59",214.82,214.82,214.82,214.82,0.03,+0.01%,195
"2024-08-23 05:55",214.79,214.79,214.79,214.79,-0.02,-0.01%,140
"2024-08-23 05:54",214.8,214.81,214.8,214.81,-0.04,-0.02%,1650
"2024-08-23 05:53",214.85,214.85,214.85,214.85,0,0.00%,1000
"2024-08-23 05:52",214.85,214.85,214.85,214.85,0.09,+0.04%,1528
"2024-08-23 05:41",214.76,214.76,214.76,214.76,-0.03,-0.01%,900
"2024-08-23 05:40",214.93,214.93,214.79,214.79,-0.09,-0.04%,2220
"2024-08-23 05:30",214.86,214.88,214.86,214.88,0.11,+0.05%,283
"2024-08-23 05:28",214.77,214.77,214.77,214.77,0,0.00%,100
"2024-08-23 05:12",214.77,214.77,214.77,214.77,0.03,+0.01%,100
"2024-08-23 05:11",214.74,214.74,214.74,214.74,0.01,0.00%,100
"2024-08-23 04:59",214.7,214.73,214.7,214.73,0.05,+0.02%,840
"2024-08-23 04:53",214.68,214.68,214.68,214.68,0.09,+0.04%,100
"2024-08-23 04:51",214.59,214.59,214.59,214.59,0.03,+0.01%,100
"2024-08-23 04:50",214.56,214.56,214.56,214.56,-0.07,-0.03%,121
"2024-08-23 04:47",214.63,214.63,214.63,214.63,0.01,0.00%,100
"2024-08-23 04:37",214.63,214.63,214.62,214.62,-0.06,-0.03%,1411
"2024-08-23 04:36",214.68,214.68,214.68,214.68,-0.05,-0.02%,100
"2024-08-23 04:34",214.73,214.73,214.73,214.73,0.07,+0.03%,125
"2024-08-23 04:29",214.66,214.66,214.66,214.66,0,0.00%,100
"2024-08-23 04:28",214.66,214.66,214.66,214.66,-0.09,-0.04%,282
"2024-08-23 04:24",214.75,214.75,214.75,214.75,0.05,+0.02%,382
"2024-08-23 04:23",214.7,214.7,214.7,214.7,0.11,+0.05%,121
"2024-08-23 04:20",214.59,214.59,214.59,214.59,-0.05,-0.02%,100
"2024-08-23 04:19",214.61,214.64,214.61,214.64,0.04,+0.02%,232
"2024-08-23 04:18",214.61,214.61,214.6,214.6,-0.04,-0.02%,3390
"2024-08-23 04:17",214.56,214.64,214.56,214.64,0.16,+0.07%,295
"2024-08-23 04:15",214.48,214.48,214.48,214.48,-0.03,-0.01%,100
"2024-08-23 04:13",214.51,214.51,214.51,214.51,0.02,+0.01%,121
"2024-08-23 04:11",214.49,214.49,214.49,214.49,0.09,+0.04%,118
"2024-08-23 04:09",214.45,214.45,214.4,214.4,-0.04,-0.02%,232
"2024-08-23 04:08",214.44,214.44,214.44,214.44,0.03,+0.01%,300
"2024-08-23 04:07",214.41,214.41,214.41,214.41,-0.05,-0.02%,266
"2024-08-23 04:06",214.46,214.46,214.46,214.46,0.04,+0.02%,1861
"2024-08-23 04:05",214.47,214.47,214.42,214.42,-0.01,0.00%,275
"2024-08-23 04:04",214.43,214.43,214.43,214.43,-0.03,-0.01%,120
"2024-08-23 04:03",214.46,214.46,214.46,214.46,0.11,+0.05%,137
"2024-08-23 04:02",214.35,214.4,214.35,214.35,0,0.00%,1657
"2024-08-23 04:01",214.31,214.36,214.31,214.35,-0.03,-0.01%,750
"2024-08-23 04:00",214.36,214.38,214.3,214.38,0.38,+0.18%,1505
"2024-08-22 19:59",213.92,214,213.92,214,0.1,+0.05%,2030
"2024-08-22 19:57",213.9,213.9,213.9,213.9,-0.03,-0.01%,200
"2024-08-22 19:56",213.93,213.93,213.93,213.93,0,0.00%,100
"2024-08-22 19:50",213.93,213.93,213.93,213.93,-0.01,0.00%,150
"2024-08-22 19:49",213.94,213.94,213.94,213.94,-0.02,-0.01%,150
"2024-08-22 19:42",213.96,213.96,213.96,213.96,0.05,+0.02%,701
"2024-08-22 19:40",213.91,213.91,213.91,213.91,-0.02,-0.01%,112
"2024-08-22 19:38",213.93,213.93,213.93,213.93,-0.07,-0.03%,848
"2024-08-22 19:34",213.9807,214,213.9807,214,0.02,+0.01%,943
"2024-08-22 19:32",213.96,213.98,213.96,213.98,0.03,+0.01%,350
"2024-08-22 19:29",213.96,213.96,213.95,213.95,-0.0789,-0.04%,767
"2024-08-22 19:24",214.0289,214.0289,214.0289,214.0289,0.0489,+0.02%,100
"2024-08-22 19:20",213.98,213.98,213.98,213.98,0.03,+0.01%,117
"2024-08-22 19:17",213.98,213.98,213.95,213.95,-0.04,-0.02%,342
"2024-08-22 19:13",213.99,213.99,213.99,213.99,-0.05,-0.02%,100
"2024-08-22 19:00",214.04,214.04,214.04,214.04,0.02,+0.01%,186
"2024-08-22 18:58",214.02,214.02,214.02,214.02,0.02,+0.01%,100
"2024-08-22 18:51",214,214,214,214,-0.08,-0.04%,100
"2024-08-22 18:37",214.08,214.1,214.08,214.08,0.06,+0.03%,500
"2024-08-22 18:34",214.0008,214.02,214,214.02,0.02,+0.01%,408
"2024-08-22 18:32",214,214,214,214,0,0.00%,265
"2024-08-22 18:31",214.02,214.02,214,214,0,0.00%,375
"2024-08-22 18:30",214,214,214,214,0.03,+0.01%,100
"2024-08-22 18:25",213.96,213.97,213.96,213.97,-0.03,-0.01%,404
"2024-08-22 18:24",214,214,214,214,-0.02,-0.01%,200
"2024-08-22 18:17",214.02,214.02,214.02,214.02,0.06,+0.03%,145
"2024-08-22 18:09",213.96,213.96,213.96,213.96,-0.02,-0.01%,514
"2024-08-22 18:07",213.98,213.98,213.98,213.98,0.01,0.00%,935
"2024-08-22 18:06",213.97,213.97,213.97,213.97,0.11,+0.05%,488
"2024-08-22 18:00",213.88,213.91,213.78,213.86,-0.1099,-0.05%,22267
"2024-08-22 17:59",213.9699,213.9699,213.9699,213.9699,-0.0001,0.00%,800
"2024-08-22 17:57",213.97,213.97,213.97,213.97,0,0.00%,964
"2024-08-22 17:56",213.98,213.98,213.97,213.97,0,0.00%,2000
"2024-08-22 17:54",213.97,213.97,213.97,213.97,0.06,+0.03%,1791
"2024-08-22 17:46",213.91,213.91,213.91,213.91,-0.22,-0.10%,100
"2024-08-22 17:39",214,214.13,214,214.13,0.13,+0.06%,8198
"2024-08-22 17:37",214,214,214,214,0,0.00%,300
"2024-08-22 17:36",213.95,214,213.9,214,0.04,+0.02%,17310
"2024-08-22 17:31",213.96,213.96,213.96,213.96,0.1,+0.05%,101
"2024-08-22 17:30",213.87,213.87,213.86,213.86,0.11,+0.05%,608
"2024-08-22 17:28",213.75,213.75,213.75,213.75,-0.01,0.00%,400
"2024-08-22 17:27",213.76,213.76,213.76,213.76,0.08,+0.04%,438
"2024-08-22 17:23",213.68,213.68,213.68,213.68,-0.01,0.00%,800
"2024-08-22 17:17",213.69,213.69,213.69,213.69,-0.02,-0.01%,100
"2024-08-22 17:13",213.72,213.72,213.71,213.71,-0.0101,0.00%,1000
"2024-08-22 17:10",213.7201,213.7201,213.7201,213.7201,0.0001,0.00%,1200
"2024-08-22 17:05",213.72,213.72,213.72,213.72,0,0.00%,308
"2024-08-22 17:04",213.72,213.74,213.72,213.72,-0.07,-0.03%,700
"2024-08-22 16:59",213.79,213.79,213.79,213.79,-0.03,-0.01%,600
"2024-08-22 16:58",213.82,213.82,213.82,213.82,0,0.00%,700
"2024-08-22 16:57",213.85,213.85,213.56,213.82,-0.02,-0.01%,4890
"2024-08-22 16:56",213.82,213.84,213.82,213.84,-0.04,-0.02%,1500
"2024-08-22 16:55",213.94,213.94,213.88,213.88,-0.06,-0.03%,680
"2024-08-22 16:54",213.9504,213.9504,213.94,213.94,-0.01,0.00%,1100
"2024-08-22 16:53",213.95,213.95,213.95,213.95,-0.02,-0.01%,100
"2024-08-22 16:51",213.97,213.97,213.97,213.97,0.0699,+0.03%,100
"2024-08-22 16:50",213.9001,213.9001,213.9001,213.9001,-0.0099,0.00%,130
"2024-08-22 16:49",213.89,213.93,213.8708,213.91,0.04,+0.02%,1900
"2024-08-22 16:48",213.89,213.91,213.87,213.87,-0.02,-0.01%,12090
"2024-08-22 16:47",213.88,213.89,213.88,213.89,0.0699,+0.03%,440
"2024-08-22 16:46",213.87,213.87,213.82,213.8201,-0.0499,-0.02%,25182
"2024-08-22 16:45",213.82,213.88,213.82,213.87,0.13,+0.06%,733
"2024-08-22 16:44",213.74,213.74,213.74,213.74,0.0107,+0.01%,200
"2024-08-22 16:43",213.7293,213.7293,213.7293,213.7293,0.0493,+0.02%,300
"2024-08-22 16:42",213.73,213.73,213.68,213.68,-0.04,-0.02%,1100
"2024-08-22 16:41",213.82,213.82,213.69,213.72,-0.11,-0.05%,40078
"2024-08-22 16:39",213.83,213.83,213.83,213.83,0.01,0.00%,201
"2024-08-22 16:38",213.84,213.84,213.82,213.82,-0.005,0.00%,3700
"2024-08-22 16:37",213.825,213.825,213.825,213.825,0.005,0.00%,134
"2024-08-22 16:36",213.82,213.82,213.82,213.82,0,0.00%,3030
"2024-08-22 16:35",213.83,213.83,213.82,213.82,-0.0193,-0.01%,700
"2024-08-22 16:34",213.8205,213.8393,213.8205,213.8393,0.0393,+0.02%,302
"2024-08-22 16:33",213.77,213.8,213.77,213.8,0,0.00%,24308
"2024-08-22 16:32",213.8,213.8,213.8,213.8,0.02,+0.01%,100
"2024-08-22 16:31",213.78,213.78,213.78,213.78,0.01,0.00%,600
"2024-08-22 16:30",213.76,213.77,213.76,213.77,0.03,+0.01%,800
"2024-08-22 16:29",213.74,213.74,213.74,213.74,0,0.00%,146
"2024-08-22 16:28",213.73,213.74,213.73,213.74,0,0.00%,260
"2024-08-22 16:27",213.73,213.75,213.73,213.74,0,0.00%,880
"2024-08-22 16:26",213.73,213.74,213.72,213.74,-0.005,0.00%,5488
"2024-08-22 16:25",213.745,213.745,213.745,213.745,-0.015,-0.01%,330
"2024-08-22 16:24",213.735,213.76,213.735,213.76,0.03,+0.01%,1900
"2024-08-22 16:23",213.69,213.74,213.68,213.73,0,0.00%,36621
"2024-08-22 16:22",213.73,213.73,213.63,213.73,0,0.00%,20733
"2024-08-22 16:21",213.73,213.73,213.73,213.73,-0.03,-0.01%,1203
"2024-08-22 16:20",213.76,213.76,213.76,213.76,0.01,0.00%,100
"2024-08-22 16:19",213.75,213.75,213.75,213.75,-0.05,-0.02%,938
"2024-08-22 16:18",213.81,213.81,213.8,213.8,0.02,+0.01%,261
"2024-08-22 16:17",213.78,213.78,213.78,213.78,0.01,0.00%,2300
"2024-08-22 16:16",213.74,213.77,213.74,213.77,0.02,+0.01%,3572
"2024-08-22 16:15",213.81,213.81,213.75,213.75,-0.04,-0.02%,8139
"2024-08-22 16:14",213.82,213.82,213.67,213.79,-0.02,-0.01%,19002
"2024-08-22 16:13",213.75,213.84,213.75,213.81,0.05,+0.02%,21275
"2024-08-22 16:12",213.74,213.77,213.74,213.76,0.03,+0.01%,1200
"2024-08-22 16:11",213.76,213.76,213.73,213.73,-0.04,-0.02%,1400
"2024-08-22 16:10",213.72,213.78,213.72,213.77,0.02,+0.01%,26800
"2024-08-22 16:09",213.75,213.75,213.75,213.75,0.04,+0.02%,100
"2024-08-22 16:08",213.7,213.71,213.7,213.71,0.01,0.00%,4950
"2024-08-22 16:07",213.62,213.7,213.62,213.7,0.1,+0.05%,11756
"2024-08-22 16:06",213.6,213.61,213.56,213.6,0.03,+0.01%,5136
"2024-08-22 16:05",213.65,213.68,213.57,213.57,-0.08,-0.04%,16267
"2024-08-22 16:04",213.6,213.65,213.57,213.65,0.08,+0.04%,21127
"2024-08-22 16:03",213.55,213.58,213.51,213.57,0.04,+0.02%,30047
"2024-08-22 16:02",213.48,213.59,213.45,213.53,0.1,+0.05%,19290
"2024-08-22 16:01",213.61,213.62,213.43,213.43,-0.19,-0.09%,13788
"2024-08-22 16:00",213.58,213.67,213.5,213.62,0.04,+0.02%,76082
"2024-08-22 15:59",213.26,213.63,213.26,213.58,0.33,+0.15%,831703
"2024-08-22 15:58",213.18,213.31,213.18,213.25,0.07,+0.03%,291261
"2024-08-22 15:57",213.19,213.26,213.13,213.18,-0.015,-0.01%,118742
"2024-08-22 15:56",213.24,213.26,213.14,213.195,-0.0551,-0.03%,88502
"2024-08-22 15:55",213.31,213.35,213.22,213.2501,-0.0599,-0.03%,90207
"2024-08-22 15:54",213.24,213.32,213.13,213.31,0.06,+0.03%,127149
"2024-08-22 15:53",213.405,213.405,213.175,213.25,-0.17,-0.08%,142866
"2024-08-22 15:52",213.4602,213.53,213.4,213.42,-0.045,-0.02%,67382
"2024-08-22 15:51",213.68,213.745,213.45,213.465,-0.215,-0.10%,110510
"2024-08-22 15:50",213.82,213.97,213.6,213.68,-0.15,-0.07%,97429
"2024-08-22 15:49",213.6899,213.85,213.67,213.83,0.131,+0.06%,40262
"2024-08-22 15:48",213.62,213.7,213.605,213.699,0.069,+0.03%,31449
"2024-08-22 15:47",213.61,213.67,213.56,213.63,0.01,0.00%,36340
"2024-08-22 15:46",213.61,213.6499,213.56,213.62,0.02,+0.01%,39346
"2024-08-22 15:45",213.63,213.71,213.6,213.6,-0.04,-0.02%,22360
"2024-08-22 15:44",213.76,213.76,213.59,213.64,-0.12,-0.06%,34274
"2024-08-22 15:43",213.77,213.8196,213.75,213.76,0,0.00%,39628
"2024-08-22 15:42",213.77,213.83,213.745,213.76,-0.015,-0.01%,14485
"2024-08-22 15:41",213.775,213.835,213.75,213.775,0.015,+0.01%,16548
"2024-08-22 15:40",213.84,213.84,213.72,213.76,-0.076,-0.04%,48522
"2024-08-22 15:39",213.97,213.985,213.83,213.836,-0.1355,-0.06%,17279
"2024-08-22 15:38",213.97,214.01,213.93,213.9715,0.0115,+0.01%,45712
"2024-08-22 15:37",213.87,214.03,213.85,213.96,0.09,+0.04%,25882
"2024-08-22 15:36",213.83,213.89,213.81,213.87,0.06,+0.03%,22662
"2024-08-22 15:35",213.87,213.92,213.79,213.81,-0.0568,-0.03%,33044
"2024-08-22 15:34",213.955,213.99,213.8668,213.8668,-0.0832,-0.04%,27311
"2024-08-22 15:33",213.96,213.97,213.88,213.95,0,0.00%,29787
"2024-08-22 15:32",213.97,214.0099,213.92,213.95,-0.02,-0.01%,70058
"2024-08-22 15:31",214.02,214.11,213.95,213.97,-0.035,-0.02%,34788
"2024-08-22 15:30",213.99,214.04,213.965,214.005,0.025,+0.01%,33272
"2024-08-22 15:29",214.03,214.06,213.97,213.98,-0.0503,-0.02%,24482
"2024-08-22 15:28",214.06,214.08,213.975,214.0303,-0.0197,-0.01%,16624
"2024-08-22 15:27",214.06,214.07,214.01,214.05,-0.02,-0.01%,20424
"2024-08-22 15:26",214.085,214.16,214.04,214.07,-0.008,0.00%,22726
"2024-08-22 15:25",214.095,214.145,214.055,214.078,-0.012,-0.01%,24554
"2024-08-22 15:24",214.09,214.13,214.085,214.09,-0.01,0.00%,27098
"2024-08-22 15:23",214.26,214.26,214.1,214.1,-0.15,-0.07%,29170
"2024-08-22 15:22",214.41,214.41,214.2,214.25,-0.17,-0.08%,47345
"2024-08-22 15:21",214.46,214.49,214.4,214.42,-0.03,-0.01%,41174
"2024-08-22 15:20",214.54,214.5428,214.43,214.45,-0.09,-0.04%,10388
"2024-08-22 15:19",214.52,214.54,214.44,214.54,0.01,0.00%,48004
"2024-08-22 15:18",214.54,214.57,214.52,214.53,-0.01,0.00%,21356
"2024-08-22 15:17",214.64,214.65,214.5,214.54,-0.1,-0.05%,17795
"2024-08-22 15:16",214.58,214.66,214.54,214.64,0.054,+0.03%,27102
"2024-08-22 15:15",214.51,214.63,214.51,214.586,0.076,+0.04%,43293
"2024-08-22 15:14",214.555,214.58,214.48,214.51,-0.045,-0.02%,14836
"2024-08-22 15:13",214.52,214.555,214.46,214.555,0.03,+0.01%,64380
"2024-08-22 15:12",214.48,214.555,214.4744,214.525,0.055,+0.03%,28443
"2024-08-22 15:11",214.41,214.49,214.401,214.47,0.06,+0.03%,28645
"2024-08-22 15:10",214.41,214.46,214.36,214.41,0.02,+0.01%,37685
"2024-08-22 15:09",214.38,214.44,214.36,214.39,0,0.00%,34575
"2024-08-22 15:08",214.34,214.395,214.325,214.39,0.05,+0.02%,34810
"2024-08-22 15:07",214.29,214.34,214.25,214.34,0.05,+0.02%,30357
"2024-08-22 15:06",214.33,214.36,214.28,214.29,-0.06,-0.03%,17076
"2024-08-22 15:05",214.37,214.395,214.32,214.35,-0.04,-0.02%,23445
"2024-08-22 15:04",214.285,214.405,214.285,214.39,0.105,+0.05%,12393
"2024-08-22 15:03",214.37,214.41,214.28,214.285,-0.095,-0.04%,13054
"2024-08-22 15:02",214.2,214.38,214.2,214.38,0.175,+0.08%,21187
"2024-08-22 15:01",214.14,214.24,214.14,214.205,0.085,+0.04%,16116
"2024-08-22 15:00",214.04,214.125,214.04,214.12,0.0699,+0.03%,8141
"2024-08-22 14:59",214.095,214.11,214,214.0501,-0.0399,-0.02%,16090
"2024-08-22 14:58",214.12,214.19,214.08,214.09,-0.02,-0.01%,13202
"2024-08-22 14:57",214.22,214.22,214.1,214.11,-0.115,-0.05%,11276
"2024-08-22 14:56",214.16,214.25,214.14,214.225,0.075,+0.04%,15770
"2024-08-22 14:55",214.15,214.2,214.14,214.15,0.02,+0.01%,22663
"2024-08-22 14:54",214.21,214.28,214.13,214.13,-0.08,-0.04%,21481
"2024-08-22 14:53",214.2601,214.275,214.2,214.21,-0.06,-0.03%,10390
"2024-08-22 14:52",214.26,214.3,214.19,214.27,-0.01,0.00%,10158
"2024-08-22 14:51",214.2727,214.29,214.245,214.28,0.025,+0.01%,5014
"2024-08-22 14:50",214.27,214.295,214.185,214.255,-0.025,-0.01%,37009
"2024-08-22 14:49",214.34,214.36,214.26,214.28,-0.06,-0.03%,13236
"2024-08-22 14:48",214.45,214.47,214.33,214.34,-0.1125,-0.05%,25232
"2024-08-22 14:47",214.29,214.46,214.2629,214.4525,0.1525,+0.07%,41337
"2024-08-22 14:46",214.3,214.325,214.28,214.3,0,0.00%,10063
"2024-08-22 14:45",214.21,214.305,214.195,214.3,0.08,+0.04%,9904
"2024-08-22 14:44",214.15,214.22,214.11,214.22,0.06,+0.03%,8058
"2024-08-22 14:43",214.15,214.21,214.15,214.16,0.03,+0.01%,6140
"2024-08-22 14:42",214.2,214.21,214.13,214.13,-0.07,-0.03%,11404
"2024-08-22 14:41",214.12,214.23,214.11,214.2,0.09,+0.04%,14161
"2024-08-22 14:40",214.14,214.14,214.0401,214.11,-0.04,-0.02%,12425
"2024-08-22 14:39",214.21,214.21,214.15,214.15,-0.06,-0.03%,4552
"2024-08-22 14:38",214.14,214.21,214.14,214.21,0.07,+0.03%,8499
"2024-08-22 14:37",214.115,214.17,214.09,214.14,0.04,+0.02%,3810
"2024-08-22 14:36",214.09,214.11,214.07,214.1,0,0.00%,9572
"2024-08-22 14:35",214.16,214.2,214.1,214.1,-0.06,-0.03%,6190
"2024-08-22 14:34",214.27,214.27,214.15,214.16,-0.11,-0.05%,9459
"2024-08-22 14:33",214.215,214.27,214.19,214.27,0.07,+0.03%,24795
"2024-08-22 14:32",214.1,214.22,214.1,214.2,0.12,+0.06%,15604
"2024-08-22 14:31",214.07,214.14,214.06,214.08,-0.01,0.00%,28115
"2024-08-22 14:30",214.15,214.15,214.045,214.09,-0.07,-0.03%,11857
"2024-08-22 14:29",214.06,214.18,214.045,214.16,0.11,+0.05%,11967
"2024-08-22 14:28",214.07,214.0799,214.01,214.05,-0.03,-0.01%,6421
"2024-08-22 14:27",213.99,214.1,213.98,214.08,0.1199,+0.06%,10974
"2024-08-22 14:26",213.93,214.01,213.93,213.9601,0.0101,0.00%,11316
"2024-08-22 14:25",213.98,213.99,213.89,213.95,-0.045,-0.02%,34770
"2024-08-22 14:24",214.05,214.05,213.95,213.995,-0.075,-0.04%,6388
"2024-08-22 14:23",214.03,214.11,214.02,214.07,0.06,+0.03%,18694
"2024-08-22 14:22",214.0601,214.08,213.9901,214.01,-0.04,-0.02%,21427
"2024-08-22 14:21",214.05,214.08,214.0305,214.05,-0.01,0.00%,9922
"2024-08-22 14:20",214.13,214.15,214.04,214.06,-0.08,-0.04%,23081
"2024-08-22 14:19",213.9502,214.14,213.929,214.14,0.16,+0.07%,29532
"2024-08-22 14:18",213.88,213.99,213.8665,213.98,0.08,+0.04%,6547
"2024-08-22 14:17",213.92,213.965,213.88,213.9,-0.0154,-0.01%,8306
"2024-08-22 14:16",213.97,213.99,213.9108,213.9154,-0.0636,-0.03%,19659
"2024-08-22 14:15",213.93,214.05,213.93,213.979,0.0574,+0.03%,70675
"2024-08-22 14:14",213.78,213.925,213.78,213.9216,0.1516,+0.07%,11765
"2024-08-22 14:13",213.756,213.8001,213.69,213.77,0.02,+0.01%,13459
"2024-08-22 14:12",213.84,213.8599,213.75,213.75,-0.1,-0.05%,18297
"2024-08-22 14:11",213.87,213.87,213.77,213.85,-0.0266,-0.01%,19716
"2024-08-22 14:10",213.84,213.93,213.8,213.8766,0.0291,+0.01%,152197
"2024-08-22 14:09",213.77,213.8699,213.7207,213.8475,0.0676,+0.03%,24538
"2024-08-22 14:08",213.69,213.78,213.67,213.7799,0.0999,+0.05%,21891
"2024-08-22 14:07",213.565,213.7,213.565,213.68,0.12,+0.06%,34331
"2024-08-22 14:06",213.56,213.63,213.51,213.56,0,0.00%,50979
"2024-08-22 14:05",213.55,213.61,213.49,213.56,0,0.00%,30049
"2024-08-22 14:04",213.58,213.61,213.5159,213.56,-0.02,-0.01%,15101
"2024-08-22 14:03",213.46,213.63,213.46,213.58,0.12,+0.06%,52075
"2024-08-22 14:02",213.44,213.48,213.434,213.46,0.01,0.00%,17328
"2024-08-22 14:01",213.41,213.485,213.41,213.45,0.08,+0.04%,7166
"2024-08-22 14:00",213.51,213.53,213.37,213.37,-0.15,-0.07%,7272
"2024-08-22 13:59",213.47,213.52,213.45,213.52,0.07,+0.03%,5821
"2024-08-22 13:58",213.53,213.54,213.45,213.45,-0.12,-0.06%,17306
"2024-08-22 13:57",213.5,213.57,213.48,213.57,0.07,+0.03%,23499
"2024-08-22 13:56",213.52,213.61,213.5,213.5,-0.065,-0.03%,30072
"2024-08-22 13:55",213.53,213.58,213.47,213.565,0.065,+0.03%,26609
"2024-08-22 13:54",213.61,213.645,213.48,213.5,-0.13,-0.06%,19550
"2024-08-22 13:53",213.71,213.71,213.585,213.63,-0.075,-0.04%,45287
"2024-08-22 13:52",213.76,213.77,213.68,213.705,-0.075,-0.04%,13292
"2024-08-22 13:51",213.78,213.83,213.78,213.78,0,0.00%,144774
"2024-08-22 13:50",213.73,213.86,213.73,213.78,0.04,+0.02%,11310
"2024-08-22 13:49",213.83,213.83,213.73,213.74,-0.1001,-0.05%,25223
"2024-08-22 13:48",213.96,213.98,213.82,213.8401,-0.1199,-0.06%,13830
"2024-08-22 13:47",213.965,213.99,213.93,213.96,-0.005,0.00%,5009
"2024-08-22 13:46",213.95,214.03,213.92,213.965,0.005,0.00%,37130
"2024-08-22 13:45",214,214.03,213.94,213.96,-0.04,-0.02%,24111
"2024-08-22 13:44",213.9991,214.105,213.98,214,0.05,+0.02%,38418
"2024-08-22 13:43",213.89,213.97,213.88,213.95,0.035,+0.02%,29237
"2024-08-22 13:42",214.02,214.02,213.88,213.915,-0.115,-0.05%,29689
"2024-08-22 13:41",213.92,214.05,213.9,214.03,0.1,+0.05%,66165
"2024-08-22 13:40",213.9807,213.9807,213.86,213.93,-0.05,-0.02%,11843
"2024-08-22 13:39",213.98,214.01,213.94,213.98,-0.01,0.00%,6785
"2024-08-22 13:38",213.99,214.03,213.965,213.99,-0.01,0.00%,27428
"2024-08-22 13:37",213.75,214.05,213.75,214,0.26,+0.12%,62842
"2024-08-22 13:36",213.71,213.7801,213.65,213.74,0,0.00%,25000
"2024-08-22 13:35",213.7,213.78,213.69,213.74,0.01,0.00%,18007
"2024-08-22 13:34",213.805,213.8278,213.73,213.73,-0.07,-0.03%,15465
"2024-08-22 13:33",213.66,213.8,213.58,213.8,0.14,+0.07%,53212
"2024-08-22 13:32",213.58,213.67,213.54,213.66,0.09,+0.04%,74844
"2024-08-22 13:31",213.92,213.93,213.56,213.57,-0.34,-0.16%,148223
"2024-08-22 13:30",214,214,213.91,213.91,-0.09,-0.04%,51637
"2024-08-22 13:29",214.12,214.12,214,214,-0.12,-0.06%,23074
"2024-08-22 13:28",214.19,214.2,214.12,214.12,-0.07,-0.03%,7203
"2024-08-22 13:27",214.13,214.21,214.095,214.19,0.052,+0.02%,17599
"2024-08-22 13:26",214.2,214.23,214.1,214.138,-0.032,-0.01%,7809
"2024-08-22 13:25",214.24,214.24,214.15,214.17,-0.075,-0.04%,6460
"2024-08-22 13:24",214.26,214.31,214.21,214.245,-0.025,-0.01%,12270
"2024-08-22 13:23",214.22,214.29,214.17,214.27,0.055,+0.03%,72258
"2024-08-22 13:22",214.24,214.24,214.14,214.215,-0.015,-0.01%,9536
"2024-08-22 13:21",214.25,214.307,214.23,214.23,-0.01,0.00%,20909
"2024-08-22 13:20",214.2375,214.31,214.21,214.24,-0.02,-0.01%,5368
"2024-08-22 13:19",214.28,214.3,214.25,214.26,-0.01,0.00%,16144
"2024-08-22 13:18",214.25,214.33,214.19,214.27,0.04,+0.02%,51852
"2024-08-22 13:17",214.16,214.24,214.16,214.23,0.06,+0.03%,5461
"2024-08-22 13:16",214.18,214.18,214.12,214.17,0.02,+0.01%,7751
"2024-08-22 13:15",214.11,214.1901,214.11,214.15,0.06,+0.03%,6725
"2024-08-22 13:14",214.13,214.13,214.09,214.09,-0.03,-0.01%,8461
"2024-08-22 13:13",214.31,214.32,214.1,214.12,-0.2,-0.09%,22563
"2024-08-22 13:12",214.37,214.37,214.2801,214.32,-0.0401,-0.02%,7916
"2024-08-22 13:11",214.28,214.41,214.28,214.3601,0.0801,+0.04%,32954
"2024-08-22 13:10",214.09,214.29,214.0411,214.28,0.17,+0.08%,30768
"2024-08-22 13:09",214.09,214.11,214.04,214.11,0.04,+0.02%,9251
"2024-08-22 13:08",214.13,214.15,214.05,214.07,-0.03,-0.01%,9705
"2024-08-22 13:07",213.9496,214.13,213.93,214.1,0.16,+0.07%,22267
"2024-08-22 13:06",213.87,213.9566,213.83,213.94,0.07,+0.03%,18768
"2024-08-22 13:05",213.95,214.01,213.8699,213.87,-0.09,-0.04%,19777
"2024-08-22 13:04",213.88,214.02,213.88,213.96,0.04,+0.02%,40295
"2024-08-22 13:03",213.89,213.96,213.81,213.92,0.0221,+0.01%,16361
"2024-08-22 13:02",214.02,214.04,213.865,213.8979,-0.1121,-0.05%,28520
"2024-08-22 13:01",214.03,214.09,214,214.01,-0.01,0.00%,25854
"2024-08-22 13:00",214.12,214.13,213.98,214.02,-0.11,-0.05%,45706
"2024-08-22 12:59",214.14,214.21,214.11,214.13,0.01,0.00%,18293
"2024-08-22 12:58",214.1076,214.13,214.05,214.12,0,0.00%,22376
"2024-08-22 12:57",214.14,214.29,214.05,214.12,-0.02,-0.01%,35905
"2024-08-22 12:56",214.1725,214.22,214.11,214.14,-0.07,-0.03%,25720
"2024-08-22 12:55",214.21,214.27,214.15,214.21,0.01,0.00%,41030
"2024-08-22 12:54",214.35,214.4,214.192,214.2,-0.19,-0.09%,24435
"2024-08-22 12:53",214.455,214.465,214.36,214.39,-0.07,-0.03%,17138
"2024-08-22 12:52",214.52,214.555,214.38,214.46,-0.08,-0.04%,22707
"2024-08-22 12:51",214.68,214.68,214.49,214.54,-0.11,-0.05%,31870
"2024-08-22 12:50",214.72,214.755,214.6443,214.65,-0.08,-0.04%,12767
"2024-08-22 12:49",214.72,214.79,214.68,214.73,0.01,0.00%,22486
"2024-08-22 12:48",214.9,214.91,214.68,214.72,-0.15,-0.07%,30913
"2024-08-22 12:47",214.9,214.93,214.87,214.87,-0.025,-0.01%,5974
"2024-08-22 12:46",214.93,214.96,214.85,214.895,-0.025,-0.01%,28556
"2024-08-22 12:45",215.01,215.01,214.89,214.92,-0.095,-0.04%,14779
"2024-08-22 12:44",215.03,215.05,214.98,215.015,-0.025,-0.01%,7588
"2024-08-22 12:43",215.09,215.1,214.99,215.04,-0.0499,-0.02%,11199
"2024-08-22 12:42",215.06,215.13,215.055,215.0899,0.0499,+0.02%,8434
"2024-08-22 12:41",215.02,215.04,214.93,215.04,0.01,0.00%,21546
"2024-08-22 12:40",215,215.0498,214.99,215.03,0.02,+0.01%,14231
"2024-08-22 12:39",215.03,215.0795,215,215.01,-0.015,-0.01%,16491
"2024-08-22 12:38",215.01,215.025,214.96,215.025,0.025,+0.01%,8754
"2024-08-22 12:37",214.985,215.09,214.97,215,-0.005,0.00%,68017
"2024-08-22 12:36",214.96,215.005,214.9401,215.005,0.045,+0.02%,22419
"2024-08-22 12:35",214.91,214.96,214.88,214.96,0.05,+0.02%,13329
"2024-08-22 12:34",214.84,214.94,214.82,214.91,0.08,+0.04%,32153
"2024-08-22 12:33",214.92,214.92,214.79,214.83,-0.07,-0.03%,30785
"2024-08-22 12:32",214.91,214.94,214.8804,214.9,-0.02,-0.01%,12730
"2024-08-22 12:31",214.895,214.94,214.88,214.92,0.0003,0.00%,16694
"2024-08-22 12:30",214.9,214.97,214.89,214.9197,0.0197,+0.01%,18785
"2024-08-22 12:29",214.94,214.96,214.9,214.9,-0.04,-0.02%,3266
"2024-08-22 12:28",214.92,214.9773,214.89,214.94,0.01,0.00%,14328
"2024-08-22 12:27",214.95,215.08,214.915,214.93,-0.03,-0.01%,24334
"2024-08-22 12:26",214.8903,214.98,214.88,214.96,0.06,+0.03%,21139
"2024-08-22 12:25",214.78,214.91,214.78,214.9,0.11,+0.05%,79681
"2024-08-22 12:24",214.81,214.82,214.752,214.79,-0.035,-0.02%,3963
"2024-08-22 12:23",214.74,214.835,214.74,214.825,0.095,+0.04%,9494
"2024-08-22 12:22",214.685,214.75,214.65,214.73,0.04,+0.02%,21060
"2024-08-22 12:21",214.745,214.7501,214.67,214.69,-0.06,-0.03%,9468
"2024-08-22 12:20",214.6,214.78,214.6,214.75,0.1601,+0.07%,21304
"2024-08-22 12:19",214.56,214.6,214.55,214.5899,0.0149,+0.01%,11325
"2024-08-22 12:18",214.47,214.6,214.445,214.575,0.095,+0.04%,28531
"2024-08-22 12:17",214.505,214.54,214.43,214.48,-0.04,-0.02%,14064
"2024-08-22 12:16",214.4815,214.58,214.46,214.52,0.0415,+0.02%,16740
"2024-08-22 12:15",214.58,214.61,214.47,214.4785,-0.0815,-0.04%,19239
"2024-08-22 12:14",214.54,214.58,214.4502,214.56,0.03,+0.01%,18954
"2024-08-22 12:13",214.62,214.71,214.51,214.53,-0.0875,-0.04%,25765
"2024-08-22 12:12",214.59,214.6175,214.51,214.6175,0.0275,+0.01%,18575
"2024-08-22 12:11",214.61,214.65,214.59,214.59,-0.04,-0.02%,11916
"2024-08-22 12:10",214.71,214.76,214.63,214.63,-0.05,-0.02%,17969
"2024-08-22 12:09",214.56,214.7,214.54,214.68,0.15,+0.07%,14770
"2024-08-22 12:08",214.58,214.59,214.52,214.53,-0.07,-0.03%,15655
"2024-08-22 12:07",214.46,214.6,214.46,214.6,0.14,+0.07%,34014
"2024-08-22 12:06",214.29,214.47,214.29,214.46,0.15,+0.07%,115952
"2024-08-22 12:05",214.34,214.355,214.285,214.31,-0.02,-0.01%,34865
"2024-08-22 12:04",214.3,214.38,214.2775,214.33,0.06,+0.03%,33551
"2024-08-22 12:03",214.1873,214.2911,214.1686,214.27,0.1,+0.05%,20697
"2024-08-22 12:02",214.13,214.17,214.06,214.17,0.05,+0.02%,9109
"2024-08-22 12:01",214,214.1205,214,214.12,0.1138,+0.05%,15067
"2024-08-22 12:00",214.02,214.0588,213.9801,214.0062,0.0162,+0.01%,11497
"2024-08-22 11:59",214.12,214.14,213.99,213.99,-0.13,-0.06%,8653
"2024-08-22 11:58",213.96,214.19,213.96,214.12,0.15,+0.07%,75506
"2024-08-22 11:57",213.97,213.99,213.86,213.97,0,0.00%,25618
"2024-08-22 11:56",213.8825,213.97,213.84,213.97,0.09,+0.04%,26064
"2024-08-22 11:55",213.89,213.93,213.82,213.88,0,0.00%,8522
"2024-08-22 11:54",213.83,213.9,213.79,213.88,0.03,+0.01%,19354
"2024-08-22 11:53",213.95,213.95,213.83,213.85,-0.11,-0.05%,8430
"2024-08-22 11:52",213.98,214,213.88,213.96,-0.03,-0.01%,29260
"2024-08-22 11:51",213.875,213.9991,213.85,213.99,0.12,+0.06%,34616
"2024-08-22 11:50",213.89,213.96,213.84,213.87,-0.02,-0.01%,23260
"2024-08-22 11:49",213.96,213.99,213.88,213.89,-0.08,-0.04%,34479
"2024-08-22 11:48",214.17,214.2,213.935,213.97,-0.23,-0.11%,30162
"2024-08-22 11:47",214.2,214.28,214.18,214.2,-0.01,0.00%,21792
"2024-08-22 11:46",214.12,214.22,214.05,214.21,0.08,+0.04%,38712
"2024-08-22 11:45",214.01,214.17,213.96,214.13,0.12,+0.06%,36575
"2024-08-22 11:44",214,214.0854,213.99,214.01,0.02,+0.01%,16732
"2024-08-22 11:43",214.25,214.25,213.98,213.99,-0.27,-0.13%,70007
"2024-08-22 11:42",214.5,214.5,214.25,214.26,-0.23,-0.11%,8635
"2024-08-22 11:41",214.39,214.5,214.37,214.49,0.09,+0.04%,17348
"2024-08-22 11:40",214.34,214.44,214.3,214.4,0.08,+0.04%,16010
"2024-08-22 11:39",214.431,214.47,214.3,214.32,-0.0905,-0.04%,22027
"2024-08-22 11:38",214.55,214.56,214.4105,214.4105,-0.1595,-0.07%,40870
"2024-08-22 11:37",214.62,214.67,214.56,214.57,-0.07,-0.03%,19961
"2024-08-22 11:36",214.65,214.6963,214.57,214.64,0.01,0.00%,10791
"2024-08-22 11:35",214.52,214.63,214.52,214.63,0.12,+0.06%,4706
"2024-08-22 11:34",214.415,214.5399,214.415,214.51,0.08,+0.04%,18899
"2024-08-22 11:33",214.55,214.58,214.4,214.43,-0.14,-0.07%,24609
"2024-08-22 11:32",214.62,214.64,214.5,214.57,-0.05,-0.02%,45890
"2024-08-22 11:31",214.48,214.65,214.47,214.62,0.15,+0.07%,31763
"2024-08-22 11:30",214.555,214.56,214.47,214.47,-0.05,-0.02%,12867
"2024-08-22 11:29",214.64,214.64,214.515,214.52,-0.11,-0.05%,25257
"2024-08-22 11:28",214.49,214.66,214.49,214.63,0.14,+0.07%,29014
"2024-08-22 11:27",214.3,214.51,214.29,214.49,0.19,+0.09%,16976
"2024-08-22 11:26",214.32,214.36,214.2895,214.3,-0.04,-0.02%,9026
"2024-08-22 11:25",214.3,214.34,214.27,214.34,0.04,+0.02%,16794
"2024-08-22 11:24",214.21,214.32,214.2,214.3,0.1,+0.05%,18970
"2024-08-22 11:23",214.28,214.28,214.16,214.2,-0.0813,-0.04%,9214
"2024-08-22 11:22",214.26,214.32,214.23,214.2813,0.0313,+0.01%,102954
"2024-08-22 11:21",214.34,214.37,214.24,214.25,-0.08,-0.04%,30080
"2024-08-22 11:20",214.38,214.3864,214.26,214.33,-0.02,-0.01%,39989
"2024-08-22 11:19",214.5507,214.5507,214.345,214.35,-0.23,-0.11%,33405
"2024-08-22 11:18",214.54,214.62,214.511,214.58,0.04,+0.02%,18020
"2024-08-22 11:17",214.64,214.67,214.54,214.54,-0.1,-0.05%,4656
"2024-08-22 11:16",214.63,214.68,214.58,214.64,0,0.00%,15006
"2024-08-22 11:15",214.635,214.68,214.6,214.64,0,0.00%,3055
"2024-08-22 11:14",214.605,214.7,214.605,214.64,0.03,+0.01%,10084
"2024-08-22 11:13",214.72,214.73,214.61,214.61,-0.15,-0.07%,9084
"2024-08-22 11:12",214.6,214.76,214.59,214.76,0.18,+0.08%,11676
"2024-08-22 11:11",214.63,214.63,214.56,214.58,-0.04,-0.02%,6729
"2024-08-22 11:10",214.6075,214.62,214.51,214.62,-0.02,-0.01%,9926
"2024-08-22 11:09",214.68,214.68,214.53,214.64,-0.05,-0.02%,30869
"2024-08-22 11:08",214.82,214.8394,214.67,214.69,-0.17,-0.08%,27977
"2024-08-22 11:07",214.95,214.96,214.79,214.86,-0.09,-0.04%,17918
"2024-08-22 11:06",214.9811,215,214.935,214.95,-0.03,-0.01%,7018
"2024-08-22 11:05",214.99,215.03,214.9577,214.98,0,0.00%,19206
"2024-08-22 11:04",215.01,215.03,214.98,214.98,-0.075,-0.03%,12669
"2024-08-22 11:03",215.06,215.11,215.01,215.055,0.005,0.00%,10410
"2024-08-22 11:02",214.96,215.08,214.96,215.05,0.0101,0.00%,14162
"2024-08-22 11:01",214.88,215.0399,214.87,215.0399,0.1399,+0.07%,42727
"2024-08-22 11:00",214.8,214.9,214.8,214.9,0.1,+0.05%,10646
"2024-08-22 10:59",214.83,214.89,214.77,214.8,-0.02,-0.01%,11719
"2024-08-22 10:58",214.98,214.98,214.82,214.82,-0.155,-0.07%,29370
"2024-08-22 10:57",214.93,214.995,214.89,214.975,0.0475,+0.02%,9940
"2024-08-22 10:56",214.925,214.9899,214.91,214.9275,-0.0025,0.00%,20295
"2024-08-22 10:55",214.91,214.95,214.865,214.93,0.04,+0.02%,14921
"2024-08-22 10:54",214.89,214.92,214.8,214.89,0.01,0.00%,22392
"2024-08-22 10:53",214.67,214.91,214.67,214.88,0.2,+0.09%,15089
"2024-08-22 10:52",214.75,214.77,214.617,214.68,-0.08,-0.04%,22168
"2024-08-22 10:51",214.781,214.83,214.7233,214.76,-0.04,-0.02%,8126
"2024-08-22 10:50",214.7099,214.8097,214.7099,214.8,0.095,+0.04%,12548
"2024-08-22 10:49",214.88,214.88,214.68,214.705,-0.185,-0.09%,15234
"2024-08-22 10:48",214.77,214.91,214.75,214.89,0.11,+0.05%,18162
"2024-08-22 10:47",214.768,214.79,214.7201,214.78,0.03,+0.01%,15000
"2024-08-22 10:46",214.855,214.855,214.74,214.75,-0.12,-0.06%,13656
"2024-08-22 10:45",214.74,214.8808,214.74,214.87,0.14,+0.07%,17554
"2024-08-22 10:44",214.79,214.83,214.68,214.73,-0.06,-0.03%,27882
"2024-08-22 10:43",214.835,214.89,214.75,214.79,-0.03,-0.01%,48124
"2024-08-22 10:42",214.76,214.82,214.71,214.82,0.0504,+0.02%,44702
"2024-08-22 10:41",214.71,214.79,214.71,214.7696,0.0496,+0.02%,42311
"2024-08-22 10:40",214.67,214.76,214.65,214.72,0.05,+0.02%,23997
"2024-08-22 10:39",214.62,214.68,214.57,214.67,0.06,+0.03%,16984
"2024-08-22 10:38",214.62,214.675,214.575,214.61,-0.03,-0.01%,17807
"2024-08-22 10:37",214.54,214.66,214.49,214.64,0.0601,+0.03%,19922
"2024-08-22 10:36",214.57,214.5799,214.49,214.5799,0.0199,+0.01%,16095
"2024-08-22 10:35",214.46,214.6,214.42,214.56,0.09,+0.04%,28325
"2024-08-22 10:34",214.25,214.4998,214.25,214.47,0.23,+0.11%,22237
"2024-08-22 10:33",214.2,214.3298,214.2,214.24,0.05,+0.02%,32846
"2024-08-22 10:32",214.355,214.4,214.19,214.19,-0.22,-0.10%,10110
"2024-08-22 10:31",214.26,214.41,214.16,214.41,0.17,+0.08%,17452
"2024-08-22 10:30",214.44,214.44,214.17,214.24,-0.23,-0.11%,34554
"2024-08-22 10:29",214.42,214.47,214.35,214.47,0.05,+0.02%,24545
"2024-08-22 10:28",214.5,214.54,214.355,214.42,-0.08,-0.04%,25389
"2024-08-22 10:27",214.53,214.57,214.43,214.5,-0.05,-0.02%,14338
"2024-08-22 10:26",214.52,214.55,214.41,214.55,0.03,+0.01%,40896
"2024-08-22 10:25",214.48,214.59,214.48,214.52,0.04,+0.02%,26658
"2024-08-22 10:24",214.41,214.48,214.36,214.48,0.07,+0.03%,27883
"2024-08-22 10:23",214.28,214.45,214.275,214.41,0.14,+0.07%,21372
"2024-08-22 10:22",214.33,214.38,214.23,214.27,-0.07,-0.03%,39184
"2024-08-22 10:21",214.17,214.36,214.17,214.34,0.165,+0.08%,10176
"2024-08-22 10:20",214.13,214.22,214.07,214.175,0.055,+0.03%,32948
"2024-08-22 10:19",214.2,214.2247,214.12,214.12,-0.0445,-0.02%,10469
"2024-08-22 10:18",214.2075,214.26,214.14,214.1645,-0.0655,-0.03%,16094
"2024-08-22 10:17",214.28,214.33,214.2,214.23,-0.07,-0.03%,16196
"2024-08-22 10:16",214.05,214.3,214.04,214.3,0.23,+0.11%,21721
"2024-08-22 10:15",214.32,214.325,214.05,214.07,-0.24,-0.11%,55118
"2024-08-22 10:14",214.37,214.41,214.25,214.31,-0.05,-0.02%,28170
"2024-08-22 10:13",214.27,214.39,214.22,214.36,0.12,+0.06%,35302
"2024-08-22 10:12",214.28,214.3701,214.22,214.24,-0.03,-0.01%,40959
"2024-08-22 10:11",214.48,214.48,214.19,214.27,-0.225,-0.10%,72617
"2024-08-22 10:10",214.54,214.58,214.495,214.495,-0.025,-0.01%,23364
"2024-08-22 10:09",214.53,214.64,214.48,214.52,-0.03,-0.01%,45230
"2024-08-22 10:08",214.67,214.68,214.43,214.55,-0.11,-0.05%,41090
"2024-08-22 10:07",214.78,214.8,214.57,214.66,-0.14,-0.07%,26574
"2024-08-22 10:06",214.74,214.81,214.68,214.8,0.03,+0.01%,51765
"2024-08-22 10:05",214.86,214.96,214.76,214.77,-0.115,-0.05%,42798
"2024-08-22 10:04",214.8,214.98,214.765,214.885,0.08,+0.04%,42830
"2024-08-22 10:03",214.91,214.91,214.74,214.805,-0.105,-0.05%,58019
"2024-08-22 10:02",214.91,214.94,214.77,214.91,0.02,+0.01%,16228
"2024-08-22 10:01",214.9,214.92,214.78,214.89,-0.03,-0.01%,31038
"2024-08-22 10:00",214.94,214.97,214.81,214.92,-0.01,0.00%,40281
"2024-08-22 09:59",214.87,214.94,214.77,214.93,0.04,+0.02%,28165
"2024-08-22 09:58",214.85,214.96,214.82,214.89,0.04,+0.02%,16087
"2024-08-22 09:57",214.99,215.01,214.85,214.85,-0.14,-0.07%,36174
"2024-08-22 09:56",214.96,215.08,214.92,214.99,-0.01,0.00%,47524
"2024-08-22 09:55",214.94,215.14,214.8,215,0.06,+0.03%,47629
"2024-08-22 09:54",214.82,214.95,214.76,214.94,0.1,+0.05%,95028
"2024-08-22 09:53",214.62,214.84,214.62,214.84,0.23,+0.11%,51908
"2024-08-22 09:52",214.72,214.7288,214.55,214.61,-0.1,-0.05%,51317
"2024-08-22 09:51",214.72,214.76,214.54,214.71,-0.01,0.00%,59114
"2024-08-22 09:50",214.98,214.98,214.67,214.72,-0.25,-0.12%,64057
"2024-08-22 09:49",215.2014,215.23,214.93,214.97,-0.25,-0.12%,71300
"2024-08-22 09:48",215.28,215.37,215.142,215.22,-0.05,-0.02%,132115
"2024-08-22 09:47",215.51,215.54,215.2301,215.27,-0.24,-0.11%,90769
"2024-08-22 09:46",215.99,216,215.51,215.51,-0.47,-0.22%,93653
"2024-08-22 09:45",215.97,216.37,215.9699,215.98,0.01,0.00%,247624
"2024-08-22 09:44",215.97,216.01,215.94,215.97,-0.0001,0.00%,24933
"2024-08-22 09:43",216,216.04,215.93,215.9701,-0.0299,-0.01%,21425
"2024-08-22 09:42",216.035,216.07,215.92,216,-0.02,-0.01%,31050
"2024-08-22 09:41",215.89,216.08,215.86,216.02,0.15,+0.07%,107371
"2024-08-22 09:40",215.79,215.98,215.79,215.87,0.08,+0.04%,67999
"2024-08-22 09:39",215.51,215.82,215.51,215.79,0.29,+0.13%,59079
"2024-08-22 09:38",215.57,215.64,215.45,215.5,-0.07,-0.03%,134094
"2024-08-22 09:37",215.45,215.59,215.365,215.57,0.1151,+0.05%,42740
"2024-08-22 09:36",215.295,215.625,215.295,215.4549,0.1649,+0.08%,85069
"2024-08-22 09:35",215.57,215.57,215.26,215.29,-0.27,-0.13%,115897
"2024-08-22 09:34",215.47,215.57,215.4,215.56,0.08,+0.04%,82385
"2024-08-22 09:33",215.38,215.69,215.38,215.48,0.09,+0.04%,76672
"2024-08-22 09:32",215.41,215.47,215.29,215.39,-0.04,-0.02%,79171
"2024-08-22 09:31",215.61,215.66,215.3348,215.43,-0.18,-0.08%,61241
"2024-08-22 09:30",215.57,215.64,215.35,215.61,-0.03,-0.01%,197377
"2024-08-22 09:29",215.68,215.68,215.64,215.64,-0.06,-0.03%,2816
"2024-08-22 09:28",215.7,215.7,215.7,215.7,0.01,0.00%,100
"2024-08-22 09:27",215.6,215.69,215.6,215.69,0.08,+0.04%,650
"2024-08-22 09:26",215.65,215.65,215.59,215.61,-0.02,-0.01%,5433
"2024-08-22 09:25",215.69,215.71,215.63,215.63,-0.184,-0.09%,953
"2024-08-22 09:22",215.814,215.814,215.814,215.814,0.034,+0.02%,500
"2024-08-22 09:21",215.75,215.78,215.75,215.78,0.04,+0.02%,900
"2024-08-22 09:19",215.7,215.75,215.7,215.74,0.04,+0.02%,477
"2024-08-22 09:17",215.7,215.7,215.7,215.7,0.09,+0.04%,100
"2024-08-22 09:15",215.61,215.61,215.61,215.61,0.03,+0.01%,100
"2024-08-22 09:14",215.55,215.6,215.55,215.58,0,0.00%,538
"2024-08-22 09:13",215.62,215.62,215.58,215.58,-0.11,-0.05%,550
"2024-08-22 09:12",215.66,215.72,215.65,215.69,-0.1,-0.05%,903
"2024-08-22 09:11",215.79,215.79,215.79,215.79,0.04,+0.02%,115
"2024-08-22 09:10",215.75,215.75,215.75,215.75,-0.01,0.00%,250
"2024-08-22 09:09",215.71,215.76,215.71,215.76,0.06,+0.03%,1469
"2024-08-22 09:07",215.8,215.8,215.7,215.7,-0.12,-0.06%,1230
"2024-08-22 09:06",215.76,215.82,215.73,215.82,0.03,+0.01%,13080
"2024-08-22 09:05",215.76,215.81,215.76,215.79,0.09,+0.04%,11783
"2024-08-22 09:03",215.64,215.7,215.64,215.7,0.06,+0.03%,475
"2024-08-22 09:02",215.66,215.66,215.64,215.64,0.04,+0.02%,400
"2024-08-22 09:01",215.64,215.64,215.6,215.6,-0.04,-0.02%,300
"2024-08-22 09:00",215.64,215.64,215.64,215.64,0.05,+0.02%,300
"2024-08-22 08:58",215.61,215.61,215.59,215.59,0.03,+0.01%,394
"2024-08-22 08:57",215.45,215.56,215.45,215.56,0.11,+0.05%,2210
"2024-08-22 08:56",215.36,215.45,215.35,215.45,0,0.00%,2500
"2024-08-22 08:55",215.45,215.45,215.45,215.45,-0.02,-0.01%,930
"2024-08-22 08:54",215.48,215.48,215.47,215.47,-0.06,-0.03%,600
"2024-08-22 08:53",215.52,215.53,215.52,215.53,-0.04,-0.02%,1310
"2024-08-22 08:52",215.6,215.6,215.57,215.57,-0.03,-0.01%,1110
"2024-08-22 08:51",215.6,215.6,215.6,215.6,0,0.00%,100
"2024-08-22 08:50",215.59,215.6,215.59,215.6,0.06,+0.03%,6094
"2024-08-22 08:48",215.54,215.54,215.54,215.54,0.07,+0.03%,252
"2024-08-22 08:47",215.5,215.5,215.47,215.47,0.05,+0.02%,200
"2024-08-22 08:46",215.5,215.5,215.42,215.42,-0.09,-0.04%,764
"2024-08-22 08:45",215.639,215.64,215.51,215.51,-0.08,-0.04%,1412
"2024-08-22 08:43",215.59,215.59,215.59,215.59,-0.01,0.00%,100
"2024-08-22 08:42",215.68,215.68,215.6,215.6,0.07,+0.03%,942
"2024-08-22 08:40",215.53,215.53,215.53,215.53,-0.05,-0.02%,680
"2024-08-22 08:39",215.58,215.58,215.58,215.58,0.16,+0.07%,450
"2024-08-22 08:38",215.4003,215.42,215.4003,215.42,0,0.00%,600
"2024-08-22 08:37",215.46,215.46,215.42,215.42,-0.23,-0.11%,300
"2024-08-22 08:36",215.65,215.65,215.65,215.65,-0.05,-0.02%,203
"2024-08-22 08:35",215.68,215.7,215.67,215.7,0.04,+0.02%,764
"2024-08-22 08:34",215.57,215.67,215.57,215.66,0.06,+0.03%,2331
"2024-08-22 08:33",215.6,215.6,215.6,215.6,0,0.00%,255
"2024-08-22 08:32",215.55,215.66,215.55,215.6,0,0.00%,2965
"2024-08-22 08:31",215.67,215.68,215.55,215.6,-0.17,-0.08%,1769
"2024-08-22 08:30",215.46,215.86,215.24,215.77,0.21,+0.10%,25235
"2024-08-22 08:29",215.56,215.56,215.56,215.56,-0.04,-0.02%,234
"2024-08-22 08:28",215.47,215.62,215.47,215.6,0.07,+0.03%,800
"2024-08-22 08:27",215.4,215.53,215.4,215.53,0.15,+0.07%,2146
"2024-08-22 08:26",215.36,215.38,215.27,215.38,0.02,+0.01%,27008
"2024-08-22 08:25",215.33,215.36,215.33,215.36,0.02,+0.01%,600
"2024-08-22 08:23",215.38,215.38,215.29,215.34,-0.08,-0.04%,3120
"2024-08-22 08:21",215.45,215.46,215.42,215.42,-0.07,-0.03%,4076
"2024-08-22 08:20",215.49,215.49,215.49,215.49,0.06,+0.03%,100
"2024-08-22 08:19",215.41,215.45,215.41,215.43,0.02,+0.01%,593
"2024-08-22 08:18",215.45,215.48,215.4,215.41,-0.04,-0.02%,5518
"2024-08-22 08:17",215.51,215.51,215.45,215.45,-0.1,-0.05%,835
"2024-08-22 08:16",215.58,215.6,215.55,215.55,-0.01,0.00%,7607
"2024-08-22 08:15",215.51,215.56,215.51,215.56,0.03,+0.01%,300
"2024-08-22 08:14",215.57,215.57,215.53,215.53,-0.1,-0.05%,1459
"2024-08-22 08:13",215.61,215.63,215.61,215.63,0.03,+0.01%,500
"2024-08-22 08:10",215.67,215.67,215.6,215.6,-0.08,-0.04%,2075
"2024-08-22 08:09",215.7,215.72,215.68,215.68,-0.04,-0.02%,1351
"2024-08-22 08:08",215.7,215.72,215.7,215.72,0.02,+0.01%,3725
"2024-08-22 08:07",215.7,215.7,215.7,215.7,0,0.00%,200
"2024-08-22 08:06",215.8,215.8,215.7,215.7,-0.16,-0.07%,2100
"2024-08-22 08:05",215.82,215.86,215.82,215.86,0.04,+0.02%,12315
"2024-08-22 08:04",215.82,215.82,215.82,215.82,-0.04,-0.02%,1100
"2024-08-22 08:03",215.76,215.86,215.751,215.86,0.02,+0.01%,2925
"2024-08-22 08:02",215.84,215.84,215.84,215.84,0.05,+0.02%,300
"2024-08-22 08:01",215.4,215.79,215.4,215.79,-0.21,-0.10%,700
"2024-08-22 08:00",215.4781,216.1696,215.38,216,0.11,+0.05%,27564
"2024-08-22 07:59",215.82,215.89,215.82,215.89,0.04,+0.02%,4080
"2024-08-22 07:57",215.83,215.9,215.81,215.85,-0.06,-0.03%,5030
"2024-08-22 07:56",215.91,215.91,215.91,215.91,0,0.00%,100
"2024-08-22 07:55",215.91,215.91,215.91,215.91,-0.06,-0.03%,140
"2024-08-22 07:54",215.93,215.97,215.93,215.97,0.14,+0.06%,400
"2024-08-22 07:53",215.73,215.83,215.73,215.83,0.16,+0.07%,200
"2024-08-22 07:52",215.67,215.67,215.67,215.67,0.16,+0.07%,1000
"2024-08-22 07:49",215.51,215.51,215.51,215.51,0.05,+0.02%,1900
"2024-08-22 07:48",215.46,215.46,215.46,215.46,0.01,0.00%,200
"2024-08-22 07:47",215.47,215.47,215.45,215.45,0.029,+0.01%,1440
"2024-08-22 07:46",215.47,215.47,215.421,215.421,-0.109,-0.05%,200
"2024-08-22 07:45",215.53,215.53,215.53,215.53,-0.12,-0.06%,100
"2024-08-22 07:42",215.65,215.65,215.65,215.65,0.04,+0.02%,100
"2024-08-22 07:41",215.61,215.61,215.61,215.61,0.04,+0.02%,100
"2024-08-22 07:40",215.6,215.6,215.57,215.57,0,0.00%,957
"2024-08-22 07:39",215.57,215.57,215.57,215.57,-0.03,-0.01%,200
"2024-08-22 07:38",215.64,215.64,215.6,215.6,-0.1,-0.05%,5926
"2024-08-22 07:36",215.7,215.7,215.7,215.7,-0.11,-0.05%,1100
"2024-08-22 07:34",215.81,215.81,215.81,215.81,0,0.00%,375
"2024-08-22 07:33",215.8,215.81,215.76,215.81,0.04,+0.02%,330
"2024-08-22 07:32",215.76,215.78,215.76,215.77,-0.02,-0.01%,1500
"2024-08-22 07:31",215.79,215.79,215.79,215.79,0.02,+0.01%,100
"2024-08-22 07:30",215.77,215.77,215.77,215.77,0.02,+0.01%,100
"2024-08-22 07:28",215.75,215.75,215.75,215.75,0.06,+0.03%,2000
"2024-08-22 07:24",215.65,215.69,215.65,215.69,0.02,+0.01%,573
"2024-08-22 07:23",215.58,215.67,215.58,215.67,0.1,+0.05%,4640
"2024-08-22 07:22",215.6,215.61,215.57,215.57,-0.03,-0.01%,400
"2024-08-22 07:21",215.59,215.61,215.58,215.6,-0.02,-0.01%,2450
"2024-08-22 07:20",215.58,215.62,215.58,215.62,0.06,+0.03%,702
"2024-08-22 07:19",215.56,215.56,215.56,215.56,-0.02,-0.01%,100
"2024-08-22 07:18",215.58,215.58,215.57,215.58,-0.02,-0.01%,300
"2024-08-22 07:17",215.58,215.61,215.58,215.6,0,0.00%,1000
"2024-08-22 07:15",215.59,215.6,215.59,215.6,0.04,+0.02%,667
"2024-08-22 07:13",215.54,215.57,215.54,215.56,0.07,+0.03%,14740
"2024-08-22 07:12",215.51,215.51,215.49,215.49,0.03,+0.01%,780
"2024-08-22 07:10",215.45,215.49,215.45,215.46,0,0.00%,1050
"2024-08-22 07:06",215.44,215.46,215.44,215.46,-0.09,-0.04%,600
"2024-08-22 07:04",215.45,215.55,215.45,215.55,0.1,+0.05%,1098
"2024-08-22 07:03",215.45,215.45,215.45,215.45,0.06,+0.03%,144
"2024-08-22 07:02",215.38,215.39,215.38,215.39,0.03,+0.01%,390
"2024-08-22 07:01",215.4,215.43,215.36,215.36,-0.11,-0.05%,480
"2024-08-22 07:00",215.47,215.47,215.47,215.47,0.01,0.00%,200
"2024-08-22 06:58",215.46,215.46,215.46,215.46,0.04,+0.02%,1060
"2024-08-22 06:55",215.42,215.42,215.42,215.42,0.12,+0.06%,100
"2024-08-22 06:54",215.3,215.3,215.3,215.3,-0.01,0.00%,750
"2024-08-22 06:50",215.32,215.32,215.31,215.31,0.13,+0.06%,300
"2024-08-22 06:47",215.23,215.23,215.18,215.18,-0.21,-0.10%,340
"2024-08-22 06:42",215.39,215.39,215.39,215.39,-0.02,-0.01%,100
"2024-08-22 06:40",215.43,215.43,215.41,215.41,-0.08,-0.04%,2000
"2024-08-22 06:39",215.47,215.49,215.47,215.49,0.09,+0.04%,200
"2024-08-22 06:33",215.4,215.4,215.4,215.4,0.18,+0.08%,100
"2024-08-22 06:28",215.21,215.22,215.21,215.22,0.02,+0.01%,500
"2024-08-22 06:27",215.2,215.2,215.2,215.2,0.01,0.00%,101
"2024-08-22 06:26",215.19,215.19,215.19,215.19,-0.12,-0.06%,140
"2024-08-22 06:25",215.31,215.32,215.31,215.31,0.03,+0.01%,400
"2024-08-22 06:24",215.28,215.28,215.28,215.28,0,0.00%,100
"2024-08-22 06:23",215.28,215.28,215.27,215.28,-0.08,-0.04%,300
"2024-08-22 06:22",215.37,215.37,215.36,215.36,0.1,+0.05%,200
"2024-08-22 06:20",215.21,215.26,215.2,215.26,0.12,+0.06%,300
"2024-08-22 06:19",215.14,215.14,215.14,215.14,0.04,+0.02%,100
"2024-08-22 06:18",215.1,215.1,215.1,215.1,0.03,+0.01%,300
"2024-08-22 06:17",215.06,215.07,215.06,215.07,-0.06,-0.03%,200
"2024-08-22 06:16",215.13,215.13,215.13,215.13,0.04,+0.02%,100
"2024-08-22 06:14",215.03,215.09,215.03,215.09,-0.03,-0.01%,5403
"2024-08-22 06:11",215.12,215.12,215.12,215.12,0.02,+0.01%,100
"2024-08-22 06:10",215.1,215.1,215.1,215.1,-0.06,-0.03%,100
"2024-08-22 06:09",215.12,215.17,215.12,215.16,0.11,+0.05%,300
"2024-08-22 06:08",215.05,215.05,215.05,215.05,0,0.00%,100
"2024-08-22 06:07",215.05,215.05,215.05,215.05,-0.02,-0.01%,100
"2024-08-22 06:06",215.07,215.07,215.07,215.07,-0.06,-0.03%,140
"2024-08-22 06:05",215.18,215.19,215.13,215.13,-0.06,-0.03%,700
"2024-08-22 06:04",215.19,215.19,215.19,215.19,0.01,0.00%,240
"2024-08-22 06:02",215.18,215.18,215.18,215.18,-0.06,-0.03%,200
"2024-08-22 06:00",215.23,215.24,215.23,215.24,-0.05,-0.02%,292
"2024-08-22 05:59",215.29,215.29,215.29,215.29,0.01,0.00%,100
"2024-08-22 05:58",215.28,215.28,215.28,215.28,-0.03,-0.01%,100
"2024-08-22 05:57",215.31,215.31,215.31,215.31,-0.09,-0.04%,440
"2024-08-22 05:54",215.4,215.4,215.4,215.4,-0.06,-0.03%,100
"2024-08-22 05:53",215.46,215.46,215.46,215.46,-0.01,0.00%,100
"2024-08-22 05:51",215.53,215.53,215.46,215.47,-0.1,-0.05%,950
"2024-08-22 05:50",215.58,215.58,215.56,215.57,-0.01,0.00%,700
"2024-08-22 05:49",215.58,215.58,215.58,215.58,0.03,+0.01%,200
"2024-08-22 05:47",215.55,215.55,215.55,215.55,-0.03,-0.01%,500
"2024-08-22 05:43",215.58,215.58,215.58,215.58,-0.04,-0.02%,100
"2024-08-22 05:42",215.62,215.62,215.62,215.62,-0.2,-0.09%,500
"2024-08-22 05:27",215.82,215.82,215.82,215.82,-0.02,-0.01%,109
"2024-08-22 05:24",215.9,215.9,215.84,215.84,-0.1,-0.05%,1334
"2024-08-22 05:22",215.92,215.94,215.92,215.94,0,0.00%,597
"2024-08-22 05:18",215.94,215.94,215.94,215.94,-0.03,-0.01%,100
"2024-08-22 05:12",215.97,215.97,215.97,215.97,0.01,0.00%,240
"2024-08-22 05:09",215.96,215.96,215.96,215.96,-0.06,-0.03%,200
"2024-08-22 05:07",216.02,216.02,216.02,216.02,0.12,+0.06%,100
"2024-08-22 05:06",215.9,215.9,215.9,215.9,-0.09,-0.04%,100
"2024-08-22 04:55",215.99,215.99,215.99,215.99,0.09,+0.04%,100
"2024-08-22 04:52",215.93,215.93,215.9,215.9,-0.17,-0.08%,300
"2024-08-22 04:49",216.07,216.07,216.07,216.07,0,0.00%,100
"2024-08-22 04:44",216.07,216.07,216.07,216.07,0.01,0.00%,267
"2024-08-22 04:43",216.06,216.06,216.06,216.06,0,0.00%,100
"2024-08-22 04:41",216.06,216.06,216.06,216.06,-0.07,-0.03%,104
"2024-08-22 04:40",216.13,216.13,216.13,216.13,0.11,+0.05%,113
"2024-08-22 04:37",216.02,216.02,216.02,216.02,-0.02,-0.01%,100
"2024-08-22 04:33",216,216.04,216,216.04,0.27,+0.13%,348
"2024-08-22 04:20",215.77,215.77,215.77,215.77,0.1,+0.05%,235
"2024-08-22 04:18",215.67,215.67,215.67,215.67,0,0.00%,100
"2024-08-22 04:17",215.68,215.68,215.66,215.67,0.11,+0.05%,500
"2024-08-22 04:12",215.56,215.56,215.56,215.56,-0.01,0.00%,450
"2024-08-22 04:10",215.57,215.57,215.57,215.57,-0.11,-0.05%,327
"2024-08-22 04:06",215.68,215.68,215.68,215.68,0.01,0.00%,100
"2024-08-22 04:05",215.67,215.67,215.67,215.67,-0.03,-0.01%,100
"2024-08-22 04:04",215.7,215.7,215.7,215.7,-0.02,-0.01%,1000
"2024-08-22 04:01",215.74,215.74,215.72,215.72,0.1,+0.05%,650
"2024-08-22 04:00",215.29,215.66,215.29,215.62,-0.2396,-0.11%,1490
"2024-08-21 19:59",215.859,215.8596,215.859,215.8596,0.0196,+0.01%,500
"2024-08-21 19:58",215.84,215.84,215.84,215.84,-0.02,-0.01%,100
"2024-08-21 19:55",215.85,215.86,215.85,215.86,0.0004,0.00%,500
"2024-08-21 19:54",215.8596,215.8596,215.8596,215.8596,0.0296,+0.01%,275
"2024-08-21 19:45",215.83,215.83,215.83,215.83,0.09,+0.04%,104
"2024-08-21 19:44",215.74,215.74,215.74,215.74,-0.0696,-0.03%,1000
"2024-08-21 19:42",215.8096,215.8096,215.8096,215.8096,0.0396,+0.02%,100
"2024-08-21 19:41",215.7913,215.7913,215.77,215.77,0,0.00%,2296
"2024-08-21 19:39",215.77,215.77,215.77,215.77,0.08,+0.04%,117
"2024-08-21 19:30",215.69,215.69,215.69,215.69,0.09,+0.04%,130
"2024-08-21 19:28",215.71,215.71,215.6,215.6,-0.111,-0.05%,24513
"2024-08-21 19:27",215.711,215.711,215.711,215.711,-0.0027,0.00%,500
"2024-08-21 19:26",215.7119,215.7137,215.7119,215.7137,-0.0463,-0.02%,380
"2024-08-21 19:23",215.81,215.81,215.76,215.76,-0.01,0.00%,1000
"2024-08-21 19:22",215.77,215.77,215.77,215.77,0.02,+0.01%,215
"2024-08-21 19:19",215.75,215.75,215.75,215.75,-0.05,-0.02%,100
"2024-08-21 19:13",215.8,215.8,215.8,215.8,0.07,+0.03%,113
"2024-08-21 19:05",215.73,215.73,215.73,215.73,-0.09,-0.04%,139
"2024-08-21 18:58",215.84,215.84,215.82,215.82,-0.02,-0.01%,629
"2024-08-21 18:57",215.84,215.84,215.84,215.84,-0.01,0.00%,500
"2024-08-21 18:49",215.84,215.85,215.84,215.85,0.03,+0.01%,930
"2024-08-21 18:48",215.82,215.82,215.82,215.82,0,0.00%,500
"2024-08-21 18:47",215.84,215.84,215.82,215.82,-0.01,0.00%,850
"2024-08-21 18:44",215.83,215.83,215.83,215.83,0.03,+0.01%,100
"2024-08-21 18:40",215.8,215.8,215.8,215.8,0.02,+0.01%,5565
"2024-08-21 18:37",215.78,215.78,215.78,215.78,-0.02,-0.01%,100
"2024-08-21 18:36",215.8,215.8,215.8,215.8,0,0.00%,144
"2024-08-21 18:35",215.8,215.8,215.8,215.8,0,0.00%,500
"2024-08-21 18:31",215.8,215.8,215.8,215.8,0,0.00%,130
"2024-08-21 18:30",215.8,215.8,215.77,215.8,0,0.00%,2421
"2024-08-21 18:29",215.8,215.8,215.8,215.8,0,0.00%,500
"2024-08-21 18:28",215.7997,215.8,215.7997,215.8,0,0.00%,2600
"2024-08-21 18:27",215.8,215.8,215.8,215.8,0,0.00%,2200
"2024-08-21 18:26",215.84,215.84,215.79,215.8,-0.0488,-0.02%,4400
"2024-08-21 18:24",215.85,215.85,215.8488,215.8488,-0.1012,-0.05%,240
"2024-08-21 18:23",215.95,215.95,215.95,215.95,0.07,+0.03%,118
"2024-08-21 18:21",215.88,215.88,215.88,215.88,0.03,+0.01%,200
"2024-08-21 18:20",215.85,215.85,215.85,215.85,-0.02,-0.01%,113
"2024-08-21 18:19",215.87,215.87,215.87,215.87,0.08,+0.04%,700
"2024-08-21 18:17",215.79,215.79,215.79,215.79,0.01,0.00%,480
"2024-08-21 18:16",215.78,215.78,215.78,215.78,-0.01,0.00%,100
"2024-08-21 18:15",215.79,215.79,215.79,215.79,0.04,+0.02%,500
"2024-08-21 18:14",215.74,215.75,215.74,215.75,0.03,+0.01%,1100
"2024-08-21 18:13",215.71,215.72,215.71,215.72,0.02,+0.01%,459
"2024-08-21 18:10",215.7,215.7,215.7,215.7,-0.01,0.00%,168
"2024-08-21 18:09",215.71,215.71,215.71,215.71,0.05,+0.02%,218
"2024-08-21 18:08",215.66,215.66,215.66,215.66,0.01,0.00%,2000
"2024-08-21 18:07",215.65,215.65,215.65,215.65,0.09,+0.04%,124
"2024-08-21 18:06",215.56,215.56,215.56,215.56,-0.07,-0.03%,117
"2024-08-21 18:03",215.63,215.63,215.63,215.63,-0.02,-0.01%,117
"2024-08-21 18:01",215.65,215.65,215.65,215.65,0.02,+0.01%,138
"2024-08-21 18:00",215.56,215.63,215.56,215.63,0.07,+0.03%,363
"2024-08-21 17:59",215.56,215.56,215.56,215.56,0,0.00%,4843
"2024-08-21 17:58",215.56,215.56,215.56,215.56,0.04,+0.02%,151
"2024-08-21 17:44",215.52,215.52,215.52,215.52,0,0.00%,150
"2024-08-21 17:41",215.52,215.52,215.52,215.52,0,0.00%,645
"2024-08-21 17:40",215.51,215.52,215.51,215.52,0.01,0.00%,262
"2024-08-21 17:39",215.51,215.51,215.51,215.51,-0.0299,-0.01%,428
"2024-08-21 17:36",215.53,215.5399,215.53,215.5399,-0.0201,-0.01%,338
"2024-08-21 17:34",215.57,215.57,215.56,215.56,-0.02,-0.01%,636
"2024-08-21 17:33",215.58,215.58,215.58,215.58,-0.05,-0.02%,100
"2024-08-21 17:29",215.63,215.63,215.63,215.63,0.07,+0.03%,136
"2024-08-21 17:15",215.56,215.56,215.56,215.56,0,0.00%,100
"2024-08-21 17:12",215.56,215.56,215.56,215.56,0.04,+0.02%,1000
"2024-08-21 17:10",215.53,215.53,215.52,215.52,-0.03,-0.01%,700
"2024-08-21 17:08",215.55,215.55,215.55,215.55,-0.01,0.00%,178
"2024-08-21 17:05",215.56,215.56,215.56,215.56,-0.07,-0.03%,113
"2024-08-21 17:00",215.63,215.63,215.63,215.63,0.08,+0.04%,110
"2024-08-21 16:58",215.51,215.55,215.51,215.55,0.03,+0.01%,1995
"2024-08-21 16:57",215.52,215.52,215.52,215.52,0.01,0.00%,164
"2024-08-21 16:56",215.5295,215.5295,215.51,215.51,-0.01,0.00%,800
"2024-08-21 16:55",215.52,215.52,215.52,215.52,-0.01,0.00%,1440
"2024-08-21 16:54",215.51,215.53,215.51,215.53,0,0.00%,2220
"2024-08-21 16:50",215.5308,215.5308,215.53,215.53,0.02,+0.01%,1075
"2024-08-21 16:49",215.51,215.51,215.51,215.51,-0.02,-0.01%,930
"2024-08-21 16:48",215.54,215.56,215.52,215.53,-0.02,-0.01%,2800
"2024-08-21 16:47",215.56,215.56,215.55,215.55,0,0.00%,900
"2024-08-21 16:46",215.55,215.55,215.55,215.55,0,0.00%,1000
"2024-08-21 16:45",215.53,215.55,215.53,215.55,-0.03,-0.01%,356
"2024-08-21 16:44",215.58,215.58,215.58,215.58,-0.02,-0.01%,119
"2024-08-21 16:42",215.56,215.6,215.56,215.6,-0.03,-0.01%,1336
"2024-08-21 16:41",215.63,215.63,215.63,215.63,0.06,+0.03%,340
"2024-08-21 16:40",215.58,215.58,215.57,215.57,-0.041,-0.02%,700
"2024-08-21 16:39",215.59,215.611,215.59,215.611,0.041,+0.02%,367
"2024-08-21 16:38",215.57,215.57,215.55,215.57,0,0.00%,2986
"2024-08-21 16:37",215.57,215.57,215.57,215.57,-0.03,-0.01%,100
"2024-08-21 16:36",215.46,215.6,215.46,215.6,-0.05,-0.02%,1276
"2024-08-21 16:35",215.65,215.65,215.65,215.65,0.01,0.00%,153
"2024-08-21 16:33",215.631,215.64,215.63,215.64,0.02,+0.01%,1211
"2024-08-21 16:29",215.64,215.64,215.62,215.62,0.03,+0.01%,247
"2024-08-21 16:27",215.62,215.62,215.59,215.59,0,0.00%,1034
"2024-08-21 16:26",215.59,215.59,215.59,215.59,0,0.00%,900
"2024-08-21 16:25",215.6,215.62,215.59,215.59,-0.03,-0.01%,6774
"2024-08-21 16:24",215.67,215.68,215.62,215.62,-0.07,-0.03%,2320
"2024-08-21 16:23",215.69,215.69,215.65,215.69,-0.01,0.00%,4597
"2024-08-21 16:22",215.7,215.705,215.7,215.7,-0.005,0.00%,2230
"2024-08-21 16:21",215.68,215.74,215.68,215.705,-0.005,0.00%,21818
"2024-08-21 16:20",215.65,215.71,215.65,215.71,0.04,+0.02%,46691
"2024-08-21 16:19",215.68,215.68,215.67,215.67,-0.03,-0.01%,1116
"2024-08-21 16:18",215.46,215.7,215.46,215.7,0.0001,0.00%,50150
"2024-08-21 16:17",215.7,215.71,215.6999,215.6999,0.0399,+0.02%,1371
"2024-08-21 16:16",215.66,215.66,215.61,215.66,-0.04,-0.02%,19153
"2024-08-21 16:15",215.7,215.7,215.7,215.7,0.04,+0.02%,600
"2024-08-21 16:14",215.66,215.66,215.66,215.66,-0.01,0.00%,500
"2024-08-21 16:13",215.65,215.67,215.65,215.67,0.05,+0.02%,1100
"2024-08-21 16:12",215.66,215.66,215.62,215.62,-0.03,-0.01%,15400
"2024-08-21 16:11",215.6,215.65,215.6,215.65,0.06,+0.03%,2880
"2024-08-21 16:10",215.56,215.59,215.5,215.59,0.03,+0.01%,2217
"2024-08-21 16:09",215.6,215.6,215.56,215.56,-0.07,-0.03%,7459
"2024-08-21 16:08",215.55,215.63,215.55,215.63,0.02,+0.01%,21120
"2024-08-21 16:07",215.6,215.61,215.6,215.61,-0.03,-0.01%,32160
"2024-08-21 16:06",215.66,215.66,215.64,215.64,-0.05,-0.02%,1156
"2024-08-21 16:05",215.6296,215.69,215.46,215.69,0.07,+0.03%,59760
"2024-08-21 16:04",215.65,215.6591,215.62,215.62,-0.04,-0.02%,1300
"2024-08-21 16:03",215.7,215.7,215.65,215.66,-0.03,-0.01%,13613
"2024-08-21 16:02",215.69,215.71,215.65,215.69,-0.06,-0.03%,37265
"2024-08-21 16:01",215.6,215.76,215.6,215.75,0.15,+0.07%,21681
"2024-08-21 16:00",215.46,215.61,215.46,215.6,0.14,+0.06%,84818
"2024-08-21 15:59",215.475,215.53,215.4,215.46,-0.025,-0.01%,703679
"2024-08-21 15:58",215.56,215.59,215.47,215.485,-0.075,-0.03%,155473
"2024-08-21 15:57",215.565,215.66,215.56,215.56,-0.0057,0.00%,210115
"2024-08-21 15:56",215.58,215.62,215.5,215.5657,-0.0193,-0.01%,158051
"2024-08-21 15:55",215.44,215.6,215.44,215.585,0.155,+0.07%,151829
"2024-08-21 15:54",215.32,215.48,215.3113,215.43,0.11,+0.05%,114387
"2024-08-21 15:53",215.39,215.425,215.27,215.32,-0.08,-0.04%,120353
"2024-08-21 15:52",215.32,215.42,215.3,215.4,0.0922,+0.04%,84585
"2024-08-21 15:51",215.35,215.44,215.28,215.3078,-0.0422,-0.02%,143355
"2024-08-21 15:50",215.25,215.41,215.24,215.35,0.105,+0.05%,121128
"2024-08-21 15:49",215.32,215.32,215.24,215.245,-0.075,-0.03%,88228
"2024-08-21 15:48",215.29,215.32,215.25,215.32,0.025,+0.01%,65153
"2024-08-21 15:47",215.2803,215.34,215.26,215.295,0.015,+0.01%,27166
"2024-08-21 15:46",215.27,215.34,215.25,215.28,0,0.00%,27464
"2024-08-21 15:45",215.31,215.38,215.27,215.28,-0.04,-0.02%,40505
"2024-08-21 15:44",215.335,215.37,215.31,215.32,-0.01,0.00%,41958
"2024-08-21 15:43",215.41,215.43,215.3,215.33,-0.08,-0.04%,42373
"2024-08-21 15:42",215.45,215.455,215.37,215.41,-0.01,0.00%,35953
"2024-08-21 15:41",215.485,215.515,215.41,215.42,-0.0501,-0.02%,38213
"2024-08-21 15:40",215.42,215.5,215.42,215.4701,0.0501,+0.02%,26265
"2024-08-21 15:39",215.33,215.42,215.32,215.42,0.0995,+0.05%,41854
"2024-08-21 15:38",215.43,215.435,215.3205,215.3205,-0.1095,-0.05%,42736
"2024-08-21 15:37",215.36,215.436,215.32,215.43,0.08,+0.04%,44251
"2024-08-21 15:36",215.37,215.38,215.33,215.35,-0.02,-0.01%,33500
"2024-08-21 15:35",215.39,215.48,215.37,215.37,-0.02,-0.01%,43803
"2024-08-21 15:34",215.32,215.4,215.23,215.39,0.05,+0.02%,34061
"2024-08-21 15:33",215.1,215.34,215.1,215.34,0.24,+0.11%,26263
"2024-08-21 15:32",215.19,215.19,215.06,215.1,-0.08,-0.04%,19894
"2024-08-21 15:31",215.15,215.18,215.125,215.18,0.02,+0.01%,16996
"2024-08-21 15:30",215.16,215.17,215.08,215.16,-0.01,0.00%,34920
"2024-08-21 15:29",215.16,215.27,215.155,215.17,0.01,0.00%,26585
"2024-08-21 15:28",215.07,215.17,215.07,215.16,0.09,+0.04%,19899
"2024-08-21 15:27",215.08,215.085,215.036,215.07,0.01,0.00%,11698
"2024-08-21 15:26",214.955,215.0899,214.955,215.06,0.11,+0.05%,28632
"2024-08-21 15:25",214.85,214.96,214.83,214.95,0.095,+0.04%,19113
"2024-08-21 15:24",214.79,214.89,214.78,214.855,0.065,+0.03%,38463
"2024-08-21 15:23",214.72,214.8,214.7101,214.79,0.06,+0.03%,44826
"2024-08-21 15:22",214.84,214.845,214.65,214.73,-0.13,-0.06%,29291
"2024-08-21 15:21",214.84,214.89,214.795,214.86,0.0201,+0.01%,29321
"2024-08-21 15:20",214.9442,214.9442,214.77,214.8399,-0.1001,-0.05%,29572
"2024-08-21 15:19",214.98,215,214.93,214.94,-0.04,-0.02%,24884
"2024-08-21 15:18",215.07,215.11,214.98,214.98,-0.0999,-0.05%,14914
"2024-08-21 15:17",215.06,215.08,215.02,215.0799,0.0499,+0.02%,9967
"2024-08-21 15:16",215.03,215.0599,215,215.03,0.01,0.00%,9596
"2024-08-21 15:15",214.98,215.04,214.89,215.02,0.04,+0.02%,31153
"2024-08-21 15:14",214.89,214.985,214.89,214.98,0.08,+0.04%,10796
"2024-08-21 15:13",214.94,214.98,214.9,214.9,-0.04,-0.02%,17962
"2024-08-21 15:12",214.98,215,214.92,214.94,-0.03,-0.01%,16453
"2024-08-21 15:11",214.99,215.02,214.92,214.97,-0.0286,-0.01%,33024
"2024-08-21 15:10",214.82,214.9999,214.82,214.9986,0.1786,+0.08%,7743
"2024-08-21 15:09",214.86,214.87,214.71,214.82,-0.065,-0.03%,51017
"2024-08-21 15:08",214.855,214.9,214.8,214.885,0.04,+0.02%,12480
"2024-08-21 15:07",214.84,214.89,214.78,214.845,0.015,+0.01%,10030
"2024-08-21 15:06",214.85,214.88,214.79,214.83,-0.04,-0.02%,12951
"2024-08-21 15:05",214.77,214.87,214.76,214.87,0.1,+0.05%,15327
"2024-08-21 15:04",214.79,214.79,214.7,214.77,-0.02,-0.01%,33826
"2024-08-21 15:03",214.87,214.89,214.79,214.79,-0.07,-0.03%,9866
"2024-08-21 15:02",214.88,214.9,214.79,214.86,-0.01,0.00%,13290
"2024-08-21 15:01",214.95,214.962,214.85,214.87,-0.08,-0.04%,18858
"2024-08-21 15:00",215.04,215.07,214.95,214.95,-0.1059,-0.05%,17816
"2024-08-21 14:59",215.05,215.1,215.0125,215.0559,0.0159,+0.01%,5498
"2024-08-21 14:58",215.1,215.13,215.04,215.04,-0.03,-0.01%,13187
"2024-08-21 14:57",215.12,215.15,215.07,215.07,-0.04,-0.02%,6471
"2024-08-21 14:56",215.12,215.12,215.03,215.11,-0.03,-0.01%,21557
"2024-08-21 14:55",215.16,215.19,215.12,215.14,-0.01,0.00%,79553
"2024-08-21 14:54",215.17,215.21,215.11,215.15,-0.02,-0.01%,34103
"2024-08-21 14:53",215.14,215.19,215.12,215.17,0.035,+0.02%,17489
"2024-08-21 14:52",215.0994,215.155,215.09,215.135,0.005,0.00%,10674
"2024-08-21 14:51",215.07,215.16,215.055,215.13,0.06,+0.03%,11199
"2024-08-21 14:50",215.01,215.09,214.97,215.07,0.05,+0.02%,12495
"2024-08-21 14:49",214.97,215.045,214.96,215.02,0.04,+0.02%,9545
"2024-08-21 14:48",214.95,215.09,214.92,214.98,0.04,+0.02%,115525
"2024-08-21 14:47",214.93,214.965,214.9079,214.94,0.01,0.00%,4194
"2024-08-21 14:46",214.86,214.95,214.84,214.93,0.0666,+0.03%,17077
"2024-08-21 14:45",214.95,214.98,214.79,214.8634,-0.0766,-0.04%,62659
"2024-08-21 14:44",215,215,214.934,214.94,-0.07,-0.03%,5105
"2024-08-21 14:43",214.97,215.01,214.92,215.01,0.04,+0.02%,38618
"2024-08-21 14:42",215.0143,215.05,214.96,214.97,-0.048,-0.02%,8849
"2024-08-21 14:41",215.08,215.095,214.96,215.018,-0.092,-0.04%,57843
"2024-08-21 14:40",215.105,215.15,215.04,215.11,0.005,0.00%,14530
"2024-08-21 14:39",215.07,215.14,215.0599,215.105,0.055,+0.03%,15057
"2024-08-21 14:38",215.255,215.26,215.01,215.05,-0.21,-0.10%,25750
"2024-08-21 14:37",215.34,215.34,215.26,215.26,-0.07,-0.03%,5020
"2024-08-21 14:36",215.205,215.34,215.205,215.33,0.12,+0.06%,33852
"2024-08-21 14:35",215.495,215.495,215.195,215.21,-0.29,-0.13%,29460
"2024-08-21 14:34",215.49,215.54,215.45,215.5,0.01,0.00%,9943
"2024-08-21 14:33",215.44,215.51,215.38,215.49,0.03,+0.01%,56226
"2024-08-21 14:32",215.43,215.5,215.43,215.46,0.03,+0.01%,37323
"2024-08-21 14:31",215.31,215.43,215.28,215.43,0.1,+0.05%,26003
"2024-08-21 14:30",215.23,215.33,215.22,215.33,0.11,+0.05%,51664
"2024-08-21 14:29",215.17,215.22,215.11,215.22,0.0445,+0.02%,6283
"2024-08-21 14:28",215.14,215.19,215.12,215.1755,0.0355,+0.02%,13968
"2024-08-21 14:27",215.16,215.2,215.11,215.14,-0.01,0.00%,9584
"2024-08-21 14:26",215.19,215.1987,215.15,215.15,-0.04,-0.02%,10277
"2024-08-21 14:25",215.12,215.23,215.1187,215.19,0.0801,+0.04%,32651
"2024-08-21 14:24",215.07,215.11,215.07,215.1099,0.0249,+0.01%,4993
"2024-08-21 14:23",214.96,215.085,214.96,215.085,0.145,+0.07%,16063
"2024-08-21 14:22",214.96,215.03,214.94,214.94,-0.03,-0.01%,14987
"2024-08-21 14:21",215.015,215.035,214.94,214.97,-0.04,-0.02%,17233
"2024-08-21 14:20",214.98,215.02,214.98,215.01,0.03,+0.01%,13637
"2024-08-21 14:19",214.96,215.01,214.96,214.98,0.0292,+0.01%,10378
"2024-08-21 14:18",214.99,215,214.9,214.9508,-0.0292,-0.01%,51389
"2024-08-21 14:17",215.07,215.08,214.98,214.98,-0.1,-0.05%,8268
"2024-08-21 14:16",215.04,215.12,215.04,215.08,0.04,+0.02%,9026
"2024-08-21 14:15",214.98,215.07,214.94,215.04,0.05,+0.02%,16970
"2024-08-21 14:14",214.93,215.04,214.93,214.99,0.06,+0.03%,59941
"2024-08-21 14:13",215.035,215.035,214.89,214.93,-0.11,-0.05%,83995
"2024-08-21 14:12",215.1,215.1,214.99,215.04,-0.07,-0.03%,18509
"2024-08-21 14:11",215.05,215.11,215.044,215.11,0.1,+0.05%,11831
"2024-08-21 14:10",214.99,215.1,214.971,215.01,0.02,+0.01%,13492
"2024-08-21 14:09",214.9701,214.9991,214.92,214.99,0.04,+0.02%,4687
"2024-08-21 14:08",215.06,215.0699,214.95,214.95,-0.1,-0.05%,18654
"2024-08-21 14:07",214.98,215.0699,214.95,215.05,0.07,+0.03%,14192
"2024-08-21 14:06",215.02,215.02,214.88,214.98,-0.04,-0.02%,35879
"2024-08-21 14:05",215.16,215.16,214.9063,215.02,-0.12,-0.06%,39345
"2024-08-21 14:04",215.09,215.17,215.04,215.14,0.07,+0.03%,39450
"2024-08-21 14:03",214.96,215.12,214.96,215.07,0.12,+0.06%,31753
"2024-08-21 14:02",215.14,215.16,214.9005,214.95,-0.18,-0.08%,48399
"2024-08-21 14:01",215.3,215.3,215.11,215.13,-0.17,-0.08%,52327
"2024-08-21 14:00",214.91,215.3,214.91,215.3,0.4,+0.19%,169968
"2024-08-21 13:59",214.9,214.96,214.89,214.9,0,0.00%,15281
"2024-08-21 13:58",214.91,214.94,214.85,214.9,-0.03,-0.01%,20744
"2024-08-21 13:57",214.98,215.01,214.91,214.93,-0.05,-0.02%,10093
"2024-08-21 13:56",215.04,215.05,214.98,214.98,-0.07,-0.03%,26880
"2024-08-21 13:55",215.075,215.09,215.03,215.05,-0.0399,-0.02%,11908
"2024-08-21 13:54",215.04,215.0899,215.01,215.0899,0.0399,+0.02%,25396
"2024-08-21 13:53",215.07,215.07,215.04,215.05,-0.03,-0.01%,9072
"2024-08-21 13:52",215.18,215.18,215.06,215.08,-0.11,-0.05%,43245
"2024-08-21 13:51",215.04,215.23,215.04,215.19,0.16,+0.07%,34368
"2024-08-21 13:50",214.97,215.13,214.96,215.03,0.05,+0.02%,53914
"2024-08-21 13:49",214.9601,215,214.94,214.98,0.01,0.00%,57960
"2024-08-21 13:48",214.88,215,214.88,214.97,0.09,+0.04%,38055
"2024-08-21 13:47",214.9,214.93,214.86,214.88,-0.02,-0.01%,31992
"2024-08-21 13:46",214.78,214.9,214.771,214.9,0.12,+0.06%,20773
"2024-08-21 13:45",214.755,214.8,214.72,214.78,0.025,+0.01%,21437
"2024-08-21 13:44",214.63,214.755,214.63,214.755,0.11,+0.05%,14274
"2024-08-21 13:43",214.57,214.678,214.57,214.645,0.065,+0.03%,21134
"2024-08-21 13:42",214.685,214.69,214.56,214.58,-0.12,-0.06%,9005
"2024-08-21 13:41",214.655,214.7,214.655,214.7,0.06,+0.03%,3660
"2024-08-21 13:40",214.7,214.72,214.63,214.64,-0.07,-0.03%,11925
"2024-08-21 13:39",214.74,214.74,214.7,214.71,-0.01,0.00%,5594
"2024-08-21 13:38",214.615,214.72,214.615,214.72,0.1,+0.05%,10521
"2024-08-21 13:37",214.57,214.62,214.57,214.62,0.06,+0.03%,5445
"2024-08-21 13:36",214.62,214.62,214.54,214.56,-0.07,-0.03%,14426
"2024-08-21 13:35",214.63,214.64,214.575,214.63,0,0.00%,19058
"2024-08-21 13:34",214.6188,214.67,214.6188,214.63,0.01,0.00%,50677
"2024-08-21 13:33",214.54,214.6399,214.54,214.62,0.0849,+0.04%,15727
"2024-08-21 13:32",214.5999,214.62,214.52,214.5351,-0.0599,-0.03%,12444
"2024-08-21 13:31",214.56,214.6,214.535,214.595,0.045,+0.02%,10115
"2024-08-21 13:30",214.495,214.58,214.48,214.55,0.055,+0.03%,5465
"2024-08-21 13:29",214.51,214.53,214.49,214.495,-0.0163,-0.01%,5070
"2024-08-21 13:28",214.5,214.55,214.48,214.5113,0.0213,+0.01%,80319
"2024-08-21 13:27",214.455,214.4999,214.43,214.49,0.039,+0.02%,8392
"2024-08-21 13:26",214.42,214.49,214.42,214.451,0.031,+0.01%,5340
"2024-08-21 13:25",214.37,214.42,214.35,214.42,0.05,+0.02%,7200
"2024-08-21 13:24",214.36,214.3701,214.345,214.37,0,0.00%,3479
"2024-08-21 13:23",214.4,214.4,214.34,214.37,-0.03,-0.01%,8465
"2024-08-21 13:22",214.41,214.45,214.4,214.4,-0.015,-0.01%,2680
"2024-08-21 13:21",214.38,214.415,214.365,214.415,0.035,+0.02%,8063
"2024-08-21 13:20",214.34,214.4195,214.34,214.38,0.05,+0.02%,13760
"2024-08-21 13:19",214.29,214.34,214.29,214.33,0.04,+0.02%,6965
"2024-08-21 13:18",214.26,214.29,214.24,214.29,0.06,+0.03%,4392
"2024-08-21 13:17",214.24,214.245,214.2,214.23,-0.01,0.00%,6918
"2024-08-21 13:16",214.26,214.27,214.23,214.24,-0.02,-0.01%,19473
"2024-08-21 13:15",214.27,214.325,214.24,214.26,-0.01,0.00%,14338
"2024-08-21 13:14",214.315,214.345,214.24,214.27,-0.045,-0.02%,23023
"2024-08-21 13:13",214.25,214.32,214.23,214.315,0.055,+0.03%,12028
"2024-08-21 13:12",214.35,214.35,214.24,214.26,-0.09,-0.04%,6463
"2024-08-21 13:11",214.3,214.36,214.3,214.35,0.03,+0.01%,7281
"2024-08-21 13:10",214.26,214.32,214.23,214.32,0.06,+0.03%,31854
"2024-08-21 13:09",214.24,214.27,214.23,214.26,0.01,0.00%,2520
"2024-08-21 13:08",214.22,214.2913,214.22,214.25,0.05,+0.02%,7704
"2024-08-21 13:07",214.28,214.3,214.2,214.2,-0.08,-0.04%,7336
"2024-08-21 13:06",214.24,214.3,214.24,214.28,0.06,+0.03%,10749
"2024-08-21 13:05",214.36,214.36,214.2,214.22,-0.14,-0.07%,21573
"2024-08-21 13:04",214.32,214.39,214.315,214.36,0.05,+0.02%,17544
"2024-08-21 13:03",214.305,214.325,214.26,214.31,0,0.00%,11364
"2024-08-21 13:02",214.306,214.37,214.295,214.31,0.001,0.00%,43082
"2024-08-21 13:01",214.225,214.31,214.225,214.309,0.079,+0.04%,31205
"2024-08-21 13:00",214.28,214.32,214.23,214.23,-0.06,-0.03%,10288
"2024-08-21 12:59",214.33,214.38,214.26,214.29,-0.02,-0.01%,40292
"2024-08-21 12:58",214.25,214.32,214.23,214.31,0.055,+0.03%,22586
"2024-08-21 12:57",214.235,214.26,214.215,214.255,0.025,+0.01%,5873
"2024-08-21 12:56",214.2,214.23,214.15,214.23,0.03,+0.01%,14121
"2024-08-21 12:55",214.18,214.21,214.165,214.2,0.01,0.00%,4731
"2024-08-21 12:54",214.12,214.2,214.11,214.19,0.07,+0.03%,21001
"2024-08-21 12:53",214.11,214.125,214.05,214.12,-0.0062,0.00%,25248
"2024-08-21 12:52",214.11,214.14,214.1,214.1262,0.0112,+0.01%,9992
"2024-08-21 12:51",214.07,214.12,214.04,214.115,-0.0017,0.00%,8338
"2024-08-21 12:50",214.08,214.12,214.08,214.1167,0.0467,+0.02%,5867
"2024-08-21 12:49",214.115,214.115,214.05,214.07,-0.04,-0.02%,9527
"2024-08-21 12:48",214.1,214.1237,214.075,214.11,0.02,+0.01%,18288
"2024-08-21 12:47",214.085,214.11,214.08,214.09,0.01,0.00%,17273
"2024-08-21 12:46",214.01,214.1057,214.01,214.08,0.08,+0.04%,22064
"2024-08-21 12:45",214.05,214.09,214,214,-0.06,-0.03%,21030
"2024-08-21 12:44",214.07,214.0779,214.06,214.06,-0.0099,0.00%,12951
"2024-08-21 12:43",214.02,214.0699,214.02,214.0699,0.0199,+0.01%,2262
"2024-08-21 12:42",213.98,214.08,213.98,214.05,0.05,+0.02%,5025
"2024-08-21 12:41",213.98,214,213.98,214,-0.02,-0.01%,741
"2024-08-21 12:40",213.98,214.035,213.98,214.02,0.04,+0.02%,3821
"2024-08-21 12:39",214.01,214.01,213.98,213.98,-0.03,-0.01%,3488
"2024-08-21 12:38",213.97,214.02,213.95,214.01,0.03,+0.01%,5541
"2024-08-21 12:37",213.93,214,213.92,213.98,0.05,+0.02%,8117
"2024-08-21 12:36",213.97,213.99,213.9,213.93,-0.05,-0.02%,3712
"2024-08-21 12:35",213.9,213.99,213.9,213.98,0.07,+0.03%,18764
"2024-08-21 12:34",213.89,213.91,213.871,213.91,0.04,+0.02%,4724
"2024-08-21 12:33",213.83,213.87,213.785,213.87,0.02,+0.01%,9416
"2024-08-21 12:32",213.8,213.85,213.79,213.85,0.06,+0.03%,1700
"2024-08-21 12:31",213.86,213.86,213.73,213.79,-0.05,-0.02%,10471
"2024-08-21 12:30",213.82,213.84,213.77,213.84,0.01,0.00%,6517
"2024-08-21 12:29",213.825,213.855,213.81,213.83,0,0.00%,30827
"2024-08-21 12:28",213.84,213.8601,213.815,213.83,-0.05,-0.02%,13393
"2024-08-21 12:27",213.89,213.95,213.88,213.88,-0.02,-0.01%,4633
"2024-08-21 12:26",213.93,213.94,213.89,213.9,-0.02,-0.01%,6738
"2024-08-21 12:25",213.89,213.93,213.865,213.92,0.05,+0.02%,5011
"2024-08-21 12:24",213.85,213.88,213.81,213.87,0.02,+0.01%,13005
"2024-08-21 12:23",213.915,213.915,213.85,213.85,-0.09,-0.04%,6912
"2024-08-21 12:22",213.87,213.94,213.81,213.94,0.08,+0.04%,14624
"2024-08-21 12:21",213.78,213.87,213.765,213.86,0.05,+0.02%,16375
"2024-08-21 12:20",213.785,213.84,213.75,213.81,0.0275,+0.01%,5238
"2024-08-21 12:19",213.73,213.8,213.69,213.7825,0.0225,+0.01%,16524
"2024-08-21 12:18",213.71,213.76,213.69,213.76,0.06,+0.03%,4704
"2024-08-21 12:17",213.73,213.74,213.68,213.7,-0.0561,-0.03%,5619
"2024-08-21 12:16",213.66,213.76,213.66,213.7561,0.0811,+0.04%,14854
"2024-08-21 12:15",213.72,213.74,213.675,213.675,-0.055,-0.03%,2546
"2024-08-21 12:14",213.71,213.74,213.67,213.73,0.02,+0.01%,2580
"2024-08-21 12:13",213.68,213.71,213.631,213.71,0.04,+0.02%,5814
"2024-08-21 12:12",213.73,213.74,213.63,213.67,-0.07,-0.03%,15275
"2024-08-21 12:11",213.78,213.8,213.71,213.74,-0.04,-0.02%,27998
"2024-08-21 12:10",213.67,213.79,213.65,213.78,0.13,+0.06%,19533
"2024-08-21 12:09",213.7599,213.7599,213.64,213.65,-0.09,-0.04%,19286
"2024-08-21 12:08",213.66,213.81,213.66,213.74,0.08,+0.04%,32132
"2024-08-21 12:07",213.7,213.7,213.645,213.66,-0.05,-0.02%,7251
"2024-08-21 12:06",213.61,213.75,213.61,213.71,0.12,+0.06%,7415
"2024-08-21 12:05",213.585,213.67,213.57,213.59,0.01,0.00%,13523
"2024-08-21 12:04",213.57,213.61,213.53,213.58,-0.02,-0.01%,9310
"2024-08-21 12:03",213.465,213.615,213.435,213.6,0.115,+0.05%,40557
"2024-08-21 12:02",213.74,213.76,213.485,213.485,-0.245,-0.11%,27076
"2024-08-21 12:01",213.69,213.77,213.69,213.73,0.01,0.00%,10389
"2024-08-21 12:00",213.78,213.78,213.66,213.72,-0.06,-0.03%,42957
"2024-08-21 11:59",213.74,213.82,213.7299,213.78,0.04,+0.02%,6612
"2024-08-21 11:58",213.72,213.78,213.68,213.74,0.02,+0.01%,19184
"2024-08-21 11:57",213.835,213.835,213.701,213.72,-0.1,-0.05%,60582
"2024-08-21 11:56",213.93,213.93,213.8,213.82,-0.1,-0.05%,18077
"2024-08-21 11:55",213.88,213.93,213.88,213.92,-0.01,0.00%,8835
"2024-08-21 11:54",213.92,213.94,213.9,213.93,0.01,0.00%,12624
"2024-08-21 11:53",213.95,214.04,213.92,213.92,-0.04,-0.02%,24935
"2024-08-21 11:52",213.93,213.985,213.87,213.96,0.045,+0.02%,21210
"2024-08-21 11:51",213.95,213.975,213.86,213.915,-0.025,-0.01%,17978
"2024-08-21 11:50",213.95,214.02,213.92,213.94,0.01,0.00%,18509
"2024-08-21 11:49",214.02,214.0451,213.9,213.93,-0.13,-0.06%,13051
"2024-08-21 11:48",214.115,214.12,214.03,214.06,-0.1,-0.05%,18676
"2024-08-21 11:47",214.22,214.23,214.14,214.16,-0.05,-0.02%,9448
"2024-08-21 11:46",214.39,214.3914,214.21,214.21,-0.18,-0.08%,21370
"2024-08-21 11:45",214.3,214.4,214.29,214.39,0.1,+0.05%,9474
"2024-08-21 11:44",214.17,214.29,214.17,214.29,0.14,+0.07%,11216
"2024-08-21 11:43",214.27,214.35,214.15,214.15,-0.1,-0.05%,14037
"2024-08-21 11:42",214.38,214.39,214.23,214.25,-0.14,-0.07%,8510
"2024-08-21 11:41",214.39,214.43,214.33,214.39,0.02,+0.01%,9766
"2024-08-21 11:40",214.31,214.3889,214.28,214.37,0.06,+0.03%,24798
"2024-08-21 11:39",214.38,214.38,214.28,214.31,-0.06,-0.03%,19356
"2024-08-21 11:38",214.39,214.4,214.34,214.37,0.025,+0.01%,4356
"2024-08-21 11:37",214.45,214.4699,214.33,214.345,-0.105,-0.05%,38357
"2024-08-21 11:36",214.29,214.45,214.26,214.45,0.14,+0.07%,32413
"2024-08-21 11:35",214.2,214.31,214.2,214.31,0.11,+0.05%,11136
"2024-08-21 11:34",214.2993,214.3,214.14,214.2,-0.08,-0.04%,29174
"2024-08-21 11:33",214.22,214.28,214.18,214.28,0.05,+0.02%,18117
"2024-08-21 11:32",214.13,214.23,214.13,214.23,0.12,+0.06%,26233
"2024-08-21 11:31",214.1287,214.19,214.03,214.11,0.01,0.00%,19802
"2024-08-21 11:30",214.2,214.2,214.09,214.1,-0.11,-0.05%,13567
"2024-08-21 11:29",214.185,214.21,214.1,214.21,0.07,+0.03%,14907
"2024-08-21 11:28",214.1,214.21,214.1,214.14,0.03,+0.01%,31744
"2024-08-21 11:27",214.01,214.12,214.01,214.11,0.11,+0.05%,22651
"2024-08-21 11:26",214.01,214.13,214,214,-0.03,-0.01%,37546
"2024-08-21 11:25",214.04,214.12,213.98,214.03,-0.02,-0.01%,27519
"2024-08-21 11:24",214,214.0691,213.92,214.05,0.04,+0.02%,7700
"2024-08-21 11:23",213.94,214.06,213.83,214.01,0.07,+0.03%,20377
"2024-08-21 11:22",213.79,213.94,213.79,213.94,0.14,+0.07%,15878
"2024-08-21 11:21",213.8499,213.88,213.77,213.8,-0.04,-0.02%,4938
"2024-08-21 11:20",213.9,213.94,213.83,213.84,-0.04,-0.02%,33241
"2024-08-21 11:19",213.99,213.9999,213.79,213.88,-0.1,-0.05%,28541
"2024-08-21 11:18",213.89,214.0352,213.85,213.98,0.08,+0.04%,38246
"2024-08-21 11:17",213.94,213.95,213.86,213.9,-0.03,-0.01%,25553
"2024-08-21 11:16",213.9,213.98,213.85,213.93,0.04,+0.02%,21457
"2024-08-21 11:15",213.84,213.91,213.83,213.89,0.05,+0.02%,16867
"2024-08-21 11:14",213.88,213.905,213.7833,213.84,-0.04,-0.02%,9469
"2024-08-21 11:13",213.848,213.9599,213.848,213.88,0.04,+0.02%,37874
"2024-08-21 11:12",213.91,213.94,213.82,213.84,-0.06,-0.03%,35066
"2024-08-21 11:11",213.71,213.92,213.69,213.9,0.19,+0.09%,53543
"2024-08-21 11:10",213.5,213.725,213.5,213.71,0.21,+0.10%,38531
"2024-08-21 11:09",213.45,213.53,213.45,213.5,0.05,+0.02%,30510
"2024-08-21 11:08",213.45,213.48,213.391,213.45,-0.02,-0.01%,37650
"2024-08-21 11:07",213.54,213.61,213.44,213.47,-0.07,-0.03%,46389
"2024-08-21 11:06",213.51,213.55,213.45,213.54,0.02,+0.01%,47543
"2024-08-21 11:05",213.4,213.58,213.4,213.52,0.11,+0.05%,26115
"2024-08-21 11:04",213.4,213.45,213.36,213.41,0.06,+0.03%,20514
"2024-08-21 11:03",213.3,213.37,213.26,213.35,0.03,+0.01%,12269
"2024-08-21 11:02",213.35,213.4,213.25,213.32,-0.03,-0.01%,30888
"2024-08-21 11:01",213.36,213.36,213.15,213.35,-0.0299,-0.01%,55259
"2024-08-21 11:00",213.45,213.47,213.35,213.3799,-0.1301,-0.06%,32773
"2024-08-21 10:59",213.47,213.53,213.42,213.51,0.01,0.00%,35163
"2024-08-21 10:58",213.395,213.58,213.37,213.5,0.1,+0.05%,65582
"2024-08-21 10:57",213.24,213.41,213.22,213.4,0.1387,+0.07%,41308
"2024-08-21 10:56",213.14,213.28,213.14,213.2613,0.1213,+0.06%,88259
"2024-08-21 10:55",213.17,213.25,213.12,213.14,-0.03,-0.01%,72144
"2024-08-21 10:54",213.33,213.36,213.14,213.17,-0.19,-0.09%,41085
"2024-08-21 10:53",213.35,213.498,213.31,213.36,0.01,0.00%,42644
"2024-08-21 10:52",213.5498,213.5498,213.21,213.35,-0.21,-0.10%,116331
"2024-08-21 10:51",213.59,213.65,213.49,213.56,-0.03,-0.01%,70166
"2024-08-21 10:50",213.89,213.9,213.54,213.59,-0.3,-0.14%,95573
"2024-08-21 10:49",214.01,214.035,213.89,213.89,-0.13,-0.06%,36460
"2024-08-21 10:48",214.223,214.24,213.97,214.02,-0.18,-0.08%,57798
"2024-08-21 10:47",214.48,214.48,214.17,214.2,-0.325,-0.15%,35782
"2024-08-21 10:46",214.45,214.545,214.4,214.525,0.075,+0.03%,29440
"2024-08-21 10:45",214.51,214.54,214.41,214.45,-0.06,-0.03%,36395
"2024-08-21 10:44",214.75,214.79,214.51,214.51,-0.2397,-0.11%,81104
"2024-08-21 10:43",214.65,214.75,214.65,214.7497,0.0997,+0.05%,40437
"2024-08-21 10:42",214.63,214.6937,214.62,214.65,0.02,+0.01%,53282
"2024-08-21 10:41",214.47,214.66,214.47,214.63,0.15,+0.07%,48660
"2024-08-21 10:40",214.33,214.5,214.33,214.48,0.14,+0.07%,72668
"2024-08-21 10:39",214.31,214.36,214.2,214.34,0.01,0.00%,29835
"2024-08-21 10:38",214.37,214.38,214.3,214.33,-0.0501,-0.02%,29586
"2024-08-21 10:37",214.37,214.425,214.31,214.3801,-0.0099,0.00%,142790
"2024-08-21 10:36",213.87,214.43,213.85,214.39,0.54,+0.25%,144953
"2024-08-21 10:35",213.89,213.91,213.77,213.85,-0.0499,-0.02%,61847
"2024-08-21 10:34",213.75,213.902,213.73,213.8999,0.1499,+0.07%,26895
"2024-08-21 10:33",213.64,213.75,213.48,213.75,0.13,+0.06%,70123
"2024-08-21 10:32",213.85,213.91,213.44,213.62,-0.2,-0.09%,61953
"2024-08-21 10:31",213.9,213.9025,213.76,213.82,-0.09,-0.04%,17855
"2024-08-21 10:30",213.72,213.98,213.71,213.91,0.18,+0.08%,25250
"2024-08-21 10:29",213.74,213.77,213.66,213.73,-0.0301,-0.01%,10307
"2024-08-21 10:28",213.68,213.77,213.68,213.7601,0.0901,+0.04%,43697
"2024-08-21 10:27",213.63,213.67,213.55,213.67,0.0199,+0.01%,17424
"2024-08-21 10:26",213.4822,213.66,213.37,213.6501,0.1801,+0.08%,26283
"2024-08-21 10:25",213.41,213.47,213.335,213.47,0.07,+0.03%,20490
"2024-08-21 10:24",213.39,213.47,213.34,213.4,0.02,+0.01%,97062
"2024-08-21 10:23",213.28,213.42,213.245,213.38,0.0864,+0.04%,22086
"2024-08-21 10:22",213.42,213.45,213.2936,213.2936,-0.1214,-0.06%,72527
"2024-08-21 10:21",213.42,213.48,213.34,213.415,0.005,0.00%,28406
"2024-08-21 10:20",213.44,213.56,213.4,213.41,-0.03,-0.01%,15968
"2024-08-21 10:19",213.295,213.4525,213.29,213.44,0.16,+0.08%,33224
"2024-08-21 10:18",213.15,213.31,213.12,213.28,0.12,+0.06%,69122
"2024-08-21 10:17",213.05,213.19,212.95,213.16,0.09,+0.04%,59827
"2024-08-21 10:16",212.83,213.07,212.82,213.07,0.24,+0.11%,61144
"2024-08-21 10:15",213.15,213.15,212.83,212.83,-0.3199,-0.15%,57482
"2024-08-21 10:14",213.5507,213.5507,213.03,213.1499,-0.4038,-0.19%,128340
"2024-08-21 10:13",213.64,213.6927,213.54,213.5537,-0.1063,-0.05%,11343
"2024-08-21 10:12",213.61,213.66,213.53,213.66,0.03,+0.01%,15516
"2024-08-21 10:11",213.76,213.82,213.63,213.63,-0.13,-0.06%,21312
"2024-08-21 10:10",213.67,213.7712,213.63,213.76,0.078,+0.04%,11476
"2024-08-21 10:09",213.63,213.8,213.626,213.682,0.057,+0.03%,33332
"2024-08-21 10:08",213.4879,213.625,213.4,213.625,0.175,+0.08%,21597
"2024-08-21 10:07",213.41,213.5,213.3,213.45,0.03,+0.01%,32771
"2024-08-21 10:06",213.63,213.67,213.37,213.42,-0.2199,-0.10%,31977
"2024-08-21 10:05",213.78,213.78,213.6,213.6399,-0.1501,-0.07%,26910
"2024-08-21 10:04",213.81,213.8799,213.75,213.79,-0.03,-0.01%,31263
"2024-08-21 10:03",213.85,213.85,213.68,213.82,-0.04,-0.02%,61350
"2024-08-21 10:02",213.63,213.88,213.63,213.86,0.26,+0.12%,104254
"2024-08-21 10:01",213.815,213.9,213.6,213.6,-0.22,-0.10%,42782
"2024-08-21 10:00",213.7,213.97,213.54,213.82,0.13,+0.06%,216269
"2024-08-21 09:59",213.63,213.7,213.55,213.69,0.07,+0.03%,43209
"2024-08-21 09:58",213.77,213.8,213.6,213.62,-0.1499,-0.07%,44448
"2024-08-21 09:57",213.71,213.83,213.71,213.7699,0.0799,+0.04%,17636
"2024-08-21 09:56",213.66,213.75,213.62,213.69,0.03,+0.01%,19214
"2024-08-21 09:55",213.34,213.71,213.34,213.66,0.325,+0.15%,41135
"2024-08-21 09:54",213.43,213.46,213.33,213.335,-0.105,-0.05%,47823
"2024-08-21 09:53",213.46,213.58,213.43,213.44,-0.065,-0.03%,21741
"2024-08-21 09:52",213.57,213.58,213.45,213.505,-0.055,-0.03%,21625
"2024-08-21 09:51",213.56,213.575,213.41,213.56,0.03,+0.01%,47570
"2024-08-21 09:50",213.585,213.6599,213.52,213.53,-0.05,-0.02%,52732
"2024-08-21 09:49",213.655,213.67,213.54,213.58,-0.07,-0.03%,28415
"2024-08-21 09:48",213.53,213.65,213.5,213.65,0.11,+0.05%,20861
"2024-08-21 09:47",213.79,213.84,213.49,213.54,-0.24,-0.11%,29587
"2024-08-21 09:46",213.84,213.899,213.73,213.78,-0.02,-0.01%,27758
"2024-08-21 09:45",213.64,213.83,213.61,213.8,0.16,+0.07%,66408
"2024-08-21 09:44",213.37,213.658,213.3625,213.64,0.29,+0.14%,33404
"2024-08-21 09:43",213.33,213.5,213.29,213.35,0.0501,+0.02%,34212
"2024-08-21 09:42",213.27,213.32,213.16,213.2999,0.0399,+0.02%,59038
"2024-08-21 09:41",213.501,213.51,213.26,213.26,-0.22,-0.10%,49468
"2024-08-21 09:40",213.7169,213.72,213.46,213.48,-0.26,-0.12%,51283
"2024-08-21 09:39",213.76,213.85,213.72,213.74,-0.01,0.00%,41869
"2024-08-21 09:38",213.6999,213.78,213.63,213.75,0.06,+0.03%,36533
"2024-08-21 09:37",213.835,213.85,213.69,213.69,-0.14,-0.07%,40959
"2024-08-21 09:36",213.8,213.89,213.75,213.83,0.01,0.00%,72349
"2024-08-21 09:35",213.85,213.9,213.745,213.82,0.01,0.00%,64556
"2024-08-21 09:34",213.815,213.87,213.705,213.81,-0.02,-0.01%,50946
"2024-08-21 09:33",213.98,214.0309,213.814,213.83,-0.22,-0.10%,96045
"2024-08-21 09:32",214.25,214.26,214,214.05,-0.16,-0.07%,69842
"2024-08-21 09:31",214.46,214.5675,214.21,214.21,-0.25,-0.12%,65300
"2024-08-21 09:30",214.28,214.62,214.17,214.46,0.2,+0.09%,231374
"2024-08-21 09:29",214.16,214.26,214.1306,214.26,0.09,+0.04%,3757
"2024-08-21 09:28",214.17,214.2,214.17,214.17,-0.09,-0.04%,1107
"2024-08-21 09:27",214.18,214.26,214.13,214.26,0.06,+0.03%,11212
"2024-08-21 09:26",214.21,214.21,214.13,214.2,-0.034,-0.02%,27308
"2024-08-21 09:25",214.24,214.3,214.21,214.234,-0.016,-0.01%,6754
"2024-08-21 09:24",214.25,214.25,214.25,214.25,0.13,+0.06%,5575
"2024-08-21 09:22",214.15,214.16,214.12,214.12,-0.03,-0.01%,1234
"2024-08-21 09:21",214.25,214.25,214.15,214.15,-0.11,-0.05%,2053
"2024-08-21 09:20",214.24,214.26,214.24,214.26,0,0.00%,2030
"2024-08-21 09:19",214.26,214.26,214.26,214.26,-0.02,-0.01%,687
"2024-08-21 09:18",214.25,214.28,214.25,214.28,-0.09,-0.04%,1570
"2024-08-21 09:17",214.17,214.37,214.17,214.37,0.15,+0.07%,15378
"2024-08-21 09:16",214.27,214.27,214.22,214.22,-0.03,-0.01%,3536
"2024-08-21 09:15",214.15,214.26,214.15,214.25,0.0618,+0.03%,9150
"2024-08-21 09:14",214.08,214.19,214.08,214.1882,0.1582,+0.07%,7050
"2024-08-21 09:13",214.05,214.15,214.03,214.03,-0.01,0.00%,7191
"2024-08-21 09:12",213.99,214.05,213.99,214.04,0.08,+0.04%,11550
"2024-08-21 09:11",213.98,213.98,213.96,213.96,-0.05,-0.02%,1701
"2024-08-21 09:10",214.01,214.01,214.01,214.01,0,0.00%,100
"2024-08-21 09:09",214.04,214.08,214.01,214.01,-0.01,0.00%,13717
"2024-08-21 09:08",213.97,214.02,213.97,214.02,0.07,+0.03%,7534
"2024-08-21 09:07",213.94,213.95,213.94,213.95,0.01,0.00%,600
"2024-08-21 09:06",213.96,213.96,213.93,213.94,0,0.00%,1000
"2024-08-21 09:05",213.94,213.94,213.94,213.94,0.04,+0.02%,200
"2024-08-21 09:04",213.89,213.95,213.89,213.9,-0.05,-0.02%,519
"2024-08-21 09:03",213.92,213.95,213.92,213.95,0,0.00%,805
"2024-08-21 09:02",214.02,214.02,213.95,213.95,-0.04,-0.02%,500
"2024-08-21 09:01",213.95,214.01,213.95,213.99,0.04,+0.02%,7145
"2024-08-21 09:00",213.91,213.95,213.91,213.95,0.03,+0.01%,2350
"2024-08-21 08:59",213.92,213.95,213.92,213.92,-0.01,0.00%,4810
"2024-08-21 08:58",213.99,213.99,213.93,213.93,-0.01,0.00%,241
"2024-08-21 08:57",213.94,213.94,213.94,213.94,-0.06,-0.03%,1000
"2024-08-21 08:55",214.05,214.05,214,214,-0.03,-0.01%,4000
"2024-08-21 08:54",214.06,214.06,214.0293,214.03,-0.05,-0.02%,1005
"2024-08-21 08:53",214.066,214.11,214.06,214.08,0,0.00%,580
"2024-08-21 08:52",214.13,214.13,214.08,214.08,-0.01,0.00%,604
"2024-08-21 08:51",214.09,214.09,214.09,214.09,-0.01,0.00%,241
"2024-08-21 08:50",214.14,214.1495,214.08,214.1,-0.05,-0.02%,2804
"2024-08-21 08:49",214.1,214.15,214.1,214.15,0.07,+0.03%,14396
"2024-08-21 08:48",214.11,214.11,214.08,214.08,0.03,+0.01%,1642
"2024-08-21 08:47",214.12,214.14,214.05,214.05,-0.04,-0.02%,4777
"2024-08-21 08:46",214.09,214.11,214.09,214.09,0.01,0.00%,4354
"2024-08-21 08:45",214.14,214.14,214.06,214.08,-0.09,-0.04%,2984
"2024-08-21 08:44",214.14,214.2,214.14,214.17,0.09,+0.04%,10428
"2024-08-21 08:43",214.06,214.11,214.06,214.08,0.03,+0.01%,16658
"2024-08-21 08:42",214.05,214.05,214.05,214.05,-0.01,0.00%,148
"2024-08-21 08:41",214.06,214.06,214.06,214.06,-0.01,0.00%,480
"2024-08-21 08:40",214,214.08,214,214.07,0.09,+0.04%,7410
"2024-08-21 08:39",213.98,213.98,213.98,213.98,-0.02,-0.01%,400
"2024-08-21 08:38",214,214,214,214,0.1,+0.05%,100
"2024-08-21 08:36",213.93,213.93,213.9,213.9,-0.03,-0.01%,875
"2024-08-21 08:35",213.93,213.93,213.91,213.93,-0.02,-0.01%,561
"2024-08-21 08:34",213.9,213.95,213.9,213.95,0.0003,0.00%,654
"2024-08-21 08:33",213.9497,213.9497,213.9497,213.9497,0.0397,+0.02%,100
"2024-08-21 08:32",213.91,213.93,213.91,213.91,0,0.00%,2040
"2024-08-21 08:30",213.9,213.94,213.9,213.91,-0.01,0.00%,2107
"2024-08-21 08:29",213.95,213.96,213.92,213.92,-0.01,0.00%,8447
"2024-08-21 08:27",213.93,213.93,213.93,213.93,-0.03,-0.01%,100
"2024-08-21 08:26",213.96,214.01,213.94,213.96,0.06,+0.03%,7103
"2024-08-21 08:25",213.78,213.9,213.78,213.9,0.12,+0.06%,1804
"2024-08-21 08:24",213.78,213.78,213.78,213.78,0,0.00%,1416
"2024-08-21 08:23",213.78,213.79,213.78,213.78,0.05,+0.02%,5100
"2024-08-21 08:22",213.78,213.79,213.73,213.73,-0.07,-0.03%,1950
"2024-08-21 08:21",213.77,213.8,213.75,213.8,0.05,+0.02%,6803
"2024-08-21 08:20",213.71,213.774,213.71,213.75,0.03,+0.01%,2100
"2024-08-21 08:18",213.7,213.72,213.7,213.72,0.13,+0.06%,700
"2024-08-21 08:16",213.59,213.59,213.59,213.59,-0.02,-0.01%,126
"2024-08-21 08:15",213.57,213.61,213.57,213.61,-0.02,-0.01%,300
"2024-08-21 08:14",213.6,213.63,213.5708,213.63,0.09,+0.04%,1889
"2024-08-21 08:11",213.4619,213.54,213.4619,213.54,0.04,+0.02%,1100
"2024-08-21 08:10",213.5,213.5,213.5,213.5,0.02,+0.01%,249
"2024-08-21 08:09",213.42,213.48,213.42,213.48,-0.02,-0.01%,1400
"2024-08-21 08:08",213.53,213.55,213.5,213.5,-0.04,-0.02%,922
"2024-08-21 08:07",213.52,213.54,213.52,213.54,0.01,0.00%,300
"2024-08-21 08:06",213.52,213.53,213.5,213.53,-0.06,-0.03%,3300
"2024-08-21 08:03",213.54,213.59,213.54,213.59,0.03,+0.01%,2500
"2024-08-21 08:02",213.56,213.56,213.56,213.56,0.01,0.00%,100
"2024-08-21 08:01",213.39,213.59,213.32,213.55,-0.03,-0.01%,1647
"2024-08-21 08:00",214.07,214.13,213.27,213.58,-0.08,-0.04%,13683
"2024-08-21 07:56",213.66,213.66,213.66,213.66,0.08,+0.04%,100
"2024-08-21 07:55",213.58,213.58,213.58,213.58,-0.02,-0.01%,247
"2024-08-21 07:54",213.6,213.6,213.6,213.6,-0.01,0.00%,100
"2024-08-21 07:53",213.55,213.61,213.55,213.61,0,0.00%,446
"2024-08-21 07:52",213.61,213.61,213.61,213.61,0,0.00%,650
"2024-08-21 07:51",213.64,213.64,213.61,213.61,-0.01,0.00%,430
"2024-08-21 07:49",213.62,213.62,213.62,213.62,0.02,+0.01%,103
"2024-08-21 07:48",213.6,213.6,213.6,213.6,-0.009,0.00%,1000
"2024-08-21 07:47",213.59,213.609,213.59,213.609,0.039,+0.02%,300
"2024-08-21 07:46",213.57,213.57,213.57,213.57,-0.03,-0.01%,200
"2024-08-21 07:45",213.6,213.6,213.6,213.6,-0.13,-0.06%,740
"2024-08-21 07:41",213.73,213.73,213.73,213.73,-0.02,-0.01%,166
"2024-08-21 07:40",213.71,213.75,213.71,213.75,0,0.00%,942
"2024-08-21 07:39",213.77,213.77,213.75,213.75,-0.11,-0.05%,694
"2024-08-21 07:38",213.86,213.86,213.86,213.86,-0.01,0.00%,250
"2024-08-21 07:36",213.87,213.87,213.87,213.87,0.02,+0.01%,100
"2024-08-21 07:35",213.85,213.85,213.85,213.85,0.03,+0.01%,119
"2024-08-21 07:32",213.82,213.82,213.82,213.82,0.08,+0.04%,100
"2024-08-21 07:28",213.74,213.74,213.74,213.74,-0.049,-0.02%,662
"2024-08-21 07:27",213.77,213.8,213.77,213.789,-0.051,-0.02%,689
"2024-08-21 07:26",213.84,213.84,213.84,213.84,0,0.00%,100
"2024-08-21 07:25",213.85,213.9,213.84,213.84,-0.02,-0.01%,913
"2024-08-21 07:24",213.86,213.86,213.86,213.86,-0.11,-0.05%,102
"2024-08-21 07:20",213.97,213.97,213.97,213.97,-0.01,0.00%,100
"2024-08-21 07:18",213.91,213.98,213.91,213.98,0,0.00%,1680
"2024-08-21 07:17",213.98,213.98,213.98,213.98,0.04,+0.02%,750
"2024-08-21 07:16",213.88,213.94,213.83,213.94,0.03,+0.01%,17209
"2024-08-21 07:15",213.91,213.91,213.91,213.91,-0.02,-0.01%,200
"2024-08-21 07:14",213.91,213.93,213.9,213.93,0.03,+0.01%,1023
"2024-08-21 07:12",213.9,213.9,213.9,213.9,-0.05,-0.02%,800
"2024-08-21 07:11",213.95,213.95,213.95,213.95,-0.09,-0.04%,300
"2024-08-21 07:10",213.94,214.04,213.94,214.04,0.03,+0.01%,222
"2024-08-21 07:09",214.03,214.03,214.01,214.01,-0.02,-0.01%,1211
"2024-08-21 07:08",213.93,214.25,213.93,214.03,0.1,+0.05%,3729
"2024-08-21 07:07",213.931,213.96,213.93,213.93,-0.05,-0.02%,1059
"2024-08-21 07:06",213.98,213.98,213.98,213.98,-0.03,-0.01%,497
"2024-08-21 07:05",214.02,214.03,214.01,214.01,-0.01,0.00%,2073
"2024-08-21 07:04",214.02,214.02,214.02,214.02,0,0.00%,2627
"2024-08-21 07:03",214.07,214.08,214.01,214.02,-0.07,-0.03%,1960
"2024-08-21 07:02",214.09,214.09,214.09,214.09,-0.06,-0.03%,100
"2024-08-21 07:01",214.15,214.15,214.15,214.15,0.07,+0.03%,100
"2024-08-21 07:00",214.01,214.08,214,214.08,0.02,+0.01%,3781
"2024-08-21 06:59",214.09,214.09,214.06,214.06,-0.01,0.00%,200
"2024-08-21 06:58",214.01,214.07,214.01,214.07,-0.01,0.00%,4300
"2024-08-21 06:56",214.11,214.11,214.05,214.08,0.04,+0.02%,937
"2024-08-21 06:55",214.06,214.08,214.04,214.04,-0.04,-0.02%,1599
"2024-08-21 06:54",214.08,214.08,214.08,214.08,0.12,+0.06%,500
"2024-08-21 06:50",213.96,213.96,213.96,213.96,0,0.00%,140
"2024-08-21 06:49",213.96,213.96,213.96,213.96,0.01,0.00%,500
"2024-08-21 06:45",213.9,213.95,213.9,213.95,0.05,+0.02%,4578
"2024-08-21 06:44",213.94,213.94,213.9,213.9,-0.02,-0.01%,2200
"2024-08-21 06:43",213.92,213.92,213.92,213.92,0.07,+0.03%,140
"2024-08-21 06:41",213.84,213.85,213.84,213.85,-0.04,-0.02%,3980
"2024-08-21 06:39",213.81,213.89,213.81,213.89,0.02,+0.01%,640
"2024-08-21 06:37",213.92,213.93,213.87,213.87,0.07,+0.03%,4300
"2024-08-21 06:35",213.75,213.8,213.75,213.8,-0.05,-0.02%,6340
"2024-08-21 06:33",213.85,213.85,213.85,213.85,0.01,0.00%,138
"2024-08-21 06:32",213.84,213.85,213.84,213.84,-0.01,0.00%,349
"2024-08-21 06:31",213.8,213.85,213.79,213.85,0.06,+0.03%,10236
"2024-08-21 06:30",213.53,213.79,213.53,213.79,0.33,+0.15%,4645
"2024-08-21 06:26",213.46,213.46,213.46,213.46,-0.04,-0.02%,125
"2024-08-21 06:23",213.5,213.5,213.5,213.5,-0.04,-0.02%,187
"2024-08-21 06:20",213.54,213.54,213.54,213.54,-0.06,-0.03%,1000
"2024-08-21 06:17",213.59,213.6,213.59,213.6,0.1,+0.05%,508
"2024-08-21 06:14",213.51,213.51,213.5,213.5,-0.05,-0.02%,4953
"2024-08-21 06:13",213.55,213.55,213.55,213.55,0.09,+0.04%,140
"2024-08-21 06:12",213.46,213.46,213.46,213.46,-0.06,-0.03%,100
"2024-08-21 06:11",213.52,213.52,213.52,213.52,-0.09,-0.04%,100
"2024-08-21 06:04",213.61,213.61,213.61,213.61,0,0.00%,190
"2024-08-21 06:01",213.61,213.61,213.61,213.61,0.04,+0.02%,100
"2024-08-21 05:58",213.5,213.57,213.5,213.57,0.08,+0.04%,500
"2024-08-21 05:57",213.53,213.53,213.49,213.49,-0.06,-0.03%,1200
"2024-08-21 05:56",213.55,213.55,213.55,213.55,0.05,+0.02%,200
"2024-08-21 05:54",213.5,213.5,213.5,213.5,-0.15,-0.07%,500
"2024-08-21 05:44",213.64,213.65,213.64,213.65,0.05,+0.02%,440
"2024-08-21 05:43",213.6,213.6,213.6,213.6,0.02,+0.01%,453
"2024-08-21 05:42",213.58,213.58,213.58,213.58,0.03,+0.01%,108
"2024-08-21 05:39",213.55,213.55,213.55,213.55,0.01,0.00%,500
"2024-08-21 05:36",213.54,213.54,213.54,213.54,0,0.00%,1000
"2024-08-21 05:35",213.54,213.54,213.54,213.54,0.06,+0.03%,200
"2024-08-21 05:34",213.48,213.48,213.48,213.48,-0.15,-0.07%,500
"2024-08-21 05:22",213.63,213.63,213.63,213.63,0.07,+0.03%,474
"2024-08-21 05:20",213.56,213.56,213.56,213.56,0.03,+0.01%,100
"2024-08-21 05:07",213.53,213.53,213.53,213.53,0.18,+0.08%,171
"2024-08-21 04:55",213.35,213.35,213.35,213.35,-0.07,-0.03%,100
"2024-08-21 04:50",213.42,213.42,213.42,213.42,-0.02,-0.01%,100
"2024-08-21 04:39",213.44,213.44,213.44,213.44,0.03,+0.01%,100
"2024-08-21 04:37",213.41,213.41,213.41,213.41,0.06,+0.03%,200
"2024-08-21 04:35",213.35,213.35,213.35,213.35,-0.13,-0.06%,600
"2024-08-21 04:30",213.48,213.48,213.48,213.48,-0.08,-0.04%,100
"2024-08-21 04:28",213.55,213.56,213.55,213.56,0.07,+0.03%,300
"2024-08-21 04:26",213.5,213.5,213.49,213.49,-0.15,-0.07%,400
"2024-08-21 04:21",213.64,213.64,213.64,213.64,-0.05,-0.02%,282
"2024-08-21 04:20",213.69,213.69,213.69,213.69,0,0.00%,100
"2024-08-21 04:18",213.65,213.69,213.65,213.69,0.06,+0.03%,400
"2024-08-21 04:17",213.63,213.64,213.63,213.63,0.03,+0.01%,510
"2024-08-21 04:16",213.59,213.6,213.58,213.6,-0.03,-0.01%,601
"2024-08-21 04:13",213.62,213.63,213.62,213.63,0.05,+0.02%,250
"2024-08-21 04:11",213.58,213.58,213.58,213.58,-0.01,0.00%,100
"2024-08-21 04:10",213.51,213.6,213.51,213.59,0.11,+0.05%,4102
"2024-08-21 04:08",213.45,213.49,213.44,213.48,0.05,+0.02%,934
"2024-08-21 04:06",213.43,213.43,213.43,213.43,-0.01,0.00%,100
"2024-08-21 04:05",213.48,213.48,213.44,213.44,0.01,0.00%,400
"2024-08-21 04:02",213.46,213.46,213.43,213.43,-0.05,-0.02%,3300
"2024-08-21 04:01",213.52,213.52,213.48,213.48,0,0.00%,660
"2024-08-21 04:00",213.48,213.49,213.43,213.48,0.73,+0.34%,2611
"2024-08-20 19:59",212.74,212.75,212.7305,212.75,-0.02,-0.01%,1380
"2024-08-20 19:58",212.79,212.79,212.77,212.77,0.02,+0.01%,634
"2024-08-20 19:56",212.75,212.75,212.75,212.75,0.0199,+0.01%,167
"2024-08-20 19:54",212.73,212.7301,212.73,212.7301,0.0101,0.00%,302
"2024-08-20 19:53",212.76,212.76,212.72,212.72,-0.02,-0.01%,1350
"2024-08-20 19:51",212.74,212.74,212.74,212.74,-0.04,-0.02%,174
"2024-08-20 19:50",212.77,212.78,212.73,212.78,-0.02,-0.01%,1901
"2024-08-20 19:49",212.81,212.81,212.78,212.8,0,0.00%,1800
"2024-08-20 19:45",212.8,212.8,212.8,212.8,0,0.00%,8310
"2024-08-20 19:44",212.82,212.82,212.8,212.8,0,0.00%,16600
"2024-08-20 19:43",212.85,212.85,212.8,212.8,-0.05,-0.02%,24928
"2024-08-20 19:42",212.85,212.85,212.85,212.85,-0.01,0.00%,100
"2024-08-20 19:40",212.89,212.89,212.86,212.86,0.01,0.00%,540
"2024-08-20 19:39",212.87,212.87,212.85,212.85,-0.04,-0.02%,940
"2024-08-20 19:38",212.89,212.89,212.89,212.89,0,0.00%,100
"2024-08-20 19:37",212.89,212.89,212.89,212.89,-0.08,-0.04%,500
"2024-08-20 19:36",212.92,212.97,212.92,212.97,0.08,+0.04%,1021
"2024-08-20 19:35",212.89,212.89,212.89,212.89,0.08,+0.04%,1000
"2024-08-20 19:34",212.81,212.81,212.81,212.81,-0.0644,-0.03%,117
"2024-08-20 19:33",212.8744,212.8744,212.8744,212.8744,0.0744,+0.03%,140
"2024-08-20 19:31",212.79,212.8,212.79,212.8,0.05,+0.02%,2985
"2024-08-20 19:30",212.75,212.75,212.75,212.75,0.01,0.00%,1500
"2024-08-20 19:28",212.74,212.74,212.74,212.74,0.03,+0.01%,1100
"2024-08-20 19:27",212.71,212.71,212.71,212.71,-0.03,-0.01%,100
"2024-08-20 19:26",212.74,212.74,212.74,212.74,0,0.00%,100
"2024-08-20 19:19",212.74,212.74,212.74,212.74,-0.02,-0.01%,250
"2024-08-20 19:18",212.76,212.76,212.76,212.76,0.04,+0.02%,100
"2024-08-20 19:15",212.72,212.72,212.72,212.72,0.03,+0.01%,100
"2024-08-20 19:13",212.7,212.7,212.69,212.69,-0.02,-0.01%,499
"2024-08-20 19:12",212.71,212.71,212.71,212.71,-0.03,-0.01%,100
"2024-08-20 19:08",212.74,212.74,212.74,212.74,0,0.00%,319
"2024-08-20 19:06",212.7786,212.7786,212.74,212.74,0.01,0.00%,769
"2024-08-20 19:03",212.73,212.73,212.73,212.73,-0.0357,-0.02%,141
"2024-08-20 18:54",212.74,212.7657,212.74,212.7657,0.0257,+0.01%,953
"2024-08-20 18:53",212.74,212.74,212.74,212.74,-0.06,-0.03%,102
"2024-08-20 18:49",212.8,212.8,212.8,212.8,0,0.00%,500
"2024-08-20 18:47",212.74,212.8,212.74,212.8,0.03,+0.01%,244
"2024-08-20 18:45",212.8,212.8,212.77,212.77,0,0.00%,533
"2024-08-20 18:43",212.77,212.77,212.77,212.77,0.05,+0.02%,1078
"2024-08-20 18:39",212.72,212.72,212.72,212.72,-0.02,-0.01%,200
"2024-08-20 18:38",212.76,212.76,212.74,212.74,0.0091,0.00%,700
"2024-08-20 18:37",212.7309,212.7309,212.7309,212.7309,0.0409,+0.02%,936
"2024-08-20 18:36",212.69,212.69,212.69,212.69,-0.02,-0.01%,190620
"2024-08-20 18:31",212.71,212.71,212.71,212.71,-0.02,-0.01%,593
"2024-08-20 18:28",212.73,212.73,212.73,212.73,0,0.00%,100
"2024-08-20 18:27",212.73,212.73,212.73,212.73,-0.03,-0.01%,100
"2024-08-20 18:24",212.76,212.76,212.76,212.76,0.04,+0.02%,100
"2024-08-20 18:20",212.72,212.72,212.72,212.72,0.05,+0.02%,100
"2024-08-20 18:18",212.67,212.67,212.67,212.67,0.02,+0.01%,325
"2024-08-20 18:16",212.65,212.65,212.65,212.65,-0.02,-0.01%,100
"2024-08-20 18:13",212.67,212.67,212.67,212.67,-0.03,-0.01%,100
"2024-08-20 18:12",212.7,212.7,212.7,212.7,0.01,0.00%,397
"2024-08-20 18:06",212.69,212.69,212.69,212.69,0.02,+0.01%,603
"2024-08-20 18:05",212.75,212.75,212.67,212.67,-0.07,-0.03%,6054
"2024-08-20 18:02",212.74,212.74,212.74,212.74,0.03,+0.01%,140
"2024-08-20 18:00",212.79,212.8,212.71,212.71,-0.11,-0.05%,3429
"2024-08-20 17:53",212.82,212.82,212.82,212.82,0.02,+0.01%,160
"2024-08-20 17:52",212.8,212.8,212.8,212.8,0.01,0.00%,926
"2024-08-20 17:50",212.79,212.79,212.79,212.79,0.04,+0.02%,500
"2024-08-20 17:49",212.75,212.75,212.75,212.75,0,0.00%,100
"2024-08-20 17:48",212.8,212.8,212.75,212.75,-0.05,-0.02%,1539
"2024-08-20 17:47",212.8,212.8,212.8,212.8,0,0.00%,171
"2024-08-20 17:46",212.8,212.8,212.8,212.8,-0.02,-0.01%,105
"2024-08-20 17:42",212.8198,212.82,212.8198,212.82,0.06,+0.03%,600
"2024-08-20 17:33",212.76,212.76,212.76,212.76,0.03,+0.01%,100
"2024-08-20 17:23",212.73,212.73,212.73,212.73,-0.04,-0.02%,166
"2024-08-20 17:19",212.77,212.77,212.77,212.77,-0.02,-0.01%,250
"2024-08-20 17:18",212.77,212.79,212.77,212.79,0.05,+0.02%,536
"2024-08-20 17:14",212.74,212.74,212.74,212.74,-0.016,-0.01%,100
"2024-08-20 17:12",212.75,212.756,212.75,212.756,0.006,0.00%,300
"2024-08-20 17:11",212.75,212.75,212.75,212.75,-0.03,-0.01%,250
"2024-08-20 17:10",212.78,212.78,212.78,212.78,0.05,+0.02%,100
"2024-08-20 17:03",212.73,212.73,212.73,212.73,-0.1086,-0.05%,129
"2024-08-20 17:02",212.8386,212.8386,212.8386,212.8386,0.0786,+0.04%,150
"2024-08-20 17:00",212.76,212.76,212.76,212.76,-0.06,-0.03%,499
"2024-08-20 16:59",212.82,212.84,212.82,212.82,0.04,+0.02%,433
"2024-08-20 16:58",212.77,212.78,212.77,212.78,-0.01,0.00%,637
"2024-08-20 16:57",212.82,212.82,212.79,212.79,-0.06,-0.03%,500
"2024-08-20 16:56",212.85,212.85,212.85,212.85,0.03,+0.01%,500
"2024-08-20 16:54",212.76,212.82,212.76,212.82,0.06,+0.03%,300
"2024-08-20 16:53",212.76,212.76,212.76,212.76,0,0.00%,100
"2024-08-20 16:52",212.76,212.76,212.76,212.76,0.01,0.00%,100
"2024-08-20 16:50",212.74,212.75,212.74,212.75,0.01,0.00%,200
"2024-08-20 16:49",212.75,212.76,212.73,212.74,-0.01,0.00%,900
"2024-08-20 16:48",212.75,212.76,212.73,212.75,-0.03,-0.01%,2737
"2024-08-20 16:47",212.8,212.8,212.76,212.78,-0.02,-0.01%,1432
"2024-08-20 16:46",212.82,212.82,212.8,212.8,-0.05,-0.02%,4550
"2024-08-20 16:45",212.85,212.85,212.85,212.85,0.01,0.00%,100
"2024-08-20 16:43",212.82,212.84,212.82,212.84,0.07,+0.03%,2500
"2024-08-20 16:41",212.77,212.77,212.77,212.77,-0.0099,0.00%,150
"2024-08-20 16:40",212.7799,212.7799,212.7799,212.7799,-0.0001,0.00%,100
"2024-08-20 16:39",212.78,212.78,212.78,212.78,-0.07,-0.03%,400
"2024-08-20 16:35",212.86,212.86,212.85,212.85,-0.02,-0.01%,3815
"2024-08-20 16:34",212.9,212.9,212.87,212.87,-0.03,-0.01%,700
"2024-08-20 16:33",212.9,212.9,212.9,212.9,0.21,+0.10%,6900
"2024-08-20 16:32",212.69,212.69,212.69,212.69,-0.19,-0.09%,1270000
"2024-08-20 16:31",212.88,212.88,212.88,212.88,0.02,+0.01%,500
"2024-08-20 16:30",212.81,212.86,212.8,212.86,0.04,+0.02%,10873
"2024-08-20 16:29",212.82,212.82,212.82,212.82,0,0.00%,400
"2024-08-20 16:28",212.82,212.82,212.82,212.82,-0.02,-0.01%,5243
"2024-08-20 16:27",212.85,212.85,212.84,212.84,-0.01,0.00%,718
"2024-08-20 16:26",212.86,212.86,212.85,212.85,-0.04,-0.02%,8275
"2024-08-20 16:25",212.69,212.96,212.69,212.89,-0.05,-0.02%,1569
"2024-08-20 16:24",212.94,212.985,212.86,212.94,-0.01,0.00%,64669
"2024-08-20 16:23",212.95,212.965,212.95,212.95,-0.02,-0.01%,3399
"2024-08-20 16:22",213.005,213.005,212.97,212.97,-0.03,-0.01%,10370
"2024-08-20 16:21",213.01,213.01,212.97,213,-0.0005,0.00%,6680
"2024-08-20 16:20",213.01,213.01,213.0005,213.0005,-0.0295,-0.01%,1930
"2024-08-20 16:19",213.03,213.03,213.03,213.03,-0.01,0.00%,100
"2024-08-20 16:18",213.02,213.04,213.01,213.04,-0.01,0.00%,519
"2024-08-20 16:17",213.03,213.05,213.03,213.05,0,0.00%,441
"2024-08-20 16:16",213.05,213.05,213.04,213.05,0.01,0.00%,3091
"2024-08-20 16:15",213.07,213.07,213.03,213.04,-0.02,-0.01%,2865
"2024-08-20 16:14",213.04,213.06,213.04,213.06,0.05,+0.02%,1975
"2024-08-20 16:13",212.99,213.01,212.99,213.01,0.02,+0.01%,7161
"2024-08-20 16:12",212.99,212.99,212.99,212.99,0.02,+0.01%,2310
"2024-08-20 16:11",212.97,212.98,212.95,212.97,0.01,0.00%,6501
"2024-08-20 16:10",212.98,212.98,212.69,212.96,-0.01,0.00%,6780
"2024-08-20 16:09",212.93,212.97,212.92,212.97,0.04,+0.02%,2522
"2024-08-20 16:08",212.86,212.95,212.86,212.93,0.04,+0.02%,21580
"2024-08-20 16:07",212.87,212.89,212.84,212.89,0,0.00%,1800
"2024-08-20 16:06",212.89,212.92,212.88,212.89,-0.03,-0.01%,14069
"2024-08-20 16:05",212.93,212.93,212.91,212.92,0.04,+0.02%,2390
"2024-08-20 16:04",212.9,212.9,212.88,212.88,-0.02,-0.01%,12463
"2024-08-20 16:03",212.86,212.9,212.86,212.9,0.04,+0.02%,29450
"2024-08-20 16:02",212.83,212.86,212.81,212.86,0.01,0.00%,42831
"2024-08-20 16:01",212.85,212.88,212.69,212.85,0.01,0.00%,31856
"2024-08-20 16:00",212.69,212.9,212.69,212.84,0.07,+0.03%,150553
"2024-08-20 15:59",212.74,212.77,212.66,212.77,0.03,+0.01%,1359657
"2024-08-20 15:58",212.7,212.74,212.69,212.74,0.05,+0.02%,112669
"2024-08-20 15:57",212.785,212.82,212.68,212.69,-0.1,-0.05%,119465
"2024-08-20 15:56",212.75,212.81,212.74,212.79,0.02,+0.01%,106549
"2024-08-20 15:55",212.75,212.86,212.73,212.77,0.01,0.00%,65212
"2024-08-20 15:54",212.83,212.84,212.7,212.76,-0.08,-0.04%,118736
"2024-08-20 15:53",212.88,212.88,212.785,212.84,-0.035,-0.02%,92037
"2024-08-20 15:52",213.015,213.02,212.835,212.875,-0.141,-0.07%,65506
"2024-08-20 15:51",213.05,213.08,212.98,213.016,-0.054,-0.03%,29087
"2024-08-20 15:50",213.09,213.17,212.985,213.07,-0.01,0.00%,74417
"2024-08-20 15:49",213.065,213.1,213.045,213.08,0.02,+0.01%,67124
"2024-08-20 15:48",213.055,213.0799,213.03,213.06,0.005,0.00%,15608
"2024-08-20 15:47",213.005,213.06,212.96,213.055,0.0461,+0.02%,14154
"2024-08-20 15:46",212.99,213.035,212.97,213.0089,0.0139,+0.01%,21459
"2024-08-20 15:45",212.98,213.035,212.98,212.995,0.015,+0.01%,25663
"2024-08-20 15:44",213.03,213.0363,212.97,212.98,-0.05,-0.02%,33280
"2024-08-20 15:43",212.97,213.03,212.965,213.03,0.07,+0.03%,25510
"2024-08-20 15:42",212.975,213.01,212.96,212.96,-0.02,-0.01%,13564
"2024-08-20 15:41",213,213.02,212.95,212.98,-0.03,-0.01%,46080
"2024-08-20 15:40",212.965,213.02,212.93,213.01,0.04,+0.02%,21473
"2024-08-20 15:39",213.0299,213.0299,212.945,212.97,-0.06,-0.03%,17663
"2024-08-20 15:38",213.03,213.035,212.99,213.03,0.01,0.00%,14778
"2024-08-20 15:37",212.975,213.05,212.955,213.02,0.05,+0.02%,13488
"2024-08-20 15:36",213.02,213.05,212.94,212.97,-0.07,-0.03%,69937
"2024-08-20 15:35",213.07,213.09,213.015,213.04,-0.04,-0.02%,11702
"2024-08-20 15:34",213.05,213.08,213.02,213.08,0.03,+0.01%,23450
"2024-08-20 15:33",213.08,213.08,212.9803,213.05,-0.03,-0.01%,19491
"2024-08-20 15:32",213.11,213.14,213.07,213.08,-0.03,-0.01%,19773
"2024-08-20 15:31",213.19,213.19,213.0803,213.11,-0.0801,-0.04%,47066
"2024-08-20 15:30",213.15,213.2,213.1399,213.1901,0.0302,+0.01%,15189
"2024-08-20 15:29",213.19,213.19,213.15,213.1599,-0.0301,-0.01%,21149
"2024-08-20 15:28",213.25,213.26,213.17,213.19,-0.07,-0.03%,34391
"2024-08-20 15:27",213.215,213.265,213.21,213.26,0.05,+0.02%,24304
"2024-08-20 15:26",213.181,213.22,213.17,213.21,0.02,+0.01%,40797
"2024-08-20 15:25",213.24,213.24,213.18,213.19,-0.04,-0.02%,4270
"2024-08-20 15:24",213.25,213.26,213.2,213.23,-0.025,-0.01%,12608
"2024-08-20 15:23",213.19,213.255,213.19,213.255,0.055,+0.03%,16892
"2024-08-20 15:22",213.2,213.22,213.185,213.2,0,0.00%,16295
"2024-08-20 15:21",213.2784,213.2784,213.195,213.2,-0.07,-0.03%,22383
"2024-08-20 15:20",213.255,213.29,213.25,213.27,0.02,+0.01%,18538
"2024-08-20 15:19",213.21,213.25,213.21,213.25,0.0499,+0.02%,5099
"2024-08-20 15:18",213.2003,213.205,213.16,213.2001,-0.0049,0.00%,9460
"2024-08-20 15:17",213.22,213.22,213.17,213.205,-0.035,-0.02%,15061
"2024-08-20 15:16",213.21,213.25,213.195,213.24,0.04,+0.02%,17245
"2024-08-20 15:15",213.23,213.26,213.19,213.2,-0.02,-0.01%,18530
"2024-08-20 15:14",213.18,213.22,213.175,213.22,0.05,+0.02%,4899
"2024-08-20 15:13",213.19,213.23,213.16,213.17,-0.02,-0.01%,15742
"2024-08-20 15:12",213.17,213.2,213.15,213.19,0.03,+0.01%,17236
"2024-08-20 15:11",213.15,213.18,213.14,213.16,0.0199,+0.01%,18194
"2024-08-20 15:10",213.11,213.1503,213.11,213.1401,0.0401,+0.02%,9788
"2024-08-20 15:09",213.09,213.1,213.07,213.1,0,0.00%,7113
"2024-08-20 15:08",213.15,213.155,213.09,213.1,-0.06,-0.03%,16026
"2024-08-20 15:07",213.115,213.18,213.11,213.16,0.045,+0.02%,16413
"2024-08-20 15:06",213.14,213.14,213.08,213.115,-0.035,-0.02%,14401
"2024-08-20 15:05",213.12,213.15,213.055,213.15,0.0417,+0.02%,7976
"2024-08-20 15:04",213.0701,213.145,213.0701,213.1083,0.0383,+0.02%,7187
"2024-08-20 15:03",213.09,213.1,213.04,213.07,-0.01,0.00%,21575
"2024-08-20 15:02",213.16,213.19,213.065,213.08,-0.0717,-0.03%,24976
"2024-08-20 15:01",213.12,213.17,213.11,213.1517,0.0417,+0.02%,9401
"2024-08-20 15:00",213.135,213.135,213.05,213.11,-0.03,-0.01%,8578
"2024-08-20 14:59",213.11,213.16,213.11,213.14,0.0299,+0.01%,8321
"2024-08-20 14:58",213.13,213.13,213.08,213.1101,-0.0299,-0.01%,6251
"2024-08-20 14:57",213.17,213.19,213.12,213.14,-0.02,-0.01%,8090
"2024-08-20 14:56",213.13,213.17,213.13,213.16,0.03,+0.01%,5200
"2024-08-20 14:55",213.17,213.17,213.08,213.13,-0.04,-0.02%,8537
"2024-08-20 14:54",213.13,213.1764,213.13,213.17,0.06,+0.03%,9239
"2024-08-20 14:53",213.14,213.14,213.08,213.11,-0.04,-0.02%,23404
"2024-08-20 14:52",213.22,213.22,213.09,213.15,-0.07,-0.03%,23766
"2024-08-20 14:51",213.275,213.275,213.21,213.22,-0.06,-0.03%,5819
"2024-08-20 14:50",213.25,213.28,213.23,213.28,0.03,+0.01%,11222
"2024-08-20 14:49",213.25,213.255,213.21,213.25,0.0091,0.00%,7154
"2024-08-20 14:48",213.21,213.26,213.205,213.2409,0.0409,+0.02%,7506
"2024-08-20 14:47",213.14,213.23,213.14,213.2,0.06,+0.03%,12960
"2024-08-20 14:46",213.1199,213.18,213.1,213.14,0.03,+0.01%,7448
"2024-08-20 14:45",213.1,213.11,213.06,213.11,0.0002,0.00%,8238
"2024-08-20 14:44",213.16,213.16,213.1098,213.1098,-0.0452,-0.02%,4193
"2024-08-20 14:43",213.1501,213.195,213.1501,213.155,-0.001,0.00%,9939
"2024-08-20 14:42",213.13,213.156,213.12,213.156,0.021,+0.01%,4014
"2024-08-20 14:41",213.175,213.175,213.1201,213.135,-0.045,-0.02%,3348
"2024-08-20 14:40",213.1303,213.185,213.1303,213.18,0.0306,+0.01%,3500
"2024-08-20 14:39",213.15,213.17,213.13,213.1494,-0.0006,0.00%,9414
"2024-08-20 14:38",213.14,213.17,213.13,213.15,0.0205,+0.01%,4911
"2024-08-20 14:37",213.0935,213.14,213.09,213.1295,0.0429,+0.02%,18354
"2024-08-20 14:36",213.01,213.0866,213.005,213.0866,0.0666,+0.03%,5104
"2024-08-20 14:35",213.025,213.0585,213.02,213.02,0,0.00%,8789
"2024-08-20 14:34",213.08,213.0841,213.02,213.02,-0.055,-0.03%,3697
"2024-08-20 14:33",213.06,213.0818,213.05,213.075,0.009,0.00%,9819
"2024-08-20 14:32",213.04,213.08,213.04,213.066,0.033,+0.02%,2829
"2024-08-20 14:31",213.02,213.05,213.0159,213.033,-0.017,-0.01%,3654
"2024-08-20 14:30",212.995,213.05,212.96,213.05,0.06,+0.03%,8721
"2024-08-20 14:29",213.05,213.05,212.98,212.99,-0.06,-0.03%,20535
"2024-08-20 14:28",213.07,213.08,213.03,213.05,-0.03,-0.01%,16214
"2024-08-20 14:27",213.065,213.09,213.06,213.08,0.0101,0.00%,5522
"2024-08-20 14:26",213.11,213.11,213.0325,213.0699,-0.05,-0.02%,10909
"2024-08-20 14:25",213.18,213.2,213.09,213.1199,-0.0751,-0.04%,8085
"2024-08-20 14:24",213.145,213.195,213.14,213.195,0.04,+0.02%,6151
"2024-08-20 14:23",213.15,213.23,213.1325,213.155,0.005,0.00%,15506
"2024-08-20 14:22",213.13,213.175,213.1,213.15,0.015,+0.01%,10011
"2024-08-20 14:21",213.04,213.135,213.0257,213.135,0.095,+0.04%,8973
"2024-08-20 14:20",213.065,213.07,212.99,213.04,-0.01,0.00%,6302
"2024-08-20 14:19",213.05,213.07,213.01,213.05,0,0.00%,44223
"2024-08-20 14:18",213.08,213.09,213,213.05,-0.0299,-0.01%,29527
"2024-08-20 14:17",212.99,213.0799,212.98,213.0799,0.0865,+0.04%,46915
"2024-08-20 14:16",212.93,213,212.93,212.9934,0.0634,+0.03%,26545
"2024-08-20 14:15",212.9,212.95,212.9,212.93,0.05,+0.02%,22101
"2024-08-20 14:14",212.895,212.895,212.83,212.88,0,0.00%,21385
"2024-08-20 14:13",212.82,212.96,212.82,212.88,0.07,+0.03%,40497
"2024-08-20 14:12",212.73,212.83,212.72,212.81,0.08,+0.04%,37294
"2024-08-20 14:11",212.73,212.79,212.73,212.73,0.01,0.00%,19599
"2024-08-20 14:10",212.71,212.73,212.6864,212.72,0.015,+0.01%,10177
"2024-08-20 14:09",212.73,212.76,212.7,212.705,-0.005,0.00%,15964
"2024-08-20 14:08",212.65,212.74,212.65,212.71,0.06,+0.03%,29530
"2024-08-20 14:07",212.5925,212.65,212.5925,212.65,0.04,+0.02%,9070
"2024-08-20 14:06",212.66,212.67,212.59,212.61,-0.05,-0.02%,18407
"2024-08-20 14:05",212.55,212.66,212.51,212.66,0.1001,+0.05%,36720
"2024-08-20 14:04",212.49,212.56,212.47,212.5599,0.0599,+0.03%,28166
"2024-08-20 14:03",212.43,212.52,212.43,212.5,0.07,+0.03%,37040
"2024-08-20 14:02",212.4,212.43,212.38,212.43,0.05,+0.02%,12437
"2024-08-20 14:01",212.4,212.42,212.37,212.38,-0.02,-0.01%,12550
"2024-08-20 14:00",212.37,212.42,212.345,212.4,0.02,+0.01%,4084
"2024-08-20 13:59",212.39,212.42,212.38,212.38,0,0.00%,35190
"2024-08-20 13:58",212.38,212.42,212.38,212.38,0.0039,0.00%,7891
"2024-08-20 13:57",212.38,212.42,212.375,212.3761,-0.0027,0.00%,14407
"2024-08-20 13:56",212.435,212.44,212.355,212.3788,-0.0612,-0.03%,17530
"2024-08-20 13:55",212.43,212.44,212.405,212.44,0.01,0.00%,9012
"2024-08-20 13:54",212.47,212.49,212.41,212.43,-0.035,-0.02%,4428
"2024-08-20 13:53",212.47,212.47,212.45,212.465,0.015,+0.01%,6340
"2024-08-20 13:52",212.44,212.4617,212.41,212.45,-0.01,0.00%,14417
"2024-08-20 13:51",212.4,212.46,212.395,212.46,0.0699,+0.03%,16155
"2024-08-20 13:50",212.425,212.43,212.36,212.3901,-0.0399,-0.02%,22187
"2024-08-20 13:49",212.4664,212.48,212.43,212.43,-0.035,-0.02%,14412
"2024-08-20 13:48",212.44,212.5,212.4,212.465,0.025,+0.01%,13918
"2024-08-20 13:47",212.41,212.49,212.405,212.44,0.02,+0.01%,24375
"2024-08-20 13:46",212.27,212.42,212.25,212.42,0.1306,+0.06%,51990
"2024-08-20 13:45",212.27,212.2901,212.232,212.2894,-0.0006,0.00%,40330
"2024-08-20 13:44",212.23,212.298,212.23,212.29,0.06,+0.03%,9941
"2024-08-20 13:43",212.205,212.23,212.145,212.23,0.03,+0.01%,12604
"2024-08-20 13:42",212.215,212.23,212.175,212.2,-0.0127,-0.01%,7248
"2024-08-20 13:41",212.24,212.25,212.17,212.2127,-0.0373,-0.02%,68008
"2024-08-20 13:40",212.1987,212.3,212.1987,212.25,0.045,+0.02%,212163
"2024-08-20 13:39",212.23,212.2399,212.16,212.205,-0.035,-0.02%,8958
"2024-08-20 13:38",212.18,212.26,212.15,212.24,0.07,+0.03%,16985
"2024-08-20 13:37",212.13,212.185,212.0999,212.17,0.03,+0.01%,16310
"2024-08-20 13:36",212.255,212.26,212.14,212.14,-0.13,-0.06%,24200
"2024-08-20 13:35",212.29,212.2901,212.26,212.27,-0.0201,-0.01%,7479
"2024-08-20 13:34",212.24,212.3,212.24,212.2901,0.0301,+0.01%,12820
"2024-08-20 13:33",212.28,212.29,212.22,212.26,-0.01,0.00%,7844
"2024-08-20 13:32",212.22,212.28,212.21,212.27,0.05,+0.02%,13713
"2024-08-20 13:31",212.19,212.24,212.16,212.22,0.0201,+0.01%,6886
"2024-08-20 13:30",212.285,212.29,212.19,212.1999,-0.0801,-0.04%,12450
"2024-08-20 13:29",212.25,212.29,212.23,212.28,0.02,+0.01%,18562
"2024-08-20 13:28",212.36,212.36,212.26,212.26,-0.1,-0.05%,34607
"2024-08-20 13:27",212.25,212.36,212.24,212.36,0.13,+0.06%,20589
"2024-08-20 13:26",212.24,212.2699,212.225,212.23,0.02,+0.01%,7817
"2024-08-20 13:25",212.195,212.21,212.1501,212.21,0.01,0.00%,12658
"2024-08-20 13:24",212.1799,212.23,212.11,212.2,0.02,+0.01%,23221
"2024-08-20 13:23",212.2,212.22,212.15,212.18,-0.03,-0.01%,26410
"2024-08-20 13:22",212.13,212.22,212.13,212.21,0.085,+0.04%,22663
"2024-08-20 13:21",212.29,212.3,212.115,212.125,-0.165,-0.08%,51431
"2024-08-20 13:20",212.32,212.34,212.26,212.29,-0.035,-0.02%,16071
"2024-08-20 13:19",212.32,212.33,212.305,212.325,0.005,0.00%,5706
"2024-08-20 13:18",212.35,212.3901,212.3105,212.32,-0.05,-0.02%,9661
"2024-08-20 13:17",212.29,212.4,212.28,212.37,0.09,+0.04%,11741
"2024-08-20 13:16",212.285,212.335,212.27,212.28,-0.0099,0.00%,24267
"2024-08-20 13:15",212.33,212.36,212.26,212.2899,-0.0301,-0.01%,53919
"2024-08-20 13:14",212.43,212.44,212.31,212.32,-0.105,-0.05%,12689
"2024-08-20 13:13",212.48,212.51,212.41,212.425,-0.055,-0.03%,8490
"2024-08-20 13:12",212.47,212.48,212.4,212.48,0.02,+0.01%,10599
"2024-08-20 13:11",212.4,212.51,212.39,212.46,0.0599,+0.03%,15709
"2024-08-20 13:10",212.52,212.53,212.39,212.4001,-0.11,-0.05%,55273
"2024-08-20 13:09",212.39,212.54,212.39,212.5101,0.1151,+0.05%,27993
"2024-08-20 13:08",212.39,212.41,212.3501,212.395,0.01,0.00%,14195
"2024-08-20 13:07",212.32,212.41,212.32,212.385,0.0676,+0.03%,38640
"2024-08-20 13:06",212.1768,212.33,212.1768,212.3174,0.1274,+0.06%,23542
"2024-08-20 13:05",212.22,212.25,212.16,212.19,-0.02,-0.01%,16180
"2024-08-20 13:04",212.12,212.23,212.12,212.21,0.06,+0.03%,15795
"2024-08-20 13:03",212.2,212.21,212.126,212.15,-0.08,-0.04%,17958
"2024-08-20 13:02",212.21,212.24,212.17,212.23,0.03,+0.01%,16712
"2024-08-20 13:01",212.12,212.26,212.1,212.2,0.09,+0.04%,35433
"2024-08-20 13:00",212.3,212.31,212.05,212.11,-0.18,-0.08%,91255
"2024-08-20 12:59",212.36,212.36,212.29,212.29,-0.105,-0.05%,29099
"2024-08-20 12:58",212.39,212.44,212.38,212.395,0.015,+0.01%,19474
"2024-08-20 12:57",212.27,212.4,212.27,212.38,0.1101,+0.05%,17782
"2024-08-20 12:56",212.3189,212.33,212.23,212.2699,-0.0401,-0.02%,22519
"2024-08-20 12:55",212.33,212.345,212.31,212.31,-0.02,-0.01%,12719
"2024-08-20 12:54",212.34,212.345,212.23,212.33,-0.01,0.00%,42028
"2024-08-20 12:53",212.4,212.41,212.32,212.34,-0.05,-0.02%,22910
"2024-08-20 12:52",212.43,212.4455,212.35,212.39,-0.05,-0.02%,72825
"2024-08-20 12:51",212.41,212.5,212.41,212.44,0.03,+0.01%,60159
"2024-08-20 12:50",212.49,212.49,212.405,212.41,-0.0799,-0.04%,23480
"2024-08-20 12:49",212.46,212.51,212.46,212.4899,0.0399,+0.02%,14773
"2024-08-20 12:48",212.48,212.5199,212.45,212.45,-0.03,-0.01%,18346
"2024-08-20 12:47",212.4,212.485,212.395,212.48,0.07,+0.03%,32172
"2024-08-20 12:46",212.465,212.5,212.41,212.41,-0.055,-0.03%,18846
"2024-08-20 12:45",212.45,212.48,212.435,212.465,-0.025,-0.01%,15155
"2024-08-20 12:44",212.44,212.51,212.44,212.49,0.05,+0.02%,26580
"2024-08-20 12:43",212.45,212.46,212.3898,212.44,-0.005,0.00%,30151
"2024-08-20 12:42",212.49,212.5399,212.44,212.445,-0.025,-0.01%,27028
"2024-08-20 12:41",212.51,212.56,212.47,212.47,-0.04,-0.02%,16446
"2024-08-20 12:40",212.54,212.56,212.51,212.51,-0.0383,-0.02%,8409
"2024-08-20 12:39",212.565,212.6,212.545,212.5483,-0.0017,0.00%,33788
"2024-08-20 12:38",212.58,212.585,212.51,212.55,-0.04,-0.02%,23078
"2024-08-20 12:37",212.44,212.6,212.44,212.59,0.13,+0.06%,26488
"2024-08-20 12:36",212.4301,212.495,212.41,212.46,0.01,0.00%,22695
"2024-08-20 12:35",212.541,212.541,212.44,212.45,-0.11,-0.05%,14014
"2024-08-20 12:34",212.52,212.57,212.485,212.56,0.04,+0.02%,15396
"2024-08-20 12:33",212.5,212.52,212.47,212.52,0.02,+0.01%,18417
"2024-08-20 12:32",212.53,212.56,212.49,212.5,-0.035,-0.02%,17816
"2024-08-20 12:31",212.62,212.635,212.51,212.535,-0.0849,-0.04%,43391
"2024-08-20 12:30",212.55,212.65,212.49,212.6199,0.0698,+0.03%,100630
"2024-08-20 12:29",212.55,212.65,212.55,212.5501,-0.0099,0.00%,41258
"2024-08-20 12:28",212.64,212.6578,212.55,212.56,-0.08,-0.04%,36393
"2024-08-20 12:27",212.64,212.66,212.6087,212.64,0,0.00%,4460
"2024-08-20 12:26",212.6899,212.6899,212.6,212.64,-0.02,-0.01%,13946
"2024-08-20 12:25",212.61,212.67,212.605,212.66,0.01,0.00%,5206
"2024-08-20 12:24",212.63,212.6757,212.59,212.65,0.03,+0.01%,14277
"2024-08-20 12:23",212.6,212.695,212.57,212.62,0.03,+0.01%,38352
"2024-08-20 12:22",212.6,212.63,212.59,212.59,-0.0001,0.00%,3190
"2024-08-20 12:21",212.62,212.62,212.57,212.5901,-0.0299,-0.01%,10922
"2024-08-20 12:20",212.57,212.62,212.5199,212.62,0.0401,+0.02%,13560
"2024-08-20 12:19",212.6033,212.66,212.5799,212.5799,-0.0301,-0.01%,14437
"2024-08-20 12:18",212.62,212.66,212.6,212.61,0,0.00%,6886
"2024-08-20 12:17",212.66,212.69,212.59,212.61,-0.051,-0.02%,4295
"2024-08-20 12:16",212.63,212.6899,212.6,212.661,0.021,+0.01%,19421
"2024-08-20 12:15",212.78,212.795,212.63,212.64,-0.16,-0.08%,52555
"2024-08-20 12:14",212.835,212.8399,212.78,212.8,0,0.00%,3897
"2024-08-20 12:13",212.74,212.81,212.7399,212.8,0.045,+0.02%,5861
"2024-08-20 12:12",212.87,212.8901,212.74,212.755,-0.095,-0.04%,17722
"2024-08-20 12:11",212.86,212.87,212.82,212.85,0.01,0.00%,9034
"2024-08-20 12:10",212.96,212.99,212.83,212.84,-0.12,-0.06%,13809
"2024-08-20 12:09",212.92,212.97,212.891,212.96,0.0788,+0.04%,25221
"2024-08-20 12:08",212.9347,212.9393,212.8478,212.8812,-0.0688,-0.03%,2407
"2024-08-20 12:07",212.92,212.965,212.895,212.95,0.04,+0.02%,4593
"2024-08-20 12:06",212.98,212.98,212.9,212.91,-0.06,-0.03%,21472
"2024-08-20 12:05",212.9261,212.97,212.9261,212.97,0.02,+0.01%,2813
"2024-08-20 12:04",212.88,212.95,212.85,212.95,0.08,+0.04%,13104
"2024-08-20 12:03",212.879,212.91,212.83,212.87,-0.01,0.00%,20377
"2024-08-20 12:02",212.8599,212.91,212.85,212.88,0,0.00%,43539
"2024-08-20 12:01",212.88,212.97,212.85,212.88,0.03,+0.01%,25754
"2024-08-20 12:00",213,213.04,212.85,212.85,-0.1412,-0.07%,17894
"2024-08-20 11:59",213.01,213.0525,212.98,212.9912,-0.0188,-0.01%,110823
"2024-08-20 11:58",212.89,213.04,212.89,213.01,0.11,+0.05%,61296
"2024-08-20 11:57",212.83,212.9,212.7899,212.9,0.08,+0.04%,30293
"2024-08-20 11:56",212.769,212.82,212.71,212.82,0.05,+0.02%,43299
"2024-08-20 11:55",212.73,212.78,212.69,212.77,0.0343,+0.02%,37245
"2024-08-20 11:54",212.665,212.74,212.66,212.7357,0.0757,+0.04%,69245
"2024-08-20 11:53",212.575,212.68,212.575,212.66,0.09,+0.04%,11199
"2024-08-20 11:52",212.54,212.59,212.5,212.57,0.03,+0.01%,15206
"2024-08-20 11:51",212.48,212.56,212.46,212.54,0.0402,+0.02%,18212
"2024-08-20 11:50",212.53,212.5412,212.46,212.4998,-0.0102,0.00%,14743
"2024-08-20 11:49",212.46,212.51,212.46,212.51,0.05,+0.02%,4220
"2024-08-20 11:48",212.51,212.51,212.42,212.46,-0.08,-0.04%,12133
"2024-08-20 11:47",212.5,212.54,212.4699,212.54,0.03,+0.01%,5877
"2024-08-20 11:46",212.5,212.5791,212.47,212.51,-0.01,0.00%,14928
"2024-08-20 11:45",212.53,212.57,212.44,212.52,-0.02,-0.01%,13684
"2024-08-20 11:44",212.4401,212.55,212.42,212.54,0.0808,+0.04%,10978
"2024-08-20 11:43",212.66,212.66,212.43,212.4592,-0.1808,-0.09%,40472
"2024-08-20 11:42",212.63,212.68,212.56,212.64,0.02,+0.01%,12658
"2024-08-20 11:41",212.67,212.67,212.5501,212.62,-0.03,-0.01%,15215
"2024-08-20 11:40",212.65,212.69,212.62,212.65,-0.01,0.00%,22099
"2024-08-20 11:39",212.67,212.7,212.63,212.66,0,0.00%,36836
"2024-08-20 11:38",212.62,212.69,212.62,212.66,0.04,+0.02%,50118
"2024-08-20 11:37",212.53,212.62,212.52,212.62,0.09,+0.04%,44821
"2024-08-20 11:36",212.5,212.53,212.43,212.53,0.02,+0.01%,21767
"2024-08-20 11:35",212.49,212.52,212.44,212.51,0.03,+0.01%,18600
"2024-08-20 11:34",212.4199,212.5,212.4199,212.48,0.05,+0.02%,14000
"2024-08-20 11:33",212.46,212.46,212.41,212.43,-0.02,-0.01%,12772
"2024-08-20 11:32",212.46,212.4872,212.39,212.45,0.01,0.00%,14882
"2024-08-20 11:31",212.33,212.46,212.33,212.44,0.05,+0.02%,14145
"2024-08-20 11:30",212.35,212.41,212.34,212.39,0.0001,0.00%,13789
"2024-08-20 11:29",212.2999,212.45,212.27,212.3899,0.0999,+0.05%,31890
"2024-08-20 11:28",212.365,212.365,212.28,212.29,-0.08,-0.04%,17340
"2024-08-20 11:27",212.41,212.43,212.36,212.37,-0.06,-0.03%,30897
"2024-08-20 11:26",212.5099,212.5199,212.365,212.43,-0.07,-0.03%,14847
"2024-08-20 11:25",212.57,212.5901,212.48,212.5,-0.06,-0.03%,11306
"2024-08-20 11:24",212.59,212.61,212.52,212.56,-0.02,-0.01%,9936
"2024-08-20 11:23",212.58,212.63,212.57,212.58,-0.05,-0.02%,28032
"2024-08-20 11:22",212.6,212.64,212.58,212.63,0.01,0.00%,6893
"2024-08-20 11:21",212.7,212.7,212.6,212.62,-0.08,-0.04%,11492
"2024-08-20 11:20",212.57,212.71,212.57,212.7,0.14,+0.07%,27472
"2024-08-20 11:19",212.55,212.56,212.49,212.56,-0.02,-0.01%,8600
"2024-08-20 11:18",212.51,212.58,212.51,212.58,0.09,+0.04%,7979
"2024-08-20 11:17",212.49,212.56,212.48,212.49,-0.01,0.00%,10309
"2024-08-20 11:16",212.5,212.52,212.45,212.5,-0.02,-0.01%,14995
"2024-08-20 11:15",212.47,212.56,212.43,212.52,0.02,+0.01%,41036
"2024-08-20 11:14",212.56,212.59,212.49,212.5,-0.11,-0.05%,28908
"2024-08-20 11:13",212.5,212.62,212.479,212.61,0.1,+0.05%,14072
"2024-08-20 11:12",212.47,212.51,212.47,212.51,0.04,+0.02%,5482
"2024-08-20 11:11",212.53,212.555,212.43,212.47,-0.054,-0.03%,31365
"2024-08-20 11:10",212.62,212.62,212.5,212.524,-0.0859,-0.04%,12943
"2024-08-20 11:09",212.57,212.638,212.57,212.6099,0.0599,+0.03%,12011
"2024-08-20 11:08",212.55,212.6,212.496,212.55,0,0.00%,11823
"2024-08-20 11:07",212.585,212.585,212.46,212.55,-0.05,-0.02%,22226
"2024-08-20 11:06",212.465,212.63,212.465,212.6,0.115,+0.05%,49917
"2024-08-20 11:05",212.43,212.485,212.39,212.485,0.055,+0.03%,12317
"2024-08-20 11:04",212.38,212.47,212.37,212.43,0.05,+0.02%,19169
"2024-08-20 11:03",212.465,212.48,212.37,212.38,-0.08,-0.04%,50686
"2024-08-20 11:02",212.38,212.47,212.33,212.46,0.09,+0.04%,23733
"2024-08-20 11:01",212.43,212.44,212.31,212.37,-0.07,-0.03%,21804
"2024-08-20 11:00",212.41,212.44,212.26,212.44,0.04,+0.02%,51676
"2024-08-20 10:59",212.5,212.5,212.27,212.4,-0.1,-0.05%,43908
"2024-08-20 10:58",212.53,212.63,212.5,212.5,-0.03,-0.01%,26093
"2024-08-20 10:57",212.58,212.61,212.52,212.53,-0.04,-0.02%,16848
"2024-08-20 10:56",212.78,212.78,212.57,212.57,-0.22,-0.10%,34565
"2024-08-20 10:55",212.82,212.88,212.7701,212.79,-0.01,0.00%,36352
"2024-08-20 10:54",212.92,212.92,212.78,212.8,-0.12,-0.06%,22217
"2024-08-20 10:53",212.79,212.92,212.79,212.92,0.135,+0.06%,41832
"2024-08-20 10:52",212.84,212.88,212.77,212.785,-0.0322,-0.02%,18782
"2024-08-20 10:51",212.89,212.89,212.76,212.8172,-0.0828,-0.04%,81106
"2024-08-20 10:50",212.92,212.965,212.88,212.9,-0.01,0.00%,12846
"2024-08-20 10:49",212.84,212.95,212.82,212.91,0.06,+0.03%,43819
"2024-08-20 10:48",212.8801,212.98,212.83,212.85,-0.045,-0.02%,32735
"2024-08-20 10:47",212.91,212.92,212.85,212.895,-0.005,0.00%,22711
"2024-08-20 10:46",212.735,212.91,212.73,212.9,0.16,+0.08%,25970
"2024-08-20 10:45",212.66,212.8,212.66,212.74,0.0999,+0.05%,24075
"2024-08-20 10:44",212.81,212.86,212.6301,212.6401,-0.1684,-0.08%,52827
"2024-08-20 10:43",212.81,212.8763,212.79,212.8085,-0.0015,0.00%,30244
"2024-08-20 10:42",212.84,212.85,212.78,212.81,-0.04,-0.02%,31453
"2024-08-20 10:41",213.08,213.08,212.85,212.85,-0.23,-0.11%,28845
"2024-08-20 10:40",213.03,213.13,213.03,213.08,0.055,+0.03%,34751
"2024-08-20 10:39",212.97,213.11,212.97,213.025,0.0451,+0.02%,21592
"2024-08-20 10:38",213.17,213.17,212.965,212.9799,-0.1801,-0.08%,50566
"2024-08-20 10:37",213.08,213.19,213.01,213.16,0.075,+0.04%,30131
"2024-08-20 10:36",213.21,213.21,213.04,213.085,-0.075,-0.04%,66893
"2024-08-20 10:35",213.31,213.31,213.14,213.16,-0.16,-0.08%,31417
"2024-08-20 10:34",213.27,213.32,213.2,213.32,0.02,+0.01%,92652
"2024-08-20 10:33",213.1,213.3162,213.1,213.3,0.15,+0.07%,20524
"2024-08-20 10:32",213.16,213.25,213.12,213.15,-0.03,-0.01%,38906
"2024-08-20 10:31",213.13,213.2,213.1,213.18,0.06,+0.03%,21904
"2024-08-20 10:30",213.18,213.24,213.09,213.12,-0.08,-0.04%,36997
"2024-08-20 10:29",213.06,213.23,213.03,213.2,0.12,+0.06%,53028
"2024-08-20 10:28",213.17,213.25,213.05,213.08,-0.07,-0.03%,30761
"2024-08-20 10:27",213.31,213.32,213.1,213.15,-0.15,-0.07%,18214
"2024-08-20 10:26",213.21,213.3,213.08,213.3,0.06,+0.03%,35044
"2024-08-20 10:25",213.26,213.3328,213.23,213.24,-0.01,0.00%,32093
"2024-08-20 10:24",213.3,213.3,213.1999,213.25,-0.08,-0.04%,19304
"2024-08-20 10:23",213.23,213.33,213.18,213.33,0.08,+0.04%,40788
"2024-08-20 10:22",213.29,213.36,213.2299,213.25,-0.04,-0.02%,31232
"2024-08-20 10:21",213.21,213.35,213.21,213.29,0.09,+0.04%,68110
"2024-08-20 10:20",213.22,213.29,213.14,213.2,0.02,+0.01%,61595
"2024-08-20 10:19",213.3,213.3,213.16,213.18,-0.11,-0.05%,141905
"2024-08-20 10:18",213.3,213.37,213.19,213.29,-0.02,-0.01%,159051
"2024-08-20 10:17",213.48,213.48,213.23,213.31,-0.17,-0.08%,273397
"2024-08-20 10:16",213.71,213.71,213.45,213.48,-0.23,-0.11%,83469
"2024-08-20 10:15",213.8,213.8094,213.67,213.71,-0.0901,-0.04%,71319
"2024-08-20 10:14",213.77,213.93,213.77,213.8001,0.0101,0.00%,58936
"2024-08-20 10:13",213.73,213.82,213.62,213.79,0.09,+0.04%,56294
"2024-08-20 10:12",213.9,213.96,213.65,213.7,-0.19,-0.09%,178385
"2024-08-20 10:11",214.075,214.15,213.87,213.89,-0.19,-0.09%,83443
"2024-08-20 10:10",214.32,214.32,214.08,214.08,-0.26,-0.12%,10709
"2024-08-20 10:09",214.42,214.42,214.28,214.34,-0.08,-0.04%,14270
"2024-08-20 10:08",214.4,214.46,214.31,214.42,-0.01,0.00%,49963
"2024-08-20 10:07",214.11,214.43,214.1,214.43,0.32,+0.15%,60773
"2024-08-20 10:06",214.195,214.26,214.11,214.11,-0.07,-0.03%,25076
"2024-08-20 10:05",214.3,214.3,214.17,214.18,-0.1,-0.05%,23519
"2024-08-20 10:04",214.38,214.435,214.24,214.28,-0.1,-0.05%,14908
"2024-08-20 10:03",214.24,214.47,214.205,214.38,0.12,+0.06%,27737
"2024-08-20 10:02",214.33,214.35,214.23,214.26,-0.06,-0.03%,16875
"2024-08-20 10:01",214.3275,214.35,214.2,214.32,-0.03,-0.01%,17823
"2024-08-20 10:00",214.36,214.398,214.28,214.35,0,0.00%,13368
"2024-08-20 09:59",214.33,214.36,214.16,214.35,0.01,0.00%,41960
"2024-08-20 09:58",214.54,214.5401,214.33,214.34,-0.18,-0.08%,33743
"2024-08-20 09:57",214.46,214.55,214.4,214.52,0.04,+0.02%,30149
"2024-08-20 09:56",214.42,214.48,214.38,214.48,0.08,+0.04%,25563
"2024-08-20 09:55",214.4,214.46,214.3,214.4,-0.02,-0.01%,24212
"2024-08-20 09:54",214.34,214.49,214.3,214.42,0.06,+0.03%,48893
"2024-08-20 09:53",214.22,214.36,214.21,214.36,0.14,+0.07%,30058
"2024-08-20 09:52",214.17,214.23,214.11,214.22,0.065,+0.03%,37066
"2024-08-20 09:51",214.14,214.3,214.13,214.155,0.005,0.00%,47186
"2024-08-20 09:50",214.2,214.23,214.1,214.15,-0.05,-0.02%,84986
"2024-08-20 09:49",214.06,214.25,214.03,214.2,0.14,+0.07%,56765
"2024-08-20 09:48",214.17,214.17,214.012,214.06,-0.1,-0.05%,48881
"2024-08-20 09:47",214.2,214.21,214.09,214.16,-0.0399,-0.02%,81610
"2024-08-20 09:46",214.365,214.365,214.1999,214.1999,-0.1601,-0.07%,49368
"2024-08-20 09:45",214.67,214.74,214.3557,214.36,-0.34,-0.16%,43613
"2024-08-20 09:44",214.74,214.87,214.7,214.7,-0.04,-0.02%,54950
"2024-08-20 09:43",214.705,214.74,214.56,214.74,0.0306,+0.01%,34545
"2024-08-20 09:42",214.69,214.83,214.68,214.7094,0.0194,+0.01%,76595
"2024-08-20 09:41",214.78,214.7858,214.63,214.69,-0.09,-0.04%,52847
"2024-08-20 09:40",214.48,214.78,214.47,214.78,0.29,+0.14%,42230
"2024-08-20 09:39",214.6,214.6,214.42,214.49,-0.11,-0.05%,69586
"2024-08-20 09:38",214.62,214.72,214.57,214.6,-0.05,-0.02%,49346
"2024-08-20 09:37",214.74,214.81,214.62,214.65,-0.09,-0.04%,29634
"2024-08-20 09:36",214.75,214.86,214.72,214.74,0.04,+0.02%,37311
"2024-08-20 09:35",214.73,214.91,214.6701,214.7,-0.04,-0.02%,61253
"2024-08-20 09:34",214.58,214.76,214.5605,214.74,0.155,+0.07%,174846
"2024-08-20 09:33",214.56,214.65,214.51,214.585,0.015,+0.01%,56983
"2024-08-20 09:32",214.72,214.78,214.5605,214.57,-0.14,-0.07%,103304
"2024-08-20 09:31",214.74,214.89,214.63,214.71,-0.042,-0.02%,75943
"2024-08-20 09:30",214.89,214.95,214.68,214.752,-0.178,-0.08%,275530
"2024-08-20 09:29",215.01,215.01,214.92,214.93,-0.14,-0.07%,2850
"2024-08-20 09:28",215.02,215.07,214.99,215.07,0.02,+0.01%,2846
"2024-08-20 09:27",215.03,215.05,215.03,215.05,-0.01,0.00%,600
"2024-08-20 09:26",215.05,215.06,214.99,215.06,-0.01,0.00%,2400
"2024-08-20 09:25",215.07,215.07,215.07,215.07,-0.03,-0.01%,201
"2024-08-20 09:24",215.1,215.1,215.1,215.1,0.08,+0.04%,200
"2024-08-20 09:23",215.1,215.11,215.02,215.02,-0.08,-0.04%,673
"2024-08-20 09:20",215.1,215.1,215.1,215.1,0.08,+0.04%,200
"2024-08-20 09:19",215,215.02,214.99,215.02,0.03,+0.01%,10477
"2024-08-20 09:18",215.1,215.1,214.99,214.99,-0.17,-0.08%,36027
"2024-08-20 09:17",215.19,215.19,215.16,215.16,0.06,+0.03%,400
"2024-08-20 09:15",215.11,215.11,215.1,215.1,-0.09,-0.04%,300
"2024-08-20 09:14",215.09,215.19,215.09,215.19,0.06,+0.03%,1385
"2024-08-20 09:13",215.16,215.16,215.13,215.13,-0.03,-0.01%,700
"2024-08-20 09:12",215.23,215.23,215.16,215.16,-0.02,-0.01%,732
"2024-08-20 09:11",215.18,215.18,215.18,215.18,-0.06,-0.03%,100
"2024-08-20 09:10",215.1808,215.26,215.1808,215.24,0.1,+0.05%,5500
"2024-08-20 09:09",215.13,215.14,215.13,215.14,0.05,+0.02%,6025
"2024-08-20 09:08",215.08,215.09,215.08,215.09,-0.02,-0.01%,200
"2024-08-20 09:07",215.18,215.18,215.11,215.11,-0.09,-0.04%,12374
"2024-08-20 09:06",215.21,215.21,215.2,215.2,-0.12,-0.06%,930
"2024-08-20 09:04",215.32,215.32,215.32,215.32,-0.09,-0.04%,930
"2024-08-20 09:02",215.41,215.41,215.41,215.41,0,0.00%,1393
"2024-08-20 09:01",215.41,215.41,215.41,215.41,0.04,+0.02%,293
"2024-08-20 09:00",215.3713,215.4,215.37,215.37,0.02,+0.01%,2889
"2024-08-20 08:59",215.24,215.35,215.24,215.35,0.11,+0.05%,3534
"2024-08-20 08:58",215.2,215.24,215.2,215.24,0.04,+0.02%,515
"2024-08-20 08:57",215.17,215.2,215.17,215.2,0.05,+0.02%,1071
"2024-08-20 08:55",215.09,215.17,215.09,215.15,0.01,0.00%,310
"2024-08-20 08:54",215.16,215.16,215.12,215.14,0,0.00%,400
"2024-08-20 08:53",215.14,215.14,215.14,215.14,0.04,+0.02%,250
"2024-08-20 08:52",215.03,215.1,215.02,215.1,0.08,+0.04%,1875
"2024-08-20 08:51",215.03,215.04,214.97,215.02,-0.03,-0.01%,2975
"2024-08-20 08:50",215.07,215.1,215.05,215.05,-0.02,-0.01%,1104
"2024-08-20 08:49",215.07,215.08,215.06,215.07,-0.03,-0.01%,1500
"2024-08-20 08:48",215.16,215.16,215.07,215.1,-0.1,-0.05%,4957
"2024-08-20 08:47",215.25,215.25,215.2,215.2,-0.05,-0.02%,1700
"2024-08-20 08:46",215.25,215.25,215.25,215.25,0,0.00%,100
"2024-08-20 08:45",215.29,215.29,215.25,215.25,-0.09,-0.04%,1900
"2024-08-20 08:44",215.34,215.34,215.34,215.34,-0.04,-0.02%,106
"2024-08-20 08:43",215.38,215.38,215.38,215.38,-0.03,-0.01%,100
"2024-08-20 08:42",215.41,215.41,215.41,215.41,-0.02,-0.01%,247
"2024-08-20 08:41",215.43,215.43,215.43,215.43,0.03,+0.01%,232
"2024-08-20 08:40",215.41,215.41,215.37,215.4,-0.02,-0.01%,4036
"2024-08-20 08:37",215.42,215.42,215.42,215.42,0.06,+0.03%,1430
"2024-08-20 08:36",215.37,215.38,215.36,215.36,0.07,+0.03%,1200
"2024-08-20 08:34",215.29,215.29,215.29,215.29,0.0295,+0.01%,200
"2024-08-20 08:33",215.29,215.29,215.2605,215.2605,-0.0295,-0.01%,839
"2024-08-20 08:32",215.31,215.31,215.26,215.29,-0.01,0.00%,1525
"2024-08-20 08:31",215.31,215.31,215.3,215.3,-0.05,-0.02%,399
"2024-08-20 08:30",215.36,215.36,215.33,215.35,-0.03,-0.01%,806
"2024-08-20 08:29",215.36,215.38,215.36,215.38,0.01,0.00%,1075
"2024-08-20 08:28",215.37,215.37,215.37,215.37,0,0.00%,163
"2024-08-20 08:26",215.37,215.37,215.37,215.37,-0.01,0.00%,208
"2024-08-20 08:25",215.33,215.38,215.33,215.38,0.1,+0.05%,1893
"2024-08-20 08:24",215.32,215.32,215.28,215.28,-0.04,-0.02%,433
"2024-08-20 08:23",215.32,215.32,215.32,215.32,0.01,0.00%,300
"2024-08-20 08:22",215.33,215.33,215.31,215.31,-0.02,-0.01%,4287
"2024-08-20 08:21",215.36,215.36,215.33,215.33,-0.07,-0.03%,1370
"2024-08-20 08:20",215.41,215.41,215.38,215.4,0,0.00%,1400
"2024-08-20 08:19",215.43,215.43,215.39,215.4,-0.05,-0.02%,2348
"2024-08-20 08:18",215.48,215.48,215.45,215.45,-0.07,-0.03%,2000
"2024-08-20 08:17",215.5,215.52,215.48,215.52,0.03,+0.01%,1700
"2024-08-20 08:16",215.49,215.49,215.49,215.49,-0.06,-0.03%,100
"2024-08-20 08:15",215.52,215.57,215.48,215.55,0.07,+0.03%,77789
"2024-08-20 08:12",215.48,215.48,215.48,215.48,-0.07,-0.03%,185
"2024-08-20 08:10",215.59,215.59,215.55,215.55,-0.03,-0.01%,897
"2024-08-20 08:09",215.58,215.58,215.58,215.58,0.09,+0.04%,100
"2024-08-20 08:07",215.49,215.49,215.49,215.49,0.03,+0.01%,100
"2024-08-20 08:05",215.44,215.46,215.44,215.46,0.06,+0.03%,394
"2024-08-20 08:03",215.4,215.4,215.4,215.4,-0.04,-0.02%,300
"2024-08-20 08:02",215.44,215.44,215.44,215.44,-0.04,-0.02%,100
"2024-08-20 08:01",215.48,215.48,215.48,215.48,0.07,+0.03%,1200
"2024-08-20 08:00",215.2288,216.16,215.12,215.41,0.04,+0.02%,6776
"2024-08-20 07:59",215.37,215.37,215.37,215.37,-0.03,-0.01%,100
"2024-08-20 07:55",215.4,215.4,215.4,215.4,0.02,+0.01%,100
"2024-08-20 07:54",215.38,215.38,215.38,215.38,-0.05,-0.02%,155
"2024-08-20 07:51",215.43,215.43,215.43,215.43,0,0.00%,400
"2024-08-20 07:50",215.42,215.43,215.42,215.43,0,0.00%,9600
"2024-08-20 07:49",215.41,215.43,215.41,215.43,0.03,+0.01%,4824
"2024-08-20 07:48",215.4,215.4,215.4,215.4,0.11,+0.05%,300
"2024-08-20 07:43",215.29,215.29,215.29,215.29,0.01,0.00%,495
"2024-08-20 07:42",215.28,215.28,215.28,215.28,-0.07,-0.03%,500
"2024-08-20 07:41",215.35,215.35,215.35,215.35,0.05,+0.02%,589
"2024-08-20 07:40",215.3,215.3,215.3,215.3,0.06,+0.03%,105
"2024-08-20 07:34",215.24,215.24,215.24,215.24,-0.03,-0.01%,750
"2024-08-20 07:33",215.27,215.27,215.27,215.27,0.06,+0.03%,100
"2024-08-20 07:22",215.21,215.21,215.21,215.21,-0.1,-0.05%,340
"2024-08-20 07:21",215.31,215.31,215.31,215.31,0,0.00%,125
"2024-08-20 07:14",215.31,215.31,215.31,215.31,0.01,0.00%,194
"2024-08-20 07:08",215.3,215.3,215.3,215.3,0.06,+0.03%,2000
"2024-08-20 07:06",215.24,215.24,215.24,215.24,-0.19,-0.09%,100
"2024-08-20 07:05",215.43,215.43,215.43,215.43,-0.02,-0.01%,100
"2024-08-20 07:04",215.45,215.45,215.45,215.45,-0.05,-0.02%,343
"2024-08-20 07:03",215.44,215.5,215.44,215.5,0.07,+0.03%,24703
"2024-08-20 07:02",215.34,215.43,215.34,215.43,0.16,+0.07%,26815
"2024-08-20 07:01",215.26,215.27,215.26,215.27,0.04,+0.02%,1284
"2024-08-20 07:00",215.17,215.26,215.17,215.23,0.02,+0.01%,2849
"2024-08-20 06:56",215.21,215.21,215.21,215.21,-0.04,-0.02%,400
"2024-08-20 06:55",215.25,215.25,215.25,215.25,0,0.00%,100
"2024-08-20 06:54",215.25,215.25,215.25,215.25,0.02,+0.01%,100
"2024-08-20 06:51",215.23,215.23,215.23,215.23,-0.05,-0.02%,140
"2024-08-20 06:50",215.28,215.28,215.28,215.28,-0.01,0.00%,300
"2024-08-20 06:48",215.29,215.29,215.29,215.29,0.07,+0.03%,100
"2024-08-20 06:43",215.22,215.22,215.22,215.22,0.06,+0.03%,100
"2024-08-20 06:41",215.16,215.16,215.16,215.16,-0.01,0.00%,100
"2024-08-20 06:30",215.17,215.17,215.17,215.17,-0.03,-0.01%,100
"2024-08-20 06:26",215.2,215.2,215.2,215.2,-0.01,0.00%,100
"2024-08-20 06:24",215.21,215.21,215.21,215.21,0.01,0.00%,100
"2024-08-20 06:22",215.2,215.2,215.2,215.2,0.05,+0.02%,100
"2024-08-20 06:18",215.15,215.15,215.1,215.15,0,0.00%,500
"2024-08-20 06:14",215.15,215.15,215.15,215.15,0.04,+0.02%,200
"2024-08-20 06:13",215.07,215.11,215.07,215.11,0.01,0.00%,408
"2024-08-20 06:11",215.1,215.1,215.1,215.1,0,0.00%,100
"2024-08-20 06:10",215.1,215.1,215.1,215.1,0.04,+0.02%,478
"2024-08-20 06:07",215.06,215.06,215.06,215.06,-0.04,-0.02%,100
"2024-08-20 06:06",215.1,215.1,215.1,215.1,0,0.00%,499
"2024-08-20 06:05",215.1,215.1,215.1,215.1,0,0.00%,521
"2024-08-20 06:04",215.09,215.1,215.09,215.1,0,0.00%,200
"2024-08-20 06:02",215.1,215.1,215.1,215.1,0,0.00%,100
"2024-08-20 06:01",215.04,215.1,215.04,215.1,-0.03,-0.01%,300
"2024-08-20 05:44",215.13,215.13,215.13,215.13,0,0.00%,100
"2024-08-20 05:43",215.15,215.15,215.13,215.13,-0.09,-0.04%,1950
"2024-08-20 05:38",215.22,215.22,215.22,215.22,0.04,+0.02%,429
"2024-08-20 05:37",215.18,215.18,215.18,215.18,-0.03,-0.01%,300
"2024-08-20 05:35",215.21,215.21,215.21,215.21,-0.1,-0.05%,100
"2024-08-20 05:31",215.31,215.31,215.31,215.31,-0.03,-0.01%,126
"2024-08-20 05:30",215.34,215.34,215.34,215.34,-0.04,-0.02%,100
"2024-08-20 05:18",215.38,215.38,215.38,215.38,0.05,+0.02%,100
"2024-08-20 05:17",215.33,215.33,215.33,215.33,0.03,+0.01%,140
"2024-08-20 05:16",215.27,215.3,215.27,215.3,0.11,+0.05%,600
"2024-08-20 05:15",215.19,215.19,215.19,215.19,-0.03,-0.01%,140
"2024-08-20 05:14",215.22,215.22,215.22,215.22,-0.03,-0.01%,200
"2024-08-20 05:10",215.25,215.25,215.25,215.25,-0.01,0.00%,100
"2024-08-20 05:04",215.26,215.26,215.26,215.26,-0.02,-0.01%,400
"2024-08-20 05:01",215.28,215.28,215.28,215.28,0.06,+0.03%,784
"2024-08-20 04:59",215.22,215.22,215.22,215.22,0,0.00%,100
"2024-08-20 04:55",215.22,215.22,215.22,215.22,0,0.00%,100
"2024-08-20 04:54",215.22,215.22,215.22,215.22,-0.03,-0.01%,178
"2024-08-20 04:51",215.25,215.25,215.25,215.25,0.05,+0.02%,100
"2024-08-20 04:50",215.2,215.2,215.2,215.2,0,0.00%,500
"2024-08-20 04:45",215.2,215.2,215.2,215.2,0,0.00%,345
"2024-08-20 04:44",215.2,215.2,215.2,215.2,0.06,+0.03%,100
"2024-08-20 04:43",215.24,215.24,215.14,215.14,-0.08,-0.04%,1036
"2024-08-20 04:41",215.23,215.23,215.22,215.22,-0.13,-0.06%,300
"2024-08-20 04:37",215.35,215.35,215.35,215.35,-0.23,-0.11%,300
"2024-08-20 04:31",215.58,215.58,215.58,215.58,0.02,+0.01%,473
"2024-08-20 04:30",215.56,215.56,215.56,215.56,0.04,+0.02%,100
"2024-08-20 04:22",215.52,215.52,215.52,215.52,-0.1,-0.05%,100
"2024-08-20 04:21",215.62,215.62,215.62,215.62,-0.03,-0.01%,100
"2024-08-20 04:20",215.65,215.65,215.65,215.65,0,0.00%,445
"2024-08-20 04:19",215.65,215.65,215.65,215.65,0.03,+0.01%,195
"2024-08-20 04:18",215.62,215.62,215.62,215.62,-0.1,-0.05%,432
"2024-08-20 04:15",215.72,215.72,215.72,215.72,0.07,+0.03%,103
"2024-08-20 04:14",215.65,215.65,215.65,215.65,-0.17,-0.08%,101
"2024-08-20 04:13",215.82,215.82,215.82,215.82,-0.01,0.00%,123
"2024-08-20 04:11",215.84,215.84,215.83,215.83,-0.08,-0.04%,236
"2024-08-20 04:09",215.91,215.91,215.91,215.91,0.01,0.00%,100
"2024-08-20 04:07",215.9,215.9,215.9,215.9,-0.01,0.00%,217
"2024-08-20 04:06",215.96,215.96,215.89,215.91,0,0.00%,326
"2024-08-20 04:05",215.8,215.91,215.8,215.91,0.08,+0.04%,238
"2024-08-20 04:04",215.77,215.83,215.77,215.83,0,0.00%,303
"2024-08-20 04:03",215.83,215.83,215.83,215.83,-0.16,-0.07%,185
"2024-08-20 04:01",215.99,215.99,215.99,215.99,0.1,+0.05%,100
"2024-08-20 04:00",215.78,215.89,215.78,215.89,0.59,+0.27%,200
"2024-08-19 19:59",215.21,215.3,215.21,215.3,0.11,+0.05%,1602
"2024-08-19 19:58",215.26,215.26,215.19,215.19,-0.11,-0.05%,20305
"2024-08-19 19:57",215.31,215.31,215.3,215.3,0.049,+0.02%,4740
"2024-08-19 19:54",215.251,215.251,215.251,215.251,-0.149,-0.07%,4005
"2024-08-19 19:52",215.39,215.4,215.39,215.4,0.01,0.00%,258
"2024-08-19 19:50",215.39,215.39,215.39,215.39,-0.01,0.00%,600
"2024-08-19 19:48",215.4,215.4,215.4,215.4,0.04,+0.02%,232
"2024-08-19 19:46",215.36,215.36,215.36,215.36,-0.04,-0.02%,1000
"2024-08-19 19:45",215.36,215.4,215.36,215.4,-0.01,0.00%,233
"2024-08-19 19:44",215.41,215.41,215.41,215.41,0.009,0.00%,221
"2024-08-19 19:43",215.38,215.401,215.38,215.401,-0.009,0.00%,584
"2024-08-19 19:39",215.41,215.41,215.41,215.41,0.01,0.00%,168
"2024-08-19 19:36",215.4,215.4,215.4,215.4,-0.03,-0.01%,140
"2024-08-19 19:31",215.43,215.43,215.43,215.43,-0.01,0.00%,500
"2024-08-19 19:29",215.44,215.44,215.44,215.44,0.07,+0.03%,248
"2024-08-19 19:22",215.37,215.37,215.37,215.37,-0.07,-0.03%,100
"2024-08-19 19:19",215.37,215.44,215.37,215.44,0.04,+0.02%,1657
"2024-08-19 19:17",215.4,215.4,215.4,215.4,0.05,+0.02%,100
"2024-08-19 19:15",215.35,215.35,215.35,215.35,0.01,0.00%,127
"2024-08-19 19:04",215.34,215.34,215.34,215.34,0,0.00%,2500
"2024-08-19 19:00",215.34,215.34,215.34,215.34,0.02,+0.01%,200
"2024-08-19 18:53",215.32,215.32,215.32,215.32,-0.05,-0.02%,100
"2024-08-19 18:49",215.37,215.37,215.37,215.37,-0.01,0.00%,100
"2024-08-19 18:46",215.38,215.38,215.38,215.38,-0.04,-0.02%,240
"2024-08-19 18:45",215.42,215.42,215.42,215.42,0,0.00%,298
"2024-08-19 18:44",215.42,215.42,215.42,215.42,-0.05,-0.02%,498
"2024-08-19 18:42",215.47,215.47,215.47,215.47,0.076,+0.04%,250
"2024-08-19 18:38",215.394,215.394,215.394,215.394,0.004,0.00%,100
"2024-08-19 18:35",215.39,215.39,215.39,215.39,0.02,+0.01%,100
"2024-08-19 18:32",215.37,215.37,215.37,215.37,-0.01,0.00%,500
"2024-08-19 18:31",215.39,215.39,215.38,215.38,0,0.00%,800
"2024-08-19 18:30",215.38,215.38,215.38,215.38,0.01,0.00%,957
"2024-08-19 18:29",215.37,215.37,215.37,215.37,0,0.00%,152
"2024-08-19 18:28",215.37,215.37,215.37,215.37,0,0.00%,204
"2024-08-19 18:27",215.36,215.37,215.36,215.37,0.03,+0.01%,600
"2024-08-19 18:26",215.34,215.34,215.34,215.34,0.05,+0.02%,500
"2024-08-19 18:25",215.3,215.3,215.29,215.29,-0.02,-0.01%,483
"2024-08-19 18:24",215.31,215.31,215.31,215.31,-0.05,-0.02%,900
"2024-08-19 18:22",215.36,215.36,215.36,215.36,0.01,0.00%,116
"2024-08-19 18:19",215.35,215.35,215.35,215.35,0.01,0.00%,400
"2024-08-19 18:18",215.38,215.38,215.34,215.34,-0.01,0.00%,439
"2024-08-19 18:17",215.35,215.35,215.35,215.35,0,0.00%,426
"2024-08-19 18:14",215.35,215.35,215.35,215.35,0,0.00%,5976
"2024-08-19 18:13",215.3,215.35,215.3,215.35,0.07,+0.03%,9984
"2024-08-19 18:12",215.28,215.28,215.28,215.28,0.0091,0.00%,621
"2024-08-19 18:06",215.2709,215.2709,215.2709,215.2709,0.0109,+0.01%,400
"2024-08-19 18:03",215.28,215.28,215.26,215.26,-0.01,0.00%,718
"2024-08-19 18:02",215.27,215.27,215.27,215.27,0.04,+0.02%,100
"2024-08-19 18:01",215.25,215.25,215.23,215.23,0.05,+0.02%,920
"2024-08-19 18:00",215.15,215.3,215.15,215.18,-0.02,-0.01%,10851
"2024-08-19 17:57",215,215.2,215,215.2,0.18,+0.08%,23292
"2024-08-19 17:55",215.0008,215.02,215.0008,215.02,-0.02,-0.01%,1100
"2024-08-19 17:53",215.04,215.04,215.04,215.04,-0.09,-0.04%,500
"2024-08-19 17:49",215.13,215.13,215.13,215.13,0.16,+0.07%,136
"2024-08-19 17:36",214.97,214.97,214.97,214.97,-0.03,-0.01%,100
"2024-08-19 17:30",215,215,215,215,0.05,+0.02%,500
"2024-08-19 17:29",214.95,214.95,214.95,214.95,-0.05,-0.02%,4941
"2024-08-19 17:27",215,215,215,215,-0.0899,-0.04%,104
"2024-08-19 17:17",215.09,215.09,215.0899,215.0899,0.0099,0.00%,200
"2024-08-19 17:16",215.08,215.08,215.08,215.08,-0.01,0.00%,100
"2024-08-19 17:14",215.09,215.09,215.09,215.09,0.08,+0.04%,100
"2024-08-19 17:10",215.01,215.01,215.01,215.01,-0.07,-0.03%,258
"2024-08-19 17:04",215.08,215.08,215.08,215.08,0.001,0.00%,141
"2024-08-19 17:02",215.079,215.079,215.079,215.079,-0.001,0.00%,500
"2024-08-19 17:00",215.08,215.08,215.08,215.08,0.02,+0.01%,100
"2024-08-19 16:59",215.12,215.12,215.06,215.06,0.04,+0.02%,3073
"2024-08-19 16:58",215.02,215.02,215.02,215.02,-0.02,-0.01%,160
"2024-08-19 16:57",215.04,215.04,215.04,215.04,0.04,+0.02%,900
"2024-08-19 16:56",215,215,215,215,0.02,+0.01%,250
"2024-08-19 16:55",215.02,215.02,214.98,214.98,-0.04,-0.02%,2300
"2024-08-19 16:54",215.03,215.03,215.02,215.02,-0.18,-0.08%,2380
"2024-08-19 16:53",215.04,215.2,215.04,215.2,0.1699,+0.08%,254243
"2024-08-19 16:50",215.0301,215.0301,215.0301,215.0301,0.0301,+0.01%,300
"2024-08-19 16:49",215.01,215.01,214.98,215,-0.04,-0.02%,2796
"2024-08-19 16:47",215.05,215.05,215.03,215.04,-0.02,-0.01%,4000
"2024-08-19 16:46",215.08,215.08,215.06,215.06,-0.03,-0.01%,5070
"2024-08-19 16:45",215.09,215.09,215.0897,215.09,-0.03,-0.01%,1088
"2024-08-19 16:44",215.12,215.12,215.11,215.12,-0.01,0.00%,800
"2024-08-19 16:43",215.13,215.13,215.13,215.13,0.05,+0.02%,140
"2024-08-19 16:42",215.08,215.08,215.08,215.08,0.01,0.00%,791
"2024-08-19 16:40",215.08,215.08,215.07,215.07,-0.02,-0.01%,600
"2024-08-19 16:39",215.09,215.09,215.09,215.09,-0.01,0.00%,1900
"2024-08-19 16:38",215.09,215.1,215.09,215.1,0.01,0.00%,1600
"2024-08-19 16:37",215.09,215.09,215.09,215.09,0.02,+0.01%,1900
"2024-08-19 16:36",215.09,215.09,215.07,215.07,0,0.00%,240
"2024-08-19 16:35",215.13,215.13,215.07,215.07,-0.08,-0.04%,7041
"2024-08-19 16:34",215.15,215.15,215.15,215.15,0.02,+0.01%,2240
"2024-08-19 16:33",215.14,215.14,215.13,215.13,-0.01,0.00%,1080
"2024-08-19 16:32",215.11,215.14,215.11,215.14,0.03,+0.01%,6859
"2024-08-19 16:31",215.11,215.11,215.11,215.11,-0.01,0.00%,2100
"2024-08-19 16:30",215.11,215.12,215.1,215.12,0.03,+0.01%,8302
"2024-08-19 16:29",215.09,215.09,215.09,215.09,-0.02,-0.01%,2030
"2024-08-19 16:28",215.11,215.11,215.11,215.11,-0.05,-0.02%,100
"2024-08-19 16:27",215.19,215.19,215.16,215.16,0.03,+0.01%,25335
"2024-08-19 16:26",215.1,215.13,215.1,215.13,0.03,+0.01%,14130
"2024-08-19 16:25",215.11,215.11,215.1,215.1,0,0.00%,1230
"2024-08-19 16:24",215.13,215.13,215.1,215.1,-0.04,-0.02%,1000
"2024-08-19 16:23",215.12,215.14,215.12,215.14,-0.06,-0.03%,10600
"2024-08-19 16:21",215.09,215.2,215.09,215.2,0.15,+0.07%,500100
"2024-08-19 16:20",215.07,215.2,215.05,215.05,-0.02,-0.01%,7053
"2024-08-19 16:19",215.07,215.07,215.07,215.07,0.03,+0.01%,6626
"2024-08-19 16:18",215.03,215.04,215.03,215.04,0,0.00%,400
"2024-08-19 16:17",215.06,215.06,215.04,215.04,-0.01,0.00%,350
"2024-08-19 16:16",215.07,215.07,215.05,215.05,-0.01,0.00%,227
"2024-08-19 16:15",215.0507,215.08,215.0507,215.06,0.03,+0.01%,946
"2024-08-19 16:14",215.04,215.04,215.01,215.03,-0.02,-0.01%,1600
"2024-08-19 16:13",215.02,215.05,215.01,215.05,0.03,+0.01%,965
"2024-08-19 16:11",215.01,215.05,215,215.02,-0.04,-0.02%,8733
"2024-08-19 16:10",215.08,215.08,215.05,215.06,0,0.00%,6994
"2024-08-19 16:09",215.12,215.12,215.06,215.06,-0.06,-0.03%,1150
"2024-08-19 16:08",215.12,215.12,215.09,215.12,-0.01,0.00%,9305
"2024-08-19 16:07",215.13,215.14,215.12,215.13,-0.03,-0.01%,940
"2024-08-19 16:06",215.09,215.28,215.09,215.16,0.04,+0.02%,31607
"2024-08-19 16:05",215.13,215.2,215.11,215.12,-0.01,0.00%,23641
"2024-08-19 16:04",215.2,215.2,215.13,215.13,-0.07,-0.03%,18445
"2024-08-19 16:03",215.2,215.22,215.2,215.2,0,0.00%,34995
"2024-08-19 16:02",215.16,215.21,215.16,215.2,0.04,+0.02%,30145
"2024-08-19 16:01",215.22,215.27,215.1403,215.16,-0.01,0.00%,53829
"2024-08-19 16:00",215.2,215.26,215.14,215.17,-0.02,-0.01%,72632
"2024-08-19 15:59",214.99,215.21,214.98,215.19,0.2,+0.09%,1574929
"2024-08-19 15:58",215.02,215.03,214.94,214.99,-0.04,-0.02%,126598
"2024-08-19 15:57",215,215.05,214.95,215.03,0.04,+0.02%,116279
"2024-08-19 15:56",214.94,215,214.91,214.99,0.06,+0.03%,125240
"2024-08-19 15:55",214.81,214.96,214.8,214.93,0.14,+0.07%,157278
"2024-08-19 15:54",214.725,214.84,214.62,214.79,0.06,+0.03%,154014
"2024-08-19 15:53",214.69,214.82,214.6887,214.73,0.05,+0.02%,103959
"2024-08-19 15:52",214.58,214.7,214.57,214.68,0.11,+0.05%,39645
"2024-08-19 15:51",214.7,214.705,214.5601,214.57,-0.125,-0.06%,43861
"2024-08-19 15:50",214.6,214.74,214.6,214.695,0.1,+0.05%,115797
"2024-08-19 15:49",214.61,214.65,214.595,214.595,-0.005,0.00%,24261
"2024-08-19 15:48",214.68,214.695,214.6,214.6,-0.09,-0.04%,30955
"2024-08-19 15:47",214.6099,214.71,214.605,214.69,0.08,+0.04%,105592
"2024-08-19 15:46",214.61,214.64,214.54,214.61,0.01,0.00%,40791
"2024-08-19 15:45",214.59,214.61,214.56,214.6,0.01,0.00%,34973
"2024-08-19 15:44",214.555,214.62,214.55,214.59,0.04,+0.02%,23166
"2024-08-19 15:43",214.59,214.6,214.55,214.55,-0.04,-0.02%,32788
"2024-08-19 15:42",214.57,214.6,214.54,214.59,0.03,+0.01%,50659
"2024-08-19 15:41",214.48,214.58,214.455,214.56,0.09,+0.04%,47474
"2024-08-19 15:40",214.49,214.51,214.455,214.47,-0.015,-0.01%,74854
"2024-08-19 15:39",214.46,214.5,214.42,214.485,0.03,+0.01%,53746
"2024-08-19 15:38",214.505,214.525,214.45,214.455,-0.055,-0.03%,19658
"2024-08-19 15:37",214.51,214.54,214.5,214.51,0.0055,0.00%,26586
"2024-08-19 15:36",214.51,214.545,214.455,214.5045,-0.0055,0.00%,30994
"2024-08-19 15:35",214.58,214.59,214.51,214.51,-0.06,-0.03%,50478
"2024-08-19 15:34",214.55,214.64,214.55,214.57,0.03,+0.01%,38151
"2024-08-19 15:33",214.58,214.59,214.54,214.54,-0.05,-0.02%,19502
"2024-08-19 15:32",214.61,214.64,214.57,214.59,-0.02,-0.01%,27977
"2024-08-19 15:31",214.6838,214.6899,214.6,214.61,-0.08,-0.04%,28077
"2024-08-19 15:30",214.74,214.74,214.67,214.69,-0.05,-0.02%,50418
"2024-08-19 15:29",214.7436,214.8,214.74,214.74,0,0.00%,17454
"2024-08-19 15:28",214.8,214.81,214.74,214.74,-0.07,-0.03%,16820
"2024-08-19 15:27",214.73,214.81,214.72,214.81,0.09,+0.04%,49655
"2024-08-19 15:26",214.76,214.8148,214.72,214.72,-0.04,-0.02%,19864
"2024-08-19 15:25",214.7099,214.77,214.7099,214.76,0.06,+0.03%,15778
"2024-08-19 15:24",214.7,214.71,214.68,214.7,0.0001,0.00%,6541
"2024-08-19 15:23",214.6413,214.7,214.62,214.6999,0.0599,+0.03%,9532
"2024-08-19 15:22",214.5802,214.66,214.5802,214.64,0.07,+0.03%,20686
"2024-08-19 15:21",214.5795,214.62,214.56,214.57,-0.01,0.00%,18387
"2024-08-19 15:20",214.7,214.7,214.56,214.58,-0.12,-0.06%,12395
"2024-08-19 15:19",214.65,214.7,214.63,214.7,0.05,+0.02%,11620
"2024-08-19 15:18",214.67,214.67,214.61,214.65,-0.03,-0.01%,22055
"2024-08-19 15:17",214.67,214.7199,214.66,214.68,0,0.00%,67048
"2024-08-19 15:16",214.66,214.69,214.65,214.68,0.0101,0.00%,34655
"2024-08-19 15:15",214.69,214.71,214.6587,214.6699,-0.0301,-0.01%,13564
"2024-08-19 15:14",214.7,214.705,214.67,214.7,0.01,0.00%,9614
"2024-08-19 15:13",214.68,214.73,214.68,214.69,0.01,0.00%,65384
"2024-08-19 15:12",214.705,214.71,214.66,214.68,-0.0299,-0.01%,10249
"2024-08-19 15:11",214.78,214.78,214.7099,214.7099,-0.0701,-0.03%,9579
"2024-08-19 15:10",214.7598,214.8,214.72,214.78,0.02,+0.01%,17073
"2024-08-19 15:09",214.8,214.8,214.72,214.76,-0.042,-0.02%,20706
"2024-08-19 15:08",214.79,214.82,214.79,214.802,0.012,+0.01%,5491
"2024-08-19 15:07",214.7799,214.8199,214.76,214.79,0.02,+0.01%,23987
"2024-08-19 15:06",214.79,214.79,214.7001,214.77,-0.03,-0.01%,19090
"2024-08-19 15:05",214.775,214.805,214.75,214.8,0.0212,+0.01%,23111
"2024-08-19 15:04",214.79,214.8,214.754,214.7788,-0.0312,-0.01%,11980
"2024-08-19 15:03",214.75,214.8455,214.75,214.81,0.055,+0.03%,22057
"2024-08-19 15:02",214.84,214.85,214.75,214.755,-0.0863,-0.04%,18970
"2024-08-19 15:01",214.89,214.895,214.84,214.8413,-0.0587,-0.03%,13240
"2024-08-19 15:00",214.93,214.93,214.855,214.9,-0.04,-0.02%,20177
"2024-08-19 14:59",214.92,214.9538,214.92,214.94,0.01,0.00%,16552
"2024-08-19 14:58",214.915,214.93,214.91,214.93,0.015,+0.01%,9218
"2024-08-19 14:57",214.89,214.9291,214.89,214.915,0.02,+0.01%,11816
"2024-08-19 14:56",214.925,214.94,214.8899,214.895,-0.035,-0.02%,6643
"2024-08-19 14:55",214.93,214.947,214.91,214.93,0.005,0.00%,10124
"2024-08-19 14:54",214.86,214.93,214.845,214.925,0.07,+0.03%,17015
"2024-08-19 14:53",214.925,214.94,214.85,214.855,-0.0763,-0.04%,8777
"2024-08-19 14:52",214.9,214.95,214.89,214.9313,0.0312,+0.01%,10804
"2024-08-19 14:51",214.9091,214.925,214.88,214.9001,-0.0099,0.00%,28114
"2024-08-19 14:50",214.93,214.93,214.88,214.91,-0.01,0.00%,57502
"2024-08-19 14:49",214.94,214.945,214.91,214.92,-0.01,0.00%,53814
"2024-08-19 14:48",214.955,214.955,214.905,214.93,-0.03,-0.01%,12814
"2024-08-19 14:47",214.9902,215,214.93,214.96,-0.03,-0.01%,15091
"2024-08-19 14:46",214.95,215,214.94,214.99,0.03,+0.01%,14025
"2024-08-19 14:45",215,215.045,214.96,214.96,-0.045,-0.02%,37900
"2024-08-19 14:44",214.995,215.05,214.995,215.005,0.0222,+0.01%,30582
"2024-08-19 14:43",214.98,215.01,214.96,214.9828,-0.0072,0.00%,76610
"2024-08-19 14:42",214.96,215.02,214.96,214.99,0.03,+0.01%,31999
"2024-08-19 14:41",214.99,214.99,214.95,214.96,-0.035,-0.02%,15504
"2024-08-19 14:40",214.92,215.02,214.92,214.995,0.075,+0.03%,88837
"2024-08-19 14:39",214.9,214.945,214.9,214.92,0.02,+0.01%,17193
"2024-08-19 14:38",214.8898,214.945,214.885,214.9,0.015,+0.01%,19976
"2024-08-19 14:37",214.93,214.94,214.88,214.885,-0.045,-0.02%,51065
"2024-08-19 14:36",214.895,214.935,214.88,214.93,0.035,+0.02%,54247
"2024-08-19 14:35",214.9,214.915,214.865,214.895,0.005,0.00%,32550
"2024-08-19 14:34",214.89,214.9,214.85,214.89,0.01,0.00%,20285
"2024-08-19 14:33",214.85,214.9,214.81,214.88,0.035,+0.02%,45912
"2024-08-19 14:32",214.785,214.85,214.76,214.845,0.06,+0.03%,11791
"2024-08-19 14:31",214.78,214.81,214.775,214.785,0.005,0.00%,43582
"2024-08-19 14:30",214.76,214.795,214.755,214.78,0.03,+0.01%,48077
"2024-08-19 14:29",214.765,214.78,214.74,214.75,-0.015,-0.01%,28209
"2024-08-19 14:28",214.705,214.77,214.705,214.765,0.065,+0.03%,26153
"2024-08-19 14:27",214.61,214.7,214.6,214.7,0.085,+0.04%,22262
"2024-08-19 14:26",214.63,214.63,214.58,214.615,-0.015,-0.01%,7158
"2024-08-19 14:25",214.69,214.7186,214.6297,214.63,-0.055,-0.03%,14004
"2024-08-19 14:24",214.665,214.6999,214.665,214.685,0.015,+0.01%,18241
"2024-08-19 14:23",214.59,214.67,214.57,214.67,0.08,+0.04%,19722
"2024-08-19 14:22",214.54,214.59,214.525,214.59,0.05,+0.02%,12374
"2024-08-19 14:21",214.5,214.5575,214.46,214.54,0.03,+0.01%,35296
"2024-08-19 14:20",214.5968,214.61,214.51,214.51,-0.075,-0.03%,35849
"2024-08-19 14:19",214.5601,214.59,214.56,214.585,0.005,0.00%,10370
"2024-08-19 14:18",214.5967,214.6099,214.5402,214.58,-0.01,0.00%,11495
"2024-08-19 14:17",214.53,214.605,214.53,214.59,0.06,+0.03%,10493
"2024-08-19 14:16",214.53,214.575,214.53,214.53,0,0.00%,9573
"2024-08-19 14:15",214.505,214.53,214.49,214.53,0.02,+0.01%,6457
"2024-08-19 14:14",214.485,214.52,214.48,214.51,0.03,+0.01%,27525
"2024-08-19 14:13",214.51,214.52,214.48,214.48,-0.02,-0.01%,19074
"2024-08-19 14:12",214.48,214.5,214.46,214.5,0.025,+0.01%,6518
"2024-08-19 14:11",214.485,214.485,214.445,214.475,-0.0147,-0.01%,4877
"2024-08-19 14:10",214.48,214.5,214.44,214.4897,0.0001,0.00%,5875
"2024-08-19 14:09",214.5,214.53,214.48,214.4896,-0.0004,0.00%,15297
"2024-08-19 14:08",214.56,214.5713,214.47,214.49,-0.069,-0.03%,36988
"2024-08-19 14:07",214.5101,214.56,214.49,214.559,0.039,+0.02%,17720
"2024-08-19 14:06",214.555,214.565,214.495,214.52,-0.02,-0.01%,11911
"2024-08-19 14:05",214.565,214.575,214.54,214.54,-0.01,0.00%,7127
"2024-08-19 14:04",214.6,214.61,214.5,214.55,-0.05,-0.02%,52304
"2024-08-19 14:03",214.57,214.6,214.55,214.6,0.02,+0.01%,22048
"2024-08-19 14:02",214.53,214.59,214.51,214.58,0.06,+0.03%,13697
"2024-08-19 14:01",214.51,214.525,214.43,214.52,0.02,+0.01%,17963
"2024-08-19 14:00",214.54,214.5599,214.5,214.5,-0.03,-0.01%,11269
"2024-08-19 13:59",214.495,214.5599,214.495,214.53,0.035,+0.02%,7921
"2024-08-19 13:58",214.51,214.52,214.49,214.495,-0.005,0.00%,10087
"2024-08-19 13:57",214.495,214.5,214.47,214.5,0.01,0.00%,12627
"2024-08-19 13:56",214.4813,214.5,214.47,214.49,0.005,0.00%,13914
"2024-08-19 13:55",214.415,214.485,214.4,214.485,0.075,+0.03%,20769
"2024-08-19 13:54",214.37,214.41,214.35,214.41,0.03,+0.01%,3600
"2024-08-19 13:53",214.42,214.42,214.36,214.38,-0.04,-0.02%,29565
"2024-08-19 13:52",214.41,214.435,214.41,214.42,0.02,+0.01%,2911
"2024-08-19 13:51",214.37,214.41,214.355,214.4,0.02,+0.01%,9537
"2024-08-19 13:50",214.42,214.43,214.37,214.38,-0.03,-0.01%,14061
"2024-08-19 13:49",214.42,214.42,214.38,214.41,-0.015,-0.01%,5328
"2024-08-19 13:48",214.41,214.43,214.4,214.425,0.015,+0.01%,6452
"2024-08-19 13:47",214.46,214.46,214.39,214.41,-0.05,-0.02%,11323
"2024-08-19 13:46",214.46,214.47,214.42,214.46,0,0.00%,12546
"2024-08-19 13:45",214.47,214.47,214.45,214.46,-0.01,0.00%,5562
"2024-08-19 13:44",214.51,214.51,214.45,214.47,-0.03,-0.01%,8618
"2024-08-19 13:43",214.43,214.5,214.43,214.5,0.075,+0.03%,7597
"2024-08-19 13:42",214.51,214.51,214.41,214.425,-0.08,-0.04%,10530
"2024-08-19 13:41",214.5,214.5387,214.5,214.505,0.01,0.00%,8161
"2024-08-19 13:40",214.45,214.52,214.44,214.495,0.055,+0.03%,11191
"2024-08-19 13:39",214.49,214.51,214.39,214.44,-0.05,-0.02%,32410
"2024-08-19 13:38",214.56,214.57,214.49,214.49,-0.07,-0.03%,17015
"2024-08-19 13:37",214.47,214.56,214.44,214.56,0.11,+0.05%,15385
"2024-08-19 13:36",214.44,214.475,214.41,214.45,0.01,0.00%,40736
"2024-08-19 13:35",214.34,214.45,214.34,214.44,0.105,+0.05%,12904
"2024-08-19 13:34",214.31,214.34,214.2987,214.335,0.015,+0.01%,8862
"2024-08-19 13:33",214.26,214.32,214.2301,214.32,0.06,+0.03%,10270
"2024-08-19 13:32",214.16,214.26,214.16,214.26,0.1,+0.05%,8833
"2024-08-19 13:31",214.18,214.185,214.1,214.16,-0.02,-0.01%,14311
"2024-08-19 13:30",214.265,214.27,214.175,214.18,-0.08,-0.04%,10618
"2024-08-19 13:29",214.32,214.32,214.24,214.26,-0.07,-0.03%,18912
"2024-08-19 13:28",214.35,214.35,214.3,214.33,-0.0167,-0.01%,13667
"2024-08-19 13:27",214.28,214.3491,214.28,214.3467,0.0767,+0.04%,8606
"2024-08-19 13:26",214.3,214.3,214.24,214.27,-0.02,-0.01%,33159
"2024-08-19 13:25",214.3499,214.3499,214.27,214.29,-0.06,-0.03%,9193
"2024-08-19 13:24",214.34,214.39,214.34,214.35,0.01,0.00%,18520
"2024-08-19 13:23",214.35,214.355,214.32,214.34,-0.01,0.00%,8617
"2024-08-19 13:22",214.33,214.35,214.32,214.35,0.015,+0.01%,6982
"2024-08-19 13:21",214.3,214.335,214.3,214.335,0.035,+0.02%,19449
"2024-08-19 13:20",214.29,214.3,214.25,214.3,0,0.00%,8277
"2024-08-19 13:19",214.28,214.31,214.25,214.3,0.02,+0.01%,24944
"2024-08-19 13:18",214.245,214.305,214.24,214.28,0.03,+0.01%,52450
"2024-08-19 13:17",214.2,214.26,214.195,214.25,0.045,+0.02%,19236
"2024-08-19 13:16",214.145,214.21,214.12,214.205,0.06,+0.03%,16421
"2024-08-19 13:15",214.2,214.205,214.13,214.145,-0.06,-0.03%,17169
"2024-08-19 13:14",214.215,214.225,214.17,214.205,-0.01,0.00%,15813
"2024-08-19 13:13",214.21,214.23,214.15,214.215,-0.005,0.00%,23907
"2024-08-19 13:12",214.205,214.255,214.19,214.22,0.015,+0.01%,14179
"2024-08-19 13:11",214.275,214.279,214.195,214.205,-0.075,-0.04%,30558
"2024-08-19 13:10",214.28,214.3,214.26,214.28,0.01,0.00%,19538
"2024-08-19 13:09",214.25,214.31,214.25,214.27,0.025,+0.01%,16021
"2024-08-19 13:08",214.305,214.305,214.24,214.245,-0.065,-0.03%,13155
"2024-08-19 13:07",214.245,214.31,214.23,214.31,0.0648,+0.03%,15258
"2024-08-19 13:06",214.2,214.25,214.18,214.2452,0.0352,+0.02%,18823
"2024-08-19 13:05",214.18,214.215,214.17,214.21,0.04,+0.02%,17084
"2024-08-19 13:04",214.14,214.17,214.13,214.17,0.02,+0.01%,7509
"2024-08-19 13:03",214.15,214.16,214.1256,214.15,0.01,0.00%,8482
"2024-08-19 13:02",214.09,214.1417,214.07,214.14,0.0563,+0.03%,3672
"2024-08-19 13:01",214.09,214.095,214.03,214.0837,0.0137,+0.01%,6750
"2024-08-19 13:00",214.14,214.17,214.07,214.07,-0.08,-0.04%,5964
"2024-08-19 12:59",214.09,214.165,214.09,214.15,0.06,+0.03%,6192
"2024-08-19 12:58",214.11,214.11,214.085,214.09,-0.02,-0.01%,6365
"2024-08-19 12:57",214.09,214.12,214.07,214.11,-0.01,0.00%,5873
"2024-08-19 12:56",214.07,214.12,214.051,214.12,0.1,+0.05%,8989
"2024-08-19 12:55",214.04,214.045,214,214.02,-0.035,-0.02%,8622
"2024-08-19 12:54",214.09,214.09,214.04,214.055,-0.055,-0.03%,3041
"2024-08-19 12:53",214.055,214.13,214.05,214.11,0.0478,+0.02%,18068
"2024-08-19 12:52",214.0499,214.08,214.03,214.0622,0.0222,+0.01%,21580
"2024-08-19 12:51",214.03,214.05,214.02,214.04,0.0314,+0.01%,10676
"2024-08-19 12:50",213.97,214.01,213.96,214.0086,0.0672,+0.03%,4721
"2024-08-19 12:49",214.01,214.01,213.9414,213.9414,-0.0636,-0.03%,1997
"2024-08-19 12:48",214.06,214.06,213.975,214.005,-0.035,-0.02%,3689
"2024-08-19 12:47",214.02,214.05,213.995,214.04,0.01,0.00%,10180
"2024-08-19 12:46",213.96,214.04,213.96,214.03,0.08,+0.04%,8361
"2024-08-19 12:45",213.96,213.97,213.93,213.95,-0.01,0.00%,13456
"2024-08-19 12:44",214.05,214.06,213.95,213.96,-0.09,-0.04%,14083
"2024-08-19 12:43",214.055,214.08,214.035,214.05,0.01,0.00%,5189
"2024-08-19 12:42",214.1,214.1,214.04,214.04,-0.0394,-0.02%,10568
"2024-08-19 12:41",214.09,214.1,214.07,214.0794,-0.0006,0.00%,8417
"2024-08-19 12:40",214.07,214.09,214.07,214.08,0.02,+0.01%,7973
"2024-08-19 12:39",214.09,214.095,214.035,214.06,-0.05,-0.02%,9313
"2024-08-19 12:38",214.08,214.13,214.07,214.11,0.03,+0.01%,12817
"2024-08-19 12:37",214.06,214.1,214.04,214.08,0.03,+0.01%,7733
"2024-08-19 12:36",213.9602,214.05,213.96,214.05,0.09,+0.04%,9230
"2024-08-19 12:35",213.91,213.98,213.905,213.96,0.05,+0.02%,15406
"2024-08-19 12:34",213.97,213.9925,213.89,213.91,-0.0637,-0.03%,9830
"2024-08-19 12:33",213.95,213.9737,213.91,213.9737,0.0137,+0.01%,7315
"2024-08-19 12:32",214.02,214.035,213.95,213.96,-0.07,-0.03%,4761
"2024-08-19 12:31",214.02,214.06,214.01,214.03,0.01,0.00%,6057
"2024-08-19 12:30",214.1,214.105,213.98,214.02,-0.09,-0.04%,10609
"2024-08-19 12:29",214.13,214.17,214.11,214.11,0,0.00%,4754
"2024-08-19 12:28",214.095,214.13,214.07,214.11,0.01,0.00%,6161
"2024-08-19 12:27",214.065,214.1,214.04,214.1,0.04,+0.02%,6166
"2024-08-19 12:26",213.94,214.065,213.94,214.06,0.1393,+0.07%,7630
"2024-08-19 12:25",213.87,213.9212,213.86,213.9207,0.0307,+0.01%,4856
"2024-08-19 12:24",213.96,213.975,213.89,213.89,-0.07,-0.03%,8379
"2024-08-19 12:23",213.945,213.975,213.93,213.96,-0.005,0.00%,16349
"2024-08-19 12:22",213.87,213.965,213.87,213.965,0.095,+0.04%,9235
"2024-08-19 12:21",213.85,213.875,213.83,213.87,0.01,0.00%,8073
"2024-08-19 12:20",213.89,213.91,213.85,213.86,-0.04,-0.02%,3884
"2024-08-19 12:19",213.9201,213.9201,213.88,213.9,-0.02,-0.01%,7088
"2024-08-19 12:18",213.96,213.972,213.91,213.92,-0.05,-0.02%,5359
"2024-08-19 12:17",213.975,214,213.9464,213.97,-0.015,-0.01%,5017
"2024-08-19 12:16",214.01,214.015,213.96,213.985,-0.02,-0.01%,11318
"2024-08-19 12:15",214.02,214.05,213.9601,214.005,-0.035,-0.02%,5000
"2024-08-19 12:14",214.06,214.06,213.98,214.04,-0.02,-0.01%,16932
"2024-08-19 12:13",214.0097,214.06,213.99,214.06,0.05,+0.02%,10144
"2024-08-19 12:12",213.88,214.01,213.875,214.01,0.12,+0.06%,27035
"2024-08-19 12:11",213.87,213.92,213.87,213.89,0.0071,0.00%,54611
"2024-08-19 12:10",213.82,213.9,213.82,213.8829,0.0729,+0.03%,8365
"2024-08-19 12:09",213.82,213.8399,213.8,213.81,-0.02,-0.01%,5080
"2024-08-19 12:08",213.82,213.85,213.81,213.83,0.0169,+0.01%,11326
"2024-08-19 12:07",213.73,213.8131,213.73,213.8131,0.0632,+0.03%,13022
"2024-08-19 12:06",213.75,213.7826,213.73,213.7499,-0.0001,0.00%,4625
"2024-08-19 12:05",213.7,213.78,213.7,213.75,0.06,+0.03%,8596
"2024-08-19 12:04",213.82,213.85,213.69,213.69,-0.1304,-0.06%,18230
"2024-08-19 12:03",213.91,213.95,213.82,213.8204,-0.0796,-0.04%,50983
"2024-08-19 12:02",213.82,213.9,213.77,213.9,0.11,+0.05%,20103
"2024-08-19 12:01",213.745,213.82,213.72,213.79,0.05,+0.02%,35274
"2024-08-19 12:00",213.88,213.88,213.72,213.74,-0.12,-0.06%,40472
"2024-08-19 11:59",213.85,213.9,213.82,213.86,0.02,+0.01%,45663
"2024-08-19 11:58",213.91,213.91,213.71,213.84,-0.09,-0.04%,51685
"2024-08-19 11:57",214.03,214.06,213.93,213.93,-0.1,-0.05%,46257
"2024-08-19 11:56",214.15,214.15,214,214.03,-0.11,-0.05%,25435
"2024-08-19 11:55",214.17,214.21,214.14,214.14,-0.0194,-0.01%,11647
"2024-08-19 11:54",214.1827,214.2,214.1401,214.1594,-0.0306,-0.01%,2629
"2024-08-19 11:53",214.19,214.22,214.18,214.19,-0.005,0.00%,11063
"2024-08-19 11:52",214.175,214.22,214.16,214.195,0.02,+0.01%,14969
"2024-08-19 11:51",214.1616,214.1899,214.14,214.175,0.0149,+0.01%,8267
"2024-08-19 11:50",214.19,214.23,214.16,214.1601,-0.02,-0.01%,46371
"2024-08-19 11:49",214.1701,214.205,214.14,214.1801,0.0001,0.00%,15937
"2024-08-19 11:48",214.2363,214.24,214.16,214.18,-0.042,-0.02%,14910
"2024-08-19 11:47",214.26,214.26,214.2,214.222,-0.038,-0.02%,15914
"2024-08-19 11:46",214.325,214.3299,214.26,214.26,-0.06,-0.03%,14634
"2024-08-19 11:45",214.3,214.33,214.29,214.32,0.01,0.00%,6066
"2024-08-19 11:44",214.26,214.32,214.25,214.31,0.055,+0.03%,6390
"2024-08-19 11:43",214.22,214.28,214.2,214.255,0.0358,+0.02%,15151
"2024-08-19 11:42",214.18,214.2192,214.17,214.2192,0.0392,+0.02%,5528
"2024-08-19 11:41",214.29,214.29,214.18,214.18,-0.1,-0.05%,6218
"2024-08-19 11:40",214.29,214.33,214.28,214.28,0.02,+0.01%,8164
"2024-08-19 11:39",214.31,214.325,214.24,214.26,-0.05,-0.02%,10263
"2024-08-19 11:38",214.325,214.34,214.2999,214.31,-0.01,0.00%,9373
"2024-08-19 11:37",214.27,214.3332,214.24,214.32,0.06,+0.03%,36229
"2024-08-19 11:36",214.18,214.26,214.16,214.26,0.09,+0.04%,31646
"2024-08-19 11:35",214.16,214.21,214.15,214.17,0.01,0.00%,10105
"2024-08-19 11:34",214.2,214.23,214.16,214.16,-0.03,-0.01%,12453
"2024-08-19 11:33",214.12,214.19,214.0933,214.19,0.06,+0.03%,15346
"2024-08-19 11:32",214.035,214.13,214.01,214.13,0.095,+0.04%,16004
"2024-08-19 11:31",213.96,214.08,213.95,214.035,0.07,+0.03%,10147
"2024-08-19 11:30",214,214.03,213.925,213.965,-0.0376,-0.02%,14057
"2024-08-19 11:29",214.0401,214.07,213.99,214.0026,-0.0374,-0.02%,5314
"2024-08-19 11:28",214.03,214.06,213.97,214.04,-0.01,0.00%,21911
"2024-08-19 11:27",214.15,214.155,214.03,214.05,-0.1,-0.05%,9912
"2024-08-19 11:26",214.15,214.18,214.11,214.15,0,0.00%,12266
"2024-08-19 11:25",214.18,214.21,214.1,214.15,-0.035,-0.02%,25192
"2024-08-19 11:24",214.0934,214.185,214.0934,214.185,0.095,+0.04%,10840
"2024-08-19 11:23",214.08,214.11,214.07,214.09,0.0175,+0.01%,8628
"2024-08-19 11:22",214.11,214.11,214.06,214.0725,-0.0475,-0.02%,11020
"2024-08-19 11:21",214.07,214.1299,214.03,214.12,0.05,+0.02%,10975
"2024-08-19 11:20",214.115,214.135,214.03,214.07,-0.05,-0.02%,17516
"2024-08-19 11:19",214.02,214.12,214.02,214.12,0.08,+0.04%,15205
"2024-08-19 11:18",214.02,214.05,214,214.04,0.04,+0.02%,16316
"2024-08-19 11:17",214.08,214.11,213.94,214,-0.09,-0.04%,49533
"2024-08-19 11:16",214.155,214.16,214.0729,214.09,-0.06,-0.03%,45804
"2024-08-19 11:15",214.1,214.185,214.1,214.15,0.06,+0.03%,36455
"2024-08-19 11:14",214.015,214.135,213.98,214.09,0.06,+0.03%,15885
"2024-08-19 11:13",213.88,214.03,213.88,214.03,0.17,+0.08%,25499
"2024-08-19 11:12",213.925,213.94,213.86,213.86,-0.08,-0.04%,12559
"2024-08-19 11:11",213.89,213.9413,213.88,213.94,0.05,+0.02%,9447
"2024-08-19 11:10",213.89,213.9,213.82,213.89,0.0099,0.00%,19849
"2024-08-19 11:09",213.88,213.8801,213.83,213.8801,0.0051,0.00%,14871
"2024-08-19 11:08",213.87,213.88,213.7899,213.875,-0.005,0.00%,19459
"2024-08-19 11:07",213.75,213.88,213.75,213.88,0.14,+0.07%,19689
"2024-08-19 11:06",213.665,213.7643,213.665,213.74,0.0701,+0.03%,19049
"2024-08-19 11:05",213.72,213.72,213.64,213.6699,-0.0551,-0.03%,10515
"2024-08-19 11:04",213.73,213.78,213.72,213.725,-0.0063,0.00%,21796
"2024-08-19 11:03",213.74,213.76,213.73,213.7313,-0.0087,0.00%,4142
"2024-08-19 11:02",213.71,213.77,213.7,213.74,0.02,+0.01%,5299
"2024-08-19 11:01",213.77,213.78,213.68,213.72,-0.06,-0.03%,6002
"2024-08-19 11:00",213.84,213.85,213.76,213.78,-0.06,-0.03%,21588
"2024-08-19 10:59",213.79,213.86,213.775,213.84,0.07,+0.03%,34980
"2024-08-19 10:58",213.7,213.8,213.69,213.77,0.06,+0.03%,29129
"2024-08-19 10:57",213.67,213.72,213.62,213.71,0.04,+0.02%,18347
"2024-08-19 10:56",213.63,213.67,213.6,213.67,0.025,+0.01%,37486
"2024-08-19 10:55",213.74,213.74,213.64,213.645,-0.11,-0.05%,12844
"2024-08-19 10:54",213.8,213.8,213.68,213.755,-0.0351,-0.02%,31344
"2024-08-19 10:53",213.685,213.7901,213.67,213.7901,0.1002,+0.05%,12074
"2024-08-19 10:52",213.635,213.7,213.61,213.6899,0.0646,+0.03%,20856
"2024-08-19 10:51",213.71,213.75,213.62,213.6253,-0.0947,-0.04%,39913
"2024-08-19 10:50",213.6,213.72,213.6,213.72,0.12,+0.06%,16443
"2024-08-19 10:49",213.7,213.7,213.5849,213.6,-0.09,-0.04%,36481
"2024-08-19 10:48",213.78,213.7807,213.67,213.69,-0.08,-0.04%,13300
"2024-08-19 10:47",213.82,213.87,213.76,213.77,-0.05,-0.02%,14771
"2024-08-19 10:46",213.78,213.82,213.74,213.82,0.05,+0.02%,17231
"2024-08-19 10:45",213.77,213.815,213.71,213.77,0.02,+0.01%,10012
"2024-08-19 10:44",213.755,213.78,213.7199,213.75,-0.02,-0.01%,8235
"2024-08-19 10:43",213.68,213.77,213.68,213.77,0.1,+0.05%,17674
"2024-08-19 10:42",213.625,213.74,213.625,213.67,-0.015,-0.01%,19792
"2024-08-19 10:41",213.6,213.69,213.52,213.685,0.105,+0.05%,19790
"2024-08-19 10:40",213.58,213.625,213.5101,213.58,-0.01,0.00%,8475
"2024-08-19 10:39",213.5101,213.59,213.5101,213.59,0.08,+0.04%,10109
"2024-08-19 10:38",213.53,213.56,213.47,213.51,-0.06,-0.03%,14243
"2024-08-19 10:37",213.6,213.62,213.51,213.57,0,0.00%,18156
"2024-08-19 10:36",213.56,213.64,213.52,213.57,0.02,+0.01%,16987
"2024-08-19 10:35",213.615,213.63,213.47,213.55,-0.065,-0.03%,28345
"2024-08-19 10:34",213.58,213.62,213.54,213.615,0.045,+0.02%,18797
"2024-08-19 10:33",213.54,213.57,213.49,213.57,-0.005,0.00%,13132
"2024-08-19 10:32",213.5,213.6401,213.5,213.575,0.105,+0.05%,27976
"2024-08-19 10:31",213.43,213.54,213.4,213.47,0.05,+0.02%,24768
"2024-08-19 10:30",213.42,213.49,213.37,213.42,-0.01,0.00%,14120
"2024-08-19 10:29",213.44,213.51,213.4,213.43,0,0.00%,17796
"2024-08-19 10:28",213.44,213.5,213.41,213.43,-0.02,-0.01%,17788
"2024-08-19 10:27",213.27,213.45,213.26,213.45,0.18,+0.08%,11483
"2024-08-19 10:26",213.19,213.28,213.15,213.27,0.05,+0.02%,7911
"2024-08-19 10:25",213.21,213.27,213.2001,213.22,0.02,+0.01%,6620
"2024-08-19 10:24",213.27,213.29,213.17,213.2,-0.07,-0.03%,27673
"2024-08-19 10:23",213.21,213.34,213.13,213.27,0.08,+0.04%,37073
"2024-08-19 10:22",213.1328,213.25,213.11,213.19,0.09,+0.04%,30277
"2024-08-19 10:21",212.88,213.15,212.86,213.1,0.23,+0.11%,30536
"2024-08-19 10:20",212.92,213.01,212.82,212.87,-0.03,-0.01%,39241
"2024-08-19 10:19",213.095,213.095,212.87,212.9,-0.16,-0.08%,53628
"2024-08-19 10:18",212.94,213.11,212.93,213.06,0.13,+0.06%,138607
"2024-08-19 10:17",213.24,213.245,212.91,212.93,-0.3163,-0.15%,39169
"2024-08-19 10:16",213.42,213.45,213.21,213.2463,-0.1437,-0.07%,25972
"2024-08-19 10:15",213.33,213.44,213.32,213.39,0.0625,+0.03%,27875
"2024-08-19 10:14",213.33,213.38,213.28,213.3275,-0.0125,-0.01%,19690
"2024-08-19 10:13",213.42,213.46,213.33,213.34,-0.09,-0.04%,26002
"2024-08-19 10:12",213.47,213.47,213.33,213.43,0.03,+0.01%,12045
"2024-08-19 10:11",213.29,213.49,213.2705,213.4,0.09,+0.04%,40428
"2024-08-19 10:10",213.42,213.5,213.3075,213.31,-0.12,-0.06%,23824
"2024-08-19 10:09",213.5,213.51,213.32,213.43,-0.07,-0.03%,170657
"2024-08-19 10:08",213.3599,213.5,213.355,213.5,0.12,+0.06%,24903
"2024-08-19 10:07",213.21,213.4,213.1901,213.38,0.18,+0.08%,23352
"2024-08-19 10:06",213.11,213.22,213.1,213.2,0.11,+0.05%,12415
"2024-08-19 10:05",213.05,213.18,213.04,213.09,0.04,+0.02%,17897
"2024-08-19 10:04",213.16,213.23,213.05,213.05,-0.12,-0.06%,11156
"2024-08-19 10:03",213.03,213.18,212.94,213.17,0.1,+0.05%,26916
"2024-08-19 10:02",213,213.0799,212.93,213.07,0.06,+0.03%,55180
"2024-08-19 10:01",213.17,213.23,212.93,213.01,-0.13,-0.06%,27382
"2024-08-19 10:00",213.05,213.22,213,213.14,0.115,+0.05%,64777
"2024-08-19 09:59",213.16,213.16,213.02,213.025,-0.165,-0.08%,18771
"2024-08-19 09:58",213.24,213.26,213.1765,213.19,-0.0291,-0.01%,18268
"2024-08-19 09:57",213.23,213.24,213.1312,213.2191,-0.0009,0.00%,12813
"2024-08-19 09:56",213.35,213.425,213.15,213.22,-0.079,-0.04%,21373
"2024-08-19 09:55",213.32,213.43,213.23,213.299,-0.0289,-0.01%,33248
"2024-08-19 09:54",213.39,213.39,213.31,213.3279,-0.0521,-0.02%,19880
"2024-08-19 09:53",213.42,213.44,213.27,213.38,-0.05,-0.02%,23264
"2024-08-19 09:52",213.57,213.595,213.41,213.43,-0.1675,-0.08%,47005
"2024-08-19 09:51",213.3,213.6,213.3,213.5975,0.3475,+0.16%,67114
"2024-08-19 09:50",213.36,213.42,213.21,213.25,-0.1261,-0.06%,42185
"2024-08-19 09:49",213.49,213.49,213.21,213.3761,-0.1239,-0.06%,64228
"2024-08-19 09:48",213.32,213.5,213.26,213.5,0.201,+0.09%,72163
"2024-08-19 09:47",213.16,213.3792,213.16,213.299,0.134,+0.06%,35974
"2024-08-19 09:46",213.17,213.2601,213.14,213.165,-0.025,-0.01%,29761
"2024-08-19 09:45",213.26,213.36,213.16,213.19,-0.025,-0.01%,49433
"2024-08-19 09:44",213.35,213.35,213.19,213.215,-0.16,-0.07%,79002
"2024-08-19 09:43",213.62,213.62,213.35,213.375,-0.195,-0.09%,51256
"2024-08-19 09:42",213.46,213.61,213.41,213.57,0.11,+0.05%,19686
"2024-08-19 09:41",213.52,213.545,213.39,213.46,-0.04,-0.02%,19769
"2024-08-19 09:40",213.4,213.54,213.32,213.5,0.1,+0.05%,48044
"2024-08-19 09:39",213.61,213.71,213.385,213.4,-0.185,-0.09%,96758
"2024-08-19 09:38",213.48,213.745,213.48,213.585,0.145,+0.07%,83917
"2024-08-19 09:37",213.749,213.75,213.43,213.44,-0.28,-0.13%,45118
"2024-08-19 09:36",213.69,213.83,213.66,213.72,0.02,+0.01%,46439
"2024-08-19 09:35",213.875,213.93,213.62,213.7,-0.145,-0.07%,267852
"2024-08-19 09:34",213.63,213.955,213.6,213.845,0.225,+0.11%,101312
"2024-08-19 09:33",213.71,213.8,213.56,213.62,-0.1,-0.05%,127631
"2024-08-19 09:32",213.38,213.8,213.36,213.72,0.29,+0.14%,88441
"2024-08-19 09:31",212.93,213.5,212.89,213.43,0.49,+0.23%,58242
"2024-08-19 09:30",212.96,213.285,212.84,212.94,0.02,+0.01%,245095
"2024-08-19 09:29",212.92,212.92,212.92,212.92,-0.03,-0.01%,222
"2024-08-19 09:28",212.98,212.98,212.95,212.95,0.06,+0.03%,800
"2024-08-19 09:27",212.83,212.89,212.83,212.89,0.02,+0.01%,600
"2024-08-19 09:26",212.85,212.88,212.8,212.87,-0.01,0.00%,986
"2024-08-19 09:25",212.89,212.91,212.88,212.88,0,0.00%,300
"2024-08-19 09:24",212.85,212.88,212.85,212.88,0.1199,+0.06%,247
"2024-08-19 09:23",212.79,212.79,212.7601,212.7601,-0.0599,-0.03%,394
"2024-08-19 09:22",212.82,212.82,212.82,212.82,-0.051,-0.02%,200
"2024-08-19 09:21",212.9,212.9,212.871,212.871,-0.039,-0.02%,499
"2024-08-19 09:20",212.95,212.98,212.91,212.91,-0.06,-0.03%,800
"2024-08-19 09:19",212.96,212.97,212.96,212.97,0,0.00%,3592
"2024-08-19 09:18",212.96,212.97,212.96,212.97,0.02,+0.01%,500
"2024-08-19 09:17",212.97,212.97,212.95,212.95,-0.13,-0.06%,500
"2024-08-19 09:16",213.01,213.08,213.01,213.08,0.05,+0.02%,200
"2024-08-19 09:15",213.03,213.03,213.03,213.03,0.12,+0.06%,107
"2024-08-19 09:14",212.9,212.91,212.89,212.91,-0.04,-0.02%,1350
"2024-08-19 09:13",213.02,213.02,212.95,212.95,-0.029,-0.01%,273
"2024-08-19 09:12",212.979,212.979,212.979,212.979,0.019,+0.01%,200
"2024-08-19 09:11",213.03,213.03,212.94,212.96,-0.13,-0.06%,18480
"2024-08-19 09:10",213.09,213.09,213.09,213.09,0.02,+0.01%,100
"2024-08-19 09:09",213.14,213.14,213.07,213.07,-0.15,-0.07%,2968
"2024-08-19 09:08",213.19,213.22,213.19,213.22,0.03,+0.01%,2100
"2024-08-19 09:07",213.1,213.2,213.1,213.19,0.091,+0.04%,1410
"2024-08-19 09:06",212.98,213.099,212.98,213.099,0.079,+0.04%,650
"2024-08-19 09:05",212.88,213.02,212.88,213.02,0.08,+0.04%,2884
"2024-08-19 09:04",212.94,212.94,212.92,212.94,-0.07,-0.03%,683
"2024-08-19 09:03",212.99,213.01,212.92,213.01,0,0.00%,982
"2024-08-19 09:02",212.85,213.01,212.83,213.01,0.22,+0.10%,3703
"2024-08-19 09:01",212.79,212.79,212.79,212.79,0.01,0.00%,300
"2024-08-19 09:00",212.83,212.83,212.78,212.78,0,0.00%,200
"2024-08-19 08:59",212.78,212.78,212.78,212.78,-0.02,-0.01%,300
"2024-08-19 08:58",212.801,212.801,212.8,212.8,-0.01,0.00%,250
"2024-08-19 08:57",212.81,212.81,212.81,212.81,0.02,+0.01%,200
"2024-08-19 08:56",212.75,212.79,212.75,212.79,-0.03,-0.01%,605
"2024-08-19 08:55",212.74,212.82,212.74,212.82,0.07,+0.03%,334
"2024-08-19 08:54",212.75,212.75,212.75,212.75,0.05,+0.02%,134
"2024-08-19 08:53",212.76,212.76,212.7,212.7,-0.05,-0.02%,423
"2024-08-19 08:51",212.75,212.75,212.75,212.75,-0.02,-0.01%,200
"2024-08-19 08:50",212.84,212.84,212.77,212.77,-0.05,-0.02%,700
"2024-08-19 08:49",212.82,212.82,212.82,212.82,-0.03,-0.01%,300
"2024-08-19 08:48",212.81,212.85,212.76,212.85,0.04,+0.02%,625
"2024-08-19 08:47",212.8,212.81,212.8,212.81,-0.07,-0.03%,200
"2024-08-19 08:46",212.82,212.88,212.82,212.88,0.07,+0.03%,312
"2024-08-19 08:45",212.85,212.85,212.81,212.81,-0.02,-0.01%,200
"2024-08-19 08:44",212.84,212.89,212.83,212.83,-0.08,-0.04%,1540
"2024-08-19 08:43",212.79,212.91,212.79,212.91,0.17,+0.08%,832
"2024-08-19 08:42",212.74,212.74,212.74,212.74,-0.01,0.00%,200
"2024-08-19 08:41",212.78,212.81,212.75,212.75,0.01,0.00%,629
"2024-08-19 08:40",212.75,212.75,212.74,212.74,-0.0419,-0.02%,300
"2024-08-19 08:39",212.8,212.81,212.76,212.7819,-0.0281,-0.01%,996
"2024-08-19 08:38",212.78,212.81,212.78,212.81,0.04,+0.02%,200
"2024-08-19 08:37",212.68,212.78,212.68,212.77,0.29,+0.14%,810
"2024-08-19 08:36",212.48,212.48,212.48,212.48,-0.05,-0.02%,100
"2024-08-19 08:35",212.64,212.64,212.51,212.53,-0.11,-0.05%,641
"2024-08-19 08:33",212.64,212.64,212.64,212.64,-0.06,-0.03%,400
"2024-08-19 08:32",212.7,212.7,212.7,212.7,-0.06,-0.03%,200
"2024-08-19 08:31",212.66,212.81,212.66,212.76,0.12,+0.06%,1700
"2024-08-19 08:30",212.64,212.64,212.64,212.64,0,0.00%,456
"2024-08-19 08:27",212.64,212.64,212.64,212.64,0,0.00%,371
"2024-08-19 08:26",212.59,212.69,212.59,212.64,0.06,+0.03%,3590
"2024-08-19 08:25",212.61,212.61,212.58,212.58,-0.03,-0.01%,787
"2024-08-19 08:24",212.61,212.61,212.61,212.61,-0.03,-0.01%,100
"2024-08-19 08:23",212.64,212.64,212.64,212.64,0.05,+0.02%,100
"2024-08-19 08:21",212.59,212.59,212.59,212.59,-0.04,-0.02%,200
"2024-08-19 08:20",212.55,212.65,212.5,212.63,0.08,+0.04%,3027
"2024-08-19 08:19",212.55,212.55,212.55,212.55,0.01,0.00%,100
"2024-08-19 08:18",212.54,212.54,212.54,212.54,0.05,+0.02%,100
"2024-08-19 08:16",212.55,212.56,212.49,212.49,-0.07,-0.03%,900
"2024-08-19 08:15",212.56,212.56,212.56,212.56,-0.05,-0.02%,1950
"2024-08-19 08:14",212.61,212.62,212.61,212.61,0.01,0.00%,300
"2024-08-19 08:13",212.53,212.6,212.53,212.6,0.12,+0.06%,700
"2024-08-19 08:12",212.51,212.51,212.48,212.48,-0.08,-0.04%,768
"2024-08-19 08:11",212.56,212.56,212.56,212.56,0,0.00%,400
"2024-08-19 08:10",212.53,212.56,212.53,212.56,0.04,+0.02%,494
"2024-08-19 08:09",212.47,212.52,212.47,212.52,0.02,+0.01%,1200
"2024-08-19 08:08",212.5,212.5,212.5,212.5,0,0.00%,100
"2024-08-19 08:07",212.5,212.5,212.5,212.5,-0.06,-0.03%,100
"2024-08-19 08:06",212.56,212.56,212.56,212.56,0.01,0.00%,100
"2024-08-19 08:05",212.55,212.55,212.55,212.55,-0.0296,-0.01%,100
"2024-08-19 08:04",212.57,212.5796,212.57,212.5796,0.0996,+0.05%,900
"2024-08-19 08:03",212.48,212.48,212.47,212.48,-0.02,-0.01%,2034
"2024-08-19 08:02",212.5,212.5,212.5,212.5,-0.0299,-0.01%,105
"2024-08-19 08:01",212.98,212.98,212.49,212.5299,-0.0501,-0.02%,1220
"2024-08-19 08:00",212.54,213.0304,212.36,212.58,0.15,+0.07%,5235
"2024-08-19 07:59",212.42,212.43,212.42,212.43,-0.06,-0.03%,2090
"2024-08-19 07:58",212.49,212.49,212.49,212.49,0.06,+0.03%,100
"2024-08-19 07:57",212.43,212.43,212.43,212.43,-0.01,0.00%,373
"2024-08-19 07:56",212.44,212.44,212.44,212.44,0.03,+0.01%,500
"2024-08-19 07:55",212.34,212.41,212.31,212.41,-0.03,-0.01%,17550
"2024-08-19 07:54",212.45,212.46,212.34,212.44,-0.07,-0.03%,27772
"2024-08-19 07:53",212.5,212.51,212.4,212.51,-0.04,-0.02%,27777
"2024-08-19 07:50",212.55,212.55,212.55,212.55,-0.03,-0.01%,100
"2024-08-19 07:49",212.57,212.58,212.55,212.58,0.04,+0.02%,3000
"2024-08-19 07:47",212.52,212.54,212.52,212.54,0.02,+0.01%,1800
"2024-08-19 07:46",212.52,212.52,212.52,212.52,0.02,+0.01%,200
"2024-08-19 07:45",212.51,212.51,212.5,212.5,0.04,+0.02%,300
"2024-08-19 07:43",212.44,212.46,212.41,212.46,-0.01,0.00%,2658
"2024-08-19 07:42",212.48,212.48,212.47,212.47,-0.01,0.00%,425
"2024-08-19 07:41",212.48,212.5,212.48,212.48,-0.08,-0.04%,1400
"2024-08-19 07:40",212.55,212.56,212.55,212.56,-0.01,0.00%,600
"2024-08-19 07:39",212.57,212.57,212.57,212.57,-0.01,0.00%,200
"2024-08-19 07:38",212.58,212.58,212.58,212.58,-0.02,-0.01%,140
"2024-08-19 07:37",212.6,212.6,212.6,212.6,-0.07,-0.03%,100
"2024-08-19 07:35",212.67,212.67,212.67,212.67,0.02,+0.01%,100
"2024-08-19 07:34",212.65,212.65,212.65,212.65,0,0.00%,100
"2024-08-19 07:31",212.64,212.65,212.64,212.65,0.02,+0.01%,200
"2024-08-19 07:30",212.63,212.63,212.63,212.63,0,0.00%,100
"2024-08-19 07:29",212.59,212.63,212.59,212.63,0.04,+0.02%,3140
"2024-08-19 07:26",212.59,212.59,212.59,212.59,0,0.00%,800
"2024-08-19 07:24",212.58,212.59,212.58,212.59,-0.01,0.00%,2800
"2024-08-19 07:20",212.6,212.6,212.6,212.6,-0.02,-0.01%,100
"2024-08-19 07:19",212.62,212.62,212.62,212.62,-0.13,-0.06%,100
"2024-08-19 07:14",212.75,212.75,212.736,212.75,0.02,+0.01%,500
"2024-08-19 07:13",212.73,212.73,212.73,212.73,0.02,+0.01%,100
"2024-08-19 07:12",212.7,212.71,212.7,212.71,0.13,+0.06%,240
"2024-08-19 07:11",212.56,212.58,212.56,212.58,-0.04,-0.02%,300
"2024-08-19 07:07",212.62,212.62,212.62,212.62,0.07,+0.03%,200
"2024-08-19 07:05",212.54,212.55,212.52,212.55,0.01,0.00%,15800
"2024-08-19 07:04",212.55,212.55,212.54,212.54,-0.01,0.00%,374
"2024-08-19 07:03",212.54,212.55,212.54,212.55,-0.02,-0.01%,300
"2024-08-19 07:00",212.54,212.63,212.54,212.57,0.07,+0.03%,512
"2024-08-19 06:57",212.5,212.5,212.5,212.5,0.02,+0.01%,470
"2024-08-19 06:54",212.45,212.48,212.45,212.48,0.01,0.00%,332
"2024-08-19 06:52",212.46,212.53,212.46,212.47,-0.03,-0.01%,326
"2024-08-19 06:51",212.5,212.5,212.5,212.5,-0.14,-0.07%,1600
"2024-08-19 06:50",212.7,212.7,212.64,212.64,0,0.00%,316
"2024-08-19 06:49",212.64,212.64,212.64,212.64,0.01,0.00%,100
"2024-08-19 06:48",212.63,212.63,212.63,212.63,0,0.00%,100
"2024-08-19 06:47",212.63,212.63,212.63,212.63,0.04,+0.02%,200
"2024-08-19 06:46",212.59,212.59,212.58,212.59,-0.04,-0.02%,740
"2024-08-19 06:45",212.63,212.63,212.63,212.63,-0.05,-0.02%,137
"2024-08-19 06:40",212.68,212.68,212.68,212.68,-0.02,-0.01%,121
"2024-08-19 06:37",212.7,212.7,212.7,212.7,0.01,0.00%,488
"2024-08-19 06:35",212.69,212.69,212.69,212.69,0,0.00%,120
"2024-08-19 06:29",212.69,212.69,212.69,212.69,-0.01,0.00%,100
"2024-08-19 06:28",212.7,212.7,212.7,212.7,-0.06,-0.03%,477
"2024-08-19 06:23",212.76,212.76,212.76,212.76,-0.13,-0.06%,100
"2024-08-19 06:15",212.89,212.89,212.89,212.89,0.02,+0.01%,100
"2024-08-19 06:14",212.87,212.87,212.87,212.87,-0.01,0.00%,199
"2024-08-19 06:12",212.88,212.88,212.88,212.88,-0.03,-0.01%,125
"2024-08-19 06:08",212.91,212.91,212.91,212.91,0.03,+0.01%,414
"2024-08-19 06:04",212.88,212.88,212.88,212.88,0.07,+0.03%,390
"2024-08-19 06:02",212.81,212.81,212.81,212.81,0.12,+0.06%,126
"2024-08-19 06:00",212.65,212.69,212.65,212.69,0.04,+0.02%,809
"2024-08-19 05:59",212.65,212.65,212.65,212.65,-0.03,-0.01%,140
"2024-08-19 05:58",212.68,212.68,212.68,212.68,-0.01,0.00%,140
"2024-08-19 05:57",212.71,212.71,212.69,212.69,0.08,+0.04%,250
"2024-08-19 05:49",212.61,212.61,212.61,212.61,-0.1,-0.05%,2043
"2024-08-19 05:43",212.67,212.71,212.67,212.71,0.01,0.00%,240
"2024-08-19 05:42",212.7,212.7,212.7,212.7,-0.27,-0.13%,274
"2024-08-19 05:35",212.97,212.97,212.97,212.97,-0.02,-0.01%,162
"2024-08-19 05:32",212.99,212.99,212.99,212.99,0.08,+0.04%,100
"2024-08-19 05:30",212.91,212.91,212.91,212.91,-0.07,-0.03%,121
"2024-08-19 05:27",212.98,212.98,212.98,212.98,0.06,+0.03%,140
"2024-08-19 05:26",212.92,212.92,212.92,212.92,0.03,+0.01%,100
"2024-08-19 05:25",212.89,212.89,212.89,212.89,0,0.00%,119
"2024-08-19 05:22",212.84,212.89,212.84,212.89,0.08,+0.04%,222
"2024-08-19 05:18",212.81,212.81,212.81,212.81,0.01,0.00%,273
"2024-08-19 05:12",212.8,212.8,212.8,212.8,0,0.00%,176
"2024-08-19 05:10",212.88,212.88,212.8,212.8,-0.1,-0.05%,986
"2024-08-19 05:09",212.85,212.9,212.84,212.9,0.01,0.00%,1163
"2024-08-19 05:08",212.89,212.89,212.89,212.89,-0.01,0.00%,141
"2024-08-19 05:05",212.91,212.91,212.9,212.9,-0.1,-0.05%,470
"2024-08-19 05:03",213,213,213,213,0,0.00%,207
"2024-08-19 05:01",213,213,213,213,-0.1,-0.05%,500
"2024-08-19 05:00",213.1,213.1,213.1,213.1,0,0.00%,157
"2024-08-19 04:59",213.15,213.16,213.1,213.1,0.02,+0.01%,346
"2024-08-19 04:58",213.08,213.08,213.08,213.08,0.09,+0.04%,120
"2024-08-19 04:54",212.99,212.99,212.99,212.99,0.01,0.00%,100
"2024-08-19 04:49",213,213,212.98,212.98,-0.07,-0.03%,877
"2024-08-19 04:47",213.05,213.05,213.05,213.05,0.1,+0.05%,565
"2024-08-19 04:45",213.03,213.03,212.95,212.95,0.03,+0.01%,245
"2024-08-19 04:43",212.92,212.92,212.92,212.92,-0.06,-0.03%,132
"2024-08-19 04:42",212.98,212.98,212.98,212.98,0.03,+0.01%,118
"2024-08-19 04:41",212.95,212.95,212.95,212.95,0.05,+0.02%,100
"2024-08-19 04:39",212.9,212.9,212.9,212.9,-0.01,0.00%,615
"2024-08-19 04:36",212.91,212.91,212.91,212.91,0.01,0.00%,100
"2024-08-19 04:32",212.97,212.97,212.9,212.9,0.06,+0.03%,558
"2024-08-19 04:31",212.9,212.9,212.84,212.84,-0.11,-0.05%,600
"2024-08-19 04:30",212.95,212.95,212.95,212.95,0.07,+0.03%,180
"2024-08-19 04:28",212.88,212.88,212.88,212.88,0.03,+0.01%,100
"2024-08-19 04:27",212.85,212.85,212.85,212.85,-0.12,-0.06%,100
"2024-08-19 04:19",212.93,212.98,212.93,212.97,0,0.00%,3525
"2024-08-19 04:18",212.97,212.97,212.97,212.97,-0.07,-0.03%,128
"2024-08-19 04:17",212.98,213.04,212.98,213.04,0.04,+0.02%,240
"2024-08-19 04:16",212.97,213,212.97,213,0.11,+0.05%,600
"2024-08-19 04:15",212.85,212.89,212.85,212.89,0.09,+0.04%,287
"2024-08-19 04:13",212.8,212.8,212.8,212.8,0.09,+0.04%,140
"2024-08-19 04:12",212.71,212.71,212.71,212.71,-0.03,-0.01%,740
"2024-08-19 04:10",212.75,212.75,212.73,212.74,0.01,0.00%,975
"2024-08-19 04:09",212.73,212.73,212.73,212.73,0.14,+0.07%,108
"2024-08-19 04:06",212.61,212.61,212.59,212.59,-0.26,-0.12%,471
"2024-08-19 04:03",212.91,212.91,212.85,212.85,-0.1,-0.05%,500
"2024-08-19 04:02",212.93,212.95,212.93,212.95,-0.04,-0.02%,1100
"2024-08-19 04:01",212.99,212.99,212.99,212.99,0.02,+0.01%,140
"2024-08-19 04:00",212.97,212.97,212.97,212.97,0.47,+0.22%,100
"2024-08-16 19:59",212.5,212.5,212.5,212.5,0,0.00%,167
"2024-08-16 19:57",212.5,212.5,212.5,212.5,0,0.00%,1146
"2024-08-16 19:56",212.5,212.5,212.5,212.5,-0.02,-0.01%,195
"2024-08-16 19:53",212.52,212.52,212.51,212.52,-0.06,-0.03%,2554
"2024-08-16 19:37",212.58,212.58,212.58,212.58,-0.01,0.00%,100
"2024-08-16 19:31",212.59,212.59,212.59,212.59,0.02,+0.01%,100
"2024-08-16 19:29",212.59,212.59,212.57,212.57,-0.02,-0.01%,336
"2024-08-16 19:28",212.59,212.59,212.59,212.59,0,0.00%,288
"2024-08-16 19:26",212.59,212.59,212.59,212.59,0,0.00%,100
"2024-08-16 19:11",212.59,212.59,212.59,212.59,0.087,+0.04%,490
"2024-08-16 19:05",212.503,212.503,212.503,212.503,-0.027,-0.01%,250
"2024-08-16 19:04",212.53,212.53,212.53,212.53,0.03,+0.01%,250
"2024-08-16 18:52",212.42,212.5,212.42,212.5,-0.09,-0.04%,1608
"2024-08-16 18:50",212.59,212.59,212.59,212.59,-0.02,-0.01%,100
"2024-08-16 18:45",212.6,212.63,212.6,212.61,-0.1,-0.05%,656
"2024-08-16 18:44",212.71,212.71,212.71,212.71,0,0.00%,1020
"2024-08-16 18:43",212.71,212.71,212.71,212.71,0,0.00%,118
"2024-08-16 18:40",212.71,212.71,212.71,212.71,0.04,+0.02%,134
"2024-08-16 18:37",212.67,212.67,212.67,212.67,0.01,0.00%,100
"2024-08-16 18:32",212.74,212.74,212.66,212.66,-0.0117,-0.01%,230
"2024-08-16 18:28",212.6717,212.6717,212.6717,212.6717,-0.0783,-0.04%,199
"2024-08-16 18:15",212.75,212.75,212.75,212.75,0.05,+0.02%,379
"2024-08-16 18:07",212.7,212.7,212.7,212.7,-0.05,-0.02%,100
"2024-08-16 18:04",212.75,212.75,212.75,212.75,0.04,+0.02%,100
"2024-08-16 17:55",212.71,212.71,212.71,212.71,-0.06,-0.03%,1200
"2024-08-16 17:43",212.77,212.77,212.77,212.77,-0.04,-0.02%,100
"2024-08-16 17:42",212.81,212.81,212.81,212.81,0.09,+0.04%,900
"2024-08-16 17:41",212.72,212.72,212.72,212.72,0,0.00%,203
"2024-08-16 17:29",212.72,212.72,212.72,212.72,0.01,0.00%,200
"2024-08-16 17:28",212.71,212.71,212.71,212.71,0.01,0.00%,100
"2024-08-16 17:27",212.72,212.72,212.7,212.7,0,0.00%,1328
"2024-08-16 17:26",212.7,212.7,212.7,212.7,0,0.00%,259
"2024-08-16 17:25",212.7,212.7,212.7,212.7,-0.05,-0.02%,600
"2024-08-16 17:23",212.75,212.75,212.75,212.75,0,0.00%,119
"2024-08-16 17:20",212.75,212.75,212.75,212.75,0,0.00%,100
"2024-08-16 17:19",212.7,212.75,212.7,212.75,0.05,+0.02%,220
"2024-08-16 17:17",212.77,212.77,212.7,212.7,-0.0696,-0.03%,400
"2024-08-16 17:15",212.7696,212.7696,212.7696,212.7696,0.0406,+0.02%,200
"2024-08-16 17:11",212.74,212.74,212.729,212.729,-0.011,-0.01%,300
"2024-08-16 17:08",212.74,212.74,212.74,212.74,0,0.00%,100
"2024-08-16 17:07",212.74,212.74,212.74,212.74,0,0.00%,100
"2024-08-16 17:06",212.75,212.75,212.74,212.74,0.01,0.00%,200
"2024-08-16 16:59",212.73,212.73,212.73,212.73,-0.06,-0.03%,300
"2024-08-16 16:58",212.79,212.79,212.79,212.79,-0.01,0.00%,300
"2024-08-16 16:57",212.8,212.81,212.78,212.8,0.01,0.00%,2840
"2024-08-16 16:55",212.79,212.79,212.79,212.79,0.03,+0.01%,500
"2024-08-16 16:53",212.76,212.76,212.76,212.76,0.16,+0.08%,181
"2024-08-16 16:52",212.6,212.6,212.6,212.6,-0.17,-0.08%,96184
"2024-08-16 16:49",212.73,212.77,212.73,212.77,0.03,+0.01%,2438
"2024-08-16 16:48",212.74,212.74,212.73,212.74,-0.01,0.00%,2200
"2024-08-16 16:47",212.75,212.75,212.74,212.75,-0.03,-0.01%,800
"2024-08-16 16:45",212.78,212.78,212.78,212.78,-0.02,-0.01%,140
"2024-08-16 16:44",212.8,212.8,212.8,212.8,0,0.00%,100
"2024-08-16 16:43",212.8,212.8,212.8,212.8,0.05,+0.02%,100
"2024-08-16 16:42",212.75,212.75,212.75,212.75,-0.04,-0.02%,179
"2024-08-16 16:40",212.74,212.79,212.74,212.79,0.06,+0.03%,1100
"2024-08-16 16:39",212.74,212.74,212.73,212.73,0.02,+0.01%,1000
"2024-08-16 16:37",212.71,212.71,212.71,212.71,-0.03,-0.01%,138
"2024-08-16 16:35",212.74,212.74,212.74,212.74,0.01,0.00%,191
"2024-08-16 16:34",212.7299,212.73,212.7299,212.73,0.04,+0.02%,641
"2024-08-16 16:33",212.7,212.7,212.69,212.69,0,0.00%,4150
"2024-08-16 16:32",212.69,212.7,212.69,212.69,0,0.00%,8563
"2024-08-16 16:31",212.7393,212.7393,212.69,212.69,-0.05,-0.02%,1790
"2024-08-16 16:30",212.74,212.74,212.74,212.74,0.03,+0.01%,4800
"2024-08-16 16:26",212.63,212.71,212.61,212.71,0.08,+0.04%,175064
"2024-08-16 16:25",212.64,212.64,212.6,212.63,-0.01,0.00%,61009
"2024-08-16 16:24",212.65,212.66,212.64,212.64,-0.07,-0.03%,46538
"2024-08-16 16:23",212.77,212.77,212.71,212.71,-0.06,-0.03%,19424
"2024-08-16 16:21",212.77,212.77,212.77,212.77,0.01,0.00%,1100
"2024-08-16 16:20",212.79,212.79,212.76,212.76,-0.03,-0.01%,1946
"2024-08-16 16:19",212.78,212.79,212.78,212.79,-0.04,-0.02%,1331
"2024-08-16 16:18",212.84,212.84,212.83,212.83,0.02,+0.01%,400
"2024-08-16 16:17",212.81,212.81,212.79,212.81,0,0.00%,1700
"2024-08-16 16:16",212.8,212.81,212.8,212.81,0.02,+0.01%,1400
"2024-08-16 16:15",212.79,212.8,212.79,212.79,-0.06,-0.03%,520
"2024-08-16 16:14",212.8,212.86,212.8,212.85,0.07,+0.03%,2400
"2024-08-16 16:13",212.7507,212.79,212.7507,212.78,0.04,+0.02%,2263
"2024-08-16 16:12",212.75,212.75,212.73,212.74,0,0.00%,700
"2024-08-16 16:11",212.8,212.8,212.74,212.74,-0.04,-0.02%,6609
"2024-08-16 16:10",212.72,212.78,212.72,212.78,0.03,+0.01%,7980
"2024-08-16 16:09",212.76,212.76,212.75,212.75,0,0.00%,3430
"2024-08-16 16:08",212.72,212.75,212.7,212.75,0.06,+0.03%,19280
"2024-08-16 16:07",212.74,212.74,212.69,212.69,-0.07,-0.03%,11495
"2024-08-16 16:06",212.7,212.76,212.6,212.76,0.04,+0.02%,3994
"2024-08-16 16:05",212.77,212.77,212.72,212.72,-0.01,0.00%,8676
"2024-08-16 16:04",212.74,212.75,212.73,212.73,-0.02,-0.01%,10247
"2024-08-16 16:03",212.7,212.75,212.7,212.75,0.04,+0.02%,7570
"2024-08-16 16:02",212.71,212.71,212.7,212.71,0.01,0.00%,12700
"2024-08-16 16:01",212.67,212.72,212.65,212.7,0.02,+0.01%,4223
"2024-08-16 16:00",212.6,212.69,212.56,212.68,0.08,+0.04%,141955
"2024-08-16 15:59",212.51,212.69,212.5,212.6,0.08,+0.04%,1013961
"2024-08-16 15:58",212.56,212.56,212.5,212.52,-0.03,-0.01%,133383
"2024-08-16 15:57",212.4213,212.56,212.4213,212.55,0.125,+0.06%,143498
"2024-08-16 15:56",212.38,212.47,212.34,212.425,0.045,+0.02%,69014
"2024-08-16 15:55",212.42,212.47,212.33,212.38,-0.06,-0.03%,88912
"2024-08-16 15:54",212.49,212.54,212.37,212.44,-0.04,-0.02%,88637
"2024-08-16 15:53",212.45,212.48,212.39,212.48,0.02,+0.01%,75192
"2024-08-16 15:52",212.39,212.51,212.39,212.46,0.06,+0.03%,143888
"2024-08-16 15:51",212.67,212.675,212.4,212.4,-0.27,-0.13%,230996
"2024-08-16 15:50",212.58,212.78,212.58,212.67,0.08,+0.04%,134637
"2024-08-16 15:49",212.605,212.65,212.58,212.59,-0.01,0.00%,118962
"2024-08-16 15:48",212.51,212.62,212.51,212.6,0.095,+0.04%,149635
"2024-08-16 15:47",212.41,212.53,212.31,212.505,0.095,+0.04%,102658
"2024-08-16 15:46",212.48,212.48,212.36,212.41,-0.07,-0.03%,79525
"2024-08-16 15:45",212.5,212.53,212.39,212.48,-0.03,-0.01%,94178
"2024-08-16 15:44",212.595,212.62,212.49,212.51,-0.08,-0.04%,106398
"2024-08-16 15:43",212.62,212.67,212.58,212.59,-0.04,-0.02%,92919
"2024-08-16 15:42",212.67,212.71,212.63,212.63,-0.03,-0.01%,57718
"2024-08-16 15:41",212.66,212.72,212.63,212.66,0,0.00%,55835
"2024-08-16 15:40",212.725,212.73,212.64,212.66,-0.06,-0.03%,78017
"2024-08-16 15:39",212.7,212.76,212.69,212.72,0.02,+0.01%,67288
"2024-08-16 15:38",212.72,212.7499,212.69,212.7,-0.03,-0.01%,92162
"2024-08-16 15:37",212.65,212.73,212.64,212.73,0.07,+0.03%,41279
"2024-08-16 15:36",212.58,212.67,212.54,212.66,0.075,+0.04%,62568
"2024-08-16 15:35",212.57,212.6001,212.525,212.585,0.025,+0.01%,42686
"2024-08-16 15:34",212.54,212.6,212.54,212.56,-0.005,0.00%,42482
"2024-08-16 15:33",212.51,212.57,212.48,212.565,0.045,+0.02%,77121
"2024-08-16 15:32",212.58,212.61,212.52,212.52,-0.05,-0.02%,73448
"2024-08-16 15:31",212.38,212.58,212.38,212.57,0.188,+0.09%,72880
"2024-08-16 15:30",212.4399,212.44,212.34,212.382,-0.058,-0.03%,68777
"2024-08-16 15:29",212.5429,212.55,212.41,212.44,-0.11,-0.05%,72237
"2024-08-16 15:28",212.58,212.59,212.53,212.55,-0.04,-0.02%,32019
"2024-08-16 15:27",212.53,212.59,212.5,212.59,0.05,+0.02%,33980
"2024-08-16 15:26",212.55,212.56,212.47,212.54,-0.0086,0.00%,50488
"2024-08-16 15:25",212.6,212.6199,212.51,212.5486,-0.0614,-0.03%,83586
"2024-08-16 15:24",212.55,212.625,212.54,212.61,0.07,+0.03%,55386
"2024-08-16 15:23",212.64,212.65,212.5,212.54,-0.1,-0.05%,28049
"2024-08-16 15:22",212.67,212.68,212.63,212.64,-0.03,-0.01%,36955
"2024-08-16 15:21",212.64,212.67,212.58,212.67,0.04,+0.02%,31755
"2024-08-16 15:20",212.67,212.6901,212.61,212.63,-0.05,-0.02%,41311
"2024-08-16 15:19",212.65,212.72,212.65,212.68,0.04,+0.02%,36228
"2024-08-16 15:18",212.7,212.72,212.64,212.64,-0.07,-0.03%,25339
"2024-08-16 15:17",212.66,212.73,212.65,212.71,0.05,+0.02%,29745
"2024-08-16 15:16",212.7,212.75,212.655,212.66,-0.04,-0.02%,37532
"2024-08-16 15:15",212.81,212.82,212.69,212.7,-0.11,-0.05%,38148
"2024-08-16 15:14",212.87,212.9,212.81,212.81,-0.06,-0.03%,32368
"2024-08-16 15:13",212.76,212.88,212.75,212.87,0.13,+0.06%,28261
"2024-08-16 15:12",212.75,212.8,212.74,212.74,-0.02,-0.01%,30510
"2024-08-16 15:11",212.74,212.77,212.71,212.76,0.04,+0.02%,47622
"2024-08-16 15:10",212.8,212.8634,212.71,212.72,-0.08,-0.04%,37293
"2024-08-16 15:09",212.77,212.84,212.76,212.8,0.0219,+0.01%,19960
"2024-08-16 15:08",212.82,212.82,212.76,212.7781,-0.0519,-0.02%,79109
"2024-08-16 15:07",212.94,212.94,212.82,212.83,-0.11,-0.05%,38485
"2024-08-16 15:06",212.9,212.99,212.9,212.94,0.04,+0.02%,41228
"2024-08-16 15:05",212.86,212.91,212.86,212.9,0.04,+0.02%,22948
"2024-08-16 15:04",212.93,212.93,212.83,212.86,-0.08,-0.04%,58175
"2024-08-16 15:03",213.03,213.03,212.94,212.94,-0.08,-0.04%,154078
"2024-08-16 15:02",213.02,213.04,212.99,213.02,-0.01,0.00%,26400
"2024-08-16 15:01",212.93,213.04,212.93,213.03,0.09,+0.04%,28357
"2024-08-16 15:00",212.95,212.98,212.89,212.94,-0.02,-0.01%,39037
"2024-08-16 14:59",212.98,213.01,212.95,212.96,-0.02,-0.01%,37080
"2024-08-16 14:58",212.935,212.98,212.9,212.98,0.05,+0.02%,37551
"2024-08-16 14:57",212.95,212.95,212.9,212.93,-0.0273,-0.01%,22324
"2024-08-16 14:56",212.88,212.96,212.88,212.9573,0.0673,+0.03%,22554
"2024-08-16 14:55",212.9694,213,212.89,212.89,-0.07,-0.03%,40303
"2024-08-16 14:54",212.88,212.964,212.88,212.96,0.08,+0.04%,25279
"2024-08-16 14:53",212.805,212.88,212.805,212.88,0.08,+0.04%,33608
"2024-08-16 14:52",212.77,212.83,212.75,212.8,0.04,+0.02%,20274
"2024-08-16 14:51",212.745,212.8,212.74,212.76,0.02,+0.01%,14601
"2024-08-16 14:50",212.85,212.85,212.72,212.74,-0.1,-0.05%,15930
"2024-08-16 14:49",212.76,212.86,212.76,212.84,0.0929,+0.04%,28023
"2024-08-16 14:48",212.85,212.85,212.7,212.7471,-0.1029,-0.05%,24172
"2024-08-16 14:47",212.76,212.86,212.76,212.85,0.1,+0.05%,28186
"2024-08-16 14:46",212.69,212.79,212.69,212.75,0.05,+0.02%,15233
"2024-08-16 14:45",212.72,212.75,212.69,212.7,-0.01,0.00%,20890
"2024-08-16 14:44",212.69,212.7104,212.66,212.71,0.01,0.00%,22037
"2024-08-16 14:43",212.72,212.73,212.68,212.7,-0.02,-0.01%,16170
"2024-08-16 14:42",212.78,212.79,212.6997,212.72,-0.05,-0.02%,78836
"2024-08-16 14:41",212.77,212.7999,212.76,212.77,0.01,0.00%,19675
"2024-08-16 14:40",212.69,212.79,212.66,212.76,0.08,+0.04%,58479
"2024-08-16 14:39",212.7,212.75,212.68,212.68,-0.02,-0.01%,22724
"2024-08-16 14:38",212.68,212.71,212.67,212.7,0.03,+0.01%,18722
"2024-08-16 14:37",212.63,212.6764,212.6,212.67,0.03,+0.01%,18109
"2024-08-16 14:36",212.67,212.72,212.63,212.64,-0.01,0.00%,45160
"2024-08-16 14:35",212.6899,212.6899,212.62,212.65,-0.04,-0.02%,21123
"2024-08-16 14:34",212.57,212.69,212.57,212.69,0.12,+0.06%,24835
"2024-08-16 14:33",212.55,212.61,212.52,212.57,0.02,+0.01%,18444
"2024-08-16 14:32",212.61,212.61,212.54,212.55,-0.05,-0.02%,20882
"2024-08-16 14:31",212.59,212.64,212.59,212.6,0.0186,+0.01%,38145
"2024-08-16 14:30",212.56,212.6,212.56,212.5814,0.0314,+0.01%,25044
"2024-08-16 14:29",212.51,212.56,212.5,212.55,0.03,+0.01%,17182
"2024-08-16 14:28",212.45,212.52,212.44,212.52,0.06,+0.03%,20749
"2024-08-16 14:27",212.46,212.47,212.39,212.46,0.01,0.00%,15051
"2024-08-16 14:26",212.37,212.48,212.37,212.45,0.08,+0.04%,24846
"2024-08-16 14:25",212.29,212.3801,212.28,212.37,0.08,+0.04%,33321
"2024-08-16 14:24",212.265,212.34,212.25,212.29,0.03,+0.01%,44253
"2024-08-16 14:23",212.32,212.36,212.24,212.26,-0.05,-0.02%,34083
"2024-08-16 14:22",212.34,212.39,212.31,212.31,-0.04,-0.02%,19201
"2024-08-16 14:21",212.31,212.35,212.27,212.35,0.03,+0.01%,13688
"2024-08-16 14:20",212.43,212.43,212.31,212.32,-0.12,-0.06%,22674
"2024-08-16 14:19",212.33,212.44,212.33,212.44,0.11,+0.05%,28133
"2024-08-16 14:18",212.37,212.4,212.31,212.33,-0.04,-0.02%,26416
"2024-08-16 14:17",212.39,212.4,212.3,212.37,-0.015,-0.01%,45174
"2024-08-16 14:16",212.41,212.425,212.32,212.385,-0.015,-0.01%,27986
"2024-08-16 14:15",212.3,212.41,212.29,212.4,0.1,+0.05%,20689
"2024-08-16 14:14",212.23,212.33,212.23,212.3,0.08,+0.04%,21392
"2024-08-16 14:13",212.34,212.35,212.19,212.22,-0.11,-0.05%,28330
"2024-08-16 14:12",212.33,212.34,212.3,212.33,0,0.00%,26018
"2024-08-16 14:11",212.4,212.41,212.3201,212.33,-0.06,-0.03%,18935
"2024-08-16 14:10",212.32,212.39,212.3,212.39,0.05,+0.02%,37406
"2024-08-16 14:09",212.37,212.45,212.32,212.34,-0.01,0.00%,31554
"2024-08-16 14:08",212.41,212.41,212.31,212.35,-0.05,-0.02%,34159
"2024-08-16 14:07",212.49,212.4999,212.3919,212.4,-0.11,-0.05%,17596
"2024-08-16 14:06",212.42,212.52,212.3699,212.51,0.09,+0.04%,28657
"2024-08-16 14:05",212.49,212.52,212.42,212.42,-0.0627,-0.03%,18037
"2024-08-16 14:04",212.6,212.605,212.4827,212.4827,-0.1073,-0.05%,22136
"2024-08-16 14:03",212.61,212.65,212.58,212.59,-0.02,-0.01%,17297
"2024-08-16 14:02",212.59,212.66,212.58,212.61,0.01,0.00%,24415
"2024-08-16 14:01",212.61,212.66,212.6,212.6,-0.02,-0.01%,13783
"2024-08-16 14:00",212.77,212.78,212.62,212.62,-0.15,-0.07%,19349
"2024-08-16 13:59",212.76,212.79,212.76,212.77,0.02,+0.01%,13806
"2024-08-16 13:58",212.695,212.76,212.695,212.75,0.06,+0.03%,13109
"2024-08-16 13:57",212.7,212.72,212.69,212.69,-0.02,-0.01%,13786
"2024-08-16 13:56",212.65,212.72,212.65,212.71,0.06,+0.03%,19051
"2024-08-16 13:55",212.52,212.65,212.52,212.65,0.15,+0.07%,19018
"2024-08-16 13:54",212.5,212.51,212.46,212.5,-0.01,0.00%,25419
"2024-08-16 13:53",212.51,212.54,212.47,212.51,0.01,0.00%,28387
"2024-08-16 13:52",212.55,212.575,212.5,212.5,-0.06,-0.03%,29110
"2024-08-16 13:51",212.5,212.59,212.47,212.56,0.0601,+0.03%,39186
"2024-08-16 13:50",212.69,212.7,212.43,212.4999,-0.1951,-0.09%,37911
"2024-08-16 13:49",212.66,212.71,212.66,212.695,0.035,+0.02%,18016
"2024-08-16 13:48",212.59,212.7,212.58,212.66,0.07,+0.03%,19128
"2024-08-16 13:47",212.65,212.66,212.5795,212.59,-0.055,-0.03%,31101
"2024-08-16 13:46",212.7,212.77,212.63,212.645,-0.045,-0.02%,14617
"2024-08-16 13:45",212.77,212.77,212.68,212.69,-0.08,-0.04%,16519
"2024-08-16 13:44",212.73,212.77,212.715,212.77,0.035,+0.02%,16847
"2024-08-16 13:43",212.7,212.74,212.69,212.735,0.035,+0.02%,20533
"2024-08-16 13:42",212.72,212.77,212.7,212.7,-0.02,-0.01%,9902
"2024-08-16 13:41",212.84,212.8405,212.68,212.72,-0.11,-0.05%,24208
"2024-08-16 13:40",212.78,212.83,212.78,212.83,0.06,+0.03%,12578
"2024-08-16 13:39",212.855,212.855,212.75,212.77,-0.07,-0.03%,11013
"2024-08-16 13:38",212.8236,212.85,212.78,212.84,0.0106,0.00%,15919
"2024-08-16 13:37",212.85,212.85,212.79,212.8294,-0.0106,0.00%,18977
"2024-08-16 13:36",212.725,212.84,212.725,212.84,0.12,+0.06%,32809
"2024-08-16 13:35",212.64,212.73,212.64,212.72,0.085,+0.04%,22499
"2024-08-16 13:34",212.69,212.7,212.61,212.635,-0.045,-0.02%,13639
"2024-08-16 13:33",212.59,212.69,212.56,212.68,0.09,+0.04%,16386
"2024-08-16 13:32",212.65,212.65,212.58,212.59,-0.06,-0.03%,25766
"2024-08-16 13:31",212.6298,212.66,212.59,212.65,0.03,+0.01%,25004
"2024-08-16 13:30",212.65,212.69,212.6,212.62,-0.03,-0.01%,22516
"2024-08-16 13:29",212.64,212.67,212.6,212.65,0.01,0.00%,32997
"2024-08-16 13:28",212.59,212.64,212.55,212.64,0.05,+0.02%,22756
"2024-08-16 13:27",212.63,212.63,212.5,212.59,-0.04,-0.02%,36563
"2024-08-16 13:26",212.7,212.7,212.57,212.63,-0.08,-0.04%,28003
"2024-08-16 13:25",212.705,212.74,212.695,212.71,0,0.00%,19540
"2024-08-16 13:24",212.68,212.71,212.65,212.71,0.03,+0.01%,11228
"2024-08-16 13:23",212.74,212.77,212.65,212.68,-0.06,-0.03%,40121
"2024-08-16 13:22",212.685,212.75,212.685,212.74,0.0799,+0.04%,22179
"2024-08-16 13:21",212.61,212.68,212.6,212.6601,0.0501,+0.02%,25650
"2024-08-16 13:20",212.68,212.69,212.58,212.61,-0.07,-0.03%,18102
"2024-08-16 13:19",212.67,212.7,212.65,212.68,0.01,0.00%,13536
"2024-08-16 13:18",212.58,212.7,212.56,212.67,0.1,+0.05%,12830
"2024-08-16 13:17",212.51,212.62,212.51,212.57,0.06,+0.03%,15190
"2024-08-16 13:16",212.58,212.58,212.49,212.51,-0.07,-0.03%,17297
"2024-08-16 13:15",212.65,212.65,212.56,212.58,-0.06,-0.03%,25256
"2024-08-16 13:14",212.6,212.64,212.57,212.64,0.03,+0.01%,14736
"2024-08-16 13:13",212.59,212.63,212.58,212.61,0.03,+0.01%,13749
"2024-08-16 13:12",212.51,212.58,212.48,212.58,0.065,+0.03%,16201
"2024-08-16 13:11",212.54,212.59,212.515,212.515,-0.025,-0.01%,20631
"2024-08-16 13:10",212.46,212.61,212.46,212.54,0.0999,+0.05%,18657
"2024-08-16 13:09",212.46,212.48,212.41,212.4401,-0.0098,0.00%,47677
"2024-08-16 13:08",212.61,212.61,212.43,212.4499,-0.1501,-0.07%,27065
"2024-08-16 13:07",212.65,212.69,212.59,212.6,-0.04,-0.02%,10983
"2024-08-16 13:06",212.69,212.7231,212.6101,212.64,-0.04,-0.02%,16657
"2024-08-16 13:05",212.68,212.7365,212.64,212.68,0.01,0.00%,20950
"2024-08-16 13:04",212.7,212.72,212.66,212.67,-0.04,-0.02%,21553
"2024-08-16 13:03",212.69,212.735,212.665,212.71,0.02,+0.01%,21811
"2024-08-16 13:02",212.69,212.73,212.65,212.69,0,0.00%,40670
"2024-08-16 13:01",212.81,212.85,212.69,212.69,-0.11,-0.05%,40988
"2024-08-16 13:00",212.87,212.92,212.8,212.8,-0.07,-0.03%,14934
"2024-08-16 12:59",212.99,213.04,212.86,212.87,-0.12,-0.06%,24111
"2024-08-16 12:58",212.96,213.03,212.94,212.99,0.04,+0.02%,36361
"2024-08-16 12:57",212.75,212.95,212.46,212.95,0.205,+0.10%,55678
"2024-08-16 12:56",212.71,212.75,212.71,212.745,0.045,+0.02%,16198
"2024-08-16 12:55",212.61,212.72,212.61,212.7,0.07,+0.03%,15729
"2024-08-16 12:54",212.514,212.63,212.514,212.63,0.09,+0.04%,25671
"2024-08-16 12:53",212.48,212.58,212.48,212.54,0.05,+0.02%,12030
"2024-08-16 12:52",212.625,212.63,212.48,212.49,-0.12,-0.06%,15787
"2024-08-16 12:51",212.59,212.625,212.57,212.61,0.02,+0.01%,17695
"2024-08-16 12:50",212.51,212.59,212.51,212.59,0.09,+0.04%,45773
"2024-08-16 12:49",212.43,212.5,212.43,212.5,0.07,+0.03%,13826
"2024-08-16 12:48",212.4425,212.45,212.43,212.43,0.01,0.00%,4990
"2024-08-16 12:47",212.49,212.5,212.39,212.42,-0.0601,-0.03%,13782
"2024-08-16 12:46",212.4126,212.4899,212.395,212.4801,0.0701,+0.03%,13229
"2024-08-16 12:45",212.56,212.575,212.4,212.41,-0.15,-0.07%,65203
"2024-08-16 12:44",212.465,212.57,212.465,212.56,0.09,+0.04%,13967
"2024-08-16 12:43",212.46,212.49,212.455,212.47,0.02,+0.01%,13859
"2024-08-16 12:42",212.46,212.5,212.42,212.45,-0.02,-0.01%,42688
"2024-08-16 12:41",212.565,212.565,212.47,212.47,-0.09,-0.04%,11052
"2024-08-16 12:40",212.54,212.56,212.51,212.56,0,0.00%,7857
"2024-08-16 12:39",212.48,212.56,212.47,212.56,0.07,+0.03%,26812
"2024-08-16 12:38",212.48,212.49,212.42,212.49,0.01,0.00%,11265
"2024-08-16 12:37",212.5495,212.56,212.4501,212.48,-0.07,-0.03%,12810
"2024-08-16 12:36",212.54,212.58,212.52,212.55,0.02,+0.01%,25089
"2024-08-16 12:35",212.52,212.54,212.48,212.53,0.03,+0.01%,11568
"2024-08-16 12:34",212.535,212.54,212.48,212.5,-0.035,-0.02%,10028
"2024-08-16 12:33",212.44,212.57,212.44,212.535,0.1,+0.05%,11889
"2024-08-16 12:32",212.41,212.44,212.4099,212.435,0.02,+0.01%,9995
"2024-08-16 12:31",212.4394,212.46,212.385,212.415,-0.015,-0.01%,5863
"2024-08-16 12:30",212.41,212.45,212.34,212.43,0.01,0.00%,27845
"2024-08-16 12:29",212.43,212.5,212.41,212.42,-0.01,0.00%,22662
"2024-08-16 12:28",212.41,212.43,212.38,212.43,0.03,+0.01%,22363
"2024-08-16 12:27",212.32,212.41,212.32,212.4,0.07,+0.03%,32408
"2024-08-16 12:26",212.41,212.41,212.32,212.33,-0.09,-0.04%,46430
"2024-08-16 12:25",212.48,212.49,212.41,212.42,-0.04,-0.02%,9548
"2024-08-16 12:24",212.48,212.54,212.45,212.46,-0.0099,0.00%,9675
"2024-08-16 12:23",212.53,212.58,212.46,212.4699,-0.0701,-0.03%,38005
"2024-08-16 12:22",212.52,212.54,212.42,212.54,0.03,+0.01%,12759
"2024-08-16 12:21",212.435,212.55,212.435,212.51,0.08,+0.04%,14825
"2024-08-16 12:20",212.49,212.51,212.42,212.43,-0.05,-0.02%,13949
"2024-08-16 12:19",212.4201,212.48,212.4,212.48,0.05,+0.02%,11641
"2024-08-16 12:18",212.39,212.45,212.39,212.43,0.035,+0.02%,10829
"2024-08-16 12:17",212.465,212.49,212.3901,212.395,-0.075,-0.04%,16565
"2024-08-16 12:16",212.495,212.51,212.4401,212.47,-0.03,-0.01%,22846
"2024-08-16 12:15",212.38,212.52,212.36,212.5,0.1102,+0.05%,49893
"2024-08-16 12:14",212.36,212.4,212.3301,212.3898,0.0298,+0.01%,43390
"2024-08-16 12:13",212.25,212.36,212.24,212.36,0.11,+0.05%,32325
"2024-08-16 12:12",212.21,212.27,212.21,212.25,0.035,+0.02%,10359
"2024-08-16 12:11",212.25,212.33,212.1938,212.215,-0.025,-0.01%,8022
"2024-08-16 12:10",212.28,212.33,212.24,212.24,-0.05,-0.02%,12102
"2024-08-16 12:09",212.29,212.31,212.26,212.29,0,0.00%,9353
"2024-08-16 12:08",212.205,212.33,212.205,212.29,0.11,+0.05%,69897
"2024-08-16 12:07",212.12,212.18,212.1,212.18,0.06,+0.03%,11094
"2024-08-16 12:06",212.1,212.152,212.09,212.12,0,0.00%,10678
"2024-08-16 12:05",212.175,212.2101,212.12,212.12,-0.07,-0.03%,6992
"2024-08-16 12:04",212.14,212.21,212.14,212.19,0.08,+0.04%,17477
"2024-08-16 12:03",212.14,212.18,212.09,212.11,-0.035,-0.02%,15020
"2024-08-16 12:02",212.07,212.16,212.05,212.145,0.075,+0.04%,35521
"2024-08-16 12:01",212.11,212.15,212.04,212.07,-0.02,-0.01%,9957
"2024-08-16 12:00",212.07,212.165,212.02,212.09,0.01,0.00%,39997
"2024-08-16 11:59",212.22,212.22,212.07,212.08,-0.14,-0.07%,9933
"2024-08-16 11:58",212.19,212.23,212.14,212.22,0.02,+0.01%,9999
"2024-08-16 11:57",212.1799,212.23,212.16,212.2,0.03,+0.01%,24669
"2024-08-16 11:56",212.195,212.1962,212.115,212.17,-0.02,-0.01%,14630
"2024-08-16 11:55",212.15,212.2,212.135,212.19,0.025,+0.01%,19366
"2024-08-16 11:54",212.06,212.165,212.06,212.165,0.105,+0.05%,12128
"2024-08-16 11:53",212.136,212.18,212.06,212.06,-0.0625,-0.03%,68109
"2024-08-16 11:52",212.075,212.17,212.075,212.1225,0.0425,+0.02%,23318
"2024-08-16 11:51",212.0001,212.12,211.99,212.08,0.08,+0.04%,26275
"2024-08-16 11:50",212.05,212.06,211.985,212,-0.05,-0.02%,19051
"2024-08-16 11:49",212.0386,212.12,212.005,212.05,0.01,0.00%,163684
"2024-08-16 11:48",211.87,212.04,211.87,212.04,0.17,+0.08%,80300
"2024-08-16 11:47",211.93,211.94,211.85,211.87,-0.07,-0.03%,15552
"2024-08-16 11:46",211.85,211.94,211.84,211.94,0.07,+0.03%,46801
"2024-08-16 11:45",211.69,211.87,211.69,211.87,0.18,+0.09%,24567
"2024-08-16 11:44",211.75,211.75,211.67,211.69,-0.06,-0.03%,10537
"2024-08-16 11:43",211.63,211.8,211.63,211.75,0.1,+0.05%,21449
"2024-08-16 11:42",211.72,211.7379,211.6117,211.65,-0.0701,-0.03%,26952
"2024-08-16 11:41",211.71,211.74,211.68,211.7201,0.0001,0.00%,22761
"2024-08-16 11:40",211.8,211.82,211.71,211.72,-0.075,-0.04%,29046
"2024-08-16 11:39",211.88,211.89,211.7901,211.795,-0.1,-0.05%,26320
"2024-08-16 11:38",212,212,211.875,211.895,-0.12,-0.06%,35840
"2024-08-16 11:37",211.97,212.06,211.91,212.015,0.045,+0.02%,26424
"2024-08-16 11:36",211.89,211.97,211.82,211.97,0.08,+0.04%,23018
"2024-08-16 11:35",211.77,211.89,211.77,211.89,0.1335,+0.06%,31169
"2024-08-16 11:34",211.78,211.83,211.745,211.7565,-0.0285,-0.01%,31014
"2024-08-16 11:33",211.7399,211.795,211.68,211.785,0.055,+0.03%,19276
"2024-08-16 11:32",211.734,211.75,211.67,211.73,-0.03,-0.01%,21411
"2024-08-16 11:31",211.675,211.8,211.63,211.76,0.08,+0.04%,36587
"2024-08-16 11:30",211.67,211.705,211.63,211.68,0.02,+0.01%,37981
"2024-08-16 11:29",211.53,211.68,211.52,211.66,0.13,+0.06%,27063
"2024-08-16 11:28",211.53,211.5443,211.4107,211.53,0,0.00%,26502
"2024-08-16 11:27",211.36,211.575,211.36,211.53,0.18,+0.09%,16139
"2024-08-16 11:26",211.475,211.5,211.345,211.35,-0.1,-0.05%,46643
"2024-08-16 11:25",211.4988,211.4988,211.4,211.45,-0.04,-0.02%,30856
"2024-08-16 11:24",211.45,211.55,211.42,211.49,0.0601,+0.03%,17668
"2024-08-16 11:23",211.34,211.46,211.34,211.4299,0.0899,+0.04%,15983
"2024-08-16 11:22",211.41,211.44,211.28,211.34,-0.09,-0.04%,56608
"2024-08-16 11:21",211.34,211.532,211.33,211.43,0.07,+0.03%,129043
"2024-08-16 11:20",211.58,211.62,211.34,211.36,-0.23,-0.11%,80446
"2024-08-16 11:19",211.58,211.61,211.51,211.59,-0.03,-0.01%,12594
"2024-08-16 11:18",211.67,211.75,211.58,211.62,-0.02,-0.01%,22207
"2024-08-16 11:17",211.59,211.67,211.54,211.64,0.0363,+0.02%,23606
"2024-08-16 11:16",211.77,211.795,211.6,211.6037,-0.1763,-0.08%,42264
"2024-08-16 11:15",211.81,211.8359,211.76,211.78,-0.0301,-0.01%,19626
"2024-08-16 11:14",211.81,211.87,211.795,211.8101,-0.0011,0.00%,18677
"2024-08-16 11:13",211.79,211.87,211.76,211.8112,0.0312,+0.01%,9558
"2024-08-16 11:12",211.8,211.84,211.75,211.78,0,0.00%,10338
"2024-08-16 11:11",211.77,211.86,211.68,211.78,0.0356,+0.02%,12116
"2024-08-16 11:10",211.76,211.81,211.7,211.7444,0.0008,0.00%,13510
"2024-08-16 11:09",211.85,211.86,211.7436,211.7436,-0.1264,-0.06%,16324
"2024-08-16 11:08",211.77,211.9499,211.77,211.87,0.0697,+0.03%,42812
"2024-08-16 11:07",211.79,211.85,211.745,211.8003,-0.0047,0.00%,51775
"2024-08-16 11:06",211.64,211.8245,211.64,211.805,0.1652,+0.08%,17826
"2024-08-16 11:05",211.82,211.83,211.61,211.6398,-0.2002,-0.09%,24298
"2024-08-16 11:04",211.73,211.84,211.66,211.84,0.12,+0.06%,41893
"2024-08-16 11:03",211.67,211.78,211.67,211.72,0.05,+0.02%,16799
"2024-08-16 11:02",211.69,211.76,211.64,211.67,-0.08,-0.04%,16903
"2024-08-16 11:01",211.72,211.75,211.63,211.75,0.02,+0.01%,15640
"2024-08-16 11:00",211.65,211.82,211.635,211.73,0.0748,+0.04%,16736
"2024-08-16 10:59",211.72,211.81,211.61,211.6552,-0.0448,-0.02%,84157
"2024-08-16 10:58",211.86,211.87,211.7,211.7,-0.16,-0.08%,15437
"2024-08-16 10:57",211.98,212,211.86,211.86,-0.14,-0.07%,11254
"2024-08-16 10:56",211.92,212.04,211.92,212,0.1,+0.05%,61117
"2024-08-16 10:55",211.72,211.9,211.69,211.9,0.2,+0.09%,36729
"2024-08-16 10:54",211.78,211.81,211.6403,211.7,-0.07,-0.03%,42142
"2024-08-16 10:53",212.02,212.02,211.75,211.77,-0.24,-0.11%,94729
"2024-08-16 10:52",212.08,212.08,211.8899,212.01,-0.05,-0.02%,28339
"2024-08-16 10:51",211.79,212.12,211.745,212.06,0.28,+0.13%,140783
"2024-08-16 10:50",211.6,211.8125,211.5901,211.78,0.19,+0.09%,41606
"2024-08-16 10:49",211.6,211.67,211.45,211.59,0,0.00%,109367
"2024-08-16 10:48",211.75,211.79,211.55,211.59,-0.165,-0.08%,82159
"2024-08-16 10:47",211.57,211.76,211.57,211.755,0.19,+0.09%,42174
"2024-08-16 10:46",211.8,211.8,211.56,211.565,-0.225,-0.11%,64197
"2024-08-16 10:45",211.68,211.8167,211.65,211.79,0.14,+0.07%,32038
"2024-08-16 10:44",211.77,211.77,211.65,211.65,-0.11,-0.05%,35072
"2024-08-16 10:43",211.72,211.86,211.72,211.76,-0.005,0.00%,18542
"2024-08-16 10:42",211.63,211.8,211.58,211.765,0.145,+0.07%,76465
"2024-08-16 10:41",211.68,211.71,211.54,211.62,-0.065,-0.03%,89705
"2024-08-16 10:40",211.9159,211.92,211.68,211.685,-0.2293,-0.11%,64786
"2024-08-16 10:39",212.02,212.07,211.89,211.9143,-0.0857,-0.04%,22835
"2024-08-16 10:38",211.99,212.09,211.9681,212,-0.01,0.00%,30304
"2024-08-16 10:37",211.98,212.11,211.91,212.01,0.03,+0.01%,106792
"2024-08-16 10:36",211.97,212.13,211.96,211.98,0,0.00%,67096
"2024-08-16 10:35",211.8,212.025,211.77,211.98,0.19,+0.09%,51381
"2024-08-16 10:34",211.79,211.985,211.79,211.79,-0.02,-0.01%,53590
"2024-08-16 10:33",211.91,211.95,211.76,211.81,-0.1,-0.05%,111312
"2024-08-16 10:32",212.09,212.09,211.85,211.91,-0.1905,-0.09%,99574
"2024-08-16 10:31",212.07,212.15,212.01,212.1005,0.0205,+0.01%,53207
"2024-08-16 10:30",212.25,212.31,212.08,212.08,-0.15,-0.07%,52477
"2024-08-16 10:29",212.37,212.41,212.2,212.23,-0.145,-0.07%,45193
"2024-08-16 10:28",212.28,212.385,212.2,212.375,0.085,+0.04%,75749
"2024-08-16 10:27",212.29,212.3418,212.26,212.29,-0.02,-0.01%,14476
"2024-08-16 10:26",212.255,212.3899,212.255,212.31,0.1,+0.05%,33585
"2024-08-16 10:25",212.26,212.31,212.19,212.21,-0.04,-0.02%,72511
"2024-08-16 10:24",212.37,212.39,212.24,212.25,-0.15,-0.07%,38327
"2024-08-16 10:23",212.35,212.5,212.22,212.4,0.03,+0.01%,36780
"2024-08-16 10:22",212.48,212.5,212.34,212.37,-0.09,-0.04%,42038
"2024-08-16 10:21",212.69,212.72,212.44,212.46,-0.21,-0.10%,141793
"2024-08-16 10:20",212.89,212.945,212.6372,212.67,-0.22,-0.10%,64585
"2024-08-16 10:19",212.8,212.93,212.72,212.89,0.09,+0.04%,50655
"2024-08-16 10:18",212.79,212.88,212.67,212.8,0.03,+0.01%,23429
"2024-08-16 10:17",212.67,212.77,212.6,212.77,0.0912,+0.04%,24428
"2024-08-16 10:16",212.72,212.87,212.6788,212.6788,-0.0312,-0.01%,30215
"2024-08-16 10:15",212.78,212.87,212.66,212.71,-0.08,-0.04%,44160
"2024-08-16 10:14",212.96,212.98,212.76,212.79,-0.16,-0.08%,21014
"2024-08-16 10:13",213.035,213.05,212.87,212.95,-0.06,-0.03%,20508
"2024-08-16 10:12",212.94,213.011,212.77,213.01,0.05,+0.02%,58495
"2024-08-16 10:11",212.73,213,212.7,212.96,0.23,+0.11%,95549
"2024-08-16 10:10",212.77,212.9,212.68,212.73,-0.04,-0.02%,74934
"2024-08-16 10:09",212.93,212.99,212.7,212.77,-0.16,-0.08%,211142
"2024-08-16 10:08",213.23,213.23,212.86,212.93,-0.32,-0.15%,83709
"2024-08-16 10:07",213.39,213.56,213.24,213.25,-0.1488,-0.07%,90876
"2024-08-16 10:06",213.12,213.42,213.1,213.3988,0.2388,+0.11%,88974
"2024-08-16 10:05",213.35,213.3949,213.0807,213.16,-0.22,-0.10%,54679
"2024-08-16 10:04",213.6,213.6161,213.34,213.38,-0.17,-0.08%,47070
"2024-08-16 10:03",213.79,213.79,213.53,213.55,-0.24,-0.11%,40219
"2024-08-16 10:02",213.72,213.98,213.6,213.79,0.08,+0.04%,124386
"2024-08-16 10:01",213.87,213.92,213.71,213.71,-0.17,-0.08%,78769
"2024-08-16 10:00",213.34,213.89,213.27,213.88,0.53,+0.25%,179266
"2024-08-16 09:59",213.42,213.43,213.215,213.35,-0.08,-0.04%,98894
"2024-08-16 09:58",213.58,213.69,213.39,213.43,-0.15,-0.07%,261681
"2024-08-16 09:57",213.54,213.608,213.48,213.58,0.04,+0.02%,78739
"2024-08-16 09:56",213.14,213.58,213.14,213.54,0.41,+0.19%,93297
"2024-08-16 09:55",213.1,213.13,213,213.13,0.0163,+0.01%,16793
"2024-08-16 09:54",213.07,213.3,212.9799,213.1137,0.0437,+0.02%,67450
"2024-08-16 09:53",213.28,213.34,213.04,213.07,-0.2,-0.09%,139075
"2024-08-16 09:52",212.94,213.28,212.9299,213.27,0.325,+0.15%,120823
"2024-08-16 09:51",212.82,213,212.7409,212.945,0.1676,+0.08%,59336
"2024-08-16 09:50",212.65,212.94,212.62,212.7774,0.136,+0.06%,87044
"2024-08-16 09:49",212.56,212.81,212.52,212.6414,0.1414,+0.07%,52625
"2024-08-16 09:48",212.54,212.64,212.4,212.5,-0.04,-0.02%,59714
"2024-08-16 09:47",212.52,212.64,212.49,212.54,0.05,+0.02%,51812
"2024-08-16 09:46",212.64,212.7,212.41,212.49,-0.17,-0.08%,71125
"2024-08-16 09:45",212.75,212.795,212.62,212.66,-0.085,-0.04%,94898
"2024-08-16 09:44",212.72,212.7888,212.61,212.745,0.015,+0.01%,44057
"2024-08-16 09:43",212.92,212.97,212.65,212.73,-0.19,-0.09%,88473
"2024-08-16 09:42",212.61,212.97,212.6,212.92,0.325,+0.15%,152916
"2024-08-16 09:41",212.5,212.64,212.445,212.595,0.095,+0.04%,66699
"2024-08-16 09:40",212.29,212.5,212.23,212.5,0.2,+0.09%,77828
"2024-08-16 09:39",212.34,212.47,212.28,212.3,-0.0806,-0.04%,79601
"2024-08-16 09:38",212.23,212.3875,212.22,212.3806,0.1406,+0.07%,109508
"2024-08-16 09:37",212.03,212.24,211.88,212.24,0.2,+0.09%,55635
"2024-08-16 09:36",211.97,212.16,211.94,212.04,0.09,+0.04%,44451
"2024-08-16 09:35",211.61,212.13,211.52,211.95,0.34,+0.16%,110436
"2024-08-16 09:34",211.76,211.76,211.52,211.61,-0.15,-0.07%,78269
"2024-08-16 09:33",211.74,211.84,211.56,211.76,0.03,+0.01%,63786
"2024-08-16 09:32",211.78,211.96,211.61,211.73,-0.02,-0.01%,82328
"2024-08-16 09:31",211.62,211.825,211.48,211.75,0.06,+0.03%,123872
"2024-08-16 09:30",211.37,211.72,211.37,211.69,0.31,+0.15%,260474
"2024-08-16 09:29",211.06,211.44,211.03,211.38,0.3,+0.14%,15463
"2024-08-16 09:28",211.09,211.09,210.94,211.08,-0.09,-0.04%,3254
"2024-08-16 09:27",211.06,211.17,211.02,211.17,0.04,+0.02%,2420
"2024-08-16 09:26",211.19,211.23,211.13,211.13,-0.07,-0.03%,964
"2024-08-16 09:25",211.25,211.3,211.19,211.2,-0.05,-0.02%,16736
"2024-08-16 09:24",211.28,211.29,211.25,211.25,-0.02,-0.01%,2859
"2024-08-16 09:23",211.24,211.27,211.23,211.27,0,0.00%,10220
"2024-08-16 09:22",211.29,211.29,211.25,211.27,-0.01,0.00%,2100
"2024-08-16 09:21",211.29,211.29,211.25,211.28,-0.04,-0.02%,3400
"2024-08-16 09:20",211.32,211.32,211.32,211.32,0,0.00%,2000
"2024-08-16 09:19",211.29,211.32,211.29,211.32,0.06,+0.03%,1761
"2024-08-16 09:18",211.24,211.33,211.24,211.26,-0.01,0.00%,2879
"2024-08-16 09:17",211.27,211.27,211.27,211.27,-0.03,-0.01%,100
"2024-08-16 09:16",211.3,211.3,211.3,211.3,-0.01,0.00%,225
"2024-08-16 09:15",211.29,211.31,211.29,211.31,0.06,+0.03%,1556
"2024-08-16 09:14",211.2,211.25,211.171,211.25,0.05,+0.02%,1300
"2024-08-16 09:13",211.2,211.2,211.2,211.2,0.06,+0.03%,200
"2024-08-16 09:12",210.99,211.14,210.98,211.14,0.18,+0.09%,2922
"2024-08-16 09:11",210.99,210.99,210.96,210.96,-0.03,-0.01%,630
"2024-08-16 09:10",211.01,211.06,210.99,210.99,-0.03,-0.01%,1216
"2024-08-16 09:09",211.06,211.06,211.02,211.02,-0.14,-0.07%,1000
"2024-08-16 09:08",211.26,211.26,211.16,211.16,-0.12,-0.06%,4125
"2024-08-16 09:05",211.3,211.3,211.25,211.28,0.0394,+0.02%,5925
"2024-08-16 09:04",211.31,211.31,211.2406,211.2406,-0.0794,-0.04%,602
"2024-08-16 09:03",211.25,211.32,211.25,211.32,0.09,+0.04%,500
"2024-08-16 09:02",211.23,211.24,211.17,211.23,0.01,0.00%,1844
"2024-08-16 09:01",211.27,211.28,211.22,211.22,-0.04,-0.02%,8886
"2024-08-16 09:00",211.2,211.29,211.2,211.26,-0.01,0.00%,19798
"2024-08-16 08:59",211.23,211.27,211.2,211.27,0.1,+0.05%,3060
"2024-08-16 08:57",211.16,211.24,211.16,211.17,0.05,+0.02%,560
"2024-08-16 08:56",211.09,211.12,211.09,211.12,0,0.00%,500
"2024-08-16 08:55",211.12,211.12,211.12,211.12,0,0.00%,228
"2024-08-16 08:54",210.97,211.12,210.97,211.12,0.12,+0.06%,1204
"2024-08-16 08:53",211,211.08,211,211,0,0.00%,2323
"2024-08-16 08:52",210.98,211.1,210.97,211,0.04,+0.02%,7390
"2024-08-16 08:51",210.96,211.05,210.96,210.96,-0.02,-0.01%,7151
"2024-08-16 08:50",211.03,211.03,210.98,210.98,-0.07,-0.03%,1246
"2024-08-16 08:48",211.13,211.13,211.04,211.05,-0.06,-0.03%,14059
"2024-08-16 08:47",211.14,211.14,211.11,211.11,-0.14,-0.07%,200
"2024-08-16 08:46",211.22,211.25,211.2,211.25,0.05,+0.02%,12950
"2024-08-16 08:45",211.22,211.22,211.2,211.2,-0.14,-0.07%,1449
"2024-08-16 08:43",211.34,211.34,211.34,211.34,0.09,+0.04%,100
"2024-08-16 08:42",211.21,211.25,211.21,211.25,0.04,+0.02%,600
"2024-08-16 08:41",211.24,211.3,211.21,211.21,0,0.00%,2569
"2024-08-16 08:40",211.09,211.31,211.09,211.21,0.27,+0.13%,3739
"2024-08-16 08:39",210.99,210.99,210.85,210.94,-0.03,-0.01%,16146
"2024-08-16 08:38",211.01,211.04,210.95,210.97,-0.16,-0.08%,6940
"2024-08-16 08:37",211.15,211.15,211.13,211.13,-0.13,-0.06%,200
"2024-08-16 08:36",211.31,211.41,211.26,211.26,-0.03,-0.01%,7348
"2024-08-16 08:35",211.22,211.35,211.19,211.29,0.04,+0.02%,29713
"2024-08-16 08:34",211.23,211.34,211.23,211.25,0.15,+0.07%,726
"2024-08-16 08:33",211.37,211.37,211.1,211.1,-0.25,-0.12%,43131
"2024-08-16 08:32",211.53,211.54,211.34,211.35,-0.24,-0.11%,14713
"2024-08-16 08:31",211.69,211.69,211.58,211.59,-0.13,-0.06%,2060
"2024-08-16 08:30",211.79,211.8,211.69,211.72,-0.13,-0.06%,5872
"2024-08-16 08:29",211.94,211.94,211.82,211.85,-0.08,-0.04%,9824
"2024-08-16 08:28",211.81,212.14,211.81,211.93,0.14,+0.07%,9654
"2024-08-16 08:27",211.85,211.85,211.79,211.79,-0.08,-0.04%,600
"2024-08-16 08:26",211.88,211.88,211.87,211.87,-0.03,-0.01%,300
"2024-08-16 08:25",211.9,211.9,211.9,211.9,0.04,+0.02%,500
"2024-08-16 08:23",211.88,211.88,211.86,211.86,0,0.00%,300
"2024-08-16 08:21",211.86,211.86,211.86,211.86,0.0493,+0.02%,170
"2024-08-16 08:20",211.85,211.92,211.8107,211.8107,-0.0693,-0.03%,1209
"2024-08-16 08:19",211.9,211.9,211.88,211.88,-0.091,-0.04%,400
"2024-08-16 08:18",212,212,211.971,211.971,0.001,0.00%,210
"2024-08-16 08:17",211.95,211.97,211.95,211.97,0,0.00%,1100
"2024-08-16 08:16",212.07,212.07,211.97,211.97,-0.04,-0.02%,441
"2024-08-16 08:15",212.14,212.14,212.01,212.01,-0.18,-0.08%,1400
"2024-08-16 08:14",212.13,212.2,212.13,212.19,0.03,+0.01%,2130
"2024-08-16 08:13",212.07,212.16,212.07,212.16,0.11,+0.05%,900
"2024-08-16 08:12",212.03,212.05,212.03,212.05,-0.06,-0.03%,1134
"2024-08-16 08:11",212.13,212.13,212.11,212.11,0.01,0.00%,1100
"2024-08-16 08:10",212.1,212.1,212.1,212.1,-0.02,-0.01%,230
"2024-08-16 08:09",212.13,212.18,212.12,212.12,0.01,0.00%,1800
"2024-08-16 08:08",212.11,212.11,212.11,212.11,0,0.00%,100
"2024-08-16 08:07",212.09,212.11,212.09,212.11,0.12,+0.06%,3199
"2024-08-16 08:06",211.96,211.99,211.96,211.99,0.01,0.00%,300
"2024-08-16 08:05",211.94,211.98,211.92,211.98,0.04,+0.02%,500
"2024-08-16 08:04",211.96,211.96,211.94,211.94,-0.05,-0.02%,400
"2024-08-16 08:03",212.04,212.04,211.99,211.99,-0.05,-0.02%,3071
"2024-08-16 08:02",211.9914,212.0696,211.9914,212.04,-0.96,-0.45%,1900
"2024-08-16 08:01",212.83,213.15,212.83,213,0.96,+0.45%,1880
"2024-08-16 08:00",212.79,213.16,211.87,212.04,-0.1,-0.05%,14650
"2024-08-16 07:58",212.14,212.14,212.14,212.14,0.05,+0.02%,290
"2024-08-16 07:57",212.09,212.09,212.09,212.09,0.05,+0.02%,4375
"2024-08-16 07:56",212.03,212.04,212.03,212.04,0.191,+0.09%,645
"2024-08-16 07:55",211.849,211.849,211.849,211.849,-0.011,-0.01%,400
"2024-08-16 07:54",212.01,212.01,211.86,211.86,-0.07,-0.03%,1985
"2024-08-16 07:53",211.74,211.93,211.74,211.93,0.18,+0.09%,1963
"2024-08-16 07:52",211.75,211.84,211.75,211.75,0.01,0.00%,8229
"2024-08-16 07:51",211.89,211.89,211.74,211.74,-0.15,-0.07%,5393
"2024-08-16 07:50",211.89,211.89,211.89,211.89,-0.05,-0.02%,100
"2024-08-16 07:49",211.96,212,211.93,211.94,-0.05,-0.02%,680
"2024-08-16 07:48",212.05,212.07,211.97,211.99,-0.01,0.00%,5510
"2024-08-16 07:47",212.1,212.1,212,212,-0.2,-0.09%,1715
"2024-08-16 07:46",212.24,212.24,212.2,212.2,0.01,0.00%,600
"2024-08-16 07:45",212.14,212.19,212.1,212.19,0.09,+0.04%,685
"2024-08-16 07:44",212.211,212.211,212.1,212.1,-0.19,-0.09%,3233
"2024-08-16 07:43",212.34,212.35,212.29,212.29,-0.06,-0.03%,575
"2024-08-16 07:42",212.5,212.5,212.35,212.35,-0.28,-0.13%,2040
"2024-08-16 07:41",212.63,212.63,212.63,212.63,-0.01,0.00%,440
"2024-08-16 07:39",212.66,212.66,212.64,212.64,0.01,0.00%,1600
"2024-08-16 07:38",212.6,212.63,212.6,212.63,0.07,+0.03%,1380
"2024-08-16 07:37",212.54,212.56,212.53,212.56,0.13,+0.06%,6114
"2024-08-16 07:34",212.4,212.43,212.4,212.43,-0.1,-0.05%,750
"2024-08-16 07:32",212.53,212.53,212.53,212.53,0.04,+0.02%,100
"2024-08-16 07:31",212.55,212.55,212.49,212.49,-0.08,-0.04%,1300
"2024-08-16 07:29",212.59,212.59,212.57,212.57,-0.04,-0.02%,400
"2024-08-16 07:28",212.66,212.66,212.61,212.61,-0.01,0.00%,490
"2024-08-16 07:27",212.639,212.639,212.62,212.62,-0.01,0.00%,211
"2024-08-16 07:26",212.63,212.63,212.63,212.63,-0.02,-0.01%,100
"2024-08-16 07:23",212.67,212.67,212.65,212.65,0,0.00%,780
"2024-08-16 07:18",212.65,212.65,212.65,212.65,-0.02,-0.01%,200
"2024-08-16 07:17",212.67,212.67,212.67,212.67,0.07,+0.03%,100
"2024-08-16 07:15",212.6,212.6,212.6,212.6,0.04,+0.02%,176
"2024-08-16 07:13",212.56,212.56,212.56,212.56,-0.07,-0.03%,1000
"2024-08-16 07:12",212.64,212.64,212.63,212.63,0.07,+0.03%,600
"2024-08-16 07:11",212.5,212.6,212.5,212.56,-0.01,0.00%,4641
"2024-08-16 07:10",212.6,212.6,212.57,212.57,-0.02,-0.01%,440
"2024-08-16 07:09",212.6,212.6,212.59,212.59,-0.03,-0.01%,900
"2024-08-16 07:08",212.62,212.62,212.62,212.62,-0.08,-0.04%,133
"2024-08-16 07:07",212.69,212.7,212.68,212.7,-0.02,-0.01%,880
"2024-08-16 07:04",212.74,212.74,212.72,212.72,-0.01,0.00%,1790
"2024-08-16 07:02",212.73,212.73,212.73,212.73,0,0.00%,122
"2024-08-16 07:01",212.76,212.76,212.73,212.73,-0.04,-0.02%,10316
"2024-08-16 07:00",212.8,212.87,212.77,212.77,0.03,+0.01%,719
"2024-08-16 06:59",212.74,212.74,212.74,212.74,0.11,+0.05%,122
"2024-08-16 06:50",212.63,212.63,212.63,212.63,0.01,0.00%,100
"2024-08-16 06:47",212.6,212.62,212.59,212.62,-0.06,-0.03%,801
"2024-08-16 06:46",212.68,212.68,212.68,212.68,-0.1,-0.05%,226
"2024-08-16 06:44",212.78,212.78,212.78,212.78,-0.05,-0.02%,131
"2024-08-16 06:42",212.83,212.83,212.83,212.83,0.05,+0.02%,449
"2024-08-16 06:40",212.78,212.78,212.78,212.78,-0.07,-0.03%,760
"2024-08-16 06:38",212.85,212.85,212.85,212.85,0.11,+0.05%,735
"2024-08-16 06:34",212.74,212.74,212.74,212.74,-0.03,-0.01%,113
"2024-08-16 06:33",212.8,212.8,212.77,212.77,-0.02,-0.01%,1477
"2024-08-16 06:32",212.79,212.79,212.79,212.79,-0.08,-0.04%,500
"2024-08-16 06:31",212.87,212.87,212.87,212.87,-0.03,-0.01%,1240
"2024-08-16 06:30",212.93,212.93,212.9,212.9,0.01,0.00%,200
"2024-08-16 06:28",212.89,212.89,212.88,212.89,-0.02,-0.01%,1540
"2024-08-16 06:27",212.91,212.91,212.91,212.91,0.04,+0.02%,100
"2024-08-16 06:25",212.88,212.88,212.87,212.87,-0.15,-0.07%,500
"2024-08-16 06:24",213.02,213.02,213.02,213.02,0.01,0.00%,2000
"2024-08-16 06:18",212.97,213.01,212.97,213.01,0.13,+0.06%,291
"2024-08-16 06:15",212.88,212.88,212.88,212.88,-0.11,-0.05%,500
"2024-08-16 06:13",212.99,212.99,212.99,212.99,0.09,+0.04%,500
"2024-08-16 06:12",212.87,212.9,212.87,212.9,-0.02,-0.01%,300
"2024-08-16 06:11",212.95,212.95,212.92,212.92,-0.02,-0.01%,300
"2024-08-16 06:10",212.95,212.95,212.94,212.94,0.04,+0.02%,1000
"2024-08-16 06:08",212.9,212.95,212.9,212.9,-0.04,-0.02%,540
"2024-08-16 06:07",213,213,212.94,212.94,-0.15,-0.07%,206
"2024-08-16 05:59",213.09,213.09,213.09,213.09,0.29,+0.14%,100
"2024-08-16 05:52",212.8,212.8,212.8,212.8,-0.04,-0.02%,127
"2024-08-16 05:50",212.84,212.84,212.84,212.84,0,0.00%,100
"2024-08-16 05:49",212.84,212.84,212.84,212.84,0.13,+0.06%,120
"2024-08-16 05:47",212.71,212.71,212.71,212.71,-0.01,0.00%,320
"2024-08-16 05:46",212.72,212.72,212.72,212.72,-0.06,-0.03%,100
"2024-08-16 05:45",212.78,212.78,212.78,212.78,-0.17,-0.08%,100
"2024-08-16 05:38",212.95,212.95,212.95,212.95,-0.04,-0.02%,200
"2024-08-16 05:28",213,213,212.99,212.99,-0.01,0.00%,1590
"2024-08-16 05:18",213,213,213,213,-0.03,-0.01%,135
"2024-08-16 05:17",213.02,213.03,213.02,213.03,0.11,+0.05%,342
"2024-08-16 05:16",212.92,212.92,212.92,212.92,-0.13,-0.06%,287
"2024-08-16 05:09",213.05,213.05,213.05,213.05,-0.09,-0.04%,110
"2024-08-16 05:07",213.09,213.14,213.09,213.14,0.13,+0.06%,318
"2024-08-16 05:04",213.01,213.01,213.01,213.01,0.09,+0.04%,100
"2024-08-16 05:03",212.92,212.92,212.92,212.92,-0.12,-0.06%,301
"2024-08-16 04:58",213.04,213.04,213.04,213.04,0.05,+0.02%,100
"2024-08-16 04:57",212.99,212.99,212.99,212.99,0.05,+0.02%,200
"2024-08-16 04:52",212.94,212.94,212.94,212.94,0.03,+0.01%,100
"2024-08-16 04:49",212.91,212.91,212.91,212.91,0.01,0.00%,127
"2024-08-16 04:47",212.9,212.9,212.9,212.9,0.04,+0.02%,100
"2024-08-16 04:46",212.86,212.86,212.86,212.86,0.06,+0.03%,900
"2024-08-16 04:45",212.79,212.8,212.79,212.8,0,0.00%,200
"2024-08-16 04:44",212.8,212.8,212.8,212.8,0.04,+0.02%,100
"2024-08-16 04:42",212.68,212.76,212.66,212.76,-0.02,-0.01%,1900
"2024-08-16 04:41",212.78,212.78,212.78,212.78,-0.13,-0.06%,212
"2024-08-16 04:40",212.9,212.91,212.9,212.91,0.03,+0.01%,533
"2024-08-16 04:39",212.85,212.88,212.85,212.88,-0.04,-0.02%,430
"2024-08-16 04:38",212.92,212.92,212.92,212.92,0.04,+0.02%,125
"2024-08-16 04:36",212.88,212.88,212.88,212.88,-0.06,-0.03%,125
"2024-08-16 04:33",212.94,212.94,212.94,212.94,0.01,0.00%,100
"2024-08-16 04:32",212.93,212.93,212.93,212.93,0.1,+0.05%,234
"2024-08-16 04:29",212.83,212.83,212.83,212.83,-0.16,-0.08%,200
"2024-08-16 04:13",212.99,212.99,212.99,212.99,0.02,+0.01%,290
"2024-08-16 04:11",212.97,212.97,212.97,212.97,0.04,+0.02%,100
"2024-08-16 04:10",212.93,212.93,212.93,212.93,-0.02,-0.01%,100
"2024-08-16 04:09",212.95,212.95,212.95,212.95,0,0.00%,134
"2024-08-16 04:08",212.95,212.95,212.95,212.95,-0.02,-0.01%,365
"2024-08-16 04:07",212.96,212.97,212.89,212.97,-0.03,-0.01%,491
"2024-08-16 04:06",212.98,213,212.98,213,0.05,+0.02%,210
"2024-08-16 04:05",212.94,212.95,212.94,212.95,0,0.00%,700
"2024-08-16 04:04",212.95,212.97,212.92,212.95,0.04,+0.02%,738
"2024-08-16 04:02",212.89,212.91,212.89,212.91,-0.01,0.00%,3156
"2024-08-16 04:01",212.98,212.98,212.92,212.92,0.04,+0.02%,890
"2024-08-16 04:00",212.83,212.88,212.83,212.88,0.28,+0.13%,900
"2024-08-15 19:58",212.51,212.6,212.51,212.6,0.06,+0.03%,1475
"2024-08-15 19:57",212.55,212.55,212.54,212.54,0.03,+0.01%,300
"2024-08-15 19:56",212.59,212.59,212.5,212.51,-0.07,-0.03%,3889
"2024-08-15 19:55",212.57,212.58,212.52,212.58,0.02,+0.01%,340
"2024-08-15 19:54",212.55,212.56,212.55,212.56,-0.02,-0.01%,300
"2024-08-15 19:53",212.58,212.58,212.58,212.58,-0.02,-0.01%,100
"2024-08-15 19:52",212.57,212.6,212.57,212.6,0.04,+0.02%,236
"2024-08-15 19:51",212.59,212.59,212.56,212.56,-0.02,-0.01%,355
"2024-08-15 19:50",212.5109,212.58,212.5109,212.58,-0.04,-0.02%,1729
"2024-08-15 19:48",212.56,212.62,212.56,212.62,0.01,0.00%,803
"2024-08-15 19:47",212.6,212.61,212.6,212.61,-0.03,-0.01%,200
"2024-08-15 19:44",212.6,212.64,212.6,212.64,0.01,0.00%,505
"2024-08-15 19:43",212.63,212.63,212.63,212.63,0.06,+0.03%,1400
"2024-08-15 19:42",212.55,212.57,212.52,212.57,0.06,+0.03%,680
"2024-08-15 19:41",212.54,212.54,212.51,212.51,-0.1,-0.05%,740
"2024-08-15 19:40",212.67,212.68,212.61,212.61,-0.05,-0.02%,940
"2024-08-15 19:39",212.65,212.69,212.64,212.66,0,0.00%,1000
"2024-08-15 19:38",212.66,212.66,212.66,212.66,-0.06,-0.03%,485
"2024-08-15 19:37",212.72,212.72,212.72,212.72,0,0.00%,117
"2024-08-15 19:36",212.72,212.72,212.71,212.72,0.0695,+0.03%,540
"2024-08-15 19:35",212.7,212.7,212.64,212.6505,-0.0295,-0.01%,1778
"2024-08-15 19:34",212.68,212.68,212.68,212.68,-0.02,-0.01%,210
"2024-08-15 19:33",212.75,212.77,212.7,212.7,-0.06,-0.03%,1480
"2024-08-15 19:31",212.76,212.76,212.75,212.76,0.08,+0.04%,440
"2024-08-15 19:30",212.78,212.78,212.68,212.68,-0.08,-0.04%,1400
"2024-08-15 19:29",212.7,212.76,212.7,212.76,0.02,+0.01%,680
"2024-08-15 19:28",212.74,212.74,212.74,212.74,0.06,+0.03%,153
"2024-08-15 19:26",212.68,212.68,212.68,212.68,-0.079,-0.04%,252
"2024-08-15 19:25",212.759,212.759,212.759,212.759,0.009,0.00%,100
"2024-08-15 19:24",212.75,212.75,212.75,212.75,-0.04,-0.02%,112
"2024-08-15 19:23",212.72,212.79,212.72,212.79,0.11,+0.05%,380
"2024-08-15 19:20",212.65,212.68,212.65,212.68,0.02,+0.01%,200
"2024-08-15 19:19",212.64,212.67,212.64,212.66,0.01,0.00%,2020
"2024-08-15 19:18",212.65,212.65,212.59,212.65,-0.03,-0.01%,736
"2024-08-15 19:15",212.68,212.7,212.67,212.68,-0.03,-0.01%,13176
"2024-08-15 19:14",212.59,212.71,212.58,212.71,0.13,+0.06%,16984
"2024-08-15 19:13",212.57,212.58,212.57,212.58,0.03,+0.01%,2000
"2024-08-15 19:12",212.53,212.55,212.53,212.55,0.01,0.00%,2136
"2024-08-15 19:11",212.55,212.55,212.54,212.54,-0.04,-0.02%,800
"2024-08-15 19:10",212.58,212.58,212.58,212.58,0.03,+0.01%,200
"2024-08-15 19:09",212.55,212.55,212.55,212.55,0.03,+0.01%,174
"2024-08-15 19:08",212.51,212.52,212.51,212.52,0.03,+0.01%,3609
"2024-08-15 19:06",212.49,212.49,212.49,212.49,-0.0591,-0.03%,100
"2024-08-15 19:04",212.5491,212.5491,212.5491,212.5491,0.0091,0.00%,200
"2024-08-15 19:02",212.53,212.54,212.53,212.54,0.06,+0.03%,629
"2024-08-15 19:00",212.48,212.48,212.48,212.48,-0.01,0.00%,179
"2024-08-15 18:59",212.49,212.49,212.49,212.49,-0.02,-0.01%,1200
"2024-08-15 18:57",212.52,212.52,212.51,212.51,0.05,+0.02%,618
"2024-08-15 18:49",212.46,212.46,212.46,212.46,0.0599,+0.03%,486
"2024-08-15 18:48",212.4001,212.4001,212.4001,212.4001,-0.0499,-0.02%,100
"2024-08-15 18:47",212.45,212.45,212.45,212.45,0,0.00%,119
"2024-08-15 18:45",212.45,212.45,212.45,212.45,0,0.00%,176
"2024-08-15 18:42",212.45,212.45,212.45,212.45,-0.05,-0.02%,1255
"2024-08-15 18:40",212.54,212.54,212.5,212.5,-0.05,-0.02%,800
"2024-08-15 18:39",212.54,212.55,212.54,212.55,0,0.00%,1255
"2024-08-15 18:38",212.55,212.55,212.55,212.55,0.06,+0.03%,400
"2024-08-15 18:37",212.47,212.53,212.47,212.49,0.11,+0.05%,978
"2024-08-15 18:31",212.38,212.38,212.38,212.38,0,0.00%,161
"2024-08-15 18:29",212.38,212.38,212.38,212.38,-0.02,-0.01%,236
"2024-08-15 18:28",212.4,212.4,212.4,212.4,0.04,+0.02%,390
"2024-08-15 18:27",212.36,212.36,212.36,212.36,0.011,+0.01%,410
"2024-08-15 18:25",212.32,212.349,212.32,212.349,0.069,+0.03%,900
"2024-08-15 18:21",212.29,212.29,212.28,212.28,-0.01,0.00%,550
"2024-08-15 18:20",212.29,212.29,212.29,212.29,0.04,+0.02%,800
"2024-08-15 18:19",212.23,212.25,212.23,212.25,0.05,+0.02%,200
"2024-08-15 18:17",212.2,212.2,212.2,212.2,-0.03,-0.01%,140
"2024-08-15 18:14",212.27,212.27,212.23,212.23,0.03,+0.01%,409
"2024-08-15 18:13",212.2,212.2,212.2,212.2,-0.0296,-0.01%,200
"2024-08-15 18:11",212.2296,212.2296,212.2296,212.2296,0.08,+0.04%,145
"2024-08-15 18:09",212.1496,212.1496,212.1496,212.1496,0.0006,0.00%,150
"2024-08-15 18:08",212.149,212.149,212.149,212.149,-0.051,-0.02%,100
"2024-08-15 18:06",212.2,212.2,212.2,212.2,-0.01,0.00%,300
"2024-08-15 18:05",212.21,212.21,212.21,212.21,-0.07,-0.03%,300
"2024-08-15 18:04",212.28,212.35,212.28,212.28,0,0.00%,3729
"2024-08-15 18:03",212.28,212.28,212.28,212.28,0,0.00%,300
"2024-08-15 18:01",212.28,212.28,212.28,212.28,0.09,+0.04%,500
"2024-08-15 18:00",212.14,212.19,212.14,212.19,0.04,+0.02%,240
"2024-08-15 17:59",212.15,212.15,212.15,212.15,-0.01,0.00%,100
"2024-08-15 17:56",212.26,212.26,212.16,212.16,-0.08,-0.04%,222
"2024-08-15 17:52",212.24,212.24,212.24,212.24,0.16,+0.08%,119
"2024-08-15 17:47",212.1,212.1,212.08,212.08,0,0.00%,200
"2024-08-15 17:43",212.12,212.12,212.08,212.08,-0.2,-0.09%,1436
"2024-08-15 17:38",212.28,212.28,212.28,212.28,0.13,+0.06%,100
"2024-08-15 17:33",212.15,212.15,212.15,212.15,-0.03,-0.01%,125
"2024-08-15 17:25",212.18,212.18,212.18,212.18,0.06,+0.03%,200
"2024-08-15 17:23",212.12,212.12,212.12,212.12,-0.01,0.00%,196
"2024-08-15 17:22",212.13,212.13,212.13,212.13,0.02,+0.01%,921
"2024-08-15 17:18",212.11,212.11,212.11,212.11,-0.04,-0.02%,100
"2024-08-15 17:17",212.15,212.15,212.15,212.15,-0.03,-0.01%,100
"2024-08-15 17:15",212.18,212.18,212.18,212.18,-0.02,-0.01%,149
"2024-08-15 17:13",212.14,212.2,212.14,212.2,-0.03,-0.01%,1172
"2024-08-15 17:11",212.23,212.23,212.23,212.23,0.09,+0.04%,100
"2024-08-15 17:10",212.14,212.14,212.14,212.14,-0.06,-0.03%,200
"2024-08-15 17:08",212.23,212.23,212.2,212.2,0.16,+0.08%,4038
"2024-08-15 17:05",212.04,212.04,212.04,212.04,-0.16,-0.08%,21090
"2024-08-15 17:00",212.2,212.2,212.2,212.2,-0.02,-0.01%,500
"2024-08-15 16:59",212.15,212.23,212.15,212.22,0.05,+0.02%,1435
"2024-08-15 16:57",212.2,212.2,212.17,212.17,-0.07,-0.03%,540
"2024-08-15 16:56",212.24,212.24,212.24,212.24,-0.03,-0.01%,150
"2024-08-15 16:54",212.27,212.27,212.27,212.27,0,0.00%,170
"2024-08-15 16:53",212.27,212.27,212.27,212.27,0,0.00%,492
"2024-08-15 16:52",212.27,212.28,212.04,212.27,0,0.00%,2141
"2024-08-15 16:51",212.24,212.27,212.24,212.27,0.03,+0.01%,2400
"2024-08-15 16:50",212.24,212.24,212.24,212.24,0.02,+0.01%,466
"2024-08-15 16:48",212.22,212.22,212.22,212.22,0,0.00%,916
"2024-08-15 16:47",212.18,212.22,212.18,212.22,0.09,+0.04%,2000
"2024-08-15 16:45",212.1,212.13,212.1,212.13,0.01,0.00%,1807
"2024-08-15 16:43",212.12,212.12,212.12,212.12,0,0.00%,850
"2024-08-15 16:42",212.12,212.12,212.12,212.12,-0.03,-0.01%,141
"2024-08-15 16:41",212.15,212.15,212.15,212.15,-0.03,-0.01%,105
"2024-08-15 16:39",212.2,212.2,212.18,212.18,-0.03,-0.01%,700
"2024-08-15 16:37",212.19,212.21,212.19,212.21,0.01,0.00%,630
"2024-08-15 16:36",212.2,212.2,212.2,212.2,0,0.00%,500
"2024-08-15 16:35",212.19,212.2,212.19,212.2,0.01,0.00%,2210
"2024-08-15 16:34",212.17,212.19,212.17,212.19,0.02,+0.01%,2931
"2024-08-15 16:33",212.16,212.17,212.16,212.17,0,0.00%,340
"2024-08-15 16:32",212.15,212.17,212.15,212.17,0.02,+0.01%,1899
"2024-08-15 16:31",212.15,212.15,212.15,212.15,-0.01,0.00%,100
"2024-08-15 16:30",212.22,212.22,212.16,212.16,-0.06,-0.03%,400
"2024-08-15 16:29",212.21,212.22,212.21,212.22,0.04,+0.02%,650
"2024-08-15 16:28",212.1,212.19,212.1,212.18,-0.02,-0.01%,3750
"2024-08-15 16:27",212.17,212.2,212.17,212.2,0.08,+0.04%,250
"2024-08-15 16:26",212.12,212.12,212.12,212.12,0.06,+0.03%,1170
"2024-08-15 16:25",212.04,212.06,212.04,212.06,0.03,+0.01%,2460
"2024-08-15 16:24",212.03,212.03,212.03,212.03,0.03,+0.01%,142
"2024-08-15 16:23",211.99,212,211.99,212,0.01,0.00%,2899
"2024-08-15 16:22",211.93,211.99,211.93,211.99,0.01,0.00%,8478
"2024-08-15 16:21",211.98,211.98,211.98,211.98,-0.03,-0.01%,200
"2024-08-15 16:20",211.99,212.02,211.99,212.01,0,0.00%,4165
"2024-08-15 16:19",212.04,212.07,211.99,212.01,-0.03,-0.01%,44754
"2024-08-15 16:18",212,212.04,212,212.04,0.16,+0.08%,41091
"2024-08-15 16:17",211.91,211.92,211.88,211.88,0,0.00%,8420
"2024-08-15 16:16",211.94,211.94,211.88,211.88,0.04,+0.02%,1501
"2024-08-15 16:14",211.86,211.86,211.84,211.84,-0.08,-0.04%,955
"2024-08-15 16:13",211.92,211.92,211.88,211.92,0,0.00%,16572
"2024-08-15 16:12",211.88,211.92,211.88,211.92,0.04,+0.02%,6508
"2024-08-15 16:11",211.84,211.88,211.84,211.88,0.06,+0.03%,17310
"2024-08-15 16:10",211.84,211.84,211.82,211.82,-0.04,-0.02%,33096
"2024-08-15 16:09",211.83,211.86,211.83,211.86,0.04,+0.02%,6153
"2024-08-15 16:08",211.82,211.82,211.82,211.82,0,0.00%,832
"2024-08-15 16:07",211.87,211.87,211.82,211.82,-0.05,-0.02%,2741
"2024-08-15 16:06",211.81,212.04,211.78,211.87,0.03,+0.01%,33272
"2024-08-15 16:05",211.79,211.88,211.79,211.84,0.02,+0.01%,13757
"2024-08-15 16:04",211.9,211.9,211.82,211.82,-0.12,-0.06%,14890
"2024-08-15 16:03",212,212,211.93,211.94,-0.03,-0.01%,18400
"2024-08-15 16:02",212.06,212.09,211.97,211.97,-0.09,-0.04%,9215
"2024-08-15 16:01",212.03,212.14,212.02,212.06,0.03,+0.01%,48991
"2024-08-15 16:00",212.02,212.06,211.93,212.03,-0.01,0.00%,130481
"2024-08-15 15:59",211.75,212.075,211.75,212.04,0.3,+0.14%,1634674
"2024-08-15 15:58",211.78,211.79,211.7,211.74,-0.035,-0.02%,323274
"2024-08-15 15:57",211.845,211.87,211.74,211.775,-0.07,-0.03%,281860
"2024-08-15 15:56",211.76,211.85,211.665,211.845,0.085,+0.04%,230754
"2024-08-15 15:55",211.64,211.84,211.64,211.76,0.11,+0.05%,266145
"2024-08-15 15:54",211.63,211.66,211.51,211.65,0.01,0.00%,198749
"2024-08-15 15:53",211.67,211.73,211.64,211.64,-0.03,-0.01%,135523
"2024-08-15 15:52",211.65,211.78,211.65,211.67,0.02,+0.01%,107143
"2024-08-15 15:51",211.89,212.02,211.56,211.65,-0.25,-0.12%,151669
"2024-08-15 15:50",211.76,212,211.64,211.9,0.145,+0.07%,304373
"2024-08-15 15:49",211.77,211.78,211.71,211.755,-0.005,0.00%,171210
"2024-08-15 15:48",211.66,211.78,211.58,211.76,0.1,+0.05%,161806
"2024-08-15 15:47",211.66,211.78,211.63,211.66,-0.01,0.00%,168198
"2024-08-15 15:46",211.83,211.89,211.64,211.67,-0.16,-0.08%,212415
"2024-08-15 15:45",212.01,212.01,211.83,211.83,-0.18,-0.08%,259747
"2024-08-15 15:44",212.13,212.14,212,212.01,-0.12,-0.06%,191848
"2024-08-15 15:43",212.245,212.3,212.13,212.13,-0.11,-0.05%,126403
"2024-08-15 15:42",212.23,212.25,212.17,212.24,0.01,0.00%,109326
"2024-08-15 15:41",212.225,212.26,212.19,212.23,0.005,0.00%,77278
"2024-08-15 15:40",212.31,212.345,212.21,212.225,-0.085,-0.04%,120323
"2024-08-15 15:39",212.35,212.35,212.3,212.31,-0.04,-0.02%,96564
"2024-08-15 15:38",212.31,212.385,212.31,212.35,0.05,+0.02%,87056
"2024-08-15 15:37",212.345,212.35,212.26,212.3,-0.04,-0.02%,117301
"2024-08-15 15:36",212.3,212.36,212.29,212.34,0.025,+0.01%,66823
"2024-08-15 15:35",212.425,212.43,212.3,212.315,-0.105,-0.05%,84153
"2024-08-15 15:34",212.43,212.49,212.3925,212.42,-0.005,0.00%,46836
"2024-08-15 15:33",212.5,212.515,212.42,212.425,-0.075,-0.04%,65027
"2024-08-15 15:32",212.53,212.55,212.47,212.5,-0.02,-0.01%,42062
"2024-08-15 15:31",212.57,212.58,212.51,212.52,-0.05,-0.02%,57456
"2024-08-15 15:30",212.525,212.59,212.47,212.57,0.045,+0.02%,46894
"2024-08-15 15:29",212.54,212.6,212.49,212.525,-0.02,-0.01%,66718
"2024-08-15 15:28",212.49,212.56,212.4862,212.545,0.055,+0.03%,38255
"2024-08-15 15:27",212.53,212.55,212.48,212.49,-0.04,-0.02%,43745
"2024-08-15 15:26",212.57,212.59,212.52,212.53,-0.04,-0.02%,35787
"2024-08-15 15:25",212.615,212.6188,212.54,212.57,-0.045,-0.02%,33602
"2024-08-15 15:24",212.6301,212.68,212.6,212.615,-0.025,-0.01%,45399
"2024-08-15 15:23",212.545,212.65,212.52,212.64,0.1,+0.05%,91076
"2024-08-15 15:22",212.61,212.61,212.5,212.54,-0.07,-0.03%,64870
"2024-08-15 15:21",212.565,212.62,212.565,212.61,0.045,+0.02%,56035
"2024-08-15 15:20",212.585,212.6,212.5,212.565,-0.02,-0.01%,80621
"2024-08-15 15:19",212.535,212.61,212.535,212.585,0.0507,+0.02%,126159
"2024-08-15 15:18",212.48,212.54,212.45,212.5343,0.0593,+0.03%,71582
"2024-08-15 15:17",212.43,212.48,212.41,212.475,0.045,+0.02%,93849
"2024-08-15 15:16",212.33,212.45,212.33,212.43,0.1,+0.05%,86437
"2024-08-15 15:15",212.335,212.39,212.27,212.33,0,0.00%,68568
"2024-08-15 15:14",212.39,212.41,212.33,212.33,-0.055,-0.03%,54039
"2024-08-15 15:13",212.4,212.415,212.31,212.385,-0.025,-0.01%,93559
"2024-08-15 15:12",212.39,212.47,212.39,212.41,0.02,+0.01%,57765
"2024-08-15 15:11",212.5017,212.5017,212.39,212.39,-0.11,-0.05%,83853
"2024-08-15 15:10",212.57,212.585,212.48,212.5,-0.06,-0.03%,37469
"2024-08-15 15:09",212.56,212.61,212.56,212.56,-0.0001,0.00%,48370
"2024-08-15 15:08",212.69,212.69,212.545,212.5601,-0.1499,-0.07%,23452
"2024-08-15 15:07",212.77,212.77,212.65,212.71,-0.03,-0.01%,27152
"2024-08-15 15:06",212.75,212.76,212.67,212.74,0,0.00%,45728
"2024-08-15 15:05",212.66,212.76,212.6388,212.74,0.07,+0.03%,92071
"2024-08-15 15:04",212.68,212.68,212.61,212.67,-0.01,0.00%,30098
"2024-08-15 15:03",212.73,212.7501,212.68,212.68,-0.04,-0.02%,34928
"2024-08-15 15:02",212.81,212.8506,212.72,212.72,-0.09,-0.04%,43874
"2024-08-15 15:01",212.77,212.87,212.75,212.81,0.04,+0.02%,38689
"2024-08-15 15:00",212.94,212.94,212.73,212.77,-0.17,-0.08%,60151
"2024-08-15 14:59",212.91,212.98,212.9,212.94,0.0399,+0.02%,76402
"2024-08-15 14:58",212.93,212.955,212.88,212.9001,-0.0199,-0.01%,57535
"2024-08-15 14:57",212.96,212.975,212.91,212.92,-0.04,-0.02%,41115
"2024-08-15 14:56",212.97,212.99,212.95,212.96,-0.02,-0.01%,37212
"2024-08-15 14:55",212.945,213,212.91,212.98,0.0375,+0.02%,75443
"2024-08-15 14:54",212.95,213,212.94,212.9425,0.0025,0.00%,78926
"2024-08-15 14:53",212.7835,212.95,212.7835,212.94,0.15,+0.07%,49768
"2024-08-15 14:52",212.86,212.89,212.78,212.79,-0.05,-0.02%,42615
"2024-08-15 14:51",213,213,212.81,212.84,-0.16,-0.08%,54429
"2024-08-15 14:50",213.09,213.09,212.93,213,-0.1,-0.05%,51156
"2024-08-15 14:49",213.075,213.1,213.04,213.1,0.0287,+0.01%,83066
"2024-08-15 14:48",213.01,213.08,213.01,213.0713,0.0513,+0.02%,49577
"2024-08-15 14:47",213,213.035,212.98,213.02,0.0195,+0.01%,104190
"2024-08-15 14:46",212.92,213.01,212.91,213.0005,0.0805,+0.04%,58011
"2024-08-15 14:45",212.93,212.95,212.92,212.92,-0.015,-0.01%,74388
"2024-08-15 14:44",212.905,212.94,212.89,212.935,0.035,+0.02%,34379
"2024-08-15 14:43",212.86,212.92,212.86,212.9,0.04,+0.02%,34654
"2024-08-15 14:42",212.78,212.885,212.78,212.86,0.08,+0.04%,33993
"2024-08-15 14:41",212.79,212.81,212.74,212.78,-0.02,-0.01%,26999
"2024-08-15 14:40",212.73,212.825,212.71,212.8,0.08,+0.04%,34868
"2024-08-15 14:39",212.69,212.72,212.67,212.72,0.02,+0.01%,15880
"2024-08-15 14:38",212.63,212.71,212.62,212.7,0.06,+0.03%,16717
"2024-08-15 14:37",212.66,212.715,212.64,212.64,-0.03,-0.01%,24846
"2024-08-15 14:36",212.59,212.67,212.58,212.67,0.08,+0.04%,20821
"2024-08-15 14:35",212.445,212.59,212.445,212.59,0.1405,+0.07%,42949
"2024-08-15 14:34",212.57,212.59,212.44,212.4495,-0.1235,-0.06%,68044
"2024-08-15 14:33",212.53,212.59,212.52,212.573,0.043,+0.02%,30191
"2024-08-15 14:32",212.61,212.635,212.53,212.53,-0.07,-0.03%,55825
"2024-08-15 14:31",212.7,212.725,212.6,212.6,-0.11,-0.05%,52795
"2024-08-15 14:30",212.69,212.725,212.69,212.71,0.02,+0.01%,12256
"2024-08-15 14:29",212.77,212.79,212.67,212.69,-0.08,-0.04%,46891
"2024-08-15 14:28",212.68,212.77,212.67,212.77,0.09,+0.04%,29766
"2024-08-15 14:27",212.68,212.7,212.63,212.68,-0.005,0.00%,34809
"2024-08-15 14:26",212.68,212.7,212.66,212.685,0.005,0.00%,41457
"2024-08-15 14:25",212.632,212.73,212.632,212.68,0.05,+0.02%,38389
"2024-08-15 14:24",212.645,212.65,212.585,212.63,-0.015,-0.01%,28348
"2024-08-15 14:23",212.5883,212.66,212.58,212.645,0.065,+0.03%,23780
"2024-08-15 14:22",212.62,212.62,212.515,212.58,-0.05,-0.02%,26510
"2024-08-15 14:21",212.615,212.65,212.61,212.63,0.01,0.00%,23329
"2024-08-15 14:20",212.66,212.67,212.6,212.62,-0.04,-0.02%,29132
"2024-08-15 14:19",212.59,212.69,212.5701,212.66,0.07,+0.03%,60855
"2024-08-15 14:18",212.57,212.638,212.57,212.59,0.02,+0.01%,27251
"2024-08-15 14:17",212.52,212.6,212.52,212.57,0.045,+0.02%,46875
"2024-08-15 14:16",212.59,212.595,212.4801,212.525,-0.075,-0.04%,53386
"2024-08-15 14:15",212.5,212.6,212.49,212.6,0.1,+0.05%,58487
"2024-08-15 14:14",212.685,212.71,212.5,212.5,-0.18,-0.08%,31576
"2024-08-15 14:13",212.625,212.7,212.62,212.68,0.06,+0.03%,44725
"2024-08-15 14:12",212.75,212.79,212.62,212.62,-0.13,-0.06%,44347
"2024-08-15 14:11",212.72,212.755,212.69,212.75,0.03,+0.01%,40470
"2024-08-15 14:10",212.729,212.77,212.71,212.72,-0.01,0.00%,41179
"2024-08-15 14:09",212.78,212.79,212.73,212.73,-0.04,-0.02%,55778
"2024-08-15 14:08",212.84,212.84,212.75,212.77,-0.0636,-0.03%,23354
"2024-08-15 14:07",212.8,212.86,212.76,212.8336,0.0236,+0.01%,28943
"2024-08-15 14:06",212.78,212.86,212.77,212.81,0.0414,+0.02%,54211
"2024-08-15 14:05",212.8663,212.885,212.75,212.7686,-0.1014,-0.05%,36497
"2024-08-15 14:04",212.83,212.9,212.82,212.87,0.04,+0.02%,39354
"2024-08-15 14:03",212.82,212.855,212.79,212.83,0.01,0.00%,27385
"2024-08-15 14:02",212.84,212.86,212.81,212.82,-0.02,-0.01%,45524
"2024-08-15 14:01",212.74,212.84,212.69,212.84,0.1,+0.05%,53270
"2024-08-15 14:00",212.8,212.8,212.71,212.74,-0.05,-0.02%,85394
"2024-08-15 13:59",212.8,212.83,212.75,212.79,-0.006,0.00%,52622
"2024-08-15 13:58",212.74,212.796,212.74,212.796,0.066,+0.03%,19752
"2024-08-15 13:57",212.81,212.82,212.69,212.73,-0.07,-0.03%,39607
"2024-08-15 13:56",212.85,212.88,212.79,212.8,-0.05,-0.02%,33956
"2024-08-15 13:55",212.8,212.86,212.78,212.85,0.045,+0.02%,24611
"2024-08-15 13:54",212.82,212.83,212.77,212.805,-0.025,-0.01%,33857
"2024-08-15 13:53",212.91,212.91,212.8,212.83,-0.07,-0.03%,20653
"2024-08-15 13:52",212.87,212.93,212.87,212.9,0.03,+0.01%,20546
"2024-08-15 13:51",212.84,212.875,212.82,212.87,0.04,+0.02%,23365
"2024-08-15 13:50",212.85,212.87,212.82,212.83,-0.03,-0.01%,18684
"2024-08-15 13:49",212.83,212.88,212.81,212.86,0.03,+0.01%,19245
"2024-08-15 13:48",212.93,212.945,212.83,212.83,-0.07,-0.03%,28273
"2024-08-15 13:47",213.01,213.01,212.87,212.9,-0.11,-0.05%,34904
"2024-08-15 13:46",212.94,213.03,212.94,213.01,0.065,+0.03%,34609
"2024-08-15 13:45",212.87,212.9569,212.85,212.945,0.07,+0.03%,19536
"2024-08-15 13:44",212.88,212.91,212.79,212.875,0.005,0.00%,121132
"2024-08-15 13:43",212.965,213.01,212.87,212.87,-0.1,-0.05%,46132
"2024-08-15 13:42",212.93,213,212.93,212.97,0.04,+0.02%,13915
"2024-08-15 13:41",212.975,213,212.925,212.93,-0.045,-0.02%,25564
"2024-08-15 13:40",212.99,212.99,212.91,212.975,-0.02,-0.01%,44500
"2024-08-15 13:39",213.01,213.04,212.99,212.995,-0.035,-0.02%,27761
"2024-08-15 13:38",213.02,213.03,212.96,213.03,0,0.00%,22623
"2024-08-15 13:37",213.04,213.0897,213.02,213.03,-0.02,-0.01%,23218
"2024-08-15 13:36",212.9495,213.05,212.9495,213.05,0.105,+0.05%,19308
"2024-08-15 13:35",212.9988,213.01,212.93,212.945,-0.065,-0.03%,53466
"2024-08-15 13:34",213.03,213.04,212.96,213.01,-0.02,-0.01%,41929
"2024-08-15 13:33",212.98,213.04,212.96,213.03,0.05,+0.02%,68311
"2024-08-15 13:32",212.94,213,212.93,212.98,0.04,+0.02%,27302
"2024-08-15 13:31",212.94,212.9936,212.9,212.94,0.01,0.00%,93843
"2024-08-15 13:30",212.86,212.94,212.845,212.93,0.061,+0.03%,30671
"2024-08-15 13:29",212.8988,212.8988,212.84,212.869,-0.011,-0.01%,20627
"2024-08-15 13:28",212.96,212.98,212.84,212.88,-0.08,-0.04%,112977
"2024-08-15 13:27",212.93,212.96,212.89,212.96,0.03,+0.01%,27968
"2024-08-15 13:26",212.85,212.93,212.83,212.93,0.09,+0.04%,28253
"2024-08-15 13:25",212.75,212.8518,212.7301,212.84,0.09,+0.04%,33577
"2024-08-15 13:24",212.73,212.79,212.71,212.75,0.02,+0.01%,25315
"2024-08-15 13:23",212.77,212.775,212.665,212.73,-0.05,-0.02%,34098
"2024-08-15 13:22",212.73,212.78,212.69,212.78,0.05,+0.02%,26723
"2024-08-15 13:21",212.62,212.74,212.62,212.73,0.12,+0.06%,91608
"2024-08-15 13:20",212.59,212.62,212.555,212.61,0.03,+0.01%,21561
"2024-08-15 13:19",212.599,212.61,212.55,212.58,-0.005,0.00%,28461
"2024-08-15 13:18",212.57,212.63,212.54,212.585,0.015,+0.01%,36249
"2024-08-15 13:17",212.6,212.63,212.51,212.57,-0.02,-0.01%,34757
"2024-08-15 13:16",212.52,212.62,212.5,212.59,0.085,+0.04%,85446
"2024-08-15 13:15",212.495,212.52,212.47,212.505,0,0.00%,43901
"2024-08-15 13:14",212.5,212.51,212.44,212.505,0,0.00%,44773
"2024-08-15 13:13",212.5,212.52,212.5,212.505,0.005,0.00%,17161
"2024-08-15 13:12",212.56,212.579,212.48,212.5,-0.05,-0.02%,24061
"2024-08-15 13:11",212.44,212.555,212.44,212.55,0.12,+0.06%,22795
"2024-08-15 13:10",212.4,212.4611,212.38,212.43,0.04,+0.02%,24389
"2024-08-15 13:09",212.46,212.49,212.39,212.39,-0.06,-0.03%,43892
"2024-08-15 13:08",212.425,212.55,212.42,212.45,0.025,+0.01%,52374
"2024-08-15 13:07",212.5,212.51,212.39,212.425,-0.08,-0.04%,42254
"2024-08-15 13:06",212.47,212.51,212.47,212.505,0.025,+0.01%,22303
"2024-08-15 13:05",212.535,212.55,212.45,212.48,-0.06,-0.03%,31845
"2024-08-15 13:04",212.5499,212.555,212.48,212.54,0,0.00%,27420
"2024-08-15 13:03",212.495,212.555,212.47,212.54,0.07,+0.03%,65465
"2024-08-15 13:02",212.52,212.57,212.47,212.47,-0.06,-0.03%,42690
"2024-08-15 13:01",212.51,212.55,212.43,212.53,0.02,+0.01%,32831
"2024-08-15 13:00",212.66,212.66,212.48,212.51,-0.14,-0.07%,45905
"2024-08-15 12:59",212.6,212.7,212.6,212.65,0.06,+0.03%,35687
"2024-08-15 12:58",212.555,212.62,212.52,212.59,0.03,+0.01%,28405
"2024-08-15 12:57",212.635,212.68,212.51,212.56,-0.07,-0.03%,32858
"2024-08-15 12:56",212.55,212.63,212.53,212.63,0.08,+0.04%,47390
"2024-08-15 12:55",212.565,212.61,212.545,212.55,-0.015,-0.01%,40119
"2024-08-15 12:54",212.545,212.6,212.51,212.565,0.035,+0.02%,59643
"2024-08-15 12:53",212.5,212.57,212.5,212.53,0.04,+0.02%,23530
"2024-08-15 12:52",212.5,212.53,212.45,212.49,-0.005,0.00%,36245
"2024-08-15 12:51",212.3524,212.52,212.3524,212.495,0.135,+0.06%,61892
"2024-08-15 12:50",212.36,212.37,212.305,212.36,0.01,0.00%,17370
"2024-08-15 12:49",212.22,212.42,212.22,212.35,0.135,+0.06%,79158
"2024-08-15 12:48",212.32,212.33,212.21,212.215,-0.085,-0.04%,35360
"2024-08-15 12:47",212.5,212.51,212.2,212.3,-0.1993,-0.09%,63137
"2024-08-15 12:46",212.66,212.66,212.47,212.4993,-0.1807,-0.08%,130884
"2024-08-15 12:45",212.5553,212.68,212.5553,212.68,0.13,+0.06%,22879
"2024-08-15 12:44",212.62,212.64,212.5,212.55,-0.07,-0.03%,105268
"2024-08-15 12:43",212.67,212.78,212.6,212.62,-0.03,-0.01%,42916
"2024-08-15 12:42",212.76,212.885,212.64,212.65,-0.11,-0.05%,73001
"2024-08-15 12:41",212.885,212.89,212.6,212.76,-0.13,-0.06%,136618
"2024-08-15 12:40",212.86,212.915,212.83,212.89,0.02,+0.01%,114197
"2024-08-15 12:39",212.9,212.92,212.79,212.87,-0.03,-0.01%,73170
"2024-08-15 12:38",212.895,212.93,212.84,212.9,0,0.00%,22580
"2024-08-15 12:37",212.88,212.905,212.85,212.9,0.01,0.00%,25677
"2024-08-15 12:36",212.895,212.9,212.86,212.89,0,0.00%,36304
"2024-08-15 12:35",212.94,212.955,212.85,212.89,-0.05,-0.02%,36863
"2024-08-15 12:34",212.87,212.98,212.87,212.94,0.07,+0.03%,92974
"2024-08-15 12:33",212.87,212.885,212.77,212.87,0,0.00%,93495
"2024-08-15 12:32",212.79,212.87,212.75,212.87,0.08,+0.04%,95052
"2024-08-15 12:31",212.86,212.86,212.76,212.79,-0.08,-0.04%,42771
"2024-08-15 12:30",212.81,212.87,212.785,212.87,0.06,+0.03%,90765
"2024-08-15 12:29",212.83,212.855,212.78,212.81,-0.02,-0.01%,63214
"2024-08-15 12:28",212.77,212.85,212.75,212.83,0.055,+0.03%,69333
"2024-08-15 12:27",212.76,212.8,212.71,212.775,0.035,+0.02%,76188
"2024-08-15 12:26",212.6131,212.76,212.6131,212.74,0.135,+0.06%,63073
"2024-08-15 12:25",212.65,212.68,212.57,212.605,-0.055,-0.03%,67736
"2024-08-15 12:24",212.7,212.72,212.6,212.66,-0.04,-0.02%,37249
"2024-08-15 12:23",212.57,212.7,212.5699,212.7,0.14,+0.07%,134942
"2024-08-15 12:22",212.525,212.61,212.5,212.56,0.04,+0.02%,116124
"2024-08-15 12:21",212.43,212.54,212.37,212.52,0.08,+0.04%,88378
"2024-08-15 12:20",212.38,212.46,212.38,212.44,0.06,+0.03%,46488
"2024-08-15 12:19",212.38,212.39,212.28,212.38,0,0.00%,32397
"2024-08-15 12:18",212.4,212.42,212.33,212.38,-0.01,0.00%,60904
"2024-08-15 12:17",212.43,212.45,212.33,212.39,-0.05,-0.02%,50687
"2024-08-15 12:16",212.43,212.44,212.37,212.44,0,0.00%,41700
"2024-08-15 12:15",212.34,212.46,212.33,212.44,0.11,+0.05%,38043
"2024-08-15 12:14",212.33,212.37,212.31,212.33,-0.005,0.00%,48884
"2024-08-15 12:13",212.22,212.34,212.2077,212.335,0.11,+0.05%,26159
"2024-08-15 12:12",212.28,212.3098,212.1601,212.225,-0.0588,-0.03%,44223
"2024-08-15 12:11",212.24,212.29,212.2,212.2838,0.0438,+0.02%,34009
"2024-08-15 12:10",212.23,212.28,212.2,212.24,0.0299,+0.01%,42009
"2024-08-15 12:09",212.19,212.24,212.18,212.2101,0.0251,+0.01%,36797
"2024-08-15 12:08",212.16,212.205,212.15,212.185,0.02,+0.01%,39580
"2024-08-15 12:07",212.16,212.175,212.1,212.165,0.015,+0.01%,34723
"2024-08-15 12:06",212.05,212.15,212.05,212.15,0.105,+0.05%,26839
"2024-08-15 12:05",212.06,212.105,212.015,212.045,-0.015,-0.01%,29900
"2024-08-15 12:04",212.08,212.11,212.05,212.06,-0.025,-0.01%,30421
"2024-08-15 12:03",211.95,212.09,211.92,212.085,0.145,+0.07%,25038
"2024-08-15 12:02",211.98,211.98,211.89,211.94,-0.055,-0.03%,16372
"2024-08-15 12:01",211.97,212.01,211.917,211.995,0.015,+0.01%,31808
"2024-08-15 12:00",211.91,212,211.88,211.98,0.06,+0.03%,67707
"2024-08-15 11:59",211.98,212,211.92,211.92,-0.06,-0.03%,26695
"2024-08-15 11:58",212.07,212.08,211.97,211.98,-0.08,-0.04%,27359
"2024-08-15 11:57",212.05,212.1,212,212.06,0.01,0.00%,29133
"2024-08-15 11:56",212.07,212.105,212.03,212.05,-0.02,-0.01%,35480
"2024-08-15 11:55",211.96,212.08,211.945,212.07,0.105,+0.05%,54497
"2024-08-15 11:54",211.905,211.99,211.895,211.965,0.055,+0.03%,23276
"2024-08-15 11:53",211.9099,211.93,211.87,211.91,0.01,0.00%,46720
"2024-08-15 11:52",211.98,212.01,211.9,211.9,-0.08,-0.04%,23234
"2024-08-15 11:51",212.08,212.08,211.9,211.98,-0.1,-0.05%,38941
"2024-08-15 11:50",212.075,212.105,212.02,212.08,0.005,0.00%,45423
"2024-08-15 11:49",212.085,212.095,212.0129,212.075,-0.015,-0.01%,57306
"2024-08-15 11:48",212.05,212.09,212.045,212.09,0.0431,+0.02%,81777
"2024-08-15 11:47",211.98,212.0469,211.98,212.0469,0.0669,+0.03%,53350
"2024-08-15 11:46",211.96,211.98,211.81,211.98,0.04,+0.02%,33005
"2024-08-15 11:45",212.04,212.1,211.91,211.94,-0.1,-0.05%,53911
"2024-08-15 11:44",212.09,212.11,211.97,212.04,-0.05,-0.02%,122945
"2024-08-15 11:43",212.05,212.18,212.05,212.09,0.05,+0.02%,70175
"2024-08-15 11:42",212.11,212.21,212.04,212.04,-0.08,-0.04%,187005
"2024-08-15 11:41",212.1,212.13,212.045,212.12,0.02,+0.01%,29772
"2024-08-15 11:40",212.02,212.11,212,212.1,0.09,+0.04%,49931
"2024-08-15 11:39",211.955,212.06,211.955,212.01,0.07,+0.03%,30044
"2024-08-15 11:38",211.96,212.04,211.93,211.94,-0.0095,0.00%,41575
"2024-08-15 11:37",212.01,212.03,211.92,211.9495,-0.0205,-0.01%,36623
"2024-08-15 11:36",212,212.08,211.945,211.97,-0.04,-0.02%,56533
"2024-08-15 11:35",211.98,212.0105,211.89,212.01,0,0.00%,56628
"2024-08-15 11:34",212.05,212.07,211.96,212.01,-0.01,0.00%,73263
"2024-08-15 11:33",211.94,212.02,211.93,212.02,0.07,+0.03%,31116
"2024-08-15 11:32",211.9,212.03,211.9,211.95,0.05,+0.02%,32451
"2024-08-15 11:31",211.91,211.95,211.78,211.9,0,0.00%,42575
"2024-08-15 11:30",211.9,211.92,211.78,211.9,0.01,0.00%,53057
"2024-08-15 11:29",212.04,212.04,211.87,211.89,-0.155,-0.07%,56739
"2024-08-15 11:28",212.075,212.12,212.01,212.045,-0.025,-0.01%,47800
"2024-08-15 11:27",212.055,212.1,212.04,212.07,0.01,0.00%,99612
"2024-08-15 11:26",212.14,212.21,212.03,212.06,-0.07,-0.03%,118886
"2024-08-15 11:25",212.285,212.295,212.09,212.13,-0.155,-0.07%,61660
"2024-08-15 11:24",212.1995,212.31,212.15,212.285,0.095,+0.04%,38069
"2024-08-15 11:23",212.22,212.24,212.13,212.19,-0.03,-0.01%,84270
"2024-08-15 11:22",212.36,212.36,212.22,212.22,-0.14,-0.07%,105526
"2024-08-15 11:21",212.32,212.41,212.29,212.36,0.04,+0.02%,27941
"2024-08-15 11:20",212.34,212.36,212.18,212.32,-0.02,-0.01%,49108
"2024-08-15 11:19",212.4,212.46,212.33,212.34,-0.06,-0.03%,28527
"2024-08-15 11:18",212.54,212.569,212.3059,212.4,-0.14,-0.07%,85598
"2024-08-15 11:17",212.55,212.55,212.38,212.54,-0.01,0.00%,32925
"2024-08-15 11:16",212.59,212.6105,212.54,212.55,-0.02,-0.01%,44028
"2024-08-15 11:15",212.46,212.615,212.4405,212.57,0.12,+0.06%,41644
"2024-08-15 11:14",212.38,212.52,212.38,212.45,0.08,+0.04%,50562
"2024-08-15 11:13",212.44,212.44,212.23,212.37,-0.065,-0.03%,40277
"2024-08-15 11:12",212.35,212.47,212.33,212.435,0.075,+0.04%,41156
"2024-08-15 11:11",212.41,212.41,212.26,212.36,-0.0699,-0.03%,41339
"2024-08-15 11:10",212.4,212.48,212.34,212.4299,0.0399,+0.02%,48665
"2024-08-15 11:09",212.295,212.41,212.23,212.39,0.09,+0.04%,29121
"2024-08-15 11:08",212.335,212.4,212.21,212.3,-0.03,-0.01%,47719
"2024-08-15 11:07",212.3,212.38,212.26,212.33,0.03,+0.01%,55480
"2024-08-15 11:06",212.35,212.4,212.25,212.3,-0.055,-0.03%,58038
"2024-08-15 11:05",212.38,212.44,212.21,212.355,-0.005,0.00%,140592
"2024-08-15 11:04",212.13,212.3775,212.05,212.36,0.22,+0.10%,111732
"2024-08-15 11:03",212.11,212.18,212.09,212.14,0.02,+0.01%,59043
"2024-08-15 11:02",211.89,212.13,211.87,212.12,0.22,+0.10%,99334
"2024-08-15 11:01",211.85,212.03,211.79,211.9,0.05,+0.02%,123949
"2024-08-15 11:00",211.77,211.86,211.75,211.85,0.07,+0.03%,75452
"2024-08-15 10:59",211.72,211.86,211.6886,211.78,0.06,+0.03%,149236
"2024-08-15 10:58",211.56,211.75,211.56,211.72,0.155,+0.07%,151977
"2024-08-15 10:57",211.43,211.57,211.41,211.565,0.155,+0.07%,42373
"2024-08-15 10:56",211.42,211.43,211.33,211.41,-0.01,0.00%,49503
"2024-08-15 10:55",211.46,211.5,211.2604,211.42,-0.04,-0.02%,34480
"2024-08-15 10:54",211.31,211.55,211.31,211.46,0.14,+0.07%,84171
"2024-08-15 10:53",211.2295,211.335,211.1,211.32,0.12,+0.06%,47416
"2024-08-15 10:52",211.33,211.4,211.2,211.2,-0.12,-0.06%,34710
"2024-08-15 10:51",211.38,211.4,211.24,211.32,-0.06,-0.03%,65664
"2024-08-15 10:50",211.425,211.49,211.295,211.38,-0.04,-0.02%,52577
"2024-08-15 10:49",211.485,211.52,211.31,211.42,-0.07,-0.03%,45699
"2024-08-15 10:48",211.38,211.56,211.37,211.49,0.115,+0.05%,68336
"2024-08-15 10:47",211.32,211.42,211.32,211.375,0.055,+0.03%,78067
"2024-08-15 10:46",211.3,211.32,211.18,211.32,0.03,+0.01%,36288
"2024-08-15 10:45",211.275,211.31,211.21,211.29,0.01,0.00%,53729
"2024-08-15 10:44",211.13,211.28,211.105,211.28,0.14,+0.07%,34344
"2024-08-15 10:43",211.07,211.14,211.02,211.14,0.08,+0.04%,40076
"2024-08-15 10:42",211.14,211.15,211.055,211.06,-0.06,-0.03%,37721
"2024-08-15 10:41",211.06,211.21,211.05,211.12,0.06,+0.03%,44897
"2024-08-15 10:40",211.15,211.15,211,211.06,-0.09,-0.04%,35948
"2024-08-15 10:39",211.13,211.17,211.05,211.15,-0.01,0.00%,64474
"2024-08-15 10:38",211.415,211.42,211.14,211.16,-0.265,-0.13%,94527
"2024-08-15 10:37",211.39,211.48,211.34,211.425,0.06,+0.03%,81833
"2024-08-15 10:36",211.3105,211.4,211.26,211.365,0.055,+0.03%,63639
"2024-08-15 10:35",211.27,211.315,211.25,211.31,0.02,+0.01%,40874
"2024-08-15 10:34",211.28,211.29,211.15,211.29,0.03,+0.01%,45441
"2024-08-15 10:33",211.32,211.34,211.23,211.26,-0.03,-0.01%,114947
"2024-08-15 10:32",211.15,211.35,211.15,211.29,0.14,+0.07%,102344
"2024-08-15 10:31",211.085,211.15,210.96,211.15,0.07,+0.03%,69747
"2024-08-15 10:30",210.95,211.14,210.94,211.08,0.12,+0.06%,68258
"2024-08-15 10:29",210.975,211.07,210.876,210.96,-0.03,-0.01%,72790
"2024-08-15 10:28",210.83,210.99,210.805,210.99,0.15,+0.07%,64656
"2024-08-15 10:27",210.67,210.84,210.6301,210.84,0.17,+0.08%,27852
"2024-08-15 10:26",210.62,210.7,210.59,210.67,0.05,+0.02%,37239
"2024-08-15 10:25",210.56,210.67,210.46,210.62,0.09,+0.04%,44738
"2024-08-15 10:24",210.61,210.65,210.4646,210.53,-0.1,-0.05%,76062
"2024-08-15 10:23",210.8705,210.89,210.56,210.63,-0.25,-0.12%,80234
"2024-08-15 10:22",210.91,210.95,210.79,210.88,-0.04,-0.02%,49320
"2024-08-15 10:21",210.74,210.94,210.64,210.92,0.2,+0.09%,67665
"2024-08-15 10:20",210.92,210.96,210.72,210.72,-0.19,-0.09%,66143
"2024-08-15 10:19",210.76,210.91,210.75,210.91,0.14,+0.07%,45442
"2024-08-15 10:18",210.7,210.77,210.56,210.77,0.07,+0.03%,44502
"2024-08-15 10:17",210.71,210.81,210.6,210.7,0,0.00%,79566
"2024-08-15 10:16",210.73,210.79,210.53,210.7,-0.035,-0.02%,70771
"2024-08-15 10:15",210.51,210.85,210.505,210.735,0.225,+0.11%,118552
"2024-08-15 10:14",210.515,210.61,210.385,210.51,-0.005,0.00%,117524
"2024-08-15 10:13",210.18,210.53,210.18,210.515,0.3345,+0.16%,60843
"2024-08-15 10:12",210.19,210.33,210.12,210.1805,-0.0295,-0.01%,84374
"2024-08-15 10:11",210.15,210.36,210.12,210.21,0.04,+0.02%,114496
"2024-08-15 10:10",210.1,210.17,209.965,210.17,0.06,+0.03%,56267
"2024-08-15 10:09",210.1,210.26,210.03,210.11,0.01,0.00%,117458
"2024-08-15 10:08",210.12,210.29,209.93,210.1,-0.03,-0.01%,48076
"2024-08-15 10:07",210.09,210.17,209.91,210.13,0.035,+0.02%,181166
"2024-08-15 10:06",210.24,210.27,210.05,210.095,-0.135,-0.06%,95609
"2024-08-15 10:05",210.42,210.425,210.07,210.23,-0.2,-0.10%,184045
"2024-08-15 10:04",210.495,210.57,210.4,210.43,-0.05,-0.02%,254023
"2024-08-15 10:03",210.59,210.59,210.28,210.48,-0.1,-0.05%,83750
"2024-08-15 10:02",210.5,210.71,210.49,210.58,0.11,+0.05%,77911
"2024-08-15 10:01",210.37,210.51,210.28,210.47,0.12,+0.06%,117951
"2024-08-15 10:00",210.32,210.6299,210.31,210.35,0.03,+0.01%,139071
"2024-08-15 09:59",210.4225,210.425,210.17,210.32,-0.105,-0.05%,132801
"2024-08-15 09:58",210.38,210.5,210.27,210.425,0.035,+0.02%,112061
"2024-08-15 09:57",210.265,210.425,210.168,210.39,0.136,+0.06%,58192
"2024-08-15 09:56",210.47,210.49,210.17,210.254,-0.216,-0.10%,124152
"2024-08-15 09:55",210.36,210.55,210.33,210.47,0.12,+0.06%,111533
"2024-08-15 09:54",210.61,210.66,210.29,210.35,-0.24,-0.11%,243766
"2024-08-15 09:53",210.81,210.82,210.57,210.59,-0.21,-0.10%,155631
"2024-08-15 09:52",210.72,210.84,210.58,210.8,0.1,+0.05%,167423
"2024-08-15 09:51",211.08,211.08,210.68,210.7,-0.39,-0.18%,154439
"2024-08-15 09:50",211.04,211.09,210.8973,211.09,0.028,+0.01%,96832
"2024-08-15 09:49",210.82,211.08,210.82,211.062,0.232,+0.11%,86941
"2024-08-15 09:48",210.85,210.99,210.73,210.83,-0.02,-0.01%,161758
"2024-08-15 09:47",210.93,211.02,210.68,210.85,-0.06,-0.03%,89537
"2024-08-15 09:46",211.1301,211.24,210.81,210.91,-0.2361,-0.11%,182623
"2024-08-15 09:45",211.175,211.415,211.1,211.1461,-0.0139,-0.01%,79770
"2024-08-15 09:44",211.37,211.42,211.12,211.16,-0.14,-0.07%,120170
"2024-08-15 09:43",211.51,211.52,211.25,211.3,-0.19,-0.09%,78762
"2024-08-15 09:42",211.48,211.67,211.38,211.49,0,0.00%,145234
"2024-08-15 09:41",211.36,211.5027,211.15,211.49,0.12,+0.06%,226774
"2024-08-15 09:40",211.59,211.79,211.27,211.37,-0.2,-0.09%,155388
"2024-08-15 09:39",211.35,211.61,211.33,211.57,0.2,+0.09%,158406
"2024-08-15 09:38",211.96,212,211.33,211.37,-0.59,-0.28%,194925
"2024-08-15 09:37",211.8,212.09,211.78,211.96,0.16,+0.08%,242986
"2024-08-15 09:36",211.42,211.81,211.41,211.8,0.37,+0.17%,162711
"2024-08-15 09:35",211.89,211.95,211.4,211.43,-0.46,-0.22%,207872
"2024-08-15 09:34",211.595,211.91,211.42,211.89,0.3,+0.14%,230709
"2024-08-15 09:33",211.07,211.6,211,211.59,0.5,+0.24%,278993
"2024-08-15 09:32",211.39,211.41,210.99,211.09,-0.31,-0.15%,314403
"2024-08-15 09:31",211.45,211.67,211.21,211.4,-0.05,-0.02%,330742
"2024-08-15 09:30",211.26,211.545,210.86,211.45,0.2,+0.09%,623365
"2024-08-15 09:29",211.25,211.47,211.18,211.25,0.03,+0.01%,78152
"2024-08-15 09:28",211.54,211.54,211.19,211.22,-0.32,-0.15%,12905
"2024-08-15 09:27",211.39,211.54,211.33,211.54,0.229,+0.11%,19321
"2024-08-15 09:26",211.11,211.311,211.1,211.311,0.231,+0.11%,3733
"2024-08-15 09:25",210.92,211.08,210.89,211.08,0.15,+0.07%,5490
"2024-08-15 09:24",210.97,211.04,210.92,210.93,-0.01,0.00%,12808
"2024-08-15 09:23",210.73,210.98,210.66,210.94,0.24,+0.11%,14097
"2024-08-15 09:22",210.84,210.9,210.7,210.7,-0.04,-0.02%,7414
"2024-08-15 09:21",210.87,210.88,210.71,210.74,-0.17,-0.08%,5167
"2024-08-15 09:20",211.07,211.08,210.89,210.91,-0.14,-0.07%,6134
"2024-08-15 09:19",211,211.05,210.94,211.05,-0.02,-0.01%,1851
"2024-08-15 09:18",210.95,211.14,210.93,211.07,0.19,+0.09%,9701
"2024-08-15 09:17",211.05,211.05,210.88,210.88,-0.13,-0.06%,7439
"2024-08-15 09:16",211.25,211.25,210.9,211.01,-0.15,-0.07%,48532
"2024-08-15 09:15",211.2,211.25,211.04,211.16,0.11,+0.05%,18108
"2024-08-15 09:14",211.13,211.18,211.05,211.05,-0.08,-0.04%,22015
"2024-08-15 09:13",210.96,211.174,210.93,211.13,0.1405,+0.07%,24226
"2024-08-15 09:12",211.04,211.08,210.9895,210.9895,-0.0505,-0.02%,3515
"2024-08-15 09:11",210.96,211.09,210.96,211.04,0.09,+0.04%,4900
"2024-08-15 09:10",211.19,211.19,210.88,210.95,-0.22,-0.10%,62296
"2024-08-15 09:09",211.3,211.3,211.17,211.17,-0.21,-0.10%,3806
"2024-08-15 09:08",211.38,211.53,211.37,211.38,0.06,+0.03%,23237
"2024-08-15 09:07",211.46,211.59,211.27,211.32,-0.19,-0.09%,61178
"2024-08-15 09:06",211.57,211.63,211.51,211.51,-0.1,-0.05%,3117
"2024-08-15 09:05",211.64,211.65,211.53,211.61,-0.06,-0.03%,14689
"2024-08-15 09:04",211.53,211.73,211.52,211.67,0.13,+0.06%,18883
"2024-08-15 09:03",211.4599,211.6,211.36,211.54,0.08,+0.04%,35875
"2024-08-15 09:02",211.35,211.5,211.35,211.46,0.24,+0.11%,23397
"2024-08-15 09:01",211,211.22,210.93,211.22,0.13,+0.06%,15045
"2024-08-15 09:00",211.2,211.28,211.09,211.09,-0.02,-0.01%,3688
"2024-08-15 08:59",211.2,211.21,211.11,211.11,-0.09,-0.04%,5361
"2024-08-15 08:58",211.33,211.37,211.13,211.2,-0.12,-0.06%,11350
"2024-08-15 08:57",211.47,211.47,211.32,211.32,-0.17,-0.08%,3875
"2024-08-15 08:56",211.4,211.55,211.4,211.49,0.14,+0.07%,56352
"2024-08-15 08:55",211.15,211.41,211.15,211.35,0.25,+0.12%,14893
"2024-08-15 08:54",211.17,211.25,211,211.1,-0.12,-0.06%,26840
"2024-08-15 08:53",210.94,211.22,210.91,211.22,0.29,+0.14%,49851
"2024-08-15 08:52",210.93,211.05,210.93,210.93,-0.02,-0.01%,44790
"2024-08-15 08:51",211.19,211.22,210.93,210.95,-0.13,-0.06%,33977
"2024-08-15 08:50",210.93,211.21,210.93,211.08,0.14,+0.07%,53044
"2024-08-15 08:49",210.8,210.94,210.76,210.94,0.17,+0.08%,21311
"2024-08-15 08:48",210.75,210.81,210.69,210.77,0.02,+0.01%,44257
"2024-08-15 08:47",210.95,210.95,210.72,210.75,-0.17,-0.08%,14667
"2024-08-15 08:46",210.75,211,210.75,210.92,0.11,+0.05%,23909
"2024-08-15 08:45",210.54,210.83,210.5,210.81,0.3,+0.14%,21599
"2024-08-15 08:44",210.67,210.68,210.4,210.51,-0.19,-0.09%,27612
"2024-08-15 08:43",210.94,210.96,210.61,210.7,-0.26,-0.12%,66133
"2024-08-15 08:42",211.32,211.41,210.82,210.96,-0.32,-0.15%,48106
"2024-08-15 08:41",210.81,211.31,210.81,211.28,0.42,+0.20%,58421
"2024-08-15 08:40",210.57,211,210.34,210.86,0.29,+0.14%,38891
"2024-08-15 08:39",210.76,210.85,210.51,210.57,-0.24,-0.11%,39114
"2024-08-15 08:38",210.46,210.86,210.35,210.81,0.4,+0.19%,72008
"2024-08-15 08:37",210.32,210.5,210.29,210.41,0.14,+0.07%,47369
"2024-08-15 08:36",210.13,210.47,210.13,210.27,0.1997,+0.10%,24656
"2024-08-15 08:35",210.36,210.4,209.92,210.0703,-0.3297,-0.16%,30734
"2024-08-15 08:34",209.79,210.4,209.76,210.4,0.68,+0.32%,82576
"2024-08-15 08:33",209.56,209.8,209.47,209.72,0.18,+0.09%,45495
"2024-08-15 08:32",209.5717,209.97,209.36,209.54,-0.09,-0.04%,68969
"2024-08-15 08:31",209.85,210.17,209.28,209.63,-0.13,-0.06%,97516
"2024-08-15 08:30",207.17,209.85,207.17,209.76,2.85,+1.38%,213883
"2024-08-15 08:29",206.78,207,206.78,206.91,0.15,+0.07%,46251
"2024-08-15 08:28",206.66,206.76,206.6,206.76,0.1,+0.05%,8288
"2024-08-15 08:27",206.69,206.73,206.66,206.66,0,0.00%,635
"2024-08-15 08:26",206.75,206.8,206.66,206.66,-0.11,-0.05%,11650
"2024-08-15 08:25",206.78,206.81,206.74,206.77,-0.02,-0.01%,11943
"2024-08-15 08:24",206.87,206.9,206.78,206.79,-0.13,-0.06%,2990
"2024-08-15 08:23",206.94,206.95,206.92,206.92,-0.09,-0.04%,571
"2024-08-15 08:22",207.05,207.05,206.98,207.01,-0.13,-0.06%,4460
"2024-08-15 08:21",207.1,207.14,207.08,207.14,0.09,+0.04%,7950
"2024-08-15 08:20",207,207.0506,207,207.05,0.05,+0.02%,11060
"2024-08-15 08:19",206.92,207,206.89,207,0.1,+0.05%,5713
"2024-08-15 08:18",206.87,206.9,206.87,206.9,0.12,+0.06%,5027
"2024-08-15 08:17",206.77,206.78,206.77,206.78,-0.08,-0.04%,600
"2024-08-15 08:16",206.92,206.92,206.81,206.86,-0.08,-0.04%,23297
"2024-08-15 08:15",206.85,206.94,206.85,206.94,0.13,+0.06%,16177
"2024-08-15 08:14",206.87,206.87,206.81,206.81,-0.09,-0.04%,3410
"2024-08-15 08:13",206.84,206.9,206.8,206.9,0.16,+0.08%,39272
"2024-08-15 08:12",206.7,206.74,206.68,206.74,0.07,+0.03%,7070
"2024-08-15 08:11",206.63,206.67,206.63,206.67,0.02,+0.01%,1359
"2024-08-15 08:10",206.69,206.69,206.65,206.65,-0.04,-0.02%,575
"2024-08-15 08:09",206.73,206.73,206.69,206.69,-0.04,-0.02%,2011
"2024-08-15 08:08",206.74,206.74,206.73,206.73,-0.01,0.00%,812
"2024-08-15 08:07",206.69,206.75,206.69,206.74,-0.02,-0.01%,4436
"2024-08-15 08:06",206.76,206.76,206.76,206.76,0.06,+0.03%,100
"2024-08-15 08:05",206.68,206.79,206.68,206.7,0.01,0.00%,31120
"2024-08-15 08:04",206.65,206.71,206.63,206.69,0.06,+0.03%,600
"2024-08-15 08:03",206.63,206.63,206.63,206.63,-0.1,-0.05%,500
"2024-08-15 08:02",206.65,206.74,206.65,206.73,0.08,+0.04%,860
"2024-08-15 08:01",207.17,207.17,206.65,206.65,-0.03,-0.01%,7491
"2024-08-15 08:00",206.66,206.86,205.8308,206.68,0.04,+0.02%,19426
"2024-08-15 07:59",206.6,206.64,206.58,206.64,0.046,+0.02%,640
"2024-08-15 07:58",206.61,206.61,206.594,206.594,0.064,+0.03%,840
"2024-08-15 07:57",206.56,206.56,206.51,206.53,-0.04,-0.02%,1334
"2024-08-15 07:56",206.6,206.6,206.57,206.57,0.05,+0.02%,200
"2024-08-15 07:54",206.48,206.52,206.48,206.52,-0.04,-0.02%,7287
"2024-08-15 07:53",206.53,206.56,206.53,206.56,0.06,+0.03%,304
"2024-08-15 07:52",206.5,206.5,206.5,206.5,-0.09,-0.04%,160
"2024-08-15 07:51",206.59,206.59,206.59,206.59,-0.01,0.00%,100
"2024-08-15 07:49",206.64,206.64,206.6,206.6,-0.05,-0.02%,2938
"2024-08-15 07:46",206.66,206.67,206.65,206.65,0.06,+0.03%,440
"2024-08-15 07:45",206.56,206.59,206.55,206.59,-0.02,-0.01%,1065
"2024-08-15 07:44",206.64,206.64,206.61,206.61,-0.08,-0.04%,465
"2024-08-15 07:43",206.69,206.69,206.69,206.69,-0.01,0.00%,300
"2024-08-15 07:42",206.75,206.75,206.7,206.7,-0.04,-0.02%,1210
"2024-08-15 07:41",206.74,206.74,206.74,206.74,-0.18,-0.09%,300
"2024-08-15 07:40",206.8,206.92,206.8,206.92,0.07,+0.03%,2102
"2024-08-15 07:39",206.67,206.85,206.65,206.85,0.17,+0.08%,4286
"2024-08-15 07:38",206.74,206.74,206.68,206.68,-0.03,-0.01%,785
"2024-08-15 07:36",206.71,206.71,206.71,206.71,-0.03,-0.01%,450
"2024-08-15 07:34",206.7,206.74,206.7,206.74,-0.06,-0.03%,2401
"2024-08-15 07:33",206.77,206.8,206.73,206.8,0.01,0.00%,3216
"2024-08-15 07:32",206.7,206.8,206.7,206.79,0.22,+0.11%,1745
"2024-08-15 07:30",206.6,206.64,206.57,206.57,-0.03,-0.01%,1200
"2024-08-15 07:29",206.61,206.61,206.6,206.6,-0.1,-0.05%,230
"2024-08-15 07:28",206.66,206.71,206.66,206.7,0.08,+0.04%,1312
"2024-08-15 07:27",206.62,206.62,206.62,206.62,-0.06,-0.03%,127
"2024-08-15 07:26",206.68,206.68,206.66,206.68,-0.04,-0.02%,600
"2024-08-15 07:25",206.72,206.72,206.72,206.72,0.05,+0.02%,1000
"2024-08-15 07:24",206.7,206.75,206.67,206.67,0,0.00%,18214
"2024-08-15 07:23",206.67,206.67,206.67,206.67,0,0.00%,700
"2024-08-15 07:22",206.58,206.68,206.58,206.67,0.119,+0.06%,16110
"2024-08-15 07:21",206.59,206.59,206.551,206.551,-0.095,-0.05%,1147
"2024-08-15 07:20",206.64,206.66,206.63,206.646,0.016,+0.01%,17971
"2024-08-15 07:19",206.5,206.63,206.42,206.63,0.06,+0.03%,22213
"2024-08-15 07:18",206.5,206.57,206.5,206.57,0.2,+0.10%,17743
"2024-08-15 07:16",206.37,206.37,206.37,206.37,-0.01,0.00%,101
"2024-08-15 07:15",206.32,206.38,206.27,206.38,0.13,+0.06%,3369
"2024-08-15 07:14",206.32,206.32,206.25,206.25,-0.08,-0.04%,1502
"2024-08-15 07:13",206.25,206.33,206.25,206.33,0.08,+0.04%,7466
"2024-08-15 07:12",206.2,206.25,206.16,206.25,0.05,+0.02%,1424
"2024-08-15 07:11",206.19,206.2,206.19,206.2,0.15,+0.07%,400
"2024-08-15 07:08",206.06,206.06,206.05,206.05,-0.03,-0.01%,1800
"2024-08-15 07:06",206.05,206.08,206.01,206.08,-0.05,-0.02%,1459
"2024-08-15 07:04",206.13,206.13,206.13,206.13,0.06,+0.03%,200
"2024-08-15 07:03",206.06,206.11,206.06,206.07,0.02,+0.01%,3550
"2024-08-15 07:02",205.93,206.05,205.92,206.05,0.11,+0.05%,1321
"2024-08-15 07:01",205.86,205.94,205.84,205.94,0.08,+0.04%,724
"2024-08-15 07:00",205.89,206,205.72,205.86,-0.06,-0.03%,9835
"2024-08-15 06:59",205.92,205.92,205.92,205.92,-0.02,-0.01%,500
"2024-08-15 06:58",205.94,205.94,205.94,205.94,0.03,+0.01%,200
"2024-08-15 06:57",205.95,205.96,205.91,205.91,-0.11,-0.05%,5350
"2024-08-15 06:53",206.01,206.02,206.01,206.02,-0.13,-0.06%,300
"2024-08-15 06:51",206.14,206.15,206.14,206.15,-0.08,-0.04%,240
"2024-08-15 06:50",206.23,206.23,206.23,206.23,-0.02,-0.01%,100
"2024-08-15 06:48",206.25,206.25,206.25,206.25,0.05,+0.02%,500
"2024-08-15 06:47",206.2,206.2,206.2,206.2,0.04,+0.02%,600
"2024-08-15 06:46",206.16,206.16,206.16,206.16,-0.04,-0.02%,100
"2024-08-15 06:43",206.2,206.2,206.2,206.2,-0.04,-0.02%,121
"2024-08-15 06:42",206.23,206.24,206.23,206.24,0.1,+0.05%,950
"2024-08-15 06:41",206.14,206.14,206.14,206.14,-0.14,-0.07%,500
"2024-08-15 06:40",206.24,206.28,206.24,206.28,0.01,0.00%,600
"2024-08-15 06:39",206.24,206.28,206.23,206.27,0.06,+0.03%,680
"2024-08-15 06:38",206.22,206.29,206.21,206.21,0.19,+0.09%,1380
"2024-08-15 06:31",206.02,206.02,206.02,206.02,0.07,+0.03%,140
"2024-08-15 06:30",206,206,205.95,205.95,-0.01,0.00%,600
"2024-08-15 06:29",205.97,205.97,205.96,205.96,-0.02,-0.01%,337
"2024-08-15 06:28",205.98,205.98,205.98,205.98,0.08,+0.04%,100
"2024-08-15 06:27",205.9,205.9,205.9,205.9,0,0.00%,100
"2024-08-15 06:26",205.89,205.91,205.82,205.9,0.11,+0.05%,13240
"2024-08-15 06:25",205.84,205.84,205.79,205.79,-0.04,-0.02%,939
"2024-08-15 06:24",205.82,205.83,205.82,205.83,-0.15,-0.07%,400
"2024-08-15 06:23",205.97,205.98,205.97,205.98,0.13,+0.06%,231
"2024-08-15 06:22",205.92,205.92,205.85,205.85,-0.12,-0.06%,3000
"2024-08-15 06:21",205.86,205.97,205.86,205.97,0.07,+0.03%,2929
"2024-08-15 06:20",206.02,206.02,205.9,205.9,-0.16,-0.08%,1540
"2024-08-15 06:19",206.17,206.17,206.06,206.06,-0.08,-0.04%,700
"2024-08-15 06:18",206.15,206.15,206.14,206.14,-0.05,-0.02%,2600
"2024-08-15 06:17",206.19,206.19,206.19,206.19,0.03,+0.01%,598
"2024-08-15 06:15",206.15,206.17,206.15,206.16,-0.07,-0.03%,2416
"2024-08-15 06:13",206.23,206.23,206.23,206.23,0.13,+0.06%,500
"2024-08-15 06:08",206.1,206.1,206.1,206.1,-0.06,-0.03%,400
"2024-08-15 06:07",206.16,206.16,206.16,206.16,0.005,0.00%,121
"2024-08-15 06:06",206.155,206.155,206.155,206.155,0.025,+0.01%,100
"2024-08-15 06:05",206.13,206.13,206.13,206.13,-0.04,-0.02%,500
"2024-08-15 06:04",206.18,206.18,206.17,206.17,-0.2,-0.10%,240
"2024-08-15 06:01",206.37,206.37,206.37,206.37,0.19,+0.09%,200
"2024-08-15 05:59",206.18,206.18,206.18,206.18,-0.11,-0.05%,418
"2024-08-15 05:56",206.29,206.29,206.29,206.29,-0.01,0.00%,156
"2024-08-15 05:55",206.3,206.3,206.3,206.3,0.07,+0.03%,100
"2024-08-15 05:54",206.23,206.23,206.23,206.23,-0.03,-0.01%,625
"2024-08-15 05:51",206.25,206.26,206.25,206.26,0.07,+0.03%,1000
"2024-08-15 05:45",206.19,206.19,206.19,206.19,-0.18,-0.09%,200
"2024-08-15 05:41",206.37,206.37,206.37,206.37,0.02,+0.01%,124
"2024-08-15 05:40",206.35,206.35,206.34,206.35,-0.12,-0.06%,480
"2024-08-15 05:36",206.47,206.47,206.47,206.47,0.03,+0.01%,100
"2024-08-15 05:25",206.44,206.44,206.44,206.44,0.07,+0.03%,500
"2024-08-15 05:21",206.37,206.37,206.37,206.37,0,0.00%,200
"2024-08-15 05:17",206.37,206.37,206.37,206.37,0.05,+0.02%,956
"2024-08-15 05:15",206.32,206.32,206.32,206.32,-0.07,-0.03%,130
"2024-08-15 05:13",206.39,206.39,206.39,206.39,0.14,+0.07%,350
"2024-08-15 05:08",206.2,206.25,206.2,206.25,-0.05,-0.02%,1300
"2024-08-15 05:07",206.3,206.3,206.3,206.3,0.06,+0.03%,242
"2024-08-15 04:59",206.25,206.25,206.24,206.24,-0.14,-0.07%,250
"2024-08-15 04:56",206.34,206.38,206.34,206.38,0.09,+0.04%,1024
"2024-08-15 04:54",206.29,206.29,206.29,206.29,0.01,0.00%,395
"2024-08-15 04:51",206.28,206.28,206.28,206.28,-0.06,-0.03%,200
"2024-08-15 04:50",206.34,206.34,206.34,206.34,-0.04,-0.02%,2000
"2024-08-15 04:45",206.38,206.38,206.38,206.38,0.09,+0.04%,140
"2024-08-15 04:44",206.29,206.29,206.29,206.29,-0.01,0.00%,100
"2024-08-15 04:43",206.3,206.3,206.3,206.3,-0.01,0.00%,100
"2024-08-15 04:41",206.31,206.31,206.31,206.31,0.04,+0.02%,540
"2024-08-15 04:39",206.27,206.27,206.27,206.27,0.04,+0.02%,438
"2024-08-15 04:38",206.23,206.23,206.23,206.23,-0.04,-0.02%,100
"2024-08-15 04:37",206.27,206.27,206.27,206.27,-0.01,0.00%,140
"2024-08-15 04:36",206.25,206.28,206.25,206.28,0.11,+0.05%,2761
"2024-08-15 04:35",206.17,206.17,206.17,206.17,0,0.00%,100
"2024-08-15 04:34",206.17,206.17,206.17,206.17,-0.22,-0.11%,140
"2024-08-15 04:32",206.39,206.39,206.39,206.39,-0.08,-0.04%,140
"2024-08-15 04:30",206.47,206.47,206.47,206.47,-0.05,-0.02%,200
"2024-08-15 04:29",206.5,206.53,206.5,206.52,-0.08,-0.04%,600
"2024-08-15 04:28",206.51,206.6,206.48,206.6,-0.03,-0.01%,1734
"2024-08-15 04:27",206.63,206.63,206.63,206.63,-0.12,-0.06%,300
"2024-08-15 04:25",206.75,206.75,206.75,206.75,0,0.00%,500
"2024-08-15 04:24",206.75,206.75,206.75,206.75,-0.06,-0.03%,121
"2024-08-15 04:23",206.81,206.81,206.81,206.81,0,0.00%,100
"2024-08-15 04:22",206.81,206.81,206.81,206.81,-0.08,-0.04%,200
"2024-08-15 04:21",206.89,206.89,206.89,206.89,-0.02,-0.01%,300
"2024-08-15 04:18",206.91,206.91,206.91,206.91,0,0.00%,300
"2024-08-15 04:16",206.91,206.91,206.91,206.91,0.01,0.00%,157
"2024-08-15 04:15",206.9,206.9,206.9,206.9,0.01,0.00%,100
"2024-08-15 04:14",206.92,206.92,206.89,206.89,0.01,0.00%,256
"2024-08-15 04:13",206.89,206.89,206.88,206.88,-0.12,-0.06%,200
"2024-08-15 04:12",207,207,207,207,-0.02,-0.01%,100
"2024-08-15 04:09",207,207.02,207,207.02,-0.01,0.00%,1256
"2024-08-15 04:07",207.03,207.03,207.03,207.03,0.08,+0.04%,184
"2024-08-15 04:05",206.95,206.95,206.95,206.95,-0.05,-0.02%,100
"2024-08-15 04:04",207,207,207,207,-0.03,-0.01%,101
"2024-08-15 04:03",207.03,207.03,207.03,207.03,-0.07,-0.03%,900
"2024-08-15 04:00",207.1,207.1,207.1,207.1,0.65,+0.31%,100
"2024-08-14 19:59",206.52,206.52,206.45,206.45,0,0.00%,1497
"2024-08-14 19:55",206.45,206.45,206.45,206.45,0.03,+0.01%,3640
"2024-08-14 19:54",206.46,206.46,206.42,206.42,0.05,+0.02%,1959
"2024-08-14 19:52",206.39,206.39,206.37,206.37,-0.03,-0.01%,11881
"2024-08-14 19:51",206.44,206.44,206.4,206.4,-0.03,-0.01%,12977
"2024-08-14 19:49",206.43,206.43,206.43,206.43,-0.03,-0.01%,125
"2024-08-14 19:47",206.46,206.46,206.46,206.46,-0.03,-0.01%,140
"2024-08-14 19:46",206.51,206.51,206.49,206.49,-0.03,-0.01%,390
"2024-08-14 19:45",206.52,206.52,206.52,206.52,-0.05,-0.02%,140
"2024-08-14 19:42",206.57,206.57,206.57,206.57,-0.01,0.00%,194
"2024-08-14 19:39",206.58,206.58,206.58,206.58,-0.04,-0.02%,149
"2024-08-14 19:37",206.62,206.62,206.62,206.62,0.05,+0.02%,147
"2024-08-14 19:31",206.57,206.57,206.57,206.57,0,0.00%,108
"2024-08-14 19:30",206.65,206.65,206.56,206.57,-0.1,-0.05%,621
"2024-08-14 19:24",206.67,206.67,206.67,206.67,-0.03,-0.01%,100
"2024-08-14 19:21",206.7,206.7,206.7,206.7,0,0.00%,200
"2024-08-14 19:20",206.72,206.72,206.7,206.7,0.02,+0.01%,1105
"2024-08-14 19:16",206.69,206.69,206.68,206.68,-0.1,-0.05%,274
"2024-08-14 19:11",206.75,206.78,206.75,206.78,0.0589,+0.03%,200
"2024-08-14 19:10",206.7211,206.7211,206.7211,206.7211,-0.0189,-0.01%,600
"2024-08-14 19:09",206.74,206.74,206.74,206.74,0.01,0.00%,250
"2024-08-14 19:08",206.73,206.73,206.73,206.73,-0.0118,-0.01%,150
"2024-08-14 19:07",206.7418,206.7418,206.7418,206.7418,-0.0182,-0.01%,100
"2024-08-14 19:05",206.76,206.76,206.76,206.76,0.13,+0.06%,144
"2024-08-14 19:00",206.63,206.63,206.63,206.63,-0.03,-0.01%,208
"2024-08-14 18:59",206.66,206.66,206.66,206.66,-0.04,-0.02%,140
"2024-08-14 18:53",206.7,206.7,206.7,206.7,0.07,+0.03%,100
"2024-08-14 18:50",206.67,206.67,206.62,206.63,-0.06,-0.03%,450
"2024-08-14 18:49",206.69,206.69,206.69,206.69,0.04,+0.02%,100
"2024-08-14 18:47",206.65,206.65,206.65,206.65,0,0.00%,200
"2024-08-14 18:44",206.65,206.65,206.65,206.65,-0.03,-0.01%,100
"2024-08-14 18:43",206.68,206.68,206.68,206.68,0,0.00%,600
"2024-08-14 18:41",206.68,206.68,206.68,206.68,0.051,+0.02%,165
"2024-08-14 18:39",206.59,206.629,206.59,206.629,0.079,+0.04%,200
"2024-08-14 18:38",206.55,206.55,206.55,206.55,0.01,0.00%,400
"2024-08-14 18:35",206.54,206.54,206.54,206.54,0.02,+0.01%,100
"2024-08-14 18:32",206.52,206.52,206.52,206.52,-0.11,-0.05%,108
"2024-08-14 18:20",206.63,206.63,206.63,206.63,0.02,+0.01%,192
"2024-08-14 18:16",206.61,206.61,206.61,206.61,0,0.00%,1891
"2024-08-14 18:15",206.62,206.62,206.61,206.61,-0.07,-0.03%,2446
"2024-08-14 18:13",206.68,206.68,206.68,206.68,0,0.00%,200
"2024-08-14 18:11",206.7,206.7,206.68,206.68,0.03,+0.01%,466
"2024-08-14 18:08",206.7,206.7,206.65,206.65,-0.03,-0.01%,1472
"2024-08-14 18:03",206.68,206.68,206.68,206.68,0.07,+0.03%,916
"2024-08-14 18:02",206.61,206.61,206.61,206.61,-0.11,-0.05%,254
"2024-08-14 18:01",206.76,206.77,206.72,206.72,-0.04,-0.02%,2273
"2024-08-14 18:00",206.81,206.82,206.75,206.76,-0.04,-0.02%,5058
"2024-08-14 17:59",206.8,206.8,206.8,206.8,0.01,0.00%,116
"2024-08-14 17:52",206.79,206.79,206.79,206.79,-0.12,-0.06%,1342
"2024-08-14 17:46",206.91,206.91,206.91,206.91,0.06,+0.03%,171
"2024-08-14 17:44",206.8501,206.8501,206.85,206.85,0,0.00%,1900
"2024-08-14 17:43",206.85,206.85,206.85,206.85,0.1,+0.05%,3435
"2024-08-14 17:40",206.75,206.75,206.75,206.75,0.06,+0.03%,222
"2024-08-14 17:39",206.69,206.69,206.69,206.69,-0.08,-0.04%,100
"2024-08-14 17:34",206.77,206.77,206.76,206.77,-0.08,-0.04%,484
"2024-08-14 17:32",206.85,206.85,206.85,206.85,0.09,+0.04%,111
"2024-08-14 17:29",206.76,206.76,206.76,206.76,-0.09,-0.04%,100
"2024-08-14 17:24",206.85,206.85,206.85,206.85,0.08,+0.04%,100
"2024-08-14 17:23",206.77,206.77,206.77,206.77,-0.04,-0.02%,100
"2024-08-14 17:19",206.82,206.82,206.81,206.81,-0.04,-0.02%,1178
"2024-08-14 17:18",206.85,206.85,206.85,206.85,0.02,+0.01%,100
"2024-08-14 17:16",206.83,206.83,206.83,206.83,-0.01,0.00%,200
"2024-08-14 17:14",206.84,206.84,206.84,206.84,-0.06,-0.03%,166
"2024-08-14 17:12",206.74,206.91,206.74,206.9,0.22,+0.11%,11513
"2024-08-14 17:10",206.68,206.68,206.68,206.68,-0.03,-0.01%,10183
"2024-08-14 17:08",206.71,206.71,206.71,206.71,0,0.00%,135
"2024-08-14 17:05",206.71,206.71,206.71,206.71,0.02,+0.01%,195
"2024-08-14 17:03",206.69,206.69,206.69,206.69,-0.02,-0.01%,100
"2024-08-14 17:02",206.71,206.71,206.71,206.71,0.028,+0.01%,135
"2024-08-14 17:00",206.71,206.71,206.682,206.682,-0.028,-0.01%,580
"2024-08-14 16:59",206.71,206.71,206.71,206.71,0.05,+0.02%,122
"2024-08-14 16:58",206.78,206.78,206.65,206.66,-0.14,-0.07%,1899
"2024-08-14 16:56",206.83,206.83,206.8,206.8,-0.04,-0.02%,387
"2024-08-14 16:52",206.84,206.84,206.84,206.84,0.06,+0.03%,162
"2024-08-14 16:49",206.81,206.81,206.78,206.78,-0.03,-0.01%,550
"2024-08-14 16:48",206.84,206.86,206.81,206.81,-0.04,-0.02%,2925
"2024-08-14 16:47",206.83,206.9,206.83,206.85,0.02,+0.01%,2040
"2024-08-14 16:46",206.88,206.88,206.83,206.83,-0.04,-0.02%,1590
"2024-08-14 16:45",206.87,206.87,206.87,206.87,-0.02,-0.01%,650
"2024-08-14 16:44",206.86,206.89,206.8594,206.89,0.02,+0.01%,350
"2024-08-14 16:42",206.87,206.87,206.87,206.87,0.01,0.00%,433
"2024-08-14 16:40",206.84,206.86,206.84,206.86,0.09,+0.04%,264
"2024-08-14 16:39",206.84,206.84,206.77,206.77,0.01,0.00%,4360
"2024-08-14 16:38",206.76,206.76,206.76,206.76,0.08,+0.04%,120
"2024-08-14 16:37",206.77,206.77,206.68,206.68,-0.09,-0.04%,1976
"2024-08-14 16:35",206.73,206.77,206.73,206.77,0.03,+0.01%,881
"2024-08-14 16:34",206.74,206.74,206.74,206.74,-0.01,0.00%,100
"2024-08-14 16:33",206.71,206.75,206.7,206.75,0,0.00%,13312
"2024-08-14 16:32",206.75,206.75,206.75,206.75,0,0.00%,700
"2024-08-14 16:31",206.76,206.76,206.75,206.75,-0.03,-0.01%,500
"2024-08-14 16:30",206.75,206.78,206.75,206.78,0.03,+0.01%,7178
"2024-08-14 16:29",206.75,206.75,206.75,206.75,0,0.00%,6377
"2024-08-14 16:28",206.75,206.75,206.75,206.75,0,0.00%,5700
"2024-08-14 16:26",206.78,206.78,206.75,206.75,-0.03,-0.01%,4090
"2024-08-14 16:25",206.7794,206.78,206.7794,206.78,0.02,+0.01%,2560
"2024-08-14 16:24",206.73,206.76,206.73,206.76,0.03,+0.01%,1500
"2024-08-14 16:23",206.73,206.73,206.73,206.73,-0.05,-0.02%,750
"2024-08-14 16:21",206.7495,206.78,206.7495,206.78,0,0.00%,425
"2024-08-14 16:20",206.78,206.78,206.78,206.78,0.02,+0.01%,390
"2024-08-14 16:19",206.76,206.77,206.75,206.76,0.01,0.00%,13482
"2024-08-14 16:18",206.75,206.75,206.73,206.75,-0.01,0.00%,13319
"2024-08-14 16:17",206.78,206.78,206.76,206.76,-0.01,0.00%,17421
"2024-08-14 16:16",206.83,206.83,206.77,206.77,-0.03,-0.01%,26875
"2024-08-14 16:15",206.89,206.89,206.8,206.8,-0.11,-0.05%,39029
"2024-08-14 16:14",206.9,206.91,206.89,206.91,0.05,+0.02%,1500
"2024-08-14 16:13",206.88,206.89,206.86,206.86,-0.04,-0.02%,2273
"2024-08-14 16:12",206.88,206.91,206.87,206.9,0.1,+0.05%,13231
"2024-08-14 16:11",206.81,206.81,206.8,206.8,0,0.00%,650
"2024-08-14 16:10",206.83,206.87,206.8,206.8,-0.06,-0.03%,11509
"2024-08-14 16:09",206.82,206.86,206.82,206.86,0,0.00%,13275
"2024-08-14 16:08",206.87,206.89,206.86,206.86,0,0.00%,20503
"2024-08-14 16:07",206.85,206.86,206.81,206.86,0.04,+0.02%,4290
"2024-08-14 16:06",206.8,206.82,206.8,206.82,0.03,+0.01%,1510
"2024-08-14 16:05",206.82,206.82,206.74,206.79,-0.0404,-0.02%,32950
"2024-08-14 16:04",206.76,206.84,206.68,206.8304,0.0704,+0.03%,24460
"2024-08-14 16:03",206.75,206.76,206.74,206.76,-0.02,-0.01%,28746
"2024-08-14 16:02",206.79,206.84,206.77,206.78,-0.01,0.00%,4380
"2024-08-14 16:01",206.71,206.81,206.71,206.79,0.09,+0.04%,5433
"2024-08-14 16:00",206.68,206.75,206.66,206.7,0.03,+0.01%,139203
"2024-08-14 15:59",206.76,206.82,206.64,206.67,-0.1,-0.05%,639727
"2024-08-14 15:58",206.88,206.9,206.74,206.77,-0.11,-0.05%,240329
"2024-08-14 15:57",206.93,206.95,206.87,206.88,-0.06,-0.03%,123917
"2024-08-14 15:56",206.99,207.02,206.94,206.94,-0.06,-0.03%,96596
"2024-08-14 15:55",206.85,207,206.83,207,0.155,+0.07%,183794
"2024-08-14 15:54",206.79,206.89,206.79,206.845,0.065,+0.03%,216036
"2024-08-14 15:53",206.82,206.84,206.72,206.78,-0.045,-0.02%,92203
"2024-08-14 15:52",206.77,206.84,206.725,206.825,0.055,+0.03%,44057
"2024-08-14 15:51",206.68,206.82,206.63,206.77,0.08,+0.04%,78210
"2024-08-14 15:50",206.75,206.86,206.675,206.69,-0.04,-0.02%,111870
"2024-08-14 15:49",206.6868,206.76,206.675,206.73,0.04,+0.02%,46948
"2024-08-14 15:48",206.65,206.69,206.63,206.69,0.05,+0.02%,26783
"2024-08-14 15:47",206.65,206.66,206.58,206.64,-0.015,-0.01%,84028
"2024-08-14 15:46",206.72,206.73,206.65,206.655,-0.07,-0.03%,44566
"2024-08-14 15:45",206.7,206.73,206.69,206.725,0.025,+0.01%,29900
"2024-08-14 15:44",206.7,206.7047,206.65,206.7,0.005,0.00%,27691
"2024-08-14 15:43",206.715,206.74,206.67,206.695,-0.025,-0.01%,71537
"2024-08-14 15:42",206.685,206.72,206.66,206.72,0.04,+0.02%,29523
"2024-08-14 15:41",206.61,206.7,206.575,206.68,0.08,+0.04%,21162
"2024-08-14 15:40",206.62,206.66,206.56,206.6,-0.01,0.00%,33967
"2024-08-14 15:39",206.52,206.615,206.4885,206.61,0.09,+0.04%,42805
"2024-08-14 15:38",206.5,206.52,206.45,206.52,0.03,+0.01%,33157
"2024-08-14 15:37",206.54,206.54,206.49,206.49,-0.04,-0.02%,47767
"2024-08-14 15:36",206.46,206.6,206.46,206.53,0.07,+0.03%,29982
"2024-08-14 15:35",206.49,206.55,206.45,206.46,-0.02,-0.01%,44565
"2024-08-14 15:34",206.49,206.51,206.465,206.48,-0.004,0.00%,42854
"2024-08-14 15:33",206.515,206.55,206.44,206.484,-0.031,-0.02%,27477
"2024-08-14 15:32",206.56,206.585,206.5,206.515,-0.045,-0.02%,27770
"2024-08-14 15:31",206.45,206.57,206.4,206.56,0.1,+0.05%,62062
"2024-08-14 15:30",206.54,206.54,206.42,206.46,-0.07,-0.03%,39114
"2024-08-14 15:29",206.56,206.5601,206.505,206.53,-0.03,-0.01%,12761
"2024-08-14 15:28",206.575,206.58,206.515,206.56,-0.025,-0.01%,27743
"2024-08-14 15:27",206.61,206.61,206.55,206.585,-0.035,-0.02%,14752
"2024-08-14 15:26",206.5537,206.64,206.5501,206.62,0.06,+0.03%,16984
"2024-08-14 15:25",206.52,206.56,206.46,206.56,0.04,+0.02%,25434
"2024-08-14 15:24",206.52,206.57,206.5,206.52,0,0.00%,27293
"2024-08-14 15:23",206.45,206.53,206.44,206.52,0.05,+0.02%,21033
"2024-08-14 15:22",206.47,206.48,206.4201,206.47,0,0.00%,17238
"2024-08-14 15:21",206.46,206.49,206.38,206.47,0.03,+0.01%,34975
"2024-08-14 15:20",206.53,206.56,206.44,206.44,-0.1,-0.05%,30327
"2024-08-14 15:19",206.54,206.565,206.495,206.54,-0.005,0.00%,20158
"2024-08-14 15:18",206.48,206.57,206.47,206.545,0.075,+0.04%,25697
"2024-08-14 15:17",206.42,206.495,206.3901,206.47,0.04,+0.02%,22515
"2024-08-14 15:16",206.49,206.52,206.3495,206.43,-0.06,-0.03%,70881
"2024-08-14 15:15",206.46,206.58,206.46,206.49,0.02,+0.01%,53398
"2024-08-14 15:14",206.58,206.6,206.4,206.47,-0.09,-0.04%,63366
"2024-08-14 15:13",206.72,206.74,206.495,206.56,-0.155,-0.07%,33290
"2024-08-14 15:12",206.64,206.75,206.64,206.715,0.085,+0.04%,19101
"2024-08-14 15:11",206.68,206.72,206.59,206.63,-0.06,-0.03%,27415
"2024-08-14 15:10",206.745,206.81,206.66,206.69,-0.06,-0.03%,32229
"2024-08-14 15:09",206.84,206.86,206.75,206.75,-0.1025,-0.05%,31349
"2024-08-14 15:08",206.935,206.97,206.85,206.8525,-0.0825,-0.04%,25790
"2024-08-14 15:07",206.91,206.96,206.89,206.935,0.025,+0.01%,13653
"2024-08-14 15:06",206.815,206.93,206.815,206.91,0.1,+0.05%,20593
"2024-08-14 15:05",206.76,206.82,206.75,206.81,0.05,+0.02%,10260
"2024-08-14 15:04",206.78,206.78,206.73,206.76,-0.02,-0.01%,20137
"2024-08-14 15:03",206.77,206.78,206.74,206.78,0.0097,0.00%,10113
"2024-08-14 15:02",206.75,206.79,206.7203,206.7703,0.0153,+0.01%,9761
"2024-08-14 15:01",206.72,206.78,206.66,206.755,0.025,+0.01%,25748
"2024-08-14 15:00",206.81,206.81,206.73,206.73,-0.09,-0.04%,13310
"2024-08-14 14:59",206.84,206.84,206.77,206.82,-0.0188,-0.01%,22010
"2024-08-14 14:58",206.81,206.88,206.805,206.8388,0.0487,+0.02%,34140
"2024-08-14 14:57",206.725,206.83,206.72,206.7901,0.0791,+0.04%,23077
"2024-08-14 14:56",206.705,206.73,206.65,206.711,0.0163,+0.01%,16917
"2024-08-14 14:55",206.7,206.72,206.65,206.6947,-0.0003,0.00%,61147
"2024-08-14 14:54",206.675,206.71,206.66,206.695,0.015,+0.01%,10988
"2024-08-14 14:53",206.65,206.71,206.64,206.68,0.03,+0.01%,41154
"2024-08-14 14:52",206.61,206.66,206.6,206.65,0.04,+0.02%,35500
"2024-08-14 14:51",206.59,206.63,206.57,206.61,0.03,+0.01%,39258
"2024-08-14 14:50",206.57,206.64,206.55,206.58,-0.01,0.00%,20221
"2024-08-14 14:49",206.6,206.62,206.5698,206.59,0,0.00%,17569
"2024-08-14 14:48",206.57,206.59,206.53,206.59,0.01,0.00%,9216
"2024-08-14 14:47",206.6,206.6,206.55,206.58,-0.01,0.00%,11263
"2024-08-14 14:46",206.625,206.65,206.575,206.59,-0.04,-0.02%,18850
"2024-08-14 14:45",206.53,206.64,206.49,206.63,0.085,+0.04%,58539
"2024-08-14 14:44",206.495,206.59,206.495,206.545,0.05,+0.02%,18669
"2024-08-14 14:43",206.55,206.56,206.48,206.495,-0.05,-0.02%,22686
"2024-08-14 14:42",206.5,206.545,206.45,206.545,0.055,+0.03%,32259
"2024-08-14 14:41",206.47,206.49,206.4,206.49,0.02,+0.01%,25907
"2024-08-14 14:40",206.45,206.48,206.44,206.47,0.02,+0.01%,13641
"2024-08-14 14:39",206.45,206.5,206.43,206.45,0,0.00%,15340
"2024-08-14 14:38",206.46,206.49,206.43,206.45,-0.02,-0.01%,18417
"2024-08-14 14:37",206.48,206.53,206.45,206.47,-0.01,0.00%,19254
"2024-08-14 14:36",206.47,206.54,206.42,206.48,-0.005,0.00%,22321
"2024-08-14 14:35",206.5,206.55,206.42,206.485,-0.025,-0.01%,22772
"2024-08-14 14:34",206.515,206.53,206.46,206.51,-0.01,0.00%,17099
"2024-08-14 14:33",206.47,206.52,206.45,206.52,0.06,+0.03%,21850
"2024-08-14 14:32",206.41,206.53,206.41,206.46,0.05,+0.02%,78807
"2024-08-14 14:31",206.46,206.5,206.4032,206.41,-0.045,-0.02%,22578
"2024-08-14 14:30",206.39,206.46,206.36,206.455,0.055,+0.03%,27121
"2024-08-14 14:29",206.34,206.42,206.34,206.4,0.06,+0.03%,17104
"2024-08-14 14:28",206.32,206.37,206.3,206.34,0.01,0.00%,10767
"2024-08-14 14:27",206.3701,206.39,206.3,206.33,-0.0339,-0.02%,24199
"2024-08-14 14:26",206.32,206.3639,206.24,206.3639,0.0239,+0.01%,45599
"2024-08-14 14:25",206.205,206.34,206.205,206.34,0.13,+0.06%,19873
"2024-08-14 14:24",206.275,206.28,206.18,206.21,-0.07,-0.03%,21927
"2024-08-14 14:23",206.34,206.35,206.25,206.28,-0.065,-0.03%,21993
"2024-08-14 14:22",206.23,206.36,206.225,206.345,0.12,+0.06%,21776
"2024-08-14 14:21",206.25,206.275,206.185,206.225,-0.015,-0.01%,32566
"2024-08-14 14:20",206.01,206.255,206.01,206.24,0.22,+0.11%,71829
"2024-08-14 14:19",206.19,206.19,206.02,206.02,-0.18,-0.09%,43049
"2024-08-14 14:18",206.185,206.2699,206.185,206.2,0.02,+0.01%,28079
"2024-08-14 14:17",206.265,206.265,206.13,206.18,-0.09,-0.04%,34607
"2024-08-14 14:16",206.28,206.34,206.26,206.27,-0.02,-0.01%,27275
"2024-08-14 14:15",206.31,206.34,206.28,206.29,-0.02,-0.01%,30751
"2024-08-14 14:14",206.455,206.46,206.31,206.31,-0.14,-0.07%,19223
"2024-08-14 14:13",206.43,206.495,206.425,206.45,0.02,+0.01%,15537
"2024-08-14 14:12",206.36,206.48,206.36,206.43,0.07,+0.03%,14059
"2024-08-14 14:11",206.44,206.44,206.35,206.36,-0.08,-0.04%,22279
"2024-08-14 14:10",206.35,206.44,206.3231,206.44,0.085,+0.04%,11059
"2024-08-14 14:09",206.24,206.38,206.24,206.355,0.115,+0.06%,10597
"2024-08-14 14:08",206.31,206.38,206.24,206.24,-0.06,-0.03%,13730
"2024-08-14 14:07",206.39,206.39,206.27,206.3,-0.11,-0.05%,31440
"2024-08-14 14:06",206.37,206.41,206.33,206.41,0.035,+0.02%,34990
"2024-08-14 14:05",206.33,206.4,206.31,206.375,0.04,+0.02%,10840
"2024-08-14 14:04",206.4001,206.4001,206.3,206.335,-0.045,-0.02%,16958
"2024-08-14 14:03",206.48,206.53,206.38,206.38,-0.13,-0.06%,14838
"2024-08-14 14:02",206.5,206.54,206.38,206.51,0.01,0.00%,26559
"2024-08-14 14:01",206.53,206.59,206.4,206.5,0.01,0.00%,37535
"2024-08-14 14:00",206.69,206.7,206.39,206.49,-0.2,-0.10%,52949
"2024-08-14 13:59",206.76,206.8,206.685,206.69,-0.07,-0.03%,8858
"2024-08-14 13:58",206.69,206.78,206.685,206.76,0.06,+0.03%,4593
"2024-08-14 13:57",206.7,206.71,206.64,206.7,0.0035,0.00%,17575
"2024-08-14 13:56",206.663,206.715,206.66,206.6965,0.0365,+0.02%,9520
"2024-08-14 13:55",206.62,206.66,206.57,206.66,0.03,+0.01%,8230
"2024-08-14 13:54",206.54,206.6385,206.54,206.63,0.09,+0.04%,19180
"2024-08-14 13:53",206.45,206.54,206.45,206.54,0.08,+0.04%,10077
"2024-08-14 13:52",206.34,206.46,206.34,206.46,0.14,+0.07%,20561
"2024-08-14 13:51",206.35,206.35,206.23,206.32,0,0.00%,12927
"2024-08-14 13:50",206.33,206.42,206.3,206.32,0,0.00%,13610
"2024-08-14 13:49",206.285,206.34,206.2,206.32,0.03,+0.01%,18772
"2024-08-14 13:48",206.19,206.3,206.15,206.29,0.09,+0.04%,20669
"2024-08-14 13:47",206.08,206.23,206.07,206.2,0.12,+0.06%,19110
"2024-08-14 13:46",206.01,206.09,205.97,206.08,0.07,+0.03%,8257
"2024-08-14 13:45",205.98,206.04,205.945,206.01,0.02,+0.01%,15981
"2024-08-14 13:44",206.05,206.05,205.96,205.99,-0.065,-0.03%,14500
"2024-08-14 13:43",205.89,206.06,205.89,206.055,0.205,+0.10%,29520
"2024-08-14 13:42",205.94,205.94,205.8,205.85,-0.09,-0.04%,48840
"2024-08-14 13:41",206.04,206.04,205.93,205.94,-0.11,-0.05%,16011
"2024-08-14 13:40",205.99,206.07,205.89,206.05,0.06,+0.03%,58698
"2024-08-14 13:39",206.05,206.14,205.99,205.99,-0.07,-0.03%,28660
"2024-08-14 13:38",205.99,206.1,205.98,206.06,0.075,+0.04%,16224
"2024-08-14 13:37",206.16,206.17,205.97,205.985,-0.195,-0.09%,22764
"2024-08-14 13:36",206.27,206.31,206.125,206.18,-0.1105,-0.05%,21299
"2024-08-14 13:35",206.21,206.335,206.205,206.2905,0.0905,+0.04%,18268
"2024-08-14 13:34",206.22,206.22,206.155,206.2,-0.03,-0.01%,10219
"2024-08-14 13:33",206.16,206.245,206.08,206.23,0.065,+0.03%,48968
"2024-08-14 13:32",206.29,206.29,206.165,206.165,-0.155,-0.08%,25651
"2024-08-14 13:31",206.3,206.4,206.28,206.32,-0.0101,0.00%,23786
"2024-08-14 13:30",206.32,206.36,206.1501,206.3301,-0.0091,0.00%,25705
"2024-08-14 13:29",206.43,206.44,206.31,206.3392,-0.0708,-0.03%,21426
"2024-08-14 13:28",206.39,206.45,206.33,206.41,0.0546,+0.03%,20863
"2024-08-14 13:27",206.49,206.5201,206.34,206.3554,-0.1446,-0.07%,8865
"2024-08-14 13:26",206.41,206.5,206.41,206.5,0.09,+0.04%,11268
"2024-08-14 13:25",206.53,206.59,206.41,206.41,-0.12,-0.06%,36238
"2024-08-14 13:24",206.53,206.57,206.52,206.53,0.01,0.00%,6501
"2024-08-14 13:23",206.47,206.52,206.43,206.52,0.04,+0.02%,14633
"2024-08-14 13:22",206.54,206.54,206.47,206.48,-0.07,-0.03%,9976
"2024-08-14 13:21",206.52,206.61,206.52,206.55,0.04,+0.02%,9523
"2024-08-14 13:20",206.55,206.55,206.46,206.51,-0.04,-0.02%,6587
"2024-08-14 13:19",206.49,206.59,206.47,206.55,0.08,+0.04%,12203
"2024-08-14 13:18",206.515,206.515,206.42,206.47,-0.04,-0.02%,6345
"2024-08-14 13:17",206.59,206.59,206.48,206.51,-0.09,-0.04%,16588
"2024-08-14 13:16",206.5062,206.62,206.5,206.6,0.1,+0.05%,12464
"2024-08-14 13:15",206.35,206.5,206.35,206.5,0.16,+0.08%,15851
"2024-08-14 13:14",206.3,206.365,206.3,206.34,0.0227,+0.01%,12499
"2024-08-14 13:13",206.43,206.44,206.31,206.3173,-0.1227,-0.06%,7856
"2024-08-14 13:12",206.33,206.44,206.33,206.44,0.12,+0.06%,27161
"2024-08-14 13:11",206.34,206.38,206.2463,206.32,-0.03,-0.01%,36534
"2024-08-14 13:10",206.54,206.58,206.35,206.35,-0.19,-0.09%,29384
"2024-08-14 13:09",206.54,206.62,206.54,206.54,-0.01,0.00%,5950
"2024-08-14 13:08",206.63,206.65,206.53,206.55,-0.08,-0.04%,15590
"2024-08-14 13:07",206.58,206.65,206.54,206.63,0.05,+0.02%,13634
"2024-08-14 13:06",206.34,206.6,206.34,206.58,0.255,+0.12%,53018
"2024-08-14 13:05",206.24,206.35,206.2376,206.325,0.0827,+0.04%,7569
"2024-08-14 13:04",206.2,206.27,206.13,206.2423,0.0123,+0.01%,25900
"2024-08-14 13:03",206.26,206.33,206.19,206.23,-0.03,-0.01%,11666
"2024-08-14 13:02",206.21,206.27,206.15,206.26,0.03,+0.01%,27066
"2024-08-14 13:01",206.29,206.33,206.22,206.23,-0.07,-0.03%,17550
"2024-08-14 13:00",206.33,206.36,206.23,206.3,-0.05,-0.02%,20222
"2024-08-14 12:59",206.4,206.4186,206.34,206.35,-0.06,-0.03%,8672
"2024-08-14 12:58",206.33,206.44,206.33,206.41,0.09,+0.04%,17369
"2024-08-14 12:57",206.18,206.38,206.18,206.32,0.14,+0.07%,11331
"2024-08-14 12:56",206.22,206.265,206.18,206.18,-0.04,-0.02%,32936
"2024-08-14 12:55",206.29,206.31,206.19,206.22,-0.065,-0.03%,11579
"2024-08-14 12:54",206.17,206.32,206.17,206.285,0.115,+0.06%,24120
"2024-08-14 12:53",206.12,206.185,206.0801,206.17,0.02,+0.01%,10549
"2024-08-14 12:52",206.2,206.23,206.0828,206.15,-0.07,-0.03%,20821
"2024-08-14 12:51",206.115,206.23,206.07,206.22,0.11,+0.05%,13213
"2024-08-14 12:50",206,206.1597,205.995,206.11,0.12,+0.06%,18888
"2024-08-14 12:49",206,206.02,205.96,205.99,-0.0151,-0.01%,9895
"2024-08-14 12:48",206.13,206.16,205.98,206.0051,-0.1149,-0.06%,18328
"2024-08-14 12:47",206.06,206.14,205.98,206.12,0.04,+0.02%,40963
"2024-08-14 12:46",205.93,206.08,205.93,206.08,0.16,+0.08%,60923
"2024-08-14 12:45",205.84,205.95,205.74,205.92,0.09,+0.04%,81358
"2024-08-14 12:44",206.085,206.085,205.79,205.83,-0.27,-0.13%,44187
"2024-08-14 12:43",206.31,206.33,206.1,206.1,-0.21,-0.10%,20141
"2024-08-14 12:42",206.34,206.37,206.22,206.31,-0.03,-0.01%,51326
"2024-08-14 12:41",206.34,206.4,206.3,206.34,-0.02,-0.01%,23483
"2024-08-14 12:40",206.46,206.46,206.32,206.36,-0.09,-0.04%,17010
"2024-08-14 12:39",206.33,206.47,206.32,206.45,0.1635,+0.08%,12142
"2024-08-14 12:38",206.3503,206.39,206.265,206.2865,-0.0735,-0.04%,15624
"2024-08-14 12:37",206.3,206.37,206.295,206.36,0.07,+0.03%,15007
"2024-08-14 12:36",206.15,206.29,206.13,206.29,0.1664,+0.08%,15838
"2024-08-14 12:35",206.2,206.25,206.08,206.1236,-0.0564,-0.03%,32484
"2024-08-14 12:34",206.23,206.24,206.1,206.18,-0.05,-0.02%,15464
"2024-08-14 12:33",206.22,206.24,206.095,206.23,0.002,0.00%,19937
"2024-08-14 12:32",206.16,206.25,206.09,206.228,0.048,+0.02%,26658
"2024-08-14 12:31",206.09,206.3,206,206.18,0.07,+0.03%,37682
"2024-08-14 12:30",206.13,206.22,206.06,206.11,-0.04,-0.02%,25741
"2024-08-14 12:29",206.19,206.24,206.13,206.15,-0.04,-0.02%,15613
"2024-08-14 12:28",206.21,206.26,206.16,206.19,-0.04,-0.02%,34627
"2024-08-14 12:27",206.15,206.29,206.15,206.23,0.07,+0.03%,60597
"2024-08-14 12:26",205.92,206.16,205.88,206.16,0.24,+0.12%,46083
"2024-08-14 12:25",206.0828,206.13,205.84,205.92,-0.18,-0.09%,156051
"2024-08-14 12:24",206.09,206.15,205.97,206.1,0.02,+0.01%,107540
"2024-08-14 12:23",206.55,206.55,206,206.08,-0.48,-0.23%,148387
"2024-08-14 12:22",206.775,206.78,206.5,206.56,-0.22,-0.11%,67450
"2024-08-14 12:21",207.01,207.02,206.77,206.78,-0.21,-0.10%,30802
"2024-08-14 12:20",206.93,207.01,206.91,206.99,0.05,+0.02%,24488
"2024-08-14 12:19",206.98,207.05,206.92,206.94,-0.035,-0.02%,28743
"2024-08-14 12:18",206.95,207.0201,206.91,206.975,0.035,+0.02%,50673
"2024-08-14 12:17",207.1,207.1,206.94,206.94,-0.16,-0.08%,63033
"2024-08-14 12:16",207.27,207.27,207.05,207.1,-0.15,-0.07%,50852
"2024-08-14 12:15",207.29,207.38,207.25,207.25,-0.05,-0.02%,22294
"2024-08-14 12:14",207.42,207.42,207.27,207.3,-0.1,-0.05%,50501
"2024-08-14 12:13",207.54,207.56,207.395,207.4,-0.13,-0.06%,14803
"2024-08-14 12:12",207.46,207.53,207.46,207.53,0.07,+0.03%,5165
"2024-08-14 12:11",207.38,207.495,207.37,207.46,0.09,+0.04%,12741
"2024-08-14 12:10",207.41,207.42,207.31,207.37,-0.04,-0.02%,48265
"2024-08-14 12:09",207.41,207.4298,207.35,207.41,-0.01,0.00%,68513
"2024-08-14 12:08",207.5299,207.54,207.42,207.42,-0.1,-0.05%,28087
"2024-08-14 12:07",207.6001,207.64,207.52,207.52,-0.08,-0.04%,18970
"2024-08-14 12:06",207.48,207.61,207.47,207.6,0.13,+0.06%,17234
"2024-08-14 12:05",207.55,207.585,207.46,207.47,-0.08,-0.04%,38454
"2024-08-14 12:04",207.44,207.57,207.44,207.55,0.11,+0.05%,9628
"2024-08-14 12:03",207.5726,207.58,207.4101,207.44,-0.13,-0.06%,33032
"2024-08-14 12:02",207.57,207.61,207.57,207.57,0.02,+0.01%,7994
"2024-08-14 12:01",207.43,207.55,207.42,207.55,0.11,+0.05%,15754
"2024-08-14 12:00",207.55,207.55,207.42,207.44,-0.11,-0.05%,40821
"2024-08-14 11:59",207.44,207.57,207.4,207.55,0.1,+0.05%,24957
"2024-08-14 11:58",207.355,207.46,207.33,207.45,0.09,+0.04%,16067
"2024-08-14 11:57",207.41,207.46,207.34,207.36,-0.06,-0.03%,25177
"2024-08-14 11:56",207.4,207.43,207.37,207.42,0.03,+0.01%,11927
"2024-08-14 11:55",207.46,207.5,207.3701,207.39,-0.06,-0.03%,16757
"2024-08-14 11:54",207.48,207.54,207.44,207.45,-0.04,-0.02%,19977
"2024-08-14 11:53",207.52,207.55,207.47,207.49,-0.0301,-0.01%,31820
"2024-08-14 11:52",207.49,207.54,207.45,207.5201,0.0301,+0.01%,57047
"2024-08-14 11:51",207.358,207.5,207.35,207.49,0.14,+0.07%,69527
"2024-08-14 11:50",207.26,207.36,207.26,207.35,0.08,+0.04%,9244
"2024-08-14 11:49",207.29,207.33,207.24,207.27,-0.01,0.00%,24454
"2024-08-14 11:48",207.375,207.39,207.28,207.28,-0.09,-0.04%,23668
"2024-08-14 11:47",207.37,207.38,207.305,207.37,0.0028,0.00%,12240
"2024-08-14 11:46",207.36,207.4,207.34,207.3672,0.0122,+0.01%,28821
"2024-08-14 11:45",207.27,207.355,207.245,207.355,0.09,+0.04%,23413
"2024-08-14 11:44",207.28,207.35,207.265,207.265,-0.01,0.00%,15626
"2024-08-14 11:43",207.27,207.3,207.22,207.275,0.0039,0.00%,52522
"2024-08-14 11:42",207.39,207.395,207.2683,207.2711,-0.1379,-0.07%,13141
"2024-08-14 11:41",207.41,207.48,207.36,207.409,-0.0011,0.00%,51695
"2024-08-14 11:40",207.37,207.44,207.37,207.4101,0.0401,+0.02%,46971
"2024-08-14 11:39",207.29,207.4,207.27,207.37,0.115,+0.06%,30211
"2024-08-14 11:38",207.18,207.27,207.18,207.255,0.075,+0.04%,19946
"2024-08-14 11:37",207.21,207.24,207.15,207.18,-0.02,-0.01%,41111
"2024-08-14 11:36",207.24,207.29,207.15,207.2,-0.04,-0.02%,38971
"2024-08-14 11:35",207.28,207.48,207.22,207.24,0,0.00%,67288
"2024-08-14 11:34",207.21,207.33,207.205,207.24,0.05,+0.02%,105234
"2024-08-14 11:33",207.16,207.22,207.09,207.19,0.0401,+0.02%,68410
"2024-08-14 11:32",206.99,207.1499,206.98,207.1499,0.1799,+0.09%,16248
"2024-08-14 11:31",206.97,206.99,206.89,206.97,0,0.00%,23043
"2024-08-14 11:30",206.92,207.11,206.896,206.97,0.06,+0.03%,80123
"2024-08-14 11:29",206.83,206.91,206.814,206.91,0.09,+0.04%,12178
"2024-08-14 11:28",206.775,206.82,206.735,206.82,0.05,+0.02%,25940
"2024-08-14 11:27",206.76,206.79,206.725,206.77,0.02,+0.01%,11493
"2024-08-14 11:26",206.72,206.76,206.7,206.75,0.02,+0.01%,20142
"2024-08-14 11:25",206.62,206.73,206.62,206.73,0.13,+0.06%,14968
"2024-08-14 11:24",206.62,206.69,206.58,206.6,0,0.00%,38424
"2024-08-14 11:23",206.595,206.64,206.55,206.6,0.01,0.00%,31553
"2024-08-14 11:22",206.71,206.72,206.57,206.59,-0.08,-0.04%,47872
"2024-08-14 11:21",206.71,206.73,206.66,206.67,-0.05,-0.02%,18370
"2024-08-14 11:20",206.6,206.73,206.6,206.72,0.13,+0.06%,22413
"2024-08-14 11:19",206.5,206.595,206.5,206.59,0.1,+0.05%,9277
"2024-08-14 11:18",206.57,206.57,206.48,206.49,-0.1,-0.05%,12078
"2024-08-14 11:17",206.57,206.59,206.49,206.59,0.03,+0.01%,7562
"2024-08-14 11:16",206.4,206.56,206.34,206.56,0.13,+0.06%,20156
"2024-08-14 11:15",206.51,206.54,206.428,206.43,-0.0899,-0.04%,14204
"2024-08-14 11:14",206.6,206.64,206.495,206.5199,-0.0801,-0.04%,38719
"2024-08-14 11:13",206.42,206.63,206.42,206.6,0.187,+0.09%,11820
"2024-08-14 11:12",206.49,206.52,206.41,206.413,-0.0671,-0.03%,6533
"2024-08-14 11:11",206.45,206.57,206.44,206.4801,0.0201,+0.01%,16116
"2024-08-14 11:10",206.28,206.48,206.28,206.46,0.18,+0.09%,28492
"2024-08-14 11:09",206.36,206.39,206.2661,206.28,-0.09,-0.04%,42181
"2024-08-14 11:08",206.49,206.49,206.32,206.37,-0.11,-0.05%,17638
"2024-08-14 11:07",206.47,206.54,206.39,206.48,-0.01,0.00%,16733
"2024-08-14 11:06",206.62,206.62,206.49,206.49,-0.13,-0.06%,50542
"2024-08-14 11:05",206.66,206.73,206.51,206.62,-0.03,-0.01%,46965
"2024-08-14 11:04",206.565,206.7,206.55,206.65,0.08,+0.04%,83624
"2024-08-14 11:03",206.46,206.59,206.41,206.57,0.11,+0.05%,25900
"2024-08-14 11:02",206.48,206.51,206.44,206.46,-0.03,-0.01%,21804
"2024-08-14 11:01",206.43,206.55,206.43,206.49,0.05,+0.02%,40917
"2024-08-14 11:00",206.47,206.56,206.37,206.44,-0.02,-0.01%,32559
"2024-08-14 10:59",206.37,206.49,206.35,206.46,0.0679,+0.03%,35378
"2024-08-14 10:58",206.38,206.405,206.3201,206.3921,0.0321,+0.02%,19494
"2024-08-14 10:57",206.32,206.46,206.27,206.36,0.04,+0.02%,18779
"2024-08-14 10:56",206.43,206.58,206.31,206.32,-0.095,-0.05%,110781
"2024-08-14 10:55",206.25,206.43,206.19,206.415,0.165,+0.08%,43405
"2024-08-14 10:54",206.2,206.25,206.06,206.25,0.05,+0.02%,40575
"2024-08-14 10:53",206.11,206.22,206.09,206.2,0.07,+0.03%,44528
"2024-08-14 10:52",205.95,206.14,205.95,206.13,0.18,+0.09%,88294
"2024-08-14 10:51",206.14,206.14,205.94,205.95,-0.19,-0.09%,125759
"2024-08-14 10:50",206.32,206.37,206.13,206.14,-0.2,-0.10%,265561
"2024-08-14 10:49",206.07,206.35,206.07,206.34,0.29,+0.14%,60354
"2024-08-14 10:48",206.25,206.25,206.05,206.05,-0.2,-0.10%,29615
"2024-08-14 10:47",206.1,206.27,206.09,206.25,0.18,+0.09%,29588
"2024-08-14 10:46",206.06,206.115,206.03,206.07,0.02,+0.01%,33538
"2024-08-14 10:45",206.04,206.24,206.005,206.05,0.01,0.00%,64996
"2024-08-14 10:44",206.09,206.16,206.02,206.04,-0.06,-0.03%,34491
"2024-08-14 10:43",206.231,206.28,206.07,206.1,-0.16,-0.08%,45232
"2024-08-14 10:42",206.495,206.5,206.24,206.26,-0.21,-0.10%,52268
"2024-08-14 10:41",206.515,206.61,206.47,206.47,-0.03,-0.01%,66880
"2024-08-14 10:40",206.22,206.52,206.22,206.5,0.27,+0.13%,75962
"2024-08-14 10:39",206.23,206.25,206.14,206.23,-0.01,0.00%,42764
"2024-08-14 10:38",206.13,206.24,206.015,206.24,0.12,+0.06%,77912
"2024-08-14 10:37",206.2,206.3,206.12,206.12,-0.075,-0.04%,45903
"2024-08-14 10:36",206.02,206.2637,206.02,206.195,0.155,+0.08%,63441
"2024-08-14 10:35",205.84,206.07,205.84,206.04,0.19,+0.09%,54705
"2024-08-14 10:34",206.18,206.19,205.83,205.85,-0.34,-0.16%,102196
"2024-08-14 10:33",206.35,206.43,206.19,206.19,-0.16,-0.08%,30678
"2024-08-14 10:32",206.52,206.565,206.33,206.35,-0.1501,-0.07%,71599
"2024-08-14 10:31",206.64,206.695,206.5001,206.5001,-0.1399,-0.07%,45895
"2024-08-14 10:30",206.8,206.87,206.64,206.64,-0.14,-0.07%,24407
"2024-08-14 10:29",206.71,206.87,206.71,206.78,0.075,+0.04%,29541
"2024-08-14 10:28",206.855,206.95,206.68,206.705,-0.125,-0.06%,29157
"2024-08-14 10:27",206.65,206.83,206.56,206.83,0.16,+0.08%,37222
"2024-08-14 10:26",206.87,206.9,206.64,206.67,-0.19,-0.09%,54594
"2024-08-14 10:25",206.74,206.88,206.68,206.86,0.11,+0.05%,57811
"2024-08-14 10:24",206.87,206.8801,206.705,206.75,-0.14,-0.07%,35856
"2024-08-14 10:23",206.6464,206.9,206.6464,206.89,0.2747,+0.13%,54045
"2024-08-14 10:22",206.54,206.68,206.54,206.6153,0.0953,+0.05%,45629
"2024-08-14 10:21",206.46,206.55,206.27,206.52,0.07,+0.03%,49754
"2024-08-14 10:20",206.52,206.58,206.42,206.45,-0.03,-0.01%,27262
"2024-08-14 10:19",206.55,206.5605,206.4,206.48,-0.06,-0.03%,42284
"2024-08-14 10:18",206.34,206.55,206.3,206.54,0.2,+0.10%,43881
"2024-08-14 10:17",206.34,206.48,206.33,206.34,-0.07,-0.03%,28506
"2024-08-14 10:16",206.3821,206.5,206.33,206.41,0.03,+0.01%,24285
"2024-08-14 10:15",206.3,206.38,206.23,206.38,0.1,+0.05%,29254
"2024-08-14 10:14",206.26,206.46,206.24,206.28,0.02,+0.01%,40380
"2024-08-14 10:13",206.28,206.42,206.25,206.26,0.02,+0.01%,25448
"2024-08-14 10:12",206.295,206.39,206.19,206.24,-0.04,-0.02%,67456
"2024-08-14 10:11",206.55,206.55,206.27,206.28,-0.27,-0.13%,27339
"2024-08-14 10:10",206.55,206.62,206.43,206.55,-0.02,-0.01%,27161
"2024-08-14 10:09",206.35,206.61,206.25,206.57,0.1975,+0.10%,55611
"2024-08-14 10:08",206.3,206.54,206.3,206.3725,0.0825,+0.04%,74450
"2024-08-14 10:07",206.38,206.45,206.2,206.29,-0.1,-0.05%,41560
"2024-08-14 10:06",206.36,206.6199,206.35,206.39,0.02,+0.01%,29586
"2024-08-14 10:05",206.7,206.73,206.36,206.37,-0.34,-0.16%,38902
"2024-08-14 10:04",206.54,206.75,206.4851,206.71,0.18,+0.09%,33419
"2024-08-14 10:03",206.71,206.71,206.45,206.53,-0.21,-0.10%,39172
"2024-08-14 10:02",206.49,206.77,206.42,206.74,0.27,+0.13%,102923
"2024-08-14 10:01",206.54,206.55,206.32,206.47,-0.07,-0.03%,92751
"2024-08-14 10:00",206.65,206.67,206.32,206.54,-0.0701,-0.03%,99479
"2024-08-14 09:59",206.79,206.83,206.53,206.6101,-0.1699,-0.08%,34369
"2024-08-14 09:58",206.68,206.82,206.67,206.78,0.06,+0.03%,40797
"2024-08-14 09:57",206.68,206.8,206.55,206.72,0.05,+0.02%,93469
"2024-08-14 09:56",206.47,206.8,206.46,206.67,0.22,+0.11%,119629
"2024-08-14 09:55",206.74,206.81,206.45,206.45,-0.27,-0.13%,76813
"2024-08-14 09:54",207,207,206.68,206.72,-0.3,-0.14%,191575
"2024-08-14 09:53",207.04,207.2,207.02,207.02,-0.01,0.00%,77152
"2024-08-14 09:52",207.05,207.12,206.87,207.03,0,0.00%,108533
"2024-08-14 09:51",207.25,207.32,207.01,207.03,-0.22,-0.11%,106597
"2024-08-14 09:50",207.53,207.69,207.24,207.25,-0.255,-0.12%,68309
"2024-08-14 09:49",207.35,207.5499,207.34,207.505,0.125,+0.06%,39304
"2024-08-14 09:48",207.53,207.56,207.35,207.38,-0.21,-0.10%,44517
"2024-08-14 09:47",207.47,207.75,207.21,207.59,0.14,+0.07%,131823
"2024-08-14 09:46",207.77,207.81,207.38,207.45,-0.33,-0.16%,85002
"2024-08-14 09:45",207.34,207.8,207.3,207.78,0.43,+0.21%,119403
"2024-08-14 09:44",207.445,207.58,207.31,207.35,-0.105,-0.05%,77436
"2024-08-14 09:43",207.491,207.57,207.28,207.455,-0.05,-0.02%,147364
"2024-08-14 09:42",207.87,207.87,207.31,207.505,-0.405,-0.19%,120831
"2024-08-14 09:41",207.945,208.01,207.72,207.91,-0.005,0.00%,134038
"2024-08-14 09:40",208.14,208.17,207.915,207.915,-0.245,-0.12%,129653
"2024-08-14 09:39",208.31,208.31,208.005,208.16,-0.16,-0.08%,74996
"2024-08-14 09:38",208.09,208.39,208.039,208.32,0.2399,+0.12%,103541
"2024-08-14 09:37",208.13,208.15,207.91,208.0801,-0.0499,-0.02%,51588
"2024-08-14 09:36",208.19,208.19,208.03,208.13,-0.05,-0.02%,117805
"2024-08-14 09:35",207.78,208.25,207.62,208.18,0.39,+0.19%,207186
"2024-08-14 09:34",208.24,208.28,207.78,207.79,-0.47,-0.23%,163319
"2024-08-14 09:33",208.4301,208.53,208.08,208.26,-0.17,-0.08%,106821
"2024-08-14 09:32",208.41,208.73,208.41,208.43,-0.01,0.00%,189461
"2024-08-14 09:31",208.7,208.75,208.44,208.44,-0.26,-0.12%,99005
"2024-08-14 09:30",208.63,208.75,208.39,208.7,0.1,+0.05%,268333
"2024-08-14 09:29",208.31,208.6,208.31,208.6,0.28,+0.13%,2355
"2024-08-14 09:28",208.46,208.47,208.31,208.32,-0.14,-0.07%,7232
"2024-08-14 09:27",208.41,208.48,208.41,208.46,0.01,0.00%,1800
"2024-08-14 09:26",208.37,208.45,208.33,208.45,-0.03,-0.01%,8160
"2024-08-14 09:25",208.56,208.57,208.43,208.48,-0.07,-0.03%,2432
"2024-08-14 09:24",208.41,208.6,208.3401,208.55,0.07,+0.03%,4942
"2024-08-14 09:23",208.58,208.58,208.48,208.48,-0.18,-0.09%,900
"2024-08-14 09:22",208.71,208.71,208.66,208.66,0.01,0.00%,1249
"2024-08-14 09:21",208.68,208.68,208.61,208.65,0.03,+0.01%,10195
"2024-08-14 09:20",208.77,208.77,208.55,208.62,-0.07,-0.03%,16745
"2024-08-14 09:19",208.73,208.79,208.66,208.69,-0.03,-0.01%,7610
"2024-08-14 09:18",208.66,208.72,208.62,208.72,0.13,+0.06%,1853
"2024-08-14 09:17",208.64,208.8,208.59,208.59,-0.03,-0.01%,21802
"2024-08-14 09:16",208.52,208.62,208.45,208.62,0.05,+0.02%,12959
"2024-08-14 09:15",208.57,208.69,208.52,208.57,-0.02,-0.01%,3416
"2024-08-14 09:14",208.65,208.66,208.54,208.59,-0.04,-0.02%,5551
"2024-08-14 09:13",208.78,208.78,208.47,208.63,-0.18,-0.09%,14382
"2024-08-14 09:12",208.83,208.83,208.8,208.81,-0.15,-0.07%,2710
"2024-08-14 09:11",208.79,209,208.79,208.96,0.21,+0.10%,5903
"2024-08-14 09:10",208.8,208.84,208.75,208.75,-0.05,-0.02%,10847
"2024-08-14 09:09",208.79,208.86,208.78,208.8,0,0.00%,7870
"2024-08-14 09:08",208.97,208.97,208.77,208.8,-0.16,-0.08%,7463
"2024-08-14 09:07",209.23,209.3,208.96,208.96,-0.28,-0.13%,16719
"2024-08-14 09:06",209.12,209.25,209.11,209.24,0.42,+0.20%,3940
"2024-08-14 09:05",208.85,208.94,208.82,208.82,-0.03,-0.01%,15490
"2024-08-14 09:04",208.9,208.9,208.82,208.85,-0.11,-0.05%,4930
"2024-08-14 09:03",209.05,209.05,208.9,208.96,-0.17,-0.08%,13844
"2024-08-14 09:02",209.05,209.22,209.05,209.13,0.11,+0.05%,7327
"2024-08-14 09:01",208.85,209.02,208.806,209.02,0.19,+0.09%,4369
"2024-08-14 09:00",208.8,208.9,208.74,208.83,-0.02,-0.01%,8362
"2024-08-14 08:59",208.86,208.92,208.8,208.85,-0.01,0.00%,4617
"2024-08-14 08:58",208.76,208.9,208.72,208.86,0.19,+0.09%,13031
"2024-08-14 08:57",209.06,209.06,208.64,208.67,-0.32,-0.15%,4849
"2024-08-14 08:56",209.02,209.07,208.88,208.99,-0.03,-0.01%,6027
"2024-08-14 08:55",209.05,209.05,208.97,209.02,0.02,+0.01%,3501
"2024-08-14 08:54",208.95,209.03,208.91,209,-0.01,0.00%,14220
"2024-08-14 08:53",208.99,209.09,208.95,209.01,0.27,+0.13%,22804
"2024-08-14 08:52",208.87,209,208.66,208.74,-0.09,-0.04%,3445
"2024-08-14 08:51",209.32,209.32,208.79,208.83,-0.44,-0.21%,37066
"2024-08-14 08:50",209.48,209.48,209.11,209.27,-0.24,-0.11%,5555
"2024-08-14 08:49",209.75,209.84,209.38,209.51,-0.28,-0.13%,8099
"2024-08-14 08:48",210.07,210.21,209.71,209.79,-0.19,-0.09%,6087
"2024-08-14 08:47",210.08,210.08,209.69,209.98,-0.13,-0.06%,16937
"2024-08-14 08:46",209.7,210.18,209.7,210.11,0.5,+0.24%,36877
"2024-08-14 08:45",209.38,209.67,209.38,209.61,0.23,+0.11%,6164
"2024-08-14 08:44",209.3,209.44,209.14,209.38,0.19,+0.09%,35301
"2024-08-14 08:43",208.8,209.22,208.8,209.19,0.34,+0.16%,10256
"2024-08-14 08:42",208.49,208.88,208.45,208.85,0.45,+0.22%,12323
"2024-08-14 08:41",208.48,208.76,208.36,208.4,0.189,+0.09%,39829
"2024-08-14 08:40",209.05,209.06,208.15,208.211,-0.889,-0.43%,17838
"2024-08-14 08:39",209.32,209.38,209.07,209.1,-0.28,-0.13%,30781
"2024-08-14 08:38",209.16,209.4,209.1,209.38,0.27,+0.13%,26091
"2024-08-14 08:37",208.64,209.11,208.64,209.11,0.36,+0.17%,19618
"2024-08-14 08:36",208.25,209.11,208.2,208.75,0.64,+0.31%,83812
"2024-08-14 08:35",208.72,208.76,208.01,208.11,-0.59,-0.28%,41811
"2024-08-14 08:34",209.27,209.46,208.7,208.7,-0.51,-0.24%,35478
"2024-08-14 08:33",208.6,209.35,208.47,209.21,0.75,+0.36%,32461
"2024-08-14 08:32",209.92,210.3,208.36,208.46,-1.54,-0.73%,82488
"2024-08-14 08:31",211.25,211.35,209.89,210,-1.32,-0.62%,133883
"2024-08-14 08:30",209.8,211.46,207.29,211.32,2.06,+0.98%,381047
"2024-08-14 08:29",209.44,209.9,209.26,209.26,-0.24,-0.11%,34474
"2024-08-14 08:28",209.33,209.6,209.33,209.5,0.1,+0.05%,37039
"2024-08-14 08:27",209.35,209.4,209.35,209.4,0.03,+0.01%,1000
"2024-08-14 08:26",209.43,209.43,209.37,209.37,0.12,+0.06%,5085
"2024-08-14 08:25",209.3,209.34,209.22,209.25,-0.08,-0.04%,8209
"2024-08-14 08:24",209.3,209.39,209.28,209.33,0.21,+0.10%,11190
"2024-08-14 08:23",209.1,209.12,209.04,209.12,0.04,+0.02%,3700
"2024-08-14 08:22",209.3,209.3,209.08,209.08,-0.19,-0.09%,3533
"2024-08-14 08:21",209.36,209.429,209.27,209.27,-0.19,-0.09%,2808
"2024-08-14 08:20",209.6,209.6,209.45,209.46,-0.14,-0.07%,2900
"2024-08-14 08:19",209.56,209.6,209.51,209.6,0.06,+0.03%,668
"2024-08-14 08:18",209.67,209.67,209.54,209.54,-0.17,-0.08%,2340
"2024-08-14 08:17",209.63,209.72,209.62,209.71,0.06,+0.03%,2165
"2024-08-14 08:16",209.6,209.65,209.6,209.65,0.14,+0.07%,2769
"2024-08-14 08:15",209.57,209.57,209.46,209.51,-0.001,0.00%,1468
"2024-08-14 08:14",209.57,209.6,209.48,209.511,-0.059,-0.03%,13400
"2024-08-14 08:13",209.6,209.64,209.57,209.57,0,0.00%,1534
"2024-08-14 08:12",209.57,209.63,209.53,209.57,-0.01,0.00%,15781
"2024-08-14 08:11",209.53,209.58,209.53,209.58,0.05,+0.02%,1000
"2024-08-14 08:10",209.5,209.56,209.5,209.53,-0.04,-0.02%,12383
"2024-08-14 08:09",209.5496,209.57,209.5,209.57,0.09,+0.04%,700
"2024-08-14 08:08",209.41,209.54,209.41,209.48,0.08,+0.04%,7347
"2024-08-14 08:07",209.4,209.4,209.4,209.4,0.02,+0.01%,3846
"2024-08-14 08:06",209.47,209.47,209.35,209.38,-0.02,-0.01%,2049
"2024-08-14 08:05",209.36,209.409,209.35,209.4,0.07,+0.03%,34635
"2024-08-14 08:04",209.31,209.33,209.28,209.33,0.04,+0.02%,1008
"2024-08-14 08:03",209.29,209.36,209.28,209.29,-0.01,0.00%,2261
"2024-08-14 08:02",209.26,209.3,209.24,209.3,0.08,+0.04%,900
"2024-08-14 08:01",207.8,209.25,207.8,209.22,-0.03,-0.01%,3890
"2024-08-14 08:00",208.8219,209.46,208.5004,209.25,-0.11,-0.05%,15914
"2024-08-14 07:59",209.35,209.41,209.35,209.36,0.01,0.00%,4732
"2024-08-14 07:58",209.47,209.49,209.35,209.35,-0.11,-0.05%,6795
"2024-08-14 07:57",209.33,209.46,209.3,209.46,0.16,+0.08%,2550
"2024-08-14 07:56",209.17,209.3,209.11,209.3,0.18,+0.09%,61061
"2024-08-14 07:55",209.08,209.12,209.08,209.12,0.04,+0.02%,400
"2024-08-14 07:54",209.07,209.09,209.07,209.08,-0.06,-0.03%,1190
"2024-08-14 07:52",209.1,209.14,209.09,209.14,0.1,+0.05%,21959
"2024-08-14 07:51",209.04,209.04,209.04,209.04,0.09,+0.04%,249
"2024-08-14 07:50",208.95,208.95,208.95,208.95,-0.03,-0.01%,1000
"2024-08-14 07:49",208.98,208.98,208.98,208.98,-0.01,0.00%,500
"2024-08-14 07:48",208.94,208.99,208.94,208.99,-0.02,-0.01%,600
"2024-08-14 07:47",209.01,209.01,209.01,209.01,0.07,+0.03%,200
"2024-08-14 07:45",208.99,208.99,208.94,208.94,-0.07,-0.03%,829
"2024-08-14 07:44",208.98,209.01,208.98,209.01,0.17,+0.08%,12000
"2024-08-14 07:39",208.82,208.84,208.82,208.84,0,0.00%,479
"2024-08-14 07:38",208.84,208.84,208.84,208.84,0.02,+0.01%,107
"2024-08-14 07:37",208.82,208.82,208.82,208.82,0.13,+0.06%,100
"2024-08-14 07:35",208.69,208.69,208.69,208.69,-0.05,-0.02%,2000
"2024-08-14 07:34",208.74,208.74,208.74,208.74,-0.14,-0.07%,326
"2024-08-14 07:31",208.88,208.88,208.88,208.88,0.04,+0.02%,110
"2024-08-14 07:29",208.85,208.85,208.84,208.84,-0.16,-0.08%,2159
"2024-08-14 07:28",208.95,209,208.95,209,0.09,+0.04%,1373
"2024-08-14 07:27",208.89,208.91,208.89,208.91,0.074,+0.04%,2050
"2024-08-14 07:26",208.841,208.841,208.836,208.836,0.006,0.00%,500
"2024-08-14 07:25",208.83,208.83,208.83,208.83,0.03,+0.01%,1000
"2024-08-14 07:23",208.77,208.8,208.77,208.8,0.11,+0.05%,2840
"2024-08-14 07:22",208.75,208.75,208.69,208.69,0,0.00%,440
"2024-08-14 07:21",208.75,208.75,208.69,208.69,-0.01,0.00%,13687
"2024-08-14 07:20",208.814,208.814,208.7,208.7,-0.11,-0.05%,430
"2024-08-14 07:19",208.76,208.81,208.76,208.81,0.12,+0.06%,300
"2024-08-14 07:17",208.69,208.69,208.69,208.69,0.07,+0.03%,43873
"2024-08-14 07:16",208.62,208.62,208.62,208.62,-0.03,-0.01%,2936
"2024-08-14 07:15",208.65,208.65,208.65,208.65,-0.05,-0.02%,5689
"2024-08-14 07:14",208.7,208.7,208.65,208.7,0.05,+0.02%,1200
"2024-08-14 07:13",208.74,208.74,208.65,208.65,-0.08,-0.04%,2600
"2024-08-14 07:11",208.7,208.73,208.7,208.73,0.04,+0.02%,200
"2024-08-14 07:10",208.78,208.78,208.69,208.69,-0.07,-0.03%,30452
"2024-08-14 07:09",208.8,208.8,208.76,208.76,-0.09,-0.04%,725
"2024-08-14 07:08",208.9,208.9,208.85,208.85,-0.05,-0.02%,1200
"2024-08-14 07:07",208.86,208.9,208.86,208.9,0.02,+0.01%,400
"2024-08-14 07:06",208.86,208.88,208.86,208.88,-0.03,-0.01%,500
"2024-08-14 07:05",208.9,208.91,208.87,208.91,0.01,0.00%,3600
"2024-08-14 07:04",208.9,208.9,208.9,208.9,-0.05,-0.02%,687
"2024-08-14 07:03",208.98,208.98,208.95,208.95,-0.09,-0.04%,1350
"2024-08-14 07:02",209.04,209.04,209.04,209.04,-0.07,-0.03%,300
"2024-08-14 07:01",209.11,209.11,209.11,209.11,0.03,+0.01%,100
"2024-08-14 07:00",209.07,209.1,209.07,209.08,0,0.00%,2912
"2024-08-14 06:59",209.08,209.08,209.08,209.08,0.11,+0.05%,800
"2024-08-14 06:57",208.97,208.97,208.97,208.97,-0.04,-0.02%,1000
"2024-08-14 06:56",208.98,209.01,208.96,209.01,0.03,+0.01%,700
"2024-08-14 06:55",209.02,209.02,208.98,208.98,-0.04,-0.02%,200
"2024-08-14 06:51",209.02,209.02,209.02,209.02,0,0.00%,200
"2024-08-14 06:49",209.02,209.02,209.02,209.02,0.02,+0.01%,2000
"2024-08-14 06:48",209.08,209.08,209,209,-0.06,-0.03%,13389
"2024-08-14 06:47",208.95,209.06,208.91,209.06,0.03,+0.01%,1249
"2024-08-14 06:46",208.97,209.03,208.97,209.03,0.04,+0.02%,505
"2024-08-14 06:44",208.91,208.99,208.91,208.99,0.03,+0.01%,219
"2024-08-14 06:43",208.96,208.97,208.96,208.96,0.05,+0.02%,1000
"2024-08-14 06:42",208.9,208.91,208.9,208.91,0.07,+0.03%,443
"2024-08-14 06:41",208.84,208.84,208.84,208.84,-0.01,0.00%,200
"2024-08-14 06:40",208.85,208.85,208.85,208.85,0.02,+0.01%,1000
"2024-08-14 06:39",208.75,208.83,208.75,208.83,0.04,+0.02%,34095
"2024-08-14 06:38",208.79,208.79,208.79,208.79,0.04,+0.02%,100
"2024-08-14 06:36",208.75,208.75,208.75,208.75,0.08,+0.04%,206
"2024-08-14 06:34",208.67,208.67,208.67,208.67,-0.07,-0.03%,153
"2024-08-14 06:32",208.66,208.74,208.66,208.74,0.03,+0.01%,400
"2024-08-14 06:29",208.71,208.71,208.71,208.71,0.03,+0.01%,100
"2024-08-14 06:26",208.68,208.69,208.68,208.68,0.16,+0.08%,400
"2024-08-14 06:23",208.52,208.52,208.52,208.52,0.01,0.00%,500
"2024-08-14 06:22",208.51,208.51,208.51,208.51,0.01,0.00%,1000
"2024-08-14 06:21",208.5,208.5,208.5,208.5,0.1,+0.05%,2200
"2024-08-14 06:20",208.4,208.4,208.4,208.4,-0.03,-0.01%,30623
"2024-08-14 06:19",208.4,208.43,208.4,208.43,0.01,0.00%,2134
"2024-08-14 06:17",208.42,208.42,208.42,208.42,-0.08,-0.04%,200
"2024-08-14 06:15",208.5,208.5,208.5,208.5,0,0.00%,500
"2024-08-14 06:12",208.52,208.52,208.5,208.5,-0.03,-0.01%,306
"2024-08-14 06:10",208.52,208.53,208.52,208.53,0.03,+0.01%,300
"2024-08-14 06:09",208.5,208.5,208.5,208.5,-0.01,0.00%,870
"2024-08-14 06:08",208.51,208.51,208.51,208.51,0.02,+0.01%,100
"2024-08-14 06:03",208.49,208.49,208.49,208.49,-0.03,-0.01%,300
"2024-08-14 06:01",208.52,208.52,208.52,208.52,0.07,+0.03%,128
"2024-08-14 05:55",208.45,208.45,208.45,208.45,-0.1,-0.05%,100
"2024-08-14 05:54",208.55,208.55,208.55,208.55,-0.05,-0.02%,100
"2024-08-14 05:49",208.59,208.6,208.59,208.6,0.08,+0.04%,938
"2024-08-14 05:46",208.52,208.52,208.52,208.52,0.07,+0.03%,100
"2024-08-14 05:36",208.46,208.46,208.45,208.45,-0.03,-0.01%,874
"2024-08-14 05:33",208.48,208.48,208.48,208.48,0,0.00%,120
"2024-08-14 05:31",208.48,208.48,208.48,208.48,-0.04,-0.02%,100
"2024-08-14 05:22",208.51,208.52,208.51,208.52,0.05,+0.02%,600
"2024-08-14 05:21",208.47,208.47,208.47,208.47,0.1,+0.05%,220
"2024-08-14 05:20",208.37,208.37,208.37,208.37,0.15,+0.07%,200
"2024-08-14 05:11",208.22,208.22,208.22,208.22,0.03,+0.01%,100
"2024-08-14 05:10",208.19,208.19,208.19,208.19,0.06,+0.03%,100
"2024-08-14 05:07",208.13,208.13,208.13,208.13,-0.02,-0.01%,100
"2024-08-14 05:06",208.15,208.15,208.15,208.15,0.03,+0.01%,100
"2024-08-14 05:04",208.12,208.12,208.12,208.12,-0.08,-0.04%,100
"2024-08-14 04:59",208.21,208.21,208.18,208.2,0,0.00%,300
"2024-08-14 04:58",208.2,208.2,208.2,208.2,-0.01,0.00%,100
"2024-08-14 04:57",208.21,208.21,208.21,208.21,0.03,+0.01%,100
"2024-08-14 04:56",208.18,208.18,208.18,208.18,0.04,+0.02%,100
"2024-08-14 04:55",208.14,208.14,208.14,208.14,-0.02,-0.01%,100
"2024-08-14 04:53",208.16,208.16,208.16,208.16,0.07,+0.03%,100
"2024-08-14 04:42",208.09,208.09,208.09,208.09,-0.08,-0.04%,600
"2024-08-14 04:41",208.14,208.17,208.14,208.17,0.1,+0.05%,200
"2024-08-14 04:39",208.07,208.07,208.07,208.07,-0.09,-0.04%,156
"2024-08-14 04:38",208.16,208.16,208.16,208.16,-0.05,-0.02%,100
"2024-08-14 04:35",208.2,208.21,208.2,208.21,-0.04,-0.02%,325
"2024-08-14 04:34",208.31,208.31,208.25,208.25,0.05,+0.02%,700
"2024-08-14 04:29",208.23,208.23,208.2,208.2,-0.02,-0.01%,2200
"2024-08-14 04:28",208.21,208.22,208.21,208.22,0.02,+0.01%,300
"2024-08-14 04:27",208.2,208.2,208.2,208.2,0.03,+0.01%,200
"2024-08-14 04:24",208.21,208.21,208.17,208.17,-0.04,-0.02%,1100
"2024-08-14 04:23",208.21,208.21,208.21,208.21,0.09,+0.04%,100
"2024-08-14 04:22",208.12,208.12,208.12,208.12,0.04,+0.02%,100
"2024-08-14 04:14",208.08,208.08,208.08,208.08,0.02,+0.01%,240
"2024-08-14 04:11",208.06,208.06,208.06,208.06,0.02,+0.01%,327
"2024-08-14 04:09",208.03,208.04,208.03,208.04,0.02,+0.01%,637
"2024-08-14 04:08",208.02,208.02,208.02,208.02,-0.08,-0.04%,500
"2024-08-14 04:07",208.1,208.1,208.1,208.1,0.02,+0.01%,681
"2024-08-14 04:06",208.05,208.08,208.05,208.08,0.01,0.00%,600
"2024-08-14 04:05",208.07,208.07,208.07,208.07,0.06,+0.03%,254
"2024-08-14 04:04",208.14,208.14,208.01,208.01,-0.13,-0.06%,1134
"2024-08-14 04:03",208.17,208.17,208.14,208.14,0.05,+0.02%,244
"2024-08-14 04:02",208.09,208.09,208.09,208.09,0.02,+0.01%,140
"2024-08-14 04:01",208.09,208.11,208.07,208.07,0.17,+0.08%,1147
"2024-08-13 19:59",207.9,207.9,207.9,207.9,0.04,+0.02%,200
"2024-08-13 19:56",207.86,207.86,207.86,207.86,0.06,+0.03%,500
"2024-08-13 19:55",207.8,207.8,207.8,207.8,0.0007,0.00%,200
"2024-08-13 19:54",207.7993,207.7993,207.7993,207.7993,0.0293,+0.01%,100
"2024-08-13 19:53",207.77,207.77,207.77,207.77,-0.04,-0.02%,420
"2024-08-13 19:52",207.81,207.81,207.81,207.81,0.01,0.00%,450
"2024-08-13 19:51",207.81,207.81,207.8,207.8,-0.07,-0.03%,720
"2024-08-13 19:49",207.87,207.87,207.87,207.87,0.02,+0.01%,189
"2024-08-13 19:42",207.83,207.85,207.83,207.85,0.07,+0.03%,19985
"2024-08-13 19:41",207.75,207.78,207.7499,207.78,0.03,+0.01%,5190
"2024-08-13 19:40",207.76,207.76,207.75,207.75,-0.07,-0.03%,500
"2024-08-13 19:37",207.82,207.82,207.82,207.82,-0.01,0.00%,121
"2024-08-13 19:35",207.83,207.83,207.83,207.83,0,0.00%,121
"2024-08-13 19:19",207.83,207.83,207.83,207.83,0.08,+0.04%,100
"2024-08-13 19:03",207.76,207.76,207.75,207.75,-0.009,0.00%,300
"2024-08-13 19:00",207.75,207.76,207.75,207.759,0.009,0.00%,526
"2024-08-13 18:59",207.75,207.75,207.75,207.75,0,0.00%,500
"2024-08-13 18:57",207.75,207.75,207.75,207.75,-0.02,-0.01%,500
"2024-08-13 18:56",207.77,207.77,207.77,207.77,0.02,+0.01%,124
"2024-08-13 18:55",207.75,207.75,207.75,207.75,-0.05,-0.02%,200
"2024-08-13 18:49",207.8,207.8,207.8,207.8,0.01,0.00%,102
"2024-08-13 18:46",207.79,207.79,207.79,207.79,0.08,+0.04%,100
"2024-08-13 18:40",207.71,207.71,207.71,207.71,0,0.00%,190
"2024-08-13 18:39",207.71,207.71,207.71,207.71,-0.08,-0.04%,100
"2024-08-13 18:38",207.72,207.79,207.72,207.79,0.01,0.00%,613
"2024-08-13 18:32",207.78,207.78,207.78,207.78,0.04,+0.02%,147
"2024-08-13 18:31",207.74,207.74,207.74,207.74,-0.08,-0.04%,100
"2024-08-13 18:24",207.82,207.82,207.82,207.82,0.11,+0.05%,200
"2024-08-13 18:21",207.7,207.71,207.7,207.71,-0.05,-0.02%,950
"2024-08-13 18:19",207.76,207.76,207.76,207.76,-0.189,-0.09%,900
"2024-08-13 18:15",207.949,207.949,207.949,207.949,0.029,+0.01%,320
"2024-08-13 18:09",207.92,207.92,207.92,207.92,0.03,+0.01%,150
"2024-08-13 18:07",207.91,207.91,207.89,207.89,-0.02,-0.01%,1612
"2024-08-13 18:03",207.91,207.91,207.91,207.91,0.02,+0.01%,100
"2024-08-13 18:02",207.9,207.97,207.88,207.89,0.08,+0.04%,3541
"2024-08-13 18:01",207.81,207.81,207.81,207.81,0.12,+0.06%,5600
"2024-08-13 17:56",207.69,207.69,207.69,207.69,-0.02,-0.01%,100
"2024-08-13 17:54",207.71,207.71,207.71,207.71,0.024,+0.01%,151
"2024-08-13 17:53",207.686,207.686,207.686,207.686,-0.014,-0.01%,200
"2024-08-13 17:52",207.7,207.7,207.7,207.7,-0.02,-0.01%,100
"2024-08-13 17:49",207.72,207.72,207.72,207.72,0.1024,+0.05%,100
"2024-08-13 17:48",207.6176,207.6176,207.6176,207.6176,-0.0824,-0.04%,300
"2024-08-13 17:46",207.7,207.7,207.7,207.7,-0.04,-0.02%,138
"2024-08-13 17:42",207.74,207.74,207.74,207.74,-0.06,-0.03%,500
"2024-08-13 17:41",207.8,207.8,207.8,207.8,0.06,+0.03%,343
"2024-08-13 17:37",207.74,207.74,207.74,207.74,0.04,+0.02%,170
"2024-08-13 17:27",207.7,207.7,207.7,207.7,-0.03,-0.01%,1300
"2024-08-13 17:26",207.73,207.73,207.7,207.73,0.02,+0.01%,555
"2024-08-13 17:21",207.71,207.71,207.71,207.71,-0.04,-0.02%,100
"2024-08-13 17:19",207.73,207.75,207.73,207.75,0.02,+0.01%,5088
"2024-08-13 17:18",207.73,207.73,207.73,207.73,0.06,+0.03%,200
"2024-08-13 17:16",207.681,207.681,207.67,207.67,-0.04,-0.02%,2122
"2024-08-13 17:14",207.68,207.71,207.65,207.71,0.02,+0.01%,627
"2024-08-13 17:11",207.74,207.74,207.68,207.69,0.01,0.00%,525
"2024-08-13 17:10",207.68,207.68,207.68,207.68,0,0.00%,1500
"2024-08-13 17:09",207.68,207.68,207.68,207.68,0,0.00%,105
"2024-08-13 17:05",207.74,207.74,207.68,207.68,-0.08,-0.04%,500
"2024-08-13 17:04",207.76,207.76,207.76,207.76,0.1,+0.05%,200
"2024-08-13 17:03",207.66,207.66,207.66,207.66,-0.0009,0.00%,100
"2024-08-13 17:02",207.6609,207.6609,207.6609,207.6609,-0.0791,-0.04%,100
"2024-08-13 16:57",207.74,207.74,207.74,207.74,-0.03,-0.01%,200
"2024-08-13 16:56",207.77,207.77,207.77,207.77,0.13,+0.06%,100
"2024-08-13 16:54",207.68,207.69,207.64,207.64,-0.04,-0.02%,2604
"2024-08-13 16:53",207.6897,207.6897,207.68,207.68,0.09,+0.04%,300
"2024-08-13 16:50",207.97,207.97,207.57,207.59,0.01,0.00%,3928
"2024-08-13 16:49",207.6,207.6,207.56,207.58,-0.01,0.00%,2900
"2024-08-13 16:48",207.63,207.64,207.59,207.59,-0.02,-0.01%,6096
"2024-08-13 16:47",207.63,207.66,207.61,207.61,-0.01,0.00%,700
"2024-08-13 16:46",207.62,207.62,207.62,207.62,-0.01,0.00%,100
"2024-08-13 16:45",207.68,207.69,207.63,207.63,-0.07,-0.03%,9144
"2024-08-13 16:44",207.7,207.7,207.7,207.7,-0.04,-0.02%,100
"2024-08-13 16:42",207.71,207.74,207.71,207.74,0.06,+0.03%,1500
"2024-08-13 16:40",207.69,207.69,207.68,207.68,-0.01,0.00%,3300
"2024-08-13 16:39",207.69,207.69,207.68,207.69,-0.02,-0.01%,6832
"2024-08-13 16:37",207.72,207.72,207.71,207.71,-0.01,0.00%,821
"2024-08-13 16:36",207.71,207.72,207.71,207.72,0.01,0.00%,600
"2024-08-13 16:35",207.71,207.71,207.71,207.71,0.01,0.00%,1000
"2024-08-13 16:34",207.7,207.7,207.7,207.7,0.02,+0.01%,650
"2024-08-13 16:33",207.7,207.71,207.68,207.68,-0.12,-0.06%,1472
"2024-08-13 16:32",207.8,207.8,207.8,207.8,0.02,+0.01%,1940
"2024-08-13 16:31",207.78,207.78,207.78,207.78,0.04,+0.02%,300
"2024-08-13 16:30",207.71,207.77,207.71,207.74,0.06,+0.03%,20191
"2024-08-13 16:29",207.73,207.74,207.68,207.68,-0.04,-0.02%,3324
"2024-08-13 16:28",207.75,207.755,207.72,207.72,-0.03,-0.01%,3620
"2024-08-13 16:26",207.73,207.79,207.73,207.75,0.03,+0.01%,6182
"2024-08-13 16:25",207.74,207.74,207.72,207.72,-0.02,-0.01%,2820
"2024-08-13 16:24",207.74,207.74,207.74,207.74,-0.02,-0.01%,100
"2024-08-13 16:23",207.71,207.79,207.71,207.76,0.06,+0.03%,3045
"2024-08-13 16:22",207.745,207.745,207.7,207.7,-0.05,-0.02%,8164
"2024-08-13 16:21",207.755,207.755,207.74,207.75,0.01,0.00%,906
"2024-08-13 16:20",207.7501,207.7501,207.74,207.74,-0.03,-0.01%,1160
"2024-08-13 16:19",207.75,207.8,207.75,207.77,-0.02,-0.01%,25593
"2024-08-13 16:18",207.78,207.79,207.78,207.79,0.01,0.00%,412
"2024-08-13 16:17",207.78,207.78,207.78,207.78,-0.02,-0.01%,7612
"2024-08-13 16:16",207.76,207.8,207.76,207.8,0.03,+0.01%,200
"2024-08-13 16:15",207.8,207.8,207.76,207.77,-0.03,-0.01%,5429
"2024-08-13 16:14",207.79,207.8,207.79,207.8,0.04,+0.02%,4000
"2024-08-13 16:13",207.83,207.83,207.75,207.76,0.06,+0.03%,32021
"2024-08-13 16:12",207.8,207.8,207.7,207.7,-0.03,-0.01%,28330
"2024-08-13 16:11",207.74,207.74,207.73,207.73,0,0.00%,3600
"2024-08-13 16:10",207.85,207.85,207.69,207.73,-0.12,-0.06%,6639
"2024-08-13 16:09",207.8,207.85,207.8,207.85,0.04,+0.02%,8800
"2024-08-13 16:08",207.79,207.81,207.78,207.81,0.02,+0.01%,11394
"2024-08-13 16:07",207.82,208,207.79,207.79,0.04,+0.02%,36387
"2024-08-13 16:06",207.81,207.81,207.75,207.75,-0.09,-0.04%,13520
"2024-08-13 16:05",207.81,207.97,207.81,207.84,0.03,+0.01%,31646
"2024-08-13 16:04",207.8,207.83,207.78,207.81,0.03,+0.01%,13320
"2024-08-13 16:03",207.72,207.78,207.72,207.78,0.03,+0.01%,15678
"2024-08-13 16:02",207.78,207.78,207.75,207.75,-0.03,-0.01%,15048
"2024-08-13 16:01",207.78,207.83,207.71,207.78,-0.02,-0.01%,20021
"2024-08-13 16:00",207.91,207.97,207.76,207.8,-0.07,-0.03%,1920104
"2024-08-13 15:59",207.885,208.02,207.86,207.87,-0.015,-0.01%,1297020
"2024-08-13 15:58",207.8,207.92,207.78,207.885,0.085,+0.04%,364068
"2024-08-13 15:57",207.745,207.82,207.71,207.8,0.05,+0.02%,207987
"2024-08-13 15:56",207.79,207.8,207.73,207.75,-0.035,-0.02%,145322
"2024-08-13 15:55",207.64,207.79,207.61,207.785,0.14,+0.07%,184422
"2024-08-13 15:54",207.8,207.8,207.605,207.645,-0.155,-0.07%,117286
"2024-08-13 15:53",208.08,208.1,207.7701,207.8,-0.29,-0.14%,131305
"2024-08-13 15:52",208.135,208.24,208.08,208.09,-0.04,-0.02%,97770
"2024-08-13 15:51",207.96,208.13,207.82,208.13,0.17,+0.08%,177196
"2024-08-13 15:50",208.27,208.38,207.94,207.96,-0.31,-0.15%,212848
"2024-08-13 15:49",208.03,208.2857,208.02,208.27,0.25,+0.12%,119939
"2024-08-13 15:48",207.91,208.08,207.91,208.02,0.1,+0.05%,271074
"2024-08-13 15:47",207.81,207.94,207.81,207.92,0.11,+0.05%,85415
"2024-08-13 15:46",207.68,207.83,207.68,207.81,0.11,+0.05%,76793
"2024-08-13 15:45",207.685,207.7,207.62,207.7,0,0.00%,56416
"2024-08-13 15:44",207.6,207.7,207.59,207.7,0.11,+0.05%,65908
"2024-08-13 15:43",207.58,207.61,207.57,207.59,0.015,+0.01%,42417
"2024-08-13 15:42",207.525,207.58,207.52,207.575,0.045,+0.02%,51445
"2024-08-13 15:41",207.55,207.57,207.5,207.53,-0.03,-0.01%,35832
"2024-08-13 15:40",207.54,207.57,207.49,207.56,0.02,+0.01%,36543
"2024-08-13 15:39",207.5,207.54,207.46,207.54,0.045,+0.02%,35469
"2024-08-13 15:38",207.6,207.61,207.465,207.495,-0.1,-0.05%,33431
"2024-08-13 15:37",207.58,207.63,207.48,207.595,0.025,+0.01%,62016
"2024-08-13 15:36",207.51,207.61,207.5,207.57,0.065,+0.03%,77670
"2024-08-13 15:35",207.45,207.53,207.45,207.505,0.055,+0.03%,42343
"2024-08-13 15:34",207.48,207.48,207.38,207.45,-0.03,-0.01%,45848
"2024-08-13 15:33",207.38,207.5,207.35,207.48,0.09,+0.04%,52249
"2024-08-13 15:32",207.45,207.4987,207.37,207.39,-0.05,-0.02%,68100
"2024-08-13 15:31",207.39,207.47,207.39,207.44,0.055,+0.03%,38364
"2024-08-13 15:30",207.37,207.47,207.34,207.385,0.0063,0.00%,38664
"2024-08-13 15:29",207.35,207.38,207.3301,207.3787,0.0187,+0.01%,25748
"2024-08-13 15:28",207.225,207.36,207.225,207.36,0.13,+0.06%,18929
"2024-08-13 15:27",207.18,207.26,207.17,207.23,0.03,+0.01%,23518
"2024-08-13 15:26",207.24,207.26,207.19,207.2,-0.04,-0.02%,26708
"2024-08-13 15:25",207.245,207.28,207.2,207.24,-0.005,0.00%,74738
"2024-08-13 15:24",207.2,207.25,207.17,207.245,0.035,+0.02%,39172
"2024-08-13 15:23",207.16,207.25,207.155,207.21,0.05,+0.02%,32595
"2024-08-13 15:22",207.02,207.16,207.02,207.16,0.14,+0.07%,20548
"2024-08-13 15:21",207.12,207.12,206.9995,207.02,-0.11,-0.05%,23014
"2024-08-13 15:20",207.16,207.17,207.09,207.13,-0.03,-0.01%,21838
"2024-08-13 15:19",207.05,207.16,207.02,207.16,0.105,+0.05%,48196
"2024-08-13 15:18",207.06,207.0777,207.05,207.055,-0.015,-0.01%,107427
"2024-08-13 15:17",207.18,207.18,207.03,207.07,-0.11,-0.05%,64310
"2024-08-13 15:16",207.19,207.2294,207.16,207.18,-0.01,0.00%,40444
"2024-08-13 15:15",207.135,207.2,207.11,207.19,0.045,+0.02%,58935
"2024-08-13 15:14",207.2,207.21,207.145,207.145,-0.045,-0.02%,45320
"2024-08-13 15:13",207.18,207.225,207.16,207.19,0.02,+0.01%,39481
"2024-08-13 15:12",207.25,207.2564,207.16,207.17,-0.08,-0.04%,42876
"2024-08-13 15:11",207.375,207.39,207.24,207.25,-0.12,-0.06%,26593
"2024-08-13 15:10",207.33,207.375,207.295,207.37,0.05,+0.02%,13745
"2024-08-13 15:09",207.355,207.39,207.3,207.32,-0.03,-0.01%,14614
"2024-08-13 15:08",207.345,207.37,207.315,207.35,0,0.00%,22459
"2024-08-13 15:07",207.4099,207.42,207.34,207.35,-0.045,-0.02%,23940
"2024-08-13 15:06",207.32,207.395,207.3,207.395,0.09,+0.04%,19247
"2024-08-13 15:05",207.41,207.41,207.23,207.305,-0.105,-0.05%,44680
"2024-08-13 15:04",207.49,207.49,207.37,207.41,-0.08,-0.04%,14258
"2024-08-13 15:03",207.47,207.5,207.455,207.49,0.02,+0.01%,20178
"2024-08-13 15:02",207.43,207.51,207.425,207.47,0.04,+0.02%,28242
"2024-08-13 15:01",207.395,207.47,207.38,207.43,0.035,+0.02%,42418
"2024-08-13 15:00",207.35,207.405,207.31,207.395,0.0422,+0.02%,29531
"2024-08-13 14:59",207.34,207.41,207.34,207.3528,0.0228,+0.01%,10107
"2024-08-13 14:58",207.365,207.38,207.33,207.33,-0.02,-0.01%,19618
"2024-08-13 14:57",207.4,207.4,207.33,207.35,-0.035,-0.02%,8496
"2024-08-13 14:56",207.37,207.4,207.325,207.385,0.015,+0.01%,9707
"2024-08-13 14:55",207.42,207.42,207.36,207.37,-0.055,-0.03%,10763
"2024-08-13 14:54",207.38,207.45,207.38,207.425,0.055,+0.03%,7787
"2024-08-13 14:53",207.36,207.39,207.35,207.37,0.025,+0.01%,5889
"2024-08-13 14:52",207.34,207.4,207.3222,207.345,0.005,0.00%,9111
"2024-08-13 14:51",207.465,207.47,207.34,207.34,-0.14,-0.07%,6298
"2024-08-13 14:50",207.38,207.485,207.355,207.48,0.1,+0.05%,8306
"2024-08-13 14:49",207.33,207.4105,207.33,207.38,0.04,+0.02%,13945
"2024-08-13 14:48",207.29,207.35,207.28,207.34,0.04,+0.02%,36629
"2024-08-13 14:47",207.39,207.4,207.22,207.3,-0.1,-0.05%,76054
"2024-08-13 14:46",207.43,207.44,207.36,207.4,-0.025,-0.01%,31931
"2024-08-13 14:45",207.51,207.515,207.425,207.425,-0.1,-0.05%,11898
"2024-08-13 14:44",207.49,207.55,207.48,207.525,0.025,+0.01%,22753
"2024-08-13 14:43",207.46,207.56,207.45,207.5,0.0307,+0.01%,16402
"2024-08-13 14:42",207.54,207.54,207.44,207.4693,-0.0807,-0.04%,30669
"2024-08-13 14:41",207.54,207.598,207.525,207.55,0.01,0.00%,16996
"2024-08-13 14:40",207.59,207.64,207.51,207.54,-0.07,-0.03%,15604
"2024-08-13 14:39",207.61,207.66,207.57,207.61,0.01,0.00%,31162
"2024-08-13 14:38",207.485,207.615,207.48,207.6,0.12,+0.06%,43323
"2024-08-13 14:37",207.48,207.48,207.42,207.48,0.01,0.00%,32404
"2024-08-13 14:36",207.41,207.47,207.41,207.47,0.06,+0.03%,16047
"2024-08-13 14:35",207.295,207.41,207.295,207.41,0.115,+0.06%,21834
"2024-08-13 14:34",207.285,207.31,207.28,207.295,0.015,+0.01%,3845
"2024-08-13 14:33",207.31,207.32,207.23,207.28,-0.02,-0.01%,22997
"2024-08-13 14:32",207.28,207.31,207.26,207.3,0.02,+0.01%,7464
"2024-08-13 14:31",207.27,207.318,207.26,207.28,0.01,0.00%,17327
"2024-08-13 14:30",207.32,207.32,207.234,207.27,-0.046,-0.02%,18647
"2024-08-13 14:29",207.27,207.35,207.25,207.316,0.046,+0.02%,128069
"2024-08-13 14:28",207.215,207.27,207.185,207.27,0.06,+0.03%,35162
"2024-08-13 14:27",207.2,207.2368,207.2,207.21,0.03,+0.01%,8988
"2024-08-13 14:26",207.16,207.18,207.14,207.18,0.0159,+0.01%,12032
"2024-08-13 14:25",207.11,207.18,207.11,207.1641,0.0441,+0.02%,10127
"2024-08-13 14:24",207.112,207.16,207.11,207.12,0.015,+0.01%,9914
"2024-08-13 14:23",207.099,207.15,207.06,207.105,-0.005,0.00%,15462
"2024-08-13 14:22",207.15,207.16,207.084,207.11,-0.05,-0.02%,8321
"2024-08-13 14:21",207.1,207.165,207.065,207.16,0.05,+0.02%,12403
"2024-08-13 14:20",207.04,207.16,207.035,207.11,0.07,+0.03%,32301
"2024-08-13 14:19",206.9799,207.05,206.96,207.04,0.07,+0.03%,11573
"2024-08-13 14:18",207.045,207.055,206.91,206.97,-0.09,-0.04%,31001
"2024-08-13 14:17",207.22,207.22,207.025,207.06,-0.17,-0.08%,70066
"2024-08-13 14:16",207.23,207.245,207.2,207.23,-0.0041,0.00%,7719
"2024-08-13 14:15",207.15,207.2344,207.15,207.2341,0.0841,+0.04%,22103
"2024-08-13 14:14",207.166,207.18,207.12,207.15,-0.02,-0.01%,12699
"2024-08-13 14:13",207.2,207.22,207.15,207.17,-0.04,-0.02%,15812
"2024-08-13 14:12",207.115,207.245,207.115,207.21,0.1,+0.05%,14831
"2024-08-13 14:11",207.15,207.15,207.09,207.11,-0.05,-0.02%,11836
"2024-08-13 14:10",207.185,207.19,207.14,207.16,-0.02,-0.01%,8676
"2024-08-13 14:09",207.21,207.215,207.15,207.18,-0.04,-0.02%,17525
"2024-08-13 14:08",207.19,207.28,207.18,207.22,0.02,+0.01%,24230
"2024-08-13 14:07",207.32,207.3381,207.2,207.2,-0.102,-0.05%,11620
"2024-08-13 14:06",207.33,207.38,207.27,207.302,-0.033,-0.02%,13358
"2024-08-13 14:05",207.33,207.36,207.28,207.335,0.005,0.00%,17218
"2024-08-13 14:04",207.42,207.45,207.33,207.33,-0.095,-0.05%,17942
"2024-08-13 14:03",207.38,207.47,207.35,207.425,0.055,+0.03%,43860
"2024-08-13 14:02",207.41,207.4391,207.34,207.37,-0.06,-0.03%,13198
"2024-08-13 14:01",207.29,207.47,207.28,207.43,0.15,+0.07%,44464
"2024-08-13 14:00",207.23,207.285,207.13,207.28,0.05,+0.02%,31507
"2024-08-13 13:59",207.18,207.264,207.18,207.23,0.04,+0.02%,9375
"2024-08-13 13:58",207.224,207.24,207.15,207.19,-0.03,-0.01%,10746
"2024-08-13 13:57",207.17,207.23,207.16,207.22,0.05,+0.02%,13425
"2024-08-13 13:56",207.09,207.23,207.09,207.17,0.07,+0.03%,30134
"2024-08-13 13:55",207.05,207.16,207.05,207.1,0.035,+0.02%,37800
"2024-08-13 13:54",207,207.08,206.995,207.065,0.075,+0.04%,16812
"2024-08-13 13:53",206.95,206.99,206.91,206.99,0.06,+0.03%,5169
"2024-08-13 13:52",206.95,206.99,206.91,206.93,-0.025,-0.01%,11190
"2024-08-13 13:51",206.77,206.98,206.77,206.955,0.195,+0.09%,23398
"2024-08-13 13:50",206.855,206.88,206.7403,206.76,-0.1,-0.05%,24905
"2024-08-13 13:49",206.7651,206.86,206.7201,206.86,0.115,+0.06%,30118
"2024-08-13 13:48",206.73,206.79,206.68,206.745,0.005,0.00%,26726
"2024-08-13 13:47",206.63,206.79,206.6,206.74,0.0801,+0.04%,67435
"2024-08-13 13:46",207.08,207.1,206.6,206.6599,-0.4301,-0.21%,234279
"2024-08-13 13:45",207.085,207.105,207.0401,207.09,0,0.00%,14527
"2024-08-13 13:44",207.09,207.115,207.07,207.09,-0.005,0.00%,7695
"2024-08-13 13:43",207.04,207.1,207.04,207.095,0.065,+0.03%,10034
"2024-08-13 13:42",207.04,207.055,207.03,207.03,0,0.00%,5216
"2024-08-13 13:41",207.005,207.06,207,207.03,0.02,+0.01%,9555
"2024-08-13 13:40",207.01,207.04,206.99,207.01,0,0.00%,11479
"2024-08-13 13:39",206.91,207.01,206.9,207.01,0.1,+0.05%,8838
"2024-08-13 13:38",206.93,206.97,206.895,206.91,-0.01,0.00%,5083
"2024-08-13 13:37",206.87,206.92,206.855,206.92,0.03,+0.01%,11782
"2024-08-13 13:36",206.9,206.9299,206.845,206.89,-0.03,-0.01%,6655
"2024-08-13 13:35",206.87,206.95,206.85,206.92,0.05,+0.02%,23607
"2024-08-13 13:34",206.9037,206.92,206.85,206.87,-0.0224,-0.01%,16328
"2024-08-13 13:33",207.01,207.0201,206.87,206.8924,-0.1276,-0.06%,31563
"2024-08-13 13:32",207.15,207.18,207.02,207.02,-0.13,-0.06%,22255
"2024-08-13 13:31",207.145,207.16,207.12,207.15,0.01,0.00%,10377
"2024-08-13 13:30",207.14,207.16,207.1051,207.14,0.0288,+0.01%,8904
"2024-08-13 13:29",207.1,207.18,207.095,207.1112,-0.0238,-0.01%,13055
"2024-08-13 13:28",207.125,207.17,207.12,207.135,0.045,+0.02%,17076
"2024-08-13 13:27",207.165,207.165,207.0201,207.09,-0.0575,-0.03%,21272
"2024-08-13 13:26",207.14,207.171,207.1102,207.1475,-0.0225,-0.01%,26477
"2024-08-13 13:25",207.05,207.17,207.045,207.17,0.11,+0.05%,77682
"2024-08-13 13:24",207.145,207.155,207.06,207.06,-0.085,-0.04%,36534
"2024-08-13 13:23",207.22,207.26,207.13,207.145,-0.075,-0.04%,23964
"2024-08-13 13:22",207.245,207.245,207.205,207.22,-0.035,-0.02%,27902
"2024-08-13 13:21",207.23,207.285,207.2203,207.255,0.0249,+0.01%,7885
"2024-08-13 13:20",207.31,207.31,207.2,207.2301,-0.0799,-0.04%,4760
"2024-08-13 13:19",207.215,207.34,207.21,207.31,0.1,+0.05%,12806
"2024-08-13 13:18",207.18,207.24,207.175,207.21,0.03,+0.01%,6305
"2024-08-13 13:17",207.23,207.23,207.155,207.18,-0.06,-0.03%,11236
"2024-08-13 13:16",207.2901,207.31,207.215,207.24,-0.06,-0.03%,3188
"2024-08-13 13:15",207.27,207.3,207.25,207.3,0.05,+0.02%,7976
"2024-08-13 13:14",207.2,207.265,207.18,207.25,0.08,+0.04%,15474
"2024-08-13 13:13",207.1699,207.26,207.1699,207.17,0.005,0.00%,38200
"2024-08-13 13:12",207.12,207.19,207.1,207.165,0.035,+0.02%,8897
"2024-08-13 13:11",207.135,207.155,207.11,207.13,-0.005,0.00%,41180
"2024-08-13 13:10",207.17,207.175,207.12,207.135,-0.035,-0.02%,14400
"2024-08-13 13:09",207.28,207.295,207.17,207.17,-0.105,-0.05%,11108
"2024-08-13 13:08",207.23,207.295,207.19,207.275,0.045,+0.02%,85937
"2024-08-13 13:07",207.26,207.28,207.19,207.23,-0.03,-0.01%,24713
"2024-08-13 13:06",207.295,207.3,207.2293,207.26,-0.03,-0.01%,7132
"2024-08-13 13:05",207.22,207.31,207.16,207.29,0.0441,+0.02%,36636
"2024-08-13 13:04",207.22,207.32,207.21,207.2459,0.058,+0.03%,22401
"2024-08-13 13:03",207.52,207.56,207.17,207.1879,-0.312,-0.15%,106332
"2024-08-13 13:02",207.51,207.56,207.49,207.4999,-0.0051,0.00%,23222
"2024-08-13 13:01",207.505,207.53,207.48,207.505,0.005,0.00%,15197
"2024-08-13 13:00",207.51,207.52,207.47,207.5,-0.01,0.00%,21954
"2024-08-13 12:59",207.51,207.53,207.43,207.51,0.01,0.00%,81464
"2024-08-13 12:58",207.51,207.525,207.46,207.5,-0.005,0.00%,17251
"2024-08-13 12:57",207.459,207.53,207.4542,207.505,0.0625,+0.03%,26102
"2024-08-13 12:56",207.55,207.569,207.43,207.4425,-0.0925,-0.04%,29548
"2024-08-13 12:55",207.52,207.57,207.49,207.535,0.02,+0.01%,22207
"2024-08-13 12:54",207.48,207.5317,207.47,207.515,0.035,+0.02%,26879
"2024-08-13 12:53",207.53,207.57,207.475,207.48,-0.045,-0.02%,29383
"2024-08-13 12:52",207.46,207.55,207.46,207.525,0.045,+0.02%,23148
"2024-08-13 12:51",207.48,207.545,207.46,207.48,0.02,+0.01%,21881
"2024-08-13 12:50",207.45,207.55,207.45,207.46,0.011,+0.01%,38600
"2024-08-13 12:49",207.36,207.46,207.35,207.449,0.089,+0.04%,34962
"2024-08-13 12:48",207.385,207.39,207.28,207.36,-0.025,-0.01%,21234
"2024-08-13 12:47",207.29,207.41,207.245,207.385,0.105,+0.05%,35231
"2024-08-13 12:46",207.14,207.29,207.14,207.28,0.17,+0.08%,29458
"2024-08-13 12:45",207.13,207.1599,207.07,207.11,-0.02,-0.01%,32795
"2024-08-13 12:44",207.12,207.18,207.08,207.13,0.01,0.00%,60909
"2024-08-13 12:43",207.06,207.14,207.06,207.12,0.06,+0.03%,51669
"2024-08-13 12:42",207.04,207.1,207.02,207.06,0.02,+0.01%,26606
"2024-08-13 12:41",206.981,207.04,206.96,207.04,0.06,+0.03%,15143
"2024-08-13 12:40",206.93,206.9804,206.93,206.98,0.04,+0.02%,5962
"2024-08-13 12:39",206.9,206.9641,206.87,206.94,0.0525,+0.03%,14986
"2024-08-13 12:38",206.81,206.89,206.81,206.8875,0.0875,+0.04%,15805
"2024-08-13 12:37",206.8,206.83,206.8,206.8,0.01,0.00%,4254
"2024-08-13 12:36",206.74,206.8,206.73,206.79,0.07,+0.03%,7193
"2024-08-13 12:35",206.75,206.79,206.7,206.72,-0.0227,-0.01%,12962
"2024-08-13 12:34",206.78,206.81,206.74,206.7427,-0.0472,-0.02%,5932
"2024-08-13 12:33",206.69,206.81,206.69,206.7899,0.0899,+0.04%,21731
"2024-08-13 12:32",206.74,206.77,206.7,206.7,-0.0312,-0.02%,10924
"2024-08-13 12:31",206.59,206.7312,206.5875,206.7312,0.1215,+0.06%,21999
"2024-08-13 12:30",206.865,206.87,206.6097,206.6097,-0.2353,-0.11%,33052
"2024-08-13 12:29",206.855,206.86,206.78,206.845,-0.005,0.00%,25123
"2024-08-13 12:28",206.86,206.93,206.84,206.85,-0.01,0.00%,15985
"2024-08-13 12:27",206.96,206.96,206.86,206.86,-0.095,-0.05%,21910
"2024-08-13 12:26",206.98,206.99,206.87,206.955,-0.005,0.00%,17597
"2024-08-13 12:25",206.88,206.99,206.88,206.96,0.09,+0.04%,24707
"2024-08-13 12:24",206.9199,206.9199,206.84,206.87,-0.01,0.00%,41635
"2024-08-13 12:23",206.98,206.98,206.84,206.88,-0.11,-0.05%,40852
"2024-08-13 12:22",206.995,207.054,206.97,206.99,0,0.00%,28531
"2024-08-13 12:21",206.9,207,206.89,206.99,0.1,+0.05%,15781
"2024-08-13 12:20",206.95,206.98,206.89,206.89,-0.07,-0.03%,13829
"2024-08-13 12:19",206.9,206.99,206.87,206.96,0.07,+0.03%,16978
"2024-08-13 12:18",206.93,206.96,206.87,206.89,-0.045,-0.02%,7886
"2024-08-13 12:17",206.94,207.01,206.89,206.935,-0.015,-0.01%,51104
"2024-08-13 12:16",206.79,206.95,206.7871,206.95,0.17,+0.08%,14143
"2024-08-13 12:15",206.795,206.82,206.76,206.78,0,0.00%,17780
"2024-08-13 12:14",206.8,206.81,206.72,206.78,-0.02,-0.01%,49560
"2024-08-13 12:13",206.93,206.955,206.74,206.8,-0.12,-0.06%,30636
"2024-08-13 12:12",206.87,206.935,206.87,206.92,0.04,+0.02%,21425
"2024-08-13 12:11",206.855,206.88,206.775,206.88,0.07,+0.03%,46895
"2024-08-13 12:10",206.79,206.92,206.7824,206.81,0.03,+0.01%,57638
"2024-08-13 12:09",206.64,206.78,206.63,206.78,0.13,+0.06%,81517
"2024-08-13 12:08",206.55,206.66,206.55,206.65,0.1087,+0.05%,46464
"2024-08-13 12:07",206.43,206.55,206.43,206.5413,0.1213,+0.06%,43925
"2024-08-13 12:06",206.35,206.45,206.35,206.42,0.07,+0.03%,21613
"2024-08-13 12:05",206.35,206.35,206.26,206.35,0,0.00%,23022
"2024-08-13 12:04",206.3,206.35,206.292,206.35,0.0599,+0.03%,25177
"2024-08-13 12:03",206.29,206.3199,206.24,206.2901,0.0051,0.00%,6897
"2024-08-13 12:02",206.19,206.285,206.09,206.285,0.1016,+0.05%,35943
"2024-08-13 12:01",206.142,206.21,206.13,206.1834,0.0374,+0.02%,41017
"2024-08-13 12:00",206.285,206.2886,206.06,206.146,-0.134,-0.06%,69843
"2024-08-13 11:59",206.275,206.33,206.2601,206.28,0,0.00%,11700
"2024-08-13 11:58",206.25,206.3,206.24,206.28,0,0.00%,11677
"2024-08-13 11:57",206.3584,206.36,206.28,206.28,-0.1,-0.05%,6694
"2024-08-13 11:56",206.275,206.38,206.271,206.38,0.0934,+0.05%,12433
"2024-08-13 11:55",206.3,206.33,206.24,206.2866,-0.0234,-0.01%,37011
"2024-08-13 11:54",206.36,206.3847,206.31,206.31,-0.04,-0.02%,4952
"2024-08-13 11:53",206.2599,206.37,206.2112,206.35,0.0801,+0.04%,27014
"2024-08-13 11:52",206.22,206.3001,206.22,206.2699,0.0299,+0.01%,24407
"2024-08-13 11:51",206.3,206.3001,206.2,206.24,-0.08,-0.04%,28137
"2024-08-13 11:50",206.3751,206.399,206.255,206.32,-0.05,-0.02%,8052
"2024-08-13 11:49",206.36,206.405,206.36,206.37,0.02,+0.01%,6249
"2024-08-13 11:48",206.38,206.38,206.295,206.35,-0.01,0.00%,8841
"2024-08-13 11:47",206.3,206.39,206.26,206.36,0.085,+0.04%,52491
"2024-08-13 11:46",206.18,206.3,206.18,206.275,0.12,+0.06%,27903
"2024-08-13 11:45",206.14,206.1701,206.12,206.155,0.035,+0.02%,18544
"2024-08-13 11:44",206.18,206.19,206.07,206.12,-0.0799,-0.04%,14964
"2024-08-13 11:43",206.2,206.205,206.17,206.1999,0.0099,0.00%,4851
"2024-08-13 11:42",206.08,206.2075,206.08,206.19,0.11,+0.05%,10060
"2024-08-13 11:41",206.15,206.15,206.05,206.08,-0.08,-0.04%,7748
"2024-08-13 11:40",206.08,206.16,206.08,206.16,0.07,+0.03%,12444
"2024-08-13 11:39",206.2,206.2001,206.09,206.09,-0.12,-0.06%,15409
"2024-08-13 11:38",206.0941,206.23,206.09,206.21,0.1,+0.05%,12090
"2024-08-13 11:37",206.08,206.14,206.07,206.11,0.03,+0.01%,23673
"2024-08-13 11:36",206.07,206.1901,206.065,206.08,0.02,+0.01%,16377
"2024-08-13 11:35",206.11,206.11,206.02,206.06,-0.06,-0.03%,19991
"2024-08-13 11:34",206.09,206.12,206.07,206.12,0.04,+0.02%,8505
"2024-08-13 11:33",206.045,206.08,206.01,206.08,0.06,+0.03%,5994
"2024-08-13 11:32",206,206.12,206,206.02,0.01,0.00%,4597
"2024-08-13 11:31",206.15,206.16,206.01,206.01,-0.13,-0.06%,8720
"2024-08-13 11:30",206.07,206.2,206.07,206.14,0.06,+0.03%,18194
"2024-08-13 11:29",206.02,206.08,205.99,206.08,0.03,+0.01%,6432
"2024-08-13 11:28",206.02,206.07,206,206.05,0.03,+0.01%,8183
"2024-08-13 11:27",205.97,206.02,205.91,206.02,0.0299,+0.01%,23985
"2024-08-13 11:26",206.18,206.19,205.95,205.9901,-0.1799,-0.09%,19329
"2024-08-13 11:25",206.14,206.18,206.1,206.17,0.03,+0.01%,18567
"2024-08-13 11:24",206.15,206.2,206.13,206.14,-0.02,-0.01%,14246
"2024-08-13 11:23",206.09,206.17,206.058,206.16,0.0525,+0.03%,11549
"2024-08-13 11:22",206.12,206.12,206.015,206.1075,-0.0025,0.00%,17804
"2024-08-13 11:21",206.16,206.19,206.08,206.11,-0.03,-0.01%,14769
"2024-08-13 11:20",206.075,206.17,206.06,206.14,0.06,+0.03%,12955
"2024-08-13 11:19",206.09,206.1502,206.08,206.08,0,0.00%,12247
"2024-08-13 11:18",206.015,206.08,205.97,206.08,0.07,+0.03%,8743
"2024-08-13 11:17",206.15,206.15,205.98,206.01,-0.145,-0.07%,12432
"2024-08-13 11:16",206.05,206.16,206.02,206.155,0.115,+0.06%,26695
"2024-08-13 11:15",206.06,206.0799,205.95,206.04,-0.02,-0.01%,17015
"2024-08-13 11:14",206.035,206.0925,206.025,206.06,0.04,+0.02%,8038
"2024-08-13 11:13",206.025,206.04,205.99,206.02,0,0.00%,10437
"2024-08-13 11:12",205.9999,206.04,205.954,206.02,0.04,+0.02%,13733
"2024-08-13 11:11",205.96,206.01,205.94,205.98,0.03,+0.01%,17003
"2024-08-13 11:10",205.9499,205.98,205.82,205.95,0.04,+0.02%,37811
"2024-08-13 11:09",206.09,206.12,205.91,205.91,-0.16,-0.08%,26150
"2024-08-13 11:08",206.03,206.11,205.995,206.07,0.04,+0.02%,38741
"2024-08-13 11:07",206.14,206.14,206.03,206.03,-0.11,-0.05%,24055
"2024-08-13 11:06",206.18,206.19,206.08,206.14,-0.05,-0.02%,13050
"2024-08-13 11:05",206.19,206.2405,206.13,206.19,0,0.00%,15447
"2024-08-13 11:04",206.13,206.19,206.0883,206.19,0.07,+0.03%,8679
"2024-08-13 11:03",206.13,206.17,206.1,206.12,-0.01,0.00%,33331
"2024-08-13 11:02",206.06,206.15,206.06,206.13,0.035,+0.02%,6506
"2024-08-13 11:01",206.15,206.23,206.09,206.095,-0.065,-0.03%,101580
"2024-08-13 11:00",206.2,206.21,206.11,206.16,-0.04,-0.02%,18828
"2024-08-13 10:59",206.11,206.2,206.09,206.2,0.118,+0.06%,4268
"2024-08-13 10:58",206.16,206.19,206.02,206.082,-0.088,-0.04%,43969
"2024-08-13 10:57",206.01,206.17,206.01,206.17,0.15,+0.07%,24578
"2024-08-13 10:56",206.045,206.06,205.99,206.02,-0.03,-0.01%,91885
"2024-08-13 10:55",205.9871,206.05,205.97,206.05,0.085,+0.04%,40216
"2024-08-13 10:54",205.831,205.965,205.831,205.965,0.145,+0.07%,18916
"2024-08-13 10:53",205.68,205.86,205.67,205.82,0.1305,+0.06%,40759
"2024-08-13 10:52",205.74,205.76,205.66,205.6895,-0.0505,-0.02%,20703
"2024-08-13 10:51",205.85,205.85,205.715,205.74,-0.1,-0.05%,32966
"2024-08-13 10:50",205.995,206.015,205.79,205.84,-0.1305,-0.06%,53154
"2024-08-13 10:49",206.03,206.05,205.92,205.9705,-0.0495,-0.02%,35154
"2024-08-13 10:48",205.96,206.03,205.9146,206.02,0.08,+0.04%,23076
"2024-08-13 10:47",205.86,206,205.86,205.94,0.07,+0.03%,58602
"2024-08-13 10:46",205.8,205.89,205.78,205.87,0.15,+0.07%,34582
"2024-08-13 10:45",205.8,205.88,205.66,205.72,-0.07,-0.03%,27415
"2024-08-13 10:44",205.73,205.85,205.73,205.79,0.06,+0.03%,47149
"2024-08-13 10:43",205.69,205.77,205.6699,205.73,0.02,+0.01%,23916
"2024-08-13 10:42",205.5883,205.71,205.5883,205.71,0.125,+0.06%,33220
"2024-08-13 10:41",205.54,205.585,205.44,205.585,0.075,+0.04%,31363
"2024-08-13 10:40",205.42,205.52,205.39,205.51,0.1,+0.05%,22609
"2024-08-13 10:39",205.11,205.41,205.11,205.41,0.32,+0.16%,12201
"2024-08-13 10:38",205.29,205.3,205.07,205.09,-0.19,-0.09%,30761
"2024-08-13 10:37",205.31,205.4,205.28,205.28,-0.03,-0.01%,51173
"2024-08-13 10:36",205.27,205.38,205.2,205.31,0.05,+0.02%,94925
"2024-08-13 10:35",205.28,205.3,205.18,205.26,0.025,+0.01%,27536
"2024-08-13 10:34",205.215,205.3,205.2,205.235,0.045,+0.02%,32954
"2024-08-13 10:33",205.08,205.19,204.94,205.19,0.18,+0.09%,92505
"2024-08-13 10:32",205.06,205.1199,204.99,205.01,-0.06,-0.03%,18547
"2024-08-13 10:31",205.14,205.1675,204.98,205.07,-0.09,-0.04%,79059
"2024-08-13 10:30",205.5,205.5,205.08,205.16,-0.34,-0.17%,71122
"2024-08-13 10:29",205.505,205.535,205.41,205.5,0.01,0.00%,87940
"2024-08-13 10:28",205.52,205.62,205.46,205.49,0,0.00%,51656
"2024-08-13 10:27",205.47,205.53,205.46,205.49,0.035,+0.02%,23277
"2024-08-13 10:26",205.17,205.49,205.15,205.455,0.315,+0.15%,47753
"2024-08-13 10:25",205.2,205.28,205.04,205.14,-0.01,0.00%,24273
"2024-08-13 10:24",205.23,205.27,205.08,205.15,-0.08,-0.04%,30865
"2024-08-13 10:23",205.2,205.27,205.15,205.23,0.04,+0.02%,121034
"2024-08-13 10:22",205.13,205.38,205.07,205.19,0.18,+0.09%,53039
"2024-08-13 10:21",205.17,205.26,205,205.01,-0.145,-0.07%,39664
"2024-08-13 10:20",205.189,205.33,205.13,205.155,-0.055,-0.03%,55931
"2024-08-13 10:19",205.21,205.36,205.13,205.21,0.02,+0.01%,79710
"2024-08-13 10:18",205.35,205.38,205.15,205.19,-0.13,-0.06%,23060
"2024-08-13 10:17",205.515,205.54,205.19,205.32,-0.17,-0.08%,24317
"2024-08-13 10:16",205.59,205.65,205.435,205.49,-0.08,-0.04%,66735
"2024-08-13 10:15",205.67,205.79,205.57,205.57,-0.07,-0.03%,31398
"2024-08-13 10:14",205.57,205.775,205.56,205.64,0.0901,+0.04%,11972
"2024-08-13 10:13",205.68,205.71,205.545,205.5499,-0.1152,-0.06%,32197
"2024-08-13 10:12",205.52,205.7,205.49,205.6651,0.1751,+0.09%,44620
"2024-08-13 10:11",205.35,205.49,205.24,205.49,0.13,+0.06%,34579
"2024-08-13 10:10",205.43,205.52,205.34,205.36,-0.01,0.00%,25941
"2024-08-13 10:09",205.55,205.59,205.3,205.37,-0.18,-0.09%,69758
"2024-08-13 10:08",205.2,205.63,205.15,205.55,0.36,+0.18%,87258
"2024-08-13 10:07",205.141,205.28,205.03,205.19,0.05,+0.02%,48393
"2024-08-13 10:06",204.99,205.2,204.8907,205.14,0.1601,+0.08%,78897
"2024-08-13 10:05",205.22,205.22,204.86,204.9799,-0.217,-0.11%,77861
"2024-08-13 10:04",205.322,205.45,205.145,205.1969,-0.1431,-0.07%,61767
"2024-08-13 10:03",205.41,205.49,205.26,205.34,-0.04,-0.02%,38424
"2024-08-13 10:02",205.755,205.76,205.25,205.38,-0.39,-0.19%,99687
"2024-08-13 10:01",205.71,205.86,205.705,205.77,0.07,+0.03%,40383
"2024-08-13 10:00",206.03,206.03,205.68,205.7,-0.33,-0.16%,61872
"2024-08-13 09:59",206.16,206.29,205.99,206.03,-0.12,-0.06%,93600
"2024-08-13 09:58",206.05,206.22,206.01,206.15,0.12,+0.06%,40810
"2024-08-13 09:57",206.18,206.199,205.98,206.03,-0.14,-0.07%,28054
"2024-08-13 09:56",206.025,206.17,205.84,206.17,0.14,+0.07%,88264
"2024-08-13 09:55",206.35,206.38,205.95,206.03,-0.29,-0.14%,82540
"2024-08-13 09:54",206.415,206.53,206.32,206.32,-0.1,-0.05%,64706
"2024-08-13 09:53",206.38,206.475,206.3,206.42,0.05,+0.02%,38825
"2024-08-13 09:52",206.71,206.73,206.35,206.37,-0.34,-0.16%,43781
"2024-08-13 09:51",206.69,206.83,206.64,206.71,0.01,0.00%,104202
"2024-08-13 09:50",206.43,206.72,206.34,206.7,0.31,+0.15%,121811
"2024-08-13 09:49",206.37,206.41,206.21,206.39,0.03,+0.01%,36208
"2024-08-13 09:48",206.5497,206.57,206.32,206.36,-0.195,-0.09%,44654
"2024-08-13 09:47",206.5801,206.65,206.48,206.555,0.015,+0.01%,90683
"2024-08-13 09:46",206.44,206.69,206.44,206.54,0.08,+0.04%,83316
"2024-08-13 09:45",206.21,206.6,206.21,206.46,0.25,+0.12%,252207
"2024-08-13 09:44",206.32,206.4,206.2,206.21,-0.09,-0.04%,82672
"2024-08-13 09:43",206.2,206.34,206.14,206.3,0.1,+0.05%,51239
"2024-08-13 09:42",206.36,206.51,206.12,206.2,-0.15,-0.07%,89229
"2024-08-13 09:41",206.2733,206.35,206.04,206.35,0.07,+0.03%,72889
"2024-08-13 09:40",206.1,206.31,206.1,206.28,0.2175,+0.11%,72892
"2024-08-13 09:39",206.14,206.23,206.01,206.0625,-0.0575,-0.03%,59060
"2024-08-13 09:38",206.11,206.25,206.05,206.12,0.03,+0.01%,64845
"2024-08-13 09:37",205.98,206.11,205.97,206.09,0.12,+0.06%,186681
"2024-08-13 09:36",205.58,205.98,205.5,205.97,0.42,+0.20%,112400
"2024-08-13 09:35",205.77,205.92,205.55,205.55,-0.21,-0.10%,74411
"2024-08-13 09:34",205.7601,205.88,205.64,205.76,0,0.00%,77021
"2024-08-13 09:33",205.65,205.82,205.5841,205.76,0.07,+0.03%,76925
"2024-08-13 09:32",205.39,205.84,205.31,205.69,0.325,+0.16%,136476
"2024-08-13 09:31",205.9,205.99,205.31,205.365,-0.515,-0.25%,87988
"2024-08-13 09:30",206.09,206.17,205.72,205.88,-0.2104,-0.10%,199914
"2024-08-13 09:29",206.05,206.14,206,206.0904,0.0904,+0.04%,5613
"2024-08-13 09:28",205.95,206.03,205.95,206,0.1,+0.05%,3177
"2024-08-13 09:27",206.029,206.04,205.9,205.9,-0.11,-0.05%,7170
"2024-08-13 09:26",206.09,206.14,206.01,206.01,-0.05,-0.02%,500
"2024-08-13 09:25",206.13,206.13,206.06,206.06,-0.13,-0.06%,1269
"2024-08-13 09:24",206.15,206.19,206.14,206.19,0.01,0.00%,1800
"2024-08-13 09:23",206.23,206.24,206.17,206.18,-0.11,-0.05%,1900
"2024-08-13 09:22",206.309,206.32,206.29,206.29,0.001,0.00%,1600
"2024-08-13 09:21",206.21,206.29,206.21,206.289,0.089,+0.04%,1600
"2024-08-13 09:20",206.13,206.27,206.12,206.2,0.11,+0.05%,11490
"2024-08-13 09:19",206.12,206.13,206.09,206.09,-0.05,-0.02%,1300
"2024-08-13 09:18",206.13,206.16,206.13,206.14,0.09,+0.04%,2400
"2024-08-13 09:17",206.01,206.06,206.01,206.05,-0.01,0.00%,504
"2024-08-13 09:16",205.98,206.06,205.98,206.06,0.12,+0.06%,500
"2024-08-13 09:15",206,206.03,205.89,205.94,-0.1,-0.05%,13225
"2024-08-13 09:14",205.86,206.04,205.81,206.04,0.11,+0.05%,21455
"2024-08-13 09:13",206,206,205.9,205.93,-0.07,-0.03%,6842
"2024-08-13 09:12",206.25,206.25,206,206,-0.3,-0.15%,79194
"2024-08-13 09:11",206.35,206.35,206.29,206.3,-0.11,-0.05%,2738
"2024-08-13 09:10",206.3883,206.41,206.3883,206.41,0.04,+0.02%,7344
"2024-08-13 09:09",206.35,206.37,206.35,206.37,0.02,+0.01%,740
"2024-08-13 09:08",206.34,206.42,206.3,206.35,0.05,+0.02%,7770
"2024-08-13 09:07",206.3,206.32,206.3,206.3,0,0.00%,10110
"2024-08-13 09:06",206.27,206.33,206.27,206.3,-0.04,-0.02%,9873
"2024-08-13 09:05",206.31,206.36,206.31,206.34,0.09,+0.04%,10440
"2024-08-13 09:04",206.29,206.29,206.25,206.25,-0.07,-0.03%,700
"2024-08-13 09:03",206.26,206.32,206.26,206.32,0.02,+0.01%,1399
"2024-08-13 09:02",206.31,206.31,206.3,206.3,0.1,+0.05%,600
"2024-08-13 09:01",206.2,206.2,206.2,206.2,-0.06,-0.03%,749
"2024-08-13 09:00",206.2,206.26,206.2,206.26,0.04,+0.02%,5410
"2024-08-13 08:59",206.32,206.32,206.22,206.22,-0.05,-0.02%,3800
"2024-08-13 08:58",206.19,206.27,206.19,206.27,0.05,+0.02%,4310
"2024-08-13 08:57",206.15,206.23,206.15,206.22,0.16,+0.08%,973
"2024-08-13 08:56",206.02,206.06,206.01,206.06,0.04,+0.02%,1601
"2024-08-13 08:55",206.12,206.1286,206.02,206.02,-0.12,-0.06%,3635
"2024-08-13 08:54",206.19,206.2,206.14,206.14,-0.11,-0.05%,4479
"2024-08-13 08:53",206.21,206.25,206.21,206.25,0,0.00%,512
"2024-08-13 08:52",206.33,206.41,206.21,206.25,-0.12,-0.06%,3275
"2024-08-13 08:51",206.32,206.37,206.27,206.37,0.09,+0.04%,13644
"2024-08-13 08:50",206.28,206.28,206.22,206.28,0.12,+0.06%,1942
"2024-08-13 08:49",206.14,206.16,206.09,206.16,-0.13,-0.06%,3729
"2024-08-13 08:48",205.9817,206.29,205.9817,206.29,0.31,+0.15%,5075
"2024-08-13 08:47",206,206,205.96,205.98,-0.04,-0.02%,3317
"2024-08-13 08:46",206.18,206.18,206.02,206.02,-0.07,-0.03%,5687
"2024-08-13 08:45",206.15,206.15,206.09,206.09,0.12,+0.06%,1142
"2024-08-13 08:44",206.19,206.29,205.97,205.97,-0.24,-0.12%,5703
"2024-08-13 08:43",206.09,206.29,206.05,206.21,0.23,+0.11%,8990
"2024-08-13 08:42",205.91,206.04,205.84,205.98,-0.07,-0.03%,5231
"2024-08-13 08:41",205.99,206.05,205.99,206.05,0.1,+0.05%,4006
"2024-08-13 08:40",206.03,206.09,205.95,205.95,-0.1,-0.05%,13956
"2024-08-13 08:39",205.96,206.09,205.96,206.05,0.15,+0.07%,9800
"2024-08-13 08:38",206.29,206.29,205.9,205.9,-0.41,-0.20%,19803
"2024-08-13 08:37",206.25,206.37,206.11,206.31,0.13,+0.06%,1666
"2024-08-13 08:36",206.11,206.18,206.02,206.18,-0.02,-0.01%,53616
"2024-08-13 08:35",206.08,206.3,205.98,206.2,0.2,+0.10%,42188
"2024-08-13 08:34",206.21,206.33,206,206,-0.17,-0.08%,15378
"2024-08-13 08:33",206.045,206.23,205.95,206.17,0.12,+0.06%,13054
"2024-08-13 08:32",206.14,206.16,205.82,206.05,-0.1,-0.05%,33803
"2024-08-13 08:31",206.29,206.35,205.89,206.15,-0.16,-0.08%,41776
"2024-08-13 08:30",204.91,206.74,204.85,206.31,1.26,+0.61%,128738
"2024-08-13 08:29",205,205.05,204.93,205.05,0.15,+0.07%,1861
"2024-08-13 08:28",204.83,204.93,204.83,204.9,0.08,+0.04%,1821
"2024-08-13 08:27",204.82,204.99,204.78,204.82,0.02,+0.01%,14506
"2024-08-13 08:26",204.8,204.8,204.8,204.8,0.03,+0.01%,200
"2024-08-13 08:25",204.78,204.78,204.72,204.77,-0.05,-0.02%,1900
"2024-08-13 08:24",204.85,204.85,204.82,204.82,0.02,+0.01%,5101
"2024-08-13 08:23",204.84,204.84,204.8,204.8,-0.08,-0.04%,2769
"2024-08-13 08:22",204.88,204.88,204.88,204.88,-0.04,-0.02%,300
"2024-08-13 08:21",205.01,205.01,204.92,204.92,-0.01,0.00%,908
"2024-08-13 08:20",204.97,204.98,204.93,204.93,-0.01,0.00%,2240
"2024-08-13 08:19",205.01,205.01,204.94,204.94,-0.12,-0.06%,1605
"2024-08-13 08:18",205.14,205.14,205.06,205.06,0.01,0.00%,4689
"2024-08-13 08:16",205.17,205.17,205.05,205.05,-0.13,-0.06%,1307
"2024-08-13 08:15",205.04,205.18,205.04,205.18,0.07,+0.03%,1000
"2024-08-13 08:14",205.18,205.18,205.0904,205.11,-0.07,-0.03%,800
"2024-08-13 08:13",205.14,205.21,205.14,205.18,0.05,+0.02%,5800
"2024-08-13 08:12",205,205.15,204.99,205.13,0.1,+0.05%,3935
"2024-08-13 08:10",205.0982,205.0982,205.03,205.03,-0.06,-0.03%,400
"2024-08-13 08:09",204.99,205.1,204.99,205.09,0.1001,+0.05%,700
"2024-08-13 08:08",204.94,204.9899,204.94,204.9899,0.0799,+0.04%,1610
"2024-08-13 08:07",204.88,204.94,204.88,204.91,0.0596,+0.03%,1606
"2024-08-13 08:06",204.8809,204.8809,204.8504,204.8504,0.0487,+0.02%,1293
"2024-08-13 08:05",204.84,204.84,204.8017,204.8017,-0.0183,-0.01%,1100
"2024-08-13 08:04",204.74,204.82,204.74,204.82,0.19,+0.09%,1962
"2024-08-13 08:03",204.62,204.63,204.6,204.63,-0.05,-0.02%,9189
"2024-08-13 08:02",204.7,204.7,204.63,204.68,0.08,+0.04%,1859
"2024-08-13 08:01",205.4,205.54,204.49,204.6,0.09,+0.04%,11765
"2024-08-13 08:00",203.9699,204.59,203.87,204.51,-0.03,-0.01%,9304
"2024-08-13 07:58",204.52,204.54,204.52,204.54,0.12,+0.06%,400
"2024-08-13 07:57",204.4,204.42,204.4,204.42,0.11,+0.05%,1625
"2024-08-13 07:54",204.33,204.33,204.31,204.31,0.03,+0.01%,1000
"2024-08-13 07:51",204.35,204.35,204.28,204.28,-0.06,-0.03%,1418
"2024-08-13 07:50",204.34,204.34,204.34,204.34,-0.03,-0.01%,600
"2024-08-13 07:47",204.4,204.4,204.37,204.37,-0.01,0.00%,240
"2024-08-13 07:45",204.38,204.38,204.38,204.38,0.12,+0.06%,100
"2024-08-13 07:44",204.26,204.26,204.26,204.26,-0.07,-0.03%,100
"2024-08-13 07:43",204.33,204.33,204.33,204.33,0.16,+0.08%,449
"2024-08-13 07:40",204.17,204.17,204.17,204.17,-0.07,-0.03%,200
"2024-08-13 07:39",204.2,204.24,204.2,204.24,0.04,+0.02%,1487
"2024-08-13 07:37",204.21,204.21,204.2,204.2,-0.09,-0.04%,5586
"2024-08-13 07:36",204.25,204.29,204.25,204.29,0.01,0.00%,300
"2024-08-13 07:35",204.28,204.28,204.28,204.28,0.01,0.00%,104
"2024-08-13 07:34",204.27,204.27,204.27,204.27,0,0.00%,477
"2024-08-13 07:33",204.27,204.27,204.27,204.27,0,0.00%,428
"2024-08-13 07:31",204.27,204.27,204.27,204.27,0.02,+0.01%,100
"2024-08-13 07:30",204.25,204.25,204.25,204.25,-0.01,0.00%,198
"2024-08-13 07:28",204.26,204.26,204.26,204.26,-0.02,-0.01%,1694
"2024-08-13 07:27",204.23,204.28,204.23,204.28,0.09,+0.04%,1939
"2024-08-13 07:26",204.19,204.19,204.19,204.19,-0.01,0.00%,100
"2024-08-13 07:24",204.2,204.2,204.14,204.2,0,0.00%,1706
"2024-08-13 07:22",204.2,204.2,204.2,204.2,0.05,+0.02%,500
"2024-08-13 07:21",204.2,204.2,204.15,204.15,-0.03,-0.01%,1100
"2024-08-13 07:20",204.22,204.24,204.18,204.18,-0.03,-0.01%,1100
"2024-08-13 07:19",204.15,204.21,204.15,204.21,0.05,+0.02%,600
"2024-08-13 07:17",204.16,204.16,204.16,204.16,0.031,+0.02%,200
"2024-08-13 07:16",204.129,204.129,204.129,204.129,-0.085,-0.04%,100
"2024-08-13 07:15",204.22,204.24,204.209,204.214,-0.016,-0.01%,2340
"2024-08-13 07:14",204.21,204.23,204.21,204.23,0.03,+0.01%,1500
"2024-08-13 07:13",204.14,204.2,204.14,204.2,0.15,+0.07%,715
"2024-08-13 07:10",204.05,204.05,204.05,204.05,-0.034,-0.02%,100
"2024-08-13 07:09",204.06,204.084,204.06,204.084,0.024,+0.01%,600
"2024-08-13 07:08",204.05,204.06,204.02,204.06,0.04,+0.02%,1890
"2024-08-13 07:07",204.02,204.02,204.02,204.02,0.02,+0.01%,350
"2024-08-13 07:06",204.05,204.05,204,204,-0.04,-0.02%,3468
"2024-08-13 07:05",204.02,204.04,204.02,204.04,0.12,+0.06%,800
"2024-08-13 07:04",203.93,203.93,203.92,203.92,0,0.00%,700
"2024-08-13 07:03",203.89,203.94,203.88,203.92,-0.06,-0.03%,1100
"2024-08-13 07:02",203.94,203.98,203.94,203.98,0.14,+0.07%,200
"2024-08-13 07:01",203.84,203.84,203.84,203.84,0.01,0.00%,130
"2024-08-13 07:00",203.89,204.05,203.8,203.83,-0.09,-0.04%,9938
"2024-08-13 06:59",203.92,203.92,203.92,203.92,0.02,+0.01%,100
"2024-08-13 06:56",203.91,203.91,203.9,203.9,-0.09,-0.04%,453
"2024-08-13 06:55",203.99,203.99,203.99,203.99,-0.08,-0.04%,100
"2024-08-13 06:54",204.07,204.07,204.07,204.07,0.12,+0.06%,100
"2024-08-13 06:52",203.97,203.97,203.95,203.95,-0.12,-0.06%,2262
"2024-08-13 06:49",204.07,204.07,204.07,204.07,0.07,+0.03%,100
"2024-08-13 06:48",203.96,204,203.96,204,0.04,+0.02%,1624
"2024-08-13 06:47",203.96,203.96,203.96,203.96,0.08,+0.04%,500
"2024-08-13 06:45",203.94,203.94,203.88,203.88,-0.04,-0.02%,417
"2024-08-13 06:44",203.94,203.94,203.92,203.92,0.05,+0.02%,757
"2024-08-13 06:40",203.87,203.87,203.87,203.87,0.02,+0.01%,122
"2024-08-13 06:39",203.79,203.85,203.78,203.85,0.03,+0.01%,4551
"2024-08-13 06:37",203.82,203.82,203.82,203.82,-0.28,-0.14%,2000
"2024-08-13 06:33",204.1,204.1,204.1,204.1,0.03,+0.01%,573
"2024-08-13 06:29",204.06,204.07,204.06,204.07,0.03,+0.01%,200
"2024-08-13 06:28",204.04,204.04,204.04,204.04,0,0.00%,100
"2024-08-13 06:27",204.04,204.04,204.04,204.04,0,0.00%,582
"2024-08-13 06:26",203.92,204.04,203.92,204.04,0.02,+0.01%,1726
"2024-08-13 06:25",204.02,204.02,204.02,204.02,-0.18,-0.09%,457
"2024-08-13 06:15",204.2,204.2,204.2,204.2,0,0.00%,300
"2024-08-13 06:13",204.2,204.2,204.2,204.2,-0.06,-0.03%,259
"2024-08-13 06:10",204.26,204.26,204.26,204.26,-0.16,-0.08%,100
"2024-08-13 06:07",204.42,204.42,204.42,204.42,0.07,+0.03%,100
"2024-08-13 06:04",204.35,204.35,204.35,204.35,0.14,+0.07%,200
"2024-08-13 06:02",204.13,204.21,204.13,204.21,0.14,+0.07%,597
"2024-08-13 06:01",204,204.07,204,204.07,-0.12,-0.06%,750
"2024-08-13 06:00",204.51,204.51,204.15,204.19,-0.41,-0.20%,3227
"2024-08-13 05:59",204.6,204.6,204.6,204.6,-0.13,-0.06%,350
"2024-08-13 05:54",204.73,204.73,204.73,204.73,0.06,+0.03%,300
"2024-08-13 05:50",204.67,204.67,204.67,204.67,0.1,+0.05%,100
"2024-08-13 05:46",204.57,204.57,204.57,204.57,0.03,+0.01%,200
"2024-08-13 05:43",204.54,204.54,204.54,204.54,-0.04,-0.02%,100
"2024-08-13 05:39",204.58,204.58,204.58,204.58,0.01,0.00%,100
"2024-08-13 05:37",204.57,204.57,204.57,204.57,0.06,+0.03%,500
"2024-08-13 05:35",204.51,204.51,204.51,204.51,-0.01,0.00%,100
"2024-08-13 05:32",204.53,204.53,204.52,204.52,-0.02,-0.01%,200
"2024-08-13 05:31",204.54,204.54,204.54,204.54,0.04,+0.02%,109
"2024-08-13 05:30",204.5,204.5,204.5,204.5,0.06,+0.03%,412
"2024-08-13 05:29",204.44,204.44,204.44,204.44,0,0.00%,250
"2024-08-13 05:28",204.43,204.44,204.43,204.44,0.04,+0.02%,225
"2024-08-13 05:27",204.45,204.45,204.4,204.4,0.08,+0.04%,700
"2024-08-13 05:24",204.32,204.32,204.32,204.32,-0.01,0.00%,100
"2024-08-13 05:23",204.3,204.33,204.3,204.33,0.14,+0.07%,1100
"2024-08-13 05:22",204.19,204.19,204.19,204.19,-0.09,-0.04%,100
"2024-08-13 05:16",204.3,204.3,204.28,204.28,-0.05,-0.02%,862
"2024-08-13 05:15",204.35,204.35,204.28,204.33,0.05,+0.02%,714
"2024-08-13 05:14",204.2,204.28,204.2,204.28,0.12,+0.06%,4400
"2024-08-13 05:13",204.17,204.17,204.16,204.16,-0.12,-0.06%,486
"2024-08-13 05:12",204.2,204.28,204.2,204.28,0.05,+0.02%,963
"2024-08-13 05:11",204.23,204.23,204.23,204.23,0,0.00%,300
"2024-08-13 05:10",204.23,204.23,204.23,204.23,-0.04,-0.02%,273
"2024-08-13 05:09",204.34,204.34,204.27,204.27,-0.09,-0.04%,1300
"2024-08-13 05:08",204.26,204.36,204.26,204.36,-0.1,-0.05%,210
"2024-08-13 05:03",204.46,204.46,204.46,204.46,-0.25,-0.12%,100
"2024-08-13 05:02",204.71,204.71,204.71,204.71,0.23,+0.11%,100
"2024-08-13 05:00",204.54,204.54,204.48,204.48,-0.42,-0.20%,1180
"2024-08-13 04:50",204.9,204.9,204.9,204.9,0.14,+0.07%,100
"2024-08-13 04:48",204.76,204.76,204.76,204.76,0.06,+0.03%,539
"2024-08-13 04:47",204.7,204.7,204.7,204.7,0.01,0.00%,200
"2024-08-13 04:46",204.71,204.71,204.69,204.69,-0.21,-0.10%,1307
"2024-08-13 04:43",204.9,204.9,204.9,204.9,0.02,+0.01%,420
"2024-08-13 04:35",204.88,204.88,204.88,204.88,-0.14,-0.07%,149
"2024-08-13 04:30",205.02,205.02,205.02,205.02,0.1,+0.05%,500
"2024-08-13 04:27",204.92,204.92,204.92,204.92,0.16,+0.08%,100
"2024-08-13 04:24",204.75,204.76,204.75,204.76,-0.05,-0.02%,210
"2024-08-13 04:23",204.81,204.81,204.81,204.81,-0.1,-0.05%,300
"2024-08-13 04:22",204.91,204.91,204.91,204.91,-0.19,-0.09%,500
"2024-08-13 04:19",205.1,205.1,205.1,205.1,0,0.00%,1500
"2024-08-13 04:18",205.03,205.1,205.03,205.1,-0.15,-0.07%,500
"2024-08-13 04:17",205.25,205.25,205.25,205.25,-0.02,-0.01%,600
"2024-08-13 04:16",205.27,205.27,205.27,205.27,0,0.00%,1250
"2024-08-13 04:15",205.33,205.33,205.27,205.27,-0.12,-0.06%,200
"2024-08-13 04:13",205.45,205.45,205.39,205.39,-0.09,-0.04%,400
"2024-08-13 04:04",205.42,205.48,205.42,205.48,0.02,+0.01%,1900
"2024-08-13 04:01",205.43,205.46,205.43,205.46,0.86,+0.42%,2100
"2024-08-12 19:58",204.6,204.6,204.6,204.6,-0.04,-0.02%,114
"2024-08-12 19:57",204.64,204.64,204.64,204.64,0.01,0.00%,2300
"2024-08-12 19:52",204.6,204.63,204.6,204.63,0.03,+0.01%,486
"2024-08-12 19:47",204.59,204.6,204.59,204.6,0.04,+0.02%,871
"2024-08-12 19:46",204.56,204.56,204.56,204.56,0,0.00%,155
"2024-08-12 19:45",204.56,204.56,204.56,204.56,0.02,+0.01%,176
"2024-08-12 19:42",204.54,204.54,204.54,204.54,0.02,+0.01%,100
"2024-08-12 19:40",204.55,204.55,204.51,204.52,-0.03,-0.01%,740
"2024-08-12 19:38",204.55,204.55,204.55,204.55,-0.05,-0.02%,497
"2024-08-12 19:37",204.6,204.6,204.6,204.6,0.01,0.00%,300
"2024-08-12 19:35",204.58,204.59,204.58,204.59,-0.01,0.00%,1100
"2024-08-12 19:34",204.58,204.6,204.58,204.6,0.02,+0.01%,1720
"2024-08-12 19:33",204.6,204.6,204.58,204.58,-0.21,-0.10%,700
"2024-08-12 19:32",204.79,204.79,204.79,204.79,-0.08,-0.04%,600
"2024-08-12 19:31",204.87,204.87,204.87,204.87,-0.13,-0.06%,695
"2024-08-12 19:30",204.74,205,204.74,205,0.42,+0.21%,1695
"2024-08-12 19:22",204.6,204.6,204.58,204.58,-0.05,-0.02%,14760
"2024-08-12 19:21",204.63,204.64,204.63,204.63,-0.0131,-0.01%,10100
"2024-08-12 19:18",204.6431,204.6431,204.6431,204.6431,-0.0169,-0.01%,150
"2024-08-12 19:10",204.66,204.66,204.66,204.66,0,0.00%,100
"2024-08-12 19:00",204.66,204.66,204.66,204.66,0.06,+0.03%,100
"2024-08-12 18:55",204.6,204.6,204.6,204.6,0.02,+0.01%,162
"2024-08-12 18:53",204.58,204.58,204.58,204.58,-0.03,-0.01%,110
"2024-08-12 18:52",204.63,204.63,204.61,204.61,-0.02,-0.01%,4950
"2024-08-12 18:47",204.63,204.63,204.63,204.63,-0.03,-0.01%,158
"2024-08-12 18:41",204.66,204.66,204.66,204.66,0.04,+0.02%,200
"2024-08-12 18:38",204.62,204.62,204.62,204.62,0,0.00%,226
"2024-08-12 18:36",204.62,204.62,204.62,204.62,-0.1,-0.05%,500
"2024-08-12 18:30",204.71,204.72,204.71,204.72,0,0.00%,350
"2024-08-12 18:29",204.72,204.72,204.72,204.72,0.02,+0.01%,100
"2024-08-12 18:27",204.7,204.7,204.7,204.7,0,0.00%,349
"2024-08-12 18:26",204.72,204.72,204.7,204.7,-0.01,0.00%,350
"2024-08-12 18:21",204.7,204.72,204.7,204.71,0.01,0.00%,800
"2024-08-12 18:20",204.71,204.71,204.7,204.7,0.02,+0.01%,957
"2024-08-12 18:19",204.69,204.71,204.68,204.68,-0.05,-0.02%,1551
"2024-08-12 18:12",204.73,204.73,204.73,204.73,0.12,+0.06%,100
"2024-08-12 18:08",204.61,204.61,204.61,204.61,-0.02,-0.01%,135
"2024-08-12 18:02",204.63,204.63,204.63,204.63,-0.03,-0.01%,1900
"2024-08-12 18:00",204.66,204.66,204.65,204.66,0,0.00%,6139
"2024-08-12 17:59",204.6,204.66,204.6,204.66,0.0015,0.00%,2950
"2024-08-12 17:52",204.6585,204.6585,204.6585,204.6585,0.0585,+0.03%,250
"2024-08-12 17:51",204.6,204.6,204.6,204.6,-0.06,-0.03%,400
"2024-08-12 17:49",204.66,204.66,204.66,204.66,0.01,0.00%,1000
"2024-08-12 17:42",204.65,204.65,204.65,204.65,0.09,+0.04%,400
"2024-08-12 17:38",204.56,204.56,204.56,204.56,-0.05,-0.02%,100
"2024-08-12 17:35",204.61,204.61,204.61,204.61,0.01,0.00%,100
"2024-08-12 17:34",204.6,204.6,204.6,204.6,-0.06,-0.03%,300
"2024-08-12 17:30",204.66,204.66,204.66,204.66,0.06,+0.03%,945
"2024-08-12 17:22",204.6,204.6,204.6,204.6,0.01,0.00%,478
"2024-08-12 17:19",204.59,204.59,204.59,204.59,-0.01,0.00%,100
"2024-08-12 17:17",204.6,204.6,204.6,204.6,-0.04,-0.02%,300
"2024-08-12 17:06",204.64,204.64,204.64,204.64,0,0.00%,100
"2024-08-12 17:05",204.64,204.64,204.64,204.64,0.0296,+0.01%,300
"2024-08-12 17:04",204.64,204.64,204.6104,204.6104,0,0.00%,2400
"2024-08-12 17:03",204.6104,204.6104,204.6104,204.6104,-0.0296,-0.01%,100
"2024-08-12 17:02",204.64,204.64,204.64,204.64,-0.1,-0.05%,600
"2024-08-12 17:00",204.62,204.75,204.62,204.74,0.14,+0.07%,1100
"2024-08-12 16:58",204.57,204.6,204.57,204.6,0.05,+0.02%,1310
"2024-08-12 16:55",204.55,204.55,204.55,204.55,-0.01,0.00%,1709
"2024-08-12 16:54",204.54,204.56,204.54,204.56,0.02,+0.01%,3700
"2024-08-12 16:53",204.54,204.54,204.54,204.54,0.04,+0.02%,1300
"2024-08-12 16:51",204.5597,204.6,204.5,204.5,-0.05,-0.02%,7017
"2024-08-12 16:49",204.59,204.59,204.55,204.55,0.01,0.00%,475
"2024-08-12 16:48",204.53,204.55,204.53,204.54,0.01,0.00%,1200
"2024-08-12 16:47",204.6,204.6,204.53,204.53,-0.01,0.00%,19525
"2024-08-12 16:46",204.54,204.54,204.54,204.54,-0.02,-0.01%,900
"2024-08-12 16:45",204.56,204.56,204.56,204.56,0.03,+0.01%,100
"2024-08-12 16:44",204.53,204.53,204.53,204.53,-0.01,0.00%,124
"2024-08-12 16:41",204.54,204.5401,204.54,204.54,0.02,+0.01%,400
"2024-08-12 16:40",204.52,204.52,204.52,204.52,-0.01,0.00%,100
"2024-08-12 16:35",204.51,204.53,204.51,204.53,-0.01,0.00%,1195
"2024-08-12 16:33",204.54,204.54,204.54,204.54,0.01,0.00%,1530
"2024-08-12 16:32",204.53,204.54,204.53,204.53,0,0.00%,913
"2024-08-12 16:31",204.54,204.54,204.53,204.53,-0.02,-0.01%,6330
"2024-08-12 16:30",204.56,204.56,204.55,204.55,-0.01,0.00%,1610
"2024-08-12 16:29",204.56,204.56,204.56,204.56,-0.01,0.00%,300
"2024-08-12 16:26",204.58,204.58,204.57,204.57,-0.07,-0.03%,1560
"2024-08-12 16:25",204.65,204.65,204.64,204.64,0,0.00%,1012
"2024-08-12 16:24",204.64,204.64,204.64,204.64,0.02,+0.01%,136
"2024-08-12 16:22",204.62,204.62,204.62,204.62,-0.01,0.00%,100
"2024-08-12 16:21",204.63,204.63,204.63,204.63,-0.03,-0.01%,100
"2024-08-12 16:20",204.62,204.66,204.6115,204.66,0.03,+0.01%,380
"2024-08-12 16:19",204.63,204.63,204.63,204.63,-0.06,-0.03%,100
"2024-08-12 16:17",204.7,204.7,204.69,204.69,0,0.00%,300
"2024-08-12 16:16",204.65,204.71,204.64,204.69,0.03,+0.01%,14662
"2024-08-12 16:15",204.62,204.66,204.62,204.66,0.05,+0.02%,300
"2024-08-12 16:14",204.62,204.62,204.61,204.61,-0.04,-0.02%,200
"2024-08-12 16:13",204.69,204.69,204.65,204.65,-0.05,-0.02%,500
"2024-08-12 16:12",204.68,204.7,204.68,204.7,0.08,+0.04%,23101
"2024-08-12 16:11",204.64,204.7,204.62,204.62,-0.01,0.00%,2569
"2024-08-12 16:10",204.6,204.65,204.6,204.63,0.03,+0.01%,2400
"2024-08-12 16:09",204.54,204.61,204.54,204.6,0.07,+0.03%,24105
"2024-08-12 16:08",204.47,204.53,204.33,204.53,0.07,+0.03%,58753
"2024-08-12 16:07",204.45,204.6,204.38,204.46,-0.01,0.00%,45263
"2024-08-12 16:06",204.49,204.56,204.47,204.47,-0.13,-0.06%,19090
"2024-08-12 16:05",204.5,204.6,204.48,204.6,0.18,+0.09%,4610
"2024-08-12 16:04",204.34,204.42,204.32,204.42,0.04,+0.02%,22565
"2024-08-12 16:03",204.4,204.41,204.32,204.38,-0.03,-0.01%,14757
"2024-08-12 16:02",204.5,204.52,204.4,204.41,-0.09,-0.04%,15801
"2024-08-12 16:01",204.62,204.65,204.48,204.5,-0.14,-0.07%,26558
"2024-08-12 16:00",204.6,204.67,204.56,204.64,0.02,+0.01%,95539
"2024-08-12 15:59",204.31,204.68,204.31,204.62,0.31,+0.15%,787241
"2024-08-12 15:58",204.22,204.36,204.22,204.31,0.095,+0.05%,185784
"2024-08-12 15:57",204.342,204.345,204.2,204.215,-0.125,-0.06%,89853
"2024-08-12 15:56",204.285,204.355,204.25,204.34,0.06,+0.03%,94719
"2024-08-12 15:55",204.25,204.32,204.21,204.28,0.02,+0.01%,84147
"2024-08-12 15:54",204.135,204.3,204.131,204.26,0.125,+0.06%,102410
"2024-08-12 15:53",204.23,204.24,204.08,204.135,-0.107,-0.05%,137493
"2024-08-12 15:52",204.29,204.29,204.16,204.242,-0.058,-0.03%,174663
"2024-08-12 15:51",204.42,204.44,204.285,204.3,-0.1,-0.05%,236380
"2024-08-12 15:50",204.42,204.536,204.33,204.4,-0.03,-0.01%,98795
"2024-08-12 15:49",204.37,204.44,204.34,204.43,0.05,+0.02%,39791
"2024-08-12 15:48",204.41,204.41,204.321,204.38,-0.045,-0.02%,36862
"2024-08-12 15:47",204.39,204.465,204.34,204.425,0.035,+0.02%,28252
"2024-08-12 15:46",204.356,204.47,204.356,204.39,0.035,+0.02%,24086
"2024-08-12 15:45",204.41,204.46,204.355,204.355,-0.055,-0.03%,38846
"2024-08-12 15:44",204.51,204.51,204.4,204.41,-0.12,-0.06%,24777
"2024-08-12 15:43",204.48,204.545,204.4,204.53,0.04,+0.02%,60975
"2024-08-12 15:42",204.4787,204.52,204.41,204.49,0.02,+0.01%,60387
"2024-08-12 15:41",204.515,204.58,204.43,204.47,-0.04,-0.02%,31043
"2024-08-12 15:40",204.56,204.5899,204.47,204.51,-0.04,-0.02%,30452
"2024-08-12 15:39",204.5,204.55,204.42,204.55,0.06,+0.03%,58778
"2024-08-12 15:38",204.58,204.58,204.43,204.49,-0.09,-0.04%,89897
"2024-08-12 15:37",204.68,204.7,204.58,204.58,-0.09,-0.04%,34139
"2024-08-12 15:36",204.78,204.7875,204.645,204.67,-0.11,-0.05%,13749
"2024-08-12 15:35",204.69,204.81,204.675,204.78,0.08,+0.04%,26429
"2024-08-12 15:34",204.75,204.75,204.67,204.7,-0.06,-0.03%,21274
"2024-08-12 15:33",204.8,204.85,204.75,204.76,-0.06,-0.03%,16905
"2024-08-12 15:32",204.84,204.875,204.78,204.82,-0.04,-0.02%,36565
"2024-08-12 15:31",204.78,204.87,204.71,204.86,0.085,+0.04%,36911
"2024-08-12 15:30",204.77,204.82,204.7599,204.775,0.0051,0.00%,30282
"2024-08-12 15:29",204.89,204.925,204.73,204.7699,-0.1301,-0.06%,72659
"2024-08-12 15:28",204.84,204.92,204.83,204.9,0.08,+0.04%,23943
"2024-08-12 15:27",204.78,204.845,204.76,204.82,0.02,+0.01%,16583
"2024-08-12 15:26",204.74,204.8,204.73,204.8,0.06,+0.03%,13911
"2024-08-12 15:25",204.7,204.7693,204.7,204.74,0.04,+0.02%,15233
"2024-08-12 15:24",204.64,204.72,204.61,204.7,0.0502,+0.02%,36030
"2024-08-12 15:23",204.655,204.68,204.61,204.6498,-0.0002,0.00%,35528
"2024-08-12 15:22",204.685,204.73,204.6401,204.65,-0.03,-0.01%,27447
"2024-08-12 15:21",204.66,204.74,204.66,204.68,0.02,+0.01%,22522
"2024-08-12 15:20",204.78,204.83,204.66,204.66,-0.12,-0.06%,9684
"2024-08-12 15:19",204.785,204.815,204.76,204.78,-0.015,-0.01%,15514
"2024-08-12 15:18",204.71,204.8,204.69,204.795,0.065,+0.03%,8930
"2024-08-12 15:17",204.6312,204.73,204.6312,204.73,0.1,+0.05%,13279
"2024-08-12 15:16",204.66,204.68,204.61,204.63,-0.038,-0.02%,15247
"2024-08-12 15:15",204.61,204.695,204.55,204.668,0.058,+0.03%,15033
"2024-08-12 15:14",204.56,204.63,204.54,204.61,0.04,+0.02%,21630
"2024-08-12 15:13",204.65,204.65,204.55,204.57,-0.09,-0.04%,17753
"2024-08-12 15:12",204.67,204.72,204.6595,204.66,-0.015,-0.01%,16326
"2024-08-12 15:11",204.58,204.69,204.58,204.675,0.095,+0.05%,36960
"2024-08-12 15:10",204.43,204.5948,204.43,204.58,0.14,+0.07%,14457
"2024-08-12 15:09",204.46,204.49,204.4099,204.44,-0.02,-0.01%,34062
"2024-08-12 15:08",204.51,204.56,204.46,204.46,-0.0499,-0.02%,12968
"2024-08-12 15:07",204.59,204.59,204.5,204.5099,-0.0801,-0.04%,10817
"2024-08-12 15:06",204.63,204.63,204.55,204.59,-0.04,-0.02%,10338
"2024-08-12 15:05",204.67,204.67,204.62,204.63,-0.03,-0.01%,5273
"2024-08-12 15:04",204.615,204.6999,204.61,204.66,0.04,+0.02%,9567
"2024-08-12 15:03",204.63,204.63,204.57,204.62,0,0.00%,6972
"2024-08-12 15:02",204.61,204.63,204.53,204.62,0.02,+0.01%,22138
"2024-08-12 15:01",204.585,204.66,204.565,204.6,0.0205,+0.01%,5362
"2024-08-12 15:00",204.685,204.685,204.5795,204.5795,-0.1055,-0.05%,17608
"2024-08-12 14:59",204.7,204.71,204.6205,204.685,-0.015,-0.01%,5368
"2024-08-12 14:58",204.67,204.71,204.63,204.7,0.01,0.00%,17159
"2024-08-12 14:57",204.78,204.79,204.69,204.69,-0.0666,-0.03%,15810
"2024-08-12 14:56",204.76,204.79,204.74,204.7566,0.0016,0.00%,8828
"2024-08-12 14:55",204.7113,204.79,204.7113,204.755,0.045,+0.02%,17351
"2024-08-12 14:54",204.69,204.7399,204.69,204.71,0.02,+0.01%,4552
"2024-08-12 14:53",204.8,204.8041,204.68,204.69,-0.1201,-0.06%,15138
"2024-08-12 14:52",204.725,204.8101,204.72,204.8101,0.0901,+0.04%,13006
"2024-08-12 14:51",204.76,204.7951,204.715,204.72,-0.04,-0.02%,13639
"2024-08-12 14:50",204.65,204.77,204.64,204.76,0.12,+0.06%,20882
"2024-08-12 14:49",204.61,204.65,204.603,204.64,0.02,+0.01%,5199
"2024-08-12 14:48",204.68,204.72,204.62,204.62,-0.05,-0.02%,10281
"2024-08-12 14:47",204.62,204.67,204.55,204.67,0.05,+0.02%,13626
"2024-08-12 14:46",204.67,204.67,204.58,204.62,-0.0348,-0.02%,25999
"2024-08-12 14:45",204.655,204.71,204.64,204.6548,-0.0002,0.00%,13811
"2024-08-12 14:44",204.69,204.69,204.635,204.655,-0.035,-0.02%,22793
"2024-08-12 14:43",204.685,204.72,204.67,204.69,0.02,+0.01%,11065
"2024-08-12 14:42",204.6499,204.67,204.62,204.67,0.04,+0.02%,7542
"2024-08-12 14:41",204.535,204.63,204.52,204.63,0.11,+0.05%,4810
"2024-08-12 14:40",204.63,204.63,204.49,204.52,-0.12,-0.06%,6047
"2024-08-12 14:39",204.58,204.7,204.58,204.64,0.07,+0.03%,20165
"2024-08-12 14:38",204.5,204.58,204.47,204.57,0.07,+0.03%,4791
"2024-08-12 14:37",204.57,204.59,204.445,204.5,-0.08,-0.04%,19848
"2024-08-12 14:36",204.5,204.58,204.46,204.58,0.07,+0.03%,20412
"2024-08-12 14:35",204.466,204.5256,204.45,204.51,0.03,+0.01%,8640
"2024-08-12 14:34",204.53,204.54,204.48,204.48,-0.03,-0.01%,8087
"2024-08-12 14:33",204.45,204.55,204.44,204.51,0.04,+0.02%,42391
"2024-08-12 14:32",204.46,204.5,204.3937,204.47,0.02,+0.01%,16168
"2024-08-12 14:31",204.43,204.48,204.38,204.45,0.03,+0.01%,14984
"2024-08-12 14:30",204.52,204.52,204.41,204.42,-0.12,-0.06%,29165
"2024-08-12 14:29",204.59,204.6042,204.525,204.54,-0.03,-0.01%,10158
"2024-08-12 14:28",204.65,204.695,204.57,204.57,-0.08,-0.04%,17254
"2024-08-12 14:27",204.59,204.68,204.59,204.65,0.03,+0.01%,11018
"2024-08-12 14:26",204.585,204.6501,204.5499,204.62,0.05,+0.02%,21829
"2024-08-12 14:25",204.525,204.5977,204.525,204.57,0.02,+0.01%,7624
"2024-08-12 14:24",204.66,204.66,204.55,204.55,-0.13,-0.06%,52928
"2024-08-12 14:23",204.69,204.725,204.655,204.68,-0.02,-0.01%,12758
"2024-08-12 14:22",204.71,204.74,204.6901,204.7,-0.02,-0.01%,14597
"2024-08-12 14:21",204.71,204.77,204.68,204.72,-0.02,-0.01%,17477
"2024-08-12 14:20",204.565,204.74,204.55,204.74,0.17,+0.08%,19581
"2024-08-12 14:19",204.69,204.6929,204.57,204.57,-0.15,-0.07%,64370
"2024-08-12 14:18",204.72,204.725,204.66,204.72,0,0.00%,13261
"2024-08-12 14:17",204.72,204.73,204.69,204.72,-0.0005,0.00%,5080
"2024-08-12 14:16",204.66,204.75,204.65,204.7205,0.0705,+0.03%,22550
"2024-08-12 14:15",204.78,204.79,204.62,204.65,-0.13,-0.06%,34048
"2024-08-12 14:14",204.8,204.83,204.745,204.78,-0.01,0.00%,23545
"2024-08-12 14:13",204.7093,204.79,204.705,204.79,0.11,+0.05%,19515
"2024-08-12 14:12",204.59,204.69,204.57,204.68,0.12,+0.06%,11940
"2024-08-12 14:11",204.6675,204.67,204.55,204.56,-0.1,-0.05%,10513
"2024-08-12 14:10",204.53,204.66,204.53,204.66,0.12,+0.06%,32327
"2024-08-12 14:09",204.57,204.61,204.492,204.54,-0.02,-0.01%,24399
"2024-08-12 14:08",204.63,204.65,204.54,204.56,-0.07,-0.03%,38682
"2024-08-12 14:07",204.65,204.6575,204.5975,204.63,-0.015,-0.01%,17021
"2024-08-12 14:06",204.5901,204.67,204.59,204.645,0.065,+0.03%,11612
"2024-08-12 14:05",204.6857,204.69,204.5699,204.58,-0.1,-0.05%,11867
"2024-08-12 14:04",204.6,204.74,204.6,204.68,0.06,+0.03%,15329
"2024-08-12 14:03",204.58,204.67,204.58,204.62,0.0676,+0.03%,29499
"2024-08-12 14:02",204.46,204.56,204.45,204.5524,0.1124,+0.05%,7756
"2024-08-12 14:01",204.47,204.5,204.43,204.44,-0.05,-0.02%,13870
"2024-08-12 14:00",204.5,204.57,204.45,204.49,-0.01,0.00%,19949
"2024-08-12 13:59",204.52,204.55,204.5,204.5,-0.03,-0.01%,6497
"2024-08-12 13:58",204.52,204.5499,204.47,204.53,0.02,+0.01%,10766
"2024-08-12 13:57",204.58,204.58,204.495,204.51,-0.07,-0.03%,13097
"2024-08-12 13:56",204.46,204.58,204.45,204.58,0.12,+0.06%,18774
"2024-08-12 13:55",204.47,204.53,204.4502,204.46,-0.0101,0.00%,23996
"2024-08-12 13:54",204.532,204.5425,204.44,204.4701,-0.0549,-0.03%,9261
"2024-08-12 13:53",204.41,204.53,204.38,204.525,0.1149,+0.06%,21318
"2024-08-12 13:52",204.45,204.49,204.31,204.4101,-0.0499,-0.02%,21339
"2024-08-12 13:51",204.54,204.58,204.46,204.46,-0.12,-0.06%,17177
"2024-08-12 13:50",204.62,204.63,204.48,204.58,-0.04,-0.02%,32427
"2024-08-12 13:49",204.8,204.9,204.62,204.62,-0.22,-0.11%,26189
"2024-08-12 13:48",204.8,204.85,204.78,204.84,0.03,+0.01%,5082
"2024-08-12 13:47",204.7,204.81,204.68,204.81,0.095,+0.05%,5985
"2024-08-12 13:46",204.77,204.7922,204.7,204.715,-0.045,-0.02%,17511
"2024-08-12 13:45",204.73,204.83,204.7,204.76,0.01,0.00%,19229
"2024-08-12 13:44",204.76,204.77,204.65,204.75,-0.0125,-0.01%,6180
"2024-08-12 13:43",204.77,204.8001,204.74,204.7625,-0.0175,-0.01%,9965
"2024-08-12 13:42",204.9,204.9,204.74,204.78,-0.1329,-0.06%,13637
"2024-08-12 13:41",204.89,204.95,204.85,204.9129,0.0229,+0.01%,6785
"2024-08-12 13:40",204.94,204.98,204.84,204.89,-0.04,-0.02%,34520
"2024-08-12 13:39",204.88,204.93,204.8502,204.93,0.07,+0.03%,6000
"2024-08-12 13:38",204.92,204.92,204.78,204.86,-0.06,-0.03%,84187
"2024-08-12 13:37",204.82,204.95,204.82,204.92,0.06,+0.03%,61784
"2024-08-12 13:36",204.9,204.9392,204.8136,204.86,-0.06,-0.03%,22717
"2024-08-12 13:35",204.94,204.97,204.84,204.92,-0.02,-0.01%,19849
"2024-08-12 13:34",204.86,204.94,204.81,204.94,0.09,+0.04%,68757
"2024-08-12 13:33",204.81,204.85,204.7,204.85,0.04,+0.02%,11021
"2024-08-12 13:32",204.77,204.8388,204.77,204.81,0.05,+0.02%,11408
"2024-08-12 13:31",204.75,204.77,204.67,204.76,0,0.00%,16937
"2024-08-12 13:30",204.67,204.7642,204.67,204.76,0.09,+0.04%,12410
"2024-08-12 13:29",204.63,204.72,204.63,204.67,0.06,+0.03%,14134
"2024-08-12 13:28",204.63,204.68,204.585,204.61,-0.01,0.00%,21611
"2024-08-12 13:27",204.44,204.62,204.44,204.62,0.2,+0.10%,14879
"2024-08-12 13:26",204.48,204.5102,204.32,204.42,-0.08,-0.04%,13517
"2024-08-12 13:25",204.66,204.66,204.43,204.5,-0.185,-0.09%,19571
"2024-08-12 13:24",204.64,204.685,204.63,204.685,0.045,+0.02%,11251
"2024-08-12 13:23",204.66,204.68,204.64,204.64,-0.03,-0.01%,8942
"2024-08-12 13:22",204.78,204.84,204.66,204.67,-0.0906,-0.04%,22733
"2024-08-12 13:21",204.6603,204.84,204.6603,204.7606,0.0706,+0.03%,53072
"2024-08-12 13:20",204.56,204.69,204.54,204.69,0.108,+0.05%,10546
"2024-08-12 13:19",204.535,204.59,204.52,204.582,0.062,+0.03%,25890
"2024-08-12 13:18",204.46,204.52,204.43,204.52,0.052,+0.03%,18535
"2024-08-12 13:17",204.37,204.4701,204.3504,204.468,0.0944,+0.05%,17409
"2024-08-12 13:16",204.32,204.43,204.31,204.3736,0.0036,0.00%,19589
"2024-08-12 13:15",204.245,204.37,204.23,204.37,0.12,+0.06%,9683
"2024-08-12 13:14",204.11,204.27,204.11,204.25,0.15,+0.07%,10372
"2024-08-12 13:13",204.21,204.25,204.04,204.1,-0.1,-0.05%,12511
"2024-08-12 13:12",204.1,204.22,204.1,204.2,0.12,+0.06%,11231
"2024-08-12 13:11",204.15,204.16,204.05,204.08,-0.08,-0.04%,12592
"2024-08-12 13:10",204.16,204.17,204.08,204.16,0,0.00%,15650
"2024-08-12 13:09",204.095,204.18,204.07,204.16,0.09,+0.04%,10216
"2024-08-12 13:08",204.1,204.13,204.0563,204.07,0,0.00%,7811
"2024-08-12 13:07",204.09,204.12,204.04,204.07,-0.035,-0.02%,14361
"2024-08-12 13:06",204.08,204.1476,204.0659,204.105,0.045,+0.02%,6383
"2024-08-12 13:05",204.11,204.11,204.01,204.06,-0.07,-0.03%,16115
"2024-08-12 13:04",204.12,204.21,204.12,204.13,0.015,+0.01%,14747
"2024-08-12 13:03",204.03,204.135,203.99,204.115,0.065,+0.03%,8396
"2024-08-12 13:02",203.97,204.07,203.94,204.05,0.09,+0.04%,35875
"2024-08-12 13:01",203.91,203.98,203.84,203.96,0.08,+0.04%,25520
"2024-08-12 13:00",204.06,204.0601,203.82,203.88,-0.19,-0.09%,63568
"2024-08-12 12:59",204.27,204.28,204.07,204.07,-0.17,-0.08%,11122
"2024-08-12 12:58",204.24,204.305,204.145,204.24,0,0.00%,26280
"2024-08-12 12:57",204.23,204.25,204.15,204.24,-0.015,-0.01%,26466
"2024-08-12 12:56",204.4,204.4,204.125,204.255,-0.165,-0.08%,45560
"2024-08-12 12:55",204.515,204.5299,204.41,204.42,-0.1,-0.05%,20439
"2024-08-12 12:54",204.48,204.58,204.48,204.52,0.05,+0.02%,15704
"2024-08-12 12:53",204.45,204.52,204.45,204.47,0.01,0.00%,14184
"2024-08-12 12:52",204.47,204.4751,204.3809,204.46,-0.01,0.00%,14152
"2024-08-12 12:51",204.46,204.47,204.39,204.47,0.01,0.00%,10851
"2024-08-12 12:50",204.46,204.46,204.3188,204.46,0,0.00%,34535
"2024-08-12 12:49",204.55,204.57,204.46,204.46,-0.085,-0.04%,21334
"2024-08-12 12:48",204.54,204.545,204.485,204.545,0.015,+0.01%,11427
"2024-08-12 12:47",204.558,204.558,204.505,204.53,-0.01,0.00%,8138
"2024-08-12 12:46",204.58,204.625,204.51,204.54,-0.04,-0.02%,26407
"2024-08-12 12:45",204.42,204.59,204.42,204.58,0.17,+0.08%,23275
"2024-08-12 12:44",204.37,204.4251,204.37,204.41,0.03,+0.01%,11827
"2024-08-12 12:43",204.29,204.38,204.29,204.38,0.0987,+0.05%,12161
"2024-08-12 12:42",204.272,204.35,204.248,204.2813,0.0113,+0.01%,11805
"2024-08-12 12:41",204.47,204.47,204.26,204.27,-0.2,-0.10%,11709
"2024-08-12 12:40",204.4999,204.55,204.47,204.47,0,0.00%,19158
"2024-08-12 12:39",204.3708,204.52,204.3708,204.47,0.09,+0.04%,28854
"2024-08-12 12:38",204.23,204.38,204.19,204.38,0.12,+0.06%,27572
"2024-08-12 12:37",204.29,204.315,204.24,204.26,-0.0392,-0.02%,11543
"2024-08-12 12:36",204.28,204.37,204.2387,204.2992,0.0092,0.00%,22918
"2024-08-12 12:35",204.28,204.32,204.2,204.29,0,0.00%,29232
"2024-08-12 12:34",204.3894,204.4,204.27,204.29,-0.08,-0.04%,62532
"2024-08-12 12:33",204.47,204.48,204.37,204.37,-0.12,-0.06%,13051
"2024-08-12 12:32",204.52,204.55,204.47,204.49,-0.03,-0.01%,11502
"2024-08-12 12:31",204.48,204.61,204.48,204.52,0.05,+0.02%,21394
"2024-08-12 12:30",204.38,204.47,204.35,204.47,0.07,+0.03%,36852
"2024-08-12 12:29",204.31,204.45,204.305,204.4,0.09,+0.04%,15545
"2024-08-12 12:28",204.3,204.35,204.24,204.31,0.01,0.00%,23257
"2024-08-12 12:27",204.44,204.44,204.28,204.3,-0.13,-0.06%,20942
"2024-08-12 12:26",204.48,204.48,204.41,204.43,-0.03,-0.01%,14166
"2024-08-12 12:25",204.45,204.54,204.43,204.46,0.01,0.00%,11646
"2024-08-12 12:24",204.34,204.4516,204.32,204.45,0.13,+0.06%,10358
"2024-08-12 12:23",204.42,204.42,204.31,204.32,-0.09,-0.04%,19103
"2024-08-12 12:22",204.57,204.6,204.4,204.41,-0.17,-0.08%,15990
"2024-08-12 12:21",204.48,204.6,204.41,204.58,0.09,+0.04%,11321
"2024-08-12 12:20",204.47,204.49,204.37,204.49,0.03,+0.01%,10414
"2024-08-12 12:19",204.41,204.53,204.41,204.46,0.04,+0.02%,7608
"2024-08-12 12:18",204.45,204.51,204.4002,204.42,-0.02,-0.01%,14967
"2024-08-12 12:17",204.4,204.44,204.32,204.44,0.0552,+0.03%,16374
"2024-08-12 12:16",204.4434,204.48,204.35,204.3848,-0.0453,-0.02%,20582
"2024-08-12 12:15",204.56,204.57,204.4,204.4301,-0.1599,-0.08%,22254
"2024-08-12 12:14",204.54,204.59,204.48,204.59,0.05,+0.02%,13657
"2024-08-12 12:13",204.405,204.57,204.395,204.54,0.14,+0.07%,22497
"2024-08-12 12:12",204.395,204.44,204.33,204.4,0.01,0.00%,18651
"2024-08-12 12:11",204.425,204.5,204.39,204.39,-0.03,-0.01%,9846
"2024-08-12 12:10",204.5,204.5,204.39,204.42,-0.07,-0.03%,11263
"2024-08-12 12:09",204.49,204.5,204.43,204.49,-0.01,0.00%,9383
"2024-08-12 12:08",204.62,204.65,204.5,204.5,-0.1,-0.05%,20553
"2024-08-12 12:07",204.56,204.64,204.43,204.6,0.04,+0.02%,21024
"2024-08-12 12:06",204.64,204.768,204.53,204.56,-0.08,-0.04%,22882
"2024-08-12 12:05",204.77,204.82,204.61,204.64,-0.13,-0.06%,19445
"2024-08-12 12:04",204.8,204.85,204.72,204.77,-0.0417,-0.02%,33668
"2024-08-12 12:03",204.845,204.88,204.78,204.8117,-0.0433,-0.02%,41596
"2024-08-12 12:02",204.91,204.92,204.81,204.855,-0.025,-0.01%,15860
"2024-08-12 12:01",204.78,204.92,204.76,204.88,0.1,+0.05%,27417
"2024-08-12 12:00",204.84,204.84,204.71,204.78,-0.06,-0.03%,33270
"2024-08-12 11:59",204.8002,204.92,204.77,204.84,0.01,0.00%,29419
"2024-08-12 11:58",204.7,204.83,204.7,204.83,0.14,+0.07%,33778
"2024-08-12 11:57",204.6199,204.7,204.56,204.69,0.04,+0.02%,8321
"2024-08-12 11:56",204.53,204.68,204.48,204.65,0.12,+0.06%,31480
"2024-08-12 11:55",204.61,204.67,204.52,204.53,-0.07,-0.03%,24014
"2024-08-12 11:54",204.54,204.62,204.49,204.6,0.09,+0.04%,20542
"2024-08-12 11:53",204.45,204.54,204.43,204.51,0.05,+0.02%,12914
"2024-08-12 11:52",204.43,204.48,204.36,204.46,0.03,+0.01%,21831
"2024-08-12 11:51",204.31,204.49,204.3,204.43,0.15,+0.07%,144087
"2024-08-12 11:50",204.2,204.33,204.1,204.28,0.0607,+0.03%,60062
"2024-08-12 11:49",204.05,204.25,204.05,204.2193,0.1793,+0.09%,46109
"2024-08-12 11:48",204.03,204.09,203.92,204.04,-0.01,0.00%,29453
"2024-08-12 11:47",204.08,204.17,204.01,204.05,-0.005,0.00%,33894
"2024-08-12 11:46",204.08,204.11,203.96,204.055,-0.015,-0.01%,40894
"2024-08-12 11:45",204.18,204.28,204.07,204.07,-0.16,-0.08%,35064
"2024-08-12 11:44",204.16,204.25,204.11,204.23,0.07,+0.03%,25179
"2024-08-12 11:43",204.22,204.23,204.06,204.16,-0.08,-0.04%,19451
"2024-08-12 11:42",203.93,204.25,203.87,204.24,0.31,+0.15%,45157
"2024-08-12 11:41",204.24,204.3,203.92,203.93,-0.32,-0.16%,68559
"2024-08-12 11:40",204.17,204.27,204.11,204.25,0.09,+0.04%,72554
"2024-08-12 11:39",204.27,204.37,204.15,204.16,-0.13,-0.06%,38823
"2024-08-12 11:38",204.36,204.38,204.26,204.29,-0.07,-0.03%,14492
"2024-08-12 11:37",204.37,204.45,204.3,204.36,-0.0157,-0.01%,14764
"2024-08-12 11:36",204.31,204.42,204.25,204.3757,0.0557,+0.03%,24736
"2024-08-12 11:35",204.35,204.44,204.17,204.32,-0.06,-0.03%,64625
"2024-08-12 11:34",204.47,204.48,204.34,204.38,-0.06,-0.03%,19810
"2024-08-12 11:33",204.29,204.5,204.27,204.44,0.16,+0.08%,20669
"2024-08-12 11:32",204.35,204.395,204.24,204.28,-0.1,-0.05%,16328
"2024-08-12 11:31",204.46,204.47,204.27,204.38,-0.06,-0.03%,26689
"2024-08-12 11:30",204.6,204.6,204.35,204.44,-0.17,-0.08%,40190
"2024-08-12 11:29",204.55,204.62,204.51,204.61,0.07,+0.03%,39810
"2024-08-12 11:28",204.385,204.56,204.32,204.54,0.16,+0.08%,41635
"2024-08-12 11:27",204.27,204.59,204.27,204.38,0.0601,+0.03%,93516
"2024-08-12 11:26",204.3,204.34,204.11,204.3199,-0.0001,0.00%,51356
"2024-08-12 11:25",204.25,204.42,204.21,204.32,0.08,+0.04%,55828
"2024-08-12 11:24",204.59,204.685,204.22,204.24,-0.38,-0.19%,66435
"2024-08-12 11:23",204.73,204.87,204.55,204.62,-0.065,-0.03%,50883
"2024-08-12 11:22",205.26,205.26,204.68,204.685,-0.5775,-0.28%,61328
"2024-08-12 11:21",205.28,205.3,205.2,205.2625,-0.0075,0.00%,19324
"2024-08-12 11:20",205.1999,205.27,205.14,205.27,0.07,+0.03%,32591
"2024-08-12 11:19",205.125,205.23,205.11,205.2,0.11,+0.05%,23377
"2024-08-12 11:18",205.13,205.14,204.985,205.09,-0.02,-0.01%,44304
"2024-08-12 11:17",205.29,205.29,205.11,205.11,-0.18,-0.09%,34528
"2024-08-12 11:16",205.175,205.29,205.14,205.29,0.115,+0.06%,31565
"2024-08-12 11:15",205.19,205.23,205.07,205.175,-0.0051,0.00%,48826
"2024-08-12 11:14",205.23,205.33,205.1801,205.1801,-0.0299,-0.01%,58915
"2024-08-12 11:13",205.35,205.37,205.2,205.21,-0.1501,-0.07%,42933
"2024-08-12 11:12",205.3,205.38,205.23,205.3601,0.0581,+0.03%,69780
"2024-08-12 11:11",205.32,205.32,205.24,205.302,-0.0189,-0.01%,27662
"2024-08-12 11:10",205.22,205.37,205.22,205.3209,0.1009,+0.05%,44789
"2024-08-12 11:09",205.15,205.24,205.13,205.22,0.09,+0.04%,14750
"2024-08-12 11:08",205.29,205.295,205.13,205.13,-0.16,-0.08%,40233
"2024-08-12 11:07",205.555,205.565,205.29,205.29,-0.27,-0.13%,28758
"2024-08-12 11:06",205.39,205.57,205.38,205.56,0.17,+0.08%,14744
"2024-08-12 11:05",205.45,205.475,205.35,205.39,-0.05,-0.02%,18065
"2024-08-12 11:04",205.41,205.47,205.34,205.44,0.08,+0.04%,32352
"2024-08-12 11:03",205.5,205.5,205.29,205.36,-0.14,-0.07%,21007
"2024-08-12 11:02",205.42,205.56,205.42,205.5,0.08,+0.04%,26082
"2024-08-12 11:01",205.43,205.475,205.36,205.42,0.01,0.00%,31023
"2024-08-12 11:00",205.5,205.62,205.41,205.41,-0.09,-0.04%,76362
"2024-08-12 10:59",205.51,205.545,205.46,205.5,0,0.00%,13392
"2024-08-12 10:58",205.35,205.54,205.35,205.5,0.14,+0.07%,22143
"2024-08-12 10:57",205.25,205.39,205.14,205.36,0.08,+0.04%,28921
"2024-08-12 10:56",205.28,205.36,205.21,205.28,-0.0099,0.00%,14196
"2024-08-12 10:55",205.38,205.4,205.2801,205.2899,-0.0901,-0.04%,41484
"2024-08-12 10:54",205.46,205.46,205.24,205.38,-0.08,-0.04%,23803
"2024-08-12 10:53",205.348,205.46,205.33,205.46,0.11,+0.05%,18640
"2024-08-12 10:52",205.41,205.44,205.21,205.35,-0.0883,-0.04%,29984
"2024-08-12 10:51",205.33,205.45,205.33,205.4383,0.1283,+0.06%,18425
"2024-08-12 10:50",205.46,205.46,205.28,205.31,-0.17,-0.08%,33367
"2024-08-12 10:49",205.45,205.54,205.45,205.48,0.02,+0.01%,25124
"2024-08-12 10:48",205.5,205.535,205.43,205.46,-0.05,-0.02%,22928
"2024-08-12 10:47",205.6199,205.6199,205.48,205.51,-0.1,-0.05%,24137
"2024-08-12 10:46",205.62,205.6799,205.53,205.61,-0.02,-0.01%,11251
"2024-08-12 10:45",205.6,205.63,205.49,205.63,0.015,+0.01%,38790
"2024-08-12 10:44",205.89,205.9,205.61,205.615,-0.275,-0.13%,54186
"2024-08-12 10:43",205.87,205.9201,205.77,205.89,-0.01,0.00%,31530
"2024-08-12 10:42",205.98,205.9877,205.8,205.9,-0.06,-0.03%,17603
"2024-08-12 10:41",205.87,206,205.81,205.96,0.09,+0.04%,41788
"2024-08-12 10:40",205.69,205.87,205.6801,205.87,0.2099,+0.10%,52197
"2024-08-12 10:39",205.66,205.73,205.64,205.6601,-0.0099,0.00%,24835
"2024-08-12 10:38",205.72,205.72,205.55,205.67,-0.05,-0.02%,62909
"2024-08-12 10:37",205.63,205.725,205.57,205.72,0.05,+0.02%,30526
"2024-08-12 10:36",205.41,205.68,205.37,205.67,0.26,+0.13%,53909
"2024-08-12 10:35",205.3601,205.43,205.33,205.41,0.06,+0.03%,24442
"2024-08-12 10:34",205.27,205.36,205.2,205.35,0.06,+0.03%,39595
"2024-08-12 10:33",205.33,205.43,205.27,205.29,-0.06,-0.03%,22231
"2024-08-12 10:32",205.42,205.49,205.31,205.35,-0.07,-0.03%,23571
"2024-08-12 10:31",205.32,205.43,205.11,205.42,0.1,+0.05%,43536
"2024-08-12 10:30",205.39,205.4799,205.31,205.32,-0.04,-0.02%,39782
"2024-08-12 10:29",205.53,205.62,205.3,205.36,-0.11,-0.05%,35014
"2024-08-12 10:28",205.44,205.54,205.38,205.47,0.04,+0.02%,18702
"2024-08-12 10:27",205.54,205.59,205.43,205.43,-0.11,-0.05%,38910
"2024-08-12 10:26",205.45,205.6,205.42,205.54,0.1,+0.05%,87661
"2024-08-12 10:25",205.31,205.49,205.27,205.44,0.12,+0.06%,25209
"2024-08-12 10:24",205.38,205.47,205.28,205.32,-0.07,-0.03%,32731
"2024-08-12 10:23",205.24,205.39,205.22,205.39,0.17,+0.08%,32193
"2024-08-12 10:22",205.2722,205.3,205.17,205.22,-0.03,-0.01%,19210
"2024-08-12 10:21",205.02,205.31,205.02,205.25,0.26,+0.13%,41808
"2024-08-12 10:20",205.19,205.19,204.92,204.99,-0.1717,-0.08%,47522
"2024-08-12 10:19",205.21,205.3,205.16,205.1617,-0.0184,-0.01%,16159
"2024-08-12 10:18",204.99,205.2799,204.99,205.1801,0.2301,+0.11%,17279
"2024-08-12 10:17",205.22,205.23,204.94,204.95,-0.27,-0.13%,54199
"2024-08-12 10:16",205.2,205.39,205.14,205.22,0.03,+0.01%,54898
"2024-08-12 10:15",205.36,205.43,205.14,205.19,-0.18,-0.09%,69268
"2024-08-12 10:14",205.46,205.48,205.3251,205.37,-0.07,-0.03%,36352
"2024-08-12 10:13",205.46,205.49,205.34,205.44,-0.02,-0.01%,48909
"2024-08-12 10:12",205.44,205.53,205.38,205.46,0.02,+0.01%,44163
"2024-08-12 10:11",205.34,205.44,205.24,205.44,0.09,+0.04%,57109
"2024-08-12 10:10",205.48,205.48,205.31,205.35,-0.14,-0.07%,40588
"2024-08-12 10:09",205.23,205.51,205.21,205.49,0.28,+0.14%,47470
"2024-08-12 10:08",205.32,205.45,205.18,205.21,-0.11,-0.05%,52220
"2024-08-12 10:07",205.3,205.46,205.255,205.32,0.02,+0.01%,64920
"2024-08-12 10:06",205.0801,205.3,205.01,205.3,0.21,+0.10%,148643
"2024-08-12 10:05",205,205.11,204.84,205.09,0.04,+0.02%,86442
"2024-08-12 10:04",205.22,205.22,205.03,205.05,-0.17,-0.08%,42077
"2024-08-12 10:03",205.08,205.31,205.025,205.22,0.16,+0.08%,50875
"2024-08-12 10:02",204.63,205.06,204.5899,205.06,0.48,+0.23%,56349
"2024-08-12 10:01",204.55,204.73,204.4,204.58,0.06,+0.03%,64467
"2024-08-12 10:00",204.66,204.79,204.5,204.52,-0.13,-0.06%,60884
"2024-08-12 09:59",204.8,204.8,204.6,204.65,-0.15,-0.07%,36376
"2024-08-12 09:58",204.58,204.84,204.46,204.8,0.19,+0.09%,54517
"2024-08-12 09:57",204.61,204.75,204.43,204.61,0.01,0.00%,77406
"2024-08-12 09:56",204.78,204.8,204.53,204.6,-0.18,-0.09%,79482
"2024-08-12 09:55",204.995,205.08,204.77,204.78,-0.235,-0.11%,102938
"2024-08-12 09:54",205.135,205.135,204.92,205.015,-0.135,-0.07%,59635
"2024-08-12 09:53",205.13,205.22,204.935,205.15,-0.04,-0.02%,61557
"2024-08-12 09:52",205.29,205.32,205.03,205.19,-0.05,-0.02%,49377
"2024-08-12 09:51",205.355,205.43,205.15,205.24,-0.0736,-0.04%,57196
"2024-08-12 09:50",205.1,205.4652,205.04,205.3136,0.2436,+0.12%,60576
"2024-08-12 09:49",205.18,205.18,205.01,205.07,-0.1113,-0.05%,50608
"2024-08-12 09:48",205.29,205.36,205.18,205.1813,-0.1387,-0.07%,48959
"2024-08-12 09:47",205.3,205.39,205.09,205.32,0.02,+0.01%,51572
"2024-08-12 09:46",205.21,205.47,205.17,205.3,0.07,+0.03%,110572
"2024-08-12 09:45",205.25,205.35,205.14,205.23,-0.01,0.00%,91445
"2024-08-12 09:44",205.26,205.35,205.11,205.24,-0.02,-0.01%,61166
"2024-08-12 09:43",205.52,205.65,205.23,205.26,-0.25,-0.12%,93273
"2024-08-12 09:42",205.55,205.65,205.35,205.51,-0.02,-0.01%,127450
"2024-08-12 09:41",205.87,205.87,205.53,205.53,-0.35,-0.17%,68934
"2024-08-12 09:40",205.92,205.93,205.58,205.88,-0.01,0.00%,79278
"2024-08-12 09:39",206.055,206.15,205.79,205.89,-0.2,-0.10%,85988
"2024-08-12 09:38",206.03,206.13,205.8766,206.09,0.14,+0.07%,88413
"2024-08-12 09:37",205.76,206.12,205.76,205.95,0.19,+0.09%,55070
"2024-08-12 09:36",205.71,205.87,205.66,205.76,0.06,+0.03%,82773
"2024-08-12 09:35",206.18,206.18,205.61,205.7,-0.46,-0.22%,121503
"2024-08-12 09:34",205.89,206.2,205.86,206.16,0.25,+0.12%,64317
"2024-08-12 09:33",206.48,206.49,205.84,205.91,-0.6,-0.29%,73396
"2024-08-12 09:32",206.36,206.61,206.29,206.51,0.14,+0.07%,151902
"2024-08-12 09:31",206.69,206.71,206.02,206.37,-0.35,-0.17%,105414
"2024-08-12 09:30",206.61,206.98,206.47,206.72,0.1,+0.05%,213971
"2024-08-12 09:29",206.4,206.62,206.38,206.62,0.11,+0.05%,7200
"2024-08-12 09:28",206.59,206.59,206.5,206.51,-0.11,-0.05%,6000
"2024-08-12 09:27",206.65,206.65,206.62,206.62,-0.15,-0.07%,495
"2024-08-12 09:25",206.78,206.78,206.76,206.77,-0.0496,-0.02%,2500
"2024-08-12 09:24",206.77,206.8196,206.75,206.8196,0.1096,+0.05%,6050
"2024-08-12 09:23",206.7408,206.7408,206.7,206.71,-0.05,-0.02%,4768
"2024-08-12 09:22",206.7207,206.76,206.71,206.76,0.07,+0.03%,1380
"2024-08-12 09:21",206.7184,206.7184,206.69,206.69,-0.079,-0.04%,1420
"2024-08-12 09:20",206.8,206.8,206.75,206.769,0.0296,+0.01%,4750
"2024-08-12 09:19",206.7991,206.7996,206.73,206.7394,-0.0306,-0.01%,4100
"2024-08-12 09:18",206.75,206.8,206.72,206.77,0.01,0.00%,3800
"2024-08-12 09:17",206.68,206.77,206.68,206.76,0.0807,+0.04%,2500
"2024-08-12 09:16",206.62,206.6798,206.6,206.6793,0.0596,+0.03%,4207
"2024-08-12 09:15",206.55,206.6197,206.55,206.6197,0.0697,+0.03%,4682
"2024-08-12 09:14",206.54,206.57,206.54,206.55,-0.05,-0.02%,1740
"2024-08-12 09:13",206.55,206.6,206.55,206.6,0.02,+0.01%,400
"2024-08-12 09:12",206.5999,206.5999,206.5,206.58,0.0211,+0.01%,796
"2024-08-12 09:11",206.5589,206.5589,206.5589,206.5589,0.1489,+0.07%,100
"2024-08-12 09:09",206.41,206.41,206.41,206.41,-0.11,-0.05%,218
"2024-08-12 09:08",206.47,206.52,206.47,206.52,0.04,+0.02%,1891
"2024-08-12 09:07",206.42,206.48,206.42,206.48,-0.07,-0.03%,1040
"2024-08-12 09:06",206.55,206.55,206.55,206.55,-0.01,0.00%,400
"2024-08-12 09:05",206.56,206.56,206.56,206.56,0.03,+0.01%,100
"2024-08-12 09:02",206.55,206.55,206.52,206.53,-0.06,-0.03%,1011
"2024-08-12 09:01",206.59,206.59,206.59,206.59,0.02,+0.01%,157
"2024-08-12 09:00",206.6,206.6,206.57,206.57,-0.0182,-0.01%,719
"2024-08-12 08:59",206.5882,206.5882,206.5882,206.5882,-0.0118,-0.01%,146
"2024-08-12 08:58",206.6,206.6,206.6,206.6,0.08,+0.04%,1930
"2024-08-12 08:55",206.52,206.52,206.52,206.52,0.09,+0.04%,574
"2024-08-12 08:54",206.43,206.43,206.43,206.43,0,0.00%,250
"2024-08-12 08:53",206.51,206.51,206.43,206.43,-0.15,-0.07%,1107
"2024-08-12 08:48",206.52,206.58,206.52,206.58,0,0.00%,325
"2024-08-12 08:47",206.58,206.58,206.58,206.58,-0.07,-0.03%,188
"2024-08-12 08:46",206.68,206.71,206.65,206.65,-0.01,0.00%,2189
"2024-08-12 08:44",206.66,206.66,206.66,206.66,0.09,+0.04%,1080
"2024-08-12 08:43",206.57,206.57,206.57,206.57,-0.01,0.00%,328
"2024-08-12 08:40",206.58,206.58,206.58,206.58,0.07,+0.03%,184
"2024-08-12 08:39",206.56,206.56,206.51,206.51,-0.03,-0.01%,2036
"2024-08-12 08:38",206.54,206.54,206.54,206.54,-0.08,-0.04%,500
"2024-08-12 08:37",206.6,206.62,206.58,206.62,-0.02,-0.01%,1236
"2024-08-12 08:36",206.6,206.64,206.6,206.64,-0.02,-0.01%,299
"2024-08-12 08:35",206.7,206.7,206.66,206.66,-0.06,-0.03%,2109
"2024-08-12 08:34",206.67,206.72,206.67,206.72,0.02,+0.01%,438
"2024-08-12 08:32",206.68,206.7,206.68,206.7,0,0.00%,1364
"2024-08-12 08:30",206.76,206.76,206.7,206.7,0,0.00%,750
"2024-08-12 08:29",206.62,206.7,206.62,206.7,0.12,+0.06%,3814
"2024-08-12 08:28",206.63,206.64,206.58,206.58,-0.06,-0.03%,1240
"2024-08-12 08:27",206.54,206.64,206.54,206.64,0.1,+0.05%,6576
"2024-08-12 08:26",206.56,206.56,206.54,206.54,0.01,0.00%,429
"2024-08-12 08:25",206.56,206.57,206.53,206.53,-0.03,-0.01%,3033
"2024-08-12 08:24",206.51,206.56,206.51,206.56,0.14,+0.07%,959
"2024-08-12 08:23",206.43,206.49,206.42,206.42,-0.03,-0.01%,20300
"2024-08-12 08:22",206.42,206.45,206.42,206.45,0.1,+0.05%,500
"2024-08-12 08:21",206.35,206.35,206.35,206.35,0.03,+0.01%,100
"2024-08-12 08:20",206.22,206.32,206.22,206.32,0.07,+0.03%,700
"2024-08-12 08:19",206.25,206.25,206.25,206.25,0.01,0.00%,400
"2024-08-12 08:18",206.3,206.3,206.24,206.24,-0.05,-0.02%,700
"2024-08-12 08:17",206.26,206.3,206.26,206.29,0.02,+0.01%,574
"2024-08-12 08:16",206.31,206.31,206.26,206.27,0.02,+0.01%,456
"2024-08-12 08:15",206.25,206.25,206.25,206.25,0.01,0.00%,200
"2024-08-12 08:14",206.2,206.24,206.19,206.24,0.03,+0.01%,300
"2024-08-12 08:13",206.24,206.24,206.21,206.21,0,0.00%,900
"2024-08-12 08:12",206.22,206.22,206.2,206.21,0.02,+0.01%,1040
"2024-08-12 08:11",206.29,206.29,206.19,206.19,-0.12,-0.06%,445
"2024-08-12 08:10",206.3,206.31,206.25,206.31,0.04,+0.02%,2492
"2024-08-12 08:09",206.26,206.27,206.25,206.27,-0.02,-0.01%,400
"2024-08-12 08:08",206.2,206.29,206.2,206.29,0.05,+0.02%,638
"2024-08-12 08:07",206.29,206.29,206.24,206.24,-0.01,0.00%,909
"2024-08-12 08:06",206.12,206.25,206.12,206.25,0.15,+0.07%,879
"2024-08-12 08:05",206.11,206.11,206.1,206.1,0.01,0.00%,1066
"2024-08-12 08:04",206.09,206.09,206.09,206.09,-0.05,-0.02%,100
"2024-08-12 08:03",206.21,206.21,206.14,206.14,-0.01,0.00%,700
"2024-08-12 08:02",206.15,206.17,206.12,206.15,-0.06,-0.03%,895
"2024-08-12 08:01",206.36,206.38,206.19,206.21,0.01,0.00%,890
"2024-08-12 08:00",205.88,206.37,205.8,206.2,-0.05,-0.02%,6492
"2024-08-12 07:59",206.25,206.25,206.25,206.25,0,0.00%,100
"2024-08-12 07:58",206.25,206.31,206.25,206.25,-0.05,-0.02%,2900
"2024-08-12 07:57",206.25,206.3,206.25,206.3,0,0.00%,345
"2024-08-12 07:56",206.3,206.3,206.3,206.3,0.09,+0.04%,100
"2024-08-12 07:55",206.21,206.21,206.21,206.21,-0.14,-0.07%,314
"2024-08-12 07:54",206.35,206.35,206.35,206.35,0.04,+0.02%,500
"2024-08-12 07:52",206.39,206.39,206.31,206.31,0.04,+0.02%,350
"2024-08-12 07:50",206.2,206.27,206.2,206.27,0.07,+0.03%,1363
"2024-08-12 07:49",206.2,206.2,206.2,206.2,0.04,+0.02%,100
"2024-08-12 07:47",206.19,206.19,206.16,206.16,0.12,+0.06%,1799
"2024-08-12 07:45",206.01,206.04,206.01,206.04,0.04,+0.02%,317
"2024-08-12 07:44",206.15,206.15,206,206,-0.17,-0.08%,1000
"2024-08-12 07:43",206.17,206.17,206.17,206.17,-0.03,-0.01%,500
"2024-08-12 07:41",206.2,206.2,206.2,206.2,0.07,+0.03%,100
"2024-08-12 07:37",206.06,206.13,206.06,206.13,0.02,+0.01%,514
"2024-08-12 07:36",206.11,206.11,206.11,206.11,0.01,0.00%,183
"2024-08-12 07:34",206.1,206.1,206.1,206.1,0.1,+0.05%,694
"2024-08-12 07:33",206.01,206.02,206,206,-0.04,-0.02%,2600
"2024-08-12 07:32",206.1,206.1,206.04,206.04,-0.08,-0.04%,580
"2024-08-12 07:31",206.14,206.14,206.12,206.12,-0.01,0.00%,5687
"2024-08-12 07:30",206.03,206.13,206.02,206.13,0.05,+0.02%,1341
"2024-08-12 07:29",206.08,206.08,206.08,206.08,-0.09,-0.04%,1487
"2024-08-12 07:27",206.17,206.17,206.17,206.17,0.02,+0.01%,132
"2024-08-12 07:24",206.14,206.15,206.14,206.15,-0.11,-0.05%,450
"2024-08-12 07:23",206.1,206.26,206.1,206.26,0.24,+0.12%,1513
"2024-08-12 07:22",206.03,206.03,206.02,206.02,-0.05,-0.02%,600
"2024-08-12 07:21",206.1,206.1,206.07,206.07,-0.03,-0.01%,500
"2024-08-12 07:20",206.1,206.1,206.1,206.1,-0.04,-0.02%,445
"2024-08-12 07:19",206.11,206.14,206.11,206.14,0.09,+0.04%,1110
"2024-08-12 07:18",206.02,206.05,206.02,206.05,0.03,+0.01%,705
"2024-08-12 07:17",206.02,206.02,206.02,206.02,0,0.00%,200
"2024-08-12 07:16",206,206.02,206,206.02,0.07,+0.03%,4000
"2024-08-12 07:15",205.95,205.95,205.95,205.95,-0.05,-0.02%,489
"2024-08-12 07:14",206,206,206,206,0,0.00%,145
"2024-08-12 07:13",206,206,206,206,0.04,+0.02%,650
"2024-08-12 07:12",205.9,205.96,205.9,205.96,0.06,+0.03%,1098
"2024-08-12 07:11",205.9,205.9,205.9,205.9,-0.1,-0.05%,1250
"2024-08-12 07:09",206,206,206,206,0.08,+0.04%,100
"2024-08-12 07:08",205.94,205.94,205.9,205.92,0.01,0.00%,4146
"2024-08-12 07:07",205.91,205.91,205.91,205.91,0.01,0.00%,594
"2024-08-12 07:06",205.89,205.9,205.88,205.9,0,0.00%,500
"2024-08-12 07:05",205.9,205.9,205.9,205.9,0.03,+0.01%,300
"2024-08-12 07:03",205.78,205.88,205.78,205.87,0.16,+0.08%,820
"2024-08-12 07:01",205.68,205.73,205.68,205.71,0.03,+0.01%,1041
"2024-08-12 07:00",205.71,205.71,205.63,205.68,-0.05,-0.02%,3057
"2024-08-12 06:56",205.73,205.73,205.73,205.73,-0.03,-0.01%,100
"2024-08-12 06:55",205.76,205.76,205.76,205.76,0.06,+0.03%,100
"2024-08-12 06:54",205.7,205.7,205.7,205.7,0.05,+0.02%,100
"2024-08-12 06:53",205.65,205.65,205.65,205.65,0.05,+0.02%,750
"2024-08-12 06:49",205.6,205.6,205.6,205.6,-0.01,0.00%,230
"2024-08-12 06:48",205.65,205.65,205.61,205.61,-0.07,-0.03%,300
"2024-08-12 06:47",205.68,205.68,205.68,205.68,-0.04,-0.02%,400
"2024-08-12 06:45",205.72,205.72,205.72,205.72,0.02,+0.01%,100
"2024-08-12 06:44",205.7,205.7,205.7,205.7,-0.03,-0.01%,100
"2024-08-12 06:38",205.67,205.73,205.67,205.73,0.04,+0.02%,1207
"2024-08-12 06:34",205.7,205.7,205.69,205.69,-0.04,-0.02%,200
"2024-08-12 06:32",205.73,205.73,205.73,205.73,0.03,+0.01%,155
"2024-08-12 06:30",205.7,205.7,205.7,205.7,0,0.00%,114
"2024-08-12 06:27",205.7,205.7,205.7,205.7,-0.06,-0.03%,100
"2024-08-12 06:26",205.76,205.76,205.76,205.76,-0.09,-0.04%,100
"2024-08-12 06:22",205.92,205.92,205.85,205.85,-0.09,-0.04%,330
"2024-08-12 06:21",205.9,205.94,205.9,205.94,0.25,+0.12%,500
"2024-08-12 06:18",205.69,205.69,205.69,205.69,0.19,+0.09%,100
"2024-08-12 06:13",205.5,205.5,205.5,205.5,0,0.00%,129
"2024-08-12 06:12",205.5,205.5,205.5,205.5,-0.22,-0.11%,1000
"2024-08-12 06:10",205.72,205.72,205.72,205.72,-0.01,0.00%,200
"2024-08-12 06:09",205.73,205.73,205.73,205.73,0,0.00%,380
"2024-08-12 06:06",205.77,205.77,205.73,205.73,-0.01,0.00%,1270
"2024-08-12 06:05",205.73,205.74,205.73,205.74,-0.01,0.00%,493
"2024-08-12 06:00",205.75,205.75,205.75,205.75,0,0.00%,100
"2024-08-12 05:59",205.75,205.75,205.75,205.75,0.02,+0.01%,124
"2024-08-12 05:58",205.75,205.75,205.73,205.73,0.03,+0.01%,600
"2024-08-12 05:54",205.71,205.71,205.7,205.7,0,0.00%,250
"2024-08-12 05:52",205.7,205.7,205.7,205.7,-0.02,-0.01%,200
"2024-08-12 05:51",205.7,205.72,205.7,205.72,-0.02,-0.01%,300
"2024-08-12 05:50",205.75,205.75,205.74,205.74,0.02,+0.01%,340
"2024-08-12 05:49",205.72,205.72,205.72,205.72,-0.08,-0.04%,180
"2024-08-12 05:47",205.8,205.8,205.8,205.8,-0.08,-0.04%,500
"2024-08-12 05:46",205.88,205.88,205.88,205.88,-0.11,-0.05%,105
"2024-08-12 05:42",205.99,205.99,205.99,205.99,0.06,+0.03%,150
"2024-08-12 05:41",205.93,205.93,205.93,205.93,0.04,+0.02%,300
"2024-08-12 05:39",205.89,205.89,205.89,205.89,0.01,0.00%,100
"2024-08-12 05:38",205.88,205.88,205.88,205.88,0.18,+0.09%,100
"2024-08-12 05:30",205.7,205.7,205.7,205.7,-0.12,-0.06%,700
"2024-08-12 05:28",205.82,205.82,205.82,205.82,-0.18,-0.09%,100
"2024-08-12 05:26",206,206,206,206,0.23,+0.11%,100
"2024-08-12 05:18",205.77,205.77,205.77,205.77,0,0.00%,600
"2024-08-12 05:15",205.77,205.77,205.77,205.77,0.05,+0.02%,100
"2024-08-12 05:13",205.72,205.72,205.72,205.72,0.01,0.00%,250
"2024-08-12 05:12",205.69,205.71,205.69,205.71,0.06,+0.03%,2091
"2024-08-12 05:11",205.65,205.65,205.65,205.65,-0.05,-0.02%,125
"2024-08-12 05:10",205.7,205.7,205.7,205.7,0,0.00%,120
"2024-08-12 05:07",205.7,205.7,205.7,205.7,-0.1,-0.05%,600
"2024-08-12 05:06",205.82,205.82,205.8,205.8,0.01,0.00%,310
"2024-08-12 05:03",205.79,205.79,205.79,205.79,-0.06,-0.03%,300
"2024-08-12 05:02",205.85,205.85,205.85,205.85,0.05,+0.02%,100
"2024-08-12 05:01",205.8,205.8,205.8,205.8,0.05,+0.02%,200
"2024-08-12 04:59",205.75,205.75,205.75,205.75,-0.05,-0.02%,106
"2024-08-12 04:58",205.84,205.84,205.8,205.8,-0.04,-0.02%,570
"2024-08-12 04:57",205.86,205.87,205.84,205.84,-0.13,-0.06%,7995
"2024-08-12 04:55",205.98,205.98,205.97,205.97,-0.01,0.00%,300
"2024-08-12 04:54",205.85,205.98,205.84,205.98,0.11,+0.05%,376
"2024-08-12 04:53",205.87,205.87,205.87,205.87,-0.15,-0.07%,1000
"2024-08-12 04:52",206.02,206.02,206.02,206.02,-0.02,-0.01%,600
"2024-08-12 04:50",206.03,206.04,206.03,206.04,-0.02,-0.01%,1000
"2024-08-12 04:49",206.06,206.06,206.06,206.06,-0.1,-0.05%,100
"2024-08-12 04:47",206.09,206.16,206.09,206.16,0.09,+0.04%,325
"2024-08-12 04:46",206.07,206.07,206.07,206.07,-0.14,-0.07%,600
"2024-08-12 04:45",206.21,206.21,206.21,206.21,-0.04,-0.02%,109
"2024-08-12 04:42",206.25,206.25,206.25,206.25,0.09,+0.04%,100
"2024-08-12 04:41",206.16,206.16,206.16,206.16,0.04,+0.02%,125
"2024-08-12 04:40",206.15,206.15,206.12,206.12,0.01,0.00%,415
"2024-08-12 04:38",206.11,206.11,206.11,206.11,-0.14,-0.07%,600
"2024-08-12 04:34",206.25,206.25,206.25,206.25,-0.05,-0.02%,370
"2024-08-12 04:32",206.3,206.3,206.3,206.3,-0.01,0.00%,125
"2024-08-12 04:31",206.33,206.33,206.31,206.31,-0.01,0.00%,499
"2024-08-12 04:29",206.32,206.32,206.32,206.32,0,0.00%,222
"2024-08-12 04:27",206.32,206.32,206.32,206.32,-0.09,-0.04%,103
"2024-08-12 04:26",206.41,206.41,206.41,206.41,-0.08,-0.04%,125
"2024-08-12 04:25",206.49,206.49,206.48,206.49,-0.01,0.00%,300
"2024-08-12 04:24",206.5,206.5,206.5,206.5,-0.03,-0.01%,100
"2024-08-12 04:22",206.53,206.53,206.53,206.53,-0.04,-0.02%,600
"2024-08-12 04:21",206.57,206.57,206.57,206.57,0.03,+0.01%,100
"2024-08-12 04:17",206.54,206.55,206.47,206.54,-0.03,-0.01%,2002
"2024-08-12 04:16",206.6,206.6,206.57,206.57,-0.1,-0.05%,200
"2024-08-12 04:15",206.67,206.67,206.67,206.67,-0.04,-0.02%,125
"2024-08-12 04:14",206.71,206.71,206.71,206.71,-0.03,-0.01%,100
"2024-08-12 04:13",206.72,206.74,206.72,206.74,0.05,+0.02%,368
"2024-08-12 04:12",206.67,206.69,206.67,206.69,-0.04,-0.02%,350
"2024-08-12 04:07",206.73,206.73,206.73,206.73,-0.02,-0.01%,500
"2024-08-12 04:04",206.76,206.76,206.75,206.75,0.05,+0.02%,200
"2024-08-12 04:03",206.71,206.74,206.7,206.7,-0.09,-0.04%,2332
"2024-08-12 04:02",206.75,206.79,206.74,206.79,-0.01,0.00%,3845
"2024-08-12 04:01",206.76,206.8,206.75,206.8,0.35,+0.17%,2661
"2024-08-09 19:55",206.45,206.45,206.45,206.45,0,0.00%,123
"2024-08-09 19:51",206.4,206.45,206.4,206.45,0,0.00%,300
"2024-08-09 19:50",206.45,206.45,206.45,206.45,0.05,+0.02%,100
"2024-08-09 19:49",206.4,206.4,206.4,206.4,0.07,+0.03%,263
"2024-08-09 19:15",206.33,206.33,206.33,206.33,-0.07,-0.03%,183
"2024-08-09 19:14",206.4,206.4,206.4,206.4,0.09,+0.04%,111
"2024-08-09 19:13",206.38,206.39,206.31,206.31,-0.08,-0.04%,539
"2024-08-09 18:59",206.39,206.39,206.39,206.39,-0.01,0.00%,469
"2024-08-09 18:47",206.4,206.4,206.4,206.4,0.12,+0.06%,148
"2024-08-09 18:34",206.28,206.28,206.28,206.28,0.0014,0.00%,122
"2024-08-09 18:25",206.2786,206.2786,206.2786,206.2786,0.0187,+0.01%,244
"2024-08-09 18:09",206.2599,206.2599,206.2599,206.2599,-0.0001,0.00%,200
"2024-08-09 17:47",206.26,206.26,206.26,206.26,0.01,0.00%,248
"2024-08-09 17:34",206.25,206.25,206.25,206.25,0.09,+0.04%,1000
"2024-08-09 17:33",206.16,206.16,206.16,206.16,0,0.00%,100
"2024-08-09 17:32",206.16,206.16,206.16,206.16,0,0.00%,1500
"2024-08-09 17:31",206.16,206.16,206.16,206.16,-0.3,-0.15%,466
"2024-08-09 17:30",206.46,206.46,206.46,206.46,0.3,+0.15%,37067
"2024-08-09 17:29",206.16,206.16,206.16,206.16,0,0.00%,100
"2024-08-09 17:28",206.16,206.16,206.16,206.16,0,0.00%,100
"2024-08-09 17:27",206.16,206.16,206.16,206.16,0.01,0.00%,4127
"2024-08-09 17:26",206.16,206.16,206.15,206.15,-0.0699,-0.03%,1950
"2024-08-09 17:18",206.22,206.22,206.2199,206.2199,-0.0001,0.00%,2919
"2024-08-09 17:17",206.23,206.23,206.22,206.22,-0.03,-0.01%,3212
"2024-08-09 17:15",206.25,206.25,206.25,206.25,-0.03,-0.01%,200
"2024-08-09 17:14",206.28,206.28,206.28,206.28,0,0.00%,100
"2024-08-09 17:10",206.28,206.28,206.28,206.28,0.03,+0.01%,128
"2024-08-09 17:07",206.24,206.25,206.24,206.25,0.01,0.00%,1286
"2024-08-09 17:04",206.24,206.24,206.24,206.24,0.058,+0.03%,100
"2024-08-09 17:03",206.182,206.182,206.182,206.182,0.002,0.00%,120
"2024-08-09 17:02",206.18,206.18,206.18,206.18,0,0.00%,126
"2024-08-09 17:00",206.18,206.18,206.18,206.18,-0.05,-0.02%,100
"2024-08-09 16:59",206.23,206.23,206.23,206.23,0.07,+0.03%,1100
"2024-08-09 16:58",206.16,206.16,206.16,206.16,-0.03,-0.01%,200
"2024-08-09 16:56",206.16,206.19,206.15,206.19,-0.08,-0.04%,688
"2024-08-09 16:51",206.2,206.27,206.2,206.27,0.08,+0.04%,247
"2024-08-09 16:49",206.2,206.2,206.19,206.19,-0.07,-0.03%,692
"2024-08-09 16:48",206.25,206.46,206.23,206.26,0.02,+0.01%,15203
"2024-08-09 16:47",206.24,206.24,206.24,206.24,-0.03,-0.01%,200
"2024-08-09 16:45",206.27,206.27,206.27,206.27,0.03,+0.01%,100
"2024-08-09 16:42",206.24,206.24,206.24,206.24,0.01,0.00%,136
"2024-08-09 16:41",206.23,206.23,206.23,206.23,0.01,0.00%,150
"2024-08-09 16:40",206.21,206.22,206.21,206.22,-0.01,0.00%,648
"2024-08-09 16:39",206.23,206.23,206.23,206.23,-0.07,-0.03%,500
"2024-08-09 16:37",206.3,206.3,206.3,206.3,-0.01,0.00%,987
"2024-08-09 16:35",206.33,206.33,206.31,206.31,0.01,0.00%,228
"2024-08-09 16:32",206.32,206.32,206.3,206.3,-0.02,-0.01%,1465
"2024-08-09 16:31",206.32,206.32,206.32,206.32,-0.08,-0.04%,885
"2024-08-09 16:30",206.31,206.4,206.31,206.4,0.11,+0.05%,4340
"2024-08-09 16:29",206.29,206.29,206.29,206.29,0.02,+0.01%,100
"2024-08-09 16:26",206.27,206.27,206.27,206.27,0.08,+0.04%,800
"2024-08-09 16:25",206.25,206.25,206.17,206.19,-0.09,-0.04%,1700
"2024-08-09 16:23",206.28,206.28,206.28,206.28,-0.01,0.00%,100
"2024-08-09 16:22",206.29,206.29,206.29,206.29,-0.02,-0.01%,100
"2024-08-09 16:21",206.31,206.31,206.31,206.31,-0.01,0.00%,800
"2024-08-09 16:20",206.35,206.35,206.22,206.32,-0.04,-0.02%,30993
"2024-08-09 16:19",206.365,206.365,206.35,206.36,-0.03,-0.01%,8760
"2024-08-09 16:17",206.39,206.39,206.39,206.39,-0.06,-0.03%,140
"2024-08-09 16:16",206.33,206.64,206.33,206.45,0.14,+0.07%,90264
"2024-08-09 16:15",206.31,206.31,206.31,206.31,-0.02,-0.01%,500
"2024-08-09 16:14",206.32,206.33,206.3,206.33,0.02,+0.01%,2829
"2024-08-09 16:13",206.3,206.34,206.3,206.31,0.01,0.00%,2977
"2024-08-09 16:12",206.3,206.3,206.3,206.3,0.0098,0.00%,300
"2024-08-09 16:11",206.35,206.35,206.29,206.2902,-0.0598,-0.03%,4106
"2024-08-09 16:10",206.31,206.35,206.3,206.35,0.03,+0.01%,13368
"2024-08-09 16:09",206.27,206.34,206.27,206.32,0.1,+0.05%,3704
"2024-08-09 16:08",206.27,206.31,206.2,206.22,-0.08,-0.04%,72408
"2024-08-09 16:07",206.35,206.35,206.3,206.3,-0.04,-0.02%,2000
"2024-08-09 16:06",206.36,206.36,206.33,206.34,-0.04,-0.02%,3650
"2024-08-09 16:05",206.42,206.46,206.38,206.38,-0.07,-0.03%,16074
"2024-08-09 16:04",206.47,206.48,206.45,206.45,-0.03,-0.01%,2322
"2024-08-09 16:03",206.48,206.5,206.48,206.48,-0.01,0.00%,11375
"2024-08-09 16:02",206.37,206.5,206.36,206.49,0.0857,+0.04%,3027
"2024-08-09 16:01",206.51,206.52,206.32,206.4043,-0.0757,-0.04%,28846
"2024-08-09 16:00",206.38,206.49,206.26,206.48,0.11,+0.05%,151505
"2024-08-09 15:59",206.5,206.53,206.34,206.37,-0.13,-0.06%,1483998
"2024-08-09 15:58",206.365,206.5,206.35,206.5,0.13,+0.06%,182225
"2024-08-09 15:57",206.42,206.48,206.33,206.37,-0.045,-0.02%,90342
"2024-08-09 15:56",206.22,206.45,206.17,206.415,0.205,+0.10%,85016
"2024-08-09 15:55",206.08,206.22,206.0101,206.21,0.15,+0.07%,55762
"2024-08-09 15:54",206.18,206.2,206,206.06,-0.12,-0.06%,60790
"2024-08-09 15:53",206.285,206.285,206.16,206.18,-0.11,-0.05%,75762
"2024-08-09 15:52",206.31,206.37,206.26,206.29,0,0.00%,51062
"2024-08-09 15:51",206.25,206.36,206.21,206.29,0.04,+0.02%,52577
"2024-08-09 15:50",206.42,206.5,206.25,206.25,-0.18,-0.09%,54249
"2024-08-09 15:49",206.38,206.44,206.33,206.43,0.05,+0.02%,38633
"2024-08-09 15:48",206.29,206.39,206.27,206.38,0.09,+0.04%,41790
"2024-08-09 15:47",206.32,206.34,206.21,206.29,-0.0304,-0.01%,24351
"2024-08-09 15:46",206.16,206.3204,206.12,206.3204,0.1804,+0.09%,32700
"2024-08-09 15:45",206.12,206.2,206.105,206.14,0.01,0.00%,24758
"2024-08-09 15:44",206.15,206.22,206.1,206.13,-0.03,-0.01%,63361
"2024-08-09 15:43",206.265,206.28,206.16,206.16,-0.1094,-0.05%,40360
"2024-08-09 15:42",206.23,206.31,206.2,206.2694,0.0394,+0.02%,16166
"2024-08-09 15:41",206.19,206.26,206.1801,206.23,0.04,+0.02%,37986
"2024-08-09 15:40",206.2,206.27,206.145,206.19,0.01,0.00%,21169
"2024-08-09 15:39",206.16,206.2,206.11,206.18,-0.01,0.00%,23626
"2024-08-09 15:38",206.24,206.29,206.15,206.19,-0.06,-0.03%,37035
"2024-08-09 15:37",206.47,206.495,206.2304,206.25,-0.23,-0.11%,37859
"2024-08-09 15:36",206.45,206.56,206.43,206.48,0.025,+0.01%,87280
"2024-08-09 15:35",206.391,206.49,206.385,206.455,0.055,+0.03%,114672
"2024-08-09 15:34",206.33,206.4,206.32,206.4,0.07,+0.03%,23145
"2024-08-09 15:33",206.42,206.43,206.3,206.33,-0.09,-0.04%,30163
"2024-08-09 15:32",206.45,206.52,206.4,206.42,-0.0405,-0.02%,33841
"2024-08-09 15:31",206.42,206.515,206.42,206.4605,0.0525,+0.03%,23429
"2024-08-09 15:30",206.31,206.42,206.27,206.408,0.103,+0.05%,31695
"2024-08-09 15:29",206.44,206.5,206.3,206.305,-0.125,-0.06%,19842
"2024-08-09 15:28",206.42,206.5,206.395,206.43,0.02,+0.01%,26489
"2024-08-09 15:27",206.28,206.44,206.28,206.41,0.14,+0.07%,19148
"2024-08-09 15:26",206.16,206.31,206.155,206.27,0.11,+0.05%,28101
"2024-08-09 15:25",206.05,206.19,206.02,206.16,0.11,+0.05%,15148
"2024-08-09 15:24",206.0704,206.11,206.04,206.05,-0.02,-0.01%,7125
"2024-08-09 15:23",206.13,206.19,206.07,206.07,-0.07,-0.03%,9673
"2024-08-09 15:22",205.975,206.14,205.9294,206.14,0.16,+0.08%,23550
"2024-08-09 15:21",206.14,206.16,205.96,205.98,-0.16,-0.08%,34012
"2024-08-09 15:20",206.31,206.33,206.14,206.14,-0.2,-0.10%,23094
"2024-08-09 15:19",206.29,206.38,206.26,206.34,0.03,+0.01%,10594
"2024-08-09 15:18",206.29,206.31,206.22,206.31,0.02,+0.01%,14647
"2024-08-09 15:17",206.3053,206.32,206.24,206.29,-0.01,0.00%,12505
"2024-08-09 15:16",206.17,206.33,206.14,206.3,0.12,+0.06%,30702
"2024-08-09 15:15",206.17,206.25,206.13,206.18,0.03,+0.01%,23943
"2024-08-09 15:14",206.3,206.3,206.11,206.15,-0.14,-0.07%,17545
"2024-08-09 15:13",206.15,206.29,206.15,206.29,0.15,+0.07%,11270
"2024-08-09 15:12",206.2,206.235,206.13,206.14,-0.065,-0.03%,20908
"2024-08-09 15:11",206.155,206.26,206.14,206.205,0.055,+0.03%,16938
"2024-08-09 15:10",206.14,206.195,206.1,206.15,0.02,+0.01%,20435
"2024-08-09 15:09",206.1,206.17,206.04,206.13,0.03,+0.01%,24382
"2024-08-09 15:08",206.2,206.28,206.1,206.1,-0.13,-0.06%,15072
"2024-08-09 15:07",206.15,206.26,206.09,206.23,0.08,+0.04%,9368
"2024-08-09 15:06",206.16,206.184,206.1199,206.15,0.005,0.00%,9146
"2024-08-09 15:05",206.19,206.23,206.14,206.145,-0.045,-0.02%,27911
"2024-08-09 15:04",206.24,206.245,206.18,206.19,-0.05,-0.02%,21853
"2024-08-09 15:03",206.27,206.285,206.175,206.24,-0.05,-0.02%,22683
"2024-08-09 15:02",206.35,206.37,206.21,206.29,-0.05,-0.02%,22342
"2024-08-09 15:01",206.27,206.39,206.27,206.34,0.07,+0.03%,8906
"2024-08-09 15:00",206.32,206.4,206.26,206.27,-0.05,-0.02%,28155
"2024-08-09 14:59",206.2,206.36,206.2,206.32,0.13,+0.06%,18502
"2024-08-09 14:58",206.1,206.19,206.02,206.19,0.08,+0.04%,19762
"2024-08-09 14:57",205.96,206.11,205.94,206.11,0.13,+0.06%,29112
"2024-08-09 14:56",206.07,206.11,205.94,205.98,-0.07,-0.03%,30197
"2024-08-09 14:55",206.17,206.2,206.03,206.05,-0.11,-0.05%,16394
"2024-08-09 14:54",206.07,206.17,206.07,206.16,0.09,+0.04%,16472
"2024-08-09 14:53",206.175,206.175,206.03,206.07,-0.1,-0.05%,20809
"2024-08-09 14:52",206.28,206.28,206.16,206.17,-0.1,-0.05%,9198
"2024-08-09 14:51",206.17,206.29,206.1502,206.27,0.12,+0.06%,21332
"2024-08-09 14:50",206.35,206.38,206.15,206.15,-0.2,-0.10%,7256
"2024-08-09 14:49",206.44,206.44,206.29,206.35,-0.085,-0.04%,13658
"2024-08-09 14:48",206.51,206.53,206.41,206.435,-0.065,-0.03%,9281
"2024-08-09 14:47",206.53,206.58,206.5,206.5,-0.005,0.00%,20482
"2024-08-09 14:46",206.44,206.54,206.39,206.505,0.065,+0.03%,13623
"2024-08-09 14:45",206.37,206.48,206.37,206.44,0.09,+0.04%,17200
"2024-08-09 14:44",206.37,206.39,206.32,206.35,-0.045,-0.02%,10227
"2024-08-09 14:43",206.28,206.4,206.27,206.395,0.105,+0.05%,14207
"2024-08-09 14:42",206.39,206.39,206.25,206.29,-0.12,-0.06%,10780
"2024-08-09 14:41",206.31,206.41,206.305,206.41,0.13,+0.06%,17824
"2024-08-09 14:40",206.23,206.37,206.23,206.28,0.035,+0.02%,34715
"2024-08-09 14:39",206.16,206.27,206.131,206.245,0.065,+0.03%,20133
"2024-08-09 14:38",206.15,206.2,206.08,206.18,0.04,+0.02%,7539
"2024-08-09 14:37",206.09,206.14,206.05,206.14,0.04,+0.02%,7813
"2024-08-09 14:36",205.89,206.13,205.89,206.1,0.24,+0.12%,9251
"2024-08-09 14:35",205.95,205.97,205.82,205.86,-0.09,-0.04%,21773
"2024-08-09 14:34",206.07,206.08,205.88,205.95,-0.15,-0.07%,42079
"2024-08-09 14:33",206.06,206.13,206.06,206.1,0.01,0.00%,11022
"2024-08-09 14:32",206.16,206.1872,206.07,206.09,-0.08,-0.04%,16815
"2024-08-09 14:31",206.045,206.17,206.01,206.17,0.1213,+0.06%,14908
"2024-08-09 14:30",206.09,206.16,206.04,206.0487,-0.0613,-0.03%,12341
"2024-08-09 14:29",206.1301,206.15,206.09,206.11,-0.02,-0.01%,9358
"2024-08-09 14:28",206.18,206.224,206.09,206.13,-0.05,-0.02%,9629
"2024-08-09 14:27",206.17,206.22,206.14,206.18,0.0522,+0.03%,28581
"2024-08-09 14:26",206.05,206.13,205.99,206.1278,0.0778,+0.04%,37224
"2024-08-09 14:25",206.1,206.22,206.05,206.05,-0.05,-0.02%,24801
"2024-08-09 14:24",206.17,206.17,206.06,206.1,-0.065,-0.03%,15839
"2024-08-09 14:23",206.26,206.26,206.12,206.165,-0.075,-0.04%,3000
"2024-08-09 14:22",206.124,206.26,206.1186,206.24,0.09,+0.04%,9460
"2024-08-09 14:21",206.06,206.17,206.06,206.15,0.0764,+0.04%,17968
"2024-08-09 14:20",206.18,206.2003,206.0736,206.0736,-0.1064,-0.05%,13421
"2024-08-09 14:19",205.99,206.18,205.97,206.18,0.2,+0.10%,29489
"2024-08-09 14:18",206.09,206.11,205.98,205.98,-0.09,-0.04%,31322
"2024-08-09 14:17",206.22,206.22,206.05,206.07,-0.19,-0.09%,24281
"2024-08-09 14:16",206.25,206.3,206.2,206.26,-0.01,0.00%,5758
"2024-08-09 14:15",206.25,206.3,206.16,206.27,0.06,+0.03%,8399
"2024-08-09 14:14",206.25,206.29,206.1612,206.21,-0.006,0.00%,4201
"2024-08-09 14:13",206.2145,206.29,206.2145,206.216,0.016,+0.01%,9860
"2024-08-09 14:12",206.12,206.25,206.07,206.2,0.06,+0.03%,25318
"2024-08-09 14:11",206.48,206.52,206.12,206.14,-0.35,-0.17%,26550
"2024-08-09 14:10",206.66,206.66,206.43,206.49,-0.16,-0.08%,19750
"2024-08-09 14:09",206.4901,206.65,206.4901,206.65,0.14,+0.07%,21185
"2024-08-09 14:08",206.375,206.52,206.375,206.51,0.15,+0.07%,12154
"2024-08-09 14:07",206.25,206.36,206.19,206.36,0.08,+0.04%,4572
"2024-08-09 14:06",206.26,206.2899,206.25,206.28,0,0.00%,3552
"2024-08-09 14:05",206.26,206.28,206.18,206.28,0.001,0.00%,11248
"2024-08-09 14:04",206.26,206.29,206.09,206.279,-0.021,-0.01%,21888
"2024-08-09 14:03",206.23,206.3,206.15,206.3,0.11,+0.05%,6431
"2024-08-09 14:02",206.32,206.32,206.16,206.19,-0.14,-0.07%,54561
"2024-08-09 14:01",206.12,206.345,206.12,206.33,0.21,+0.10%,18937
"2024-08-09 14:00",206.13,206.16,206.03,206.12,0.01,0.00%,12760
"2024-08-09 13:59",206.1114,206.17,206.06,206.11,-0.03,-0.01%,15606
"2024-08-09 13:58",206.165,206.21,206.135,206.14,-0.02,-0.01%,12127
"2024-08-09 13:57",206.15,206.1761,206.08,206.16,-0.05,-0.02%,4695
"2024-08-09 13:56",206.22,206.22,206.07,206.21,-0.03,-0.01%,79337
"2024-08-09 13:55",206.287,206.35,206.21,206.24,-0.015,-0.01%,16598
"2024-08-09 13:54",206.34,206.34,206.03,206.255,-0.0949,-0.05%,60483
"2024-08-09 13:53",206.47,206.47,206.32,206.3499,-0.1251,-0.06%,10974
"2024-08-09 13:52",206.54,206.56,206.47,206.475,-0.055,-0.03%,10147
"2024-08-09 13:51",206.34,206.53,206.32,206.53,0.18,+0.09%,27956
"2024-08-09 13:50",206.56,206.59,206.35,206.35,-0.164,-0.08%,20858
"2024-08-09 13:49",206.545,206.59,206.48,206.514,-0.016,-0.01%,23681
"2024-08-09 13:48",206.72,206.72,206.51,206.53,-0.19,-0.09%,20238
"2024-08-09 13:47",206.61,206.73,206.555,206.72,0.12,+0.06%,7184
"2024-08-09 13:46",206.7,206.7,206.53,206.6,-0.13,-0.06%,20403
"2024-08-09 13:45",206.635,206.73,206.59,206.73,0.09,+0.04%,37511
"2024-08-09 13:44",206.73,206.73,206.6001,206.64,-0.095,-0.05%,25912
"2024-08-09 13:43",206.62,206.762,206.6001,206.735,0.115,+0.06%,27905
"2024-08-09 13:42",206.73,206.74,206.57,206.62,-0.1,-0.05%,86840
"2024-08-09 13:41",207.01,207.01,206.7,206.72,-0.28,-0.14%,68899
"2024-08-09 13:40",207.02,207.09,207,207,-0.02,-0.01%,27652
"2024-08-09 13:39",207.1,207.1,206.98,207.02,-0.09,-0.04%,17870
"2024-08-09 13:38",207.08,207.12,207.039,207.11,0.05,+0.02%,12506
"2024-08-09 13:37",206.97,207.06,206.95,207.06,0.07,+0.03%,8700
"2024-08-09 13:36",206.97,207.01,206.93,206.99,0.03,+0.01%,30794
"2024-08-09 13:35",207.075,207.11,206.96,206.96,-0.098,-0.05%,57419
"2024-08-09 13:34",206.94,207.08,206.94,207.058,0.098,+0.05%,12044
"2024-08-09 13:33",206.9,206.98,206.87,206.96,0.08,+0.04%,11931
"2024-08-09 13:32",206.87,206.93,206.8,206.88,-0.01,0.00%,42556
"2024-08-09 13:31",207.07,207.074,206.88,206.89,-0.16,-0.08%,32575
"2024-08-09 13:30",206.98,207.09,206.96,207.05,0.07,+0.03%,72566
"2024-08-09 13:29",206.8,206.98,206.79,206.98,0.18,+0.09%,34528
"2024-08-09 13:28",206.66,206.8166,206.64,206.8,0.15,+0.07%,19823
"2024-08-09 13:27",206.65,206.67,206.61,206.65,-0.02,-0.01%,5393
"2024-08-09 13:26",206.65,206.68,206.62,206.67,-0.04,-0.02%,4137
"2024-08-09 13:25",206.62,206.76,206.62,206.71,0.1099,+0.05%,30813
"2024-08-09 13:24",206.63,206.64,206.555,206.6001,-0.0299,-0.01%,54067
"2024-08-09 13:23",206.66,206.74,206.57,206.63,-0.03,-0.01%,20883
"2024-08-09 13:22",206.76,206.77,206.65,206.66,-0.08,-0.04%,43629
"2024-08-09 13:21",206.8,206.8,206.7,206.74,-0.0699,-0.03%,31669
"2024-08-09 13:20",206.75,206.81,206.73,206.8099,0.0799,+0.04%,14479
"2024-08-09 13:19",206.68,206.755,206.68,206.73,0.06,+0.03%,16493
"2024-08-09 13:18",206.72,206.76,206.66,206.67,-0.04,-0.02%,17671
"2024-08-09 13:17",206.71,206.73,206.6804,206.71,0.01,0.00%,13018
"2024-08-09 13:16",206.66,206.71,206.62,206.7,0.04,+0.02%,26781
"2024-08-09 13:15",206.4701,206.6959,206.47,206.66,0.1301,+0.06%,25040
"2024-08-09 13:14",206.35,206.535,206.35,206.5299,0.1699,+0.08%,24711
"2024-08-09 13:13",206.3,206.37,206.29,206.36,0.08,+0.04%,26450
"2024-08-09 13:12",206.22,206.295,206.2,206.28,0.08,+0.04%,19205
"2024-08-09 13:11",206.24,206.27,206.18,206.2,-0.03,-0.01%,16062
"2024-08-09 13:10",206.25,206.29,206.23,206.23,-0.01,0.00%,32195
"2024-08-09 13:09",206.08,206.25,206.08,206.24,0.135,+0.07%,9903
"2024-08-09 13:08",206.15,206.17,206.08,206.105,-0.025,-0.01%,30776
"2024-08-09 13:07",206.11,206.13,206.04,206.13,0.02,+0.01%,9480
"2024-08-09 13:06",206.12,206.18,206.09,206.11,0,0.00%,11189
"2024-08-09 13:05",206.22,206.26,206.05,206.11,-0.11,-0.05%,16109
"2024-08-09 13:04",206.25,206.26,206.18,206.22,0.01,0.00%,12561
"2024-08-09 13:03",206.22,206.25,206.17,206.21,-0.01,0.00%,23670
"2024-08-09 13:02",206.134,206.23,206.12,206.22,0.07,+0.03%,40241
"2024-08-09 13:01",206.05,206.15,206.03,206.15,0.12,+0.06%,7671
"2024-08-09 13:00",206.0641,206.09,205.99,206.03,-0.03,-0.01%,10603
"2024-08-09 12:59",205.98,206.08,205.97,206.06,0.08,+0.04%,10949
"2024-08-09 12:58",205.93,206.04,205.93,205.98,0.06,+0.03%,23742
"2024-08-09 12:57",205.89,205.92,205.82,205.92,0.03,+0.01%,6796
"2024-08-09 12:56",205.67,205.92,205.63,205.89,0.2,+0.10%,18787
"2024-08-09 12:55",205.63,205.78,205.62,205.69,0.09,+0.04%,16844
"2024-08-09 12:54",205.76,205.775,205.56,205.6,-0.17,-0.08%,34857
"2024-08-09 12:53",205.88,205.9,205.74,205.77,-0.11,-0.05%,19814
"2024-08-09 12:52",206.08,206.08,205.88,205.88,-0.21,-0.10%,25718
"2024-08-09 12:51",206.05,206.12,206.03,206.09,0.05,+0.02%,24731
"2024-08-09 12:50",206.04,206.07,206.01,206.04,0,0.00%,13850
"2024-08-09 12:49",205.91,206.04,205.908,206.04,0.15,+0.07%,14744
"2024-08-09 12:48",205.84,205.89,205.77,205.89,0.06,+0.03%,9548
"2024-08-09 12:47",205.91,205.94,205.76,205.83,-0.08,-0.04%,15995
"2024-08-09 12:46",205.94,205.94,205.87,205.91,-0.03,-0.01%,10334
"2024-08-09 12:45",205.97,206.01,205.93,205.94,-0.04,-0.02%,17636
"2024-08-09 12:44",205.95,206.02,205.95,205.98,0.05,+0.02%,9744
"2024-08-09 12:43",205.92,205.98,205.91,205.93,0.03,+0.01%,18085
"2024-08-09 12:42",205.88,205.95,205.85,205.9,0.03,+0.01%,12529
"2024-08-09 12:41",205.85,205.88,205.83,205.87,0.02,+0.01%,10054
"2024-08-09 12:40",205.86,205.87,205.77,205.85,-0.02,-0.01%,50228
"2024-08-09 12:39",205.89,205.93,205.86,205.87,-0.01,0.00%,24543
"2024-08-09 12:38",205.72,205.89,205.72,205.88,0.16,+0.08%,6670
"2024-08-09 12:37",205.76,205.8,205.72,205.72,-0.04,-0.02%,9374
"2024-08-09 12:36",205.74,205.7862,205.71,205.76,0.05,+0.02%,5269
"2024-08-09 12:35",205.62,205.71,205.62,205.71,0.12,+0.06%,5901
"2024-08-09 12:34",205.73,205.74,205.59,205.59,-0.12,-0.06%,5225
"2024-08-09 12:33",205.68,205.75,205.65,205.71,0.03,+0.01%,3662
"2024-08-09 12:32",205.53,205.7,205.53,205.68,0.14,+0.07%,15143
"2024-08-09 12:31",205.57,205.64,205.53,205.54,-0.01,0.00%,21757
"2024-08-09 12:30",205.46,205.55,205.4,205.55,0.075,+0.04%,13794
"2024-08-09 12:29",205.48,205.53,205.44,205.475,0.035,+0.02%,12846
"2024-08-09 12:28",205.46,205.47,205.37,205.44,-0.02,-0.01%,21439
"2024-08-09 12:27",205.31,205.46,205.31,205.46,0.151,+0.07%,24964
"2024-08-09 12:26",205.21,205.32,205.2,205.309,0.099,+0.05%,13285
"2024-08-09 12:25",205.02,205.26,205.02,205.21,0.19,+0.09%,22682
"2024-08-09 12:24",205.175,205.19,205.01,205.02,-0.155,-0.08%,9209
"2024-08-09 12:23",205.02,205.23,205.015,205.175,0.195,+0.10%,20240
"2024-08-09 12:22",205.22,205.23,204.98,204.98,-0.24,-0.12%,21425
"2024-08-09 12:21",205.23,205.25,205.17,205.22,0,0.00%,9949
"2024-08-09 12:20",205.14,205.29,205.13,205.22,0.08,+0.04%,30039
"2024-08-09 12:19",205.06,205.195,205.04,205.14,0.08,+0.04%,33210
"2024-08-09 12:18",205.14,205.18,204.94,205.06,-0.06,-0.03%,30931
"2024-08-09 12:17",205.07,205.16,205.02,205.12,0.05,+0.02%,37517
"2024-08-09 12:16",205.12,205.15,205.05,205.07,-0.05,-0.02%,41963
"2024-08-09 12:15",205.09,205.15,205.02,205.12,0.04,+0.02%,65605
"2024-08-09 12:14",205.05,205.1,205.03,205.08,0.01,0.00%,34011
"2024-08-09 12:13",205.07,205.1,205.01,205.07,-0.0093,0.00%,98448
"2024-08-09 12:12",205.1375,205.17,205.065,205.0793,-0.0607,-0.03%,32148
"2024-08-09 12:11",205.155,205.23,205.1275,205.14,0,0.00%,74796
"2024-08-09 12:10",205.26,205.31,205.14,205.14,-0.13,-0.06%,29673
"2024-08-09 12:09",205.35,205.38,205.25,205.27,-0.07,-0.03%,28172
"2024-08-09 12:08",205.5,205.51,205.34,205.34,-0.14,-0.07%,19760
"2024-08-09 12:07",205.3,205.48,205.3,205.48,0.1605,+0.08%,13801
"2024-08-09 12:06",205.19,205.38,205.1601,205.3195,0.1295,+0.06%,21440
"2024-08-09 12:05",205.34,205.4,205.15,205.19,-0.18,-0.09%,57395
"2024-08-09 12:04",205.405,205.43,205.29,205.37,-0.05,-0.02%,22446
"2024-08-09 12:03",205.43,205.5,205.39,205.42,0.005,0.00%,25463
"2024-08-09 12:02",205.53,205.54,205.35,205.415,-0.105,-0.05%,32480
"2024-08-09 12:01",205.405,205.58,205.4,205.52,0.09,+0.04%,25081
"2024-08-09 12:00",205.43,205.48,205.37,205.43,0.036,+0.02%,15595
"2024-08-09 11:59",205.45,205.46,205.31,205.394,-0.066,-0.03%,21277
"2024-08-09 11:58",205.2901,205.57,205.2901,205.46,0.15,+0.07%,34160
"2024-08-09 11:57",205.34,205.52,205.27,205.31,-0.03,-0.01%,88899
"2024-08-09 11:56",205.6501,205.66,205.27,205.34,-0.31,-0.15%,89903
"2024-08-09 11:55",205.88,205.89,205.63,205.65,-0.23,-0.11%,19476
"2024-08-09 11:54",205.8914,205.92,205.79,205.88,-0.03,-0.01%,24536
"2024-08-09 11:53",205.87,206,205.864,205.91,0.04,+0.02%,12453
"2024-08-09 11:52",205.81,205.9,205.81,205.87,0.04,+0.02%,11986
"2024-08-09 11:51",205.835,205.86,205.73,205.83,-0.0201,-0.01%,11427
"2024-08-09 11:50",205.9,205.93,205.76,205.8501,-0.0699,-0.03%,26019
"2024-08-09 11:49",205.9259,205.99,205.89,205.92,-0.03,-0.01%,5170
"2024-08-09 11:48",205.9,205.95,205.86,205.95,0.107,+0.05%,11721
"2024-08-09 11:47",205.8958,206,205.84,205.843,-0.067,-0.03%,17141
"2024-08-09 11:46",205.82,205.91,205.765,205.91,0.12,+0.06%,10757
"2024-08-09 11:45",205.72,205.82,205.72,205.79,0.08,+0.04%,23230
"2024-08-09 11:44",205.63,205.77,205.63,205.71,0.06,+0.03%,14071
"2024-08-09 11:43",205.78,205.81,205.6301,205.65,-0.13,-0.06%,15915
"2024-08-09 11:42",205.9295,205.9295,205.74,205.78,-0.1398,-0.07%,7375
"2024-08-09 11:41",205.75,205.98,205.75,205.9198,0.1998,+0.10%,8046
"2024-08-09 11:40",205.795,205.89,205.68,205.72,-0.06,-0.03%,14126
"2024-08-09 11:39",205.67,205.8,205.63,205.78,0.1,+0.05%,35299
"2024-08-09 11:38",205.71,205.79,205.66,205.68,-0.03,-0.01%,12493
"2024-08-09 11:37",205.75,205.79,205.68,205.71,-0.03,-0.01%,31176
"2024-08-09 11:36",205.888,205.8881,205.71,205.74,-0.14,-0.07%,12834
"2024-08-09 11:35",205.97,206.03,205.8312,205.88,-0.12,-0.06%,38210
"2024-08-09 11:34",206.01,206.06,205.92,206,-0.06,-0.03%,10414
"2024-08-09 11:33",205.94,206.06,205.8699,206.06,0.11,+0.05%,17642
"2024-08-09 11:32",205.99,206.02,205.905,205.95,-0.0533,-0.03%,19884
"2024-08-09 11:31",205.85,206.07,205.81,206.0033,0.1173,+0.06%,48271
"2024-08-09 11:30",205.91,206.04,205.81,205.886,-0.034,-0.02%,33948
"2024-08-09 11:29",206.2,206.2,205.89,205.92,-0.28,-0.14%,35970
"2024-08-09 11:28",206.36,206.385,206.151,206.2,-0.16,-0.08%,45307
"2024-08-09 11:27",206.495,206.53,206.36,206.36,-0.15,-0.07%,52968
"2024-08-09 11:26",206.37,206.51,206.37,206.51,0.09,+0.04%,24158
"2024-08-09 11:25",206.5,206.63,206.42,206.42,-0.05,-0.02%,15046
"2024-08-09 11:24",206.53,206.53,206.42,206.47,-0.12,-0.06%,5069
"2024-08-09 11:23",206.49,206.64,206.49,206.59,0.12,+0.06%,8797
"2024-08-09 11:22",206.48,206.58,206.38,206.47,0.01,0.00%,40188
"2024-08-09 11:21",206.54,206.56,206.35,206.46,-0.08,-0.04%,24522
"2024-08-09 11:20",206.72,206.7261,206.43,206.54,-0.19,-0.09%,50857
"2024-08-09 11:19",206.68,206.805,206.68,206.73,0.07,+0.03%,50462
"2024-08-09 11:18",206.67,206.8,206.65,206.66,-0.01,0.00%,9832
"2024-08-09 11:17",206.66,206.67,206.54,206.67,0.0299,+0.01%,7328
"2024-08-09 11:16",206.55,206.66,206.55,206.6401,0.0901,+0.04%,32265
"2024-08-09 11:15",206.54,206.66,206.5,206.55,0.02,+0.01%,13134
"2024-08-09 11:14",206.55,206.61,206.51,206.53,0.03,+0.01%,9818
"2024-08-09 11:13",206.46,206.53,206.43,206.5,-0.06,-0.03%,21049
"2024-08-09 11:12",206.56,206.59,206.4821,206.56,-0.0032,0.00%,16853
"2024-08-09 11:11",206.52,206.61,206.5,206.5632,0.0232,+0.01%,15366
"2024-08-09 11:10",206.65,206.66,206.39,206.54,-0.09,-0.04%,78184
"2024-08-09 11:09",206.81,206.84,206.55,206.63,-0.2,-0.10%,13303
"2024-08-09 11:08",206.5606,206.88,206.5606,206.83,0.23,+0.11%,67108
"2024-08-09 11:07",206.61,206.69,206.52,206.6,-0.015,-0.01%,12434
"2024-08-09 11:06",206.43,206.62,206.43,206.615,0.1451,+0.07%,9766
"2024-08-09 11:05",206.53,206.66,206.45,206.4699,-0.0801,-0.04%,20941
"2024-08-09 11:04",206.3008,206.565,206.3008,206.55,0.2588,+0.13%,27803
"2024-08-09 11:03",206.4,206.49,206.29,206.2912,-0.1188,-0.06%,12708
"2024-08-09 11:02",206.33,206.44,206.32,206.41,0.04,+0.02%,24112
"2024-08-09 11:01",206.41,206.44,206.32,206.37,-0.0001,0.00%,16606
"2024-08-09 11:00",206.17,206.44,206.17,206.3701,0.2001,+0.10%,21332
"2024-08-09 10:59",206.17,206.27,206.03,206.17,0.01,0.00%,25019
"2024-08-09 10:58",206.465,206.49,206.16,206.16,-0.33,-0.16%,32220
"2024-08-09 10:57",206.52,206.57,206.38,206.49,-0.03,-0.01%,21135
"2024-08-09 10:56",206.4,206.62,206.4,206.52,0.15,+0.07%,33224
"2024-08-09 10:55",206.22,206.45,206.22,206.37,0.11,+0.05%,27551
"2024-08-09 10:54",206.33,206.43,206.16,206.26,-0.05,-0.02%,22023
"2024-08-09 10:53",206.36,206.42,206.28,206.31,-0.06,-0.03%,26376
"2024-08-09 10:52",206.14,206.38,206.09,206.37,0.23,+0.11%,83888
"2024-08-09 10:51",205.86,206.15,205.86,206.14,0.26,+0.13%,96267
"2024-08-09 10:50",205.92,206.04,205.85,205.88,-0.08,-0.04%,49821
"2024-08-09 10:49",205.84,206.15,205.84,205.96,0.1,+0.05%,29368
"2024-08-09 10:48",206.1,206.11,205.81,205.86,-0.23,-0.11%,69463
"2024-08-09 10:47",206.1901,206.33,206.02,206.09,-0.11,-0.05%,51274
"2024-08-09 10:46",206.21,206.33,206.16,206.2,-0.02,-0.01%,31693
"2024-08-09 10:45",205.9913,206.32,205.988,206.22,0.22,+0.11%,52749
"2024-08-09 10:44",206.17,206.19,205.92,206,-0.1412,-0.07%,48974
"2024-08-09 10:43",206.04,206.16,205.93,206.1412,0.068,+0.03%,30151
"2024-08-09 10:42",206.25,206.47,206.07,206.0732,-0.1868,-0.09%,58367
"2024-08-09 10:41",206.26,206.28,206.12,206.26,0,0.00%,33183
"2024-08-09 10:40",205.98,206.26,205.98,206.26,0.28,+0.14%,25909
"2024-08-09 10:39",205.94,206.07,205.88,205.98,0.06,+0.03%,17561
"2024-08-09 10:38",206.22,206.22,205.84,205.92,-0.31,-0.15%,27921
"2024-08-09 10:37",205.97,206.26,205.95,206.23,0.27,+0.13%,68417
"2024-08-09 10:36",205.75,206,205.69,205.96,0.24,+0.12%,81592
"2024-08-09 10:35",205.805,205.825,205.56,205.72,-0.085,-0.04%,25288
"2024-08-09 10:34",205.75,205.805,205.56,205.805,0.065,+0.03%,159725
"2024-08-09 10:33",205.89,206,205.71,205.74,-0.14,-0.07%,143702
"2024-08-09 10:32",205.83,206.02,205.8263,205.88,0.0545,+0.03%,41161
"2024-08-09 10:31",206.17,206.19,205.8,205.8255,-0.3245,-0.16%,70017
"2024-08-09 10:30",206.26,206.26,206.03,206.15,-0.0925,-0.04%,26972
"2024-08-09 10:29",206.32,206.38,206.14,206.2425,-0.0575,-0.03%,40468
"2024-08-09 10:28",206.11,206.327,206.05,206.3,0.208,+0.10%,18135
"2024-08-09 10:27",206.21,206.3,206.09,206.092,-0.168,-0.08%,35022
"2024-08-09 10:26",206.15,206.3,206.1,206.26,0.14,+0.07%,16042
"2024-08-09 10:25",206.2,206.26,206.05,206.12,-0.08,-0.04%,85463
"2024-08-09 10:24",206.09,206.2,206.01,206.2,0.075,+0.04%,56590
"2024-08-09 10:23",206.31,206.31,206.04,206.125,-0.155,-0.08%,24268
"2024-08-09 10:22",206.3,206.35,206.13,206.28,0.02,+0.01%,12648
"2024-08-09 10:21",206.24,206.38,206.14,206.26,-0.02,-0.01%,24639
"2024-08-09 10:20",206.13,206.3,206.12,206.28,0.11,+0.05%,29080
"2024-08-09 10:19",206.13,206.37,206.1,206.17,0.06,+0.03%,29324
"2024-08-09 10:18",206.28,206.38,206.1,206.11,-0.2,-0.10%,27130
"2024-08-09 10:17",206.37,206.45,206.2,206.31,-0.036,-0.02%,69155
"2024-08-09 10:16",206.68,206.78,206.34,206.346,-0.334,-0.16%,51514
"2024-08-09 10:15",206.7,206.76,206.6,206.68,-0.05,-0.02%,38744
"2024-08-09 10:14",206.84,206.91,206.69,206.73,-0.11,-0.05%,97546
"2024-08-09 10:13",206.59,206.86,206.59,206.84,0.24,+0.12%,85784
"2024-08-09 10:12",206.2,206.62,206.1907,206.6,0.39,+0.19%,77999
"2024-08-09 10:11",206.25,206.38,206.0799,206.21,-0.04,-0.02%,64807
"2024-08-09 10:10",205.98,206.32,205.96,206.25,0.2749,+0.13%,38303
"2024-08-09 10:09",206.15,206.16,205.94,205.9751,-0.1749,-0.08%,37298
"2024-08-09 10:08",206.3799,206.4599,206.15,206.15,-0.23,-0.11%,34132
"2024-08-09 10:07",206.42,206.43,206.14,206.38,-0.06,-0.03%,63944
"2024-08-09 10:06",206.49,206.69,206.44,206.44,-0.04,-0.02%,41410
"2024-08-09 10:05",206.53,206.56,206.41,206.48,-0.07,-0.03%,47739
"2024-08-09 10:04",206.42,206.5957,206.34,206.55,0.14,+0.07%,71507
"2024-08-09 10:03",206.28,206.53,206.23,206.41,0.122,+0.06%,62450
"2024-08-09 10:02",206.17,206.31,205.98,206.288,0.118,+0.06%,38044
"2024-08-09 10:01",205.78,206.28,205.76,206.17,0.39,+0.19%,80610
"2024-08-09 10:00",206.07,206.11,205.68,205.78,-0.3374,-0.16%,92308
"2024-08-09 09:59",206.21,206.21,206.03,206.1174,-0.1026,-0.05%,14724
"2024-08-09 09:58",206,206.27,205.93,206.22,0.28,+0.14%,49156
"2024-08-09 09:57",206.02,206.08,205.87,205.94,-0.12,-0.06%,65225
"2024-08-09 09:56",206.15,206.26,206.02,206.06,-0.09,-0.04%,35673
"2024-08-09 09:55",206.29,206.31,206.02,206.15,-0.1468,-0.07%,36238
"2024-08-09 09:54",205.97,206.32,205.96,206.2968,0.3268,+0.16%,78648
"2024-08-09 09:53",206.005,206.005,205.84,205.97,0,0.00%,49252
"2024-08-09 09:52",205.63,206,205.61,205.97,0.33,+0.16%,101930
"2024-08-09 09:51",205.64,205.77,205.47,205.64,0.0325,+0.02%,53353
"2024-08-09 09:50",205.58,205.8,205.54,205.6075,0.0175,+0.01%,91036
"2024-08-09 09:49",205.77,205.77,205.49,205.59,-0.16,-0.08%,57317
"2024-08-09 09:48",205.85,205.95,205.69,205.75,-0.1,-0.05%,54919
"2024-08-09 09:47",206.14,206.3416,205.84,205.85,-0.26,-0.13%,54243
"2024-08-09 09:46",206.3,206.36,205.93,206.11,-0.18,-0.09%,56979
"2024-08-09 09:45",205.95,206.39,205.95,206.29,0.3399,+0.17%,64649
"2024-08-09 09:44",206.12,206.19,205.94,205.9501,-0.1699,-0.08%,27676
"2024-08-09 09:43",206.03,206.182,205.99,206.12,0.04,+0.02%,41238
"2024-08-09 09:42",206.17,206.26,205.98,206.08,-0.07,-0.03%,62472
"2024-08-09 09:41",206.44,206.46,206.12,206.15,-0.27,-0.13%,47875
"2024-08-09 09:40",206.611,206.6153,206.3425,206.42,-0.2,-0.10%,83496
"2024-08-09 09:39",206.76,206.96,206.5475,206.62,-0.15,-0.07%,46621
"2024-08-09 09:38",206.615,206.8,206.55,206.77,0.15,+0.07%,43687
"2024-08-09 09:37",206.8,206.89,206.61,206.62,-0.17,-0.08%,112895
"2024-08-09 09:36",206.54,206.83,206.42,206.79,0.26,+0.13%,69146
"2024-08-09 09:35",206.43,206.53,206.1,206.53,0.13,+0.06%,114499
"2024-08-09 09:34",206.27,206.53,206.23,206.4,0.06,+0.03%,44135
"2024-08-09 09:33",206.71,206.77,206.3291,206.34,-0.375,-0.18%,76486
"2024-08-09 09:32",206.68,206.98,206.51,206.715,0.015,+0.01%,81595
"2024-08-09 09:31",206.76,207,206.68,206.7,-0.08,-0.04%,85738
"2024-08-09 09:30",207.05,207.11,206.54,206.78,-0.27,-0.13%,228988
"2024-08-09 09:29",206.769,207.11,206.76,207.05,0.28,+0.14%,18331
"2024-08-09 09:28",206.88,206.88,206.77,206.77,-0.03,-0.01%,2642
"2024-08-09 09:27",206.97,206.97,206.8,206.8,-0.2,-0.10%,28506
"2024-08-09 09:26",206.93,207,206.93,207,0.09,+0.04%,500
"2024-08-09 09:25",207.0718,207.0718,206.88,206.91,-0.19,-0.09%,1717
"2024-08-09 09:24",207.03,207.1,207,207.1,-0.07,-0.03%,2125
"2024-08-09 09:23",207.12,207.17,207.04,207.17,0.04,+0.02%,12369
"2024-08-09 09:22",207.16,207.16,207.12,207.13,-0.0899,-0.04%,400
"2024-08-09 09:21",207.2199,207.2199,207.2199,207.2199,0.0299,+0.01%,500
"2024-08-09 09:17",207.16,207.19,207.16,207.19,0.02,+0.01%,587
"2024-08-09 09:16",207.16,207.17,207.16,207.17,-0.11,-0.05%,1335
"2024-08-09 09:15",207.2,207.28,207.19,207.28,0.14,+0.07%,3105
"2024-08-09 09:14",207.17,207.2,207.11,207.14,-0.03,-0.01%,8258
"2024-08-09 09:13",207.04,207.19,207.04,207.17,0.14,+0.07%,12262
"2024-08-09 09:12",207.14,207.179,207.03,207.03,-0.1,-0.05%,17593
"2024-08-09 09:11",207.09,207.13,207.07,207.13,0.05,+0.02%,3976
"2024-08-09 09:10",207.05,207.1,207.05,207.08,0.1,+0.05%,2387
"2024-08-09 09:09",206.97,206.99,206.97,206.98,0,0.00%,6300
"2024-08-09 09:08",206.9596,206.98,206.95,206.98,0.09,+0.04%,420
"2024-08-09 09:07",207.01,207.06,206.89,206.89,-0.11,-0.05%,9298
"2024-08-09 09:06",207.04,207.04,207,207,-0.03,-0.01%,2315
"2024-08-09 09:05",207.04,207.05,207.03,207.03,0.16,+0.08%,3850
"2024-08-09 09:04",206.88,206.88,206.87,206.87,-0.04,-0.02%,300
"2024-08-09 09:03",206.86,206.91,206.82,206.91,0.08,+0.04%,2815
"2024-08-09 09:02",206.74,206.83,206.71,206.83,0.1,+0.05%,873
"2024-08-09 09:01",206.87,206.87,206.73,206.73,-0.12,-0.06%,7621
"2024-08-09 09:00",206.9,206.91,206.85,206.85,-0.09,-0.04%,2715
"2024-08-09 08:59",206.94,206.94,206.94,206.94,-0.16,-0.08%,122
"2024-08-09 08:57",207.09,207.1,207.09,207.1,-0.01,0.00%,2070
"2024-08-09 08:56",207.23,207.23,207.11,207.11,-0.1,-0.05%,28059
"2024-08-09 08:55",207.05,207.22,207.05,207.21,0.16,+0.08%,15942
"2024-08-09 08:54",207.05,207.05,206.9,207.05,0,0.00%,3825
"2024-08-09 08:53",207.16,207.19,207.05,207.05,-0.1,-0.05%,4112
"2024-08-09 08:52",207.15,207.17,207.15,207.15,0.05,+0.02%,685
"2024-08-09 08:51",207.1,207.1,207.1,207.1,-0.0292,-0.01%,1150
"2024-08-09 08:50",207.1292,207.1292,207.1292,207.1292,0.0192,+0.01%,1000
"2024-08-09 08:49",207.11,207.11,207.11,207.11,-0.03,-0.01%,200
"2024-08-09 08:48",207.23,207.23,207.14,207.14,0.04,+0.02%,7992
"2024-08-09 08:46",207.1,207.1,207.1,207.1,-0.1,-0.05%,100
"2024-08-09 08:45",207.12,207.2,207.12,207.2,0.07,+0.03%,776
"2024-08-09 08:44",207.07,207.13,207.07,207.13,0.06,+0.03%,472
"2024-08-09 08:43",206.96,207.08,206.93,207.07,0.04,+0.02%,4072
"2024-08-09 08:42",207,207.03,207,207.03,-0.13,-0.06%,211
"2024-08-09 08:41",207.16,207.16,207.14,207.16,0.07,+0.03%,2190
"2024-08-09 08:39",207.11,207.11,206.99,207.09,0.04,+0.02%,43014
"2024-08-09 08:38",206.97,207.13,206.97,207.05,0.12,+0.06%,4429
"2024-08-09 08:37",206.76,206.93,206.76,206.93,0.18,+0.09%,1630
"2024-08-09 08:36",206.85,206.85,206.75,206.75,-0.14,-0.07%,3218
"2024-08-09 08:35",206.87,206.89,206.79,206.89,-0.01,0.00%,1461
"2024-08-09 08:34",206.8,206.9,206.8,206.9,0.07,+0.03%,7040
"2024-08-09 08:33",206.97,206.97,206.8,206.83,-0.22,-0.11%,5600
"2024-08-09 08:32",207.16,207.16,207.05,207.05,0,0.00%,1868
"2024-08-09 08:31",207.29,207.29,207,207.05,-0.23,-0.11%,4459
"2024-08-09 08:30",207.23,207.28,207.14,207.28,0.06,+0.03%,4655
"2024-08-09 08:29",207.22,207.22,207.22,207.22,-0.08,-0.04%,200
"2024-08-09 08:28",207.3,207.3,207.3,207.3,-0.11,-0.05%,500
"2024-08-09 08:27",207.41,207.41,207.41,207.41,0.15,+0.07%,500
"2024-08-09 08:25",207.25,207.26,207.25,207.26,0.1,+0.05%,200
"2024-08-09 08:24",207.19,207.19,207.16,207.16,-0.14,-0.07%,200
"2024-08-09 08:23",207.22,207.3,207.22,207.3,0.05,+0.02%,1994
"2024-08-09 08:22",207.25,207.25,207.25,207.25,-0.06,-0.03%,300
"2024-08-09 08:20",207.2,207.31,207.2,207.31,-0.07,-0.03%,250
"2024-08-09 08:18",207.38,207.38,207.38,207.38,-0.17,-0.08%,100
"2024-08-09 08:16",207.55,207.55,207.55,207.55,0.07,+0.03%,500
"2024-08-09 08:15",207.39,207.48,207.39,207.48,0.14,+0.07%,446
"2024-08-09 08:14",207.34,207.34,207.34,207.34,-0.02,-0.01%,100
"2024-08-09 08:13",207.36,207.36,207.36,207.36,0.06,+0.03%,165
"2024-08-09 08:12",207.44,207.44,207.3,207.3,-0.14,-0.07%,1100
"2024-08-09 08:11",207.44,207.44,207.44,207.44,-0.01,0.00%,312
"2024-08-09 08:09",207.5,207.5,207.44,207.45,-0.06,-0.03%,15308
"2024-08-09 08:08",207.53,207.53,207.51,207.51,-0.07,-0.03%,4974
"2024-08-09 08:07",207.56,207.58,207.56,207.58,0.07,+0.03%,1700
"2024-08-09 08:06",207.7,207.77,207.51,207.51,-0.06,-0.03%,5644
"2024-08-09 08:05",207.55,207.62,207.53,207.57,0.04,+0.02%,2070
"2024-08-09 08:04",207.8,207.8,207.53,207.53,-0.3,-0.14%,6184
"2024-08-09 08:03",207.8,207.84,207.8,207.83,0.03,+0.01%,19566
"2024-08-09 08:02",207.8,207.8,207.71,207.8,1.26,+0.61%,25122
"2024-08-09 08:01",206.68,207.54,206.27,206.54,-1.16,-0.56%,10000
"2024-08-09 08:00",207.3909,208.4496,207.36,207.7,-0.01,0.00%,5455
"2024-08-09 07:59",207.78,207.78,207.67,207.71,-0.04,-0.02%,350
"2024-08-09 07:58",207.75,207.75,207.75,207.75,-0.07,-0.03%,100
"2024-08-09 07:57",207.76,207.83,207.76,207.82,0.26,+0.13%,22180
"2024-08-09 07:54",207.56,207.56,207.56,207.56,-0.1,-0.05%,510
"2024-08-09 07:52",207.66,207.66,207.66,207.66,-0.07,-0.03%,164
"2024-08-09 07:51",207.74,207.74,207.67,207.73,0.26,+0.13%,681
"2024-08-09 07:48",207.49,207.52,207.47,207.47,0.09,+0.04%,2295
"2024-08-09 07:47",207.33,207.38,207.33,207.38,0.17,+0.08%,300
"2024-08-09 07:46",207.21,207.21,207.21,207.21,0.03,+0.01%,900
"2024-08-09 07:45",207.19,207.19,207.18,207.18,0.06,+0.03%,401
"2024-08-09 07:44",207.16,207.17,207.11,207.12,-0.09,-0.04%,1415
"2024-08-09 07:43",207.35,207.35,207.21,207.21,-0.18,-0.09%,3501
"2024-08-09 07:42",207.4,207.4,207.39,207.39,0.11,+0.05%,979
"2024-08-09 07:40",207.42,207.42,207.28,207.28,-0.06,-0.03%,2835
"2024-08-09 07:39",207.35,207.39,207.31,207.34,0.05,+0.02%,1054
"2024-08-09 07:38",207.17,207.29,207.13,207.29,0.08,+0.04%,3601
"2024-08-09 07:37",207.22,207.22,207.21,207.21,0.02,+0.01%,250
"2024-08-09 07:36",207.19,207.19,207.19,207.19,-0.06,-0.03%,500
"2024-08-09 07:35",207.31,207.31,207.25,207.25,-0.06,-0.03%,1080
"2024-08-09 07:34",207.2,207.33,207.2,207.31,0.15,+0.07%,5258
"2024-08-09 07:33",207.31,207.31,207.14,207.16,-0.13,-0.06%,1303
"2024-08-09 07:32",207.17,207.36,207.15,207.29,-0.09,-0.04%,3325
"2024-08-09 07:31",207.4,207.4,207.33,207.38,-0.01,0.00%,807
"2024-08-09 07:30",207.43,207.43,207.39,207.39,-0.01,0.00%,1900
"2024-08-09 07:29",207.4,207.4,207.4,207.4,0.09,+0.04%,400
"2024-08-09 07:28",207.35,207.41,207.31,207.31,0.03,+0.01%,1249
"2024-08-09 07:27",207.34,207.34,207.28,207.28,0.05,+0.02%,500
"2024-08-09 07:26",207.42,207.42,207.23,207.23,-0.15,-0.07%,2171
"2024-08-09 07:25",207.39,207.46,207.38,207.38,-0.07,-0.03%,1900
"2024-08-09 07:24",207.48,207.48,207.44,207.45,-0.12,-0.06%,14700
"2024-08-09 07:19",207.57,207.57,207.57,207.57,-0.13,-0.06%,949
"2024-08-09 07:18",207.76,207.78,207.7,207.7,-0.04,-0.02%,900
"2024-08-09 07:17",207.74,207.74,207.74,207.74,0.25,+0.12%,100
"2024-08-09 07:16",207.49,207.49,207.49,207.49,0,0.00%,100
"2024-08-09 07:15",207.38,207.49,207.38,207.49,0.11,+0.05%,2632
"2024-08-09 07:14",207.38,207.38,207.38,207.38,-0.06,-0.03%,100
"2024-08-09 07:13",207.44,207.44,207.44,207.44,-0.05,-0.02%,475
"2024-08-09 07:12",207.44,207.49,207.44,207.49,0.04,+0.02%,200
"2024-08-09 07:11",207.45,207.45,207.45,207.45,-0.05,-0.02%,600
"2024-08-09 07:10",207.5,207.5,207.5,207.5,0.1,+0.05%,100
"2024-08-09 07:07",207.4,207.4,207.4,207.4,-0.03,-0.01%,600
"2024-08-09 07:05",207.43,207.43,207.43,207.43,-0.07,-0.03%,488
"2024-08-09 07:04",207.5,207.5,207.5,207.5,0.06,+0.03%,289
"2024-08-09 07:03",207.48,207.48,207.44,207.44,-0.01,0.00%,277
"2024-08-09 07:02",207.45,207.45,207.45,207.45,0.07,+0.03%,182
"2024-08-09 07:01",207.39,207.39,207.38,207.38,-0.05,-0.02%,1149
"2024-08-09 07:00",207.43,207.43,207.43,207.43,0.06,+0.03%,130
"2024-08-09 06:57",207.37,207.37,207.37,207.37,0,0.00%,100
"2024-08-09 06:52",207.37,207.37,207.37,207.37,-0.13,-0.06%,236
"2024-08-09 06:49",207.41,207.5,207.41,207.5,0.1,+0.05%,449
"2024-08-09 06:48",207.4,207.4,207.4,207.4,-0.06,-0.03%,135
"2024-08-09 06:47",207.46,207.46,207.46,207.46,0.03,+0.01%,212
"2024-08-09 06:44",207.43,207.43,207.43,207.43,-0.3,-0.14%,155
"2024-08-09 06:33",207.73,207.73,207.73,207.73,0.02,+0.01%,128
"2024-08-09 06:30",207.73,207.73,207.71,207.71,0.01,0.00%,200
"2024-08-09 06:29",207.7,207.7,207.7,207.7,0.24,+0.12%,311
"2024-08-09 06:21",207.49,207.49,207.46,207.46,0.03,+0.01%,1747
"2024-08-09 06:19",207.46,207.46,207.43,207.43,-0.12,-0.06%,1404
"2024-08-09 06:18",207.55,207.55,207.55,207.55,-0.04,-0.02%,100
"2024-08-09 06:17",207.59,207.59,207.59,207.59,-0.12,-0.06%,210
"2024-08-09 06:16",207.69,207.71,207.69,207.71,0.01,0.00%,689
"2024-08-09 06:14",207.7,207.7,207.7,207.7,0,0.00%,493
"2024-08-09 06:12",207.63,207.7,207.63,207.7,0.08,+0.04%,400
"2024-08-09 06:11",207.61,207.62,207.61,207.62,0.05,+0.02%,273
"2024-08-09 06:09",207.57,207.57,207.57,207.57,0.12,+0.06%,100
"2024-08-09 06:08",207.5,207.5,207.45,207.45,-0.35,-0.17%,914
"2024-08-09 06:02",207.8,207.8,207.8,207.8,-0.13,-0.06%,953
"2024-08-09 05:55",207.85,207.93,207.85,207.93,-0.05,-0.02%,1312
"2024-08-09 05:53",207.98,207.98,207.98,207.98,0.09,+0.04%,100
"2024-08-09 05:52",207.89,207.9,207.89,207.89,-0.02,-0.01%,533
"2024-08-09 05:51",207.91,207.91,207.91,207.91,0.04,+0.02%,217
"2024-08-09 05:46",207.87,207.87,207.87,207.87,0,0.00%,500
"2024-08-09 05:44",207.87,207.87,207.87,207.87,0,0.00%,100
"2024-08-09 05:42",207.87,207.87,207.87,207.87,-0.23,-0.11%,235
"2024-08-09 05:39",208.1,208.1,208.1,208.1,0.05,+0.02%,240
"2024-08-09 05:38",208.05,208.05,208.05,208.05,-0.36,-0.17%,246
"2024-08-09 05:27",208.41,208.41,208.41,208.41,0.07,+0.03%,139
"2024-08-09 05:24",208.34,208.34,208.34,208.34,-0.05,-0.02%,1243
"2024-08-09 05:23",208.39,208.39,208.39,208.39,0.1,+0.05%,100
"2024-08-09 05:21",208.29,208.29,208.29,208.29,-0.09,-0.04%,362
"2024-08-09 05:17",208.38,208.38,208.38,208.38,0.14,+0.07%,100
"2024-08-09 05:13",208.1,208.24,208.1,208.24,0.14,+0.07%,302
"2024-08-09 05:12",208.36,208.36,208.1,208.1,-0.34,-0.16%,562
"2024-08-09 05:10",208.44,208.44,208.44,208.44,-0.01,0.00%,200
"2024-08-09 05:09",208.45,208.45,208.45,208.45,-0.05,-0.02%,100
"2024-08-09 05:04",208.49,208.5,208.49,208.5,0.02,+0.01%,267
"2024-08-09 05:03",208.48,208.48,208.48,208.48,0.01,0.00%,200
"2024-08-09 05:02",208.47,208.47,208.47,208.47,0,0.00%,100
"2024-08-09 05:00",208.54,208.54,208.47,208.47,-0.04,-0.02%,200
"2024-08-09 04:56",208.51,208.51,208.51,208.51,-0.02,-0.01%,149
"2024-08-09 04:55",208.53,208.53,208.53,208.53,0.09,+0.04%,100
"2024-08-09 04:52",208.54,208.54,208.44,208.44,-0.1,-0.05%,667
"2024-08-09 04:51",208.54,208.54,208.54,208.54,0.16,+0.08%,100
"2024-08-09 04:50",208.38,208.38,208.38,208.38,0.03,+0.01%,134
"2024-08-09 04:48",208.35,208.35,208.35,208.35,-0.15,-0.07%,1826
"2024-08-09 04:45",208.5,208.5,208.5,208.5,0.13,+0.06%,200
"2024-08-09 04:42",208.37,208.37,208.37,208.37,-0.05,-0.02%,143
"2024-08-09 04:39",208.42,208.42,208.42,208.42,0.13,+0.06%,114
"2024-08-09 04:38",208.29,208.29,208.29,208.29,0.16,+0.08%,100
"2024-08-09 04:35",208.13,208.13,208.13,208.13,-0.02,-0.01%,100
"2024-08-09 04:34",208.15,208.15,208.15,208.15,0.08,+0.04%,100
"2024-08-09 04:33",208.07,208.07,208.07,208.07,-0.04,-0.02%,100
"2024-08-09 04:32",208,208.13,208,208.11,0.11,+0.05%,1209
"2024-08-09 04:31",207.95,208,207.95,208,0.15,+0.07%,3762
"2024-08-09 04:30",207.85,207.85,207.85,207.85,0.12,+0.06%,3382
"2024-08-09 04:28",207.73,207.73,207.73,207.73,-0.07,-0.03%,539
"2024-08-09 04:26",207.82,207.82,207.8,207.8,-0.04,-0.02%,3336
"2024-08-09 04:25",207.84,207.84,207.84,207.84,0.09,+0.04%,100
"2024-08-09 04:24",207.7,207.76,207.7,207.75,0.05,+0.02%,2439
"2024-08-09 04:23",207.69,207.7,207.69,207.7,0.04,+0.02%,1100
"2024-08-09 04:22",207.61,207.7,207.61,207.66,0,0.00%,1726
"2024-08-09 04:20",207.66,207.66,207.66,207.66,-0.03,-0.01%,136
"2024-08-09 04:19",207.69,207.69,207.69,207.69,0.06,+0.03%,139
"2024-08-09 04:18",207.59,207.63,207.59,207.63,0.04,+0.02%,300
"2024-08-09 04:17",207.59,207.59,207.59,207.59,-0.11,-0.05%,500
"2024-08-09 04:14",207.7,207.7,207.7,207.7,-0.13,-0.06%,975
"2024-08-09 04:11",207.82,207.83,207.82,207.83,0.15,+0.07%,272
"2024-08-09 04:10",207.65,207.68,207.65,207.68,-0.02,-0.01%,647
"2024-08-09 04:09",207.7,207.7,207.7,207.7,0,0.00%,183
"2024-08-09 04:08",207.7,207.7,207.7,207.7,-0.14,-0.07%,600
"2024-08-09 04:06",207.84,207.84,207.84,207.84,-0.02,-0.01%,124
"2024-08-09 04:05",207.85,207.86,207.85,207.86,0.04,+0.02%,500
"2024-08-09 04:04",207.82,207.82,207.82,207.82,0,0.00%,558
"2024-08-09 04:02",207.81,207.82,207.81,207.82,-0.13,-0.06%,552
"2024-08-09 04:01",207.91,208.07,207.91,207.95,0.19,+0.09%,2192
"2024-08-09 04:00",207.55,207.79,207.55,207.76,0.57,+0.28%,3600
"2024-08-08 19:59",207.19,207.19,207.16,207.19,0.0004,0.00%,700
"2024-08-08 19:58",207.1896,207.1896,207.1896,207.1896,0.0196,+0.01%,100
"2024-08-08 19:56",207.17,207.17,207.17,207.17,-0.06,-0.03%,3010
"2024-08-08 19:55",207.23,207.23,207.23,207.23,-0.0094,0.00%,12112
"2024-08-08 19:54",207.15,207.2394,207.15,207.2394,0.0694,+0.03%,10116
"2024-08-08 19:52",207.17,207.17,207.17,207.17,0.09,+0.04%,100
"2024-08-08 19:51",207.08,207.08,207.08,207.08,0.02,+0.01%,197
"2024-08-08 19:50",207.17,207.18,207.06,207.06,-0.13,-0.06%,12874
"2024-08-08 19:49",207.1,207.19,207.1,207.19,0.14,+0.07%,14126
"2024-08-08 19:47",207.05,207.05,207.05,207.05,0.07,+0.03%,300
"2024-08-08 19:45",206.98,206.98,206.98,206.98,0.22,+0.11%,161
"2024-08-08 19:40",206.82,206.82,206.76,206.76,-0.02,-0.01%,321
"2024-08-08 19:39",206.78,206.78,206.78,206.78,-0.01,0.00%,136
"2024-08-08 19:38",206.77,206.79,206.769,206.79,-0.01,0.00%,1267
"2024-08-08 19:37",206.78,206.8,206.76,206.8,0.03,+0.01%,391
"2024-08-08 19:34",206.77,206.77,206.77,206.77,-0.06,-0.03%,200
"2024-08-08 19:33",206.83,206.83,206.83,206.83,0.19,+0.09%,220
"2024-08-08 19:29",206.64,206.64,206.64,206.64,0,0.00%,300
"2024-08-08 19:28",206.64,206.64,206.64,206.64,0.06,+0.03%,500
"2024-08-08 19:27",206.58,206.58,206.58,206.58,-0.05,-0.02%,400
"2024-08-08 19:26",206.63,206.63,206.63,206.63,-0.1,-0.05%,400
"2024-08-08 19:25",206.73,206.73,206.73,206.73,0.03,+0.01%,271
"2024-08-08 19:23",206.75,206.75,206.7,206.7,-0.05,-0.02%,400
"2024-08-08 19:22",206.89,206.89,206.75,206.75,-0.15,-0.07%,2298
"2024-08-08 19:21",206.9,206.9,206.9,206.9,-0.07,-0.03%,1300
"2024-08-08 19:20",207,207,206.97,206.97,-0.03,-0.01%,330
"2024-08-08 19:19",207,207,207,207,0,0.00%,300
"2024-08-08 19:18",207,207,207,207,-0.19,-0.09%,288
"2024-08-08 19:16",207.19,207.19,207.19,207.19,0,0.00%,3974
"2024-08-08 19:15",207.19,207.19,207.19,207.19,0,0.00%,4132
"2024-08-08 19:14",207.19,207.2,207.18,207.19,0.15,+0.07%,16861
"2024-08-08 19:13",207.04,207.04,207.04,207.04,0,0.00%,557
"2024-08-08 19:12",207,207.04,207,207.04,0.04,+0.02%,3399
"2024-08-08 19:11",207,207,207,207,0.1,+0.05%,137
"2024-08-08 19:10",206.9,206.9,206.9,206.9,0.02,+0.01%,500
"2024-08-08 19:08",206.89,206.89,206.88,206.88,0.07,+0.03%,3300
"2024-08-08 19:07",206.81,206.81,206.81,206.81,-0.06,-0.03%,406
"2024-08-08 19:05",206.79,206.87,206.79,206.87,0.09,+0.04%,232
"2024-08-08 19:04",206.79,206.79,206.78,206.78,-0.05,-0.02%,400
"2024-08-08 19:02",206.81,206.83,206.81,206.83,0.08,+0.04%,528
"2024-08-08 19:00",206.75,206.75,206.75,206.75,0.06,+0.03%,124
"2024-08-08 18:56",206.69,206.69,206.69,206.69,0.12,+0.06%,119
"2024-08-08 18:49",206.57,206.57,206.57,206.57,-0.02,-0.01%,600
"2024-08-08 18:48",206.59,206.59,206.59,206.59,-0.02,-0.01%,100
"2024-08-08 18:47",206.61,206.61,206.61,206.61,0,0.00%,217
"2024-08-08 18:42",206.76,206.76,206.58,206.61,-0.17,-0.08%,4331
"2024-08-08 18:41",206.79,206.79,206.78,206.78,-0.17,-0.08%,1179
"2024-08-08 18:34",206.95,206.95,206.95,206.95,-0.05,-0.02%,160
"2024-08-08 18:31",206.97,207,206.97,207,0.11,+0.05%,280
"2024-08-08 18:29",206.89,206.89,206.89,206.89,0.12,+0.06%,1100
"2024-08-08 18:25",206.77,206.77,206.77,206.77,0.14,+0.07%,100
"2024-08-08 18:19",206.63,206.63,206.63,206.63,0.01,0.00%,100
"2024-08-08 18:18",206.62,206.62,206.62,206.62,0.04,+0.02%,152
"2024-08-08 18:16",206.62,206.62,206.58,206.58,-0.06,-0.03%,400
"2024-08-08 18:15",206.65,206.65,206.64,206.64,-0.13,-0.06%,300
"2024-08-08 18:11",206.77,206.77,206.77,206.77,-0.04,-0.02%,100
"2024-08-08 18:10",206.81,206.81,206.81,206.81,0.03,+0.01%,100
"2024-08-08 18:09",206.78,206.78,206.6717,206.78,0.03,+0.01%,724
"2024-08-08 18:08",206.75,206.75,206.75,206.75,-0.08,-0.04%,917
"2024-08-08 18:07",206.83,206.83,206.83,206.83,-0.12,-0.06%,136
"2024-08-08 18:03",206.95,206.95,206.95,206.95,-0.04,-0.02%,200
"2024-08-08 18:02",206.85,206.99,206.85,206.99,0.13,+0.06%,1503
"2024-08-08 18:01",206.78,206.86,206.78,206.86,0.07,+0.03%,4445
"2024-08-08 18:00",206.76,206.8,206.76,206.79,0.06,+0.03%,2000
"2024-08-08 17:59",206.73,206.73,206.73,206.73,-0.16,-0.08%,828
"2024-08-08 17:58",206.89,206.89,206.89,206.89,0.26,+0.13%,45000
"2024-08-08 17:44",206.62,206.63,206.62,206.63,-0.23,-0.11%,310
"2024-08-08 17:42",206.86,206.86,206.86,206.86,0.08,+0.04%,101
"2024-08-08 17:41",206.78,206.78,206.78,206.78,0.26,+0.13%,800
"2024-08-08 17:40",206.55,206.55,206.52,206.52,-0.18,-0.09%,381
"2024-08-08 17:38",206.7,206.78,206.7,206.7,-0.19,-0.09%,1492
"2024-08-08 17:36",206.89,206.89,206.89,206.89,0.11,+0.05%,137
"2024-08-08 17:35",206.78,206.78,206.78,206.78,-0.02,-0.01%,1100
"2024-08-08 17:34",206.8,206.8,206.8,206.8,0.02,+0.01%,1935
"2024-08-08 17:31",206.78,206.78,206.78,206.78,-0.02,-0.01%,419
"2024-08-08 17:30",206.8,206.8,206.8,206.8,0,0.00%,200
"2024-08-08 17:29",206.8,206.8,206.8,206.8,0,0.00%,3476
"2024-08-08 17:27",206.8,206.8,206.8,206.8,0,0.00%,600
"2024-08-08 17:25",206.8,206.8,206.8,206.8,0,0.00%,1905
"2024-08-08 17:24",206.8,206.8,206.8,206.8,0,0.00%,2000
"2024-08-08 17:23",206.8,206.8,206.8,206.8,0,0.00%,1500
"2024-08-08 17:22",206.8,206.8,206.8,206.8,0,0.00%,4539
"2024-08-08 17:21",206.8,206.8,206.8,206.8,0,0.00%,1700
"2024-08-08 17:20",206.84,206.84,206.8,206.8,-0.09,-0.04%,3112
"2024-08-08 17:18",206.89,206.89,206.89,206.89,-0.03,-0.01%,400
"2024-08-08 17:15",206.97,206.97,206.92,206.92,-0.05,-0.02%,960
"2024-08-08 17:13",206.89,206.97,206.89,206.97,-0.02,-0.01%,640
"2024-08-08 17:10",206.9,206.99,206.89,206.99,0.02,+0.01%,5996
"2024-08-08 17:06",206.97,206.97,206.97,206.97,-0.02,-0.01%,224
"2024-08-08 17:05",206.99,206.99,206.99,206.99,0.1,+0.05%,271
"2024-08-08 16:58",206.94,206.94,206.89,206.89,-0.01,0.00%,3393
"2024-08-08 16:57",206.97,206.97,206.9,206.9,-0.16,-0.08%,3157
"2024-08-08 16:56",207.05,207.07,207.05,207.06,0,0.00%,3187
"2024-08-08 16:55",207.1,207.1,207.06,207.06,-0.06,-0.03%,2155
"2024-08-08 16:54",207.12,207.12,206.89,207.12,0.02,+0.01%,3402
"2024-08-08 16:53",207.1,207.1,207.1,207.1,-0.01,0.00%,200
"2024-08-08 16:52",207.11,207.11,207.11,207.11,0,0.00%,125
"2024-08-08 16:51",207.11,207.11,207.11,207.11,0.14,+0.07%,125
"2024-08-08 16:50",206.97,206.97,206.97,206.97,0,0.00%,399
"2024-08-08 16:49",206.97,206.97,206.97,206.97,-0.05,-0.02%,200
"2024-08-08 16:48",207.07,207.15,206.99,207.02,-0.03,-0.01%,2900
"2024-08-08 16:47",207.05,207.05,207.05,207.05,-0.05,-0.02%,400
"2024-08-08 16:46",207.1,207.1,207.1,207.1,-0.03,-0.01%,300
"2024-08-08 16:45",207.13,207.13,207.13,207.13,0.01,0.00%,500
"2024-08-08 16:44",207.12,207.12,207.12,207.12,0.02,+0.01%,512
"2024-08-08 16:42",207.09,207.1,207.09,207.1,0.02,+0.01%,1300
"2024-08-08 16:41",207.13,207.1395,207.08,207.08,0.01,0.00%,4850
"2024-08-08 16:40",207.04,207.09,207.04,207.07,0.07,+0.03%,852
"2024-08-08 16:38",206.98,207,206.98,207,0.01,0.00%,1190
"2024-08-08 16:37",207,207,206.9,206.99,-0.06,-0.03%,22159
"2024-08-08 16:36",207.05,207.05,207.05,207.05,0.03,+0.01%,400
"2024-08-08 16:35",207.08,207.09,207.02,207.02,-0.1,-0.05%,13582
"2024-08-08 16:34",207.1,207.14,207.1,207.12,0.05,+0.02%,487
"2024-08-08 16:33",207.07,207.07,207.07,207.07,0.01,0.00%,812
"2024-08-08 16:31",207.06,207.09,207.06,207.06,-0.08,-0.04%,1020
"2024-08-08 16:30",207.06,207.14,207.06,207.14,0.07,+0.03%,1800
"2024-08-08 16:29",207,207.07,207,207.07,-0.07,-0.03%,2195
"2024-08-08 16:28",207.16,207.165,207.14,207.14,-0.02,-0.01%,734
"2024-08-08 16:27",207.1896,207.1896,207.14,207.16,-0.01,0.00%,2981
"2024-08-08 16:26",207.07,207.17,207.07,207.17,0.12,+0.06%,2031
"2024-08-08 16:25",207.05,207.05,207.05,207.05,0.04,+0.02%,200
"2024-08-08 16:24",207.05,207.06,207.01,207.01,-0.07,-0.03%,10644
"2024-08-08 16:23",206.98,207.08,206.98,207.08,0.09,+0.04%,3569
"2024-08-08 16:22",207.07,207.08,206.98,206.99,-0.01,0.00%,28322
"2024-08-08 16:21",206.96,207,206.96,207,0.02,+0.01%,200
"2024-08-08 16:20",206.91,206.98,206.91,206.98,0.09,+0.04%,2510
"2024-08-08 16:19",206.84,206.89,206.84,206.89,0.06,+0.03%,2135
"2024-08-08 16:18",206.89,206.89,206.83,206.83,-0.01,0.00%,2131
"2024-08-08 16:16",206.79,206.84,206.78,206.84,0,0.00%,5108
"2024-08-08 16:15",206.82,206.84,206.82,206.84,0.07,+0.03%,3931
"2024-08-08 16:14",206.85,206.86,206.72,206.77,-0.12,-0.06%,40090
"2024-08-08 16:13",206.94,206.94,206.87,206.89,0.01,0.00%,7670
"2024-08-08 16:12",206.93,206.93,206.88,206.88,-0.06,-0.03%,12207
"2024-08-08 16:11",206.91,206.94,206.9,206.94,0.05,+0.02%,500
"2024-08-08 16:10",206.9,206.92,206.89,206.89,0.04,+0.02%,2167
"2024-08-08 16:09",206.93,206.93,206.85,206.85,-0.08,-0.04%,16701
"2024-08-08 16:08",206.91,206.93,206.9,206.93,0.02,+0.01%,11688
"2024-08-08 16:07",206.99,206.99,206.9,206.91,-0.1,-0.05%,12838
"2024-08-08 16:06",207,207.01,206.97,207.01,-0.08,-0.04%,7080
"2024-08-08 16:05",206.89,207.09,206.89,207.09,0.09,+0.04%,16751
"2024-08-08 16:04",207,207.03,206.99,207,-0.03,-0.01%,16800
"2024-08-08 16:03",207.09,207.09,207.02,207.03,-0.0319,-0.02%,17601
"2024-08-08 16:02",207.21,207.21,207.05,207.0619,-0.1481,-0.07%,13244
"2024-08-08 16:01",207.22,207.29,207.12,207.21,-0.06,-0.03%,47753
"2024-08-08 16:00",206.86,207.27,206.82,207.27,0.44,+0.21%,371592
"2024-08-08 15:59",206.43,206.89,206.415,206.83,0.405,+0.20%,1386766
"2024-08-08 15:58",206.4,206.5,206.38,206.425,0.03,+0.01%,291413
"2024-08-08 15:57",206.23,206.44,206.225,206.395,0.175,+0.08%,172744
"2024-08-08 15:56",206.27,206.31,206.14,206.22,-0.04,-0.02%,150131
"2024-08-08 15:55",206.34,206.38,206.19,206.26,-0.09,-0.04%,133747
"2024-08-08 15:54",206.46,206.55,206.35,206.35,-0.12,-0.06%,111915
"2024-08-08 15:53",206.3,206.52,206.3,206.47,0.17,+0.08%,54011
"2024-08-08 15:52",206.14,206.34,206.06,206.3,0.16,+0.08%,121381
"2024-08-08 15:51",206.25,206.33,206.1,206.14,-0.13,-0.06%,177367
"2024-08-08 15:50",206.29,206.44,206.19,206.27,-0.025,-0.01%,134172
"2024-08-08 15:49",206.46,206.47,206.27,206.295,-0.105,-0.05%,78428
"2024-08-08 15:48",206.36,206.47,206.305,206.4,0.045,+0.02%,49774
"2024-08-08 15:47",206.46,206.46,206.31,206.355,-0.11,-0.05%,70538
"2024-08-08 15:46",206.48,206.6,206.43,206.465,-0.015,-0.01%,61848
"2024-08-08 15:45",206.51,206.54,206.42,206.48,-0.04,-0.02%,46247
"2024-08-08 15:44",206.5,206.56,206.48,206.52,0.03,+0.01%,93778
"2024-08-08 15:43",206.37,206.49,206.33,206.49,0.13,+0.06%,88888
"2024-08-08 15:42",206.31,206.38,206.3,206.36,0.05,+0.02%,69470
"2024-08-08 15:41",206.17,206.35,206.17,206.31,0.15,+0.07%,74884
"2024-08-08 15:40",206.11,206.24,206.09,206.16,0.06,+0.03%,55838
"2024-08-08 15:39",206.28,206.28,206.09,206.1,-0.19,-0.09%,24090
"2024-08-08 15:38",206.14,206.33,206.03,206.29,0.15,+0.07%,93063
"2024-08-08 15:37",205.9,206.15,205.89,206.14,0.23,+0.11%,119723
"2024-08-08 15:36",206.05,206.06,205.91,205.91,-0.15,-0.07%,78152
"2024-08-08 15:35",206.33,206.3394,206.04,206.06,-0.2711,-0.13%,112621
"2024-08-08 15:34",206.19,206.36,206.11,206.3311,0.1311,+0.06%,94029
"2024-08-08 15:33",206.4,206.41,206.15,206.2,-0.19,-0.09%,31263
"2024-08-08 15:32",206.47,206.49,206.24,206.39,-0.08,-0.04%,146558
"2024-08-08 15:31",206.61,206.65,206.42,206.47,-0.11,-0.05%,105668
"2024-08-08 15:30",206.575,206.64,206.49,206.58,0.02,+0.01%,33473
"2024-08-08 15:29",206.625,206.66,206.52,206.56,-0.055,-0.03%,79257
"2024-08-08 15:28",206.83,206.835,206.47,206.615,-0.225,-0.11%,166109
"2024-08-08 15:27",206.77,206.84,206.72,206.84,0.06,+0.03%,57256
"2024-08-08 15:26",206.82,206.88,206.75,206.78,-0.04,-0.02%,94496
"2024-08-08 15:25",206.83,206.865,206.76,206.82,-0.01,0.00%,29921
"2024-08-08 15:24",206.93,206.93,206.76,206.83,-0.1,-0.05%,15013
"2024-08-08 15:23",206.94,206.97,206.89,206.93,-0.005,0.00%,21513
"2024-08-08 15:22",206.73,206.98,206.73,206.935,0.2351,+0.11%,28380
"2024-08-08 15:21",206.66,206.77,206.62,206.6999,0.0499,+0.02%,20803
"2024-08-08 15:20",206.74,206.83,206.645,206.65,-0.08,-0.04%,37125
"2024-08-08 15:19",206.65,206.75,206.6301,206.73,0.07,+0.03%,18131
"2024-08-08 15:18",206.84,206.84,206.62,206.66,-0.21,-0.10%,53445
"2024-08-08 15:17",206.79,206.87,206.74,206.87,0.075,+0.04%,18784
"2024-08-08 15:16",206.92,206.92,206.73,206.795,-0.135,-0.07%,21778
"2024-08-08 15:15",206.86,207,206.76,206.93,0.09,+0.04%,67456
"2024-08-08 15:14",206.92,206.9542,206.8,206.84,-0.09,-0.04%,70565
"2024-08-08 15:13",206.9,206.98,206.88,206.93,0.03,+0.01%,83793
"2024-08-08 15:12",206.85,206.93,206.84,206.9,0.0301,+0.01%,59472
"2024-08-08 15:11",206.83,206.91,206.81,206.8699,0.0599,+0.03%,33195
"2024-08-08 15:10",206.74,206.82,206.72,206.81,0.06,+0.03%,46897
"2024-08-08 15:09",206.7,206.84,206.69,206.75,0.065,+0.03%,55467
"2024-08-08 15:08",206.47,206.69,206.4504,206.685,0.215,+0.10%,28371
"2024-08-08 15:07",206.34,206.5,206.285,206.47,0.12,+0.06%,24595
"2024-08-08 15:06",206.28,206.43,206.28,206.35,0.06,+0.03%,57606
"2024-08-08 15:05",206.22,206.31,206.13,206.29,0.06,+0.03%,39047
"2024-08-08 15:04",206.4,206.43,206.21,206.23,-0.175,-0.08%,22077
"2024-08-08 15:03",206.43,206.45,206.35,206.405,0.005,0.00%,21082
"2024-08-08 15:02",206.54,206.59,206.38,206.4,-0.15,-0.07%,15495
"2024-08-08 15:01",206.49,206.55,206.39,206.55,0.05,+0.02%,12113
"2024-08-08 15:00",206.47,206.52,206.36,206.5,0.02,+0.01%,22168
"2024-08-08 14:59",206.525,206.59,206.46,206.48,-0.08,-0.04%,16277
"2024-08-08 14:58",206.55,206.62,206.52,206.56,-0.01,0.00%,9899
"2024-08-08 14:57",206.65,206.65,206.5238,206.57,-0.11,-0.05%,14513
"2024-08-08 14:56",206.72,206.725,206.64,206.68,-0.05,-0.02%,28049
"2024-08-08 14:55",206.59,206.73,206.565,206.73,0.12,+0.06%,30823
"2024-08-08 14:54",206.495,206.6199,206.495,206.61,0.13,+0.06%,17364
"2024-08-08 14:53",206.47,206.5,206.38,206.48,0.03,+0.01%,16255
"2024-08-08 14:52",206.53,206.5646,206.41,206.45,-0.08,-0.04%,39811
"2024-08-08 14:51",206.65,206.65,206.51,206.53,-0.07,-0.03%,9703
"2024-08-08 14:50",206.5,206.6699,206.49,206.6,0.1,+0.05%,35991
"2024-08-08 14:49",206.54,206.59,206.48,206.5,-0.05,-0.02%,20129
"2024-08-08 14:48",206.46,206.58,206.405,206.55,0.1,+0.05%,19390
"2024-08-08 14:47",206.45,206.5,206.4095,206.45,0,0.00%,14821
"2024-08-08 14:46",206.44,206.53,206.41,206.45,0,0.00%,22418
"2024-08-08 14:45",206.385,206.48,206.34,206.45,0.05,+0.02%,15807
"2024-08-08 14:44",206.36,206.5,206.36,206.4,0.04,+0.02%,23195
"2024-08-08 14:43",206.3,206.38,206.22,206.36,0.065,+0.03%,18364
"2024-08-08 14:42",206.34,206.37,206.21,206.295,-0.05,-0.02%,18091
"2024-08-08 14:41",206.3,206.35,206.23,206.345,0.085,+0.04%,8022
"2024-08-08 14:40",206.48,206.48,206.23,206.26,-0.22,-0.11%,37536
"2024-08-08 14:39",206.64,206.65,206.46,206.48,-0.17,-0.08%,21956
"2024-08-08 14:38",206.65,206.67,206.6,206.65,0.03,+0.01%,12076
"2024-08-08 14:37",206.69,206.73,206.59,206.62,-0.06,-0.03%,33984
"2024-08-08 14:36",206.69,206.725,206.59,206.68,-0.005,0.00%,54665
"2024-08-08 14:35",206.7,206.75,206.57,206.685,0.005,0.00%,58677
"2024-08-08 14:34",206.64,206.8,206.64,206.68,0.05,+0.02%,67400
"2024-08-08 14:33",206.79,206.79,206.61,206.63,-0.165,-0.08%,18414
"2024-08-08 14:32",206.77,206.81,206.74,206.795,0.065,+0.03%,13594
"2024-08-08 14:31",206.76,206.79,206.7,206.73,-0.025,-0.01%,41140
"2024-08-08 14:30",206.51,206.7599,206.49,206.755,0.255,+0.12%,38100
"2024-08-08 14:29",206.46,206.54,206.46,206.5,0.05,+0.02%,21691
"2024-08-08 14:28",206.33,206.46,206.3,206.45,0.12,+0.06%,58481
"2024-08-08 14:27",206.56,206.57,206.295,206.33,-0.25,-0.12%,62394
"2024-08-08 14:26",206.64,206.735,206.57,206.58,-0.06,-0.03%,48769
"2024-08-08 14:25",206.8,206.82,206.64,206.64,-0.15,-0.07%,54420
"2024-08-08 14:24",206.73,206.795,206.73,206.79,0.05,+0.02%,27579
"2024-08-08 14:23",206.64,206.75,206.62,206.74,0.1,+0.05%,31103
"2024-08-08 14:22",206.57,206.66,206.553,206.64,0.06,+0.03%,16886
"2024-08-08 14:21",206.68,206.73,206.55,206.58,-0.1,-0.05%,37028
"2024-08-08 14:20",206.73,206.77,206.64,206.68,-0.0799,-0.04%,58739
"2024-08-08 14:19",206.69,206.7599,206.67,206.7599,0.0699,+0.03%,32237
"2024-08-08 14:18",206.58,206.69,206.58,206.69,0.11,+0.05%,13754
"2024-08-08 14:17",206.6093,206.61,206.4905,206.58,-0.02,-0.01%,13046
"2024-08-08 14:16",206.67,206.69,206.57,206.6,-0.07,-0.03%,13308
"2024-08-08 14:15",206.55,206.67,206.465,206.67,0.115,+0.06%,45096
"2024-08-08 14:14",206.4697,206.6,206.46,206.555,0.085,+0.04%,36023
"2024-08-08 14:13",206.4298,206.47,206.4,206.47,0.05,+0.02%,10357
"2024-08-08 14:12",206.315,206.46,206.315,206.42,0.09,+0.04%,13036
"2024-08-08 14:11",206.31,206.4,206.31,206.33,0.03,+0.01%,6775
"2024-08-08 14:10",206.37,206.4,206.3,206.3,-0.07,-0.03%,16264
"2024-08-08 14:09",206.47,206.47,206.335,206.37,-0.1,-0.05%,12735
"2024-08-08 14:08",206.3776,206.47,206.37,206.47,0.09,+0.04%,20615
"2024-08-08 14:07",206.48,206.48,206.38,206.38,-0.14,-0.07%,81683
"2024-08-08 14:06",206.59,206.65,206.49,206.52,-0.07,-0.03%,33174
"2024-08-08 14:05",206.55,206.6,206.47,206.59,0.0475,+0.02%,17981
"2024-08-08 14:04",206.51,206.555,206.42,206.5425,0.0237,+0.01%,27890
"2024-08-08 14:03",206.37,206.52,206.37,206.5188,0.1538,+0.07%,9594
"2024-08-08 14:02",206.4,206.45,206.35,206.365,-0.015,-0.01%,7425
"2024-08-08 14:01",206.24,206.39,206.24,206.38,0.12,+0.06%,19272
"2024-08-08 14:00",206.25,206.26,206.15,206.26,0.01,0.00%,18317
"2024-08-08 13:59",206.22,206.31,206.21,206.25,0.01,0.00%,31041
"2024-08-08 13:58",206.24,206.2646,206.19,206.24,0,0.00%,12182
"2024-08-08 13:57",206.3301,206.3301,206.235,206.24,-0.1224,-0.06%,7759
"2024-08-08 13:56",206.35,206.4,206.2801,206.3624,0.0024,0.00%,7131
"2024-08-08 13:55",206.43,206.44,206.24,206.36,-0.08,-0.04%,33457
"2024-08-08 13:54",206.44,206.48,206.35,206.44,-0.02,-0.01%,41399
"2024-08-08 13:53",206.43,206.46,206.35,206.46,0.03,+0.01%,35238
"2024-08-08 13:52",206.5,206.5,206.3101,206.43,-0.08,-0.04%,40428
"2024-08-08 13:51",206.5,206.57,206.4,206.51,0.01,0.00%,51060
"2024-08-08 13:50",206.43,206.5499,206.43,206.5,0.05,+0.02%,38639
"2024-08-08 13:49",206.5,206.5,206.43,206.45,-0.04,-0.02%,44249
"2024-08-08 13:48",206.54,206.54,206.43,206.49,-0.03,-0.01%,35800
"2024-08-08 13:47",206.45,206.53,206.415,206.52,0.03,+0.01%,19664
"2024-08-08 13:46",206.57,206.6199,206.45,206.49,-0.06,-0.03%,20636
"2024-08-08 13:45",206.53,206.58,206.48,206.55,0.05,+0.02%,14743
"2024-08-08 13:44",206.59,206.6,206.47,206.5,-0.1033,-0.05%,12147
"2024-08-08 13:43",206.61,206.67,206.59,206.6033,-0.0268,-0.01%,12565
"2024-08-08 13:42",206.6,206.66,206.585,206.6301,0.0344,+0.02%,9965
"2024-08-08 13:41",206.62,206.64,206.58,206.5957,0.0007,0.00%,27902
"2024-08-08 13:40",206.57,206.68,206.53,206.595,0.0151,+0.01%,27672
"2024-08-08 13:39",206.48,206.58,206.42,206.5799,0.0599,+0.03%,11932
"2024-08-08 13:38",206.59,206.59,206.44,206.52,-0.09,-0.04%,20746
"2024-08-08 13:37",206.585,206.69,206.5,206.61,0.05,+0.02%,26491
"2024-08-08 13:36",206.485,206.659,206.485,206.56,0.1,+0.05%,58751
"2024-08-08 13:35",206.62,206.64,206.41,206.46,-0.18,-0.09%,77057
"2024-08-08 13:34",206.71,206.72,206.59,206.64,-0.09,-0.04%,18297
"2024-08-08 13:33",206.64,206.74,206.5851,206.73,0.09,+0.04%,28313
"2024-08-08 13:32",206.46,206.65,206.46,206.64,0.155,+0.08%,31664
"2024-08-08 13:31",206.52,206.54,206.38,206.485,-0.035,-0.02%,46282
"2024-08-08 13:30",206.49,206.58,206.44,206.52,0.07,+0.03%,27626
"2024-08-08 13:29",206.33,206.49,206.33,206.45,0.1,+0.05%,29146
"2024-08-08 13:28",206.28,206.36,206.22,206.35,0.065,+0.03%,36601
"2024-08-08 13:27",206.29,206.31,206.24,206.285,-0.0249,-0.01%,14298
"2024-08-08 13:26",206.135,206.32,206.135,206.3099,0.2099,+0.10%,20130
"2024-08-08 13:25",206.1,206.14,206.08,206.1,-0.02,-0.01%,10564
"2024-08-08 13:24",206.11,206.13,206.03,206.12,0.06,+0.03%,7774
"2024-08-08 13:23",206.095,206.15,206.04,206.06,-0.02,-0.01%,33888
"2024-08-08 13:22",206.1,206.12,206,206.08,-0.04,-0.02%,43921
"2024-08-08 13:21",206.05,206.19,206.04,206.12,0.09,+0.04%,113277
"2024-08-08 13:20",205.95,206.05,205.89,206.03,0.08,+0.04%,46541
"2024-08-08 13:19",205.695,205.95,205.69,205.95,0.2325,+0.11%,51253
"2024-08-08 13:18",205.66,205.7499,205.635,205.7175,0.0625,+0.03%,10317
"2024-08-08 13:17",205.62,205.7,205.62,205.655,0.025,+0.01%,7526
"2024-08-08 13:16",205.61,205.7399,205.6,205.63,0.04,+0.02%,12143
"2024-08-08 13:15",205.58,205.6486,205.505,205.59,-0.0219,-0.01%,10041
"2024-08-08 13:14",205.6375,205.66,205.54,205.6119,-0.0187,-0.01%,12100
"2024-08-08 13:13",205.5,205.6306,205.46,205.6306,0.0956,+0.05%,23553
"2024-08-08 13:12",205.36,205.54,205.35,205.535,0.175,+0.09%,32118
"2024-08-08 13:11",205.305,205.4,205.3,205.36,0.04,+0.02%,32865
"2024-08-08 13:10",205.225,205.36,205.225,205.32,0.145,+0.07%,32557
"2024-08-08 13:09",205.17,205.31,205.15,205.175,0.005,0.00%,31226
"2024-08-08 13:08",205.11,205.22,205.04,205.17,0.1,+0.05%,34206
"2024-08-08 13:07",204.87,205.09,204.8,205.07,0.25,+0.12%,46343
"2024-08-08 13:06",205.04,205.065,204.72,204.82,-0.27,-0.13%,19115
"2024-08-08 13:05",205.01,205.15,204.8712,205.09,0.09,+0.04%,61935
"2024-08-08 13:04",205.13,205.13,204.96,205,-0.07,-0.03%,10223
"2024-08-08 13:03",205.14,205.21,204.96,205.07,-0.05,-0.02%,41193
"2024-08-08 13:02",205.39,205.42,204.94,205.12,-0.25,-0.12%,111651
"2024-08-08 13:01",205.37,205.41,205.25,205.37,0,0.00%,42325
"2024-08-08 13:00",205.35,205.4,205.24,205.37,0.03,+0.01%,23373
"2024-08-08 12:59",205.29,205.36,205.2578,205.34,0.0564,+0.03%,28236
"2024-08-08 12:58",205.5,205.51,205.26,205.2836,-0.1869,-0.09%,22330
"2024-08-08 12:57",205.46,205.51,205.42,205.4705,-0.0295,-0.01%,18833
"2024-08-08 12:56",205.57,205.6,205.44,205.5,-0.0601,-0.03%,19309
"2024-08-08 12:55",205.51,205.6,205.51,205.5601,0.0601,+0.03%,14012
"2024-08-08 12:54",205.42,205.5499,205.42,205.5,0.1,+0.05%,9358
"2024-08-08 12:53",205.36,205.5,205.36,205.4,0.08,+0.04%,14104
"2024-08-08 12:52",205.32,205.36,205.26,205.32,-0.05,-0.02%,12194
"2024-08-08 12:51",205.5441,205.56,205.37,205.37,-0.15,-0.07%,15262
"2024-08-08 12:50",205.54,205.57,205.462,205.52,0,0.00%,19243
"2024-08-08 12:49",205.38,205.55,205.36,205.52,0.1348,+0.07%,45604
"2024-08-08 12:48",205.37,205.48,205.37,205.3852,-0.0248,-0.01%,5569
"2024-08-08 12:47",205.36,205.48,205.35,205.41,0.06,+0.03%,25360
"2024-08-08 12:46",205.23,205.35,205.2299,205.35,0.12,+0.06%,13975
"2024-08-08 12:45",205.12,205.26,205.12,205.23,0.08,+0.04%,11553
"2024-08-08 12:44",205.06,205.16,205.06,205.15,0.13,+0.06%,9426
"2024-08-08 12:43",204.86,205.02,204.84,205.02,0.14,+0.07%,21659
"2024-08-08 12:42",204.89,204.92,204.8199,204.88,-0.06,-0.03%,14355
"2024-08-08 12:41",205.09,205.14,204.93,204.94,-0.115,-0.06%,10373
"2024-08-08 12:40",204.85,205.12,204.83,205.055,0.215,+0.10%,19672
"2024-08-08 12:39",204.8,204.84,204.7257,204.84,0.01,0.00%,13507
"2024-08-08 12:38",204.79,204.88,204.66,204.83,0.05,+0.02%,33204
"2024-08-08 12:37",204.93,204.94,204.64,204.78,-0.15,-0.07%,42161
"2024-08-08 12:36",205.13,205.14,204.91,204.93,-0.215,-0.10%,25957
"2024-08-08 12:35",205.12,205.145,205.03,205.145,0.04,+0.02%,27313
"2024-08-08 12:34",205.24,205.265,205.06,205.105,-0.125,-0.06%,26402
"2024-08-08 12:33",205.29,205.29,205.07,205.23,-0.05,-0.02%,38912
"2024-08-08 12:32",205.23,205.32,205.22,205.28,0.02,+0.01%,21258
"2024-08-08 12:31",205.18,205.26,205.06,205.26,0.06,+0.03%,32391
"2024-08-08 12:30",205.52,205.54,205.16,205.2,-0.31,-0.15%,53365
"2024-08-08 12:29",205.54,205.56,205.46,205.51,-0.03,-0.01%,11119
"2024-08-08 12:28",205.48,205.54,205.47,205.54,0.06,+0.03%,11468
"2024-08-08 12:27",205.42,205.54,205.42,205.48,0.07,+0.03%,7283
"2024-08-08 12:26",205.6,205.6,205.41,205.41,-0.19,-0.09%,10023
"2024-08-08 12:25",205.58,205.66,205.56,205.6,0.025,+0.01%,5170
"2024-08-08 12:24",205.47,205.59,205.43,205.575,0.095,+0.05%,7070
"2024-08-08 12:23",205.54,205.6013,205.48,205.48,-0.06,-0.03%,10247
"2024-08-08 12:22",205.51,205.62,205.51,205.54,0.03,+0.01%,11664
"2024-08-08 12:21",205.45,205.54,205.45,205.51,0.07,+0.03%,12208
"2024-08-08 12:20",205.35,205.52,205.35,205.44,0.11,+0.05%,10634
"2024-08-08 12:19",205.35,205.39,205.3,205.33,-0.0047,0.00%,7336
"2024-08-08 12:18",205.24,205.35,205.23,205.3347,0.0547,+0.03%,13747
"2024-08-08 12:17",205.29,205.35,205.201,205.28,-0.02,-0.01%,38152
"2024-08-08 12:16",205.53,205.551,205.3,205.3,-0.24,-0.12%,19328
"2024-08-08 12:15",205.4701,205.6,205.47,205.54,0.04,+0.02%,15423
"2024-08-08 12:14",205.45,205.51,205.37,205.5,0.05,+0.02%,16215
"2024-08-08 12:13",205.49,205.5101,205.382,205.45,-0.03,-0.01%,12430
"2024-08-08 12:12",205.8,205.8,205.39,205.48,-0.31,-0.15%,20607
"2024-08-08 12:11",205.8,205.85,205.76,205.79,-0.01,0.00%,7286
"2024-08-08 12:10",205.77,205.84,205.73,205.8,0.02,+0.01%,27480
"2024-08-08 12:09",205.85,205.87,205.78,205.78,-0.08,-0.04%,9361
"2024-08-08 12:08",205.8299,205.89,205.8,205.86,0.04,+0.02%,15606
"2024-08-08 12:07",205.895,205.92,205.81,205.82,-0.0799,-0.04%,11087
"2024-08-08 12:06",205.91,205.93,205.805,205.8999,-0.0101,0.00%,29384
"2024-08-08 12:05",205.715,205.95,205.71,205.91,0.2095,+0.10%,58816
"2024-08-08 12:04",205.71,205.78,205.67,205.7005,-0.0195,-0.01%,14580
"2024-08-08 12:03",205.66,205.75,205.64,205.72,0.09,+0.04%,42399
"2024-08-08 12:02",205.59,205.64,205.44,205.63,0.07,+0.03%,20249
"2024-08-08 12:01",205.44,205.56,205.43,205.56,0.1,+0.05%,18279
"2024-08-08 12:00",205.43,205.61,205.35,205.46,-0.01,0.00%,14185
"2024-08-08 11:59",205.54,205.54,205.43,205.47,-0.08,-0.04%,16193
"2024-08-08 11:58",205.615,205.685,205.5201,205.55,-0.04,-0.02%,19120
"2024-08-08 11:57",205.58,205.65,205.58,205.59,0.0253,+0.01%,11327
"2024-08-08 11:56",205.64,205.675,205.5647,205.5647,-0.0853,-0.04%,10652
"2024-08-08 11:55",205.62,205.67,205.5695,205.65,0.025,+0.01%,17775
"2024-08-08 11:54",205.58,205.63,205.53,205.625,0.055,+0.03%,16503
"2024-08-08 11:53",205.51,205.5972,205.3989,205.57,0.06,+0.03%,24329
"2024-08-08 11:52",205.4376,205.535,205.4376,205.51,0.0899,+0.04%,15496
"2024-08-08 11:51",205.39,205.565,205.39,205.4201,0.0201,+0.01%,40900
"2024-08-08 11:50",205.23,205.45,205.23,205.4,0.21,+0.10%,17571
"2024-08-08 11:49",205.24,205.365,205.14,205.19,-0.06,-0.03%,15321
"2024-08-08 11:48",205.24,205.3,205.16,205.25,0.02,+0.01%,29293
"2024-08-08 11:47",205.13,205.3,205.01,205.23,0.1,+0.05%,26906
"2024-08-08 11:46",205.34,205.36,205.08,205.13,-0.21,-0.10%,31421
"2024-08-08 11:45",205.23,205.34,205.17,205.34,0.12,+0.06%,18120
"2024-08-08 11:44",205.33,205.34,205.14,205.22,-0.11,-0.05%,15712
"2024-08-08 11:43",205.42,205.42,205.2293,205.33,-0.07,-0.03%,16850
"2024-08-08 11:42",205.38,205.48,205.3028,205.4,0.01,0.00%,22208
"2024-08-08 11:41",205.43,205.515,205.38,205.39,-0.03,-0.01%,28638
"2024-08-08 11:40",205.43,205.52,205.37,205.42,-0.04,-0.02%,22519
"2024-08-08 11:39",205.53,205.58,205.45,205.46,-0.08,-0.04%,32338
"2024-08-08 11:38",205.44,205.54,205.44,205.54,0.1,+0.05%,10706
"2024-08-08 11:37",205.39,205.48,205.28,205.44,0,0.00%,30472
"2024-08-08 11:36",205.66,205.68,205.39,205.44,-0.18,-0.09%,26302
"2024-08-08 11:35",205.5,205.72,205.43,205.62,0.11,+0.05%,78449
"2024-08-08 11:34",205.45,205.525,205.39,205.51,0.08,+0.04%,18395
"2024-08-08 11:33",205.59,205.61,205.43,205.43,-0.19,-0.09%,9857
"2024-08-08 11:32",205.62,205.62,205.55,205.62,0.01,0.00%,6112
"2024-08-08 11:31",205.49,205.71,205.49,205.61,0.1,+0.05%,21032
"2024-08-08 11:30",205.4,205.56,205.37,205.51,0.1,+0.05%,46569
"2024-08-08 11:29",205.67,205.68,205.41,205.41,-0.26,-0.13%,109961
"2024-08-08 11:28",205.66,205.72,205.58,205.67,-0.005,0.00%,62964
"2024-08-08 11:27",205.56,205.69,205.49,205.675,0.125,+0.06%,52338
"2024-08-08 11:26",205.4,205.6,205.39,205.55,0.18,+0.09%,55498
"2024-08-08 11:25",205.41,205.43,205.29,205.37,-0.04,-0.02%,34330
"2024-08-08 11:24",205.344,205.44,205.21,205.41,0.0509,+0.02%,15439
"2024-08-08 11:23",205.2523,205.39,205.225,205.3591,0.1091,+0.05%,15413
"2024-08-08 11:22",205.215,205.36,205.11,205.25,0.05,+0.02%,20012
"2024-08-08 11:21",205.19,205.32,205.19,205.2,0,0.00%,19454
"2024-08-08 11:20",204.95,205.21,204.95,205.2,0.22,+0.11%,26214
"2024-08-08 11:19",205.04,205.1031,204.9601,204.98,-0.06,-0.03%,18724
"2024-08-08 11:18",205.05,205.13,204.9,205.04,0.01,0.00%,40441
"2024-08-08 11:17",205.06,205.11,204.95,205.03,-0.01,0.00%,34926
"2024-08-08 11:16",205.28,205.365,205.02,205.04,-0.21,-0.10%,28960
"2024-08-08 11:15",205.13,205.3,205.13,205.25,0.16,+0.08%,23471
"2024-08-08 11:14",205.17,205.39,205.09,205.09,-0.1,-0.05%,12183
"2024-08-08 11:13",205.17,205.27,205.15,205.19,-0.03,-0.01%,25657
"2024-08-08 11:12",205.3,205.34,205.0603,205.22,-0.07,-0.03%,42408
"2024-08-08 11:11",205.61,205.61,205.29,205.29,-0.34,-0.17%,29789
"2024-08-08 11:10",205.74,205.79,205.61,205.63,-0.12,-0.06%,50552
"2024-08-08 11:09",205.62,205.75,205.58,205.75,0.15,+0.07%,23372
"2024-08-08 11:08",205.5705,205.64,205.43,205.6,0.02,+0.01%,18216
"2024-08-08 11:07",205.57,205.73,205.57,205.58,-0.005,0.00%,14414
"2024-08-08 11:06",205.59,205.63,205.515,205.585,-0.0096,0.00%,28501
"2024-08-08 11:05",205.51,205.66,205.38,205.5946,0.0746,+0.04%,29166
"2024-08-08 11:04",205.6,205.64,205.48,205.52,-0.0601,-0.03%,23998
"2024-08-08 11:03",205.565,205.6,205.4501,205.5801,0.0401,+0.02%,16867
"2024-08-08 11:02",205.45,205.6,205.4214,205.54,0.07,+0.03%,37025
"2024-08-08 11:01",205.6,205.73,205.47,205.47,-0.12,-0.06%,15677
"2024-08-08 11:00",205.77,205.79,205.54,205.59,-0.19,-0.09%,32337
"2024-08-08 10:59",205.8,205.83,205.73,205.78,-0.01,0.00%,36753
"2024-08-08 10:58",205.7797,205.81,205.71,205.79,0.03,+0.01%,49409
"2024-08-08 10:57",205.65,205.8,205.65,205.76,0.06,+0.03%,57583
"2024-08-08 10:56",205.51,205.74,205.44,205.7,0.18,+0.09%,29764
"2024-08-08 10:55",205.415,205.56,205.4085,205.52,0.1101,+0.05%,31388
"2024-08-08 10:54",205.32,205.46,205.3,205.4099,0.1199,+0.06%,37781
"2024-08-08 10:53",205.41,205.41,205.19,205.29,-0.08,-0.04%,12874
"2024-08-08 10:52",205.31,205.4105,205.29,205.37,0.05,+0.02%,17847
"2024-08-08 10:51",205.38,205.4001,205.21,205.32,-0.08,-0.04%,18858
"2024-08-08 10:50",205.5,205.53,205.39,205.4,-0.1,-0.05%,27776
"2024-08-08 10:49",205.36,205.5,205.35,205.5,0.15,+0.07%,22266
"2024-08-08 10:48",205.282,205.4,205.282,205.35,0.005,0.00%,14041
"2024-08-08 10:47",205.26,205.3912,205.23,205.345,0.085,+0.04%,24487
"2024-08-08 10:46",204.9687,205.29,204.9687,205.26,0.2811,+0.14%,16126
"2024-08-08 10:45",204.99,205.1,204.94,204.9789,0.0239,+0.01%,21657
"2024-08-08 10:44",205.185,205.23,204.94,204.955,-0.2151,-0.10%,31585
"2024-08-08 10:43",205.03,205.19,204.84,205.1701,0.1301,+0.06%,44987
"2024-08-08 10:42",205.29,205.3068,204.99,205.04,-0.22,-0.11%,40148
"2024-08-08 10:41",205.34,205.36,205.24,205.26,-0.11,-0.05%,19650
"2024-08-08 10:40",205.4,205.4,205.27,205.37,-0.03,-0.01%,24887
"2024-08-08 10:39",205.64,205.64,205.4,205.4,-0.23,-0.11%,5700
"2024-08-08 10:38",205.56,205.7,205.55,205.63,0.01,0.00%,38025
"2024-08-08 10:37",205.56,205.63,205.55,205.62,0.09,+0.04%,20943
"2024-08-08 10:36",205.43,205.625,205.38,205.53,0.145,+0.07%,39364
"2024-08-08 10:35",205.39,205.43,205.21,205.385,-0.015,-0.01%,21529
"2024-08-08 10:34",205.165,205.43,205.165,205.4,0.235,+0.11%,19693
"2024-08-08 10:33",205.2,205.23,205.0788,205.165,-0.005,0.00%,37188
"2024-08-08 10:32",205.205,205.2695,205.05,205.17,-0.01,0.00%,22688
"2024-08-08 10:31",205.47,205.48,205.15,205.18,-0.3,-0.15%,109753
"2024-08-08 10:30",205.52,205.56,205.38,205.48,-0.05,-0.02%,22707
"2024-08-08 10:29",205.47,205.57,205.43,205.53,0.0432,+0.02%,33979
"2024-08-08 10:28",205.37,205.4868,205.36,205.4868,0.1168,+0.06%,65965
"2024-08-08 10:27",205.41,205.42,205.28,205.37,-0.05,-0.02%,97276
"2024-08-08 10:26",205.27,205.44,205.21,205.42,0.18,+0.09%,131208
"2024-08-08 10:25",205.22,205.26,205.11,205.24,0.04,+0.02%,82739
"2024-08-08 10:24",204.87,205.24,204.86,205.2,0.3301,+0.16%,48088
"2024-08-08 10:23",204.95,204.98,204.67,204.8699,-0.0602,-0.03%,13547
"2024-08-08 10:22",204.81,204.94,204.74,204.9301,0.1501,+0.07%,13719
"2024-08-08 10:21",204.63,204.78,204.5,204.78,0.16,+0.08%,30477
"2024-08-08 10:20",204.76,204.82,204.57,204.62,-0.16,-0.08%,32283
"2024-08-08 10:19",204.81,204.9,204.72,204.78,0,0.00%,32531
"2024-08-08 10:18",204.99,204.99,204.7656,204.78,-0.22,-0.11%,25405
"2024-08-08 10:17",204.88,205.01,204.77,205,0.03,+0.01%,32154
"2024-08-08 10:16",204.74,205.02,204.71,204.97,0.25,+0.12%,161567
"2024-08-08 10:15",204.68,204.75,204.39,204.72,0.02,+0.01%,31674
"2024-08-08 10:14",204.64,204.7792,204.59,204.7,0.05,+0.02%,31360
"2024-08-08 10:13",204.66,204.71,204.43,204.65,0,0.00%,38078
"2024-08-08 10:12",204.32,204.67,204.32,204.65,0.34,+0.17%,24385
"2024-08-08 10:11",204.56,204.67,204.31,204.31,-0.28,-0.14%,31060
"2024-08-08 10:10",204.56,204.64,204.35,204.59,0.03,+0.01%,23487
"2024-08-08 10:09",204.43,204.56,204.3,204.56,0.12,+0.06%,50495
"2024-08-08 10:08",204.55,204.69,204.44,204.44,-0.08,-0.04%,49474
"2024-08-08 10:07",204.67,204.67,204.44,204.52,-0.1525,-0.07%,68247
"2024-08-08 10:06",204.89,204.92,204.56,204.6725,-0.2275,-0.11%,112533
"2024-08-08 10:05",205.15,205.27,204.8,204.9,-0.25,-0.12%,134043
"2024-08-08 10:04",205.1,205.3,205.08,205.15,0.03,+0.01%,234458
"2024-08-08 10:03",205.2,205.235,205.1,205.12,-0.06,-0.03%,124123
"2024-08-08 10:02",204.92,205.26,204.92,205.18,0.265,+0.13%,112874
"2024-08-08 10:01",204.89,205.0199,204.8,204.915,0.025,+0.01%,88032
"2024-08-08 10:00",204.57,204.89,204.4,204.89,0.34,+0.17%,94044
"2024-08-08 09:59",204.525,204.58,204.22,204.55,0.04,+0.02%,33353
"2024-08-08 09:58",204.41,204.5267,204.38,204.51,0.12,+0.06%,34926
"2024-08-08 09:57",204.16,204.42,204.16,204.39,0.23,+0.11%,21506
"2024-08-08 09:56",204.52,204.55,204.13,204.16,-0.37,-0.18%,60673
"2024-08-08 09:55",204.515,204.76,204.42,204.53,-0.02,-0.01%,35113
"2024-08-08 09:54",204.42,204.555,204.21,204.55,0.1,+0.05%,87813
"2024-08-08 09:53",204.39,204.5,204.2501,204.45,0.04,+0.02%,109430
"2024-08-08 09:52",203.985,204.42,203.9096,204.41,0.42,+0.21%,83821
"2024-08-08 09:51",203.6,203.99,203.27,203.99,0.42,+0.21%,58156
"2024-08-08 09:50",203.62,203.84,203.48,203.57,-0.03,-0.01%,61757
"2024-08-08 09:49",203.6425,203.9,203.56,203.6,-0.05,-0.02%,70151
"2024-08-08 09:48",203.8525,203.96,203.63,203.65,-0.2,-0.10%,62517
"2024-08-08 09:47",204.22,204.26,203.83,203.85,-0.38,-0.19%,72272
"2024-08-08 09:46",203.99,204.23,203.81,204.23,0.2662,+0.13%,64408
"2024-08-08 09:45",203.46,204.1,203.46,203.9638,0.5238,+0.26%,69896
"2024-08-08 09:44",204.17,204.2,203.44,203.44,-0.73,-0.36%,134717
"2024-08-08 09:43",204.11,204.23,203.96,204.17,0.06,+0.03%,84689
"2024-08-08 09:42",203.91,204.27,203.91,204.11,0.19,+0.09%,113574
"2024-08-08 09:41",203.72,204.05,203.72,203.92,0.225,+0.11%,76975
"2024-08-08 09:40",203.63,203.85,203.58,203.695,0.065,+0.03%,97411
"2024-08-08 09:39",203.53,203.9,203.52,203.63,0.14,+0.07%,107575
"2024-08-08 09:38",203.49,203.61,203.17,203.49,0.02,+0.01%,86587
"2024-08-08 09:37",203.94,204.06,203.41,203.47,-0.49,-0.24%,68499
"2024-08-08 09:36",203.93,204,203.69,203.96,0.06,+0.03%,43329
"2024-08-08 09:35",203.8,203.908,203.57,203.9,0.1,+0.05%,215914
"2024-08-08 09:34",203.555,203.91,203.53,203.8,0.32,+0.16%,116477
"2024-08-08 09:33",203.57,203.62,203.33,203.48,-0.145,-0.07%,80580
"2024-08-08 09:32",203.95,203.97,203.4532,203.625,-0.325,-0.16%,152605
"2024-08-08 09:31",203.72,204.1,203.71,203.95,0.15,+0.07%,277445
"2024-08-08 09:30",204.42,204.46,203.71,203.8,-0.65,-0.32%,268779
"2024-08-08 09:29",204.35,204.48,204.29,204.45,0.16,+0.08%,9167
"2024-08-08 09:28",204.51,204.51,204.26,204.29,-0.05,-0.02%,2506
"2024-08-08 09:27",204.2,204.35,204.2,204.34,0.09,+0.04%,2500
"2024-08-08 09:26",204.35,204.36,204.24,204.25,-0.15,-0.07%,2580
"2024-08-08 09:25",204.38,204.4,204.38,204.4,0.16,+0.08%,964
"2024-08-08 09:24",204.34,204.36,204.2,204.24,-0.1,-0.05%,15502
"2024-08-08 09:23",204.15,204.34,204.15,204.34,0.17,+0.08%,4697
"2024-08-08 09:22",204.42,204.42,204.17,204.17,-0.17,-0.08%,14628
"2024-08-08 09:21",204.1,204.34,204.1,204.34,0.25,+0.12%,4233
"2024-08-08 09:20",204.36,204.36,204.09,204.09,-0.41,-0.20%,2330
"2024-08-08 09:19",204.71,204.73,204.5,204.5,-0.2,-0.10%,6832
"2024-08-08 09:18",204.87,204.99,204.69,204.7,-0.17,-0.08%,7365
"2024-08-08 09:17",204.67,204.95,204.67,204.87,0.13,+0.06%,30266
"2024-08-08 09:16",204.56,204.74,204.48,204.74,0.18,+0.09%,17622
"2024-08-08 09:15",204.45,204.6,204.34,204.56,0.02,+0.01%,38855
"2024-08-08 09:14",204.48,204.56,204.46,204.54,0.09,+0.04%,3640
"2024-08-08 09:13",204.2,204.45,204.2,204.45,0.15,+0.07%,24044
"2024-08-08 09:12",204.19,204.3,204.19,204.3,-0.06,-0.03%,1604
"2024-08-08 09:11",204.4,204.46,204.2,204.36,0.04,+0.02%,5756
"2024-08-08 09:10",204.24,204.36,204.23,204.32,0.18,+0.09%,4798
"2024-08-08 09:09",204,204.25,203.9,204.14,0.14,+0.07%,6326
"2024-08-08 09:08",203.95,204,203.86,204,0.2,+0.10%,22590
"2024-08-08 09:07",203.97,203.98,203.8,203.8,-0.18,-0.09%,4579
"2024-08-08 09:06",204.12,204.27,203.97,203.98,-0.02,-0.01%,5651
"2024-08-08 09:05",203.9,204,203.85,204,0.12,+0.06%,2406
"2024-08-08 09:04",203.85,203.94,203.75,203.88,0.11,+0.05%,38982
"2024-08-08 09:03",203.5,203.83,203.36,203.77,0.33,+0.16%,31264
"2024-08-08 09:02",203.5,203.56,203.21,203.44,-0.06,-0.03%,15073
"2024-08-08 09:01",203.24,203.5,203.24,203.5,0.27,+0.13%,39553
"2024-08-08 09:00",203.85,203.85,203.06,203.23,-0.59,-0.29%,28558
"2024-08-08 08:59",204.13,204.19,203.78,203.82,-0.35,-0.17%,13107
"2024-08-08 08:58",204.14,204.3,204.14,204.17,-0.04,-0.02%,7603
"2024-08-08 08:57",204.21,204.27,204.11,204.21,-0.03,-0.01%,5321
"2024-08-08 08:56",204.42,204.42,204.14,204.24,-0.26,-0.13%,4072
"2024-08-08 08:55",204.67,204.7,204.5,204.5,-0.32,-0.16%,3965
"2024-08-08 08:54",204.78,204.89,204.71,204.82,0.05,+0.02%,11256
"2024-08-08 08:53",204.96,204.99,204.77,204.77,-0.23,-0.11%,1050
"2024-08-08 08:52",204.81,205,204.81,205,0.15,+0.07%,4705
"2024-08-08 08:51",204.74,204.85,204.69,204.85,0.23,+0.11%,6912
"2024-08-08 08:50",204.55,204.72,204.54,204.62,0.13,+0.06%,3363
"2024-08-08 08:49",204.53,204.62,204.39,204.49,-0.09,-0.04%,6399
"2024-08-08 08:48",204.7,204.86,204.58,204.58,0.11,+0.05%,2937
"2024-08-08 08:47",204.49,204.65,204.46,204.47,-0.03,-0.01%,12360
"2024-08-08 08:46",204.71,204.78,204.41,204.5,-0.14,-0.07%,6935
"2024-08-08 08:45",204.73,204.8,204.64,204.64,-0.43,-0.21%,11989
"2024-08-08 08:44",205.23,205.23,205.06,205.07,-0.16,-0.08%,5244
"2024-08-08 08:43",205.27,205.29,205.2004,205.23,-0.04,-0.02%,1700
"2024-08-08 08:42",205.16,205.3,205,205.27,0.06,+0.03%,29374
"2024-08-08 08:41",205.49,205.49,205.15,205.21,-0.15,-0.07%,32650
"2024-08-08 08:40",204.88,205.68,204.85,205.36,0.35,+0.17%,23706
"2024-08-08 08:39",204.79,205.24,204.79,205.01,0.15,+0.07%,9775
"2024-08-08 08:38",205.13,205.36,204.81,204.86,-0.24,-0.12%,13953
"2024-08-08 08:37",204.76,205.1,204.56,205.1,0.46,+0.22%,48916
"2024-08-08 08:36",204.49,204.99,204.49,204.64,0.1,+0.05%,26964
"2024-08-08 08:35",204.2904,204.6,204.2904,204.54,0.39,+0.19%,28692
"2024-08-08 08:34",204,204.27,204,204.15,0.25,+0.12%,5900
"2024-08-08 08:33",204.12,204.12,203.82,203.9,-0.34,-0.17%,22129
"2024-08-08 08:32",204.53,204.88,203.98,204.24,-0.24,-0.12%,29962
"2024-08-08 08:31",205.47,205.56,204.13,204.48,-1.12,-0.54%,20196
"2024-08-08 08:30",201.95,205.6,201.95,205.6,3.85,+1.91%,150822
"2024-08-08 08:29",201.6,201.75,201.57,201.75,0.2,+0.10%,7044
"2024-08-08 08:28",201.49,201.62,201.49,201.55,0.09,+0.04%,2648
"2024-08-08 08:27",201.32,201.46,201.32,201.46,0.1,+0.05%,2856
"2024-08-08 08:26",201.37,201.46,201.33,201.36,-0.2,-0.10%,14225
"2024-08-08 08:25",201.49,201.56,201.49,201.56,0.08,+0.04%,8966
"2024-08-08 08:24",201.45,201.48,201.4,201.48,0.09,+0.04%,9498
"2024-08-08 08:23",201.43,201.46,201.38,201.39,-0.12,-0.06%,3099
"2024-08-08 08:22",201.6,201.6,201.51,201.51,-0.04,-0.02%,700
"2024-08-08 08:21",201.66,201.66,201.47,201.55,-0.14,-0.07%,2508
"2024-08-08 08:20",201.7,201.7,201.69,201.69,0.03,+0.01%,521
"2024-08-08 08:19",201.6,201.69,201.6,201.66,0.06,+0.03%,16691
"2024-08-08 08:18",201.7,201.7,201.6,201.6,-0.05,-0.02%,7421
"2024-08-08 08:17",201.67,201.7,201.65,201.65,-0.12,-0.06%,1358
"2024-08-08 08:16",201.77,201.77,201.77,201.77,-0.03,-0.01%,100
"2024-08-08 08:15",201.75,201.8,201.75,201.8,0.02,+0.01%,3433
"2024-08-08 08:14",201.76,201.81,201.67,201.78,0.01,0.00%,5350
"2024-08-08 08:13",201.82,201.84,201.75,201.77,-0.03,-0.01%,2800
"2024-08-08 08:12",201.77,201.8,201.77,201.8,0.03,+0.01%,800
"2024-08-08 08:11",201.69,201.77,201.69,201.77,0.17,+0.08%,300
"2024-08-08 08:10",201.71,201.75,201.6,201.6,-0.17,-0.08%,2481
"2024-08-08 08:08",201.77,201.81,201.77,201.77,0,0.00%,3800
"2024-08-08 08:07",201.66,201.77,201.65,201.77,0.18,+0.09%,24127
"2024-08-08 08:06",201.77,201.77,201.59,201.59,-0.12,-0.06%,200
"2024-08-08 08:05",201.67,201.71,201.67,201.71,-0.08,-0.04%,1502
"2024-08-08 08:04",201.9,201.95,201.79,201.79,-0.11,-0.05%,28544
"2024-08-08 08:03",201.71,201.9,201.71,201.9,0.19,+0.09%,45275
"2024-08-08 08:02",201.74,201.74,201.71,201.71,-0.39,-0.19%,610
"2024-08-08 08:01",202.06,202.76,200.75,202.1,0.41,+0.20%,19844
"2024-08-08 08:00",201.03,202.0296,201.03,201.69,-0.04,-0.02%,7330
"2024-08-08 07:59",201.73,201.73,201.73,201.73,0.1,+0.05%,300
"2024-08-08 07:58",201.67,201.68,201.63,201.63,-0.04,-0.02%,1240
"2024-08-08 07:57",201.68,201.68,201.67,201.67,-0.1,-0.05%,707
"2024-08-08 07:56",201.7,201.8,201.7,201.77,0.17,+0.08%,10305
"2024-08-08 07:55",201.6,201.6,201.6,201.6,-0.1,-0.05%,510
"2024-08-08 07:54",201.77,201.8,201.69,201.7,-0.19,-0.09%,2587
"2024-08-08 07:53",201.74,201.92,201.74,201.89,0.14,+0.07%,5611
"2024-08-08 07:52",201.7,201.83,201.7,201.75,0.11,+0.05%,1784
"2024-08-08 07:51",201.67,201.71,201.59,201.64,-0.05,-0.02%,5982
"2024-08-08 07:50",201.62,201.69,201.62,201.69,0.05,+0.02%,200
"2024-08-08 07:49",201.64,201.64,201.64,201.64,-0.02,-0.01%,170
"2024-08-08 07:48",201.67,201.67,201.61,201.66,-0.13,-0.06%,2756
"2024-08-08 07:47",201.72,201.79,201.72,201.79,-0.02,-0.01%,1485
"2024-08-08 07:46",201.72,201.81,201.72,201.81,0.19,+0.09%,885
"2024-08-08 07:45",201.65,201.65,201.58,201.62,0.03,+0.01%,930
"2024-08-08 07:44",201.59,201.59,201.59,201.59,0.03,+0.01%,1005
"2024-08-08 07:43",201.7,201.7,201.55,201.56,-0.12,-0.06%,3100
"2024-08-08 07:42",201.71,201.78,201.68,201.68,-0.1,-0.05%,1710
"2024-08-08 07:41",201.78,201.78,201.78,201.78,0.12,+0.06%,300
"2024-08-08 07:40",201.79,201.79,201.66,201.66,-0.27,-0.13%,300
"2024-08-08 07:36",201.9,201.93,201.9,201.93,-0.01,0.00%,648
"2024-08-08 07:35",201.9,201.95,201.89,201.94,0.05,+0.02%,2750
"2024-08-08 07:33",202,202,201.89,201.89,-0.11,-0.05%,1161
"2024-08-08 07:32",201.94,202,201.94,202,0.05,+0.02%,400
"2024-08-08 07:31",201.94,201.95,201.94,201.95,0.07,+0.03%,262
"2024-08-08 07:30",201.76,201.88,201.76,201.88,0.13,+0.06%,1403
"2024-08-08 07:28",201.73,201.87,201.73,201.75,0.08,+0.04%,7680
"2024-08-08 07:27",201.71,201.71,201.67,201.67,-0.04,-0.02%,575
"2024-08-08 07:26",201.7,201.71,201.7,201.71,0.04,+0.02%,400
"2024-08-08 07:25",201.64,201.67,201.64,201.67,0.01,0.00%,800
"2024-08-08 07:24",201.66,201.66,201.66,201.66,0.12,+0.06%,240
"2024-08-08 07:23",201.55,201.55,201.5,201.54,-0.14,-0.07%,2076
"2024-08-08 07:21",201.58,201.75,201.58,201.68,0.17,+0.08%,2249
"2024-08-08 07:20",201.51,201.51,201.51,201.51,-0.09,-0.04%,100
"2024-08-08 07:19",201.62,201.62,201.6,201.6,0.13,+0.06%,1400
"2024-08-08 07:18",201.39,201.47,201.39,201.47,0.06,+0.03%,875
"2024-08-08 07:17",201.41,201.41,201.41,201.41,-0.07,-0.03%,440
"2024-08-08 07:16",201.5,201.5,201.41,201.48,-0.05,-0.02%,871
"2024-08-08 07:15",201.55,201.55,201.53,201.53,-0.09,-0.04%,662
"2024-08-08 07:14",201.6,201.68,201.6,201.62,0.12,+0.06%,2896
"2024-08-08 07:13",201.58,201.58,201.5,201.5,-0.03,-0.01%,300
"2024-08-08 07:12",201.53,201.53,201.53,201.53,0.23,+0.11%,500
"2024-08-08 07:11",201.29,201.3,201.29,201.3,0.1,+0.05%,1475
"2024-08-08 07:10",201.18,201.21,201.18,201.2,0.02,+0.01%,1800
"2024-08-08 07:09",201.18,201.18,201.18,201.18,0.15,+0.07%,500
"2024-08-08 07:08",201.03,201.03,200.96,201.03,-0.04,-0.02%,883
"2024-08-08 07:07",201.12,201.12,201.07,201.07,-0.07,-0.03%,200
"2024-08-08 07:06",201.14,201.14,201.14,201.14,-0.03,-0.01%,550
"2024-08-08 07:05",201.17,201.17,201.17,201.17,0.32,+0.16%,100
"2024-08-08 07:04",200.86,200.86,200.85,200.85,-0.11,-0.05%,2200
"2024-08-08 07:03",200.77,200.96,200.77,200.96,0.17,+0.08%,724
"2024-08-08 07:02",200.87,200.87,200.79,200.79,-0.15,-0.07%,2100
"2024-08-08 07:01",200.94,200.94,200.94,200.94,-0.07,-0.03%,227
"2024-08-08 07:00",200.99,201.04,200.91,201.01,0.1,+0.05%,6257
"2024-08-08 06:58",200.91,200.91,200.91,200.91,-0.04,-0.02%,294
"2024-08-08 06:57",200.95,200.98,200.95,200.95,-0.05,-0.02%,525
"2024-08-08 06:56",201.05,201.05,201,201,-0.11,-0.05%,1000
"2024-08-08 06:54",201.11,201.11,201.11,201.11,-0.04,-0.02%,500
"2024-08-08 06:53",201.21,201.21,201.14,201.15,-0.08,-0.04%,1030
"2024-08-08 06:52",201.23,201.23,201.23,201.23,-0.24,-0.12%,100
"2024-08-08 06:50",201.47,201.47,201.47,201.47,0.27,+0.13%,209
"2024-08-08 06:49",201.28,201.28,201.2,201.2,-0.31,-0.15%,1979
"2024-08-08 06:46",201.65,201.65,201.5,201.51,0.02,+0.01%,2364
"2024-08-08 06:45",201.49,201.49,201.49,201.49,0.2,+0.10%,179
"2024-08-08 06:44",201.29,201.29,201.29,201.29,-0.13,-0.06%,100
"2024-08-08 06:43",201.45,201.45,201.42,201.42,0.1,+0.05%,600
"2024-08-08 06:42",201.39,201.39,201.32,201.32,-0.06,-0.03%,1462
"2024-08-08 06:38",201.39,201.39,201.38,201.38,0.04,+0.02%,1500
"2024-08-08 06:35",201.34,201.34,201.34,201.34,-0.06,-0.03%,248
"2024-08-08 06:33",201.4,201.4,201.4,201.4,0.09,+0.04%,867
"2024-08-08 06:32",201.31,201.31,201.31,201.31,-0.09,-0.04%,409
"2024-08-08 06:30",201.4,201.4,201.4,201.4,0.08,+0.04%,100
"2024-08-08 06:29",201.38,201.38,201.32,201.32,-0.08,-0.04%,842
"2024-08-08 06:26",201.31,201.4,201.31,201.4,0.04,+0.02%,472
"2024-08-08 06:25",201.36,201.36,201.36,201.36,0.04,+0.02%,100
"2024-08-08 06:24",201.32,201.32,201.32,201.32,0.05,+0.02%,100
"2024-08-08 06:18",201.28,201.28,201.27,201.27,0.06,+0.03%,403
"2024-08-08 06:17",201.21,201.21,201.21,201.21,-0.12,-0.06%,100
"2024-08-08 06:15",201.31,201.33,201.31,201.33,0.2,+0.10%,430
"2024-08-08 06:13",201.13,201.13,201.13,201.13,0.07,+0.03%,100
"2024-08-08 06:12",201.06,201.06,201.06,201.06,0.19,+0.09%,208
"2024-08-08 06:10",200.87,200.87,200.87,200.87,0.03,+0.01%,212
"2024-08-08 06:04",200.84,200.84,200.84,200.84,-0.09,-0.04%,125
"2024-08-08 06:03",200.9,200.93,200.9,200.93,-0.1,-0.05%,1840
"2024-08-08 05:57",201.03,201.03,201.03,201.03,0.03,+0.01%,100
"2024-08-08 05:56",201,201,201,201,-0.03,-0.01%,700
"2024-08-08 05:55",201.03,201.03,201.03,201.03,0.03,+0.01%,400
"2024-08-08 05:54",200.95,201.07,200.95,201,0.25,+0.12%,300
"2024-08-08 05:53",200.75,200.75,200.75,200.75,0.05,+0.02%,885
"2024-08-08 05:52",200.79,200.79,200.68,200.7,-0.32,-0.16%,530
"2024-08-08 05:50",200.76,201.02,200.76,201.02,0.15,+0.07%,2303
"2024-08-08 05:49",200.87,200.87,200.87,200.87,-0.35,-0.17%,100
"2024-08-08 05:47",201.23,201.23,201.22,201.22,0.11,+0.05%,1300
"2024-08-08 05:46",201.11,201.11,201.11,201.11,-0.01,0.00%,248
"2024-08-08 05:44",201.16,201.16,201.12,201.12,-0.24,-0.12%,478
"2024-08-08 05:41",201.36,201.36,201.36,201.36,0.07,+0.03%,100
"2024-08-08 05:39",201.29,201.29,201.29,201.29,0,0.00%,195
"2024-08-08 05:38",201.3,201.3,201.29,201.29,-0.06,-0.03%,456
"2024-08-08 05:37",201.41,201.41,201.35,201.35,-0.25,-0.12%,748
"2024-08-08 05:30",201.6,201.6,201.6,201.6,0.03,+0.01%,500
"2024-08-08 05:29",201.57,201.57,201.57,201.57,-0.02,-0.01%,764
"2024-08-08 05:28",201.48,201.59,201.48,201.59,0.16,+0.08%,440
"2024-08-08 05:27",201.43,201.43,201.43,201.43,-0.15,-0.07%,666
"2024-08-08 05:24",201.58,201.58,201.58,201.58,-0.12,-0.06%,500
"2024-08-08 05:23",201.76,201.76,201.7,201.7,-0.15,-0.07%,908
"2024-08-08 05:22",201.85,201.85,201.85,201.85,0.06,+0.03%,760
"2024-08-08 05:21",201.79,201.79,201.79,201.79,-0.09,-0.04%,300
"2024-08-08 05:19",201.96,201.96,201.88,201.88,0.02,+0.01%,225
"2024-08-08 05:18",201.76,201.86,201.76,201.86,-0.06,-0.03%,340
"2024-08-08 05:14",201.92,201.92,201.92,201.92,0.02,+0.01%,125
"2024-08-08 05:13",201.9,201.9,201.89,201.9,-0.09,-0.04%,900
"2024-08-08 05:08",202,202,201.99,201.99,-0.15,-0.07%,4675
"2024-08-08 05:05",202.08,202.14,202.08,202.14,-0.01,0.00%,200
"2024-08-08 05:03",202.15,202.15,202.15,202.15,0.02,+0.01%,100
"2024-08-08 05:02",202.2,202.22,202.13,202.13,0.14,+0.07%,1206
"2024-08-08 05:00",202.08,202.08,201.99,201.99,0,0.00%,200
"2024-08-08 04:59",202,202,201.99,201.99,0.04,+0.02%,990
"2024-08-08 04:58",201.94,201.95,201.94,201.95,0.06,+0.03%,2000
"2024-08-08 04:57",202,202,201.89,201.89,-0.11,-0.05%,740
"2024-08-08 04:56",202,202,202,202,0.15,+0.07%,100
"2024-08-08 04:54",201.83,201.85,201.83,201.85,-0.05,-0.02%,225
"2024-08-08 04:53",201.89,201.9,201.89,201.9,0.3,+0.15%,661
"2024-08-08 04:50",201.69,201.71,201.6,201.6,0.12,+0.06%,842
"2024-08-08 04:47",201.48,201.48,201.48,201.48,-0.05,-0.02%,300
"2024-08-08 04:46",201.54,201.54,201.53,201.53,0.1,+0.05%,324
"2024-08-08 04:42",201.43,201.43,201.43,201.43,0.24,+0.12%,200
"2024-08-08 04:39",201.19,201.19,201.19,201.19,-0.04,-0.02%,100
"2024-08-08 04:38",201.23,201.23,201.23,201.23,-0.19,-0.09%,600
"2024-08-08 04:36",201.45,201.48,201.42,201.42,-0.04,-0.02%,500
"2024-08-08 04:35",201.46,201.46,201.46,201.46,0.14,+0.07%,228
"2024-08-08 04:33",201.32,201.32,201.32,201.32,0.12,+0.06%,100
"2024-08-08 04:31",201.24,201.26,201.2,201.2,0.2,+0.10%,1905
"2024-08-08 04:29",201,201.01,201,201,-0.12,-0.06%,900
"2024-08-08 04:28",201.12,201.12,201.12,201.12,-0.14,-0.07%,400
"2024-08-08 04:26",201.26,201.26,201.26,201.26,0.25,+0.12%,100
"2024-08-08 04:24",201.03,201.03,201.01,201.01,-0.12,-0.06%,424
"2024-08-08 04:22",201.11,201.13,201.11,201.13,-0.12,-0.06%,936
"2024-08-08 04:21",201.32,201.32,201.25,201.25,-0.29,-0.14%,700
"2024-08-08 04:19",201.54,201.54,201.54,201.54,0.17,+0.08%,110
"2024-08-08 04:16",201.38,201.38,201.37,201.37,-0.04,-0.02%,1200
"2024-08-08 04:15",201.43,201.43,201.41,201.41,-0.01,0.00%,250
"2024-08-08 04:14",201.35,201.42,201.35,201.42,0.09,+0.04%,1800
"2024-08-08 04:13",201.33,201.33,201.33,201.33,0.21,+0.10%,200
"2024-08-08 04:10",201.12,201.12,201.12,201.12,0.04,+0.02%,100
"2024-08-08 04:09",201.02,201.09,201.02,201.08,-0.14,-0.07%,1500
"2024-08-08 04:08",201.2,201.22,201.2,201.22,-0.06,-0.03%,5792
"2024-08-08 04:07",201.2,201.28,201.2,201.28,0.1,+0.05%,471
"2024-08-08 04:06",201.18,201.18,201.18,201.18,0,0.00%,100
"2024-08-08 04:05",201.14,201.18,200.97,201.18,-0.15,-0.07%,400
"2024-08-08 04:04",201.33,201.33,201.33,201.33,0.16,+0.08%,596
"2024-08-08 04:03",201.17,201.17,201.17,201.17,-0.05,-0.02%,123
"2024-08-08 04:02",201.17,201.22,201.17,201.22,0.28,+0.14%,424
"2024-08-08 04:01",200.9,201.06,200.9,200.94,0.07,+0.03%,2630
"2024-08-08 04:00",200.96,200.96,200.87,200.87,-0.11,-0.05%,200
"Downloaded from Barchart.com as of 08-09-2025 10:39am CDT"
