ticker,alert_kind,alert_direction,ftfc_prev_day_dir,vix_tercile,tod_bucket,regime,horizon,n,hit_rate,hit_rate_ci_lo,hit_rate_ci_hi,baseline_pct_up,lift_pp,mean_ret_bps,std_ret_bps,p_value,p_adj,reject
IWM,gamma_gate_break,CALL,UP,HIGH,afternoon,unknown,5m,23,69.56521739130434,52.06521739130435,86.95652173913044,49.64,19.925217391304344,2.5220733011361722,10.27572715907167,0.05597769529983587,0.21932244551902907,False
IWM,gamma_gate_break,CALL,UP,HIGH,afternoon,unknown,15m,23,60.86956521739131,39.130434782608695,78.3695652173912,50.57,10.299565217391311,3.1772703045501514,25.2736523744167,0.3231703818694631,0.6385609439548814,False
IWM,gamma_gate_break,CALL,UP,HIGH,afternoon,unknown,30m,23,60.86956521739131,39.130434782608695,78.26086956521739,51.2,9.669565217391309,-0.5904241432264246,28.98643087863511,0.3535427959740516,0.6695461825499076,False
IWM,gamma_gate_break,CALL,UP,HIGH,afternoon,unknown,60m,22,45.45454545454545,27.27272727272727,68.18181818181817,51.75,-6.295454545454547,-17.271540329642576,48.5320762249945,0.5545686382958979,0.8111499666629106,False
IWM,gamma_gate_break,CALL,UP,HIGH,afternoon,unknown,1d,23,91.30434782608695,78.26086956521739,100.0,53.3,38.004347826086956,335.39638241996965,287.05030195617854,0.00025897784242712163,0.0034008628758286853,True
IWM,gamma_gate_break,CALL,UP,HIGH,afternoon,unknown,5d,23,82.6086956521739,69.45652173913044,95.65217391304348,54.77,27.838695652173904,239.40205443811908,265.31153882641775,0.007308979807499227,0.0493848199486283,True
IWM,gamma_gate_break,CALL,UP,HIGH,close,unknown,5m,15,66.66666666666666,46.50000000000001,86.66666666666667,49.64,17.026666666666657,4.418905326387172,15.255365679160375,0.1871978265562717,0.4810782854510639,False
IWM,gamma_gate_break,CALL,UP,HIGH,close,unknown,15m,15,66.66666666666666,40.0,86.66666666666667,50.57,16.096666666666657,11.257295172396859,32.44405698468792,0.2124255614389159,0.5070830797170559,False
IWM,gamma_gate_break,CALL,UP,HIGH,close,unknown,1d,17,88.23529411764706,70.58823529411765,100.0,53.3,34.93529411764706,344.3769919597132,316.364037267972,0.0038876961676204136,0.029972883356815447,True
IWM,gamma_gate_break,CALL,UP,HIGH,close,unknown,5d,17,88.23529411764706,70.58823529411765,100.0,54.77,33.465294117647055,440.9047771423366,442.08895796048347,0.0055668024569492935,0.04056298131740491,True
IWM,gamma_gate_break,CALL,UP,HIGH,midday,unknown,5m,81,55.55555555555556,45.67901234567901,66.66666666666666,49.64,5.915555555555557,0.5516080299273985,16.773756036527015,0.28695395257033773,0.6030271057230756,False
IWM,gamma_gate_break,CALL,UP,HIGH,midday,unknown,15m,81,59.25925925925925,48.148148148148145,70.4012345679012,50.57,8.689259259259252,4.191013470621842,25.94492596894062,0.1177780473345178,0.3546222694392876,False
IWM,gamma_gate_break,CALL,UP,HIGH,midday,unknown,30m,81,55.55555555555556,44.44444444444444,65.46296296296293,51.2,4.355555555555554,6.181829437193018,35.651695193974156,0.43290757641148625,0.7486607146334676,False
IWM,gamma_gate_break,CALL,UP,HIGH,midday,unknown,60m,81,65.4320987654321,54.32098765432099,75.30864197530865,51.75,13.682098765432102,11.292741611345884,45.78325522759396,0.013728589794552493,0.08121616239846648,True
IWM,gamma_gate_break,CALL,UP,HIGH,midday,unknown,240m,61,60.65573770491803,49.13934426229508,72.1311475409836,52.28,8.37573770491803,5.910201007061607,76.09412069626583,0.1902992301251818,0.4838459148927495,False
IWM,gamma_gate_break,CALL,UP,HIGH,midday,unknown,1d,81,91.35802469135803,83.9506172839506,96.29629629629629,53.3,38.05802469135803,410.87526280457837,298.8370884095349,6.629807813851585e-12,1.3204367229254406e-09,True
IWM,gamma_gate_break,CALL,UP,HIGH,midday,unknown,5d,81,86.41975308641975,79.01234567901234,92.5925925925926,54.77,31.649753086419743,420.66138860707633,478.8706195713249,1.0462333221994413e-08,6.580256947517538e-07,True
IWM,gamma_gate_break,CALL,UP,HIGH,open,negative_gamma,5m,15,40.0,13.333333333333334,66.66666666666666,49.64,-9.64,-2.0723804406725033,20.296328339469657,0.45522622820767333,0.7636155425437854,False
IWM,gamma_gate_break,CALL,UP,HIGH,open,negative_gamma,15m,15,40.0,13.333333333333334,66.66666666666666,50.57,-10.57,-14.547286408682403,31.848377212559576,0.41289945424222685,0.7343310018405608,False
IWM,gamma_gate_break,CALL,UP,HIGH,open,negative_gamma,30m,15,33.33333333333333,13.333333333333334,60.0,51.2,-17.866666666666674,-17.474075532083294,36.64762354632225,0.16625290311896235,0.44247710295581294,False
IWM,gamma_gate_break,CALL,UP,HIGH,open,negative_gamma,60m,15,46.666666666666664,20.0,73.33333333333333,51.75,-5.083333333333336,-17.119904061376495,52.417545946564104,0.693584950314829,0.8826773329352723,False
IWM,gamma_gate_break,CALL,UP,HIGH,open,negative_gamma,240m,15,26.666666666666668,6.666666666666667,53.333333333333336,52.28,-25.613333333333333,-58.24638966535211,83.17270363641387,0.04702597187794422,0.19444995292091122,False
IWM,gamma_gate_break,CALL,UP,HIGH,open,negative_gamma,1d,15,86.66666666666667,66.66666666666666,100.0,53.3,33.366666666666674,505.006290338163,353.97394240716693,0.009591502014677955,0.061622822083549224,True
IWM,gamma_gate_break,CALL,UP,HIGH,open,negative_gamma,5d,15,66.66666666666666,40.0,86.66666666666667,54.77,11.896666666666654,385.8016028348138,488.65397234796313,0.354584185371805,0.6704558568343465,False
IWM,gamma_gate_break,CALL,UP,HIGH,open,unknown,5m,128,59.375,50.78125,67.1875,49.64,9.735,4.142332887689789,26.807139461016305,0.027606299719081795,0.1303933919537658,False
IWM,gamma_gate_break,CALL,UP,HIGH,open,unknown,15m,128,60.15625,52.34375,67.98828124999999,50.57,9.58625,2.648671510677212,47.068520283136756,0.03006281930609278,0.13924445376271655,False
IWM,gamma_gate_break,CALL,UP,HIGH,open,unknown,30m,128,55.46875,47.65625,64.0625,51.2,4.268749999999997,-0.3582430207449976,63.42666313917338,0.3339510345825265,0.6531448221376746,False
IWM,gamma_gate_break,CALL,UP,HIGH,open,unknown,60m,128,46.09375,38.26171875,54.6875,51.75,-5.65625,-4.981846561673007,80.74336671556821,0.20031736336095474,0.4987476585364543,False
IWM,gamma_gate_break,CALL,UP,HIGH,open,unknown,240m,128,55.46875,46.875,64.08203124999999,52.28,3.188749999999999,10.611991155830921,111.17145600567811,0.4701204450382026,0.7695807285214412,False
IWM,gamma_gate_break,CALL,UP,HIGH,open,unknown,1d,128,82.03125,75.0,88.28125,53.3,28.731250000000003,396.91403953827853,403.2878732025689,7.252243250377433e-11,9.583377535982152e-09,True
IWM,gamma_gate_break,CALL,UP,HIGH,open,unknown,5d,128,82.8125,76.54296875,89.0625,54.77,28.042499999999997,441.98278022021384,529.7175048602329,1.8372037224878568e-10,1.8854476961186844e-08,True
IWM,gamma_gate_break,CALL,UP,LOW,midday,unknown,5m,14,42.857142857142854,14.285714285714285,71.42857142857143,49.64,-6.7828571428571465,-2.5987078399271035,7.6292052651135025,0.6117369014333427,0.8412262338467716,False
IWM,gamma_gate_break,CALL,UP,LOW,midday,unknown,15m,14,35.714285714285715,14.285714285714285,57.14285714285714,50.57,-14.855714285714285,-0.5901716898092874,14.681357645775059,0.2662361475359136,0.5784585387371215,False
IWM,gamma_gate_break,CALL,UP,LOW,midday,unknown,30m,14,57.14285714285714,35.5357142857143,78.57142857142857,51.2,5.942857142857136,3.0413425427799674,20.130457500139098,0.6564275495500911,0.8616141274056184,False
IWM,gamma_gate_break,CALL,UP,LOW,midday,unknown,60m,14,64.28571428571429,35.714285714285715,85.71428571428571,51.75,12.535714285714292,0.29504098883504276,35.61598642778508,0.3479042756362456,0.6682961346321324,False
IWM,gamma_gate_break,CALL,UP,LOW,midday,unknown,240m,10,40.0,10.0,70.0,52.28,-12.280000000000001,2.681042403378456,53.53516136560131,0.4368849905928349,0.7533586778621034,False
IWM,gamma_gate_break,CALL,UP,LOW,midday,unknown,1d,14,100.0,100.0,100.0,53.3,46.7,414.1172232333608,291.6015790926327,0.0004611830160101693,0.005511137041321524,True
IWM,gamma_gate_break,CALL,UP,LOW,midday,unknown,5d,14,92.85714285714286,78.57142857142857,100.0,54.77,38.08714285714286,414.3989681710356,319.3664940449083,0.004193328423053755,0.03191737239203336,True
IWM,gamma_gate_break,CALL,UP,LOW,open,negative_gamma,5m,19,57.89473684210527,36.84210526315789,78.94736842105263,49.64,8.254736842105267,-1.014544551688251,21.423219409353,0.4717405631958833,0.770205118119422,False
IWM,gamma_gate_break,CALL,UP,LOW,open,negative_gamma,15m,19,47.368421052631575,26.31578947368421,68.42105263157895,50.57,-3.201578947368425,2.278736133422843,36.84300609557224,0.7801486525039292,0.9213305979882629,False
IWM,gamma_gate_break,CALL,UP,LOW,open,negative_gamma,30m,19,52.63157894736842,31.57894736842105,73.81578947368408,51.2,1.4315789473684148,2.2898813731656746,37.02274231653828,0.9006517098011171,0.9590426803013855,False
IWM,gamma_gate_break,CALL,UP,LOW,open,negative_gamma,60m,19,47.368421052631575,26.31578947368421,68.42105263157895,51.75,-4.381578947368425,-0.7257469124802371,42.72327151165672,0.7023045865890483,0.8890292926813997,False
IWM,gamma_gate_break,CALL,UP,LOW,open,negative_gamma,240m,19,21.052631578947366,5.263157894736842,42.10526315789473,52.28,-31.227368421052635,-15.686149078627697,55.42761884144535,0.00642676765778738,0.044392990468531325,True
IWM,gamma_gate_break,CALL,UP,LOW,open,negative_gamma,1d,19,78.94736842105263,57.89473684210527,94.73684210526315,53.3,25.647368421052633,253.84461997119232,312.03403342889504,0.025040881954453642,0.12164168266492724,False
IWM,gamma_gate_break,CALL,UP,LOW,open,negative_gamma,5d,19,84.21052631578947,68.42105263157895,100.0,54.77,29.440526315789462,259.4961277912451,282.52506247428664,0.009928049420558693,0.06310648434876404,True
IWM,gamma_gate_break,CALL,UP,LOW,open,unknown,5m,29,51.724137931034484,34.48275862068966,68.96551724137932,49.64,2.0841379310344834,5.301395620010976,15.67314773369821,0.8223882286765947,0.9354551392278667,False
IWM,gamma_gate_break,CALL,UP,LOW,open,unknown,15m,29,62.06896551724138,44.827586206896555,79.3103448275862,50.57,11.49896551724138,13.187205297491719,39.06227653579931,0.2155096109427439,0.5070830797170559,False
IWM,gamma_gate_break,CALL,UP,LOW,open,unknown,30m,29,55.172413793103445,37.93103448275862,72.41379310344827,51.2,3.972413793103442,10.978094844270405,45.043689057190946,0.6686763614486151,0.8710884225990795,False
IWM,gamma_gate_break,CALL,UP,LOW,open,unknown,60m,29,62.06896551724138,44.827586206896555,79.3103448275862,51.75,10.31896551724138,11.364914571284704,63.0530297254505,0.26610893595337437,0.5784585387371215,False
IWM,gamma_gate_break,CALL,UP,LOW,open,unknown,240m,29,51.724137931034484,34.48275862068966,68.96551724137932,52.28,-0.5558620689655172,7.766096629577154,79.60206438700041,0.9522109737116833,0.9810959818866655,False
IWM,gamma_gate_break,CALL,UP,LOW,open,unknown,1d,29,96.55172413793103,89.65517241379311,100.0,53.3,43.251724137931035,276.19413844578554,246.4813070204356,3.0335892127197894e-06,8.430556067907322e-05,True
IWM,gamma_gate_break,CALL,UP,LOW,open,unknown,5d,29,86.20689655172413,72.41379310344827,96.55172413793103,54.77,31.436896551724125,361.5094312220886,294.9912147888127,0.0006704877275474086,0.007704161869414935,True
IWM,gamma_gate_break,CALL,UP,MID,afternoon,unknown,5m,22,45.45454545454545,27.27272727272727,68.18181818181817,49.64,-4.185454545454547,-1.7048326548111374,12.14829277440324,0.6945849361600513,0.8830095730970865,False
IWM,gamma_gate_break,CALL,UP,MID,afternoon,unknown,15m,22,40.909090909090914,18.181818181818183,63.63636363636363,50.57,-9.660909090909087,0.9228942389400433,15.90609102143445,0.36475988810652327,0.6853585947913449,False
IWM,gamma_gate_break,CALL,UP,MID,afternoon,unknown,30m,22,54.54545454545454,31.818181818181817,77.27272727272727,51.2,3.345454545454537,0.15048705355551917,25.94327914289739,0.7535803742450145,0.909718952975454,False
IWM,gamma_gate_break,CALL,UP,MID,afternoon,unknown,60m,22,77.27272727272727,59.09090909090909,95.45454545454545,51.75,25.522727272727266,12.353737434684374,41.5426357865451,0.016588124367422852,0.09061602173869188,True
IWM,gamma_gate_break,CALL,UP,MID,afternoon,unknown,1d,22,86.36363636363636,68.18181818181817,100.0,53.3,33.06363636363636,205.96917556105635,178.87695033275327,0.0018808957207774313,0.01741444413986562,True
IWM,gamma_gate_break,CALL,UP,MID,afternoon,unknown,5d,22,63.63636363636363,40.909090909090914,81.81818181818183,54.77,8.86636363636363,119.85708008317242,367.8903432501311,0.40340835457883184,0.7236038431844397,False
IWM,gamma_gate_break,CALL,UP,MID,midday,negative_gamma,5m,10,60.0,30.0,90.0,49.64,10.36,2.883851391799413,11.84098846313103,0.5123126552399921,0.7940513917143847,False
IWM,gamma_gate_break,CALL,UP,MID,midday,negative_gamma,15m,10,60.0,30.0,90.0,50.57,9.43,0.9436425550305716,12.774255031947602,0.5508784368712765,0.8077297325903993,False
IWM,gamma_gate_break,CALL,UP,MID,midday,negative_gamma,30m,10,60.0,30.0,90.0,51.2,8.799999999999997,2.5378819603450196,15.774186187578142,0.5777179115540332,0.8272156833463066,False
IWM,gamma_gate_break,CALL,UP,MID,midday,negative_gamma,60m,10,60.0,30.0,90.0,51.75,8.25,4.717452770821673,11.952996193405001,0.6016037033574664,0.8390436175738006,False
IWM,gamma_gate_break,CALL,UP,MID,midday,negative_gamma,1d,10,70.0,40.0,90.0,53.3,16.700000000000003,199.07560656836782,322.9635852797797,0.28982359266969704,0.6052497691851616,False
IWM,gamma_gate_break,CALL,UP,MID,midday,negative_gamma,5d,10,80.0,60.0,100.0,54.77,25.229999999999997,250.4976399124909,323.0856970879135,0.10893541698517262,0.33724824688414834,False
IWM,gamma_gate_break,CALL,UP,MID,midday,unknown,5m,47,51.06382978723404,36.17021276595745,65.95744680851064,49.64,1.423829787234041,2.2439798766424914,11.771289239649834,0.8452122953899337,0.9361101122030792,False
IWM,gamma_gate_break,CALL,UP,MID,midday,unknown,15m,47,53.191489361702125,40.42553191489361,68.08510638297872,50.57,2.6214893617021247,3.6310327441407404,18.106238026577074,0.7192481010478433,0.8970625771238228,False
IWM,gamma_gate_break,CALL,UP,MID,midday,unknown,30m,47,51.06382978723404,36.17021276595745,65.95744680851064,51.2,-0.1361702127659612,3.6566009205672567,24.946750967865714,0.9850994956410535,0.9912776535988331,False
IWM,gamma_gate_break,CALL,UP,MID,midday,unknown,60m,47,48.93617021276596,36.17021276595745,61.702127659574465,51.75,-2.8138297872340416,0.25555727425218516,34.12449210298846,0.699460060921113,0.8863783380707636,False
IWM,gamma_gate_break,CALL,UP,MID,midday,unknown,240m,35,68.57142857142857,54.285714285714285,82.85714285714286,52.28,16.29142857142857,6.641323549204767,54.92722669906799,0.0536520701322889,0.21300406580759212,False
IWM,gamma_gate_break,CALL,UP,MID,midday,unknown,1d,47,91.48936170212765,82.97872340425532,97.87234042553192,53.3,38.189361702127655,295.679183706804,274.5907773518832,1.540069451966275e-07,5.8906211665085695e-06,True
IWM,gamma_gate_break,CALL,UP,MID,midday,unknown,5d,47,72.3404255319149,59.57446808510638,85.1063829787234,54.77,17.5704255319149,282.87766920404977,366.0988468731414,0.015513093201598993,0.08737241923881103,True
IWM,gamma_gate_break,CALL,UP,MID,open,negative_gamma,5m,32,56.25,37.5,71.875,49.64,6.609999999999999,-0.4242221852631005,15.085235427482017,0.4545473115146006,0.7636155425437854,False
IWM,gamma_gate_break,CALL,UP,MID,open,negative_gamma,15m,32,56.25,40.54687500000001,71.875,50.57,5.68,1.2846563515560883,26.134505869143787,0.5204444790349325,0.7993973681834761,False
IWM,gamma_gate_break,CALL,UP,MID,open,negative_gamma,30m,32,56.25,37.5,71.95312499999993,51.2,5.049999999999997,-0.9303447105193117,41.93852525087685,0.5676560865411222,0.8212457910613087,False
IWM,gamma_gate_break,CALL,UP,MID,open,negative_gamma,60m,32,50.0,31.25,65.625,51.75,-1.75,-9.808477455975133,64.3676479516549,0.8429580003066968,0.9361101122030792,False
IWM,gamma_gate_break,CALL,UP,MID,open,negative_gamma,240m,32,46.875,28.125,62.57812499999993,52.28,-5.405000000000001,-15.919323236061093,73.92933747519318,0.5404433431086011,0.8068056486568471,False
IWM,gamma_gate_break,CALL,UP,MID,open,negative_gamma,1d,32,65.625,50.0,81.25,53.3,12.325000000000003,75.4554725547875,217.9818208098144,0.16227481666107924,0.43479463208517866,False
IWM,gamma_gate_break,CALL,UP,MID,open,negative_gamma,5d,32,65.625,46.875,81.25,54.77,10.854999999999997,66.83491603177514,320.6501430296021,0.21730350226883255,0.5070830797170559,False
IWM,gamma_gate_break,CALL,UP,MID,open,unknown,5m,97,49.48453608247423,40.20618556701031,58.78865979381441,49.64,-0.15546391752577193,1.7300863407154468,17.127122869724694,0.975569693688626,0.9899465049543078,False
IWM,gamma_gate_break,CALL,UP,MID,open,unknown,15m,97,54.63917525773196,44.329896907216494,64.94845360824742,50.57,4.069175257731956,1.8713820100665073,29.991650506802703,0.4227920976270523,0.7438631838491927,False
IWM,gamma_gate_break,CALL,UP,MID,open,unknown,30m,97,54.63917525773196,44.329896907216494,64.94845360824742,51.2,3.4391752577319536,0.23499312355935734,46.28136892137843,0.4980036889993622,0.7902294152293331,False
IWM,gamma_gate_break,CALL,UP,MID,open,unknown,60m,97,59.79381443298969,50.51546391752577,69.0721649484536,51.75,8.043814432989691,6.2140988215184905,54.20929733125526,0.11287115406029558,0.3440842579134011,False
IWM,gamma_gate_break,CALL,UP,MID,open,unknown,240m,97,63.91752577319587,53.608247422680414,73.19587628865979,52.28,11.637525773195868,19.72096754348217,77.30087439642611,0.02174953488180864,0.1087476744090432,False
IWM,gamma_gate_break,CALL,UP,MID,open,unknown,1d,97,88.65979381443299,81.44329896907216,93.81443298969072,53.3,35.35979381443299,332.73686054114916,304.93697363266887,2.9456437289354653e-12,8.800110640194703e-10,True
IWM,gamma_gate_break,CALL,UP,MID,open,unknown,5d,97,77.31958762886599,69.0721649484536,85.56701030927834,54.77,22.549587628865986,306.5364416893749,400.49698289817997,8.115835548494488e-06,0.00019396846960901827,True
IWM,gamma_gate_break,PUT,DOWN,HIGH,afternoon,unknown,5m,37,54.054054054054056,40.54054054054054,70.27027027027027,50.36,3.6940540540540567,-2.802389094437741,21.35794494141885,0.6531339566087393,0.8616141274056184,False
IWM,gamma_gate_break,PUT,DOWN,HIGH,afternoon,unknown,15m,37,56.75675675675676,40.54054054054054,72.97297297297297,49.43,7.326756756756758,1.2881283597298328,28.446241585798774,0.372716572931302,0.6919498395515289,False
IWM,gamma_gate_break,PUT,DOWN,HIGH,afternoon,unknown,30m,37,64.86486486486487,51.28378378378378,81.08108108108108,48.8,16.064864864864873,9.876520138728159,46.464645641762424,0.050590357454294965,0.20287072871772646,False
IWM,gamma_gate_break,PUT,DOWN,HIGH,afternoon,unknown,60m,37,51.35135135135135,35.13513513513514,64.93243243243238,48.25,3.1013513513513473,16.71561603494837,87.03761521398518,0.7057820165628357,0.8897613527351386,False
IWM,gamma_gate_break,PUT,DOWN,HIGH,afternoon,unknown,1d,37,18.91891891891892,8.108108108108109,32.432432432432435,46.7,-27.781081081081084,-328.32164220969213,402.59702893718503,0.0007063575596328864,0.007889309671849962,True
IWM,gamma_gate_break,PUT,DOWN,HIGH,afternoon,unknown,5d,37,24.324324324324326,10.81081081081081,37.90540540540535,45.23,-20.90567567567567,-415.59113413550006,474.48259939124574,0.010620664084054043,0.06594104138832091,True
IWM,gamma_gate_break,PUT,DOWN,HIGH,close,unknown,5m,29,34.48275862068966,17.24137931034483,51.724137931034484,50.36,-15.877241379310341,-5.122952888574641,20.674315520771522,0.08725190227756485,0.2905303807728037,False
IWM,gamma_gate_break,PUT,DOWN,HIGH,close,unknown,15m,23,47.82608695652174,30.434782608695656,69.56521739130434,49.43,-1.6039130434782578,-5.331456883813656,27.41195473490344,0.8777264851940447,0.9537363340963011,False
IWM,gamma_gate_break,PUT,DOWN,HIGH,close,unknown,30m,12,58.333333333333336,33.33333333333333,83.33333333333334,48.8,9.533333333333339,1.9736384615951683,46.62066400432045,0.5088181869490083,0.7940513917143847,False
IWM,gamma_gate_break,PUT,DOWN,HIGH,close,unknown,1d,33,21.21212121212121,9.090909090909092,36.36363636363637,46.7,-25.487878787878792,-320.63865670149556,341.02431666866147,0.003338346450205476,0.026419364291361217,True
IWM,gamma_gate_break,PUT,DOWN,HIGH,close,unknown,5d,33,30.303030303030305,15.151515151515152,45.45454545454545,45.23,-14.926969696969692,-304.2235141214624,474.0560150690456,0.0849181732058788,0.28504836230625047,False
IWM,gamma_gate_break,PUT,DOWN,HIGH,midday,unknown,5m,84,47.61904761904761,36.904761904761905,58.333333333333336,50.36,-2.740952380952386,-0.28067499295563425,16.479024572514817,0.6153595291637777,0.8436111923408824,False
IWM,gamma_gate_break,PUT,DOWN,HIGH,midday,unknown,15m,84,46.42857142857143,36.904761904761905,58.333333333333336,49.43,-3.001428571428569,-1.7189588218482788,33.1798997117548,0.582177609705407,0.8292041044075821,False
IWM,gamma_gate_break,PUT,DOWN,HIGH,midday,unknown,30m,84,55.952380952380956,45.23809523809524,66.66666666666666,48.8,7.152380952380959,0.7697118046412776,33.246592229314565,0.1897122482474236,0.48338195448970406,False
IWM,gamma_gate_break,PUT,DOWN,HIGH,midday,unknown,60m,84,50.0,39.285714285714285,60.744047619047585,48.25,1.75,-1.3857767635103648,39.88841737386487,0.7482278531610314,0.9084969537511987,False
IWM,gamma_gate_break,PUT,DOWN,HIGH,midday,unknown,240m,66,46.96969696969697,34.84848484848485,59.09090909090909,47.72,-0.75030303030303,-18.51090616820225,139.1300940237879,0.9028699072537942,0.9590484792606969,False
IWM,gamma_gate_break,PUT,DOWN,HIGH,midday,unknown,1d,84,10.714285714285714,4.761904761904762,17.857142857142858,46.7,-35.98571428571429,-377.0151480155294,283.3870199858844,3.824962568899082e-11,5.7135378372930035e-09,True
IWM,gamma_gate_break,PUT,DOWN,HIGH,midday,unknown,5d,84,14.285714285714285,7.142857142857142,22.61904761904762,45.23,-30.944285714285712,-452.56854274455156,425.5997307052719,1.2109990121800251e-08,7.23571909777565e-07,True
IWM,gamma_gate_break,PUT,DOWN,HIGH,open,unknown,5m,151,52.980132450331126,45.033112582781456,60.264900662251655,50.36,2.620132450331127,0.7945210014264853,23.932974190301245,0.5196070642271802,0.7993973681834761,False
IWM,gamma_gate_break,PUT,DOWN,HIGH,open,unknown,15m,151,52.317880794701985,43.70860927152318,60.264900662251655,49.43,2.887880794701985,8.905187949859478,67.5149445754409,0.4778383469872829,0.7718331012643574,False
IWM,gamma_gate_break,PUT,DOWN,HIGH,open,unknown,30m,151,51.65562913907284,43.70860927152318,60.264900662251655,48.8,2.855629139072846,6.162567698800651,72.72215556547732,0.4826708218858702,0.7773472131450335,False
IWM,gamma_gate_break,PUT,DOWN,HIGH,open,unknown,60m,151,50.331125827814574,42.384105960264904,58.94039735099338,48.25,2.0811258278145743,6.306434797981636,93.7165737883718,0.6088052640210304,0.8412262338467716,False
IWM,gamma_gate_break,PUT,DOWN,HIGH,open,unknown,240m,151,45.6953642384106,38.41059602649007,53.64238410596026,47.72,-2.0246357615894013,0.2541785394845314,118.45415878777602,0.6184128907871238,0.8436111923408824,False
IWM,gamma_gate_break,PUT,DOWN,HIGH,open,unknown,1d,151,12.582781456953644,7.930463576158942,18.543046357615893,46.7,-34.11721854304636,-380.235540882029,347.068708697916,0.0,0.0,True
IWM,gamma_gate_break,PUT,DOWN,HIGH,open,unknown,5d,151,14.56953642384106,9.271523178807946,20.52980132450331,45.23,-30.66046357615894,-430.71492145522217,495.8712739180984,3.730349362740526e-14,2.2288837442374643e-11,True
IWM,gamma_gate_break,PUT,DOWN,LOW,afternoon,unknown,5m,10,30.0,9.750000000000014,60.0,50.36,-20.36,-123.47084342070295,195.29607350881219,0.19784594187055604,0.49525410293004335,False
IWM,gamma_gate_break,PUT,DOWN,LOW,afternoon,unknown,15m,10,20.0,0.0,50.0,49.43,-29.43,-113.33038178545546,210.47376145363796,0.06268240622081045,0.23704264377806483,False
IWM,gamma_gate_break,PUT,DOWN,LOW,afternoon,unknown,30m,10,20.0,0.0,50.0,48.8,-28.799999999999997,-114.22296833078619,210.13145525534307,0.06845547986095513,0.25016605025639566,False
IWM,gamma_gate_break,PUT,DOWN,LOW,afternoon,unknown,60m,10,20.0,0.0,50.0,48.25,-28.25,-111.07800514022124,221.50625487711537,0.0738111488801696,0.2632964863038885,False
IWM,gamma_gate_break,PUT,DOWN,LOW,afternoon,unknown,1d,10,0.0,0.0,0.0,46.7,-46.7,-375.1099034715859,201.66052745994872,0.003076177762451726,0.024506882840865416,True
IWM,gamma_gate_break,PUT,DOWN,LOW,afternoon,unknown,5d,10,10.0,0.0,30.0,45.23,-35.23,-307.5834033850768,188.79633044762812,0.02519824567362705,0.12191054080965313,False
IWM,gamma_gate_break,PUT,DOWN,LOW,midday,unknown,5m,15,33.33333333333333,13.333333333333334,60.0,50.36,-17.02666666666667,-6.07250062330418,10.17706034037528,0.1871978265562717,0.4810782854510639,False
IWM,gamma_gate_break,PUT,DOWN,LOW,midday,unknown,15m,15,33.33333333333333,13.333333333333334,60.0,49.43,-16.09666666666667,-4.225237316154381,9.696708830093574,0.21242556143891567,0.5070830797170559,False
IWM,gamma_gate_break,PUT,DOWN,LOW,midday,unknown,30m,15,20.0,0.0,40.0,48.8,-28.799999999999997,-11.02058206918679,19.86544806832541,0.02564927367826053,0.12309591182940295,False
IWM,gamma_gate_break,PUT,DOWN,LOW,midday,unknown,60m,15,20.0,0.0,40.0,48.25,-28.25,-16.94842961631692,33.52631408982577,0.02855492004147475,0.13434302932898554,False
IWM,gamma_gate_break,PUT,DOWN,LOW,midday,unknown,240m,11,27.27272727272727,0.0,54.54545454545454,47.72,-20.44727272727273,-23.329404599113207,61.34375956345982,0.17454906501640188,0.4574257295934216,False
IWM,gamma_gate_break,PUT,DOWN,LOW,midday,unknown,1d,15,0.0,0.0,0.0,46.7,-46.7,-318.393000503232,245.05614297102525,0.00028865869785810183,0.003749425477613388,True
IWM,gamma_gate_break,PUT,DOWN,LOW,midday,unknown,5d,15,6.666666666666667,0.0,20.0,45.23,-38.56333333333333,-275.8294440238212,285.47103429009024,0.002692806454233976,0.022822012147585825,True
IWM,gamma_gate_break,PUT,DOWN,LOW,open,unknown,5m,39,43.58974358974359,28.205128205128204,59.03846153846148,50.36,-6.770256410256408,-1.91821714985583,15.78257285868607,0.3977610406178067,0.7180127545895454,False
IWM,gamma_gate_break,PUT,DOWN,LOW,open,unknown,15m,39,53.84615384615385,38.46153846153847,69.23076923076923,49.43,4.416153846153847,3.009547514203463,26.275072322667036,0.5812133334380398,0.8288185363466082,False
IWM,gamma_gate_break,PUT,DOWN,LOW,open,unknown,30m,39,51.28205128205128,35.8974358974359,66.66666666666666,48.8,2.4820512820512803,2.813483314525201,37.69103035222634,0.7564868690848017,0.909718952975454,False
IWM,gamma_gate_break,PUT,DOWN,LOW,open,unknown,60m,39,56.41025641025641,41.02564102564102,71.7948717948718,48.25,8.160256410256409,6.458136929757898,51.56352076303998,0.30780409172823076,0.6213275162419524,False
IWM,gamma_gate_break,PUT,DOWN,LOW,open,unknown,240m,39,56.41025641025641,41.02564102564102,71.7948717948718,47.72,8.69025641025641,3.1155435825541766,64.86151826356837,0.27723886175575196,0.5916685037275956,False
IWM,gamma_gate_break,PUT,DOWN,LOW,open,unknown,1d,39,20.51282051282051,7.6923076923076925,33.33333333333333,46.7,-26.187179487179492,-200.02705865472126,221.6614088468621,0.0010457325745061308,0.010866525448128925,True
IWM,gamma_gate_break,PUT,DOWN,LOW,open,unknown,5d,39,25.64102564102564,12.82051282051282,41.02564102564102,45.23,-19.588974358974358,-196.54928178103054,354.38585674916703,0.013976281355988052,0.08187086382551824,True
IWM,gamma_gate_break,PUT,DOWN,MID,afternoon,unknown,5m,37,48.64864864864865,32.432432432432435,64.86486486486487,50.36,-1.7113513513513468,-0.3359219450870425,13.021789626626582,0.8350725945436444,0.9361101122030792,False
IWM,gamma_gate_break,PUT,DOWN,MID,afternoon,unknown,15m,37,51.35135135135135,35.13513513513514,67.56756756756756,49.43,1.9213513513513476,2.129917165896173,22.14838206623111,0.8151731134252211,0.933076504351666,False
IWM,gamma_gate_break,PUT,DOWN,MID,afternoon,unknown,30m,37,51.35135135135135,35.13513513513514,67.56756756756756,48.8,2.55135135135135,0.9618547994365761,25.277241363341798,0.7561999826223902,0.909718952975454,False
IWM,gamma_gate_break,PUT,DOWN,MID,afternoon,unknown,60m,37,43.24324324324324,27.027027027027028,59.45945945945946,48.25,-5.006756756756758,-3.4154592294062733,31.347487673485634,0.5422118493948194,0.8068056486568471,False
IWM,gamma_gate_break,PUT,DOWN,MID,afternoon,unknown,1d,37,16.216216216216218,5.405405405405405,29.72972972972973,46.7,-30.483783783783785,-213.49505975017397,249.93410216980394,0.00020190897734151392,0.0027110250328439226,True
IWM,gamma_gate_break,PUT,DOWN,MID,afternoon,unknown,5d,37,32.432432432432435,18.91891891891892,48.64864864864865,45.23,-12.797567567567562,-196.97565688248085,351.63100309387005,0.11781174976351227,0.3546222694392876,False
IWM,gamma_gate_break,PUT,DOWN,MID,midday,negative_gamma,5m,10,50.0,20.0,80.0,50.36,-0.35999999999999943,0.43984333109296764,11.432116482190775,0.9818345445363412,0.9912776535988331,False
IWM,gamma_gate_break,PUT,DOWN,MID,midday,negative_gamma,15m,10,10.0,0.0,30.0,49.43,-39.43,-4.289694716987843,5.967865805669344,0.012633595330259872,0.07586505738522888,True
IWM,gamma_gate_break,PUT,DOWN,MID,midday,negative_gamma,30m,10,60.0,30.0,90.0,48.8,11.200000000000003,7.011697386528288,31.460525576948914,0.4786011113279405,0.7718331012643574,False
IWM,gamma_gate_break,PUT,DOWN,MID,midday,negative_gamma,60m,10,80.0,50.0,100.0,48.25,31.75,15.379416662672025,25.447042579121323,0.0445077260718052,0.18845581279316437,False
IWM,gamma_gate_break,PUT,DOWN,MID,midday,negative_gamma,1d,10,10.0,0.0,30.0,46.7,-36.7,-134.55929654746467,196.96243869214047,0.020008749641842627,0.10350846676191315,False
IWM,gamma_gate_break,PUT,DOWN,MID,midday,negative_gamma,5d,10,20.0,0.0,50.0,45.23,-25.229999999999997,-180.1077087102491,235.88123527003108,0.10893541698517262,0.33724824688414834,False
IWM,gamma_gate_break,PUT,DOWN,MID,midday,unknown,5m,47,48.93617021276596,34.04255319148936,61.702127659574465,50.36,-1.423829787234041,-1.0521699498176023,11.375077849284034,0.8452122953899326,0.9361101122030792,False
IWM,gamma_gate_break,PUT,DOWN,MID,midday,unknown,15m,47,51.06382978723404,36.17021276595745,63.829787234042556,49.43,1.633829787234042,-0.0710400415792673,19.2146010039286,0.822730837931789,0.9354551392278667,False
IWM,gamma_gate_break,PUT,DOWN,MID,midday,unknown,30m,47,38.297872340425535,23.404255319148938,51.06382978723404,48.8,-10.502127659574462,-3.1722605087538276,22.066125642539212,0.14975593497934359,0.4123464108302203,False
IWM,gamma_gate_break,PUT,DOWN,MID,midday,unknown,60m,47,48.93617021276596,36.17021276595745,61.702127659574465,48.25,0.6861702127659584,1.115394439993921,34.71144878159733,0.9249974707846405,0.9713286270541698,False
IWM,gamma_gate_break,PUT,DOWN,MID,midday,unknown,240m,29,41.37931034482759,24.137931034482758,58.620689655172406,47.72,-6.340689655172412,-17.291135599129234,75.93534634884826,0.4942124386078164,0.7863966233506533,False
IWM,gamma_gate_break,PUT,DOWN,MID,midday,unknown,1d,47,14.893617021276595,6.382978723404255,25.53191489361702,46.7,-31.806382978723406,-292.03616908350244,286.3548265242744,1.2390498318914922e-05,0.00027419713872413575,True
IWM,gamma_gate_break,PUT,DOWN,MID,midday,unknown,5d,46,26.08695652173913,13.043478260869565,39.130434782608695,45.23,-19.143043478260868,-332.38205765975147,404.1291380713048,0.00909170384572433,0.060025337544975556,True
IWM,gamma_gate_break,PUT,DOWN,MID,open,negative_gamma,5m,14,50.0,21.428571428571427,71.60714285714269,50.36,-0.35999999999999943,0.03589099878530717,18.709448031819413,0.9785070860209659,0.990106661977184,False
IWM,gamma_gate_break,PUT,DOWN,MID,open,negative_gamma,15m,14,57.14285714285714,28.57142857142857,85.71428571428571,49.43,7.712857142857139,0.880864432116207,27.635636934869424,0.5637943018560838,0.8183864758755142,False
IWM,gamma_gate_break,PUT,DOWN,MID,open,negative_gamma,30m,14,64.28571428571429,42.857142857142854,85.71428571428571,48.8,15.485714285714295,7.588781658284345,27.205403688889163,0.24638337765604956,0.5462488614081247,False
IWM,gamma_gate_break,PUT,DOWN,MID,open,negative_gamma,60m,14,71.42857142857143,42.857142857142854,92.85714285714286,48.25,23.17857142857143,18.93176517359908,44.191015192424146,0.08263656170995248,0.28173957078068373,False
IWM,gamma_gate_break,PUT,DOWN,MID,open,negative_gamma,240m,14,64.28571428571429,35.714285714285715,85.71428571428571,47.72,16.565714285714293,21.617545375469973,54.73472312822703,0.21462222070423675,0.5070830797170559,False
IWM,gamma_gate_break,PUT,DOWN,MID,open,negative_gamma,1d,14,14.285714285714285,0.0,35.714285714285715,46.7,-32.41428571428572,-261.51918629850405,261.5489308190907,0.015058733627223653,0.08660711527755274,True
IWM,gamma_gate_break,PUT,DOWN,MID,open,negative_gamma,5d,14,14.285714285714285,0.0,35.714285714285715,45.23,-30.944285714285712,-247.1278367560819,548.8803093534701,0.020004238249600625,0.10350846676191315,False
IWM,gamma_gate_break,PUT,DOWN,MID,open,unknown,5m,143,53.14685314685315,44.75524475524475,61.53846153846154,50.36,2.7868531468531472,-0.2406194352265255,20.771031410484998,0.5050688113024604,0.7940513917143847,False
IWM,gamma_gate_break,PUT,DOWN,MID,open,unknown,15m,143,56.64335664335665,48.25174825174825,65.03496503496503,49.43,7.213356643356647,1.6440299111790142,33.24982107974504,0.08447412355877248,0.2843565567682623,False
IWM,gamma_gate_break,PUT,DOWN,MID,open,unknown,30m,143,54.54545454545454,46.85314685314685,62.93706293706294,48.8,5.7454545454545425,2.7824314828970396,43.577610933792066,0.16928378440502012,0.4495424941422201,False
IWM,gamma_gate_break,PUT,DOWN,MID,open,unknown,60m,143,46.85314685314685,38.46153846153847,55.24475524475524,48.25,-1.3968531468531467,-0.23618664353740676,58.33299470032946,0.7381656443414921,0.901950863995995,False
IWM,gamma_gate_break,PUT,DOWN,MID,open,unknown,240m,143,45.45454545454545,37.76223776223776,53.84615384615385,47.72,-2.2654545454545456,-5.210000176893947,85.80236213424924,0.5875552941328015,0.8328927360482774,False
IWM,gamma_gate_break,PUT,DOWN,MID,open,unknown,1d,143,19.58041958041958,13.986013986013987,26.573426573426573,46.7,-27.119580419580423,-236.44642083223962,282.155044572151,8.019562791616863e-11,9.583377535982152e-09,True
IWM,gamma_gate_break,PUT,DOWN,MID,open,unknown,5d,143,24.475524475524477,18.181818181818183,31.46853146853147,45.23,-20.75447552447552,-288.7021687654238,387.4978899512598,6.148548479245619e-07,2.0409765090829206e-05,True
IWM,gamma_king_approach,CALL,DOWN,HIGH,midday,unknown,5m,24,45.83333333333333,25.0,66.66666666666666,49.64,-3.806666666666672,-0.7373221775996921,26.783125657283062,0.7091593801909528,0.8911098415648671,False
IWM,gamma_king_approach,CALL,DOWN,HIGH,midday,unknown,15m,24,54.166666666666664,33.33333333333333,75.0,50.57,3.596666666666664,4.7677466923936915,47.926502347473644,0.7245211863828727,0.8974395296531493,False
IWM,gamma_king_approach,CALL,DOWN,HIGH,midday,unknown,30m,24,50.0,29.166666666666668,70.83333333333334,51.2,-1.2000000000000028,2.115548849108492,56.556949504330554,0.9063771691699363,0.9619189317567263,False
IWM,gamma_king_approach,CALL,DOWN,HIGH,midday,unknown,60m,24,50.0,29.166666666666668,70.83333333333334,51.75,-1.75,-12.279124722485108,49.004736202605024,0.8637760655868136,0.9453879447125088,False
IWM,gamma_king_approach,CALL,DOWN,HIGH,midday,unknown,240m,18,55.55555555555556,33.33333333333333,77.77777777777779,52.28,3.275555555555556,-14.971102962819506,126.33170232730693,0.7808361711107876,0.9213305979882629,False
IWM,gamma_king_approach,CALL,DOWN,HIGH,midday,unknown,1d,24,87.5,75.0,100.0,53.3,34.2,440.49291086168387,353.5804651188119,0.0007844496987226002,0.008369798124763458,True
IWM,gamma_king_approach,CALL,DOWN,HIGH,midday,unknown,5d,24,83.33333333333334,66.66666666666666,95.83333333333334,54.77,28.56333333333334,490.1352798766846,444.95584736012506,0.004931927108931422,0.036380573426994134,True
IWM,gamma_king_approach,CALL,DOWN,HIGH,open,unknown,5m,120,54.166666666666664,45.83333333333333,62.5,49.64,4.526666666666664,0.6598797495204595,38.4652802342013,0.3213103770792194,0.6372711430420565,False
IWM,gamma_king_approach,CALL,DOWN,HIGH,open,unknown,15m,120,57.49999999999999,48.333333333333336,65.83333333333333,50.57,6.929999999999993,-5.0056633265847355,74.51164434606484,0.12891722035429165,0.37483230735615214,False
IWM,gamma_king_approach,CALL,DOWN,HIGH,open,unknown,30m,120,52.5,43.333333333333336,61.66666666666667,51.2,1.2999999999999972,-11.642031021549776,90.75289625228422,0.7757224474270259,0.9211290288436982,False
IWM,gamma_king_approach,CALL,DOWN,HIGH,open,unknown,60m,120,44.166666666666664,35.0,53.333333333333336,51.75,-7.583333333333336,-10.145512057736944,92.17549996334466,0.09642385301229028,0.31207924272985427,False
IWM,gamma_king_approach,CALL,DOWN,HIGH,open,unknown,240m,120,59.166666666666664,50.83333333333333,67.5,52.28,6.886666666666663,9.714188931593846,134.39608738924142,0.13095052230415294,0.3777673467720355,False
IWM,gamma_king_approach,CALL,DOWN,HIGH,open,unknown,1d,120,86.66666666666667,80.0,92.5,53.3,33.366666666666674,360.7392761069796,339.0813010304778,2.3669954885008337e-13,9.428532029194987e-11,True
IWM,gamma_king_approach,CALL,DOWN,HIGH,open,unknown,5d,120,80.83333333333333,73.33333333333333,87.5,54.77,26.063333333333325,480.27463477844736,513.253436959403,9.673656986564083e-09,6.422233388302267e-07,True
IWM,gamma_king_approach,CALL,DOWN,LOW,open,unknown,5m,45,55.55555555555556,40.0,68.88888888888889,49.64,5.915555555555557,-0.1879575720571522,20.95518356393718,0.42738428918172344,0.747766069651771,False
IWM,gamma_king_approach,CALL,DOWN,LOW,open,unknown,15m,45,40.0,26.666666666666668,55.55555555555556,50.57,-10.57,-6.2340343197921335,29.319151204669158,0.15613049369200738,0.4222892759239063,False
IWM,gamma_king_approach,CALL,DOWN,LOW,open,unknown,30m,45,40.0,26.666666666666668,53.333333333333336,51.2,-11.200000000000003,-3.116853993095073,34.63537101704776,0.1328208321573643,0.37880881725071675,False
IWM,gamma_king_approach,CALL,DOWN,LOW,open,unknown,60m,45,44.44444444444444,31.11111111111111,57.77777777777777,51.75,-7.305555555555557,-0.04977037767420601,41.608152168040526,0.32671899019041417,0.6421532784170146,False
IWM,gamma_king_approach,CALL,DOWN,LOW,open,unknown,240m,45,53.333333333333336,37.77777777777778,66.66666666666666,52.28,1.0533333333333346,8.550703387377133,51.824695985647715,0.8875013023089968,0.9563246675015791,False
IWM,gamma_king_approach,CALL,DOWN,LOW,open,unknown,1d,45,93.33333333333333,86.66666666666667,100.0,53.3,40.03333333333333,284.88573518858226,264.2428246231458,7.334752094578789e-08,3.2463069455635753e-06,True
IWM,gamma_king_approach,CALL,DOWN,LOW,open,unknown,5d,45,82.22222222222221,71.11111111111111,93.33333333333333,54.77,27.45222222222221,353.4445846235392,415.26000373498067,0.00021561847238671383,0.0028629341611347003,True
IWM,gamma_king_approach,CALL,DOWN,MID,afternoon,unknown,5m,10,50.0,20.0,80.0,49.64,0.35999999999999943,7.985127366724695,26.48519968058164,0.9818345445363414,0.9912776535988331,False
IWM,gamma_king_approach,CALL,DOWN,MID,afternoon,unknown,15m,10,70.0,40.0,100.0,50.57,19.43,12.596773977910006,35.24298268892527,0.21909394356005563,0.5070830797170559,False
IWM,gamma_king_approach,CALL,DOWN,MID,afternoon,unknown,30m,10,60.0,30.0,90.0,51.2,8.799999999999997,11.42409968815885,41.050927028719,0.5777179115540332,0.8272156833463066,False
IWM,gamma_king_approach,CALL,DOWN,MID,afternoon,unknown,1d,10,90.0,70.0,100.0,53.3,36.7,332.39123167896025,265.2885953173807,0.020008749641842627,0.10350846676191315,False
IWM,gamma_king_approach,CALL,DOWN,MID,midday,unknown,5m,20,55.00000000000001,30.0,75.0,49.64,5.3600000000000065,1.380486743875461,9.471789408971215,0.6316360264570462,0.8497387502753074,False
IWM,gamma_king_approach,CALL,DOWN,MID,midday,unknown,15m,20,40.0,20.0,60.0,50.57,-10.57,-1.4676235510515845,14.874664024657692,0.34441847984031027,0.666859019721092,False
IWM,gamma_king_approach,CALL,DOWN,MID,midday,unknown,30m,20,45.0,25.0,65.12499999999989,51.2,-6.200000000000003,-2.1058649384425534,21.708638851428006,0.5790967044154622,0.8272156833463066,False
IWM,gamma_king_approach,CALL,DOWN,MID,midday,unknown,60m,20,55.00000000000001,35.0,75.0,51.75,3.250000000000007,3.2208698279912817,29.16357610680404,0.7711530042872714,0.9172493251994435,False
IWM,gamma_king_approach,CALL,DOWN,MID,midday,unknown,240m,14,64.28571428571429,35.714285714285715,85.89285714285697,52.28,12.00571428571429,5.24569322465962,64.01519467632565,0.3684604453786797,0.6869114387324841,False
IWM,gamma_king_approach,CALL,DOWN,MID,midday,unknown,1d,20,95.0,85.0,100.0,53.3,41.7,378.08215454977255,317.4299157445646,0.00018555527721653142,0.0025487190376293684,True
IWM,gamma_king_approach,CALL,DOWN,MID,midday,unknown,5d,19,89.47368421052632,73.68421052631578,100.0,54.77,34.70368421052631,475.8935020890791,369.4392409915716,0.0023716082678642003,0.020838763824247937,True
IWM,gamma_king_approach,CALL,DOWN,MID,open,negative_gamma,5m,14,42.857142857142854,14.285714285714285,71.42857142857143,49.64,-6.7828571428571465,4.268769699676636,27.112013740633106,0.6117369014333427,0.8412262338467716,False
IWM,gamma_king_approach,CALL,DOWN,MID,open,negative_gamma,15m,14,57.14285714285714,28.57142857142857,78.57142857142857,50.57,6.5728571428571385,4.925322223615603,14.359062004310315,0.6227903534031318,0.8471028939677872,False
IWM,gamma_king_approach,CALL,DOWN,MID,open,negative_gamma,30m,14,57.14285714285714,28.57142857142857,78.57142857142857,51.2,5.942857142857136,12.929291214299306,38.744960223697824,0.6564275495500911,0.8616141274056184,False
IWM,gamma_king_approach,CALL,DOWN,MID,open,negative_gamma,60m,14,42.857142857142854,14.285714285714285,71.42857142857143,51.75,-8.892857142857146,-0.4702981368938696,39.96206212814045,0.5054823882025259,0.7940513917143847,False
IWM,gamma_king_approach,CALL,DOWN,MID,open,negative_gamma,240m,14,50.0,21.428571428571427,78.57142857142857,52.28,-2.280000000000001,-5.206005680192955,85.99659268314606,0.8643831964210498,0.9453879447125088,False
IWM,gamma_king_approach,CALL,DOWN,MID,open,negative_gamma,1d,14,50.0,21.428571428571427,71.42857142857143,53.3,-3.299999999999997,112.00593301111543,248.52457717009318,0.804529798183254,0.9276214246023474,False
IWM,gamma_king_approach,CALL,DOWN,MID,open,negative_gamma,5d,14,50.0,28.57142857142857,78.57142857142857,54.77,-4.770000000000003,13.475282685870708,234.65499517889847,0.7199021016416285,0.8970625771238228,False
IWM,gamma_king_approach,CALL,DOWN,MID,open,unknown,5m,92,50.0,39.130434782608695,59.78260869565217,49.64,0.35999999999999943,1.1811775915684495,23.981645729755062,0.9449404562047821,0.9810632885879361,False
IWM,gamma_king_approach,CALL,DOWN,MID,open,unknown,15m,92,43.47826086956522,33.69565217391305,53.2608695652174,50.57,-7.091739130434782,-4.155459915520807,33.01011557305709,0.17366547492702966,0.45611042316000094,False
IWM,gamma_king_approach,CALL,DOWN,MID,open,unknown,30m,92,51.08695652173913,40.21739130434783,61.95652173913043,51.2,-0.11304347826087024,-3.447502114951253,45.84833721250009,0.9826938470177335,0.9912776535988331,False
IWM,gamma_king_approach,CALL,DOWN,MID,open,unknown,60m,92,47.82608695652174,38.04347826086957,57.608695652173914,51.75,-3.923913043478258,-3.135278636658735,69.3782870469914,0.45133063446957156,0.7636155425437854,False
IWM,gamma_king_approach,CALL,DOWN,MID,open,unknown,240m,92,52.17391304347826,41.30434782608695,61.95652173913043,52.28,-0.10608695652174305,-5.474584464868763,99.27811775802775,0.9837464617086307,0.9912776535988331,False
IWM,gamma_king_approach,CALL,DOWN,MID,open,unknown,1d,92,78.26086956521739,69.56521739130434,85.86956521739131,53.3,24.960869565217394,220.05890868384924,260.3085323754705,1.5962851060979943e-06,4.891181286633598e-05,True
IWM,gamma_king_approach,CALL,DOWN,MID,open,unknown,5d,91,70.32967032967034,60.43956043956044,79.12087912087912,54.77,15.559670329670332,257.6371760431095,395.68722442442714,0.0028618717630701784,0.02374956081158933,True
IWM,gamma_king_approach,CALL,UP,HIGH,midday,unknown,5m,21,52.38095238095239,33.33333333333333,76.19047619047619,49.64,2.740952380952386,2.345266952417814,12.107132435215888,0.8016448366644371,0.9276214246023474,False
IWM,gamma_king_approach,CALL,UP,HIGH,midday,unknown,15m,21,47.61904761904761,28.57142857142857,66.66666666666666,50.57,-2.950952380952387,-1.5251112505071536,23.477329577814007,0.7867934403650543,0.9213305979882629,False
IWM,gamma_king_approach,CALL,UP,HIGH,midday,unknown,30m,21,52.38095238095239,28.57142857142857,71.42857142857143,51.2,1.1809523809523839,-4.379862156240001,31.36573879547508,0.9137836934347356,0.9671642916967221,False
IWM,gamma_king_approach,CALL,UP,HIGH,midday,unknown,60m,21,57.14285714285714,33.33333333333333,76.19047619047619,51.75,5.392857142857139,0.775181412116241,59.53813590371598,0.6209061286336306,0.8460465492784363,False
IWM,gamma_king_approach,CALL,UP,HIGH,midday,unknown,240m,13,46.15384615384615,23.076923076923077,69.23076923076923,52.28,-6.126153846153848,-5.309838749460951,39.26841922003864,0.6583276659779256,0.862611360574146,False
IWM,gamma_king_approach,CALL,UP,HIGH,midday,unknown,1d,21,95.23809523809523,85.71428571428571,100.0,53.3,41.93809523809523,416.02385434947365,331.88270576749153,0.0001171144750431452,0.0017067292399580308,True
IWM,gamma_king_approach,CALL,UP,HIGH,midday,unknown,5d,21,80.95238095238095,61.904761904761905,95.23809523809523,54.77,26.182380952380946,321.01944915988383,559.5787061563199,0.015924131288128418,0.08892213499679187,True
IWM,gamma_king_approach,CALL,UP,HIGH,open,unknown,5m,92,46.73913043478261,36.95652173913043,56.52173913043478,49.64,-2.9008695652173913,-6.068792932462438,29.030146927818866,0.5778706712119757,0.8272156833463066,False
IWM,gamma_king_approach,CALL,UP,HIGH,open,unknown,15m,92,48.91304347826087,38.04347826086957,59.78260869565217,50.57,-1.6569565217391329,-7.429364701499339,40.90042980316166,0.7505759417985522,0.9096736819972312,False
IWM,gamma_king_approach,CALL,UP,HIGH,open,unknown,30m,92,50.0,39.130434782608695,59.78260869565217,51.2,-1.2000000000000028,-4.675362095829389,68.0670932603182,0.8178848928578568,0.933622045094426,False
IWM,gamma_king_approach,CALL,UP,HIGH,open,unknown,60m,92,45.65217391304348,35.84239130434783,57.608695652173914,51.75,-6.097826086956523,-0.29896213341025696,77.60401458379891,0.24180665011382274,0.5406690895567712,False
IWM,gamma_king_approach,CALL,UP,HIGH,open,unknown,240m,91,48.35164835164835,38.46153846153847,58.24175824175825,52.28,-3.9283516483516507,-17.260143835930467,123.71042009416338,0.4530968246799554,0.7636155425437854,False
IWM,gamma_king_approach,CALL,UP,HIGH,open,unknown,1d,92,89.13043478260869,82.6086956521739,94.56521739130434,53.3,35.83043478260869,386.0865728500851,337.6091577040951,5.63882274207117e-12,1.3204367229254406e-09,True
IWM,gamma_king_approach,CALL,UP,HIGH,open,unknown,5d,92,78.26086956521739,69.56521739130434,85.86956521739131,54.77,23.490869565217388,357.50199921881784,524.4479281531591,5.983328783543129e-06,0.00014591995706804162,True
IWM,gamma_king_approach,CALL,UP,LOW,open,negative_gamma,5m,14,35.714285714285715,14.285714285714285,57.14285714285714,49.64,-13.925714285714285,-7.53912814016294,20.36979639149319,0.297350462564828,0.6108795306189786,False
IWM,gamma_king_approach,CALL,UP,LOW,open,negative_gamma,15m,14,42.857142857142854,21.428571428571427,71.42857142857143,50.57,-7.712857142857146,-11.409139625015285,29.466869961734954,0.5637943018560831,0.8183864758755142,False
IWM,gamma_king_approach,CALL,UP,LOW,open,negative_gamma,30m,14,28.57142857142857,7.142857142857142,50.0,51.2,-22.628571428571433,-14.218672917053047,30.929939187856952,0.09029281521036636,0.29806606126073976,False
IWM,gamma_king_approach,CALL,UP,LOW,open,negative_gamma,60m,14,42.857142857142854,21.428571428571427,71.42857142857143,51.75,-8.892857142857146,-5.422951629173797,41.44132622010813,0.5054823882025259,0.7940513917143847,False
IWM,gamma_king_approach,CALL,UP,LOW,open,negative_gamma,240m,14,50.0,21.428571428571427,78.57142857142857,52.28,-2.280000000000001,-6.146441031415713,46.889143595579,0.8643831964210498,0.9453879447125088,False
IWM,gamma_king_approach,CALL,UP,LOW,open,negative_gamma,1d,14,78.57142857142857,57.14285714285714,100.0,53.3,25.271428571428572,314.3725313755696,366.65511493007443,0.058056248914709174,0.22525070601648528,False
IWM,gamma_king_approach,CALL,UP,LOW,open,negative_gamma,5d,14,92.85714285714286,78.57142857142857,100.0,54.77,38.08714285714286,354.7380651772185,377.13087000852033,0.004193328423053755,0.03191737239203336,True
IWM,gamma_king_approach,CALL,UP,LOW,open,unknown,5m,19,63.1578947368421,42.10526315789473,84.21052631578947,49.64,13.517894736842102,3.007569344715476,18.958535226962216,0.23860000633890754,0.5380564294292826,False
IWM,gamma_king_approach,CALL,UP,LOW,open,unknown,15m,19,73.68421052631578,52.63157894736842,94.73684210526315,50.57,23.11421052631578,16.36680331036792,49.05293275167268,0.04388567630099316,0.1872977970703101,False
IWM,gamma_king_approach,CALL,UP,LOW,open,unknown,30m,19,73.68421052631578,52.63157894736842,89.47368421052632,51.2,22.484210526315778,23.232328766438684,58.80356691861486,0.049914870528117605,0.20219752637661198,False
IWM,gamma_king_approach,CALL,UP,LOW,open,unknown,60m,19,78.94736842105263,57.89473684210527,94.73684210526315,51.75,27.19736842105263,37.04434556192302,73.11419668937697,0.017669828064600157,0.09511461503241976,True
IWM,gamma_king_approach,CALL,UP,LOW,open,unknown,240m,19,57.89473684210527,36.84210526315789,78.94736842105263,52.28,5.614736842105266,41.30436931686998,95.42843424543373,0.6241401904517854,0.8471028939677872,False
IWM,gamma_king_approach,CALL,UP,LOW,open,unknown,1d,19,100.0,100.0,100.0,53.3,46.7,312.8318985215994,226.12832122327288,4.501482276064728e-05,0.0008028763164025895,True
IWM,gamma_king_approach,CALL,UP,LOW,open,unknown,5d,19,84.21052631578947,63.1578947368421,100.0,54.77,29.440526315789462,260.35491550064614,282.42039960269256,0.009928049420558693,0.06310648434876404,True
IWM,gamma_king_approach,CALL,UP,MID,midday,unknown,5m,18,55.55555555555556,33.33333333333333,77.77777777777779,49.64,5.915555555555557,0.7751928643992335,9.535850722326817,0.6156924612720125,0.8436111923408824,False
IWM,gamma_king_approach,CALL,UP,MID,midday,unknown,15m,18,44.44444444444444,22.22222222222222,66.66666666666666,50.57,-6.125555555555557,-3.645373523164958,17.674393937107144,0.6031999104769614,0.8390436175738006,False
IWM,gamma_king_approach,CALL,UP,MID,midday,unknown,30m,18,38.88888888888889,16.666666666666664,61.111111111111114,51.2,-12.31111111111111,-0.4298570443420561,31.512150646320134,0.29605375065385786,0.6103283304575967,False
IWM,gamma_king_approach,CALL,UP,MID,midday,unknown,60m,18,38.88888888888889,16.666666666666664,61.24999999999988,51.75,-12.861111111111107,1.9094140544107998,44.15425062820671,0.2748460667525783,0.5886040318446792,False
IWM,gamma_king_approach,CALL,UP,MID,midday,unknown,240m,15,60.0,33.33333333333333,86.66666666666667,52.28,7.719999999999999,20.346814912491404,59.95551166767402,0.549432107731205,0.8077297325903993,False
IWM,gamma_king_approach,CALL,UP,MID,midday,unknown,1d,18,83.33333333333334,61.111111111111114,100.0,53.3,30.033333333333346,297.26738752992486,311.28414568990826,0.010649892040122122,0.06594104138832091,True
IWM,gamma_king_approach,CALL,UP,MID,midday,unknown,5d,18,72.22222222222221,50.0,94.44444444444444,54.77,17.45222222222221,223.5931934386637,376.7174848344319,0.13684181375388005,0.3870507332843548,False
IWM,gamma_king_approach,CALL,UP,MID,open,negative_gamma,5m,29,44.827586206896555,27.586206896551722,62.06896551724138,49.64,-4.812413793103445,0.1567258630810973,25.447623705641778,0.6042306519026786,0.8390436175738006,False
IWM,gamma_king_approach,CALL,UP,MID,open,negative_gamma,15m,29,51.724137931034484,34.48275862068966,68.96551724137932,50.57,1.1541379310344837,2.0192836511952033,34.103731800982445,0.9010678208398697,0.9590426803013855,False
IWM,gamma_king_approach,CALL,UP,MID,open,negative_gamma,30m,29,37.93103448275862,20.689655172413794,55.172413793103445,51.2,-13.268965517241384,-6.663359301498891,44.42120577691298,0.15285394482529413,0.4189460185005195,False
IWM,gamma_king_approach,CALL,UP,MID,open,negative_gamma,60m,29,65.51724137931035,44.827586206896555,82.75862068965517,51.75,13.767241379310349,8.478410284405147,56.23464623592563,0.13789215936352406,0.3871053706884522,False
IWM,gamma_king_approach,CALL,UP,MID,open,negative_gamma,240m,29,51.724137931034484,34.48275862068966,72.41379310344827,52.28,-0.5558620689655172,16.551993284627848,81.24487101557045,0.9522109737116833,0.9810959818866655,False
IWM,gamma_king_approach,CALL,UP,MID,open,negative_gamma,1d,29,55.172413793103445,37.93103448275862,72.41379310344827,53.3,1.8724137931034477,36.1859075012141,143.27121426140832,0.8398340104731656,0.9361101122030792,False
IWM,gamma_king_approach,CALL,UP,MID,open,negative_gamma,5d,29,65.51724137931035,48.275862068965516,82.75862068965517,54.77,10.747241379310346,72.82809572321712,211.99111686562884,0.24490379597022294,0.5460075301948067,False
IWM,gamma_king_approach,CALL,UP,MID,open,unknown,5m,76,53.94736842105263,42.10526315789473,64.47368421052632,49.64,4.3073684210526295,3.9016722946904245,21.600426659225164,0.4526317045103734,0.7636155425437854,False
IWM,gamma_king_approach,CALL,UP,MID,open,unknown,15m,76,53.94736842105263,42.10526315789473,64.47368421052632,50.57,3.37736842105263,4.240839315402538,32.565207382537075,0.5559266310749504,0.8115087610828376,False
IWM,gamma_king_approach,CALL,UP,MID,open,unknown,30m,76,50.0,38.15789473684211,60.526315789473685,51.2,-1.2000000000000028,2.241707133994525,43.60448974222574,0.8342238617618063,0.9361101122030792,False
IWM,gamma_king_approach,CALL,UP,MID,open,unknown,60m,76,51.31578947368421,39.473684210526315,61.8421052631579,51.75,-0.4342105263157876,4.806355496140499,50.903928254257764,0.939615127471517,0.9780836910526679,False
IWM,gamma_king_approach,CALL,UP,MID,open,unknown,240m,76,56.57894736842105,44.73684210526316,67.10526315789474,52.28,4.298947368421047,14.203017915837156,68.77870217279575,0.4530574284195841,0.7636155425437854,False
IWM,gamma_king_approach,CALL,UP,MID,open,unknown,1d,76,85.52631578947368,77.63157894736842,93.42105263157895,53.3,32.22631578947369,325.15371589900985,292.2545804821632,1.7903464710755657e-08,9.724836513342277e-07,True
IWM,gamma_king_approach,CALL,UP,MID,open,unknown,5d,75,78.66666666666666,69.33333333333334,88.0,54.77,23.896666666666654,336.38939827086125,389.2624872818491,3.2106205885895633e-05,0.0006289658366171358,True
IWM,gamma_king_approach,PUT,DOWN,HIGH,midday,unknown,5m,26,53.84615384615385,34.61538461538461,73.07692307692307,50.36,3.4861538461538473,-3.093248558057223,19.845856356746662,0.722193663932801,0.8974395296531493,False
IWM,gamma_king_approach,PUT,DOWN,HIGH,midday,unknown,15m,26,30.76923076923077,11.538461538461538,50.0,49.43,-18.66076923076923,-17.0349912833275,34.84804740919418,0.05702016647702424,0.2226767939217123,False
IWM,gamma_king_approach,PUT,DOWN,HIGH,midday,unknown,30m,26,46.15384615384615,26.923076923076923,65.38461538461539,48.8,-2.646153846153844,-13.260693033160816,38.20922307976789,0.787211372643887,0.9213305979882629,False
IWM,gamma_king_approach,PUT,DOWN,HIGH,midday,unknown,60m,26,30.76923076923077,11.538461538461538,50.0,48.25,-17.48076923076923,-22.162432383544584,60.08858527750434,0.07445802696531234,0.26411377456199187,False
IWM,gamma_king_approach,PUT,DOWN,HIGH,midday,unknown,240m,17,47.05882352941176,23.52941176470588,70.58823529411765,47.72,-0.6611764705882379,-5.290480162680095,106.95063585165015,0.9564740426659624,0.9819471486132517,False
IWM,gamma_king_approach,PUT,DOWN,HIGH,midday,unknown,1d,26,15.384615384615385,3.8461538461538463,30.76923076923077,46.7,-31.315384615384616,-323.40904903181513,269.5598303701008,0.001371734155835025,0.01354729186961037,True
IWM,gamma_king_approach,PUT,DOWN,HIGH,midday,unknown,5d,26,26.923076923076923,11.538461538461538,42.30769230769231,45.23,-18.306923076923074,-303.846320249222,418.42929878506897,0.06072379269619943,0.23257991112807153,False
IWM,gamma_king_approach,PUT,DOWN,HIGH,open,unknown,5m,97,48.45360824742268,38.144329896907216,58.76288659793815,50.36,-1.9063917525773206,4.415272514361027,31.98698888127706,0.7072697899773401,0.8906084288966506,False
IWM,gamma_king_approach,PUT,DOWN,HIGH,open,unknown,15m,97,50.51546391752577,40.20618556701031,60.824742268041234,49.43,1.0854639175257716,6.239693258160594,52.78809116939769,0.8306831462673463,0.9361101122030792,False
IWM,gamma_king_approach,PUT,DOWN,HIGH,open,unknown,30m,97,50.51546391752577,40.20618556701031,60.824742268041234,48.8,1.7154639175257742,9.12372369883383,60.212774027785386,0.7353597491015929,0.9012696892988266,False
IWM,gamma_king_approach,PUT,DOWN,HIGH,open,unknown,60m,97,54.63917525773196,45.36082474226804,64.94845360824742,48.25,6.3891752577319565,15.284761804098327,81.16885076852215,0.20792447551651305,0.5060483670921244,False
IWM,gamma_king_approach,PUT,DOWN,HIGH,open,unknown,240m,97,56.70103092783505,46.391752577319586,65.97938144329896,47.72,8.98103092783505,19.23531934987957,112.21408522688165,0.07657732273217643,0.26757280896184454,False
IWM,gamma_king_approach,PUT,DOWN,HIGH,open,unknown,1d,97,14.432989690721648,7.216494845360824,22.68041237113402,46.7,-32.267010309278355,-352.7505739851759,352.0057838882995,1.8933365986129047e-10,1.8854476961186844e-08,True
IWM,gamma_king_approach,PUT,DOWN,HIGH,open,unknown,5d,97,17.525773195876287,10.309278350515463,24.742268041237114,45.23,-27.70422680412371,-417.212895085819,456.6652787748904,4.202980230516573e-08,2.0927339064447104e-06,True
IWM,gamma_king_approach,PUT,DOWN,LOW,open,unknown,5m,32,37.5,21.875,53.125,50.36,-12.86,-7.401035962630216,17.41009906318284,0.14567462498096195,0.402035050467089,False
IWM,gamma_king_approach,PUT,DOWN,LOW,open,unknown,15m,32,43.75,28.125,62.5,49.43,-5.68,-6.106101128008907,37.283544041988755,0.5204444790349319,0.7993973681834761,False
IWM,gamma_king_approach,PUT,DOWN,LOW,open,unknown,30m,32,53.125,37.5,68.75,48.8,4.325000000000003,-2.1641145695171415,37.79598343659374,0.6245168615779251,0.8471028939677872,False
IWM,gamma_king_approach,PUT,DOWN,LOW,open,unknown,60m,32,50.0,31.25,65.625,48.25,1.75,0.9490104602145655,48.00782939856527,0.8429580003066963,0.9361101122030792,False
IWM,gamma_king_approach,PUT,DOWN,LOW,open,unknown,240m,32,46.875,28.125,62.57812499999993,47.72,-0.8449999999999989,-17.49416611285169,55.29864698151365,0.9237585340302792,0.9708807811487983,False
IWM,gamma_king_approach,PUT,DOWN,LOW,open,unknown,1d,32,12.5,3.125,25.0,46.7,-34.2,-218.50194564644713,165.0218629675145,0.00010542989473449893,0.0016152400539452079,True
IWM,gamma_king_approach,PUT,DOWN,LOW,open,unknown,5d,32,9.375,0.0,18.82812499999993,45.23,-35.855,-370.04434040626904,365.4976274239451,4.599127471882625e-05,0.0008082290189558436,True
IWM,gamma_king_approach,PUT,DOWN,MID,midday,unknown,5m,10,20.0,0.0,50.0,50.36,-30.36,-15.132610748159502,16.813382425845074,0.05483456503907114,0.21626173340491753,False
IWM,gamma_king_approach,PUT,DOWN,MID,midday,unknown,15m,10,20.0,0.0,50.0,49.43,-29.43,-17.35197822200137,28.50336386420672,0.06268240622081045,0.23704264377806483,False
IWM,gamma_king_approach,PUT,DOWN,MID,midday,unknown,30m,10,20.0,0.0,50.0,48.8,-28.799999999999997,-14.007478230856023,40.08348542572923,0.06845547986095513,0.25016605025639566,False
IWM,gamma_king_approach,PUT,DOWN,MID,midday,unknown,60m,10,50.0,20.0,80.0,48.25,1.75,-7.414967211234618,47.362555575346256,0.9118165211508915,0.9659758357937194,False
IWM,gamma_king_approach,PUT,DOWN,MID,midday,unknown,1d,10,30.0,0.0,60.0,46.7,-16.700000000000003,-223.77528059055004,274.12479618671705,0.28982359266969704,0.6052497691851616,False
IWM,gamma_king_approach,PUT,DOWN,MID,open,unknown,5m,81,48.148148148148145,38.24074074074074,58.0246913580247,50.36,-2.211851851851854,0.48908178107038924,20.8703558932849,0.6905242978283059,0.880657989226068,False
IWM,gamma_king_approach,PUT,DOWN,MID,open,unknown,15m,81,55.55555555555556,44.44444444444444,66.66666666666666,49.43,6.125555555555557,2.529532871517796,34.47501356167782,0.27016978081748944,0.5817169154538737,False
IWM,gamma_king_approach,PUT,DOWN,MID,open,unknown,30m,81,61.72839506172839,51.85185185185185,72.8395061728395,48.8,12.928395061728395,7.102032589649852,46.09620844589211,0.0199237031315731,0.10350846676191315,False
IWM,gamma_king_approach,PUT,DOWN,MID,open,unknown,60m,81,60.49382716049383,50.586419753086425,70.37037037037037,48.25,12.24382716049383,7.604778941811557,56.75773015847504,0.02743725681066933,0.1303933919537658,False
IWM,gamma_king_approach,PUT,DOWN,MID,open,unknown,240m,81,49.382716049382715,38.2716049382716,59.25925925925925,47.72,1.6627160493827162,7.93885670088282,85.39921160700077,0.7644818724765876,0.9162931368821383,False
IWM,gamma_king_approach,PUT,DOWN,MID,open,unknown,1d,81,29.629629629629626,19.753086419753085,39.50617283950617,46.7,-17.070370370370377,-159.0917397212602,239.75653794862995,0.002074313048507026,0.01849853800720818,True
IWM,gamma_king_approach,PUT,DOWN,MID,open,unknown,5d,79,27.848101265822784,17.72151898734177,38.006329113924025,45.23,-17.381898734177213,-165.19798530898152,279.964174274933,0.0019090311149141392,0.01741444413986562,True
IWM,gamma_king_approach,PUT,UP,HIGH,afternoon,unknown,5m,11,45.45454545454545,18.181818181818183,72.72727272727273,50.36,-4.905454545454546,-1.1908085769381735,19.520670187683173,0.7448787508859711,0.9064461377889362,False
IWM,gamma_king_approach,PUT,UP,HIGH,afternoon,unknown,15m,11,45.45454545454545,18.181818181818183,72.72727272727273,49.43,-3.9754545454545465,-3.4768033482479126,34.59534436170554,0.7919964854029349,0.9239711723880115,False
IWM,gamma_king_approach,PUT,UP,HIGH,afternoon,unknown,30m,11,54.54545454545454,27.27272727272727,81.81818181818183,48.8,5.7454545454545425,3.251985712789571,30.829353270308733,0.7030399009070483,0.8890292926813997,False
IWM,gamma_king_approach,PUT,UP,HIGH,afternoon,unknown,60m,11,63.63636363636363,36.36363636363637,90.9090909090909,48.25,15.386363636363633,11.649091672178537,37.16067729865719,0.30713998585750346,0.6210360120130569,False
IWM,gamma_king_approach,PUT,UP,HIGH,afternoon,unknown,1d,11,9.090909090909092,0.0,27.27272727272727,46.7,-37.60909090909091,-407.3385578801903,283.03385869043086,0.012413857699893782,0.07492201995642965,True
IWM,gamma_king_approach,PUT,UP,HIGH,afternoon,unknown,5d,11,9.090909090909092,0.0,27.27272727272727,45.23,-36.1390909090909,-435.8595059013334,411.6311582870129,0.016032284857078194,0.08910967629864393,True
IWM,gamma_king_approach,PUT,UP,HIGH,close,unknown,5m,10,40.0,10.0,70.0,50.36,-10.36,-4.967707164169209,23.268948547860873,0.5123126552399917,0.7940513917143847,False
IWM,gamma_king_approach,PUT,UP,HIGH,close,unknown,1d,11,0.0,0.0,0.0,46.7,-46.7,-367.9703576063925,257.2125426105885,0.0019060316537427013,0.01741444413986562,True
IWM,gamma_king_approach,PUT,UP,HIGH,close,unknown,5d,11,18.181818181818183,0.0,45.45454545454545,45.23,-27.048181818181813,-459.68156465325717,416.2133479991835,0.07148342394423657,0.2572972638956708,False
IWM,gamma_king_approach,PUT,UP,HIGH,midday,unknown,5m,25,56.00000000000001,36.0,76.0,50.36,5.640000000000008,0.8840788121678442,18.862702183789967,0.5727441827721578,0.8256083213663794,False
IWM,gamma_king_approach,PUT,UP,HIGH,midday,unknown,15m,25,40.0,20.0,60.0,49.43,-9.43,2.992928802099284,38.83075758034003,0.34564955828363253,0.666859019721092,False
IWM,gamma_king_approach,PUT,UP,HIGH,midday,unknown,30m,25,32.0,12.0,48.0,48.8,-16.799999999999997,-16.044453993884996,44.0866423018179,0.0928631752203748,0.30318811405283147,False
IWM,gamma_king_approach,PUT,UP,HIGH,midday,unknown,60m,25,40.0,20.0,60.0,48.25,-8.25,-7.673923723379221,57.21525267462087,0.4090845041282438,0.7296357946764945,False
IWM,gamma_king_approach,PUT,UP,HIGH,midday,unknown,240m,25,48.0,28.000000000000004,68.0,47.72,0.28000000000000114,7.083519715903178,111.12526297403372,0.9776388967393086,0.9900665098334522,False
IWM,gamma_king_approach,PUT,UP,HIGH,midday,unknown,1d,25,8.0,0.0,20.0,46.7,-38.7,-405.4097412244401,327.46041412174526,0.00010512131977491457,0.0016152400539452079,True
IWM,gamma_king_approach,PUT,UP,HIGH,midday,unknown,5d,25,8.0,0.0,20.0,45.23,-37.23,-379.13946812482567,365.8370604724483,0.0001839775517038511,0.0025487190376293684,True
IWM,gamma_king_approach,PUT,UP,HIGH,open,unknown,5m,88,48.86363636363637,38.60795454545455,60.22727272727273,50.36,-1.4963636363636326,-1.054861704461371,28.2698029389597,0.7789021709283963,0.9213305979882629,False
IWM,gamma_king_approach,PUT,UP,HIGH,open,unknown,15m,88,51.13636363636363,40.909090909090914,61.36363636363637,49.43,1.7063636363636334,3.495767892734075,42.16061511385026,0.7488447694099838,0.9084969537511987,False
IWM,gamma_king_approach,PUT,UP,HIGH,open,unknown,30m,88,57.95454545454546,47.72727272727273,69.31818181818183,48.8,9.154545454545463,4.418080636748357,60.34707250360808,0.08578934912811742,0.28716602859411855,False
IWM,gamma_king_approach,PUT,UP,HIGH,open,unknown,60m,88,47.72727272727273,37.5,59.09090909090909,48.25,-0.5227272727272734,2.72689026396472,84.05059325339442,0.9218271172673391,0.9697037017028788,False
IWM,gamma_king_approach,PUT,UP,HIGH,open,unknown,240m,88,48.86363636363637,38.63636363636363,59.09090909090909,47.72,1.143636363636368,-2.3823682180470187,125.05199707688327,0.8299321190662063,0.9361101122030792,False
IWM,gamma_king_approach,PUT,UP,HIGH,open,unknown,1d,88,11.363636363636363,4.545454545454546,18.181818181818183,46.7,-35.33636363636364,-375.86886219667815,349.94690891422675,3.0491831282120074e-11,5.2053911974476415e-09,True
IWM,gamma_king_approach,PUT,UP,HIGH,open,unknown,5d,88,21.59090909090909,12.5,29.545454545454547,45.23,-23.639090909090907,-395.7971738726653,546.5040663861088,8.373394943417267e-06,0.00019620013641928694,True
IWM,gamma_king_approach,PUT,UP,LOW,open,unknown,5m,18,50.0,27.77777777777778,72.22222222222221,50.36,-0.35999999999999943,2.497624267549127,23.829656167461174,0.9756301684698889,0.9899465049543078,False
IWM,gamma_king_approach,PUT,UP,LOW,open,unknown,15m,18,61.111111111111114,38.88888888888889,83.33333333333334,49.43,11.681111111111115,1.9407127396218304,39.17426356813172,0.32156861862289543,0.6372711430420565,False
IWM,gamma_king_approach,PUT,UP,LOW,open,unknown,30m,18,55.55555555555556,33.33333333333333,77.77777777777779,48.8,6.75555555555556,6.464684256358428,44.97993711246448,0.5663785894003002,0.8203908052525559,False
IWM,gamma_king_approach,PUT,UP,LOW,open,unknown,60m,18,55.55555555555556,33.33333333333333,77.77777777777779,48.25,7.305555555555557,1.997798099968029,48.99399525149968,0.5350754472493562,0.8068056486568471,False
IWM,gamma_king_approach,PUT,UP,LOW,open,unknown,240m,18,38.88888888888889,16.666666666666664,61.24999999999988,47.72,-8.831111111111106,-12.07681668283172,70.63465053601068,0.45317947091686195,0.7636155425437854,False
IWM,gamma_king_approach,PUT,UP,LOW,open,unknown,1d,18,0.0,0.0,0.0,46.7,-46.7,-332.8133103709114,246.41698062638855,7.148590766847818e-05,0.0011544008062679921,True
IWM,gamma_king_approach,PUT,UP,LOW,open,unknown,5d,18,11.11111111111111,0.0,27.77777777777778,45.23,-34.11888888888889,-374.05155870808056,293.70395937407517,0.0036334300746141412,0.02837875123636535,True
IWM,gamma_king_approach,PUT,UP,MID,midday,unknown,5m,11,72.72727272727273,45.45454545454545,100.0,50.36,22.367272727272734,1.9848386101762896,9.152799089308578,0.13788441702740473,0.3871053706884522,False
IWM,gamma_king_approach,PUT,UP,MID,midday,unknown,15m,11,63.63636363636363,36.36363636363637,90.9090909090909,49.43,14.206363636363633,5.1307330383286835,20.398971696237115,0.3459854328260059,0.666859019721092,False
IWM,gamma_king_approach,PUT,UP,MID,midday,unknown,30m,11,45.45454545454545,18.181818181818183,72.72727272727273,48.8,-3.345454545454544,-3.2200286280252355,17.943955161564464,0.8243323423120039,0.9361101122030792,False
IWM,gamma_king_approach,PUT,UP,MID,midday,unknown,60m,11,63.63636363636363,36.36363636363637,90.9090909090909,48.25,15.386363636363633,1.3474601745443815,29.093662724730454,0.30713998585750346,0.6210360120130569,False
IWM,gamma_king_approach,PUT,UP,MID,midday,unknown,1d,11,9.090909090909092,0.0,27.27272727272727,46.7,-37.60909090909091,-274.9753896543529,165.8151121916435,0.012413857699893782,0.07492201995642965,True
IWM,gamma_king_approach,PUT,UP,MID,midday,unknown,5d,11,18.181818181818183,0.0,36.36363636363637,45.23,-27.048181818181813,-258.4523955559887,262.2785289009881,0.07148342394423657,0.2572972638956708,False
IWM,gamma_king_approach,PUT,UP,MID,open,negative_gamma,5m,30,63.33333333333333,46.666666666666664,80.0,50.36,12.97333333333333,1.7296198126266271,23.224519476955297,0.15526028120799018,0.4216728091898824,False
IWM,gamma_king_approach,PUT,UP,MID,open,negative_gamma,15m,30,70.0,53.333333333333336,86.66666666666667,49.43,20.57,8.336721611654657,34.496989203755305,0.02422908698300419,0.11866294649463117,False
IWM,gamma_king_approach,PUT,UP,MID,open,negative_gamma,30m,30,66.66666666666666,50.0,83.33333333333334,48.8,17.86666666666666,8.865460312566245,40.40299213574321,0.05025827641059455,0.20251439488938872,False
IWM,gamma_king_approach,PUT,UP,MID,open,negative_gamma,60m,30,53.333333333333336,36.666666666666664,70.0,48.25,5.083333333333336,9.467075439002908,48.76008872083311,0.5773958096744949,0.8272156833463066,False
IWM,gamma_king_approach,PUT,UP,MID,open,negative_gamma,240m,30,46.666666666666664,30.0,63.33333333333333,47.72,-1.0533333333333346,-1.685518412281048,65.57656174520551,0.9080432420633731,0.9628320091089003,False
IWM,gamma_king_approach,PUT,UP,MID,open,negative_gamma,1d,30,40.0,23.333333333333332,56.666666666666664,46.7,-6.700000000000003,-21.007574436122518,157.0418923939757,0.4620033784595454,0.7636155425437854,False
IWM,gamma_king_approach,PUT,UP,MID,open,negative_gamma,5d,30,43.333333333333336,26.666666666666668,60.0,45.23,-1.8966666666666612,-27.96127945579612,199.71395024255895,0.8346657349437878,0.9361101122030792,False
IWM,gamma_king_approach,PUT,UP,MID,open,unknown,5m,60,51.66666666666667,38.333333333333336,65.0,50.36,1.306666666666672,1.788050012738363,20.167315976526087,0.8395780940039426,0.9361101122030792,False
IWM,gamma_king_approach,PUT,UP,MID,open,unknown,15m,60,50.0,36.666666666666664,63.33333333333333,49.43,0.5700000000000003,-1.4166945634561299,36.78892408676108,0.9296304828220123,0.9737259635884248,False
IWM,gamma_king_approach,PUT,UP,MID,open,unknown,30m,60,50.0,38.333333333333336,63.33333333333333,48.8,1.2000000000000028,-1.3975944085624639,43.81701270854812,0.8524786672923037,0.9380486901111641,False
IWM,gamma_king_approach,PUT,UP,MID,open,unknown,60m,60,50.0,38.333333333333336,63.33333333333333,48.25,1.75,-0.1698345780069877,56.604984855126,0.7861795012807182,0.9213305979882629,False
IWM,gamma_king_approach,PUT,UP,MID,open,unknown,240m,60,51.66666666666667,40.0,65.0,47.72,3.9466666666666725,-0.07173256837426471,86.98777897221035,0.540503592087676,0.8068056486568471,False
IWM,gamma_king_approach,PUT,UP,MID,open,unknown,1d,59,16.94915254237288,8.47457627118644,27.11864406779661,46.7,-29.750847457627124,-295.67211716997843,274.42073086937233,4.640899050611935e-06,0.00011553904928085963,True
IWM,gamma_king_approach,PUT,UP,MID,open,unknown,5d,59,16.94915254237288,8.43220338983051,27.11864406779661,45.23,-28.280847457627118,-334.868588205112,345.96051677357286,1.2741816664441075e-05,0.0002766177752341297,True
QQQ,gamma_flip_cross,CALL,UP,MID,open,positive_gamma,5m,18,22.22222222222222,5.555555555555555,44.44444444444444,50.45,-28.22777777777778,-3.755198648204897,7.398352511006541,0.01660661820985232,0.09061602173869188,True
QQQ,gamma_flip_cross,CALL,UP,MID,open,positive_gamma,15m,18,44.44444444444444,22.22222222222222,66.66666666666666,51.65,-7.205555555555556,-2.7544592719031176,14.433843192229201,0.5407065836608276,0.8068056486568471,False
QQQ,gamma_flip_cross,CALL,UP,MID,open,positive_gamma,30m,18,33.33333333333333,11.11111111111111,55.55555555555556,52.41,-19.076666666666668,-2.0813712447203567,15.869504831075952,0.10510507234999511,0.33099206706349954,False
QQQ,gamma_flip_cross,CALL,UP,MID,open,positive_gamma,60m,18,38.88888888888889,16.666666666666664,61.111111111111114,53.38,-14.49111111111111,-0.554661654350229,25.17414656584011,0.21778822656348296,0.5070830797170559,False
QQQ,gamma_flip_cross,CALL,UP,MID,open,positive_gamma,240m,17,35.294117647058826,11.76470588235294,58.82352941176471,54.66,-19.36588235294117,-18.603747530716912,50.06533330102482,0.10872885809574795,0.33724824688414834,False
QQQ,gamma_flip_cross,CALL,UP,MID,open,positive_gamma,1d,18,44.44444444444444,22.22222222222222,66.66666666666666,56.7,-12.25555555555556,16.269097442152983,82.67892414232868,0.2940021531375061,0.6078418217981311,False
QQQ,gamma_flip_cross,CALL,UP,MID,open,positive_gamma,5d,18,44.44444444444444,22.22222222222222,66.66666666666666,60.99,-16.54555555555556,-13.181928670796982,208.81136469300333,0.15011342294748298,0.4123805526948095,False
QQQ,gamma_gate_break,CALL,UP,HIGH,afternoon,negative_gamma,5m,10,50.0,20.0,80.0,50.45,-0.45000000000000284,0.4322825291762854,7.2318243237031385,0.9772939531701521,0.9900665098334522,False
QQQ,gamma_gate_break,CALL,UP,HIGH,afternoon,negative_gamma,15m,10,70.0,40.0,90.24999999999977,51.65,18.35,3.2111630449381203,10.176434252520405,0.2455653152572883,0.5462057959085551,False
QQQ,gamma_gate_break,CALL,UP,HIGH,afternoon,negative_gamma,30m,10,70.0,40.0,90.24999999999977,52.41,17.590000000000003,8.559833845513257,22.042663400316787,0.26537193698373684,0.5784585387371215,False
QQQ,gamma_gate_break,CALL,UP,HIGH,afternoon,negative_gamma,60m,10,70.0,40.0,90.24999999999977,53.38,16.619999999999997,10.696460465824126,19.706809246116862,0.2920884925619349,0.6070360845417604,False
QQQ,gamma_gate_break,CALL,UP,HIGH,afternoon,negative_gamma,1d,10,100.0,100.0,100.0,56.7,43.3,218.4422470092767,173.79057062975926,0.005719295376159561,0.040681892705420684,True
QQQ,gamma_gate_break,CALL,UP,HIGH,afternoon,negative_gamma,5d,10,80.0,50.0,100.0,60.99,19.009999999999998,145.7179996706416,245.0064657944645,0.21778578405792892,0.5070830797170559,False
QQQ,gamma_gate_break,CALL,UP,HIGH,afternoon,unknown,5m,28,39.285714285714285,21.428571428571427,57.14285714285714,50.45,-11.164285714285718,0.7181950803657402,15.070738057305773,0.23737842857945513,0.5372485268038805,False
QQQ,gamma_gate_break,CALL,UP,HIGH,afternoon,unknown,15m,28,53.57142857142857,35.714285714285715,71.42857142857143,51.65,1.9214285714285708,0.683090482825825,29.026467177449447,0.8387788691050437,0.9361101122030792,False
QQQ,gamma_gate_break,CALL,UP,HIGH,afternoon,unknown,30m,28,53.57142857142857,32.142857142857146,71.42857142857143,52.41,1.1614285714285728,1.698753445546495,54.257729274013755,0.9020619018064915,0.9590426803013855,False
QQQ,gamma_gate_break,CALL,UP,HIGH,afternoon,unknown,60m,28,57.14285714285714,35.714285714285715,75.0,53.38,3.7628571428571362,-1.0522827835499058,75.38090835810033,0.6897927088115581,0.880657989226068,False
QQQ,gamma_gate_break,CALL,UP,HIGH,afternoon,unknown,1d,28,92.85714285714286,82.14285714285714,100.0,56.7,36.15714285714286,244.12142930373142,212.22243914058535,0.00011276849383778931,0.0016844793767019778,True
QQQ,gamma_gate_break,CALL,UP,HIGH,afternoon,unknown,5d,28,85.71428571428571,71.42857142857143,96.42857142857143,60.99,24.724285714285706,357.12282193470213,412.8759054343589,0.007314739021679673,0.0493848199486283,True
QQQ,gamma_gate_break,CALL,UP,HIGH,close,unknown,5m,17,29.411764705882355,5.88235294117647,52.94117647058824,50.45,-21.038235294117648,-4.123787717740404,13.20758655129276,0.08275363125022595,0.28173957078068373,False
QQQ,gamma_gate_break,CALL,UP,HIGH,close,unknown,15m,16,31.25,12.5,56.25,51.65,-20.4,-13.066936121578356,28.037696491127576,0.10249227033575936,0.3257400613064692,False
QQQ,gamma_gate_break,CALL,UP,HIGH,close,unknown,30m,10,50.0,20.0,80.0,52.41,-2.4099999999999966,-17.820022156235773,48.09666361341144,0.8787143965188515,0.9537363340963011,False
QQQ,gamma_gate_break,CALL,UP,HIGH,close,unknown,1d,17,94.11764705882352,82.35294117647058,100.0,56.7,37.41764705882352,310.8670555094184,243.50718058719238,0.0018480801857188034,0.01731819617725644,True
QQQ,gamma_gate_break,CALL,UP,HIGH,close,unknown,5d,17,70.58823529411765,47.05882352941176,94.11764705882352,60.99,9.59823529411765,316.95888083286286,527.4451655670838,0.41717508573752093,0.738182621389924,False
QQQ,gamma_gate_break,CALL,UP,HIGH,midday,negative_gamma,5m,16,56.25,31.25,81.25,50.45,5.799999999999997,-1.639057140948509,23.147339231287425,0.6426342812432129,0.8564592433000917,False
QQQ,gamma_gate_break,CALL,UP,HIGH,midday,negative_gamma,15m,16,37.5,12.5,62.5,51.65,-14.149999999999999,-13.523649577377581,44.92512695238984,0.25737517775691066,0.5653737820211548,False
QQQ,gamma_gate_break,CALL,UP,HIGH,midday,negative_gamma,30m,16,56.25,31.25,81.25,52.41,3.8400000000000034,-11.256989743617352,50.56289833356399,0.7584190844288157,0.9108651315501857,False
QQQ,gamma_gate_break,CALL,UP,HIGH,midday,negative_gamma,60m,16,43.75,18.75,68.75,53.38,-9.630000000000003,-14.322172180707817,65.02587782012588,0.44001592203873763,0.7576643037986908,False
QQQ,gamma_gate_break,CALL,UP,HIGH,midday,negative_gamma,240m,12,41.66666666666667,16.666666666666664,66.66666666666666,54.66,-12.993333333333325,-30.837743713294653,92.75062445254659,0.36592122766364765,0.6853853715643557,False
QQQ,gamma_gate_break,CALL,UP,HIGH,midday,negative_gamma,1d,16,87.5,68.75,100.0,56.7,30.799999999999997,177.34714352585905,178.5092668423734,0.012903404200754531,0.07709784009950832,True
QQQ,gamma_gate_break,CALL,UP,HIGH,midday,negative_gamma,5d,16,75.0,56.25,93.75,60.99,14.009999999999998,207.96605136773965,266.313541799573,0.2505987391772351,0.5545657283644368,False
QQQ,gamma_gate_break,CALL,UP,HIGH,midday,unknown,5m,49,40.816326530612244,26.53061224489796,53.06122448979592,50.45,-9.633673469387759,-1.4647900242137701,14.567393079367688,0.17741120309764846,0.4639089446426475,False
QQQ,gamma_gate_break,CALL,UP,HIGH,midday,unknown,15m,49,51.02040816326531,36.734693877551024,63.26530612244898,51.65,-0.62959183673469,0.30378882476795804,21.26119463485126,0.9297249577024207,0.9737259635884248,False
QQQ,gamma_gate_break,CALL,UP,HIGH,midday,unknown,30m,49,51.02040816326531,36.734693877551024,65.3061224489796,52.41,-1.389591836734688,0.6012797716757851,34.94276288626473,0.8455736067207671,0.9361101122030792,False
QQQ,gamma_gate_break,CALL,UP,HIGH,midday,unknown,60m,49,48.97959183673469,34.69387755102041,63.26530612244898,53.38,-4.400408163265311,-2.5281847693188624,45.904185837849255,0.5369250253125764,0.8068056486568471,False
QQQ,gamma_gate_break,CALL,UP,HIGH,midday,unknown,240m,34,47.05882352941176,32.35294117647059,64.70588235294117,54.66,-7.601176470588236,-8.025238312201262,103.2384763846118,0.37329565551163,0.6919498395515289,False
QQQ,gamma_gate_break,CALL,UP,HIGH,midday,unknown,1d,49,89.79591836734694,79.59183673469387,97.95918367346938,56.7,33.09591836734694,307.6386401011745,238.33192113166808,2.9310080520428272e-06,8.339415767121854e-05,True
QQQ,gamma_gate_break,CALL,UP,HIGH,midday,unknown,5d,49,73.46938775510205,61.224489795918366,85.71428571428571,60.99,12.479387755102046,305.7069564603855,445.22888077616693,0.07330756272202121,0.26307068304148756,False
QQQ,gamma_gate_break,CALL,UP,HIGH,open,negative_gamma,5m,38,52.63157894736842,36.84210526315789,65.85526315789468,50.45,2.181578947368415,-1.850954144276736,19.02100823419083,0.7879496829656942,0.9213305979882629,False
QQQ,gamma_gate_break,CALL,UP,HIGH,open,negative_gamma,15m,38,50.0,34.21052631578947,65.78947368421053,51.65,-1.6499999999999986,-4.405900113879694,31.55401913361073,0.8387157058145445,0.9361101122030792,False
QQQ,gamma_gate_break,CALL,UP,HIGH,open,negative_gamma,30m,38,55.26315789473685,39.473684210526315,71.05263157894737,52.41,2.853157894736853,-2.678107302437328,44.19259458156919,0.7247105825232545,0.8974395296531493,False
QQQ,gamma_gate_break,CALL,UP,HIGH,open,negative_gamma,60m,38,57.89473684210527,42.10526315789473,73.68421052631578,53.38,4.514736842105265,5.737102569179563,47.54504111507212,0.5769192872655426,0.8272156833463066,False
QQQ,gamma_gate_break,CALL,UP,HIGH,open,negative_gamma,240m,38,44.73684210526316,28.947368421052634,60.526315789473685,54.66,-9.923157894736839,-16.412296180725342,86.66639818813198,0.21916279684798567,0.5070830797170559,False
QQQ,gamma_gate_break,CALL,UP,HIGH,open,negative_gamma,1d,38,78.94736842105263,65.78947368421053,92.10526315789474,56.7,22.247368421052627,171.82015263175964,197.145225907227,0.005643578745100131,0.04062696747225697,True
QQQ,gamma_gate_break,CALL,UP,HIGH,open,negative_gamma,5d,38,76.31578947368422,63.1578947368421,89.47368421052632,60.99,15.325789473684218,180.25812860946212,290.5501870015536,0.05276293263882348,0.210875265897639,False
QQQ,gamma_gate_break,CALL,UP,HIGH,open,unknown,5m,112,57.14285714285714,48.214285714285715,66.07142857142857,50.45,6.692857142857136,0.42960844469130904,18.255789785442023,0.15657995241679012,0.4222892759239063,False
QQQ,gamma_gate_break,CALL,UP,HIGH,open,unknown,15m,112,48.214285714285715,39.263392857142854,58.03571428571429,51.65,-3.4357142857142833,0.3558291775516645,37.5607240754592,0.4668585221583037,0.7664342244339385,False
QQQ,gamma_gate_break,CALL,UP,HIGH,open,unknown,30m,112,50.0,41.07142857142857,58.92857142857143,52.41,-2.4099999999999966,-3.8620297471509097,55.16607445197044,0.6095650411797551,0.8412262338467716,False
QQQ,gamma_gate_break,CALL,UP,HIGH,open,unknown,60m,112,50.0,41.04910714285714,59.82142857142857,53.38,-3.3800000000000026,-6.5029951830957415,74.94971705628515,0.4733423775470651,0.7706323449165432,False
QQQ,gamma_gate_break,CALL,UP,HIGH,open,unknown,240m,112,44.642857142857146,35.714285714285715,54.46428571428571,54.66,-10.01714285714285,-23.047527249840957,118.99158791154144,0.03321305155129117,0.1503393810749733,False
QQQ,gamma_gate_break,CALL,UP,HIGH,open,unknown,1d,112,76.78571428571429,68.75,84.82142857142857,56.7,20.08571428571429,250.63262389897105,292.6215455876248,1.786451286700519e-05,0.0003618320826452746,True
QQQ,gamma_gate_break,CALL,UP,HIGH,open,unknown,5d,112,75.0,66.96428571428571,83.03571428571429,60.99,14.009999999999998,223.05654831167004,482.5413031025272,0.0023681868976530573,0.020838763824247937,True
QQQ,gamma_gate_break,CALL,UP,LOW,afternoon,negative_gamma,5m,14,42.857142857142854,21.428571428571427,71.42857142857143,50.45,-7.592857142857149,0.2772919357281165,12.878697741642304,0.5698853117964084,0.8234739390528514,False
QQQ,gamma_gate_break,CALL,UP,LOW,afternoon,negative_gamma,15m,14,57.14285714285714,28.57142857142857,78.57142857142857,51.65,5.49285714285714,-2.5716144899098823,17.528707611726134,0.6808732535485473,0.8762174527487437,False
QQQ,gamma_gate_break,CALL,UP,LOW,afternoon,negative_gamma,30m,14,57.14285714285714,35.714285714285715,78.57142857142857,52.41,4.732857142857142,-1.015254537383113,18.642132352273553,0.7228992171841435,0.8974395296531493,False
QQQ,gamma_gate_break,CALL,UP,LOW,afternoon,negative_gamma,60m,14,42.857142857142854,21.428571428571427,64.28571428571429,53.38,-10.522857142857148,-3.0562460086508376,25.7464877564896,0.429957745287884,0.7484096026057194,False
QQQ,gamma_gate_break,CALL,UP,LOW,afternoon,negative_gamma,1d,14,92.85714285714286,78.57142857142857,100.0,56.7,36.15714285714286,401.6655620447167,252.48867827483656,0.006326190076097582,0.04395230895893378,True
QQQ,gamma_gate_break,CALL,UP,LOW,afternoon,negative_gamma,5d,14,85.71428571428571,64.28571428571429,100.0,60.99,24.724285714285706,363.7989602541344,303.3533211053936,0.057883788453823026,0.22525070601648528,False
QQQ,gamma_gate_break,CALL,UP,LOW,afternoon,unknown,5m,10,20.0,0.0,50.0,50.45,-30.450000000000003,-1.881785726235495,11.970735986668016,0.05411622505825986,0.21413539385635938,False
QQQ,gamma_gate_break,CALL,UP,LOW,afternoon,unknown,15m,10,30.0,0.0,60.0,51.65,-21.65,-3.358821495883241,17.043630241604912,0.17068303033624987,0.45116856986317816,False
QQQ,gamma_gate_break,CALL,UP,LOW,afternoon,unknown,30m,10,40.0,10.0,70.0,52.41,-12.409999999999997,-7.440504608018936,29.33126853261367,0.43199015330583235,0.7484096026057194,False
QQQ,gamma_gate_break,CALL,UP,LOW,afternoon,unknown,60m,10,30.0,10.0,60.0,53.38,-23.380000000000003,-9.078193777465586,22.520916694179032,0.13832133329202434,0.3871053706884522,False
QQQ,gamma_gate_break,CALL,UP,LOW,afternoon,unknown,1d,10,90.0,70.0,100.0,56.7,33.3,339.3341983325866,273.4250248803326,0.03356627582782701,0.15079586321147848,False
QQQ,gamma_gate_break,CALL,UP,LOW,afternoon,unknown,5d,10,80.0,50.0,100.0,60.99,19.009999999999998,389.04161073775754,417.94119940566844,0.21778578405792892,0.5070830797170559,False
QQQ,gamma_gate_break,CALL,UP,LOW,midday,negative_gamma,5m,24,41.66666666666667,25.0,62.5,50.45,-8.783333333333331,-2.2821419251397352,5.024522160687729,0.38944612616353025,0.7083533040569538,False
QQQ,gamma_gate_break,CALL,UP,LOW,midday,negative_gamma,15m,24,29.166666666666668,12.5,45.9374999999999,51.65,-22.48333333333333,-3.333459700993594,8.806376039733795,0.027516732855949577,0.1303933919537658,False
QQQ,gamma_gate_break,CALL,UP,LOW,midday,negative_gamma,30m,24,50.0,29.166666666666668,70.83333333333334,52.41,-2.4099999999999966,-1.6522324960903638,13.656663699652306,0.8131179633118992,0.933076504351666,False
QQQ,gamma_gate_break,CALL,UP,LOW,midday,negative_gamma,60m,24,45.83333333333333,25.0,66.66666666666666,53.38,-7.546666666666674,-1.2480965047124013,16.263351002084274,0.4586239575457913,0.7636155425437854,False
QQQ,gamma_gate_break,CALL,UP,LOW,midday,negative_gamma,240m,16,31.25,12.5,56.25,54.66,-23.409999999999997,-5.889203260523954,27.552743257167972,0.05997366404585103,0.23057086189875434,False
QQQ,gamma_gate_break,CALL,UP,LOW,midday,negative_gamma,1d,24,95.83333333333334,87.5,100.0,56.7,39.13333333333334,333.41854126065573,262.22681666570617,0.00010920977806505583,0.001651970693515718,True
QQQ,gamma_gate_break,CALL,UP,LOW,midday,negative_gamma,5d,24,91.66666666666666,79.16666666666666,100.0,60.99,30.676666666666655,415.56424229783653,267.7119769254748,0.0020628306550960485,0.01849853800720818,True
QQQ,gamma_gate_break,CALL,UP,LOW,midday,unknown,5m,29,48.275862068965516,31.03448275862069,65.51724137931035,50.45,-2.174137931034487,0.9297442801337068,7.67533483139063,0.8148519905795084,0.933076504351666,False
QQQ,gamma_gate_break,CALL,UP,LOW,midday,unknown,15m,29,58.620689655172406,37.93103448275862,75.86206896551724,51.65,6.970689655172407,3.367616599303378,10.97689733443566,0.4525471158223031,0.7636155425437854,False
QQQ,gamma_gate_break,CALL,UP,LOW,midday,unknown,30m,29,65.51724137931035,48.275862068965516,82.75862068965517,52.41,13.107241379310352,6.556976841626311,15.591979136500798,0.15755700845826937,0.42310252833175704,False
QQQ,gamma_gate_break,CALL,UP,LOW,midday,unknown,60m,29,58.620689655172406,41.37931034482759,75.86206896551724,53.38,5.240689655172403,5.609955349179975,17.995419925878153,0.5715748473477986,0.8249178050490572,False
QQQ,gamma_gate_break,CALL,UP,LOW,midday,unknown,240m,21,57.14285714285714,38.095238095238095,80.95238095238095,54.66,2.482857142857142,7.275438987994722,41.8000299812405,0.8192168156594939,0.9341260445735641,False
QQQ,gamma_gate_break,CALL,UP,LOW,midday,unknown,1d,29,100.0,100.0,100.0,56.7,43.3,510.8611601546643,188.91657931618667,2.5263129652675076e-06,7.363278032913833e-05,True
QQQ,gamma_gate_break,CALL,UP,LOW,midday,unknown,5d,29,100.0,100.0,100.0,60.99,39.01,553.236054624127,190.18901113580034,1.6561132349268703e-05,0.00034720268697151056,True
QQQ,gamma_gate_break,CALL,UP,LOW,open,negative_gamma,5m,41,51.21951219512195,34.146341463414636,65.85365853658537,50.45,0.7695121951219477,-0.07866018645114313,9.693720339192959,0.9214958606369319,0.9697037017028788,False
QQQ,gamma_gate_break,CALL,UP,LOW,open,negative_gamma,15m,41,53.65853658536586,39.02439024390244,68.29268292682927,51.65,2.00853658536586,0.13847566345960277,17.08495140533939,0.7969021477559088,0.9272619927636914,False
QQQ,gamma_gate_break,CALL,UP,LOW,open,negative_gamma,30m,41,53.65853658536586,36.58536585365854,68.29268292682927,52.41,1.248536585365862,1.506488217188622,28.594876655833495,0.8728206127174694,0.951661160764029,False
QQQ,gamma_gate_break,CALL,UP,LOW,open,negative_gamma,60m,41,43.90243902439025,29.268292682926827,58.536585365853654,53.38,-9.477560975609755,-1.5519317410377864,32.151229918456956,0.22379346278418222,0.5142945923598033,False
QQQ,gamma_gate_break,CALL,UP,LOW,open,negative_gamma,240m,40,45.0,30.0,60.0,54.66,-9.659999999999997,-2.5472326421542753,35.5941732218153,0.21973022429023858,0.5070830797170559,False
QQQ,gamma_gate_break,CALL,UP,LOW,open,negative_gamma,1d,41,92.6829268292683,85.36585365853658,100.0,56.7,35.982926829268294,313.35360220003014,243.8217486265813,3.319353125030844e-06,9.01506132820877e-05,True
QQQ,gamma_gate_break,CALL,UP,LOW,open,negative_gamma,5d,41,87.8048780487805,78.04878048780488,95.1219512195122,60.99,26.814878048780493,347.9723427310298,285.423990313209,0.00043144395806304914,0.005278261794740806,True
QQQ,gamma_gate_break,CALL,UP,LOW,open,unknown,5m,51,72.54901960784314,60.78431372549019,84.31372549019608,50.45,22.099019607843132,5.0273569127207995,11.579741861552126,0.0015967533732799133,0.015513173016825173,True
QQQ,gamma_gate_break,CALL,UP,LOW,open,unknown,15m,51,56.86274509803921,43.13725490196079,70.58823529411765,51.65,5.212745098039214,5.523282580903531,18.593854852257508,0.4563112280452535,0.7636155425437854,False
QQQ,gamma_gate_break,CALL,UP,LOW,open,unknown,30m,51,68.62745098039215,56.86274509803921,80.3921568627451,52.41,16.217450980392158,9.74483066150593,23.31841398165081,0.020394456974627717,0.10459818062094473,False
QQQ,gamma_gate_break,CALL,UP,LOW,open,unknown,60m,51,76.47058823529412,64.70588235294117,88.23529411764706,53.38,23.090588235294113,16.959488601078164,31.26128802909727,0.0009478778322877801,0.00993608780336752,True
QQQ,gamma_gate_break,CALL,UP,LOW,open,unknown,240m,51,72.54901960784314,60.78431372549019,84.31372549019608,54.66,17.88901960784314,29.96653061223691,46.81486606804667,0.010280979248526334,0.06500407514279878,True
QQQ,gamma_gate_break,CALL,UP,LOW,open,unknown,1d,51,96.07843137254902,90.19607843137256,100.0,56.7,39.37843137254902,488.79926348414153,225.0105858601904,1.382430325769235e-08,7.866686853782076e-07,True
QQQ,gamma_gate_break,CALL,UP,LOW,open,unknown,5d,51,98.0392156862745,94.11764705882352,100.0,60.99,37.0492156862745,560.9788375026324,239.26221361422012,5.8169427941123786e-08,2.673556399601651e-06,True
QQQ,gamma_gate_break,CALL,UP,MID,afternoon,negative_gamma,5m,20,65.0,45.0,85.0,50.45,14.549999999999997,5.01151125800983,8.620212832540973,0.19310642787473142,0.4899409369645521,False
QQQ,gamma_gate_break,CALL,UP,MID,afternoon,negative_gamma,15m,20,65.0,45.0,85.0,51.65,13.350000000000001,3.15955652057691,18.082095721827805,0.2321999642503314,0.528556361016448,False
QQQ,gamma_gate_break,CALL,UP,MID,afternoon,negative_gamma,30m,19,63.1578947368421,42.10526315789473,84.21052631578947,52.41,10.747894736842106,1.1824350964791244,30.807288966147972,0.3482084096283149,0.6682961346321324,False
QQQ,gamma_gate_break,CALL,UP,MID,afternoon,negative_gamma,60m,19,52.63157894736842,31.57894736842105,73.68421052631578,53.38,-0.7484210526315849,-4.093333523801796,51.081232276396754,0.9478591654032609,0.9810959818866655,False
QQQ,gamma_gate_break,CALL,UP,MID,afternoon,negative_gamma,1d,20,75.0,55.00000000000001,90.0,56.7,18.299999999999997,93.9342018615631,227.46405154076731,0.09859615617422834,0.3159396952624906,False
QQQ,gamma_gate_break,CALL,UP,MID,afternoon,negative_gamma,5d,16,50.0,25.0,75.0,60.99,-10.990000000000002,82.86438946191966,285.67928782531385,0.36746080141489346,0.6869114387324841,False
QQQ,gamma_gate_break,CALL,UP,MID,afternoon,unknown,5m,21,47.61904761904761,28.57142857142857,66.66666666666666,50.45,-2.8309523809523895,-0.612223207162085,9.736749235548855,0.7952714069576936,0.9262664047899063,False
QQQ,gamma_gate_break,CALL,UP,MID,afternoon,unknown,15m,21,42.857142857142854,23.809523809523807,62.02380952380942,51.65,-8.792857142857144,-2.5541503160298693,17.140421001299835,0.4200596133042165,0.7414641623316671,False
QQQ,gamma_gate_break,CALL,UP,MID,afternoon,unknown,30m,21,42.857142857142854,23.809523809523807,61.904761904761905,52.41,-9.552857142857142,1.9369706509734517,21.569832333779367,0.38072967685370185,0.7021172281484163,False
QQQ,gamma_gate_break,CALL,UP,MID,afternoon,unknown,60m,21,57.14285714285714,37.97619047619048,76.19047619047619,53.38,3.7628571428571362,2.020529101791845,31.066913116839974,0.7295965538451585,0.8988328678814067,False
QQQ,gamma_gate_break,CALL,UP,MID,afternoon,unknown,1d,21,90.47619047619048,76.19047619047619,100.0,56.7,33.77619047619048,303.5745182474729,239.1090101922375,0.0017852471859356456,0.01720459989671852,True
QQQ,gamma_gate_break,CALL,UP,MID,afternoon,unknown,5d,21,85.71428571428571,66.66666666666666,100.0,60.99,24.724285714285706,379.95214155856166,387.6859415154136,0.02018866539907327,0.10398903082712309,False
QQQ,gamma_gate_break,CALL,UP,MID,close,unknown,1d,10,70.0,40.0,100.0,56.7,13.299999999999997,214.57794095394365,270.298517867187,0.3959808510355156,0.7165402754852869,False
QQQ,gamma_gate_break,CALL,UP,MID,close,unknown,5d,10,90.0,70.0,100.0,60.99,29.009999999999998,282.6355253787897,316.459370274616,0.06000630799206075,0.23057086189875434,False
QQQ,gamma_gate_break,CALL,UP,MID,midday,negative_gamma,5m,50,57.99999999999999,44.0,72.0,50.45,7.54999999999999,-0.6404009117710284,10.648901519973226,0.28562224993620866,0.6020842017325172,False
QQQ,gamma_gate_break,CALL,UP,MID,midday,negative_gamma,15m,50,56.00000000000001,42.0,70.0,51.65,4.3500000000000085,-1.851719153906729,18.702550418017108,0.5382125929772656,0.8068056486568471,False
QQQ,gamma_gate_break,CALL,UP,MID,midday,negative_gamma,30m,50,52.0,38.0,66.0,52.41,-0.4099999999999966,-2.601306261395733,22.656748526903563,0.9537086201319855,0.9810959818866655,False
QQQ,gamma_gate_break,CALL,UP,MID,midday,negative_gamma,60m,50,52.0,38.0,66.0,53.38,-1.3800000000000026,-3.5282920833593545,35.08417581281791,0.8449162730732429,0.9361101122030792,False
QQQ,gamma_gate_break,CALL,UP,MID,midday,negative_gamma,240m,41,46.34146341463415,31.70731707317073,60.97560975609756,54.66,-8.318536585365848,-17.232201537826175,72.78264863448646,0.2846420318812801,0.6020304922090792,False
QQQ,gamma_gate_break,CALL,UP,MID,midday,negative_gamma,1d,50,66.0,52.0,80.0,56.7,9.299999999999997,97.21916296369025,202.64977631908,0.18444647382761903,0.4773967774165794,False
QQQ,gamma_gate_break,CALL,UP,MID,midday,negative_gamma,5d,50,64.0,50.0,78.0,60.99,3.009999999999998,109.83433123051235,316.5100863746281,0.6625833744341647,0.8653411283593736,False
QQQ,gamma_gate_break,CALL,UP,MID,midday,positive_gamma,5m,16,37.5,12.5,62.5,50.45,-12.950000000000003,-0.5996955839652012,16.280251213279367,0.3001825672123588,0.6134105746425906,False
QQQ,gamma_gate_break,CALL,UP,MID,midday,positive_gamma,15m,16,43.75,18.75,68.75,51.65,-7.899999999999999,-2.8454963759156175,26.561948280544158,0.5271618532350937,0.802387865012751,False
QQQ,gamma_gate_break,CALL,UP,MID,midday,positive_gamma,30m,16,50.0,25.0,75.0,52.41,-2.4099999999999966,-1.1683124844002215,32.79311921222935,0.8469398971016284,0.9361101122030792,False
QQQ,gamma_gate_break,CALL,UP,MID,midday,positive_gamma,60m,16,62.5,37.5,87.5,53.38,9.119999999999997,7.291284807921928,39.1885841479095,0.4646125508963417,0.7658096528567288,False
QQQ,gamma_gate_break,CALL,UP,MID,midday,positive_gamma,240m,10,80.0,50.0,100.0,54.66,25.340000000000003,26.588609414782894,45.3822373127493,0.10747462210243719,0.33620987804296454,False
QQQ,gamma_gate_break,CALL,UP,MID,midday,positive_gamma,1d,16,81.25,62.34375000000001,100.0,56.7,24.549999999999997,101.08056679826005,141.94817152399327,0.04749335994178172,0.19570539700147985,False
QQQ,gamma_gate_break,CALL,UP,MID,midday,positive_gamma,5d,16,81.25,62.5,100.0,60.99,20.259999999999998,139.5639587830646,367.3567624331742,0.09662704586614734,0.31207924272985427,False
QQQ,gamma_gate_break,CALL,UP,MID,midday,unknown,5m,39,51.28205128205128,35.8974358974359,66.66666666666666,50.45,0.8320512820512747,2.726183827823673,13.202213395097962,0.9172269778943198,0.9671642916967221,False
QQQ,gamma_gate_break,CALL,UP,MID,midday,unknown,15m,39,43.58974358974359,28.205128205128204,58.97435897435898,51.65,-8.060256410256407,-1.133109738153259,24.82793417687285,0.3138029700960523,0.6281315733078434,False
QQQ,gamma_gate_break,CALL,UP,MID,midday,unknown,30m,39,48.717948717948715,33.33333333333333,64.1025641025641,52.41,-3.692051282051281,0.11211198881844237,24.661052739940995,0.6443153637881025,0.8564592433000917,False
QQQ,gamma_gate_break,CALL,UP,MID,midday,unknown,60m,39,56.41025641025641,41.02564102564102,71.7948717948718,53.38,3.0302564102564062,-4.398624057043998,35.767445414643966,0.7044304558500283,0.8897613527351386,False
QQQ,gamma_gate_break,CALL,UP,MID,midday,unknown,240m,30,60.0,43.333333333333336,76.66666666666667,54.66,5.340000000000003,12.002166053044629,52.05036738535709,0.556851200073579,0.8115087610828376,False
QQQ,gamma_gate_break,CALL,UP,MID,midday,unknown,1d,39,94.87179487179486,87.17948717948718,100.0,56.7,38.17179487179486,389.07748122529574,225.54416644323496,1.5014330343454674e-06,4.815608728672851e-05,True
QQQ,gamma_gate_break,CALL,UP,MID,midday,unknown,5d,39,92.3076923076923,84.55128205128206,100.0,60.99,31.317692307692305,471.9029231232932,305.8613707025354,6.081285719039542e-05,0.0010093245047572573,True
QQQ,gamma_gate_break,CALL,UP,MID,open,negative_gamma,5m,105,45.714285714285715,36.19047619047619,55.23809523809524,50.45,-4.7357142857142875,-1.4490322657820456,12.463399026883954,0.33176148891250756,0.6499261954925353,False
QQQ,gamma_gate_break,CALL,UP,MID,open,negative_gamma,15m,105,50.476190476190474,40.0,60.0,51.65,-1.173809523809524,-0.020041885932825472,22.55987436329756,0.8097950337397668,0.9304856397298281,False
QQQ,gamma_gate_break,CALL,UP,MID,open,negative_gamma,30m,105,51.42857142857142,41.904761904761905,60.0,52.41,-0.9814285714285731,-0.6919205503539213,37.641788926352355,0.8404115753873285,0.9361101122030792,False
QQQ,gamma_gate_break,CALL,UP,MID,open,negative_gamma,60m,105,50.476190476190474,40.92857142857142,60.0,53.38,-2.903809523809528,-4.905364084160212,47.37351369543555,0.5508624358173189,0.8077297325903993,False
QQQ,gamma_gate_break,CALL,UP,MID,open,negative_gamma,240m,104,54.807692307692314,45.19230769230769,64.42307692307693,54.66,0.14769230769231712,2.3111357520335174,78.77568684902997,0.9758635839633261,0.9899465049543078,False
QQQ,gamma_gate_break,CALL,UP,MID,open,negative_gamma,1d,104,71.15384615384616,62.5,79.8076923076923,56.7,14.453846153846158,112.03458211076608,207.9675972607027,0.002931348072948925,0.02415835135982045,True
QQQ,gamma_gate_break,CALL,UP,MID,open,negative_gamma,5d,103,69.90291262135922,61.165048543689316,79.6116504854369,60.99,8.912912621359219,154.98848345932214,300.2650004718656,0.06367124187644269,0.23855449420055014,False
QQQ,gamma_gate_break,CALL,UP,MID,open,positive_gamma,5m,43,58.139534883720934,44.18604651162791,72.09302325581395,50.45,7.689534883720931,1.4881660879172713,18.78167495475545,0.3132078223564878,0.6279921941543674,False
QQQ,gamma_gate_break,CALL,UP,MID,open,positive_gamma,15m,43,58.139534883720934,44.18604651162791,74.4186046511628,51.65,6.4895348837209355,-1.8809856080530718,30.528956661399135,0.39445928085337845,0.7163812167473971,False
QQQ,gamma_gate_break,CALL,UP,MID,open,positive_gamma,30m,43,48.837209302325576,34.883720930232556,65.11627906976744,52.41,-3.572790697674421,1.3658144677306066,40.95783893240737,0.6389893287883104,0.855086503809665,False
QQQ,gamma_gate_break,CALL,UP,MID,open,positive_gamma,60m,43,62.7906976744186,46.51162790697674,76.74418604651163,53.38,9.4106976744186,12.187658270923363,56.72398272801335,0.21607552446488265,0.5070830797170559,False
QQQ,gamma_gate_break,CALL,UP,MID,open,positive_gamma,240m,43,72.09302325581395,60.46511627906976,86.04651162790698,54.66,17.43302325581395,32.21610052018089,64.09933665219606,0.021657906359731083,0.10874452983142288,False
QQQ,gamma_gate_break,CALL,UP,MID,open,positive_gamma,1d,43,83.72093023255815,72.09302325581395,93.02325581395348,56.7,27.020930232558143,155.3024369002759,215.27526336807298,0.0003488747785149737,0.004388477477109407,True
QQQ,gamma_gate_break,CALL,UP,MID,open,positive_gamma,5d,43,79.06976744186046,65.11627906976744,90.69767441860465,60.99,18.07976744186046,176.92358803399486,217.03411076995442,0.01507471127843596,0.08660711527755274,True
QQQ,gamma_gate_break,CALL,UP,MID,open,unknown,5m,82,50.0,37.80487804878049,62.19512195121951,50.45,-0.45000000000000284,-1.6795154811678359,14.618083673019783,0.9350429195880996,0.9760715591616336,False
QQQ,gamma_gate_break,CALL,UP,MID,open,unknown,15m,82,52.4390243902439,41.46341463414634,64.63414634146342,51.65,0.7890243902439025,-0.8904281040303272,26.591410449513486,0.8863089251680956,0.9563246675015791,False
QQQ,gamma_gate_break,CALL,UP,MID,open,unknown,30m,82,50.0,37.80487804878049,60.97560975609756,52.41,-2.4099999999999966,-4.3882748836130805,40.40697270759253,0.6621276942292822,0.8653411283593736,False
QQQ,gamma_gate_break,CALL,UP,MID,open,unknown,60m,80,50.0,40.0,61.25000000000001,53.38,-3.3800000000000026,-2.270408802899881,47.33490075228396,0.5445021049699343,0.8072619588898623,False
QQQ,gamma_gate_break,CALL,UP,MID,open,unknown,240m,80,53.75,43.75,65.0,54.66,-0.9099999999999966,5.40980628177623,67.73896967200689,0.8701268309215069,0.9495904684485852,False
QQQ,gamma_gate_break,CALL,UP,MID,open,unknown,1d,83,85.54216867469879,78.28313253012048,92.7710843373494,56.7,28.842168674698783,299.5922395489319,229.4704285462651,1.1383983289370292e-07,4.690986217516379e-06,True
QQQ,gamma_gate_break,CALL,UP,MID,open,unknown,5d,83,84.33734939759037,75.90361445783132,92.7710843373494,60.99,23.34734939759037,355.30299111290407,316.57787180233686,1.2962841349883902e-05,0.0002766177752341297,True
QQQ,gamma_gate_break,PUT,DOWN,HIGH,afternoon,unknown,5m,42,52.38095238095239,38.095238095238095,66.66666666666666,49.55,2.8309523809523895,0.30076902447224463,22.211928491044958,0.7136576362468792,0.8927698099132136,False
QQQ,gamma_gate_break,PUT,DOWN,HIGH,afternoon,unknown,15m,42,64.28571428571429,50.0,78.57142857142857,48.35,15.93571428571429,5.7668620882916075,26.82551471639416,0.03876901010266387,0.1684689711733939,False
QQQ,gamma_gate_break,PUT,DOWN,HIGH,afternoon,unknown,30m,42,61.904761904761905,47.61904761904761,76.19047619047619,47.59,14.314761904761902,1.1733377770539808,55.58995030636446,0.06323092071057435,0.23836261908244902,False
QQQ,gamma_gate_break,PUT,DOWN,HIGH,afternoon,unknown,60m,42,52.38095238095239,35.714285714285715,66.66666666666666,46.62,5.760952380952389,-0.15304549315065946,78.11255884621077,0.4542088092860488,0.7636155425437854,False
QQQ,gamma_gate_break,PUT,DOWN,HIGH,afternoon,unknown,1d,42,11.904761904761903,2.380952380952381,21.428571428571427,43.3,-31.395238095238092,-252.05151300374996,219.909824713119,4.020098595458599e-05,0.0007506277846207852,True
QQQ,gamma_gate_break,PUT,DOWN,HIGH,afternoon,unknown,5d,42,16.666666666666664,7.142857142857142,28.57142857142857,39.01,-22.343333333333334,-348.0161056641793,432.86314549243514,0.002991355575212795,0.024484040495748566,True
QQQ,gamma_gate_break,PUT,DOWN,HIGH,close,unknown,5m,26,53.84615384615385,34.61538461538461,73.07692307692307,49.55,4.2961538461538495,3.6400006370513083,12.879031601231764,0.6612839364147223,0.8653411283593736,False
QQQ,gamma_gate_break,PUT,DOWN,HIGH,close,unknown,15m,20,35.0,15.0,55.00000000000001,48.35,-13.350000000000001,-7.16851947650359,23.906929773580533,0.2321999642503314,0.528556361016448,False
QQQ,gamma_gate_break,PUT,DOWN,HIGH,close,unknown,30m,18,44.44444444444444,22.22222222222222,66.66666666666666,47.59,-3.1455555555555605,-7.959566150771402,35.174710393679945,0.7892999104802647,0.9220072268073473,False
QQQ,gamma_gate_break,PUT,DOWN,HIGH,close,unknown,1d,26,26.923076923076923,11.538461538461538,46.15384615384615,43.3,-16.376923076923074,-238.96066360768285,301.9673543766773,0.09192600287000219,0.30179003689465006,False
QQQ,gamma_gate_break,PUT,DOWN,HIGH,close,unknown,5d,26,26.923076923076923,11.538461538461538,42.40384615384607,39.01,-12.086923076923075,-164.01217452414178,460.50769684044894,0.20639920845166637,0.5043907036804526,False
QQQ,gamma_gate_break,PUT,DOWN,HIGH,midday,unknown,5m,106,45.28301886792453,34.90566037735849,53.77358490566038,49.55,-4.266981132075465,-0.10700884603280832,18.218605194803054,0.37958523122027543,0.7010886418983449,False
QQQ,gamma_gate_break,PUT,DOWN,HIGH,midday,unknown,15m,106,45.28301886792453,35.84905660377358,54.71698113207547,48.35,-3.066981132075469,1.0385472961445659,31.54311974499346,0.5274690722754565,0.802387865012751,False
QQQ,gamma_gate_break,PUT,DOWN,HIGH,midday,unknown,30m,106,47.16981132075472,37.735849056603776,56.60377358490566,47.59,-0.42018867924528536,0.4901797789763303,45.10265340642468,0.9309713216221849,0.9741775213121812,False
QQQ,gamma_gate_break,PUT,DOWN,HIGH,midday,unknown,60m,106,40.56603773584906,31.132075471698112,50.943396226415096,46.62,-6.05396226415094,-5.840073150827442,59.91636370656127,0.2115022746046804,0.5070830797170559,False
QQQ,gamma_gate_break,PUT,DOWN,HIGH,midday,unknown,240m,83,44.57831325301205,33.734939759036145,55.42168674698795,45.34,-0.7616867469879551,-1.4004987357604082,92.87514974509372,0.8891398803180193,0.9565345980911542,False
QQQ,gamma_gate_break,PUT,DOWN,HIGH,midday,unknown,1d,106,16.9811320754717,10.377358490566039,24.528301886792452,43.3,-26.3188679245283,-256.8587535267971,253.73262105538686,4.533302866427391e-08,2.1669187701522928e-06,True
QQQ,gamma_gate_break,PUT,DOWN,HIGH,midday,unknown,5d,106,20.754716981132077,13.20754716981132,28.30188679245283,39.01,-18.25528301886792,-346.5704791147176,416.2256737260112,0.00011657284498456377,0.0017067292399580308,True
QQQ,gamma_gate_break,PUT,DOWN,HIGH,open,negative_gamma,5m,12,16.666666666666664,0.0,41.66666666666667,49.55,-32.88333333333333,-2.9086088600491977,9.840704055235545,0.022707731103684736,0.11259642601204671,False
QQQ,gamma_gate_break,PUT,DOWN,HIGH,open,negative_gamma,15m,12,25.0,0.0,50.0,48.35,-23.35,-8.019252524334346,17.723178193273498,0.10552968832735843,0.33099206706349954,False
QQQ,gamma_gate_break,PUT,DOWN,HIGH,open,negative_gamma,30m,12,25.0,0.0,50.0,47.59,-22.590000000000003,-7.681143237530532,28.447413562142952,0.11713752691070445,0.3543780877425109,False
QQQ,gamma_gate_break,PUT,DOWN,HIGH,open,negative_gamma,60m,12,33.33333333333333,8.333333333333332,66.66666666666666,46.62,-13.286666666666669,-5.7970876451218105,46.623782487434916,0.35619599016760484,0.6724395075044041,False
QQQ,gamma_gate_break,PUT,DOWN,HIGH,open,negative_gamma,240m,12,58.333333333333336,33.33333333333333,83.33333333333334,45.34,12.993333333333332,2.990583644721505,55.43037483705586,0.36592122766364765,0.6853853715643557,False
QQQ,gamma_gate_break,PUT,DOWN,HIGH,open,negative_gamma,1d,12,8.333333333333332,0.0,25.0,43.3,-34.96666666666667,-215.84047695929928,195.3536413843392,0.014500931727994493,0.08452982153635814,True
QQQ,gamma_gate_break,PUT,DOWN,HIGH,open,negative_gamma,5d,12,8.333333333333332,0.0,25.0,39.01,-30.676666666666666,-283.62698331532937,156.9908302540809,0.029359904587104912,0.13651784428634384,False
QQQ,gamma_gate_break,PUT,DOWN,HIGH,open,positive_gamma,5m,13,38.46153846153847,15.384615384615385,69.23076923076923,49.55,-11.08846153846153,-8.631933329084937,32.916427757877145,0.42392362504275294,0.7438894741939643,False
QQQ,gamma_gate_break,PUT,DOWN,HIGH,open,positive_gamma,15m,13,30.76923076923077,7.6923076923076925,53.84615384615385,48.35,-17.58076923076923,-28.157508869701335,42.13978994793989,0.20463438250595267,0.5021315956768243,False
QQQ,gamma_gate_break,PUT,DOWN,HIGH,open,positive_gamma,30m,13,46.15384615384615,23.076923076923077,76.92307692307693,47.59,-1.4361538461538501,-3.5965371227950538,51.641278270481756,0.9174208886385664,0.9671642916967221,False
QQQ,gamma_gate_break,PUT,DOWN,HIGH,open,positive_gamma,60m,13,84.61538461538461,61.53846153846154,100.0,46.62,37.995384615384616,29.505787472316758,35.84787793688225,0.00602958789620911,0.04238445609394051,True
QQQ,gamma_gate_break,PUT,DOWN,HIGH,open,positive_gamma,240m,13,38.46153846153847,15.384615384615385,61.53846153846154,45.34,-6.878461538461536,5.548282730881649,94.86468851063114,0.6183562646645298,0.8436111923408824,False
QQQ,gamma_gate_break,PUT,DOWN,HIGH,open,positive_gamma,1d,13,46.15384615384615,15.384615384615385,76.92307692307693,43.3,2.853846153846156,-22.236763335458853,223.90444353193595,0.8354892598730397,0.9361101122030792,False
QQQ,gamma_gate_break,PUT,DOWN,HIGH,open,positive_gamma,5d,13,30.76923076923077,7.6923076923076925,61.53846153846154,39.01,-8.240769230769228,-186.37823898233518,379.825803208008,0.5424269814526763,0.8068056486568471,False
QQQ,gamma_gate_break,PUT,DOWN,HIGH,open,unknown,5m,162,55.55555555555556,48.148148148148145,62.96296296296296,49.55,6.00555555555556,4.438006691204872,34.638248883814526,0.12630739170010896,0.36994444382752506,False
QQQ,gamma_gate_break,PUT,DOWN,HIGH,open,unknown,15m,162,49.382716049382715,41.9753086419753,56.79012345679012,48.35,1.0327160493827137,0.3432870910699805,55.72912594476564,0.7925275746424367,0.9239711723880115,False
QQQ,gamma_gate_break,PUT,DOWN,HIGH,open,unknown,30m,162,52.46913580246913,45.0462962962963,59.876543209876544,47.59,4.879135802469129,2.3459891214077135,63.745988097115955,0.21369451083640834,0.5070830797170559,False
QQQ,gamma_gate_break,PUT,DOWN,HIGH,open,unknown,60m,162,54.93827160493827,46.913580246913575,62.36111111111109,46.62,8.318271604938275,10.742397072331679,89.94782826942593,0.0338091043785691,0.15131790161943848,False
QQQ,gamma_gate_break,PUT,DOWN,HIGH,open,unknown,240m,162,56.79012345679012,49.382716049382715,64.19753086419753,45.34,11.450123456790116,15.933798412787572,109.4745094323737,0.0034173460672006772,0.026866635199373747,True
QQQ,gamma_gate_break,PUT,DOWN,HIGH,open,unknown,1d,162,19.753086419753085,14.19753086419753,25.941358024691343,43.3,-23.546913580246912,-279.6365546484059,293.2266852804808,1.4609533582898848e-09,1.0911495394727577e-07,True
QQQ,gamma_gate_break,PUT,DOWN,HIGH,open,unknown,5d,162,17.901234567901234,11.728395061728394,24.074074074074073,39.01,-21.108765432098764,-349.95516651235147,398.6589701679887,3.6269513392639396e-08,1.8844377610523513e-06,True
QQQ,gamma_gate_break,PUT,DOWN,LOW,afternoon,unknown,5m,16,37.5,12.5,62.5,49.55,-12.049999999999997,-1.8747077692878151,7.6276958955213905,0.33502635112020407,0.6541772705696794,False
QQQ,gamma_gate_break,PUT,DOWN,LOW,afternoon,unknown,15m,16,50.0,25.0,75.0,48.35,1.6499999999999986,0.7188168928914047,15.886149298266197,0.8949273958282933,0.9583548646962886,False
QQQ,gamma_gate_break,PUT,DOWN,LOW,afternoon,unknown,30m,16,56.25,31.25,81.25,47.59,8.659999999999997,0.5532993737399572,23.922460687092524,0.4879292199863865,0.7822906002539772,False
QQQ,gamma_gate_break,PUT,DOWN,LOW,afternoon,unknown,60m,16,50.0,25.0,75.0,46.62,3.3800000000000026,-0.6795590301038494,35.47979985449513,0.7863756829088022,0.9213305979882629,False
QQQ,gamma_gate_break,PUT,DOWN,LOW,afternoon,unknown,1d,16,0.0,0.0,0.0,43.3,-43.3,-307.3384361721935,213.9970764654136,0.0004731301640350516,0.0055979261982365015,True
QQQ,gamma_gate_break,PUT,DOWN,LOW,afternoon,unknown,5d,16,31.25,6.25,56.25,39.01,-7.759999999999998,-177.75655360111472,345.7061612678001,0.5245403283446102,0.8015673815496281,False
QQQ,gamma_gate_break,PUT,DOWN,LOW,midday,negative_gamma,5m,14,64.28571428571429,35.714285714285715,85.71428571428571,49.55,14.735714285714295,1.7631353963887604,6.207653184526938,0.27012942788541583,0.5817169154538737,False
QQQ,gamma_gate_break,PUT,DOWN,LOW,midday,negative_gamma,15m,14,64.28571428571429,35.714285714285715,85.71428571428571,48.35,15.93571428571429,6.599947412247665,22.655984122115655,0.23280298950792866,0.5288965255931078,False
QQQ,gamma_gate_break,PUT,DOWN,LOW,midday,negative_gamma,30m,14,64.28571428571429,42.857142857142854,92.85714285714286,47.59,16.69571428571429,5.029916636043347,21.638598201931558,0.2109904104200111,0.5070830797170559,False
QQQ,gamma_gate_break,PUT,DOWN,LOW,midday,negative_gamma,60m,14,57.14285714285714,28.57142857142857,85.71428571428571,46.62,10.522857142857141,8.821168243965866,30.174515984810704,0.4299577452878842,0.7484096026057194,False
QQQ,gamma_gate_break,PUT,DOWN,LOW,midday,negative_gamma,240m,11,54.54545454545454,27.27272727272727,81.81818181818183,45.34,9.205454545454536,26.718663167794215,72.27739367139287,0.5396844871434621,0.8068056486568471,False
QQQ,gamma_gate_break,PUT,DOWN,LOW,midday,negative_gamma,1d,14,21.428571428571427,0.0,42.857142857142854,43.3,-21.87142857142857,-267.2655513556473,244.7561769163232,0.09861548647105356,0.3159396952624906,False
QQQ,gamma_gate_break,PUT,DOWN,LOW,midday,negative_gamma,5d,14,28.57142857142857,7.142857142857142,57.14285714285714,39.01,-10.438571428571429,-257.3535820055187,331.60702425227316,0.4232861631945197,0.7438631838491927,False
QQQ,gamma_gate_break,PUT,DOWN,LOW,midday,unknown,5m,36,47.22222222222222,33.33333333333333,63.888888888888886,49.55,-2.3277777777777757,0.21885140229877345,6.545184236371637,0.7799803460393093,0.9213305979882629,False
QQQ,gamma_gate_break,PUT,DOWN,LOW,midday,unknown,15m,36,41.66666666666667,25.0,55.55555555555556,48.35,-6.68333333333333,-1.0949481056440176,13.430254166607574,0.4223001908217898,0.7438631838491927,False
QQQ,gamma_gate_break,PUT,DOWN,LOW,midday,unknown,30m,36,41.66666666666667,25.0,58.333333333333336,47.59,-5.923333333333332,-4.51951349980526,16.2104081908321,0.4766957080471039,0.7718331012643574,False
QQQ,gamma_gate_break,PUT,DOWN,LOW,midday,unknown,60m,36,38.88888888888889,22.22222222222222,55.55555555555556,46.62,-7.731111111111105,-9.514135782815133,21.144996420393166,0.3524433761172703,0.6694862074818858,False
QQQ,gamma_gate_break,PUT,DOWN,LOW,midday,unknown,240m,24,29.166666666666668,12.5,50.0,45.34,-16.173333333333336,-13.539199685681723,52.17619420305271,0.11147818923828035,0.3415806054865257,False
QQQ,gamma_gate_break,PUT,DOWN,LOW,midday,unknown,1d,36,0.0,0.0,0.0,43.3,-43.3,-389.1648042168591,202.22976835790334,1.5774048311989475e-07,5.8906211665085695e-06,True
QQQ,gamma_gate_break,PUT,DOWN,LOW,midday,unknown,5d,36,5.555555555555555,0.0,13.88888888888889,39.01,-33.45444444444444,-449.0148960597351,265.9632262787591,3.86894160568918e-05,0.0007338706696505667,True
QQQ,gamma_gate_break,PUT,DOWN,LOW,open,negative_gamma,5m,26,50.0,30.76923076923077,69.23076923076923,49.55,0.45000000000000284,3.4351707788305434,14.142256975900292,0.963395506130331,0.9873564578265398,False
QQQ,gamma_gate_break,PUT,DOWN,LOW,open,negative_gamma,15m,25,52.0,32.0,72.0,48.35,3.6499999999999986,4.484607090199919,19.716744382364915,0.7149629356376113,0.8927698099132136,False
QQQ,gamma_gate_break,PUT,DOWN,LOW,open,negative_gamma,30m,25,56.00000000000001,36.0,76.0,47.59,8.410000000000004,5.793093106536563,21.709475977039183,0.39979991647002433,0.7206046759904662,False
QQQ,gamma_gate_break,PUT,DOWN,LOW,open,negative_gamma,60m,25,52.0,32.0,72.0,46.62,5.380000000000003,2.11647385223392,24.278863592857792,0.5897257514903889,0.8349789964822448,False
QQQ,gamma_gate_break,PUT,DOWN,LOW,open,negative_gamma,240m,24,45.83333333333333,25.0,66.66666666666666,45.34,0.4933333333333252,2.8709034595451874,47.67813177883257,0.9612795852835267,0.9860335660204416,False
QQQ,gamma_gate_break,PUT,DOWN,LOW,open,negative_gamma,1d,26,3.8461538461538463,0.0,11.538461538461538,43.3,-39.45384615384615,-365.392474321502,241.4955932509855,4.904421527007763e-05,0.0008493889456194604,True
QQQ,gamma_gate_break,PUT,DOWN,LOW,open,negative_gamma,5d,26,7.6923076923076925,0.0,19.230769230769234,39.01,-31.317692307692305,-367.3694255395099,271.46507293024246,0.0010609190003250113,0.010929294874037833,True
QQQ,gamma_gate_break,PUT,DOWN,LOW,open,unknown,5m,53,47.16981132075472,33.9622641509434,60.37735849056604,49.55,-2.380188679245279,-2.0709968526446136,18.56643529383594,0.7289108260482717,0.8988328678814067,False
QQQ,gamma_gate_break,PUT,DOWN,LOW,open,unknown,15m,53,39.62264150943396,26.41509433962264,52.83018867924528,48.35,-8.72735849056604,-3.423308520251438,27.40453315690012,0.20358103087730361,0.5016068698935625,False
QQQ,gamma_gate_break,PUT,DOWN,LOW,open,unknown,30m,53,45.28301886792453,32.075471698113205,58.490566037735846,47.59,-2.306981132075471,-4.079406659327331,31.086454842004066,0.7366503848340435,0.9012696892988266,False
QQQ,gamma_gate_break,PUT,DOWN,LOW,open,unknown,60m,53,47.16981132075472,33.9622641509434,60.37735849056604,46.62,0.5498113207547206,-3.944609898957121,48.569190119497655,0.9360485412545876,0.9760715591616336,False
QQQ,gamma_gate_break,PUT,DOWN,LOW,open,unknown,240m,53,43.39622641509434,30.18867924528302,56.60377358490566,45.34,-1.9437735849056637,-6.241622017120203,67.47484258577636,0.776215005895903,0.9211290288436982,False
QQQ,gamma_gate_break,PUT,DOWN,LOW,open,unknown,1d,53,1.8867924528301887,0.0,5.660377358490567,43.3,-41.41320754716981,-387.1982753073785,203.49944853444052,1.1668763733041487e-09,9.296115107323051e-08,True
QQQ,gamma_gate_break,PUT,DOWN,LOW,open,unknown,5d,53,11.320754716981133,3.7735849056603774,20.754716981132077,39.01,-27.689245283018863,-412.85765194289115,315.7764952075991,3.585580194132021e-05,0.0006910916664496395,True
QQQ,gamma_gate_break,PUT,DOWN,MID,afternoon,negative_gamma,5m,19,57.89473684210527,36.84210526315789,78.94736842105263,49.55,8.34473684210527,2.798264344038581,15.646322985854086,0.4669155777304663,0.7664342244339385,False
QQQ,gamma_gate_break,PUT,DOWN,MID,afternoon,negative_gamma,15m,19,42.10526315789473,21.052631578947366,63.1578947368421,48.35,-6.244736842105269,-6.891062915551076,16.869960593752953,0.5859597227805877,0.8316174212859886,False
QQQ,gamma_gate_break,PUT,DOWN,MID,afternoon,negative_gamma,30m,19,57.89473684210527,36.84210526315789,78.94736842105263,47.59,10.304736842105264,-2.6414366331118897,26.51894530343003,0.36844417078647185,0.6869114387324841,False
QQQ,gamma_gate_break,PUT,DOWN,MID,afternoon,negative_gamma,60m,19,57.89473684210527,36.84210526315789,78.94736842105263,46.62,11.27473684210527,2.7732666767953424,43.91966491595914,0.32454434310331814,0.6389299670650168,False
QQQ,gamma_gate_break,PUT,DOWN,MID,afternoon,negative_gamma,1d,19,42.10526315789473,21.052631578947366,63.1578947368421,43.3,-1.1947368421052644,-140.7130224303031,211.07372466745923,0.9162943732891042,0.9671642916967221,False
QQQ,gamma_gate_break,PUT,DOWN,MID,afternoon,negative_gamma,5d,19,31.57894736842105,10.526315789473683,52.63157894736842,39.01,-7.431052631578947,-150.77624140856622,366.87938991583417,0.5066494391946523,0.7940513917143847,False
QQQ,gamma_gate_break,PUT,DOWN,MID,afternoon,unknown,5m,29,44.827586206896555,27.586206896551722,62.06896551724138,49.55,-4.722413793103442,-0.7490376518634217,11.768145525923808,0.6110044936489496,0.8412262338467716,False
QQQ,gamma_gate_break,PUT,DOWN,MID,afternoon,unknown,15m,29,41.37931034482759,24.137931034482758,58.620689655172406,48.35,-6.970689655172414,2.8694946299141866,26.847506656351474,0.45254711582230267,0.7636155425437854,False
QQQ,gamma_gate_break,PUT,DOWN,MID,afternoon,unknown,30m,29,55.172413793103445,37.93103448275862,72.41379310344827,47.59,7.582413793103441,10.188328452431833,31.37851576439814,0.41358491214507875,0.7343743982368041,False
QQQ,gamma_gate_break,PUT,DOWN,MID,afternoon,unknown,60m,28,57.14285714285714,39.285714285714285,75.0,46.62,10.522857142857141,12.964144656710262,44.041042299471094,0.26434175610081834,0.5774925019021534,False
QQQ,gamma_gate_break,PUT,DOWN,MID,afternoon,unknown,1d,29,10.344827586206897,0.0,24.137931034482758,43.3,-32.9551724137931,-192.54746051356202,203.3342698128733,0.00034138826771257236,0.004339989148048127,True
QQQ,gamma_gate_break,PUT,DOWN,MID,afternoon,unknown,5d,28,25.0,10.714285714285714,42.857142857142854,39.01,-14.009999999999998,-211.65736282146017,329.63135943672705,0.12854944356504117,0.3746745977078639,False
QQQ,gamma_gate_break,PUT,DOWN,MID,close,unknown,5m,13,46.15384615384615,23.076923076923077,76.92307692307693,49.55,-3.396153846153844,-3.120177920181839,12.234260190687566,0.8065260754492376,0.9276214246023474,False
QQQ,gamma_gate_break,PUT,DOWN,MID,close,unknown,1d,15,13.333333333333334,0.0,33.33333333333333,43.3,-29.96666666666666,-314.64656526192334,282.7242592369518,0.019163621390746233,0.10088338133013985,False
QQQ,gamma_gate_break,PUT,DOWN,MID,close,unknown,5d,15,13.333333333333334,0.0,33.33333333333333,39.01,-25.676666666666662,-361.1972572355934,311.50692572802046,0.04147357535794316,0.17892029802433962,False
QQQ,gamma_gate_break,PUT,DOWN,MID,midday,negative_gamma,5m,19,42.10526315789473,21.052631578947366,63.1578947368421,49.55,-7.444736842105264,-0.19373501009237665,13.512349845951318,0.5163103257321608,0.7981770236092267,False
QQQ,gamma_gate_break,PUT,DOWN,MID,midday,negative_gamma,15m,19,57.89473684210527,36.71052631578948,78.94736842105263,48.35,9.544736842105266,2.11002494517122,18.44668422762558,0.40510177792001345,0.7246955458299642,False
QQQ,gamma_gate_break,PUT,DOWN,MID,midday,negative_gamma,30m,19,47.368421052631575,26.31578947368421,68.42105263157895,47.59,-0.2215789473684282,-4.330965014349895,24.942172584293708,0.9845704466764313,0.9912776535988331,False
QQQ,gamma_gate_break,PUT,DOWN,MID,midday,negative_gamma,60m,19,31.57894736842105,10.526315789473683,57.89473684210527,46.62,-15.041052631578946,-7.608759291628206,28.925615635922224,0.18876043159414735,0.4826364386836379,False
QQQ,gamma_gate_break,PUT,DOWN,MID,midday,negative_gamma,240m,12,41.66666666666667,16.666666666666664,66.66666666666666,45.34,-3.673333333333332,-6.477131680058623,54.52310601441601,0.7982531091256626,0.9276214246023474,False
QQQ,gamma_gate_break,PUT,DOWN,MID,midday,negative_gamma,1d,19,15.789473684210526,0.0,31.57894736842105,43.3,-27.51052631578947,-138.84845844603709,192.7114348921053,0.015514596369925693,0.08737241923881103,True
QQQ,gamma_gate_break,PUT,DOWN,MID,midday,negative_gamma,5d,19,47.368421052631575,26.31578947368421,68.42105263157895,39.01,8.358421052631577,-134.601415081743,359.15083289986813,0.4551018183240234,0.7636155425437854,False
QQQ,gamma_gate_break,PUT,DOWN,MID,midday,unknown,5m,58,48.275862068965516,36.206896551724135,62.06896551724138,49.55,-1.2741379310344811,-1.055445319743476,10.182929584751525,0.8461142061236782,0.9361101122030792,False
QQQ,gamma_gate_break,PUT,DOWN,MID,midday,unknown,15m,58,37.93103448275862,25.862068965517242,50.0,48.35,-10.418965517241382,-3.298909578046773,17.12425263338199,0.11232379980149987,0.3432914086004919,False
QQQ,gamma_gate_break,PUT,DOWN,MID,midday,unknown,30m,58,36.206896551724135,24.137931034482758,48.275862068965516,47.59,-11.383103448275868,-6.217385833950942,23.093947714611808,0.08259209009453539,0.28173957078068373,False
QQQ,gamma_gate_break,PUT,DOWN,MID,midday,unknown,60m,58,37.93103448275862,25.862068965517242,50.0,46.62,-8.688965517241378,-9.031855901231875,28.868274127855035,0.18467474495491354,0.4773967774165794,False
QQQ,gamma_gate_break,PUT,DOWN,MID,midday,unknown,240m,45,40.0,26.666666666666668,53.38888888888884,45.34,-5.340000000000003,-12.021033125178613,66.22869420781404,0.47179091754260827,0.770205118119422,False
QQQ,gamma_gate_break,PUT,DOWN,MID,midday,unknown,1d,58,17.24137931034483,8.620689655172415,27.586206896551722,43.3,-26.058620689655168,-242.2014824479248,262.59660564752335,6.195116477836216e-05,0.00101413208096086,True
QQQ,gamma_gate_break,PUT,DOWN,MID,midday,unknown,5d,56,16.071428571428573,7.142857142857142,26.785714285714285,39.01,-22.938571428571425,-232.69643361218527,342.0571621872923,0.00043286163672351385,0.005278261794740806,True
QQQ,gamma_gate_break,PUT,DOWN,MID,open,negative_gamma,5m,58,51.724137931034484,39.6551724137931,63.83620689655169,49.55,2.174137931034487,1.3378196382171028,13.748976362074975,0.7405174115531523,0.9020573973557767,False
QQQ,gamma_gate_break,PUT,DOWN,MID,open,negative_gamma,15m,58,50.0,36.206896551724135,62.06896551724138,48.35,1.6499999999999986,1.707744056536168,20.294254212375545,0.8014604412409072,0.9276214246023474,False
QQQ,gamma_gate_break,PUT,DOWN,MID,open,negative_gamma,30m,58,44.827586206896555,31.03448275862069,56.896551724137936,47.59,-2.7624137931034483,3.269133281857216,30.200648824895023,0.6735740351391177,0.8735857107811538,False
QQQ,gamma_gate_break,PUT,DOWN,MID,open,negative_gamma,60m,58,46.55172413793103,32.758620689655174,58.620689655172406,46.62,-0.06827586206896541,3.035893494826292,37.78542060000489,0.9916835502577352,0.993346054113993,False
QQQ,gamma_gate_break,PUT,DOWN,MID,open,negative_gamma,240m,58,48.275862068965516,36.206896551724135,60.3448275862069,45.34,2.9358620689655126,4.992330408078108,62.40941010283931,0.653336382249009,0.8616141274056184,False
QQQ,gamma_gate_break,PUT,DOWN,MID,open,negative_gamma,1d,58,20.689655172413794,10.344827586206897,32.758620689655174,43.3,-22.610344827586204,-103.93409883267543,175.3984205616786,0.0005103827498174063,0.005979484176782358,True
QQQ,gamma_gate_break,PUT,DOWN,MID,open,negative_gamma,5d,58,27.586206896551722,17.24137931034483,39.6551724137931,39.01,-11.423793103448276,-108.43568059654808,300.4454310472469,0.07448229458359101,0.26411377456199187,False
QQQ,gamma_gate_break,PUT,DOWN,MID,open,unknown,5m,86,58.139534883720934,47.674418604651166,68.6046511627907,49.55,8.589534883720937,1.1493009785292652,13.222222861455599,0.1111184896551356,0.34135371500742173,False
QQQ,gamma_gate_break,PUT,DOWN,MID,open,unknown,15m,86,37.2093023255814,26.744186046511626,47.674418604651166,48.35,-11.140697674418604,-3.550251779778361,25.064428148527412,0.038694819769171884,0.1684689711733939,False
QQQ,gamma_gate_break,PUT,DOWN,MID,open,unknown,30m,86,34.883720930232556,24.418604651162788,45.348837209302324,47.59,-12.706279069767447,-8.471418875390675,32.48619339070779,0.01830421660359227,0.09745036884783412,True
QQQ,gamma_gate_break,PUT,DOWN,MID,open,unknown,60m,86,38.372093023255815,29.069767441860467,48.837209302325576,46.62,-8.247906976744183,-10.72898152188192,42.46273065814153,0.12521028036821402,0.36763214997546867,False
QQQ,gamma_gate_break,PUT,DOWN,MID,open,unknown,240m,86,27.906976744186046,18.6046511627907,38.372093023255815,45.34,-17.433023255813957,-27.57579881952461,67.72401005015801,0.0011643221861497022,0.011692142961755412,True
QQQ,gamma_gate_break,PUT,DOWN,MID,open,unknown,1d,86,15.11627906976744,8.13953488372093,22.122093023255786,43.3,-28.183720930232557,-238.81791998102995,261.67957220498164,1.3284743816122102e-07,5.291756286755304e-06,True
QQQ,gamma_gate_break,PUT,DOWN,MID,open,unknown,5d,85,27.058823529411764,17.647058823529413,36.470588235294116,39.01,-11.951176470588234,-216.19013091889929,359.2888028767798,0.02388772104596426,0.11795796136333592,False
QQQ,gamma_king_approach,CALL,DOWN,HIGH,afternoon,unknown,5m,25,44.0,24.0,64.0,50.45,-6.450000000000003,-6.04831220217279,19.8805939854287,0.51891025641569,0.7993973681834761,False
QQQ,gamma_king_approach,CALL,DOWN,HIGH,afternoon,unknown,15m,25,48.0,28.000000000000004,68.0,51.65,-3.6499999999999986,-4.006342274155678,40.46906416347954,0.7149629356376113,0.8927698099132136,False
QQQ,gamma_king_approach,CALL,DOWN,HIGH,afternoon,unknown,30m,25,52.0,32.0,72.0,52.41,-0.4099999999999966,-0.17463552509563016,57.476425518048636,0.9672578611557059,0.9888797819290026,False
QQQ,gamma_king_approach,CALL,DOWN,HIGH,afternoon,unknown,60m,25,64.0,44.0,84.0,53.38,10.619999999999997,16.611556242450703,110.54688321364712,0.2871317348589373,0.6030271057230756,False
QQQ,gamma_king_approach,CALL,DOWN,HIGH,afternoon,unknown,1d,25,84.0,68.0,96.0,56.7,27.299999999999997,251.48821865003967,261.4875870311543,0.00587199401727867,0.041520904441704205,True
QQQ,gamma_king_approach,CALL,DOWN,HIGH,afternoon,unknown,5d,25,76.0,60.0,92.0,60.99,15.009999999999998,299.633229198575,326.4869449783383,0.12389533505317618,0.3664035088159991,False
QQQ,gamma_king_approach,CALL,DOWN,HIGH,close,unknown,5m,13,46.15384615384615,23.076923076923077,76.92307692307693,50.45,-4.2961538461538495,10.73169258691519,42.71488300902184,0.7567034638138921,0.909718952975454,False
QQQ,gamma_king_approach,CALL,DOWN,HIGH,close,unknown,1d,17,94.11764705882352,82.35294117647058,100.0,56.7,37.41764705882352,230.84132271583488,317.8277683056667,0.0018480801857188034,0.01731819617725644,True
QQQ,gamma_king_approach,CALL,DOWN,HIGH,close,unknown,5d,17,70.58823529411765,47.05882352941176,88.23529411764706,60.99,9.59823529411765,94.60065890413975,482.8586240059218,0.41717508573752093,0.738182621389924,False
QQQ,gamma_king_approach,CALL,DOWN,HIGH,midday,unknown,5m,55,41.81818181818181,27.27272727272727,54.54545454545454,50.45,-8.63181818181819,-7.349547010325113,31.68096387994326,0.20041947090402656,0.4987476585364543,False
QQQ,gamma_king_approach,CALL,DOWN,HIGH,midday,unknown,15m,55,43.63636363636363,30.863636363636363,56.36363636363636,51.65,-8.013636363636365,-15.83714717669472,44.11043642444256,0.23433654941118398,0.5313703539779219,False
QQQ,gamma_king_approach,CALL,DOWN,HIGH,midday,unknown,30m,55,47.27272727272727,34.54545454545455,60.0,52.41,-5.137272727272723,-8.730852388346296,55.64749021055979,0.44554250272300067,0.7636155425437854,False
QQQ,gamma_king_approach,CALL,DOWN,HIGH,midday,unknown,60m,55,49.09090909090909,34.54545454545455,61.81818181818181,53.38,-4.289090909090909,-12.568117283253612,77.53087842616624,0.523712234700628,0.8015673815496281,False
QQQ,gamma_king_approach,CALL,DOWN,HIGH,midday,unknown,240m,42,50.0,35.714285714285715,64.28571428571429,54.66,-4.659999999999997,-18.21797555646621,111.60168966108033,0.5440861885571981,0.8072619588898623,False
QQQ,gamma_king_approach,CALL,DOWN,HIGH,midday,unknown,1d,55,90.9090909090909,81.81818181818183,98.18181818181819,56.7,34.209090909090904,259.14697962566436,253.19782419256825,3.052027284233816e-07,1.0726978248998265e-05,True
QQQ,gamma_king_approach,CALL,DOWN,HIGH,midday,unknown,5d,55,70.9090909090909,58.18181818181818,81.86363636363633,60.99,9.919090909090905,308.3319221846096,441.07189024775977,0.1315237958972575,0.3778147502337084,False
QQQ,gamma_king_approach,CALL,DOWN,HIGH,open,negative_gamma,5m,11,27.27272727272727,0.0,54.54545454545454,50.45,-23.177272727272733,-10.84139187703489,15.61054775588252,0.12417859503805828,0.3664035088159991,False
QQQ,gamma_king_approach,CALL,DOWN,HIGH,open,negative_gamma,15m,11,54.54545454545454,27.045454545454554,81.81818181818183,51.65,2.895454545454541,-8.145416245461622,29.131433042962346,0.847611088714951,0.9361101122030792,False
QQQ,gamma_king_approach,CALL,DOWN,HIGH,open,negative_gamma,30m,11,63.63636363636363,36.36363636363637,90.9090909090909,52.41,11.226363636363637,-0.693576842248287,44.72375676977067,0.4559457890634038,0.7636155425437854,False
QQQ,gamma_king_approach,CALL,DOWN,HIGH,open,negative_gamma,60m,11,54.54545454545454,27.27272727272727,81.81818181818183,53.38,1.165454545454537,6.0559442285497544,40.72582757980673,0.9382379186842926,0.9775015804949692,False
QQQ,gamma_king_approach,CALL,DOWN,HIGH,open,negative_gamma,240m,11,72.72727272727273,45.45454545454545,100.0,54.66,18.067272727272737,17.809665953915857,61.017548533263756,0.2287107917697404,0.5245861730611128,False
QQQ,gamma_king_approach,CALL,DOWN,HIGH,open,negative_gamma,1d,11,100.0,100.0,100.0,56.7,43.3,163.0285057715544,105.64099286783076,0.003751482090312841,0.029110526609895097,True
QQQ,gamma_king_approach,CALL,DOWN,HIGH,open,negative_gamma,5d,11,100.0,100.0,100.0,60.99,39.01,373.25972219503797,173.8099295288882,0.007989869384479098,0.05334018946621521,True
QQQ,gamma_king_approach,CALL,DOWN,HIGH,open,unknown,5m,147,47.61904761904761,39.43877551020408,55.11904761904759,50.45,-2.8309523809523895,-2.839351470805931,29.748478006854636,0.49239958288329966,0.7863966233506533,False
QQQ,gamma_king_approach,CALL,DOWN,HIGH,open,unknown,15m,147,42.857142857142854,34.69387755102041,51.02040816326531,51.65,-8.792857142857144,-7.764714418682834,46.38809053605321,0.032898775563540816,0.14948302965182994,False
QQQ,gamma_king_approach,CALL,DOWN,HIGH,open,unknown,30m,147,43.53741496598639,35.374149659863946,51.02040816326531,52.41,-8.872585034013603,-11.084680074440847,58.48944290429693,0.031240869538407656,0.1441422359011473,False
QQQ,gamma_king_approach,CALL,DOWN,HIGH,open,unknown,60m,147,43.53741496598639,35.374149659863946,51.70068027210885,53.38,-9.84258503401361,-12.57238974712019,78.2840954866689,0.016748985943311867,0.09097744637389855,True
QQQ,gamma_king_approach,CALL,DOWN,HIGH,open,unknown,240m,147,55.78231292517006,48.29931972789115,63.94557823129252,54.66,1.122312925170064,10.843008529752606,148.33890295839754,0.7845948354091592,0.9213305979882629,False
QQQ,gamma_king_approach,CALL,DOWN,HIGH,open,unknown,1d,147,81.63265306122449,74.82993197278913,87.75510204081633,56.7,24.932653061224485,237.20013082028683,289.5374310303997,1.0549350282218484e-09,9.130184441819011e-08,True
QQQ,gamma_king_approach,CALL,DOWN,HIGH,open,unknown,5d,147,71.42857142857143,63.94557823129252,78.91156462585033,60.99,10.438571428571429,276.24877281108957,448.8389292000824,0.009468126328762594,0.061622822083549224,True
QQQ,gamma_king_approach,CALL,DOWN,LOW,open,negative_gamma,5m,25,48.0,28.000000000000004,68.0,50.45,-2.450000000000003,-0.11917495434407281,7.350320202767427,0.806448747970997,0.9276214246023474,False
QQQ,gamma_king_approach,CALL,DOWN,LOW,open,negative_gamma,15m,25,56.00000000000001,36.0,76.0,51.65,4.3500000000000085,-0.8713177503608054,20.679592638608923,0.6633903713645668,0.8654492290181849,False
QQQ,gamma_king_approach,CALL,DOWN,LOW,open,negative_gamma,30m,25,64.0,47.900000000000006,80.0,52.41,11.590000000000003,0.0497710625588752,27.72520112848871,0.24590687715380977,0.5462057959085551,False
QQQ,gamma_king_approach,CALL,DOWN,LOW,open,negative_gamma,60m,24,58.333333333333336,37.5,79.16666666666666,53.38,4.953333333333333,4.803749202813324,28.843479010505575,0.6266564457162396,0.8480797878039709,False
QQQ,gamma_king_approach,CALL,DOWN,LOW,open,negative_gamma,240m,22,59.09090909090909,36.36363636363637,77.27272727272727,54.66,4.430909090909097,8.471315104434701,38.593464021135716,0.6763323176108149,0.8746938523213461,False
QQQ,gamma_king_approach,CALL,DOWN,LOW,open,negative_gamma,1d,25,80.0,64.0,96.0,56.7,23.299999999999997,178.56384751662904,243.29553244864906,0.01871273445453392,0.0989456534210975,True
QQQ,gamma_king_approach,CALL,DOWN,LOW,open,negative_gamma,5d,25,76.0,60.0,92.0,60.99,15.009999999999998,181.1579735568276,256.8208117332678,0.12389533505317618,0.3664035088159991,False
QQQ,gamma_king_approach,CALL,DOWN,LOW,open,unknown,5m,43,60.46511627906976,44.18604651162791,74.4186046511628,50.45,10.015116279069758,2.2236794151231845,20.081099245942728,0.18900664625967756,0.4826364386836379,False
QQQ,gamma_king_approach,CALL,DOWN,LOW,open,unknown,15m,43,55.81395348837209,41.86046511627907,72.09302325581395,51.65,4.163953488372094,5.51792201832142,31.860396253681294,0.5847944645628296,0.8309505174228078,False
QQQ,gamma_king_approach,CALL,DOWN,LOW,open,unknown,30m,43,60.46511627906976,46.51162790697674,74.4186046511628,52.41,8.055116279069765,12.564115159280206,40.14957514766088,0.29021599811137877,0.6052497691851616,False
QQQ,gamma_king_approach,CALL,DOWN,LOW,open,unknown,60m,43,58.139534883720934,41.86046511627907,72.09302325581395,53.38,4.7595348837209315,13.598216891357403,52.245880998622596,0.5315522157295596,0.805933737489666,False
QQQ,gamma_king_approach,CALL,DOWN,LOW,open,unknown,240m,43,72.09302325581395,58.139534883720934,86.04651162790698,54.66,17.43302325581395,32.906462181179414,66.80522464222045,0.021657906359731083,0.10874452983142288,False
QQQ,gamma_king_approach,CALL,DOWN,LOW,open,unknown,1d,43,93.02325581395348,85.98837209302326,100.0,56.7,36.32325581395348,277.48478944896596,238.68053497670755,1.5313232777369734e-06,4.815608728672851e-05,True
QQQ,gamma_king_approach,CALL,DOWN,LOW,open,unknown,5d,43,79.06976744186046,65.11627906976744,90.69767441860465,60.99,18.07976744186046,316.47233997786066,346.4203952488853,0.01507471127843596,0.08660711527755274,True
QQQ,gamma_king_approach,CALL,DOWN,MID,afternoon,unknown,5m,15,46.666666666666664,20.0,73.33333333333333,50.45,-3.7833333333333385,7.46954243376969,21.190737496038054,0.7694704742996774,0.9172493251994435,False
QQQ,gamma_king_approach,CALL,DOWN,MID,afternoon,unknown,15m,15,46.666666666666664,20.0,73.33333333333333,51.65,-4.983333333333334,2.061560905606481,25.325054699077263,0.6993354513038965,0.8863783380707636,False
QQQ,gamma_king_approach,CALL,DOWN,MID,afternoon,unknown,30m,15,46.666666666666664,20.0,73.33333333333333,52.41,-5.743333333333332,4.363878282404682,31.746979304968093,0.6560347823792791,0.8616141274056184,False
QQQ,gamma_king_approach,CALL,DOWN,MID,afternoon,unknown,60m,15,20.0,0.0,40.0,53.38,-33.38,-5.536206024150124,13.232072026475864,0.009554971007729396,0.061622822083549224,True
QQQ,gamma_king_approach,CALL,DOWN,MID,afternoon,unknown,1d,15,100.0,100.0,100.0,56.7,43.3,270.88160684151813,219.27586583612617,0.0007130087402174023,0.007889309671849962,True
QQQ,gamma_king_approach,CALL,DOWN,MID,afternoon,unknown,5d,15,86.66666666666667,66.66666666666666,100.0,60.99,25.67666666666667,323.1733489208746,365.15510948805644,0.04147357535794316,0.17892029802433962,False
QQQ,gamma_king_approach,CALL,DOWN,MID,midday,unknown,5m,10,40.0,10.0,70.0,50.45,-10.450000000000003,-4.678840153759391,13.28546071105669,0.5086489970332981,0.7940513917143847,False
QQQ,gamma_king_approach,CALL,DOWN,MID,midday,unknown,15m,10,50.0,20.0,80.0,51.65,-1.6499999999999986,-3.3459371908669873,14.13283570592525,0.9168423758104904,0.9671642916967221,False
QQQ,gamma_king_approach,CALL,DOWN,MID,midday,unknown,30m,10,60.0,30.0,90.0,52.41,7.590000000000003,4.793905413042714,14.515334590778785,0.6308062612855605,0.8497387502753074,False
QQQ,gamma_king_approach,CALL,DOWN,MID,midday,unknown,60m,10,40.0,10.0,70.0,53.38,-13.380000000000003,3.4555872106789507,25.707687378625934,0.396345708866757,0.7165402754852869,False
QQQ,gamma_king_approach,CALL,DOWN,MID,midday,unknown,1d,10,90.0,70.0,100.0,56.7,33.3,155.33905485335498,233.56089393753854,0.03356627582782701,0.15079586321147848,False
QQQ,gamma_king_approach,CALL,DOWN,MID,midday,unknown,5d,10,100.0,100.0,100.0,60.99,39.01,218.11426424248225,263.69359277078564,0.011436937396921643,0.0697303070883743,True
QQQ,gamma_king_approach,CALL,DOWN,MID,open,negative_gamma,5m,46,28.26086956521739,15.217391304347828,41.30434782608695,50.45,-22.189130434782612,-4.76994818482419,15.507951821131078,0.002612459690716662,0.02245963547054972,True
QQQ,gamma_king_approach,CALL,DOWN,MID,open,negative_gamma,15m,46,43.47826086956522,30.434782608695656,58.69565217391305,51.65,-8.17173913043478,-7.8815868288652435,26.99160886619933,0.26739882907366175,0.5788164820818301,False
QQQ,gamma_king_approach,CALL,DOWN,MID,open,negative_gamma,30m,46,39.130434782608695,26.08695652173913,52.17391304347826,52.41,-13.279565217391301,-14.17975373143336,41.21573616369683,0.07132165465856377,0.2572972638956708,False
QQQ,gamma_king_approach,CALL,DOWN,MID,open,negative_gamma,60m,46,45.65217391304348,32.55434782608696,58.74999999999995,53.38,-7.727826086956526,-12.147987774970051,50.123876296000795,0.29341628742410686,0.607681912429476,False
QQQ,gamma_king_approach,CALL,DOWN,MID,open,negative_gamma,240m,46,52.17391304347826,36.95652173913043,67.3913043478261,54.66,-2.4860869565217385,-8.776907309331087,60.57640557302095,0.7348331185411037,0.9012696892988266,False
QQQ,gamma_king_approach,CALL,DOWN,MID,open,negative_gamma,1d,46,69.56521739130434,56.52173913043478,82.6086956521739,56.7,12.865217391304341,70.45809342746996,170.1826622328862,0.07823757162023659,0.27099680604690646,False
QQQ,gamma_king_approach,CALL,DOWN,MID,open,negative_gamma,5d,46,67.3913043478261,54.347826086956516,80.43478260869566,60.99,6.401304347826091,121.77803381361183,294.4538260120668,0.37342176756702816,0.6919498395515289,False
QQQ,gamma_king_approach,CALL,DOWN,MID,open,positive_gamma,5m,11,45.45454545454545,18.181818181818183,72.72727272727273,50.45,-4.99545454545455,-3.3432336607168294,11.198785330792882,0.7403617080075144,0.9020573973557767,False
QQQ,gamma_king_approach,CALL,DOWN,MID,open,positive_gamma,15m,11,36.36363636363637,9.090909090909092,63.63636363636363,51.65,-15.286363636363632,-2.462409613921902,13.019926688754767,0.3103274339937778,0.6243119252905126,False
QQQ,gamma_king_approach,CALL,DOWN,MID,open,positive_gamma,30m,11,54.54545454545454,27.27272727272727,81.81818181818183,52.41,2.135454545454543,-6.738778468385188,43.317436091360506,0.8872262457645004,0.9563246675015791,False
QQQ,gamma_king_approach,CALL,DOWN,MID,open,positive_gamma,60m,11,45.45454545454545,18.181818181818183,72.72727272727273,53.38,-7.925454545454549,-5.102094518845754,57.57537575732424,0.5982487909210272,0.8390436175738006,False
QQQ,gamma_king_approach,CALL,DOWN,MID,open,positive_gamma,240m,11,45.45454545454545,18.181818181818183,72.72727272727273,54.66,-9.205454545454543,-2.4832737686305957,31.967521629070962,0.5396844871434618,0.8068056486568471,False
QQQ,gamma_king_approach,CALL,DOWN,MID,open,positive_gamma,1d,11,45.45454545454545,18.181818181818183,72.72727272727273,56.7,-11.24545454545455,-15.002342191531232,266.5728646679031,0.45161358042123245,0.7636155425437854,False
QQQ,gamma_king_approach,CALL,DOWN,MID,open,positive_gamma,5d,11,45.45454545454545,18.181818181818183,72.72727272727273,60.99,-15.535454545454549,-103.42923314980027,382.6834121351714,0.29081369609988084,0.6054396634832013,False
QQQ,gamma_king_approach,CALL,DOWN,MID,open,unknown,5m,95,52.63157894736842,43.15789473684211,63.1578947368421,50.45,2.181578947368415,1.1626902079052395,21.853096678003826,0.6706287437582872,0.8710884225990795,False
QQQ,gamma_king_approach,CALL,DOWN,MID,open,unknown,15m,95,54.736842105263165,45.26315789473684,64.23684210526314,51.65,3.086842105263166,3.79235811579773,26.464984051184334,0.5471313924227481,0.8077297325903993,False
QQQ,gamma_king_approach,CALL,DOWN,MID,open,unknown,30m,95,53.68421052631579,43.15789473684211,64.21052631578948,52.41,1.274210526315791,4.4910586006628614,36.69536469787774,0.8036095608283034,0.9276214246023474,False
QQQ,gamma_king_approach,CALL,DOWN,MID,open,unknown,60m,95,52.63157894736842,43.15789473684211,63.1578947368421,53.38,-0.7484210526315849,3.5146151213397454,49.89508359635399,0.8837409136146563,0.9557589087515291,False
QQQ,gamma_king_approach,CALL,DOWN,MID,open,unknown,240m,95,53.68421052631579,43.15789473684211,64.21052631578948,54.66,-0.975789473684209,1.6369388650222,78.91483360335565,0.8484880338817054,0.9361101122030792,False
QQQ,gamma_king_approach,CALL,DOWN,MID,open,unknown,1d,95,80.0,70.52631578947368,88.42105263157895,56.7,23.299999999999997,190.00078475317213,226.90923498727503,4.57603112313798e-06,0.00011553904928085963,True
QQQ,gamma_king_approach,CALL,DOWN,MID,open,unknown,5d,93,70.96774193548387,61.29032258064516,79.56989247311827,60.99,9.97774193548387,197.97367832296212,349.19092319636184,0.04853213138572565,0.1986771581466922,False
QQQ,gamma_king_approach,CALL,UP,HIGH,close,unknown,5m,12,50.0,25.0,75.0,50.45,-0.45000000000000284,-4.641010485872887,10.620523533376543,0.9751274434617492,0.9899465049543078,False
QQQ,gamma_king_approach,CALL,UP,HIGH,close,unknown,15m,11,81.81818181818183,63.63636363636363,100.0,51.65,30.16818181818183,10.799110375504016,20.232765419247016,0.045260935792165835,0.18845581279316437,False
QQQ,gamma_king_approach,CALL,UP,HIGH,close,unknown,1d,12,75.0,50.0,100.0,56.7,18.299999999999997,226.82585068737617,284.5531869276299,0.20075634921532637,0.4987476585364543,False
QQQ,gamma_king_approach,CALL,UP,HIGH,close,unknown,5d,12,66.66666666666666,41.66666666666667,91.66666666666666,60.99,5.676666666666655,109.23138449247044,538.9891581500632,0.6868378386052068,0.8797119154696914,False
QQQ,gamma_king_approach,CALL,UP,HIGH,midday,unknown,5m,16,50.0,25.0,75.0,50.45,-0.45000000000000284,0.3217672865103842,10.278722337604725,0.9712811963227965,0.9899465049543078,False
QQQ,gamma_king_approach,CALL,UP,HIGH,midday,unknown,15m,16,56.25,31.25,81.25,51.65,4.600000000000001,-2.7686506659870407,22.372757527287927,0.7127237078593291,0.8927698099132136,False
QQQ,gamma_king_approach,CALL,UP,HIGH,midday,unknown,30m,16,50.0,25.0,75.0,52.41,-2.4099999999999966,-2.4382279950158194,28.372430875673906,0.8469398971016284,0.9361101122030792,False
QQQ,gamma_king_approach,CALL,UP,HIGH,midday,unknown,60m,16,56.25,31.25,81.25,53.38,2.8699999999999974,-2.3278755173855985,33.55009355228056,0.8179935407647398,0.933622045094426,False
QQQ,gamma_king_approach,CALL,UP,HIGH,midday,unknown,240m,12,66.66666666666666,41.66666666666667,91.66666666666666,54.66,12.00666666666666,43.19039116549521,65.94787552544021,0.40344593628241743,0.7236038431844397,False
QQQ,gamma_king_approach,CALL,UP,HIGH,midday,unknown,1d,16,75.0,56.25,93.75,56.7,18.299999999999997,205.70237894115843,244.07729599597846,0.13958894415296497,0.3888316742722451,False
QQQ,gamma_king_approach,CALL,UP,HIGH,midday,unknown,5d,16,62.5,37.5,87.5,60.99,1.509999999999998,90.14255274876666,473.2923906198757,0.9014512836707778,0.9590426803013855,False
QQQ,gamma_king_approach,CALL,UP,HIGH,open,negative_gamma,5m,21,52.38095238095239,28.57142857142857,71.42857142857143,50.45,1.9309523809523839,-5.296208095755604,25.728479119852192,0.8595226250025267,0.9440528831599444,False
QQQ,gamma_king_approach,CALL,UP,HIGH,open,negative_gamma,15m,21,38.095238095238095,19.047619047619047,57.14285714285714,51.65,-13.554761904761904,-11.297402368981807,37.31927729472504,0.2138709869858637,0.5070830797170559,False
QQQ,gamma_king_approach,CALL,UP,HIGH,open,negative_gamma,30m,21,38.095238095238095,19.047619047619047,57.14285714285714,52.41,-14.314761904761902,-10.400692645045556,40.80339308072891,0.18901577682338289,0.4826364386836379,False
QQQ,gamma_king_approach,CALL,UP,HIGH,open,negative_gamma,60m,21,52.38095238095239,33.33333333333333,71.42857142857143,53.38,-0.9990476190476159,-9.965441409871953,50.85735766160418,0.9268774748961988,0.9724482726083911,False
QQQ,gamma_king_approach,CALL,UP,HIGH,open,negative_gamma,240m,21,42.857142857142854,23.809523809523807,61.904761904761905,54.66,-11.802857142857142,-10.226337771034244,67.97560148418609,0.27726724860874774,0.5916685037275956,False
QQQ,gamma_king_approach,CALL,UP,HIGH,open,negative_gamma,1d,21,57.14285714285714,38.095238095238095,76.19047619047619,56.7,0.44285714285713595,28.193090568633774,144.41166052820043,0.9673294479167911,0.9888797819290026,False
QQQ,gamma_king_approach,CALL,UP,HIGH,open,negative_gamma,5d,21,90.47619047619048,76.19047619047619,100.0,60.99,29.48619047619048,149.44939001632528,170.9979284703782,0.0056021994086397076,0.040573504808026975,True
QQQ,gamma_king_approach,CALL,UP,HIGH,open,unknown,5m,105,56.19047619047619,46.666666666666664,65.71428571428571,50.45,5.740476190476187,0.48867658863179436,29.345636140227466,0.23939705461149563,0.5380564294292826,False
QQQ,gamma_king_approach,CALL,UP,HIGH,open,unknown,15m,105,55.23809523809524,45.714285714285715,64.76190476190476,51.65,3.5880952380952422,4.064045247371429,41.07298013375356,0.46188807419480726,0.7636155425437854,False
QQQ,gamma_king_approach,CALL,UP,HIGH,open,unknown,30m,105,46.666666666666664,38.095238095238095,55.261904761904745,52.41,-5.743333333333332,-6.343853037777771,67.77227984315002,0.23863608983015028,0.5380564294292826,False
QQQ,gamma_king_approach,CALL,UP,HIGH,open,unknown,60m,105,48.57142857142857,39.04761904761905,57.14285714285714,53.38,-4.808571428571433,-3.1938201953641303,82.96192731829039,0.3232881766466136,0.6385609439548814,False
QQQ,gamma_king_approach,CALL,UP,HIGH,open,unknown,240m,105,51.42857142857142,41.904761904761905,60.952380952380956,54.66,-3.231428571428573,-13.225863209470864,124.10328648069468,0.5059603917881361,0.7940513917143847,False
QQQ,gamma_king_approach,CALL,UP,HIGH,open,unknown,1d,105,79.04761904761905,71.42857142857143,86.66666666666667,56.7,22.347619047619048,221.22545682098624,269.46109569748614,3.8082927447113946e-06,0.00010111450063750607,True
QQQ,gamma_king_approach,CALL,UP,HIGH,open,unknown,5d,105,74.28571428571429,64.76190476190476,81.9285714285714,60.99,13.29571428571429,249.07347124852842,474.10826339394197,0.0052202906892688805,0.03827145628022278,True
QQQ,gamma_king_approach,CALL,UP,LOW,midday,negative_gamma,5m,10,60.0,30.0,90.0,50.45,9.549999999999997,0.4668655745073103,3.7001802483605566,0.5458306801531454,0.8072619588898623,False
QQQ,gamma_king_approach,CALL,UP,LOW,midday,negative_gamma,15m,10,60.0,30.0,90.0,51.65,8.350000000000001,1.8804223199340355,8.57775263580643,0.5972299570780406,0.8390436175738006,False
QQQ,gamma_king_approach,CALL,UP,LOW,midday,negative_gamma,30m,10,50.0,20.0,80.0,52.41,-2.4099999999999966,-1.9755109844794319,13.633974285881694,0.8787143965188515,0.9537363340963011,False
QQQ,gamma_king_approach,CALL,UP,LOW,midday,negative_gamma,60m,10,60.0,30.0,90.0,53.38,6.619999999999997,3.4618692714788026,18.653657441828805,0.6747444443941464,0.8735857107811538,False
QQQ,gamma_king_approach,CALL,UP,LOW,midday,negative_gamma,1d,10,100.0,100.0,100.0,56.7,43.3,155.82380418679108,192.2927012142749,0.005719295376159561,0.040681892705420684,True
QQQ,gamma_king_approach,CALL,UP,LOW,midday,negative_gamma,5d,10,90.0,70.0,100.0,60.99,29.009999999999998,254.88865076657675,217.2236370814685,0.06000630799206075,0.23057086189875434,False
QQQ,gamma_king_approach,CALL,UP,LOW,open,negative_gamma,5m,34,52.94117647058824,35.294117647058826,70.58823529411765,50.45,2.491176470588236,4.171668369703881,12.548432976515523,0.7714105203560173,0.9172493251994435,False
QQQ,gamma_king_approach,CALL,UP,LOW,open,negative_gamma,15m,34,58.82352941176471,41.17647058823529,76.47058823529412,51.65,7.1735294117647115,1.0919588100299151,22.738717145062058,0.4025779630899886,0.7236038431844397,False
QQQ,gamma_king_approach,CALL,UP,LOW,open,negative_gamma,30m,34,52.94117647058824,35.294117647058826,70.58823529411765,52.41,0.5311764705882425,-0.2385628254411026,32.66216104285892,0.9505489982023683,0.9810959818866655,False
QQQ,gamma_king_approach,CALL,UP,LOW,open,negative_gamma,60m,34,55.88235294117647,38.23529411764706,70.58823529411765,53.38,2.5023529411764684,0.042584841553069366,37.682370009118095,0.7699111906689735,0.9172493251994435,False
QQQ,gamma_king_approach,CALL,UP,LOW,open,negative_gamma,240m,33,63.63636363636363,48.409090909090914,78.78787878787878,54.66,8.976363636363637,19.039156363746127,54.34607422346261,0.30028885871624733,0.6134105746425906,False
QQQ,gamma_king_approach,CALL,UP,LOW,open,negative_gamma,1d,34,94.11764705882352,85.29411764705883,100.0,56.7,37.41764705882352,167.41884147131327,152.1726329855019,1.0660570608944653e-05,0.00024036569580545018,True
QQQ,gamma_king_approach,CALL,UP,LOW,open,negative_gamma,5d,34,76.47058823529412,61.76470588235294,88.23529411764706,60.99,15.480588235294114,202.9492331843369,241.87433796525696,0.0642289184927256,0.23910765607105017,False
QQQ,gamma_king_approach,CALL,UP,LOW,open,positive_gamma,5m,19,42.10526315789473,21.052631578947366,63.1578947368421,50.45,-8.34473684210527,1.842382460681248,11.007486684815653,0.4669155777304661,0.7664342244339385,False
QQQ,gamma_king_approach,CALL,UP,LOW,open,positive_gamma,15m,18,38.88888888888889,16.666666666666664,61.111111111111114,51.65,-12.761111111111106,-0.9373624409863193,20.409547071802436,0.27862813845327006,0.5930365220813161,False
QQQ,gamma_king_approach,CALL,UP,LOW,open,positive_gamma,30m,18,44.44444444444444,22.22222222222222,66.66666666666666,52.41,-7.965555555555554,3.610116690228801,25.46867735611895,0.49860500341666714,0.7902294152293331,False
QQQ,gamma_king_approach,CALL,UP,LOW,open,positive_gamma,60m,18,38.88888888888889,16.666666666666664,61.111111111111114,53.38,-14.49111111111111,-9.564607415659344,42.688135139209514,0.21778822656348296,0.5070830797170559,False
QQQ,gamma_king_approach,CALL,UP,LOW,open,positive_gamma,240m,18,44.44444444444444,22.22222222222222,66.66666666666666,54.66,-10.215555555555554,-11.97757483001609,76.00032067520057,0.383968207821189,0.7053477594048819,False
QQQ,gamma_king_approach,CALL,UP,LOW,open,positive_gamma,1d,19,84.21052631578947,68.42105263157895,100.0,56.7,27.510526315789463,109.71153966253395,98.38283833604422,0.015514596369925693,0.08737241923881103,True
QQQ,gamma_king_approach,CALL,UP,LOW,open,positive_gamma,5d,19,84.21052631578947,68.42105263157895,100.0,60.99,23.220526315789463,123.46136092854347,189.059797958711,0.03798057181187686,0.16677366481227118,False
QQQ,gamma_king_approach,CALL,UP,LOW,open,unknown,5m,22,59.09090909090909,36.36363636363637,77.27272727272727,50.45,8.64090909090909,1.863658629629487,11.31774103875228,0.4175828050707855,0.738182621389924,False
QQQ,gamma_king_approach,CALL,UP,LOW,open,unknown,15m,22,54.54545454545454,31.818181818181817,77.27272727272727,51.65,2.895454545454541,2.1726850807109073,22.4394030733198,0.7858021577405443,0.9213305979882629,False
QQQ,gamma_king_approach,CALL,UP,LOW,open,unknown,30m,22,59.09090909090909,36.36363636363637,77.27272727272727,52.41,6.680909090909097,5.402322092907617,24.546043286694424,0.5303616062221694,0.8053140018240057,False
QQQ,gamma_king_approach,CALL,UP,LOW,open,unknown,60m,22,59.09090909090909,40.909090909090914,77.27272727272727,53.38,5.710909090909091,1.6288623626187713,40.344945404236576,0.5912958992968131,0.8362113605440138,False
QQQ,gamma_king_approach,CALL,UP,LOW,open,unknown,240m,22,54.54545454545454,31.818181818181817,77.27272727272727,54.66,-0.11454545454545695,18.703947840559636,49.421677493501925,0.991389165152464,0.993346054113993,False
QQQ,gamma_king_approach,CALL,UP,LOW,open,unknown,1d,22,90.9090909090909,77.27272727272727,100.0,56.7,34.209090909090904,330.95754276508427,254.2180277319792,0.0012024330193469712,0.011974228817663588,True
QQQ,gamma_king_approach,CALL,UP,LOW,open,unknown,5d,22,81.81818181818183,63.63636363636363,95.45454545454545,60.99,20.828181818181825,337.79915696305665,294.7713443542927,0.045194884630229026,0.18845581279316437,False
QQQ,gamma_king_approach,CALL,UP,MID,afternoon,negative_gamma,5m,10,30.0,0.0,60.0,50.45,-20.450000000000003,-2.4597774736906444,11.608332875536796,0.1958644719341205,0.4937912890197948,False
QQQ,gamma_king_approach,CALL,UP,MID,afternoon,negative_gamma,15m,10,40.0,10.0,70.0,51.65,-11.649999999999999,-6.356151404434416,22.700154648584395,0.46099330560520047,0.7636155425437854,False
QQQ,gamma_king_approach,CALL,UP,MID,afternoon,negative_gamma,30m,10,50.0,20.0,80.0,52.41,-2.4099999999999966,-5.410883257639105,38.926003332292574,0.8787143965188515,0.9537363340963011,False
QQQ,gamma_king_approach,CALL,UP,MID,afternoon,negative_gamma,60m,10,30.0,0.0,60.0,53.38,-23.380000000000003,-13.968159154492122,72.91054773051107,0.13832133329202434,0.3871053706884522,False
QQQ,gamma_king_approach,CALL,UP,MID,afternoon,negative_gamma,1d,10,60.0,30.0,90.0,56.7,3.299999999999997,80.69835251104885,204.2761198968806,0.8331918074814222,0.9361101122030792,False
QQQ,gamma_king_approach,CALL,UP,MID,midday,negative_gamma,5m,19,52.63157894736842,31.57894736842105,73.68421052631578,50.45,2.181578947368415,-1.887443192315251,7.541631492961392,0.8491576247934207,0.9361101122030792,False
QQQ,gamma_king_approach,CALL,UP,MID,midday,negative_gamma,15m,19,47.368421052631575,26.31578947368421,68.42105263157895,51.65,-4.281578947368423,-2.1221782635132045,16.649984355854645,0.7088040234318265,0.8911098415648671,False
QQQ,gamma_king_approach,CALL,UP,MID,midday,negative_gamma,30m,19,57.89473684210527,36.84210526315789,78.94736842105263,52.41,5.484736842105271,2.9055414161327193,16.395733693856975,0.6321487439286597,0.8497387502753074,False
QQQ,gamma_king_approach,CALL,UP,MID,midday,negative_gamma,60m,19,52.63157894736842,31.57894736842105,73.68421052631578,53.38,-0.7484210526315849,1.109354916380906,23.701481015820466,0.9478591654032609,0.9810959818866655,False
QQQ,gamma_king_approach,CALL,UP,MID,midday,negative_gamma,240m,15,53.333333333333336,26.666666666666668,80.0,54.66,-1.3266666666666609,-9.705647861935756,38.08263965971949,0.9177943989824962,0.9671642916967221,False
QQQ,gamma_king_approach,CALL,UP,MID,midday,negative_gamma,1d,19,78.94736842105263,57.89473684210527,94.73684210526315,56.7,22.247368421052627,93.5766965754812,137.77269570092687,0.05033202952481042,0.20251439488938872,False
QQQ,gamma_king_approach,CALL,UP,MID,midday,negative_gamma,5d,19,73.68421052631578,52.63157894736842,94.73684210526315,60.99,12.694210526315779,73.89953613110238,142.94009125796833,0.2566279080884999,0.5648414108342372,False
QQQ,gamma_king_approach,CALL,UP,MID,midday,positive_gamma,5m,12,41.66666666666667,16.666666666666664,66.66666666666666,50.45,-8.783333333333331,-1.2685613972438718,4.848224761140811,0.5428215410210084,0.8068056486568471,False
QQQ,gamma_king_approach,CALL,UP,MID,midday,positive_gamma,15m,12,33.33333333333333,8.333333333333332,58.333333333333336,51.65,-18.31666666666667,-2.123078733511003,7.836833560344448,0.20418886316059925,0.5020693240265763,False
QQQ,gamma_king_approach,CALL,UP,MID,midday,positive_gamma,30m,12,58.333333333333336,33.33333333333333,83.33333333333334,52.41,5.923333333333339,-1.6345939167860877,15.348317835149361,0.6811765804214083,0.8762174527487437,False
QQQ,gamma_king_approach,CALL,UP,MID,midday,positive_gamma,60m,12,50.0,25.0,75.0,53.38,-3.3800000000000026,-0.5527681834625232,16.08199948050668,0.8144336953841806,0.933076504351666,False
QQQ,gamma_king_approach,CALL,UP,MID,midday,positive_gamma,1d,12,100.0,100.0,100.0,56.7,43.3,196.97008496345117,132.55584480478714,0.0024681961784871476,0.02152915644738789,True
QQQ,gamma_king_approach,CALL,UP,MID,midday,positive_gamma,5d,12,66.66666666666666,41.66666666666667,91.66666666666666,60.99,5.676666666666655,64.41593917159028,190.4749586431222,0.6868378386052068,0.8797119154696914,False
QQQ,gamma_king_approach,CALL,UP,MID,midday,unknown,5m,15,73.33333333333333,46.666666666666664,93.33333333333333,50.45,22.883333333333326,10.65426349551905,15.886330397577918,0.0762938227822505,0.26736398306389836,False
QQQ,gamma_king_approach,CALL,UP,MID,midday,unknown,15m,15,53.333333333333336,26.666666666666668,80.0,51.65,1.6833333333333371,9.722721417091696,24.61598506335192,0.8962013163030744,0.9583548646962886,False
QQQ,gamma_king_approach,CALL,UP,MID,midday,unknown,30m,15,46.666666666666664,20.0,73.33333333333333,52.41,-5.743333333333332,-2.769280952560582,31.15343709253562,0.6560347823792791,0.8616141274056184,False
QQQ,gamma_king_approach,CALL,UP,MID,midday,unknown,60m,15,60.0,33.33333333333333,86.66666666666667,53.38,6.619999999999997,-12.089439449147484,62.85370618047747,0.607280884335434,0.8409045849140715,False
QQQ,gamma_king_approach,CALL,UP,MID,midday,unknown,1d,15,100.0,100.0,100.0,56.7,43.3,328.305975765445,231.33084675705254,0.0007130087402174023,0.007889309671849962,True
QQQ,gamma_king_approach,CALL,UP,MID,midday,unknown,5d,15,80.0,60.0,100.0,60.99,19.009999999999998,260.0047008556072,285.5586296555957,0.13119117063631358,0.3777673467720355,False
QQQ,gamma_king_approach,CALL,UP,MID,open,negative_gamma,5m,101,47.524752475247524,37.62376237623762,57.45049504950492,50.45,-2.9252475247524785,-0.03428038084438976,14.099895069631737,0.5565381392541373,0.8115087610828376,False
QQQ,gamma_king_approach,CALL,UP,MID,open,negative_gamma,15m,101,46.53465346534654,37.62376237623762,56.43564356435643,51.65,-5.115346534653462,-1.5667012373433005,24.05363390779343,0.30360552219811243,0.6180725707440278,False
QQQ,gamma_king_approach,CALL,UP,MID,open,negative_gamma,30m,101,43.56435643564357,34.65346534653465,52.475247524752476,52.41,-8.845643564356429,-2.7688614504774884,35.35446855180547,0.07507248097892383,0.2654189786089171,False
QQQ,gamma_king_approach,CALL,UP,MID,open,negative_gamma,60m,101,44.554455445544555,35.64356435643564,53.46534653465347,53.38,-8.825544554455448,-7.835572391496413,38.89667715453565,0.07540720163380166,0.2658159467622212,False
QQQ,gamma_king_approach,CALL,UP,MID,open,negative_gamma,240m,99,52.52525252525253,43.43434343434344,62.62626262626263,54.66,-2.1347474747474635,-6.885976882713083,73.17091497115474,0.6696222619362766,0.8710884225990795,False
QQQ,gamma_king_approach,CALL,UP,MID,open,negative_gamma,1d,101,69.3069306930693,60.396039603960396,77.22772277227723,56.7,12.606930693069302,35.55851475739193,160.92849511198685,0.010557234394257486,0.06594104138832091,True
QQQ,gamma_king_approach,CALL,UP,MID,open,negative_gamma,5d,99,53.535353535353536,43.43434343434344,63.63636363636363,60.99,-7.454646464646466,43.60258578850052,267.6148334391651,0.1283493704801375,0.3746745977078639,False
QQQ,gamma_king_approach,CALL,UP,MID,open,positive_gamma,5m,37,45.94594594594595,29.72972972972973,62.16216216216216,50.45,-4.504054054054052,-2.5083423406717245,18.20781149989502,0.5837166100220763,0.8304063678290252,False
QQQ,gamma_king_approach,CALL,UP,MID,open,positive_gamma,15m,37,43.24324324324324,27.027027027027028,59.45945945945946,51.65,-8.406756756756756,-4.239613021129037,28.1936378022339,0.30617385610187964,0.6210360120130569,False
QQQ,gamma_king_approach,CALL,UP,MID,open,positive_gamma,30m,37,51.35135135135135,35.13513513513514,67.56756756756756,52.41,-1.0586486486486493,2.804197969088675,31.291817191451933,0.8974050992428009,0.9583548646962886,False
QQQ,gamma_king_approach,CALL,UP,MID,open,positive_gamma,60m,37,59.45945945945946,43.24324324324324,75.67567567567568,53.38,6.079459459459457,11.918627550868283,42.9398741555307,0.4585152770307368,0.7636155425437854,False
QQQ,gamma_king_approach,CALL,UP,MID,open,positive_gamma,240m,37,64.86486486486487,48.64864864864865,78.37837837837837,54.66,10.204864864864874,15.779293962422555,57.10815187438364,0.21243319433590813,0.5070830797170559,False
QQQ,gamma_king_approach,CALL,UP,MID,open,positive_gamma,1d,37,72.97297297297297,56.75675675675676,86.48648648648648,56.7,16.272972972972966,99.15342715347886,158.00865431254095,0.045748187295646,0.18982320770242006,False
QQQ,gamma_king_approach,CALL,UP,MID,open,positive_gamma,5d,37,72.97297297297297,56.75675675675676,86.48648648648648,60.99,11.982972972972966,117.80577251655319,216.8919883941754,0.135087918343485,0.3834443287897021,False
QQQ,gamma_king_approach,CALL,UP,MID,open,unknown,5m,54,48.148148148148145,35.18518518518518,61.111111111111114,50.45,-2.3018518518518576,-0.5728777948385968,16.37458825727015,0.7351254804693921,0.9012696892988266,False
QQQ,gamma_king_approach,CALL,UP,MID,open,unknown,15m,54,44.44444444444444,31.48148148148148,57.407407407407405,51.65,-7.205555555555556,-4.492153963012486,27.50865069997421,0.2893388294405277,0.6052497691851616,False
QQQ,gamma_king_approach,CALL,UP,MID,open,unknown,30m,54,50.0,37.03703703703704,62.96296296296296,52.41,-2.4099999999999966,-6.600412002800664,39.223762004023754,0.722882999932716,0.8974395296531493,False
QQQ,gamma_king_approach,CALL,UP,MID,open,unknown,60m,52,46.15384615384615,32.69230769230769,59.61538461538461,53.38,-7.226153846153849,-2.5088215484525054,44.74682048859333,0.2962263026488754,0.6103283304575967,False
QQQ,gamma_king_approach,CALL,UP,MID,open,unknown,240m,52,44.230769230769226,30.76923076923077,55.81730769230765,54.66,-10.42923076923077,-1.8734638530035213,72.69460225191551,0.13086477093469506,0.3777673467720355,False
QQQ,gamma_king_approach,CALL,UP,MID,open,unknown,1d,54,85.18518518518519,75.92592592592592,94.44444444444444,56.7,28.485185185185188,259.704092827278,211.4704825903705,2.3941874690791565e-05,0.00047684233759159866,True
QQQ,gamma_king_approach,CALL,UP,MID,open,unknown,5d,54,74.07407407407408,61.111111111111114,85.18518518518519,60.99,13.084074074074074,285.150969796455,337.3302185333641,0.04870521188382049,0.1986771581466922,False
QQQ,gamma_king_approach,PUT,DOWN,HIGH,afternoon,unknown,5m,11,63.63636363636363,36.36363636363637,90.9090909090909,49.55,14.086363636363636,-0.5684686249273523,21.821723598865457,0.35008651069432206,0.6682961346321324,False
QQQ,gamma_king_approach,PUT,DOWN,HIGH,afternoon,unknown,15m,11,54.54545454545454,27.27272727272727,81.81818181818183,48.35,6.195454545454538,-6.945685531011199,40.39399093095109,0.6809376831267571,0.8762174527487437,False
QQQ,gamma_king_approach,PUT,DOWN,HIGH,afternoon,unknown,30m,11,54.54545454545454,27.27272727272727,81.81818181818183,47.59,6.955454545454536,-4.364835389263694,35.482968267452726,0.6441461961044839,0.8564592433000917,False
QQQ,gamma_king_approach,PUT,DOWN,HIGH,afternoon,unknown,60m,11,54.54545454545454,27.27272727272727,81.81818181818183,46.62,7.925454545454542,11.4604926333133,111.31724943856435,0.5982487909210275,0.8390436175738006,False
QQQ,gamma_king_approach,PUT,DOWN,HIGH,afternoon,unknown,1d,11,9.090909090909092,0.0,27.27272727272727,43.3,-34.209090909090904,-227.68041997282842,256.8759607455195,0.022031431058024298,0.10969816714307931,False
QQQ,gamma_king_approach,PUT,DOWN,HIGH,afternoon,unknown,5d,11,18.181818181818183,0.0,45.45454545454545,39.01,-20.828181818181815,-318.80182366027265,330.69875068448124,0.15671140007644713,0.4222892759239063,False
QQQ,gamma_king_approach,PUT,DOWN,HIGH,midday,unknown,5m,33,45.45454545454545,30.303030303030305,63.63636363636363,49.55,-4.095454545454544,-1.426309811391585,18.896178906103817,0.6379614335675865,0.854668064028325,False
QQQ,gamma_king_approach,PUT,DOWN,HIGH,midday,unknown,15m,33,48.484848484848484,30.303030303030305,63.63636363636363,48.35,0.134848484848483,-2.430793400896404,32.26964362180597,0.9876322041546299,0.9917819192981367,False
QQQ,gamma_king_approach,PUT,DOWN,HIGH,midday,unknown,30m,33,51.515151515151516,36.36363636363637,66.66666666666666,47.59,3.925151515151512,3.851505566632915,40.007500315494845,0.6516361852330701,0.8613996032671668,False
QQQ,gamma_king_approach,PUT,DOWN,HIGH,midday,unknown,60m,33,66.66666666666666,48.484848484848484,81.81818181818183,46.62,20.04666666666666,9.89862809868576,53.09518919937464,0.02097316173917263,0.10665075863111188,False
QQQ,gamma_king_approach,PUT,DOWN,HIGH,midday,unknown,240m,22,68.18181818181817,45.45454545454545,86.36363636363636,45.34,22.84181818181817,13.834994833988219,83.44025360480748,0.03138792163325532,0.14426371673746194,False
QQQ,gamma_king_approach,PUT,DOWN,HIGH,midday,unknown,1d,33,15.151515151515152,6.0606060606060606,27.27272727272727,43.3,-28.148484848484845,-216.1379826033779,246.23241698210856,0.001100659106824553,0.011241774638079837,True
QQQ,gamma_king_approach,PUT,DOWN,HIGH,midday,unknown,5d,33,42.42424242424242,24.242424242424242,57.651515151515085,39.01,3.414242424242424,-214.97345345271555,473.88247562768584,0.6876104604087527,0.8797585655122693,False
QQQ,gamma_king_approach,PUT,DOWN,HIGH,open,negative_gamma,5m,13,53.84615384615385,23.076923076923077,76.92307692307693,49.55,4.2961538461538495,1.2177016087536292,16.54391224280192,0.7567034638138923,0.909718952975454,False
QQQ,gamma_king_approach,PUT,DOWN,HIGH,open,negative_gamma,15m,13,23.076923076923077,0.0,46.15384615384615,48.35,-25.273076923076925,-7.400408515489916,21.076020700166527,0.06823365326937303,0.25016605025639566,False
QQQ,gamma_king_approach,PUT,DOWN,HIGH,open,negative_gamma,30m,13,38.46153846153847,15.384615384615385,61.53846153846154,47.59,-9.128461538461536,-14.513695780748161,37.70204538948958,0.5098773333604627,0.7940513917143847,False
QQQ,gamma_king_approach,PUT,DOWN,HIGH,open,negative_gamma,60m,13,46.15384615384615,23.076923076923077,69.23076923076923,46.62,-0.46615384615384414,-9.562965570925977,61.74451200383286,0.9731228365814557,0.9899465049543078,False
QQQ,gamma_king_approach,PUT,DOWN,HIGH,open,negative_gamma,240m,13,38.46153846153847,15.384615384615385,69.23076923076923,45.34,-6.878461538461536,-10.926835919735653,116.71684060158267,0.6183562646645298,0.8436111923408824,False
QQQ,gamma_king_approach,PUT,DOWN,HIGH,open,negative_gamma,1d,13,7.6923076923076925,0.0,23.076923076923077,43.3,-35.607692307692304,-202.26990664751506,199.85503633610006,0.009567656628618915,0.061622822083549224,True
QQQ,gamma_king_approach,PUT,DOWN,HIGH,open,negative_gamma,5d,13,7.6923076923076925,0.0,23.076923076923077,39.01,-31.317692307692305,-440.6324566333697,273.16038431754964,0.02061493278936788,0.10527711403117357,False
QQQ,gamma_king_approach,PUT,DOWN,HIGH,open,positive_gamma,5m,14,50.0,21.428571428571427,71.42857142857143,49.55,0.45000000000000284,-3.9910719620606208,22.3115276094975,0.9731352937419526,0.9899465049543078,False
QQQ,gamma_king_approach,PUT,DOWN,HIGH,open,positive_gamma,15m,14,57.14285714285714,28.57142857142857,85.71428571428571,48.35,8.792857142857137,13.530753413066334,47.89394639178705,0.5103095622626559,0.7940513917143847,False
QQQ,gamma_king_approach,PUT,DOWN,HIGH,open,positive_gamma,30m,14,57.14285714285714,28.57142857142857,78.57142857142857,47.59,9.552857142857135,11.884463117222808,66.09898078060495,0.47417523521036387,0.7709379674508637,False
QQQ,gamma_king_approach,PUT,DOWN,HIGH,open,positive_gamma,60m,14,57.14285714285714,28.57142857142857,78.57142857142857,46.62,10.522857142857141,8.079033256902095,74.95296734931026,0.4299577452878842,0.7484096026057194,False
QQQ,gamma_king_approach,PUT,DOWN,HIGH,open,positive_gamma,240m,14,64.28571428571429,35.714285714285715,85.71428571428571,45.34,18.94571428571429,34.39022706470216,82.1268330859827,0.1544564948323892,0.4214052769970436,False
QQQ,gamma_king_approach,PUT,DOWN,HIGH,open,positive_gamma,1d,14,50.0,28.57142857142857,78.57142857142857,43.3,6.700000000000003,-24.029065675605327,219.38005927006864,0.6128952324178747,0.8418503479762761,False
QQQ,gamma_king_approach,PUT,DOWN,HIGH,open,positive_gamma,5d,14,57.14285714285714,28.57142857142857,85.71428571428571,39.01,18.13285714285714,134.48238937056257,589.725246399876,0.16423918362879397,0.43907343274364385,False
QQQ,gamma_king_approach,PUT,DOWN,HIGH,open,unknown,5m,128,53.90625,46.07421875,62.5,49.55,4.356250000000003,5.370142795699999,29.628834492608785,0.3242573892271525,0.6389299670650168,False
QQQ,gamma_king_approach,PUT,DOWN,HIGH,open,unknown,15m,128,44.53125,35.91796875,52.34375,48.35,-3.8187500000000014,0.8518396073280802,49.94360474190768,0.38728287991003496,0.7076499105389783,False
QQQ,gamma_king_approach,PUT,DOWN,HIGH,open,unknown,30m,128,44.53125,35.9375,53.125,47.59,-3.0587500000000034,-1.0123416443982984,71.77582894360933,0.4883588182338636,0.7822906002539772,False
QQQ,gamma_king_approach,PUT,DOWN,HIGH,open,unknown,60m,128,52.34375,43.75,60.9375,46.62,5.723750000000003,0.9188472820285529,72.04393726834316,0.1942508463226449,0.4918003418550014,False
QQQ,gamma_king_approach,PUT,DOWN,HIGH,open,unknown,240m,128,46.09375,37.5,53.90625,45.34,0.7537499999999966,-8.542484125977097,140.8156852560563,0.8639880741589696,0.9453879447125088,False
QQQ,gamma_king_approach,PUT,DOWN,HIGH,open,unknown,1d,128,22.65625,15.625,30.46875,43.3,-20.643749999999997,-212.67134387631586,273.73241840549133,2.4330852250731283e-06,7.268842109905971e-05,True
QQQ,gamma_king_approach,PUT,DOWN,HIGH,open,unknown,5d,128,22.65625,14.84375,29.6875,39.01,-16.353749999999998,-349.58256742913693,419.5858228572045,0.000148721912623051,0.0021157462569588803,True
QQQ,gamma_king_approach,PUT,DOWN,LOW,open,negative_gamma,5m,10,40.0,10.0,70.0,49.55,-9.549999999999997,-3.335630011100264,7.9679165188800365,0.5458306801531452,0.8072619588898623,False
QQQ,gamma_king_approach,PUT,DOWN,LOW,open,negative_gamma,15m,10,40.0,10.0,70.0,48.35,-8.350000000000001,-6.881094840025961,20.226158279863395,0.5972299570780406,0.8390436175738006,False
QQQ,gamma_king_approach,PUT,DOWN,LOW,open,negative_gamma,30m,10,60.0,30.0,90.0,47.59,12.409999999999997,2.1500659646561098,28.57590322015345,0.4319901533058328,0.7484096026057194,False
QQQ,gamma_king_approach,PUT,DOWN,LOW,open,negative_gamma,60m,10,50.0,20.0,80.0,46.62,3.3800000000000026,-3.728058306277397,28.86417676139745,0.830344239660274,0.9361101122030792,False
QQQ,gamma_king_approach,PUT,DOWN,LOW,open,negative_gamma,240m,10,50.0,20.0,80.0,45.34,4.659999999999997,-4.906708265619053,33.65843182073195,0.7672203821536374,0.9172493251994435,False
QQQ,gamma_king_approach,PUT,DOWN,LOW,open,negative_gamma,1d,10,20.0,0.0,40.24999999999977,43.3,-23.299999999999997,-146.24397294276332,167.9799970281444,0.13700624282785112,0.3870507332843548,False
QQQ,gamma_king_approach,PUT,DOWN,LOW,open,negative_gamma,5d,10,20.0,0.0,50.0,39.01,-19.009999999999998,-195.30234194966297,277.46908193176796,0.21778578405792914,0.5070830797170559,False
QQQ,gamma_king_approach,PUT,DOWN,LOW,open,unknown,5m,33,42.42424242424242,24.242424242424242,60.60606060606061,49.55,-7.125757575757575,-2.969407201677155,15.684774880302173,0.41294596923586346,0.7343310018405608,False
QQQ,gamma_king_approach,PUT,DOWN,LOW,open,unknown,15m,33,42.42424242424242,27.27272727272727,60.60606060606061,48.35,-5.925757575757579,-5.717379095990277,27.540236431021064,0.4957520841014036,0.7877975272622038,False
QQQ,gamma_king_approach,PUT,DOWN,LOW,open,unknown,30m,33,51.515151515151516,33.33333333333333,66.66666666666666,47.59,3.925151515151512,-4.330554036351273,35.113661152509444,0.6516361852330701,0.8613996032671668,False
QQQ,gamma_king_approach,PUT,DOWN,LOW,open,unknown,60m,33,57.57575757575758,39.39393939393939,72.72727272727273,46.62,10.95575757575758,-1.1630413505120347,54.92867017566761,0.20709036740982034,0.5050469164382353,False
QQQ,gamma_king_approach,PUT,DOWN,LOW,open,unknown,240m,33,66.66666666666666,51.515151515151516,81.81818181818183,45.34,21.326666666666654,-3.7026096812283993,68.78356782218222,0.013856619771565937,0.08156975678335612,True
QQQ,gamma_king_approach,PUT,DOWN,LOW,open,unknown,1d,33,9.090909090909092,0.0,18.181818181818183,43.3,-34.209090909090904,-279.02696070918796,261.44274252792246,7.305999619755532e-05,0.0011640892727477147,True
QQQ,gamma_king_approach,PUT,DOWN,LOW,open,unknown,5d,33,24.242424242424242,9.090909090909092,39.4696969696969,39.01,-14.767575757575756,-279.53720784515104,321.9126976895003,0.08200004096417501,0.28158060043732513,False
QQQ,gamma_king_approach,PUT,DOWN,MID,open,negative_gamma,5m,26,46.15384615384615,26.923076923076923,69.23076923076923,49.55,-3.396153846153844,-1.092631820858466,16.726291623554168,0.729075847449566,0.8988328678814067,False
QQQ,gamma_king_approach,PUT,DOWN,MID,open,negative_gamma,15m,26,26.923076923076923,11.538461538461538,46.15384615384615,48.35,-21.426923076923078,-9.000035445934712,23.34963024307202,0.028792439416733817,0.1349292749137134,False
QQQ,gamma_king_approach,PUT,DOWN,MID,open,negative_gamma,30m,26,38.46153846153847,19.230769230769234,57.692307692307686,47.59,-9.128461538461536,-7.167809186100582,31.05894228206827,0.35133273309027757,0.6694862074818858,False
QQQ,gamma_king_approach,PUT,DOWN,MID,open,negative_gamma,60m,26,34.61538461538461,15.384615384615385,53.84615384615385,46.62,-12.004615384615384,-9.501737941990577,38.66608181638472,0.21980672409492463,0.5070830797170559,False
QQQ,gamma_king_approach,PUT,DOWN,MID,open,negative_gamma,240m,26,34.61538461538461,15.384615384615385,53.84615384615385,45.34,-10.72461538461539,-12.502930223935358,60.78279235696455,0.2719942017968502,0.5845918545813598,False
QQQ,gamma_king_approach,PUT,DOWN,MID,open,negative_gamma,1d,26,19.230769230769234,3.8461538461538463,34.61538461538461,43.3,-24.069230769230764,-95.6543851821874,190.11914062322143,0.013251857979589055,0.07878592181894985,True
QQQ,gamma_king_approach,PUT,DOWN,MID,open,negative_gamma,5d,26,30.76923076923077,15.384615384615385,50.0,39.01,-8.240769230769228,-109.68337649820879,259.10193961938205,0.3889825387781385,0.7083533040569538,False
QQQ,gamma_king_approach,PUT,DOWN,MID,open,unknown,5m,67,53.73134328358209,41.7910447761194,65.67164179104478,49.55,4.181343283582095,1.8498799416693716,17.4208860711663,0.49363226968568297,0.7863966233506533,False
QQQ,gamma_king_approach,PUT,DOWN,MID,open,unknown,15m,67,53.73134328358209,41.7910447761194,65.67164179104478,48.35,5.3813432835820905,5.09217751709366,28.561484595820225,0.3780775838235113,0.6993850041317276,False
QQQ,gamma_king_approach,PUT,DOWN,MID,open,unknown,30m,67,58.2089552238806,46.26865671641791,70.1492537313433,47.59,10.618955223880597,5.527731124077078,38.102677138005156,0.08178516027029858,0.28158060043732513,False
QQQ,gamma_king_approach,PUT,DOWN,MID,open,unknown,60m,67,56.71641791044776,44.776119402985074,70.1492537313433,46.62,10.096417910447762,-0.06535130995864441,47.64907714033197,0.09759138717080829,0.31434422552322344,False
QQQ,gamma_king_approach,PUT,DOWN,MID,open,unknown,240m,67,52.23880597014925,40.298507462686565,64.17910447761194,45.34,6.8988059701492475,4.619132656875223,71.07814417485488,0.25666015571798395,0.5648414108342372,False
QQQ,gamma_king_approach,PUT,DOWN,MID,open,unknown,1d,67,32.83582089552239,22.388059701492537,44.776119402985074,43.3,-10.464179104477608,-111.3342191646777,245.33950474805403,0.08387174255123364,0.283489739442317,False
QQQ,gamma_king_approach,PUT,DOWN,MID,open,unknown,5d,64,25.0,14.0625,35.9375,39.01,-14.009999999999998,-184.31744116169216,310.78905812491854,0.021573594949200192,0.10874452983142288,False
QQQ,gamma_king_approach,PUT,UP,HIGH,afternoon,unknown,5m,16,50.0,25.0,75.0,49.55,0.45000000000000284,-3.763898811302118,21.712667904803062,0.9712811963227967,0.9899465049543078,False
QQQ,gamma_king_approach,PUT,UP,HIGH,afternoon,unknown,15m,16,50.0,25.0,75.0,48.35,1.6499999999999986,-9.563032825999509,49.516548269667,0.8949273958282933,0.9583548646962886,False
QQQ,gamma_king_approach,PUT,UP,HIGH,afternoon,unknown,30m,16,56.25,31.25,81.25,47.59,8.659999999999997,-18.626356381036604,68.25034587483117,0.4879292199863865,0.7822906002539772,False
QQQ,gamma_king_approach,PUT,UP,HIGH,afternoon,unknown,60m,16,37.5,18.75,62.5,46.62,-9.119999999999997,-34.812459496043324,99.29478760502248,0.4646125508963417,0.7658096528567288,False
QQQ,gamma_king_approach,PUT,UP,HIGH,afternoon,unknown,1d,16,25.0,6.25,50.0,43.3,-18.299999999999997,-282.59493322186006,365.13265814677436,0.13958894415296474,0.3888316742722451,False
QQQ,gamma_king_approach,PUT,UP,HIGH,afternoon,unknown,5d,16,18.75,0.0,37.5,39.01,-20.259999999999998,-404.39717864227487,518.880945473451,0.09662704586614734,0.31207924272985427,False
QQQ,gamma_king_approach,PUT,UP,HIGH,midday,unknown,5m,33,36.36363636363637,21.21212121212121,54.54545454545454,49.55,-13.18636363636363,-4.2582265205123075,16.919228066789785,0.1297574125405574,0.3763594854028303,False
QQQ,gamma_king_approach,PUT,UP,HIGH,midday,unknown,15m,33,54.54545454545454,36.36363636363637,69.6969696969697,48.35,6.195454545454538,3.89808035027419,24.78657677154973,0.4763462436810355,0.7718331012643574,False
QQQ,gamma_king_approach,PUT,UP,HIGH,midday,unknown,30m,33,51.515151515151516,33.33333333333333,69.6969696969697,47.59,3.925151515151512,3.513329656441205,32.064120041934984,0.6516361852330701,0.8613996032671668,False
QQQ,gamma_king_approach,PUT,UP,HIGH,midday,unknown,60m,33,54.54545454545454,36.36363636363637,72.72727272727273,46.62,7.925454545454542,4.452211298423865,45.25982319036085,0.36142502110170094,0.6801620475850907,False
QQQ,gamma_king_approach,PUT,UP,HIGH,midday,unknown,240m,21,71.42857142857143,52.38095238095239,90.47619047619048,45.34,26.088571428571427,48.26062501292978,88.90933145490791,0.01632756900679344,0.08991449291759522,True
QQQ,gamma_king_approach,PUT,UP,HIGH,midday,unknown,1d,33,21.21212121212121,9.090909090909092,36.36363636363637,43.3,-22.087878787878786,-218.658571924292,294.8106992283476,0.010443173686530027,0.06568206608107044,True
QQQ,gamma_king_approach,PUT,UP,HIGH,midday,unknown,5d,33,30.303030303030305,15.151515151515152,45.45454545454545,39.01,-8.706969696969693,-343.30660832680223,541.0396124686993,0.3051595681641299,0.6201797346192777,False
QQQ,gamma_king_approach,PUT,UP,HIGH,open,negative_gamma,5m,11,36.36363636363637,9.090909090909092,63.63636363636363,49.55,-13.18636363636363,-3.4700582890424645,22.0527833050135,0.3817263636111037,0.7028705770651292,False
QQQ,gamma_king_approach,PUT,UP,HIGH,open,negative_gamma,15m,11,18.181818181818183,0.0,45.45454545454545,48.35,-30.168181818181818,-5.732290565606078,37.58355142246085,0.045260935792165835,0.18845581279316437,False
QQQ,gamma_king_approach,PUT,UP,HIGH,open,negative_gamma,30m,11,36.36363636363637,9.090909090909092,63.63636363636363,47.59,-11.226363636363637,-2.3934984339813514,59.45710126623003,0.4559457890634038,0.7636155425437854,False
QQQ,gamma_king_approach,PUT,UP,HIGH,open,negative_gamma,60m,11,54.54545454545454,27.27272727272727,81.81818181818183,46.62,7.925454545454542,0.03359301074289692,50.52815445299856,0.5982487909210275,0.8390436175738006,False
QQQ,gamma_king_approach,PUT,UP,HIGH,open,negative_gamma,240m,11,36.36363636363637,9.090909090909092,63.63636363636363,45.34,-8.976363636363637,-16.430571591528782,72.04312708144303,0.5498215347861708,0.8077297325903993,False
QQQ,gamma_king_approach,PUT,UP,HIGH,open,negative_gamma,1d,11,18.181818181818183,0.0,45.45454545454545,43.3,-25.118181818181814,-133.61238451299843,185.03885933710689,0.09270176303135802,0.30318811405283147,False
QQQ,gamma_king_approach,PUT,UP,HIGH,open,negative_gamma,5d,11,9.090909090909092,0.0,27.27272727272727,39.01,-29.919090909090905,-356.1731223092765,266.9665916912752,0.04191548352231145,0.17953047601850244,False
QQQ,gamma_king_approach,PUT,UP,HIGH,open,unknown,5m,97,49.48453608247423,40.20618556701031,58.76288659793815,49.55,-0.06546391752576852,3.695727922051976,24.20216234957705,0.9897112297733095,0.9930351969597858,False
QQQ,gamma_king_approach,PUT,UP,HIGH,open,unknown,15m,97,56.70103092783505,47.42268041237113,66.00515463917523,48.35,8.351030927835048,7.878916220374767,43.116752662424,0.09979284612262562,0.31885682116721287,False
QQQ,gamma_king_approach,PUT,UP,HIGH,open,unknown,30m,97,55.670103092783506,45.36082474226804,64.94845360824742,47.59,8.080103092783503,9.09805528362717,60.73270784810568,0.11105977316426996,0.34135371500742173,False
QQQ,gamma_king_approach,PUT,UP,HIGH,open,unknown,60m,97,52.57731958762887,42.2680412371134,61.881443298969046,46.62,5.957319587628874,11.986147235682866,77.43847370949035,0.23953641879194842,0.5380564294292826,False
QQQ,gamma_king_approach,PUT,UP,HIGH,open,unknown,240m,97,56.70103092783505,46.391752577319586,65.97938144329896,45.34,11.361030927835046,23.80231267863261,122.39246226069297,0.02459873028340187,0.11998156199455198,False
QQQ,gamma_king_approach,PUT,UP,HIGH,open,unknown,1d,97,22.68041237113402,14.432989690721648,30.927835051546392,43.3,-20.619587628865975,-201.0036399816757,243.93746090833133,4.157442745977846e-05,0.0007643298586836194,True
QQQ,gamma_king_approach,PUT,UP,HIGH,open,unknown,5d,97,27.835051546391753,19.587628865979383,36.108247422680385,39.01,-11.174948453608245,-233.66137283521175,479.43229795680315,0.024046237669339554,0.11825207413522949,False
QQQ,gamma_king_approach,PUT,UP,LOW,open,unknown,5m,20,30.0,15.0,50.0,49.55,-19.549999999999997,-0.29496301946688314,13.302266203241834,0.08034704412791482,0.2774991841990122,False
QQQ,gamma_king_approach,PUT,UP,LOW,open,unknown,15m,20,35.0,15.0,55.00000000000001,48.35,-13.350000000000001,-1.4719022731621654,17.04008652005947,0.2321999642503314,0.528556361016448,False
QQQ,gamma_king_approach,PUT,UP,LOW,open,unknown,30m,20,45.0,25.0,65.0,47.59,-2.5900000000000034,-4.171762871514206,22.9043739093085,0.8165953274388711,0.933622045094426,False
QQQ,gamma_king_approach,PUT,UP,LOW,open,unknown,60m,20,40.0,20.0,60.0,46.62,-6.619999999999997,-7.819060612372543,33.370749246508566,0.5528677535063291,0.8096531439216462,False
QQQ,gamma_king_approach,PUT,UP,LOW,open,unknown,240m,20,35.0,15.0,55.00000000000001,45.34,-10.340000000000003,-16.3628358387367,45.31239159948649,0.35295088762643356,0.6694862074818858,False
QQQ,gamma_king_approach,PUT,UP,LOW,open,unknown,1d,20,10.0,0.0,25.0,43.3,-33.3,-404.20436927410117,240.47714764942575,0.002651022346052523,0.02262836931094832,True
QQQ,gamma_king_approach,PUT,UP,LOW,open,unknown,5d,20,10.0,0.0,25.0,39.01,-29.009999999999998,-460.50294196884397,321.91931704996523,0.007819210688758682,0.0524941391745316,True
QQQ,gamma_king_approach,PUT,UP,MID,open,negative_gamma,5m,42,52.38095238095239,38.095238095238095,66.66666666666666,49.55,2.8309523809523895,1.7594166805206666,13.338516641368336,0.7136576362468792,0.8927698099132136,False
QQQ,gamma_king_approach,PUT,UP,MID,open,negative_gamma,15m,42,71.42857142857143,57.14285714285714,85.71428571428571,48.35,23.07857142857143,6.288222859948273,20.802393931914896,0.0027629061970981805,0.02325121764459384,True
QQQ,gamma_king_approach,PUT,UP,MID,open,negative_gamma,30m,42,57.14285714285714,42.857142857142854,71.42857142857143,47.59,9.552857142857135,3.5412287281809136,25.910576922675766,0.2151113093189283,0.5070830797170559,False
QQQ,gamma_king_approach,PUT,UP,MID,open,negative_gamma,60m,42,47.61904761904761,33.33333333333333,61.904761904761905,46.62,0.9990476190476159,3.660477711265831,30.695315788711792,0.8967339503552467,0.9583548646962886,False
QQQ,gamma_king_approach,PUT,UP,MID,open,negative_gamma,240m,40,57.49999999999999,42.4375,72.5,45.34,12.15999999999999,7.346614047600918,41.80052776480851,0.12238110252923406,0.3637945709513301,False
QQQ,gamma_king_approach,PUT,UP,MID,open,negative_gamma,1d,42,45.23809523809524,30.952380952380953,59.523809523809526,43.3,1.9380952380952436,-23.722159541129773,156.21549696312806,0.7998880315162982,0.9276214246023474,False
QQQ,gamma_king_approach,PUT,UP,MID,open,negative_gamma,5d,42,45.23809523809524,30.892857142857146,59.523809523809526,39.01,6.228095238095243,-51.39091340386902,239.20879292134964,0.4079595558443727,0.7287169943707406,False
QQQ,gamma_king_approach,PUT,UP,MID,open,positive_gamma,5m,34,61.76470588235294,44.11764705882353,76.47058823529412,49.55,12.214705882352945,-0.10754368149601344,14.815754358314921,0.15429457003046432,0.4214052769970436,False
QQQ,gamma_king_approach,PUT,UP,MID,open,positive_gamma,15m,34,52.94117647058824,35.294117647058826,70.58823529411765,48.35,4.591176470588238,0.5359335574563642,17.26731238002173,0.592158744850585,0.8364417258823275,False
QQQ,gamma_king_approach,PUT,UP,MID,open,positive_gamma,30m,34,52.94117647058824,35.294117647058826,67.64705882352942,47.59,5.351176470588236,1.4067878591013918,25.877368632262474,0.5321185932044741,0.805933737489666,False
QQQ,gamma_king_approach,PUT,UP,MID,open,positive_gamma,60m,34,52.94117647058824,35.294117647058826,67.72058823529406,46.62,6.321176470588242,-4.708325744931093,34.312885947932486,0.4599922218252597,0.7636155425437854,False
QQQ,gamma_king_approach,PUT,UP,MID,open,positive_gamma,240m,34,41.17647058823529,26.397058823529417,58.82352941176471,45.34,-4.1635294117647135,-13.94979026166121,49.944063548555945,0.6257840150570289,0.8478592947768135,False
QQQ,gamma_king_approach,PUT,UP,MID,open,positive_gamma,1d,34,32.35294117647059,17.647058823529413,47.05882352941176,43.3,-10.94705882352941,-72.81532793235073,118.88015799968792,0.19765762917419005,0.49525410293004335,False
QQQ,gamma_king_approach,PUT,UP,MID,open,positive_gamma,5d,33,45.45454545454545,30.303030303030305,60.60606060606061,39.01,6.444545454545455,-64.62641044253574,215.5231478420404,0.4478628090425951,0.7636155425437854,False
QQQ,gamma_king_approach,PUT,UP,MID,open,unknown,5m,59,50.847457627118644,38.983050847457626,64.40677966101694,49.55,1.2974576271186464,2.929194541743766,20.026014702344437,0.8420067287332214,0.9361101122030792,False
QQQ,gamma_king_approach,PUT,UP,MID,open,unknown,15m,59,59.32203389830508,47.45762711864407,71.22881355932199,48.35,10.972033898305078,8.381896194074237,27.720615583334695,0.09170446841036561,0.30179003689465006,False
QQQ,gamma_king_approach,PUT,UP,MID,open,unknown,30m,59,59.32203389830508,47.45762711864407,71.1864406779661,47.59,11.732033898305076,10.523332156520386,40.61255635413383,0.07116760493306162,0.2572972638956708,False
QQQ,gamma_king_approach,PUT,UP,MID,open,unknown,60m,58,62.06896551724138,48.275862068965516,74.13793103448276,46.62,15.448965517241383,16.105541243643444,48.043336285771154,0.018348395808169604,0.09745036884783412,True
QQQ,gamma_king_approach,PUT,UP,MID,open,unknown,240m,58,53.44827586206896,41.33620689655173,67.24137931034483,45.34,8.108275862068957,8.737414642236452,78.71800412519599,0.2148220077421974,0.5070830797170559,False
QQQ,gamma_king_approach,PUT,UP,MID,open,unknown,1d,59,16.94915254237288,8.47457627118644,27.11864406779661,43.3,-26.35084745762712,-262.4758694174232,265.5591743012969,4.408921986187586e-05,0.0007982820868930553,True
QQQ,gamma_king_approach,PUT,UP,MID,open,unknown,5d,59,28.8135593220339,18.64406779661017,40.67796610169492,39.01,-10.196440677966098,-289.1898482654603,342.18446611323554,0.108345609033351,0.33724824688414834,False
SPY,gamma_gate_break,CALL,UP,HIGH,afternoon,unknown,5m,19,52.63157894736842,31.57894736842105,73.68421052631578,50.52,2.1115789473684146,0.9430020847700628,8.598431141651998,0.853940387302689,0.9387845104201594,False
SPY,gamma_gate_break,CALL,UP,HIGH,afternoon,unknown,15m,19,63.1578947368421,42.10526315789473,84.21052631578947,51.67,11.487894736842101,-0.45612545716635244,25.26502518821244,0.31631919154149335,0.630697083716365,False
SPY,gamma_gate_break,CALL,UP,HIGH,afternoon,unknown,30m,19,63.1578947368421,42.10526315789473,84.21052631578947,52.44,10.717894736842105,1.5332713618532605,35.5861876409341,0.3495415222298166,0.6682961346321324,False
SPY,gamma_gate_break,CALL,UP,HIGH,afternoon,unknown,60m,19,52.63157894736842,31.57894736842105,73.68421052631578,53.28,-0.6484210526315834,-14.568194628229902,53.385633052782374,0.9548239555934661,0.9810959818866655,False
SPY,gamma_gate_break,CALL,UP,HIGH,afternoon,unknown,1d,19,78.94736842105263,57.89473684210527,94.73684210526315,55.2,23.747368421052627,323.54168168445585,284.25726717641396,0.03738495215654769,0.16485246430654793,False
SPY,gamma_gate_break,CALL,UP,HIGH,afternoon,unknown,5d,19,84.21052631578947,63.1578947368421,100.0,61.47,22.740526315789467,421.2537886384633,392.6801097127164,0.04167111562836778,0.1791258387622284,False
SPY,gamma_gate_break,CALL,UP,HIGH,close,unknown,1d,10,80.0,50.0,100.0,55.2,24.799999999999997,487.8447352691199,524.1596185430831,0.11478596553221165,0.34903111656741204,False
SPY,gamma_gate_break,CALL,UP,HIGH,close,unknown,5d,10,70.0,40.0,100.0,61.47,8.530000000000001,447.08696550294417,513.2480491003477,0.579397093691095,0.8272156833463066,False
SPY,gamma_gate_break,CALL,UP,HIGH,midday,negative_gamma,5m,14,78.57142857142857,57.14285714285714,100.0,50.52,28.051428571428566,4.225122085277044,6.0804760215246505,0.035791324046235085,0.15959191132556316,False
SPY,gamma_gate_break,CALL,UP,HIGH,midday,negative_gamma,15m,14,57.14285714285714,28.57142857142857,78.57142857142857,51.67,5.472857142857137,2.82814420655354,16.476946460440757,0.6819675164087731,0.8762915936650364,False
SPY,gamma_gate_break,CALL,UP,HIGH,midday,negative_gamma,30m,14,71.42857142857143,50.0,92.85714285714286,52.44,18.988571428571433,6.008323868685165,13.744424497687614,0.15483196247942566,0.4214674149496894,False
SPY,gamma_gate_break,CALL,UP,HIGH,midday,negative_gamma,60m,14,42.857142857142854,21.428571428571427,71.42857142857143,53.28,-10.422857142857147,-0.0330051611570915,25.780974589710375,0.43441506093340276,0.7501820777679427,False
SPY,gamma_gate_break,CALL,UP,HIGH,midday,negative_gamma,1d,14,100.0,100.0,100.0,55.2,44.8,520.7811400235906,318.96167498024215,0.0007494919228201447,0.008142207707000663,True
SPY,gamma_gate_break,CALL,UP,HIGH,midday,negative_gamma,5d,14,100.0,100.0,100.0,61.47,38.53,515.7470635251518,344.3668312619938,0.003053306471473949,0.024487927741015898,True
SPY,gamma_gate_break,CALL,UP,HIGH,midday,unknown,5m,39,38.46153846153847,23.076923076923077,53.84615384615385,50.52,-12.058461538461536,-2.528387426981556,17.550929905820418,0.1320202484586579,0.37833140745346805,False
SPY,gamma_gate_break,CALL,UP,HIGH,midday,unknown,15m,39,35.8974358974359,20.51282051282051,51.34615384615378,51.67,-15.772564102564104,-10.484102298317024,26.47372615495141,0.048713311579063445,0.1986771581466922,False
SPY,gamma_gate_break,CALL,UP,HIGH,midday,unknown,30m,39,48.717948717948715,33.33333333333333,64.1025641025641,52.44,-3.7220512820512823,-11.535658451270319,40.29371949764395,0.6416174018879437,0.8564592433000917,False
SPY,gamma_gate_break,CALL,UP,HIGH,midday,unknown,60m,39,53.84615384615385,38.46153846153847,69.23076923076923,53.28,0.5661538461538456,-9.73673096497398,61.699798295997525,0.9435050110998604,0.9810632885879361,False
SPY,gamma_gate_break,CALL,UP,HIGH,midday,unknown,240m,34,44.11764705882353,26.47058823529412,61.76470588235294,54.63,-10.512352941176474,-11.637734453562446,83.80137717118296,0.2182366281367889,0.5070830797170559,False
SPY,gamma_gate_break,CALL,UP,HIGH,midday,unknown,1d,39,87.17948717948718,76.92307692307693,97.43589743589743,55.2,31.97948717948718,247.61598954026493,270.12749468703174,5.9190660455898936e-05,0.000996237172461961,True
SPY,gamma_gate_break,CALL,UP,HIGH,midday,unknown,5d,39,82.05128205128204,69.23076923076923,94.87179487179486,61.47,20.581282051282045,289.32757427389237,424.83528052878387,0.008265398118565193,0.054873059731585586,True
SPY,gamma_gate_break,CALL,UP,HIGH,open,negative_gamma,5m,13,46.15384615384615,23.076923076923077,76.92307692307693,50.52,-4.36615384615385,2.2335193674572746,10.030889549799559,0.7528642633843459,0.909718952975454,False
SPY,gamma_gate_break,CALL,UP,HIGH,open,negative_gamma,15m,13,61.53846153846154,38.46153846153847,84.61538461538461,51.67,9.868461538461538,-2.0895008406808753,18.0787534721674,0.47645106352359523,0.7718331012643574,False
SPY,gamma_gate_break,CALL,UP,HIGH,open,negative_gamma,30m,13,61.53846153846154,38.26923076923079,84.61538461538461,52.44,9.098461538461542,4.723721749752321,20.877621324461245,0.5112567795758047,0.7940513917143847,False
SPY,gamma_gate_break,CALL,UP,HIGH,open,negative_gamma,60m,13,76.92307692307693,53.84615384615385,100.0,53.28,23.643076923076933,15.416691561146742,37.1255357313682,0.08752379671816679,0.2905303807728037,False
SPY,gamma_gate_break,CALL,UP,HIGH,open,negative_gamma,240m,13,53.84615384615385,23.076923076923077,84.61538461538461,54.63,-0.7838461538461559,15.37234637317626,55.39568834923583,0.9547301171395914,0.9810959818866655,False
SPY,gamma_gate_break,CALL,UP,HIGH,open,negative_gamma,1d,13,100.0,100.0,100.0,55.2,44.8,602.5773759711841,208.2925777147707,0.0011614254508767186,0.011692142961755412,True
SPY,gamma_gate_break,CALL,UP,HIGH,open,negative_gamma,5d,13,100.0,100.0,100.0,61.47,38.53,725.6854086873086,299.62840470495115,0.004309613512714083,0.03259486169426158,True
SPY,gamma_gate_break,CALL,UP,HIGH,open,unknown,5m,62,53.2258064516129,41.895161290322584,66.12903225806451,50.52,2.7058064516128937,-0.25501325040584943,15.682587447392972,0.67001029975679,0.8710884225990795,False
SPY,gamma_gate_break,CALL,UP,HIGH,open,unknown,15m,62,56.451612903225815,45.16129032258064,67.74193548387096,51.67,4.781612903225813,3.0961132726815426,29.172547827411726,0.451191850305936,0.7636155425437854,False
SPY,gamma_gate_break,CALL,UP,HIGH,open,unknown,30m,62,59.67741935483871,48.38709677419355,72.58064516129032,52.44,7.237419354838714,4.990953235797819,44.3785403936161,0.2538243619515068,0.5606656423882637,False
SPY,gamma_gate_break,CALL,UP,HIGH,open,unknown,60m,62,54.83870967741935,43.54838709677419,67.74193548387096,53.28,1.5587096774193512,7.031930107885124,55.39805515314239,0.8056855455031526,0.9276214246023474,False
SPY,gamma_gate_break,CALL,UP,HIGH,open,unknown,240m,60,55.00000000000001,40.0,66.66666666666666,54.63,0.37000000000000455,-10.226768479067589,91.8405076713005,0.9540931390500345,0.9810959818866655,False
SPY,gamma_gate_break,CALL,UP,HIGH,open,unknown,1d,62,88.70967741935483,80.64516129032258,95.16129032258065,55.2,33.50967741935483,304.8368248898298,314.08975393416097,1.1212978967556353e-07,4.690986217516379e-06,True
SPY,gamma_gate_break,CALL,UP,HIGH,open,unknown,5d,62,82.25806451612904,72.58064516129032,91.93548387096774,61.47,20.78806451612904,395.52037793118757,425.49600085474793,0.0007698814016852129,0.008288362837962427,True
SPY,gamma_gate_break,CALL,UP,LOW,open,negative_gamma,5m,11,45.45454545454545,18.181818181818183,72.72727272727273,50.52,-5.06545454545455,-2.0411188318810387,11.523404531993258,0.7368539635522624,0.9012696892988266,False
SPY,gamma_gate_break,CALL,UP,LOW,open,negative_gamma,15m,11,27.27272727272727,0.0,54.54545454545454,51.67,-24.397272727272732,-4.629764395297582,16.811943654488157,0.10539661971432546,0.33099206706349954,False
SPY,gamma_gate_break,CALL,UP,LOW,open,negative_gamma,30m,11,36.36363636363637,9.090909090909092,63.63636363636363,52.44,-16.07636363636363,-5.926154502615092,17.54117602853094,0.2856750982278973,0.6020842017325172,False
SPY,gamma_gate_break,CALL,UP,LOW,open,negative_gamma,60m,11,36.36363636363637,9.090909090909092,63.63636363636363,53.28,-16.916363636363634,-8.143807622730135,20.941585760422946,0.2607895862291394,0.5718230376950854,False
SPY,gamma_gate_break,CALL,UP,LOW,open,negative_gamma,240m,11,63.63636363636363,36.36363636363637,90.9090909090909,54.63,9.00636363636363,-1.3808072531416087,37.96262927252464,0.5485112257279141,0.8077297325903993,False
SPY,gamma_gate_break,CALL,UP,LOW,open,negative_gamma,1d,11,90.9090909090909,72.72727272727273,100.0,55.2,35.709090909090904,185.09168154107257,134.81862593388368,0.017238182485206366,0.09321098674127423,True
SPY,gamma_gate_break,CALL,UP,LOW,open,negative_gamma,5d,11,90.9090909090909,72.72727272727273,100.0,61.47,29.439090909090908,221.7316557039203,186.50631845048395,0.04482732726386418,0.18845581279316437,False
SPY,gamma_gate_break,CALL,UP,MID,afternoon,negative_gamma,5m,19,47.368421052631575,26.31578947368421,68.42105263157895,50.52,-3.151578947368428,-0.6429436405745002,7.507860224853047,0.7834982166168432,0.9213305979882629,False
SPY,gamma_gate_break,CALL,UP,MID,afternoon,negative_gamma,15m,19,63.1578947368421,42.10526315789473,84.21052631578947,51.67,11.487894736842101,-0.9298093466947789,19.13998599887666,0.31631919154149335,0.630697083716365,False
SPY,gamma_gate_break,CALL,UP,MID,afternoon,negative_gamma,30m,19,57.89473684210527,36.84210526315789,78.94736842105263,52.44,5.4547368421052695,2.586692089385276,25.27282028465216,0.6340030137077777,0.8511714252273682,False
SPY,gamma_gate_break,CALL,UP,MID,afternoon,negative_gamma,60m,19,63.1578947368421,42.10526315789473,84.21052631578947,53.28,9.877894736842102,3.33830260489466,31.9871251418942,0.3881408828665367,0.7081348931687197,False
SPY,gamma_gate_break,CALL,UP,MID,afternoon,negative_gamma,1d,19,94.73684210526315,84.21052631578947,100.0,55.2,39.53684210526315,153.41147257596376,184.44966645625158,0.0005291785301777541,0.006139498481188506,True
SPY,gamma_gate_break,CALL,UP,MID,afternoon,negative_gamma,5d,16,87.5,68.75,100.0,61.47,26.03,195.12172217165084,172.9341088473278,0.03239887966091737,0.1477735160106727,False
SPY,gamma_gate_break,CALL,UP,MID,afternoon,unknown,5m,11,63.63636363636363,36.36363636363637,90.9090909090909,50.52,13.11636363636363,0.3531567668007457,3.4006060014340043,0.3842522103536219,0.7053477594048819,False
SPY,gamma_gate_break,CALL,UP,MID,afternoon,unknown,15m,11,63.63636363636363,36.36363636363637,90.9090909090909,51.67,11.966363636363631,3.44024129694933,9.652811325301968,0.4270779146593384,0.747766069651771,False
SPY,gamma_gate_break,CALL,UP,MID,afternoon,unknown,30m,11,72.72727272727273,45.45454545454545,100.0,52.44,20.287272727272736,3.5201887202002307,11.270951350084214,0.17788020057943665,0.4641197373197092,False
SPY,gamma_gate_break,CALL,UP,MID,afternoon,unknown,60m,11,63.63636363636363,36.36363636363637,90.9090909090909,53.28,10.356363636363632,5.12502061923687,17.439489286109236,0.4911717374992741,0.7857432748482365,False
SPY,gamma_gate_break,CALL,UP,MID,afternoon,unknown,1d,11,100.0,100.0,100.0,55.2,44.8,272.7499096520998,251.35660368479682,0.00280903012928424,0.023474062968494178,True
SPY,gamma_gate_break,CALL,UP,MID,afternoon,unknown,5d,11,63.63636363636363,36.36363636363637,90.9090909090909,61.47,2.1663636363636343,184.4179449494839,367.6337443747156,0.8826288838363068,0.9557589087515291,False
SPY,gamma_gate_break,CALL,UP,MID,midday,negative_gamma,5m,25,48.0,28.000000000000004,68.0,50.52,-2.520000000000003,1.662502243774869,5.152917081987534,0.801030529104257,0.9276214246023474,False
SPY,gamma_gate_break,CALL,UP,MID,midday,negative_gamma,15m,25,68.0,48.0,84.0,51.67,16.33,3.4268698329102976,12.343534013912368,0.10227740999749124,0.3257400613064692,False
SPY,gamma_gate_break,CALL,UP,MID,midday,negative_gamma,30m,25,76.0,60.0,92.0,52.44,23.560000000000002,3.6056316640349046,15.207990489545585,0.018333622234711244,0.09745036884783412,True
SPY,gamma_gate_break,CALL,UP,MID,midday,negative_gamma,60m,25,68.0,48.0,84.0,53.28,14.719999999999999,3.6486331137345873,21.470018095066894,0.14016482024479848,0.3895278144012423,False
SPY,gamma_gate_break,CALL,UP,MID,midday,negative_gamma,240m,22,59.09090909090909,36.36363636363637,77.27272727272727,54.63,4.460909090909091,-9.781563540775187,56.35800711140132,0.6742837462636182,0.8735857107811538,False
SPY,gamma_gate_break,CALL,UP,MID,midday,negative_gamma,1d,25,68.0,48.0,88.0,55.2,12.799999999999997,80.57089476998942,143.70771154832119,0.19810164117201734,0.49525410293004335,False
SPY,gamma_gate_break,CALL,UP,MID,midday,negative_gamma,5d,25,68.0,48.0,88.0,61.47,6.530000000000001,49.39786241888868,169.76265959448529,0.5022898632200476,0.7940513917143847,False
SPY,gamma_gate_break,CALL,UP,MID,midday,unknown,5m,26,34.61538461538461,15.384615384615385,53.84615384615385,50.52,-15.90461538461539,-0.7096256436156408,6.366345082898463,0.10479336923127747,0.33099206706349954,False
SPY,gamma_gate_break,CALL,UP,MID,midday,unknown,15m,26,50.0,30.76923076923077,69.23076923076923,51.67,-1.6700000000000017,2.088205616360498,9.533535096636568,0.8646937435738677,0.9453879447125088,False
SPY,gamma_gate_break,CALL,UP,MID,midday,unknown,30m,26,53.84615384615385,34.61538461538461,73.07692307692307,52.44,1.406153846153849,3.708989949953108,14.314286920383596,0.8858391054091586,0.9563246675015791,False
SPY,gamma_gate_break,CALL,UP,MID,midday,unknown,60m,26,65.38461538461539,46.15384615384615,84.61538461538461,53.28,12.104615384615386,3.466641329635593,25.691996978511206,0.2160506613021349,0.5070830797170559,False
SPY,gamma_gate_break,CALL,UP,MID,midday,unknown,240m,21,71.42857142857143,52.38095238095239,90.47619047619048,54.63,16.798571428571428,27.476437965270065,59.70115117660665,0.1220422295104393,0.36369193083534906,False
SPY,gamma_gate_break,CALL,UP,MID,midday,unknown,1d,26,92.3076923076923,80.76923076923077,100.0,55.2,37.107692307692304,333.1714069191564,265.96775049770457,0.00014186737736210375,0.0020425483849122166,True
SPY,gamma_gate_break,CALL,UP,MID,midday,unknown,5d,26,84.61538461538461,69.23076923076923,96.15384615384616,61.47,23.145384615384614,356.0492223171502,301.20561003679353,0.015306450943977978,0.08737241923881103,True
SPY,gamma_gate_break,CALL,UP,MID,open,negative_gamma,5m,48,45.83333333333333,31.25,58.38541666666662,50.52,-4.6866666666666745,-1.0234067531012212,8.173846060265255,0.5160548530363205,0.7981770236092267,False
SPY,gamma_gate_break,CALL,UP,MID,open,negative_gamma,15m,48,41.66666666666667,29.114583333333336,56.25,51.67,-10.00333333333333,-1.4146412346248567,15.850043368717497,0.1654794815335352,0.4414017420369968,False
SPY,gamma_gate_break,CALL,UP,MID,open,negative_gamma,30m,47,48.93617021276596,31.914893617021278,63.829787234042556,52.44,-3.5038297872340394,-0.6135517764166142,30.90784495992001,0.630520758401419,0.8497387502753074,False
SPY,gamma_gate_break,CALL,UP,MID,open,negative_gamma,60m,47,55.319148936170215,40.42553191489361,68.08510638297872,53.28,2.039148936170214,-6.079987758633502,35.70560800543003,0.7793259376349759,0.9213305979882629,False
SPY,gamma_gate_break,CALL,UP,MID,open,negative_gamma,240m,47,46.808510638297875,31.914893617021278,61.702127659574465,54.63,-7.8214893617021275,-5.955066905801453,52.021140463814305,0.2814551225780131,0.5974047450812178,False
SPY,gamma_gate_break,CALL,UP,MID,open,negative_gamma,1d,48,66.66666666666666,54.166666666666664,79.16666666666666,55.2,11.466666666666654,145.8371431256197,304.10897621980337,0.11014742082535167,0.340119296863812,False
SPY,gamma_gate_break,CALL,UP,MID,open,negative_gamma,5d,47,74.46808510638297,61.702127659574465,87.2340425531915,61.47,12.998085106382973,186.82280841937776,365.27253453479346,0.06709497418035038,0.2490015346134121,False
SPY,gamma_gate_break,CALL,UP,MID,open,unknown,5m,32,43.75,25.0,59.375,50.52,-6.770000000000003,-1.5331339659090533,8.63218178376124,0.44368850563011186,0.7628888693927823,False
SPY,gamma_gate_break,CALL,UP,MID,open,unknown,15m,32,56.25,37.5,71.95312499999993,51.67,4.579999999999998,0.220892673063537,14.18674254548558,0.6041393739360512,0.8390436175738006,False
SPY,gamma_gate_break,CALL,UP,MID,open,unknown,30m,32,59.375,40.625,75.0,52.44,6.935000000000002,5.156714912469323,21.466741227991847,0.43213608853384633,0.7484096026057194,False
SPY,gamma_gate_break,CALL,UP,MID,open,unknown,60m,32,56.25,37.5,75.0,53.28,2.969999999999999,7.267534613023921,32.920493408696956,0.7363110329755667,0.9012696892988266,False
SPY,gamma_gate_break,CALL,UP,MID,open,unknown,240m,31,70.96774193548387,54.83870967741935,87.09677419354838,54.63,16.33774193548387,19.292159621818097,39.07812292537117,0.06767804981397618,0.25016605025639566,False
SPY,gamma_gate_break,CALL,UP,MID,open,unknown,1d,32,90.625,78.125,100.0,55.2,35.425,273.223086416771,246.51745375267,5.5840175562593686e-05,0.0009532715685328494,True
SPY,gamma_gate_break,CALL,UP,MID,open,unknown,5d,32,93.75,84.375,100.0,61.47,32.28,276.0060515033054,320.55543981370283,0.0001753413546112803,0.0024650931618879998,True
SPY,gamma_gate_break,PUT,DOWN,HIGH,afternoon,unknown,5m,32,50.0,31.25,65.625,49.48,0.5200000000000031,-1.4430928039315463,15.232670108036022,0.9530839560606306,0.9810959818866655,False
SPY,gamma_gate_break,PUT,DOWN,HIGH,afternoon,unknown,15m,32,43.75,28.046875000000004,62.5,48.33,-4.579999999999998,-2.9622921721054665,43.43454638591623,0.6041393739360508,0.8390436175738006,False
SPY,gamma_gate_break,PUT,DOWN,HIGH,afternoon,unknown,30m,32,40.625,21.875,56.25,47.56,-6.935000000000002,1.56440650471479,47.13931533782656,0.43213608853384633,0.7484096026057194,False
SPY,gamma_gate_break,PUT,DOWN,HIGH,afternoon,unknown,60m,32,46.875,31.171875000000004,65.625,46.72,0.15500000000000114,-7.664865987972778,72.54012733461057,0.9859786164675306,0.9912776535988331,False
SPY,gamma_gate_break,PUT,DOWN,HIGH,afternoon,unknown,1d,32,18.75,6.25,34.375,44.8,-26.049999999999997,-289.4737990266382,259.35355607659545,0.0030436956114157088,0.024487927741015898,True
SPY,gamma_gate_break,PUT,DOWN,HIGH,afternoon,unknown,5d,32,25.0,12.421875000000004,40.625,38.53,-13.530000000000001,-298.7925442503946,404.2026074805747,0.11579183342880284,0.3511960430137548,False
SPY,gamma_gate_break,PUT,DOWN,HIGH,close,unknown,5m,15,66.66666666666666,40.0,93.33333333333333,49.48,17.18666666666666,-0.4081190749148084,14.67737609306254,0.1830753609632778,0.4766341096974226,False
SPY,gamma_gate_break,PUT,DOWN,HIGH,close,unknown,15m,11,54.54545454545454,27.27272727272727,81.81818181818183,48.33,6.215454545454541,-4.1659509970577435,27.443263906576654,0.6799606912419853,0.8762174527487437,False
SPY,gamma_gate_break,PUT,DOWN,HIGH,close,unknown,1d,19,15.789473684210526,0.0,31.57894736842105,44.8,-29.01052631578947,-315.39791201193697,322.00349920189115,0.010994667120450163,0.0677248825202987,True
SPY,gamma_gate_break,PUT,DOWN,HIGH,close,unknown,5d,19,26.31578947368421,10.526315789473683,47.368421052631575,38.53,-12.214210526315792,-257.23066204296265,519.9794510408469,0.2739618625420335,0.5877637804986175,False
SPY,gamma_gate_break,PUT,DOWN,HIGH,midday,unknown,5m,54,61.111111111111114,48.148148148148145,74.07407407407408,49.48,11.631111111111117,2.5046955334093752,20.60296290973565,0.08735657748549852,0.2905303807728037,False
SPY,gamma_gate_break,PUT,DOWN,HIGH,midday,unknown,15m,54,51.85185185185185,38.88888888888889,64.81481481481481,48.33,3.5218518518518493,-2.343139563449293,47.476483546421385,0.604532681783299,0.8390436175738006,False
SPY,gamma_gate_break,PUT,DOWN,HIGH,midday,unknown,30m,54,46.2962962962963,33.33333333333333,59.25925925925925,47.56,-1.2637037037037047,-1.6803950997934403,55.345044122557866,0.8524860899252922,0.9380486901111641,False
SPY,gamma_gate_break,PUT,DOWN,HIGH,midday,unknown,60m,53,50.943396226415096,39.62264150943396,64.15094339622641,46.72,4.2233962264150975,4.516139256435194,71.93910584140195,0.5377208202219395,0.8068056486568471,False
SPY,gamma_gate_break,PUT,DOWN,HIGH,midday,unknown,240m,42,45.23809523809524,30.952380952380953,59.58333333333328,45.37,-0.13190476190475664,-1.3092679685992425,106.12706937027203,0.986300527304613,0.9912776535988331,False
SPY,gamma_gate_break,PUT,DOWN,HIGH,midday,unknown,1d,54,14.814814814814813,5.555555555555555,25.925925925925924,44.8,-29.985185185185184,-325.4333931925767,294.5358194825915,9.382674583058304e-06,0.0002156210793606668,True
SPY,gamma_gate_break,PUT,DOWN,HIGH,midday,unknown,5d,54,18.51851851851852,9.25925925925926,29.629629629629626,38.53,-20.011481481481482,-371.7236200311619,346.85848800260277,0.002513961246378038,0.02176944702479533,True
SPY,gamma_gate_break,PUT,DOWN,HIGH,open,negative_gamma,5m,11,27.27272727272727,0.0,54.54545454545454,49.48,-22.207272727272727,-1.9252489703228035,11.03506825687714,0.14071234747133055,0.39014212349939675,False
SPY,gamma_gate_break,PUT,DOWN,HIGH,open,negative_gamma,15m,11,63.63636363636363,36.36363636363637,90.9090909090909,48.33,15.306363636363635,0.05771433075959989,20.777010289434767,0.30968839360257405,0.6240769483222193,False
SPY,gamma_gate_break,PUT,DOWN,HIGH,open,negative_gamma,30m,11,54.54545454545454,27.27272727272727,81.81818181818183,47.56,6.985454545454537,-3.261935684920552,27.878964556123588,0.6427083898196404,0.8564592433000917,False
SPY,gamma_gate_break,PUT,DOWN,HIGH,open,negative_gamma,60m,11,54.54545454545454,27.27272727272727,81.81818181818183,46.72,7.825454545454541,9.631102306277853,36.421123895564364,0.6029224801186748,0.8390436175738006,False
SPY,gamma_gate_break,PUT,DOWN,HIGH,open,negative_gamma,240m,11,72.72727272727273,45.45454545454545,100.0,45.37,27.357272727272736,41.149904503642716,47.9003533705524,0.06837812591237724,0.25016605025639566,False
SPY,gamma_gate_break,PUT,DOWN,HIGH,open,negative_gamma,1d,11,18.181818181818183,0.0,45.45454545454545,44.8,-26.618181818181814,-361.28990271640487,384.9098457654441,0.07585212240719708,0.2665979008135309,False
SPY,gamma_gate_break,PUT,DOWN,HIGH,open,negative_gamma,5d,11,9.090909090909092,0.0,27.27272727272727,38.53,-29.439090909090908,-418.9635814861945,506.8321830400628,0.04482732726386396,0.18845581279316437,False
SPY,gamma_gate_break,PUT,DOWN,HIGH,open,unknown,5m,95,49.473684210526315,38.94736842105263,60.0,49.48,-0.006315789473681832,-0.0902768134675931,22.81530899094013,0.9990176123750205,0.9990176123750206,False
SPY,gamma_gate_break,PUT,DOWN,HIGH,open,unknown,15m,95,45.26315789473684,35.78947368421053,55.78947368421052,48.33,-3.066842105263156,-5.38361200306361,38.92951762129117,0.5497256214138277,0.8077297325903993,False
SPY,gamma_gate_break,PUT,DOWN,HIGH,open,unknown,30m,95,48.421052631578945,37.89473684210527,58.94736842105262,47.56,0.8610526315789429,-7.9505157769202,76.41461021132984,0.8665437249521184,0.946544562447698,False
SPY,gamma_gate_break,PUT,DOWN,HIGH,open,unknown,60m,95,44.21052631578947,34.73684210526316,54.736842105263165,46.72,-2.5094736842105263,-7.569929718227128,60.58612193826381,0.6239623380046242,0.8471028939677872,False
SPY,gamma_gate_break,PUT,DOWN,HIGH,open,unknown,240m,95,47.368421052631575,36.84210526315789,56.84210526315789,45.37,1.9984210526315778,-7.794292296502872,113.17212967550796,0.6956161430330743,0.8833807554989626,False
SPY,gamma_gate_break,PUT,DOWN,HIGH,open,unknown,1d,95,13.684210526315791,7.368421052631578,21.052631578947366,44.8,-31.115789473684206,-300.1719079852943,280.92378111034617,1.0696450392089218e-09,9.130184441819011e-08,True
SPY,gamma_gate_break,PUT,DOWN,HIGH,open,unknown,5d,95,27.368421052631582,18.947368421052634,36.84210526315789,38.53,-11.161578947368419,-297.3421920211911,420.3917748187716,0.02539073535488323,0.12234648689147364,False
SPY,gamma_gate_break,PUT,DOWN,LOW,open,unknown,5m,16,37.5,12.5,62.5,49.48,-11.979999999999997,-1.014459135042288,10.522403976234294,0.33783496811449387,0.6575126822423781,False
SPY,gamma_gate_break,PUT,DOWN,LOW,open,unknown,15m,16,43.75,18.75,68.75,48.33,-4.579999999999998,-1.1968141434476784,15.463466647199212,0.7139140199430845,0.8927698099132136,False
SPY,gamma_gate_break,PUT,DOWN,LOW,open,unknown,30m,16,50.0,25.0,75.0,47.56,2.4399999999999977,-6.9792556454105545,29.241212876832005,0.8450541061139982,0.9361101122030792,False
SPY,gamma_gate_break,PUT,DOWN,LOW,open,unknown,60m,16,37.5,18.593750000000007,62.5,46.72,-9.219999999999999,-2.861083597636231,38.929687056033224,0.459790284428665,0.7636155425437854,False
SPY,gamma_gate_break,PUT,DOWN,LOW,open,unknown,240m,16,43.75,18.75,68.75,45.37,-1.6199999999999974,-4.562927000490523,58.203493013436535,0.8964404391312986,0.9583548646962886,False
SPY,gamma_gate_break,PUT,DOWN,LOW,open,unknown,1d,16,0.0,0.0,0.0,44.8,-44.8,-231.40760905034807,101.91145778419575,0.00031391128615454456,0.004033591257577213,True
SPY,gamma_gate_break,PUT,DOWN,LOW,open,unknown,5d,16,0.0,0.0,0.0,38.53,-38.53,-302.42969707954046,153.85884180544437,0.0015409825228926977,0.015094050121776833,True
SPY,gamma_gate_break,PUT,DOWN,MID,afternoon,unknown,5m,16,37.5,18.75,62.5,49.48,-11.979999999999997,-5.782906978072156,11.59896900555141,0.33783496811449387,0.6575126822423781,False
SPY,gamma_gate_break,PUT,DOWN,MID,afternoon,unknown,15m,16,25.0,6.25,43.75,48.33,-23.33,-9.271451142594625,14.068384108983182,0.06183990146220775,0.2360980263493235,False
SPY,gamma_gate_break,PUT,DOWN,MID,afternoon,unknown,30m,16,43.75,18.75,68.75,47.56,-3.8100000000000023,-9.224051852860166,20.936882488270946,0.7602415684311556,0.9121372231679026,False
SPY,gamma_gate_break,PUT,DOWN,MID,afternoon,unknown,60m,16,37.5,12.5,62.5,46.72,-9.219999999999999,-13.80336737117905,26.143873584351866,0.459790284428665,0.7636155425437854,False
SPY,gamma_gate_break,PUT,DOWN,MID,afternoon,unknown,1d,16,12.5,0.0,31.25,44.8,-32.3,-162.20911450699708,139.87383444489203,0.009374428514066446,0.06155187952917254,True
SPY,gamma_gate_break,PUT,DOWN,MID,afternoon,unknown,5d,15,26.666666666666668,6.666666666666667,53.333333333333336,38.53,-11.863333333333333,-153.1175253608094,284.2158051597639,0.3451149347632607,0.666859019721092,False
SPY,gamma_gate_break,PUT,DOWN,MID,midday,negative_gamma,5m,16,43.75,18.75,68.75,49.48,-5.729999999999997,0.6318694941212486,6.4115137270393445,0.6466472832769368,0.8576509472984899,False
SPY,gamma_gate_break,PUT,DOWN,MID,midday,negative_gamma,15m,16,31.25,12.343750000000009,56.25,48.33,-17.08,-2.3637158544376633,8.23326672732045,0.17157428606355563,0.4516107309382136,False
SPY,gamma_gate_break,PUT,DOWN,MID,midday,negative_gamma,30m,16,50.0,25.0,75.0,47.56,2.4399999999999977,0.7508119747809596,14.300661514924426,0.8450541061139982,0.9361101122030792,False
SPY,gamma_gate_break,PUT,DOWN,MID,midday,negative_gamma,60m,16,68.75,43.75,87.5,46.72,22.03,4.570046645834767,13.69734472121754,0.07736156246825576,0.26874147427199313,False
SPY,gamma_gate_break,PUT,DOWN,MID,midday,negative_gamma,240m,10,40.0,10.0,70.0,45.37,-5.369999999999997,-3.6462489275962184,31.287145873938485,0.7330326904104605,0.9012696892988266,False
SPY,gamma_gate_break,PUT,DOWN,MID,midday,negative_gamma,1d,16,18.75,0.0,37.5,44.8,-26.049999999999997,-57.383766829676674,76.0729359946802,0.03613877790149567,0.16054215461816848,False
SPY,gamma_gate_break,PUT,DOWN,MID,midday,negative_gamma,5d,16,37.5,12.5,62.5,38.53,-1.0300000000000011,-20.818376216958235,143.51148917468083,0.9325335815393112,0.9749585563774952,False
SPY,gamma_gate_break,PUT,DOWN,MID,midday,unknown,5m,31,32.25806451612903,16.129032258064516,48.38709677419355,49.48,-17.221935483870965,-2.304665643551516,8.810279680282973,0.05512910865074305,0.21670817380801957,False
SPY,gamma_gate_break,PUT,DOWN,MID,midday,unknown,15m,31,38.70967741935484,22.58064516129032,54.9193548387096,48.33,-9.620322580645158,-1.7806067067885414,17.565319045252245,0.28377760902249083,0.6012663879111286,False
SPY,gamma_gate_break,PUT,DOWN,MID,midday,unknown,30m,31,32.25806451612903,16.129032258064516,48.4677419354838,47.56,-15.30193548387097,-7.2563329773615886,20.56873856945825,0.08801106205977094,0.2913385572338678,False
SPY,gamma_gate_break,PUT,DOWN,MID,midday,unknown,60m,31,41.935483870967744,22.58064516129032,61.29032258064516,46.72,-4.784516129032255,-4.129167676153022,28.18982100485419,0.5933890964265591,0.8371900474967392,False
SPY,gamma_gate_break,PUT,DOWN,MID,midday,unknown,240m,23,52.17391304347826,30.434782608695656,73.91304347826086,45.37,6.803913043478261,-3.038509996653703,44.83059456774659,0.5121944707601844,0.7940513917143847,False
SPY,gamma_gate_break,PUT,DOWN,MID,midday,unknown,1d,31,19.35483870967742,6.451612903225806,32.33870967741928,44.8,-25.445161290322577,-125.66396953293892,161.83928856191395,0.00438703922798056,0.03297177281406773,True
SPY,gamma_gate_break,PUT,DOWN,MID,midday,unknown,5d,28,28.57142857142857,14.285714285714285,46.42857142857143,38.53,-9.958571428571432,-118.69048289950346,205.22961652457346,0.2789008580834307,0.5930365220813161,False
SPY,gamma_gate_break,PUT,DOWN,MID,open,negative_gamma,5m,22,54.54545454545454,36.25000000000001,77.27272727272727,49.48,5.065454545454543,1.8386766189663026,8.559138386090982,0.634639112868272,0.8511714252273682,False
SPY,gamma_gate_break,PUT,DOWN,MID,open,negative_gamma,15m,22,31.818181818181817,13.636363636363635,50.11363636363626,48.33,-16.51181818181818,-2.4219558599998083,17.067934716409756,0.12118699672943456,0.3620461527291857,False
SPY,gamma_gate_break,PUT,DOWN,MID,open,negative_gamma,30m,22,36.36363636363637,18.181818181818183,54.54545454545454,47.56,-11.196363636363635,-7.557961788172497,21.40019465314059,0.29299923030468245,0.607681912429476,False
SPY,gamma_gate_break,PUT,DOWN,MID,open,negative_gamma,60m,22,36.36363636363637,13.636363636363635,54.54545454545454,46.72,-10.356363636363632,-10.543738524290596,27.496859665391053,0.3302501295750946,0.6480277583616388,False
SPY,gamma_gate_break,PUT,DOWN,MID,open,negative_gamma,240m,22,36.36363636363637,18.181818181818183,54.54545454545454,45.37,-9.00636363636363,-3.9746409889203544,49.33294147109676,0.39614980387416665,0.7165402754852869,False
SPY,gamma_gate_break,PUT,DOWN,MID,open,negative_gamma,1d,22,22.727272727272727,9.090909090909092,45.45454545454545,44.8,-22.07272727272727,-48.535349705450884,94.89082187886835,0.03735207489754666,0.16485246430654793,False
SPY,gamma_gate_break,PUT,DOWN,MID,open,negative_gamma,5d,22,18.181818181818183,4.545454545454546,36.36363636363637,38.53,-20.348181818181818,-123.39705307438749,143.4566590642369,0.04986414662994454,0.20219752637661198,False
SPY,gamma_gate_break,PUT,DOWN,MID,open,unknown,5m,63,47.61904761904761,34.92063492063492,60.317460317460316,49.48,-1.8609523809523836,0.3717434242684434,12.636276203281202,0.7676631200372916,0.9172493251994435,False
SPY,gamma_gate_break,PUT,DOWN,MID,open,unknown,15m,63,49.2063492063492,38.095238095238095,61.904761904761905,48.33,0.8763492063492038,-2.3584665738331374,20.227974563300382,0.8892970196479266,0.9565345980911542,False
SPY,gamma_gate_break,PUT,DOWN,MID,open,unknown,30m,63,34.92063492063492,23.809523809523807,47.61904761904761,47.56,-12.639365079365085,-5.152167184714004,26.380066583654468,0.04455512479900947,0.18845581279316437,False
SPY,gamma_gate_break,PUT,DOWN,MID,open,unknown,60m,63,49.2063492063492,38.05555555555556,61.904761904761905,46.72,2.486349206349203,-3.8164512697274735,36.0743357637968,0.692438718618261,0.8821580690285948,False
SPY,gamma_gate_break,PUT,DOWN,MID,open,unknown,240m,63,42.857142857142854,31.706349206349206,55.55555555555556,45.37,-2.5128571428571433,-6.557147129924075,58.06796072104853,0.6886962112552883,0.8802053181284167,False
SPY,gamma_gate_break,PUT,DOWN,MID,open,unknown,1d,63,15.873015873015872,7.936507936507936,25.396825396825395,44.8,-28.926984126984124,-150.53113010187874,181.1018130455278,3.892273664707346e-06,0.00010111450063750607,True
SPY,gamma_gate_break,PUT,DOWN,MID,open,unknown,5d,59,28.8135593220339,16.94915254237288,40.67796610169492,38.53,-9.716440677966101,-160.98612314931174,240.23193933594246,0.1251367825291032,0.36763214997546867,False
SPY,gamma_king_approach,CALL,DOWN,HIGH,afternoon,unknown,5m,17,52.94117647058824,29.411764705882355,76.47058823529412,50.52,2.421176470588236,11.347088062364875,53.11556065213336,0.8417417087772168,0.9361101122030792,False
SPY,gamma_king_approach,CALL,DOWN,HIGH,afternoon,unknown,15m,17,70.58823529411765,47.05882352941176,88.23529411764706,51.67,18.91823529411765,25.52399321883628,92.0010888502868,0.11854533348652696,0.3559338530562807,False
SPY,gamma_king_approach,CALL,DOWN,HIGH,afternoon,unknown,30m,17,70.58823529411765,47.05882352941176,88.23529411764706,52.44,18.148235294117654,31.405406405512736,85.61536042092666,0.13404831968750197,0.38139938577753535,False
SPY,gamma_king_approach,CALL,DOWN,HIGH,afternoon,unknown,60m,17,82.35294117647058,64.70588235294117,100.0,53.28,29.07294117647058,50.90060155936465,113.93340774902516,0.01627936900557292,0.08991449291759522,True
SPY,gamma_king_approach,CALL,DOWN,HIGH,afternoon,unknown,1d,17,70.58823529411765,47.05882352941176,88.23529411764706,55.2,15.38823529411765,272.2570797020071,361.70100504143664,0.20200323575869783,0.4987476585364543,False
SPY,gamma_king_approach,CALL,DOWN,HIGH,afternoon,unknown,5d,17,64.70588235294117,41.17647058823529,88.23529411764706,61.47,3.235882352941175,210.12881119874822,610.3014245844427,0.7839704067682325,0.9213305979882629,False
SPY,gamma_king_approach,CALL,DOWN,HIGH,midday,unknown,5m,14,35.714285714285715,14.285714285714285,64.28571428571429,50.52,-14.805714285714288,-5.2239424461170705,11.719696195550572,0.2678539871056502,0.5788164820818301,False
SPY,gamma_king_approach,CALL,DOWN,HIGH,midday,unknown,15m,14,42.857142857142854,14.285714285714285,71.42857142857143,51.67,-8.812857142857148,-6.502742895742309,27.370998704310292,0.509342391095384,0.7940513917143847,False
SPY,gamma_king_approach,CALL,DOWN,HIGH,midday,unknown,30m,14,28.57142857142857,7.142857142857142,50.0,52.44,-23.86857142857143,-21.034554268139676,51.428842216918916,0.07372907839027643,0.2632964863038885,False
SPY,gamma_king_approach,CALL,DOWN,HIGH,midday,unknown,60m,14,28.57142857142857,7.142857142857142,50.0,53.28,-24.70857142857143,-30.65665407263768,55.06703865949122,0.06388070137587953,0.23855449420055014,False
SPY,gamma_king_approach,CALL,DOWN,HIGH,midday,unknown,240m,11,54.54545454545454,27.27272727272727,81.81818181818183,54.63,-0.08454545454546292,17.14820705078371,105.01609181149719,0.9955060898873904,0.996339847081601,False
SPY,gamma_king_approach,CALL,DOWN,HIGH,midday,unknown,1d,14,92.85714285714286,78.57142857142857,100.0,55.2,37.65714285714286,473.6159604239919,405.95095616901216,0.004606046466689495,0.03440140954808717,True
SPY,gamma_king_approach,CALL,DOWN,HIGH,midday,unknown,5d,14,85.71428571428571,64.28571428571429,100.0,61.47,24.24428571428571,602.5318895378467,502.7787880452671,0.062323878897182716,0.23704264377806483,False
SPY,gamma_king_approach,CALL,DOWN,HIGH,open,positive_gamma,5m,14,50.0,21.428571428571427,71.60714285714269,50.52,-0.5200000000000031,0.6546412152237095,20.407499613143372,0.96895788514891,0.9896621134640575,False
SPY,gamma_king_approach,CALL,DOWN,HIGH,open,positive_gamma,15m,14,35.714285714285715,14.285714285714285,64.28571428571429,51.67,-15.955714285714286,-4.784745827420845,29.182129935207136,0.23221095358463195,0.528556361016448,False
SPY,gamma_king_approach,CALL,DOWN,HIGH,open,positive_gamma,30m,14,42.857142857142854,14.285714285714285,71.42857142857143,52.44,-9.582857142857144,-11.404801989465012,48.90990494441776,0.472775306161656,0.7706323449165432,False
SPY,gamma_king_approach,CALL,DOWN,HIGH,open,positive_gamma,60m,14,50.0,21.428571428571427,78.57142857142857,53.28,-3.280000000000001,-13.06712871968575,55.54673171071426,0.8056957243887077,0.9276214246023474,False
SPY,gamma_king_approach,CALL,DOWN,HIGH,open,positive_gamma,240m,14,50.0,28.57142857142857,78.57142857142857,54.63,-4.630000000000003,-33.71129764249268,102.68176469317588,0.7278607786820852,0.8988328678814067,False
SPY,gamma_king_approach,CALL,DOWN,HIGH,open,positive_gamma,1d,14,100.0,100.0,100.0,55.2,44.8,373.0843433455752,349.9095512494,0.0007494919228201447,0.008142207707000663,True
SPY,gamma_king_approach,CALL,DOWN,HIGH,open,positive_gamma,5d,14,100.0,100.0,100.0,61.47,38.53,544.6431108531098,462.35342794142207,0.003053306471473949,0.024487927741015898,True
SPY,gamma_king_approach,CALL,DOWN,HIGH,open,unknown,5m,102,44.11764705882353,34.31372549019608,53.92156862745098,50.52,-6.402352941176474,2.796968549522675,53.889618725855534,0.19591359725265134,0.4937912890197948,False
SPY,gamma_king_approach,CALL,DOWN,HIGH,open,unknown,15m,102,45.09803921568628,35.294117647058826,54.90196078431373,51.67,-6.571960784313724,-7.063037547653737,62.17361570903356,0.1841080598338698,0.4773967774165794,False
SPY,gamma_king_approach,CALL,DOWN,HIGH,open,unknown,30m,102,48.03921568627451,38.23529411764706,56.88725490196076,52.44,-4.400784313725488,-10.224590768414265,85.51333181349452,0.37347920210103447,0.6919498395515289,False
SPY,gamma_king_approach,CALL,DOWN,HIGH,open,unknown,60m,102,46.07843137254902,36.27450980392157,55.88235294117647,53.28,-7.201568627450982,-6.728124005325595,77.48460293847111,0.14489964083374285,0.40082192313963594,False
SPY,gamma_king_approach,CALL,DOWN,HIGH,open,unknown,240m,101,50.495049504950494,40.5940594059406,60.396039603960396,54.63,-4.134950495049509,8.868231968916401,137.76567791919746,0.40388599448035256,0.7236038431844397,False
SPY,gamma_king_approach,CALL,DOWN,HIGH,open,unknown,1d,102,74.50980392156863,65.68627450980392,83.33333333333334,55.2,19.30980392156863,261.2249719301621,351.64912990131654,8.794278600787742e-05,0.0013827845957817568,True
SPY,gamma_king_approach,CALL,DOWN,HIGH,open,unknown,5d,102,78.43137254901961,69.6078431372549,86.29901960784312,61.47,16.961372549019615,358.35767501285983,479.06704943126306,0.00043171424400600955,0.005278261794740806,True
SPY,gamma_king_approach,CALL,DOWN,MID,midday,unknown,5m,13,46.15384615384615,23.076923076923077,76.92307692307693,50.52,-4.36615384615385,-1.061005559302367,6.327354317226356,0.7528642633843459,0.909718952975454,False
SPY,gamma_king_approach,CALL,DOWN,MID,midday,unknown,15m,13,69.23076923076923,46.15384615384615,92.3076923076923,51.67,17.560769230769225,2.3555700401826383,14.34115822835241,0.20514384791712637,0.5023502013544385,False
SPY,gamma_king_approach,CALL,DOWN,MID,midday,unknown,30m,13,61.53846153846154,38.46153846153847,84.61538461538461,52.44,9.098461538461542,1.8120781213846646,9.598077550145733,0.5112567795758047,0.7940513917143847,False
SPY,gamma_king_approach,CALL,DOWN,MID,midday,unknown,60m,13,53.84615384615385,23.076923076923077,84.61538461538461,53.28,0.5661538461538456,4.064901883901253,24.443864861780163,0.9673644059205055,0.9888797819290026,False
SPY,gamma_king_approach,CALL,DOWN,MID,midday,unknown,1d,13,92.3076923076923,76.92307692307693,100.0,55.2,37.107692307692304,185.5034390759733,184.44655324597267,0.007135287640744226,0.04872382131822486,True
SPY,gamma_king_approach,CALL,DOWN,MID,midday,unknown,5d,12,83.33333333333334,58.333333333333336,100.0,61.47,21.863333333333344,163.77249076964276,291.772071453792,0.11965161698498239,0.35835509347632566,False
SPY,gamma_king_approach,CALL,DOWN,MID,open,negative_gamma,5m,36,58.333333333333336,41.66666666666667,75.0,50.52,7.813333333333333,0.3723244378983824,7.493644489344268,0.34842394226401296,0.6682961346321324,False
SPY,gamma_king_approach,CALL,DOWN,MID,open,negative_gamma,15m,36,50.0,33.33333333333333,66.66666666666666,51.67,-1.6700000000000017,-0.1079207140516858,8.728585298152566,0.8410802734544971,0.9361101122030792,False
SPY,gamma_king_approach,CALL,DOWN,MID,open,negative_gamma,30m,36,61.111111111111114,47.15277777777778,75.0,52.44,8.671111111111117,1.6297602544101848,14.500781403363195,0.29751622328054017,0.6108795306189786,False
SPY,gamma_king_approach,CALL,DOWN,MID,open,negative_gamma,60m,36,52.77777777777778,36.11111111111111,69.44444444444444,53.28,-0.5022222222222226,5.187409585166321,20.267578084873556,0.9518396380731442,0.9810959818866655,False
SPY,gamma_king_approach,CALL,DOWN,MID,open,negative_gamma,240m,35,57.14285714285714,40.0,74.28571428571429,54.63,2.5128571428571362,4.63924921775563,29.869105741978895,0.765238954483995,0.9162931368821383,False
SPY,gamma_king_approach,CALL,DOWN,MID,open,negative_gamma,1d,36,83.33333333333334,69.44444444444444,94.44444444444444,55.2,28.13333333333334,52.07265131301559,89.15987740036954,0.0006877743048865348,0.007827526612756278,True
SPY,gamma_king_approach,CALL,DOWN,MID,open,negative_gamma,5d,36,72.22222222222221,58.333333333333336,86.11111111111111,61.47,10.752222222222215,75.523837458021,152.77012481020918,0.1849662827982228,0.4773967774165794,False
SPY,gamma_king_approach,CALL,DOWN,MID,open,unknown,5m,59,32.20338983050847,22.033898305084744,44.06779661016949,50.52,-18.316610169491533,-5.166085057185686,14.327218588295588,0.004892873646654028,0.036316670855599774,True
SPY,gamma_king_approach,CALL,DOWN,MID,open,unknown,15m,59,33.89830508474576,22.033898305084744,45.76271186440678,51.67,-17.771694915254244,-6.655270514035801,16.901364495440784,0.0063015433063753346,0.04395230895893378,True
SPY,gamma_king_approach,CALL,DOWN,MID,open,unknown,30m,59,32.20338983050847,20.29661016949153,44.06779661016949,52.44,-20.236610169491527,-9.285329652435257,25.008801021463515,0.001855003439906966,0.01731819617725644,True
SPY,gamma_king_approach,CALL,DOWN,MID,open,unknown,60m,59,42.3728813559322,28.8135593220339,55.932203389830505,53.28,-10.9071186440678,-6.029559974649878,33.496889109280296,0.09311300239112064,0.30318811405283147,False
SPY,gamma_king_approach,CALL,DOWN,MID,open,unknown,240m,59,57.6271186440678,45.76271186440678,71.1864406779661,54.63,2.997118644067797,3.87021779974912,57.43538194387348,0.643785242544413,0.8564592433000917,False
SPY,gamma_king_approach,CALL,DOWN,MID,open,unknown,1d,59,88.13559322033898,79.66101694915254,94.91525423728814,55.2,32.93559322033897,147.0805537724143,136.44303480855888,3.632957294996686e-07,1.2403954192917257e-05,True
SPY,gamma_king_approach,CALL,DOWN,MID,open,unknown,5d,53,69.81132075471697,56.60377358490566,81.13207547169812,61.47,8.341320754716975,150.88846871417294,222.01410121083552,0.21210781948226054,0.5070830797170559,False
SPY,gamma_king_approach,CALL,UP,HIGH,midday,unknown,5m,16,56.25,31.25,81.25,50.52,5.729999999999997,4.3528438025684615,15.03892183979141,0.6466472832769363,0.8576509472984899,False
SPY,gamma_king_approach,CALL,UP,HIGH,midday,unknown,15m,16,50.0,25.0,75.0,51.67,-1.6700000000000017,-3.0521058891363513,21.03489745340995,0.8936599055173569,0.9583548646962886,False
SPY,gamma_king_approach,CALL,UP,HIGH,midday,unknown,30m,16,43.75,18.75,68.75,52.44,-8.689999999999998,-8.599546863388708,37.30284991895592,0.4864104994943337,0.7822906002539772,False
SPY,gamma_king_approach,CALL,UP,HIGH,midday,unknown,60m,16,43.75,18.75,68.75,53.28,-9.530000000000001,-8.500633222111244,38.74329615345399,0.44483997682687537,0.7636155425437854,False
SPY,gamma_king_approach,CALL,UP,HIGH,midday,unknown,240m,15,46.666666666666664,20.0,73.33333333333333,54.63,-7.963333333333338,4.005800600569107,44.35522482606697,0.5355877509456963,0.8068056486568471,False
SPY,gamma_king_approach,CALL,UP,HIGH,midday,unknown,1d,16,93.75,81.25,100.0,55.2,38.55,340.9121681273807,346.6421810178573,0.0019298895543664596,0.017471348617181203,True
SPY,gamma_king_approach,CALL,UP,HIGH,midday,unknown,5d,16,87.5,68.75,100.0,61.47,26.03,280.8022455920955,431.50218045820657,0.03239887966091737,0.1477735160106727,False
SPY,gamma_king_approach,CALL,UP,HIGH,open,negative_gamma,5m,10,40.0,10.0,70.0,50.52,-10.520000000000003,-11.267565422686454,24.836816172663113,0.505807982489535,0.7940513917143847,False
SPY,gamma_king_approach,CALL,UP,HIGH,open,negative_gamma,15m,10,40.0,10.0,70.0,51.67,-11.670000000000002,-5.601881973777756,25.246484578286022,0.4602181786737256,0.7636155425437854,False
SPY,gamma_king_approach,CALL,UP,HIGH,open,negative_gamma,30m,10,50.0,20.0,80.0,52.44,-2.4399999999999977,-11.57641403879013,44.67851569457724,0.8772129649747562,0.9537363340963011,False
SPY,gamma_king_approach,CALL,UP,HIGH,open,negative_gamma,60m,10,50.0,20.0,80.0,53.28,-3.280000000000001,1.2953020319078434,62.51917399885966,0.8353123459376892,0.9361101122030792,False
SPY,gamma_king_approach,CALL,UP,HIGH,open,negative_gamma,240m,10,40.0,10.0,70.0,54.63,-14.630000000000003,-8.046176706831863,87.12155195838331,0.3527464962348006,0.6694862074818858,False
SPY,gamma_king_approach,CALL,UP,HIGH,open,negative_gamma,1d,10,90.0,70.0,100.0,55.2,34.8,463.621808868393,387.88701814487916,0.02690141038255578,0.1285887416286166,False
SPY,gamma_king_approach,CALL,UP,HIGH,open,negative_gamma,5d,10,70.0,40.0,100.0,61.47,8.530000000000001,537.8432675351497,506.24122732588546,0.579397093691095,0.8272156833463066,False
SPY,gamma_king_approach,CALL,UP,HIGH,open,unknown,5m,64,56.25,43.75,68.75,50.52,5.729999999999997,5.682468258355386,28.858187313061855,0.3592214654317514,0.6770814687554304,False
SPY,gamma_king_approach,CALL,UP,HIGH,open,unknown,15m,64,54.6875,42.1875,67.1875,51.67,3.0174999999999983,1.5986820243613744,44.170223302221935,0.6290463739510064,0.849390301549664,False
SPY,gamma_king_approach,CALL,UP,HIGH,open,unknown,30m,64,48.4375,35.8984375,59.414062499999964,52.44,-4.002499999999998,-2.9804267220615808,53.83828613570657,0.5214162002360581,0.7998618219282277,False
SPY,gamma_king_approach,CALL,UP,HIGH,open,unknown,60m,64,54.6875,42.1875,65.625,53.28,1.4074999999999989,2.9533401894742397,62.32326786153544,0.8214455480934011,0.9354551392278667,False
SPY,gamma_king_approach,CALL,UP,HIGH,open,unknown,240m,62,67.74193548387096,56.451612903225815,79.03225806451613,54.63,13.111935483870958,19.594030038590017,111.21782321843364,0.03809975773535568,0.16677366481227118,False
SPY,gamma_king_approach,CALL,UP,HIGH,open,unknown,1d,64,92.1875,84.375,98.4375,55.2,36.9875,362.6477292161278,374.83523487528737,2.6770619054872213e-09,1.8818170453277821e-07,True
SPY,gamma_king_approach,CALL,UP,HIGH,open,unknown,5d,64,82.8125,73.4375,92.1875,61.47,21.3425,365.4609678154892,412.09867607884723,0.00045087826481293725,0.005442419459105657,True
SPY,gamma_king_approach,CALL,UP,MID,open,negative_gamma,5m,92,55.434782608695656,45.65217391304348,65.21739130434783,50.52,4.914782608695653,0.629807779322019,7.874559861803183,0.34574752096852057,0.666859019721092,False
SPY,gamma_king_approach,CALL,UP,MID,open,negative_gamma,15m,92,46.73913043478261,36.95652173913043,56.52173913043478,51.67,-4.930869565217392,0.3106402637044569,12.52025236882209,0.3439278637719916,0.666859019721092,False
SPY,gamma_king_approach,CALL,UP,MID,open,negative_gamma,30m,91,58.24175824175825,47.25274725274725,68.13186813186813,52.44,5.80175824175825,0.6042343342106492,17.391554933195252,0.2677645281518446,0.5788164820818301,False
SPY,gamma_king_approach,CALL,UP,MID,open,negative_gamma,60m,91,60.43956043956044,49.45054945054945,70.32967032967034,53.28,7.159560439560437,0.3374373959449979,27.33522270527354,0.17102875493558134,0.45116856986317816,False
SPY,gamma_king_approach,CALL,UP,MID,open,negative_gamma,240m,91,56.043956043956044,45.05494505494506,65.93406593406593,54.63,1.4139560439560412,2.350848516479661,46.3534439390576,0.7864451022905756,0.9213305979882629,False
SPY,gamma_king_approach,CALL,UP,MID,open,negative_gamma,1d,91,69.23076923076923,59.34065934065934,78.02197802197803,55.2,14.030769230769224,47.89265202782202,95.61171888004863,0.0071132492393353175,0.04872382131822486,True
SPY,gamma_king_approach,CALL,UP,MID,open,negative_gamma,5d,90,62.22222222222222,52.22222222222223,72.22222222222221,61.47,0.7522222222222226,44.441364817236696,131.9240499818306,0.8834204835700912,0.9557589087515291,False
SPY,gamma_king_approach,CALL,UP,MID,open,positive_gamma,5m,14,64.28571428571429,35.714285714285715,85.71428571428571,50.52,13.765714285714289,1.8974155129304404,9.221023091358363,0.30292202228855936,0.6177334754860553,False
SPY,gamma_king_approach,CALL,UP,MID,open,positive_gamma,15m,14,50.0,21.428571428571427,78.57142857142857,51.67,-1.6700000000000017,2.760577398944981,11.214188252228235,0.9004909954517593,0.9590426803013855,False
SPY,gamma_king_approach,CALL,UP,MID,open,positive_gamma,30m,14,57.14285714285714,28.57142857142857,78.57142857142857,52.44,4.702857142857141,2.43603544270551,20.81359720007454,0.7245762424676936,0.8974395296531493,False
SPY,gamma_king_approach,CALL,UP,MID,open,positive_gamma,60m,14,28.57142857142857,7.142857142857142,50.0,53.28,-24.70857142857143,-7.21830979943086,27.7366578106751,0.06388070137587953,0.23855449420055014,False
SPY,gamma_king_approach,CALL,UP,MID,open,positive_gamma,240m,14,64.28571428571429,35.714285714285715,85.71428571428571,54.63,9.65571428571429,9.331982524222202,34.977934126539594,0.46803160419931134,0.7672123004364569,False
SPY,gamma_king_approach,CALL,UP,MID,open,positive_gamma,1d,14,57.14285714285714,28.57142857142857,78.57142857142857,55.2,1.942857142857136,52.133113420623026,177.0184347600437,0.883777066251414,0.9557589087515291,False
SPY,gamma_king_approach,CALL,UP,MID,open,positive_gamma,5d,14,57.14285714285714,28.57142857142857,78.57142857142857,61.47,-4.32714285714286,38.95705408761046,182.9774950806453,0.7393715413536541,0.9020573973557767,False
SPY,gamma_king_approach,CALL,UP,MID,open,unknown,5m,29,55.172413793103445,37.93103448275862,72.41379310344827,50.52,4.652413793103442,1.637388019357573,8.61977492086577,0.6162955383457454,0.8436111923408824,False
SPY,gamma_king_approach,CALL,UP,MID,open,unknown,15m,29,55.172413793103445,37.93103448275862,72.41379310344827,51.67,3.502413793103443,3.1777438957685464,15.085002369161915,0.7058525208308881,0.8897613527351386,False
SPY,gamma_king_approach,CALL,UP,MID,open,unknown,30m,29,62.06896551724138,44.827586206896555,79.3103448275862,52.44,9.628965517241383,6.300639413599976,27.62839209376235,0.2991265010119384,0.613132364852944,False
SPY,gamma_king_approach,CALL,UP,MID,open,unknown,60m,29,58.620689655172406,41.37931034482759,75.86206896551724,53.28,5.340689655172405,10.53468982900333,38.92926165301246,0.5643100051225303,0.8183864758755142,False
SPY,gamma_king_approach,CALL,UP,MID,open,unknown,240m,27,66.66666666666666,48.148148148148145,81.57407407407399,54.63,12.036666666666655,11.852738979343552,47.310908869984175,0.20901270915549341,0.5070830797170559,False
SPY,gamma_king_approach,CALL,UP,MID,open,unknown,1d,29,89.65517241379311,75.86206896551724,100.0,55.2,34.45517241379311,183.3164441467069,163.9470535252711,0.0001905935680241999,0.0025881740203286237,True
SPY,gamma_king_approach,CALL,UP,MID,open,unknown,5d,29,89.65517241379311,75.86206896551724,100.0,61.47,28.18517241379311,221.8477249270963,255.654076572141,0.0018158449299627843,0.01731819617725644,True
SPY,gamma_king_approach,PUT,DOWN,HIGH,midday,unknown,5m,17,35.294117647058826,11.76470588235294,58.82352941176471,49.48,-14.18588235294117,-3.645393834336115,15.493299723327986,0.2420568727304373,0.5406690895567712,False
SPY,gamma_king_approach,PUT,DOWN,HIGH,midday,unknown,15m,17,58.82352941176471,35.294117647058826,82.35294117647058,48.33,10.493529411764712,5.579883161552327,26.45469090983317,0.3865989361847024,0.7074819735692487,False
SPY,gamma_king_approach,PUT,DOWN,HIGH,midday,unknown,30m,17,64.70588235294117,41.17647058823529,88.23529411764706,47.56,17.14588235294117,12.587683698986533,33.48328858334803,0.15690078536419616,0.4222892759239063,False
SPY,gamma_king_approach,PUT,DOWN,HIGH,midday,unknown,60m,17,58.82352941176471,35.294117647058826,82.35294117647058,46.72,12.103529411764711,9.971314776607969,51.18251622366463,0.31719577181048986,0.630697083716365,False
SPY,gamma_king_approach,PUT,DOWN,HIGH,midday,unknown,240m,13,69.23076923076923,46.15384615384615,92.3076923076923,45.37,23.86076923076923,-7.0312465254155105,74.60782311104178,0.0839793872490211,0.283489739442317,False
SPY,gamma_king_approach,PUT,DOWN,HIGH,midday,unknown,1d,17,29.411764705882355,5.88235294117647,52.94117647058824,44.8,-15.388235294117642,-259.8903494209805,299.2508142437508,0.20200323575869783,0.4987476585364543,False
SPY,gamma_king_approach,PUT,DOWN,HIGH,midday,unknown,5d,17,17.647058823529413,0.0,35.294117647058826,38.53,-20.882941176470588,-402.89105343801845,400.64605541373356,0.07685501046047483,0.2677601676392636,False
SPY,gamma_king_approach,PUT,DOWN,HIGH,open,unknown,5m,54,42.592592592592595,29.629629629629626,57.407407407407405,49.48,-6.887407407407402,-3.026222321781646,16.406031978231397,0.31139808873621333,0.6254129681340755,False
SPY,gamma_king_approach,PUT,DOWN,HIGH,open,unknown,15m,54,50.0,35.18518518518518,64.81481481481481,48.33,1.6700000000000017,-3.823781786777509,34.40868823733585,0.8060105564934692,0.9276214246023474,False
SPY,gamma_king_approach,PUT,DOWN,HIGH,open,unknown,30m,54,51.85185185185185,38.88888888888889,64.81481481481481,47.56,4.291851851851845,2.877906008274776,46.69972756644052,0.5276984579959749,0.802387865012751,False
SPY,gamma_king_approach,PUT,DOWN,HIGH,open,unknown,60m,54,50.0,37.03703703703704,62.96296296296296,46.72,3.280000000000001,1.2358199433318717,48.98694155774259,0.6290246069101584,0.849390301549664,False
SPY,gamma_king_approach,PUT,DOWN,HIGH,open,unknown,240m,54,55.55555555555556,42.592592592592595,68.51851851851852,45.37,10.18555555555556,6.37489488107157,128.9709189382757,0.1327296228041015,0.37880881725071675,False
SPY,gamma_king_approach,PUT,DOWN,HIGH,open,unknown,1d,54,22.22222222222222,11.11111111111111,33.33333333333333,44.8,-22.577777777777776,-259.5580134278248,346.7540085213612,0.0008489109227256542,0.008977420819974838,True
SPY,gamma_king_approach,PUT,DOWN,HIGH,open,unknown,5d,54,27.77777777777778,16.666666666666664,40.74074074074074,38.53,-10.752222222222223,-283.63757803792316,505.7384958997462,0.10447321541897514,0.33099206706349954,False
SPY,gamma_king_approach,PUT,DOWN,MID,open,negative_gamma,5m,17,35.294117647058826,11.76470588235294,58.82352941176471,49.48,-14.18588235294117,0.5598000545523398,7.196166438637324,0.2420568727304373,0.5406690895567712,False
SPY,gamma_king_approach,PUT,DOWN,MID,open,negative_gamma,15m,17,58.82352941176471,35.294117647058826,82.35294117647058,48.33,10.493529411764712,2.030000082876671,8.844171271356863,0.3865989361847024,0.7074819735692487,False
SPY,gamma_king_approach,PUT,DOWN,MID,open,negative_gamma,30m,17,52.94117647058824,29.411764705882355,76.47058823529412,47.56,5.381176470588237,5.03976230371715,16.041805462246355,0.656845581645622,0.8616141274056184,False
SPY,gamma_king_approach,PUT,DOWN,MID,open,negative_gamma,60m,17,58.82352941176471,35.294117647058826,82.35294117647058,46.72,12.103529411764711,4.884565296830509,22.58963126951398,0.31719577181048986,0.630697083716365,False
SPY,gamma_king_approach,PUT,DOWN,MID,open,negative_gamma,240m,17,41.17647058823529,17.647058823529413,64.70588235294117,45.37,-4.1935294117647075,-1.1116887472080748,38.4669344626095,0.7283663227349235,0.8988328678814067,False
SPY,gamma_king_approach,PUT,DOWN,MID,open,negative_gamma,1d,17,29.411764705882355,5.88235294117647,52.94117647058824,44.8,-15.388235294117642,5.320102316080636,118.23943237897828,0.20200323575869783,0.4987476585364543,False
SPY,gamma_king_approach,PUT,DOWN,MID,open,negative_gamma,5d,17,52.94117647058824,29.411764705882355,76.47058823529412,38.53,14.411176470588238,-10.72315450653983,171.48950648044055,0.22211037338975292,0.5114102046257317,False
SPY,gamma_king_approach,PUT,DOWN,MID,open,unknown,5m,44,65.9090909090909,52.27272727272727,79.54545454545455,49.48,16.42909090909091,2.643894976158136,10.211092658941656,0.029280961020351493,0.13651784428634384,False
SPY,gamma_king_approach,PUT,DOWN,MID,open,unknown,15m,44,52.27272727272727,36.36363636363637,65.9090909090909,48.33,3.942727272727275,-0.2242712276071227,17.239784668310257,0.6007280137027424,0.8390436175738006,False
SPY,gamma_king_approach,PUT,DOWN,MID,open,unknown,30m,44,50.0,34.090909090909086,63.63636363636363,47.56,2.4399999999999977,2.528918105793849,29.600076478804365,0.7458708753188801,0.9067301078393303,False
SPY,gamma_king_approach,PUT,DOWN,MID,open,unknown,60m,44,47.72727272727273,31.818181818181817,61.36363636363637,46.72,1.0072727272727278,0.8406399218380419,46.90164862551536,0.8934671889024111,0.9583548646962886,False
SPY,gamma_king_approach,PUT,DOWN,MID,open,unknown,240m,44,31.818181818181817,18.181818181818183,45.45454545454545,45.37,-13.55181818181818,-13.626923046761556,54.95742377359497,0.07097930338287495,0.2572972638956708,False
SPY,gamma_king_approach,PUT,DOWN,MID,open,unknown,1d,44,31.818181818181817,18.181818181818183,45.45454545454545,44.8,-12.98181818181818,-77.0534657332923,176.29919836569874,0.08334073036616552,0.2829323090555903,False
SPY,gamma_king_approach,PUT,DOWN,MID,open,unknown,5d,40,42.5,27.500000000000004,57.49999999999999,38.53,3.969999999999999,-79.10669744214151,247.95222673185344,0.6059044538879104,0.8399719517355603,False
SPY,gamma_king_approach,PUT,UP,HIGH,open,unknown,5m,60,50.0,36.666666666666664,61.66666666666667,49.48,0.5200000000000031,2.7112990618543793,16.73531849505744,0.9357899610449212,0.9760715591616336,False
SPY,gamma_king_approach,PUT,UP,HIGH,open,unknown,15m,60,56.666666666666664,45.0,70.0,48.33,8.336666666666666,3.3147917056610643,27.218993783789056,0.19627687220452095,0.4937912890197948,False
SPY,gamma_king_approach,PUT,UP,HIGH,open,unknown,30m,60,51.66666666666667,40.0,65.0,47.56,4.106666666666669,3.4988449752163735,36.19080705875098,0.5241502743681443,0.8015673815496281,False
SPY,gamma_king_approach,PUT,UP,HIGH,open,unknown,60m,60,50.0,36.666666666666664,63.33333333333333,46.72,3.280000000000001,3.8431638418044747,49.945771817607486,0.6105894042653595,0.8412262338467716,False
SPY,gamma_king_approach,PUT,UP,HIGH,open,unknown,240m,59,45.76271186440678,33.85593220338983,57.6271186440678,45.37,0.3927118644067846,13.14076544130684,102.07945363969736,0.9516858393390033,0.9810959818866655,False
SPY,gamma_king_approach,PUT,UP,HIGH,open,unknown,1d,60,11.666666666666666,3.3333333333333335,20.0,44.8,-33.13333333333333,-271.2124365240529,265.725158885897,2.4565991352254457e-07,8.895866565437599e-06,True
SPY,gamma_king_approach,PUT,UP,HIGH,open,unknown,5d,60,23.333333333333332,13.333333333333334,33.33333333333333,38.53,-15.196666666666669,-304.08049991035426,378.0697844812491,0.015573493973110253,0.08737241923881103,True
SPY,gamma_king_approach,PUT,UP,MID,open,negative_gamma,5m,42,54.761904761904766,40.476190476190474,71.42857142857143,49.48,5.281904761904769,-0.4856180012331355,9.328156466376283,0.4935647254604869,0.7863966233506533,False
SPY,gamma_king_approach,PUT,UP,MID,open,negative_gamma,15m,42,50.0,35.714285714285715,66.66666666666666,48.33,1.6700000000000017,1.7362521833858235,13.651830765131475,0.8285375629790128,0.9361101122030792,False
SPY,gamma_king_approach,PUT,UP,MID,open,negative_gamma,30m,42,42.857142857142854,28.57142857142857,57.14285714285714,47.56,-4.702857142857148,-0.7370860437911488,17.618728899221388,0.5416716620382696,0.8068056486568471,False
SPY,gamma_king_approach,PUT,UP,MID,open,negative_gamma,60m,42,38.095238095238095,23.809523809523807,52.38095238095239,46.72,-8.624761904761904,-0.41078552832499055,28.644171496263517,0.2625816576483564,0.5746979503475932,False
SPY,gamma_king_approach,PUT,UP,MID,open,negative_gamma,240m,42,47.61904761904761,33.273809523809526,64.28571428571429,45.37,2.249047619047616,6.499935848651073,45.77919010277575,0.7696996438047745,0.9172493251994435,False
SPY,gamma_king_approach,PUT,UP,MID,open,negative_gamma,1d,41,34.146341463414636,19.51219512195122,48.78048780487805,44.8,-10.653658536585361,-75.03275842181618,183.48121316480987,0.17013420851517536,0.4507990669082806,False
SPY,gamma_king_approach,PUT,UP,MID,open,negative_gamma,5d,41,34.146341463414636,19.51219512195122,48.78048780487805,38.53,-4.383658536585365,-90.12483036894393,197.37152553861583,0.564099439281454,0.8183864758755142,False
SPY,gamma_king_approach,PUT,UP,MID,open,positive_gamma,5m,15,33.33333333333333,13.333333333333334,60.0,49.48,-16.14666666666667,-2.784138301584757,9.707652705261069,0.21101363469754064,0.5070830797170559,False
SPY,gamma_king_approach,PUT,UP,MID,open,positive_gamma,15m,15,40.0,19.833333333333343,66.66666666666666,48.33,-8.329999999999998,-7.5788345712231555,15.953979604307762,0.5185389372460545,0.7993973681834761,False
SPY,gamma_king_approach,PUT,UP,MID,open,positive_gamma,30m,15,46.666666666666664,20.0,73.33333333333333,47.56,-0.893333333333338,-3.0539115204808125,19.534349895558755,0.9447668689267723,0.9810632885879361,False
SPY,gamma_king_approach,PUT,UP,MID,open,positive_gamma,60m,15,40.0,20.0,66.66666666666666,46.72,-6.719999999999999,-10.723023039004225,20.376937581052903,0.6019122319932433,0.8390436175738006,False
SPY,gamma_king_approach,PUT,UP,MID,open,positive_gamma,240m,15,33.33333333333333,13.333333333333334,53.49999999999985,45.37,-12.036666666666669,-16.094332329882032,47.368062954687545,0.34907785542550895,0.6682961346321324,False
SPY,gamma_king_approach,PUT,UP,MID,open,positive_gamma,1d,15,20.0,0.0,40.0,44.8,-24.799999999999997,-51.53794293158035,77.51779313337249,0.053424517599211185,0.21280766177019123,False
SPY,gamma_king_approach,PUT,UP,MID,open,positive_gamma,5d,15,33.33333333333333,13.333333333333334,60.0,38.53,-5.1966666666666725,-110.27348089405562,185.60547806430466,0.6791957780753948,0.8762174527487437,False
SPY,gamma_king_approach,PUT,UP,MID,open,unknown,5m,27,55.55555555555556,37.03703703703704,74.07407407407408,49.48,6.07555555555556,-0.7340374910801197,10.603717546513648,0.527763064351483,0.802387865012751,False
SPY,gamma_king_approach,PUT,UP,MID,open,unknown,15m,27,44.44444444444444,25.925925925925924,62.96296296296296,48.33,-3.8855555555555554,-2.684577496727359,17.011264784926098,0.6861949252644812,0.8797119154696914,False
SPY,gamma_king_approach,PUT,UP,MID,open,unknown,30m,27,40.74074074074074,22.22222222222222,59.25925925925925,47.56,-6.819259259259262,-6.655466744402871,22.938115492866384,0.47799963769376896,0.7718331012643574,False
SPY,gamma_king_approach,PUT,UP,MID,open,unknown,60m,27,40.74074074074074,22.22222222222222,59.25925925925925,46.72,-5.979259259259258,-4.638187242297156,31.38853891491675,0.5334657786539618,0.8068056486568471,False
SPY,gamma_king_approach,PUT,UP,MID,open,unknown,240m,26,42.30769230769231,23.076923076923077,61.53846153846154,45.37,-3.062307692307691,-3.1044984230783466,57.926708534480255,0.7537922462739846,0.909718952975454,False
SPY,gamma_king_approach,PUT,UP,MID,open,unknown,1d,27,3.7037037037037033,0.0,11.11111111111111,44.8,-41.096296296296295,-194.78499312267516,142.01686848187322,1.753731916620538e-05,0.00036132924833819703,True
SPY,gamma_king_approach,PUT,UP,MID,open,unknown,5d,27,14.814814814814813,3.7037037037037033,29.629629629629626,38.53,-23.715185185185188,-232.81776856724653,269.33982170061324,0.011338836622003301,0.06948671673484075,True
