ticker,strat_combo,ftfc_direction,vix_tercile,n,mean_1d_bps,std_1d_bps,hit_1d_pct,mean_5d_bps,hit_5d_pct,mean_20d_bps,hit_20d_pct,lift_1d_pp,lift_5d_pp,lift_20d_pp
AAOI,11_inside_compression,,LOW,16,138.36,459.8,62.5,-383.22,43.75,-182.83,31.25,10.34226870640068,-11.11725737363848,-26.44001052502754
AAOI,212_bear_continuation,,HIGH,28,91.1,679.24,67.86,347.79,67.86,486.37,50.0,15.70226870640068,12.992742626361519,-7.690010525027539
AAOI,212_bear_continuation,,LOW,17,67.74,432.51,58.82,776.62,70.59,505.41,47.06,6.662268706400681,15.722742626361523,-10.630010525027537
AAOI,212_bear_continuation,,MID,11,281.49,412.4,72.73,-151.38,36.36,30.13,36.36,20.572268706400685,-18.50725737363848,-21.33001052502754
AAOI,212_bear_reversal,,HIGH,29,169.9,483.9,62.07,483.8,62.07,1214.7,65.52,9.912268706400681,7.20274262636152,7.829989474972457
AAOI,212_bear_reversal,,LOW,29,67.56,525.31,51.72,48.08,51.72,791.39,58.62,-0.4377312935993203,-3.1472573736384817,0.9299894749724587
AAOI,212_bear_reversal,,MID,27,21.63,584.13,44.44,626.37,62.96,1200.01,52.0,-7.717731293599321,8.09274262636152,-5.690010525027539
AAOI,212_bull_continuation,,HIGH,14,-28.31,920.78,50.0,209.81,57.14,1939.94,78.57,-2.157731293599319,2.27274262636152,20.879989474972454
AAOI,212_bull_continuation,,LOW,21,-31.22,534.64,33.33,466.64,52.38,2010.78,61.9,-18.82773129359932,-2.487257373638478,4.20998947497246
AAOI,212_bull_continuation,,MID,19,296.65,932.54,57.89,226.81,42.11,1682.77,57.89,5.732268706400681,-12.757257373638481,0.19998947497246178
AAOI,212_bull_reversal,,HIGH,30,84.97,436.34,53.33,253.59,50.0,761.97,40.0,1.1722687064006792,-4.8672573736384805,-17.69001052502754
AAOI,212_bull_reversal,,LOW,19,-36.21,233.22,47.37,-110.62,47.37,483.15,47.37,-4.787731293599322,-7.497257373638483,-10.320010525027541
AAOI,212_bull_reversal,,MID,21,171.82,437.89,47.62,456.2,57.14,290.41,33.33,-4.537731293599322,2.27274262636152,-24.36001052502754
AAOI,22_bear_continuation,,HIGH,165,-24.34,508.47,46.67,145.62,49.09,623.13,45.45,-5.487731293599317,-5.777257373638477,-12.240010525027536
AAOI,22_bear_continuation,,LOW,118,18.79,500.77,52.54,223.62,52.54,651.94,52.54,0.38226870640068,-2.3272573736384814,-5.15001052502754
AAOI,22_bear_continuation,,MID,140,43.2,502.2,50.71,-6.75,43.48,319.69,40.88,-1.4477312935993183,-11.387257373638484,-16.810010525027536
AAOI,22_bear_reversal,,HIGH,102,71.66,674.85,49.02,228.57,56.86,646.07,54.9,-3.137731293599316,1.9927426263615189,-2.79001052502754
AAOI,22_bear_reversal,,LOW,93,54.09,610.73,50.54,269.95,50.54,537.36,46.24,-1.61773129359932,-4.327257373638481,-11.450010525027537
AAOI,22_bear_reversal,,MID,109,80.22,737.67,48.62,177.98,49.54,536.51,44.04,-3.5377312935993217,-5.327257373638481,-13.65001052502754
AAOI,22_bull_continuation,,HIGH,114,-44.7,810.76,43.86,22.61,45.61,177.32,48.25,-8.29773129359932,-9.257257373638481,-9.440010525027539
AAOI,22_bull_continuation,,LOW,131,-29.22,580.38,45.04,-9.83,43.51,162.66,38.93,-7.11773129359932,-11.357257373638483,-18.76001052502754
AAOI,22_bull_continuation,,MID,159,-35.35,585.16,44.03,75.84,45.57,1133.12,52.9,-8.127731293599318,-9.29725737363848,-4.79001052502754
AAOI,22_bull_reversal,,HIGH,95,114.65,588.5,60.0,327.36,55.79,903.94,62.11,7.842268706400681,0.9227426263615186,4.419989474972461
AAOI,22_bull_reversal,,LOW,93,-5.45,544.24,47.31,246.29,50.54,278.38,44.09,-4.847731293599317,-4.327257373638481,-13.600010525027535
AAOI,22_bull_reversal,,MID,126,8.63,553.82,46.03,120.32,53.6,769.1,50.81,-6.127731293599318,-1.2672573736384791,-6.8800105250275365
AAOI,312_bull_reversal,,HIGH,13,-115.38,213.91,30.77,-27.67,61.54,3706.27,76.92,-21.38773129359932,6.672742626361519,19.229989474972463
AAOI,322_bear_continuation,,HIGH,10,107.87,441.86,60.0,237.83,70.0,1120.33,30.0,7.842268706400681,15.13274262636152,-27.69001052502754
AAOI,322_bear_continuation,,MID,14,54.41,676.6,28.57,284.99,57.14,947.01,57.14,-23.58773129359932,2.27274262636152,-0.5500105250275382
AAOI,322_bull_continuation,,HIGH,12,248.94,600.48,66.67,661.33,58.33,986.39,58.33,14.512268706400683,3.4627426263615178,0.6399894749724595
AAOI,322_bull_continuation,,LOW,17,106.27,846.37,52.94,294.69,58.82,1802.2,58.82,0.7822687064006786,3.9527426263615197,1.1299894749724615
AAOI,322_bull_continuation,,MID,12,96.91,608.32,33.33,-63.0,50.0,126.91,54.55,-18.82773129359932,-4.8672573736384805,-3.1400105250275416
AAOI,clean_2d_bear,,HIGH,14,87.78,363.19,57.14,23.33,50.0,258.37,35.71,4.982268706400681,-4.8672573736384805,-21.980010525027538
AAOI,clean_2d_bear,,LOW,15,61.28,443.81,53.33,-147.66,53.33,-199.24,33.33,1.1722687064006792,-1.5372573736384822,-24.36001052502754
AAOI,clean_2d_bear,,MID,18,-186.35,667.26,27.78,3.22,50.0,100.27,52.94,-24.377731293599318,-4.8672573736384805,-4.750010525027541
AAOI,clean_2u_bull,,HIGH,10,13.97,668.8,50.0,-123.43,60.0,8.87,40.0,-2.157731293599319,5.1327426263615195,-17.69001052502754
AAOI,clean_2u_bull,,LOW,19,16.77,518.14,42.11,156.12,42.11,1473.76,47.37,-10.04773129359932,-12.757257373638481,-10.320010525027541
AAOI,clean_2u_bull,,MID,12,21.93,548.71,50.0,-45.99,41.67,557.47,58.33,-2.157731293599319,-13.197257373638479,0.6399894749724595
AAOI,f2u_bear_reversal,,LOW,11,16.17,519.55,36.36,173.14,63.64,660.15,54.55,-15.79773129359932,8.77274262636152,-3.1400105250275416
AAOI,,,HIGH,177,-15.92,587.06,48.02,175.34,49.15,813.09,48.59,-4.137731293599316,-5.717257373638482,-9.100010525027535
AAOI,,,LOW,187,-0.37,556.36,47.59,19.71,47.06,375.52,44.39,-4.567731293599316,-7.807257373638478,-13.300010525027538
AAOI,,,MID,132,55.48,847.39,43.94,258.01,48.48,1074.67,49.61,-8.217731293599321,-6.387257373638484,-8.08001052502754
AAPL,11_inside_compression,,LOW,10,30.95,56.22,70.0,48.85,70.0,209.31,80.0,17.84226870640068,15.13274262636152,22.30998947497246
AAPL,212_bear_continuation,,HIGH,17,-9.93,196.62,47.06,251.82,70.59,341.03,58.82,-5.097731293599317,15.722742626361523,1.1299894749724615
AAPL,212_bear_continuation,,MID,15,-89.55,125.43,26.67,-135.2,40.0,263.41,66.67,-25.487731293599317,-14.86725737363848,8.979989474972463
AAPL,212_bear_reversal,,HIGH,12,42.72,439.84,50.0,-248.41,33.33,-750.68,41.67,-2.157731293599319,-21.537257373638482,-16.020010525027537
AAPL,212_bear_reversal,,LOW,19,13.52,99.89,63.16,24.73,47.37,69.77,63.16,11.002268706400677,-7.497257373638483,5.469989474972458
AAPL,212_bear_reversal,,MID,16,68.94,186.5,68.75,169.27,87.5,437.8,81.25,16.59226870640068,32.63274262636152,23.55998947497246
AAPL,212_bull_continuation,,HIGH,17,54.88,219.62,64.71,60.05,58.82,-134.84,58.82,12.552268706400675,3.9527426263615197,1.1299894749724615
AAPL,212_bull_continuation,,LOW,20,16.71,73.38,50.0,112.33,80.0,246.92,70.0,-2.157731293599319,25.13274262636152,12.309989474972461
AAPL,212_bull_continuation,,MID,19,15.04,108.45,57.89,-25.97,47.37,143.95,64.71,5.732268706400681,-7.497257373638483,7.019989474972455
AAPL,212_bull_reversal,,HIGH,22,16.26,220.98,59.09,123.39,63.64,195.56,63.64,6.932268706400684,8.77274262636152,5.949989474972462
AAPL,212_bull_reversal,,LOW,20,49.83,117.58,60.0,64.63,60.0,373.97,70.0,7.842268706400681,5.1327426263615195,12.309989474972461
AAPL,212_bull_reversal,,MID,23,12.38,203.75,56.52,86.99,68.18,318.16,63.64,4.362268706400684,13.312742626361526,5.949989474972462
AAPL,22_bear_continuation,,HIGH,185,57.17,274.86,58.38,95.59,52.97,217.53,63.78,6.222268706400683,-1.8972573736384817,6.089989474972462
AAPL,22_bear_continuation,,LOW,74,2.21,155.82,48.65,30.14,56.76,54.41,56.76,-3.5077312935993206,1.8927426263615175,-0.9300105250275408
AAPL,22_bear_continuation,,MID,94,-9.9,164.86,47.87,31.04,50.0,291.81,59.57,-4.287731293599322,-4.8672573736384805,1.8799894749724615
AAPL,22_bear_reversal,,HIGH,126,-12.32,233.67,53.97,35.07,57.94,154.83,58.73,1.8122687064006797,3.072742626361517,1.039989474972458
AAPL,22_bear_reversal,,LOW,95,11.8,126.79,56.84,29.82,57.89,109.49,57.89,4.682268706400684,3.02274262636152,0.19998947497246178
AAPL,22_bear_reversal,,MID,109,-3.43,153.54,46.79,81.16,62.96,327.62,72.64,-5.36773129359932,8.09274262636152,14.949989474972462
AAPL,22_bull_continuation,,HIGH,150,31.52,220.65,54.67,21.12,58.67,44.8,61.33,2.5122687064006826,3.802742626361521,3.6399894749724595
AAPL,22_bull_continuation,,LOW,212,7.29,98.66,54.25,47.25,59.91,193.28,66.98,2.092268706400681,5.042742626361516,9.289989474972465
AAPL,22_bull_continuation,,MID,200,2.48,134.49,49.0,41.63,57.79,219.95,72.16,-3.157731293599319,2.9227426263615186,14.469989474972458
AAPL,22_bull_reversal,,HIGH,123,-20.37,243.62,46.34,-14.83,56.91,62.78,59.35,-5.817731293599316,2.042742626361516,1.6599894749724626
AAPL,22_bull_reversal,,LOW,106,4.19,99.6,50.94,22.54,59.43,169.07,59.43,-1.2177312935993214,4.562742626361519,1.739989474972461
AAPL,22_bull_reversal,,MID,114,42.47,175.01,62.28,73.19,57.89,243.78,66.67,10.122268706400682,3.02274262636152,8.979989474972463
AAPL,322_bear_continuation,,HIGH,13,-68.41,271.65,46.15,9.02,46.15,-317.88,30.77,-6.007731293599321,-8.717257373638482,-26.92001052502754
AAPL,322_bull_continuation,,LOW,28,39.86,83.17,67.86,134.0,71.43,339.26,78.57,15.70226870640068,16.562742626361526,20.879989474972454
AAPL,322_bull_continuation,,MID,12,-42.32,134.47,33.33,9.48,33.33,176.75,58.33,-18.82773129359932,-21.537257373638482,0.6399894749724595
AAPL,32_bull_reversal,,LOW,11,66.54,99.36,72.73,138.38,63.64,407.48,81.82,20.572268706400685,8.77274262636152,24.129989474972454
AAPL,clean_2d_bear,,LOW,11,-12.36,133.24,36.36,103.03,63.64,334.24,72.73,-15.79773129359932,8.77274262636152,15.039989474972465
AAPL,clean_2d_bear,,MID,13,0.15,204.69,69.23,-35.19,46.15,-115.7,53.85,17.072268706400685,-8.717257373638482,-3.8400105250275374
AAPL,clean_2u_bull,,LOW,17,-4.01,100.11,41.18,38.48,58.82,307.07,82.35,-10.97773129359932,3.9527426263615197,24.659989474972456
AAPL,clean_2u_bull,,MID,16,53.27,140.53,56.25,59.02,62.5,144.9,62.5,4.092268706400681,7.6327426263615195,4.809989474972461
AAPL,f2d_bull_reversal,,HIGH,12,90.02,183.83,58.33,117.22,66.67,-18.23,50.0,6.172268706400679,11.802742626361521,-7.690010525027539
AAPL,,,HIGH,122,-52.78,707.3,56.56,-100.81,59.02,-220.27,54.92,4.402268706400683,4.152742626361523,-2.770010525027537
AAPL,,,LOW,149,28.34,145.1,60.4,102.88,63.09,297.06,71.81,8.24226870640068,8.222742626361523,14.119989474972463
AAPL,,,MID,158,-0.33,145.86,49.37,41.9,56.69,286.33,70.32,-2.7877312935993217,1.8227426263615172,12.629989474972454
ABBV,11_inside_compression,,MID,10,-29.6,129.09,50.0,170.12,70.0,327.28,50.0,-2.157731293599319,15.13274262636152,-7.690010525027539
ABBV,132_bull_continuation,,LOW,12,22.33,106.81,50.0,33.89,41.67,-12.28,58.33,-2.157731293599319,-13.197257373638479,0.6399894749724595
ABBV,132_bull_continuation,,MID,10,-26.14,113.29,20.0,102.03,60.0,149.63,55.56,-32.15773129359932,5.1327426263615195,-2.1300105250275365
ABBV,212_bear_continuation,,HIGH,11,68.94,173.56,72.73,261.74,63.64,74.18,63.64,20.572268706400685,8.77274262636152,5.949989474972462
ABBV,212_bear_continuation,,MID,14,-74.04,362.51,57.14,-1.17,71.43,-173.74,57.14,4.982268706400681,16.562742626361526,-0.5500105250275382
ABBV,212_bear_reversal,,HIGH,29,-4.08,207.86,55.17,67.26,58.62,160.68,65.52,3.0122687064006826,3.752742626361517,7.829989474972457
ABBV,212_bear_reversal,,LOW,26,25.38,83.11,65.38,-32.98,53.85,95.56,57.69,13.222268706400676,-1.0172573736384791,-1.0525027541063992e-05
ABBV,212_bear_reversal,,MID,24,-4.3,123.99,45.83,-25.51,47.83,-169.42,47.83,-6.327731293599321,-7.037257373638482,-9.86001052502754
ABBV,212_bull_continuation,,HIGH,15,-2.14,155.67,46.67,13.26,40.0,25.33,40.0,-5.487731293599317,-14.86725737363848,-17.69001052502754
ABBV,212_bull_continuation,,LOW,24,27.76,92.48,50.0,31.18,50.0,256.63,66.67,-2.157731293599319,-4.8672573736384805,8.979989474972463
ABBV,212_bull_continuation,,MID,21,-6.51,116.42,42.86,111.62,71.43,117.46,60.0,-9.29773129359932,16.562742626361526,2.309989474972461
ABBV,212_bull_reversal,,HIGH,30,55.64,121.51,63.33,88.14,70.0,74.21,60.0,11.17226870640068,15.13274262636152,2.309989474972461
ABBV,212_bull_reversal,,LOW,20,3.56,104.33,65.0,55.73,60.0,203.74,50.0,12.84226870640068,5.1327426263615195,-7.690010525027539
ABBV,212_bull_reversal,,MID,22,35.45,192.52,68.18,112.4,54.55,17.18,54.55,16.022268706400688,-0.3172573736384834,-3.1400105250275416
ABBV,22_bear_continuation,,HIGH,122,19.93,204.05,54.92,37.91,51.64,160.72,59.84,2.7622687064006826,-3.22725737363848,2.1499894749724646
ABBV,22_bear_continuation,,LOW,95,10.56,134.84,51.58,-6.51,49.47,211.83,65.26,-0.5777312935993208,-5.397257373638482,7.569989474972466
ABBV,22_bear_continuation,,MID,119,-2.29,138.26,54.62,26.58,56.3,49.69,56.9,2.4622687064006783,1.4327426263615166,-0.7900105250275402
ABBV,22_bear_reversal,,HIGH,115,0.36,165.88,46.96,6.59,49.57,158.9,57.39,-5.197731293599318,-5.29725737363848,-0.3000105250275382
ABBV,22_bear_reversal,,LOW,104,5.24,135.69,50.96,33.51,51.92,116.43,52.88,-1.1977312935993183,-2.947257373638479,-4.810010525027536
ABBV,22_bear_reversal,,MID,104,0.65,155.12,50.0,40.6,63.11,125.52,62.38,-2.157731293599319,8.242742626361519,4.689989474972464
ABBV,22_bull_continuation,,HIGH,145,-0.22,176.24,50.34,-36.02,48.97,-18.83,46.21,-1.8177312935993157,-5.897257373638482,-11.480010525027538
ABBV,22_bull_continuation,,LOW,192,13.54,126.3,59.9,80.96,58.85,272.28,65.1,7.742268706400679,3.982742626361521,7.4099894749724555
ABBV,22_bull_continuation,,MID,149,2.47,169.84,54.36,16.56,53.69,54.5,57.14,2.2022687064006803,-1.1772573736384828,-0.5500105250275382
ABBV,22_bull_reversal,,HIGH,112,9.1,212.64,61.61,7.93,50.0,222.6,61.61,9.45226870640068,-4.8672573736384805,3.9199894749724606
ABBV,22_bull_reversal,,LOW,106,13.21,184.25,50.0,30.2,55.66,215.64,60.38,-2.157731293599319,0.792742626361516,2.6899894749724638
ABBV,22_bull_reversal,,MID,115,2.06,206.27,52.17,27.04,53.51,10.34,53.57,0.01226870640068256,-1.3572573736384825,-4.1200105250275385
ABBV,312_bull_reversal,,LOW,11,-6.05,57.93,45.45,36.36,63.64,536.88,81.82,-6.707731293599316,8.77274262636152,24.129989474972454
ABBV,312_bull_reversal,,MID,10,37.26,134.2,50.0,-167.47,60.0,-83.42,44.44,-2.157731293599319,5.1327426263615195,-13.250010525027541
ABBV,322_bear_continuation,,HIGH,17,30.68,126.57,58.82,-48.07,41.18,76.61,52.94,6.662268706400681,-13.68725737363848,-4.750010525027541
ABBV,322_bull_continuation,,LOW,18,-2.78,78.98,50.0,15.44,44.44,108.89,61.11,-2.157731293599319,-10.427257373638483,3.4199894749724606
ABBV,clean_2d_bear,,HIGH,18,-12.57,163.31,50.0,-23.87,38.89,23.13,44.44,-2.157731293599319,-15.97725737363848,-13.250010525027541
ABBV,clean_2d_bear,,LOW,14,5.24,128.89,42.86,171.4,85.71,470.5,92.86,-9.29773129359932,30.842742626361513,35.16998947497246
ABBV,clean_2d_bear,,MID,15,57.68,160.43,66.67,128.04,33.33,126.54,53.33,14.512268706400683,-21.537257373638482,-4.3600105250275405
ABBV,clean_2u_bull,,HIGH,11,-21.91,159.01,27.27,135.97,63.64,289.26,72.73,-24.88773129359932,8.77274262636152,15.039989474972465
ABBV,clean_2u_bull,,LOW,13,29.76,70.26,61.54,11.81,53.85,0.92,46.15,9.38226870640068,-1.0172573736384791,-11.54001052502754
ABBV,clean_2u_bull,,MID,12,23.38,153.75,58.33,-19.04,66.67,206.45,66.67,6.172268706400679,11.802742626361521,8.979989474972463
ABBV,f2d_bull_reversal,,HIGH,11,-59.8,161.95,45.45,51.64,72.73,57.6,54.55,-6.707731293599316,17.862742626361523,-3.1400105250275416
ABBV,f2u_bear_reversal,,HIGH,10,40.2,114.48,70.0,86.01,60.0,68.34,50.0,17.84226870640068,5.1327426263615195,-7.690010525027539
ABBV,,,HIGH,171,-0.93,169.38,52.63,56.12,57.89,69.23,54.39,0.4722687064006834,3.02274262636152,-3.300010525027538
ABBV,,,LOW,145,-2.14,127.12,55.17,-2.79,51.72,138.83,59.31,3.0122687064006826,-3.1472573736384817,1.6199894749724635
ABBV,,,MID,169,-5.43,186.57,47.34,29.42,52.98,125.22,58.43,-4.817731293599316,-1.8872573736384837,0.7399894749724609
ACN,132_bear_continuation,,HIGH,11,-164.23,241.69,36.36,-50.99,54.55,149.49,54.55,-15.79773129359932,-0.3172573736384834,-3.1400105250275416
ACN,132_bull_continuation,,LOW,12,8.82,175.51,75.0,-99.41,58.33,-324.39,33.33,22.84226870640068,3.4627426263615178,-24.36001052502754
ACN,212_bear_continuation,,HIGH,15,141.59,298.23,66.67,-18.01,46.67,140.45,60.0,14.512268706400683,-8.197257373638479,2.309989474972461
ACN,212_bear_continuation,,MID,14,-22.07,112.44,50.0,-189.23,28.57,71.67,64.29,-2.157731293599319,-26.29725737363848,6.5999894749724675
ACN,212_bear_reversal,,HIGH,25,-35.35,177.13,36.0,-51.7,68.0,62.78,60.0,-16.15773129359932,13.13274262636152,2.309989474972461
ACN,212_bear_reversal,,LOW,26,19.9,89.12,57.69,11.71,69.23,-68.26,42.31,5.532268706400679,14.362742626361523,-15.380010525027537
ACN,212_bear_reversal,,MID,23,-51.61,154.85,47.83,-69.1,39.13,-112.41,47.62,-4.327731293599321,-15.737257373638478,-10.070010525027541
ACN,212_bull_continuation,,HIGH,11,-10.1,180.21,54.55,87.72,72.73,91.33,54.55,2.392268706400678,17.862742626361523,-3.1400105250275416
ACN,212_bull_continuation,,LOW,14,-23.64,95.71,42.86,-52.81,57.14,31.18,57.14,-9.29773129359932,2.27274262636152,-0.5500105250275382
ACN,212_bull_continuation,,MID,21,3.51,142.73,57.14,102.68,66.67,186.64,71.43,4.982268706400681,11.802742626361521,13.739989474972468
ACN,212_bull_reversal,,HIGH,16,-113.09,209.02,25.0,-79.97,56.25,-48.65,43.75,-27.15773129359932,1.3827426263615195,-13.940010525027539
ACN,212_bull_reversal,,LOW,28,-40.23,93.65,28.57,-86.88,32.14,43.45,64.29,-23.58773129359932,-22.72725737363848,6.5999894749724675
ACN,212_bull_reversal,,MID,19,12.77,306.82,57.89,-8.21,68.42,-197.87,55.56,5.732268706400681,13.552742626361521,-2.1300105250275365
ACN,22_bear_continuation,,HIGH,145,25.94,242.88,55.17,7.03,53.1,-85.47,49.66,3.0122687064006826,-1.7672573736384791,-8.030010525027542
ACN,22_bear_continuation,,LOW,70,-15.81,119.57,48.57,92.33,60.0,199.78,64.29,-3.587731293599319,5.1327426263615195,6.5999894749724675
ACN,22_bear_continuation,,MID,104,-6.81,182.47,50.0,-49.74,51.92,-127.55,55.88,-2.157731293599319,-2.947257373638479,-1.8100105250275362
ACN,22_bear_reversal,,HIGH,116,16.12,222.65,52.59,57.34,60.34,224.11,64.66,0.43226870640068427,5.472742626361523,6.969989474972458
ACN,22_bear_reversal,,LOW,120,8.94,92.58,59.17,16.0,59.17,65.43,63.33,7.012268706400683,4.302742626361521,5.6399894749724595
ACN,22_bear_reversal,,MID,101,-7.01,161.7,52.48,-52.07,54.0,-139.95,53.0,0.32226870640067773,-0.8672573736384805,-4.690010525027539
ACN,22_bull_continuation,,HIGH,129,13.41,177.96,49.61,34.18,58.14,165.62,61.24,-2.5477312935993197,3.27274262636152,3.549989474972463
ACN,22_bull_continuation,,LOW,192,11.94,105.59,54.17,34.28,58.33,91.93,62.5,2.0122687064006826,3.4627426263615178,4.809989474972461
ACN,22_bull_continuation,,MID,169,7.26,138.65,52.07,38.53,59.28,-38.99,53.29,-0.08773129359931886,4.412742626361521,-4.40001052502754
ACN,22_bull_reversal,,HIGH,126,-47.77,218.64,44.44,34.51,59.52,212.51,63.49,-7.717731293599321,4.652742626361523,5.799989474972463
ACN,22_bull_reversal,,LOW,101,4.19,140.68,58.42,41.8,60.4,89.39,61.39,6.262268706400683,5.532742626361518,3.699989474972462
ACN,22_bull_reversal,,MID,122,6.95,148.39,56.56,4.46,54.1,-36.91,53.78,4.402268706400683,-0.7672573736384791,-3.9100105250275377
ACN,312_bull_reversal,,HIGH,12,58.67,128.69,75.0,78.85,58.33,154.3,58.33,22.84226870640068,3.4627426263615178,0.6399894749724595
ACN,312_bull_reversal,,MID,13,49.62,69.25,69.23,-85.87,61.54,-259.06,53.85,17.072268706400685,6.672742626361519,-3.8400105250275374
ACN,322_bear_continuation,,HIGH,27,36.84,181.41,66.67,135.73,70.37,374.87,74.07,14.512268706400683,15.502742626361524,16.379989474972454
ACN,322_bull_continuation,,HIGH,10,67.06,64.76,90.0,-137.68,40.0,-231.73,40.0,37.84226870640068,-14.86725737363848,-17.69001052502754
ACN,322_bull_continuation,,LOW,20,-22.31,93.61,40.0,-48.89,50.0,-82.12,50.0,-12.15773129359932,-4.8672573736384805,-7.690010525027539
ACN,32_bear_reversal,,HIGH,10,-36.19,265.39,50.0,68.72,50.0,352.53,90.0,-2.157731293599319,-4.8672573736384805,32.30998947497246
ACN,clean_2d_bear,,HIGH,23,28.27,191.39,60.87,48.93,47.83,-5.34,39.13,8.712268706400678,-7.037257373638482,-18.560010525027536
ACN,clean_2u_bull,,HIGH,10,-18.95,91.74,50.0,-99.67,50.0,18.13,50.0,-2.157731293599319,-4.8672573736384805,-7.690010525027539
ACN,clean_2u_bull,,LOW,15,28.26,101.13,53.33,50.06,66.67,184.3,66.67,1.1722687064006792,11.802742626361521,8.979989474972463
ACN,clean_2u_bull,,MID,12,-4.08,84.1,58.33,-46.54,41.67,14.28,58.33,6.172268706400679,-13.197257373638479,0.6399894749724595
ACN,f2d_bull_reversal,,MID,13,18.25,83.62,53.85,4.78,61.54,133.87,53.85,1.6922687064006823,6.672742626361519,-3.8400105250275374
ACN,,,HIGH,146,26.92,239.88,60.27,42.13,60.96,167.09,60.96,8.112268706400684,6.09274262636152,3.269989474972462
ACN,,,LOW,155,15.63,76.64,60.65,23.93,62.58,96.32,66.45,8.49226870640068,7.712742626361518,8.759989474972464
ACN,,,MID,171,-3.98,137.55,49.12,6.78,57.06,-6.3,58.18,-3.0377312935993217,2.1927426263615217,0.4899894749724609
ADBE,11_inside_compression,,LOW,12,48.34,62.88,75.0,80.88,75.0,416.28,91.67,22.84226870640068,20.13274262636152,33.97998947497246
ADBE,132_bear_continuation,,HIGH,11,48.15,362.73,54.55,-22.01,72.73,-97.48,45.45,2.392268706400678,17.862742626361523,-12.240010525027536
ADBE,212_bear_continuation,,HIGH,16,-116.21,224.47,31.25,48.53,56.25,43.35,62.5,-20.90773129359932,1.3827426263615195,4.809989474972461
ADBE,212_bear_continuation,,LOW,12,55.61,88.76,58.33,101.77,66.67,288.27,66.67,6.172268706400679,11.802742626361521,8.979989474972463
ADBE,212_bear_continuation,,MID,14,-32.83,200.68,57.14,19.04,57.14,-31.76,57.14,4.982268706400681,2.27274262636152,-0.5500105250275382
ADBE,212_bear_reversal,,HIGH,17,-31.58,208.1,52.94,-170.39,52.94,28.33,58.82,0.7822687064006786,-1.9272573736384828,1.1299894749724615
ADBE,212_bear_reversal,,LOW,16,73.82,96.2,81.25,32.01,68.75,217.19,56.25,29.09226870640068,13.88274262636152,-1.4400105250275388
ADBE,212_bear_reversal,,MID,10,73.73,136.72,60.0,121.8,70.0,-203.47,55.56,7.842268706400681,15.13274262636152,-2.1300105250275365
ADBE,212_bull_continuation,,HIGH,13,-11.02,275.05,76.92,-119.37,46.15,443.15,61.54,24.762268706400683,-8.717257373638482,3.8499894749724604
ADBE,212_bull_continuation,,LOW,26,-9.02,92.68,50.0,-5.83,69.23,24.57,69.23,-2.157731293599319,14.362742626361523,11.539989474972465
ADBE,212_bull_continuation,,MID,16,-15.66,178.93,43.75,87.98,56.25,-272.94,25.0,-8.40773129359932,1.3827426263615195,-32.69001052502754
ADBE,212_bull_reversal,,HIGH,27,-6.61,285.56,55.56,33.31,66.67,129.78,59.26,3.402268706400683,11.802742626361521,1.5699894749724592
ADBE,212_bull_reversal,,LOW,19,40.87,194.67,68.42,54.52,68.42,124.73,47.37,16.262268706400683,13.552742626361521,-10.320010525027541
ADBE,212_bull_reversal,,MID,23,15.93,139.44,56.52,113.2,60.87,-58.23,45.45,4.362268706400684,6.002742626361517,-12.240010525027536
ADBE,22_bear_continuation,,HIGH,153,50.31,311.33,56.86,39.05,49.67,151.53,57.52,4.70226870640068,-5.197257373638479,-0.17001052502753566
ADBE,22_bear_continuation,,LOW,70,4.23,217.81,54.29,101.23,68.57,228.42,58.57,2.13226870640068,13.702742626361513,0.8799894749724615
ADBE,22_bear_continuation,,MID,106,5.05,168.42,50.94,26.27,57.14,91.12,57.69,-1.2177312935993214,2.27274262636152,-1.0525027541063992e-05
ADBE,22_bear_reversal,,HIGH,110,59.65,294.06,60.0,68.29,57.27,151.6,59.09,7.842268706400681,2.4027426263615226,1.3999894749724646
ADBE,22_bear_reversal,,LOW,116,-26.7,252.05,46.55,-35.13,46.55,46.31,54.31,-5.607731293599322,-8.317257373638483,-3.3800105250275365
ADBE,22_bear_reversal,,MID,111,-23.52,179.95,43.24,23.91,55.45,223.13,64.81,-8.917731293599317,0.5827426263615223,7.1199894749724635
ADBE,22_bull_continuation,,HIGH,120,9.2,215.31,56.67,14.39,52.5,77.02,55.83,4.512268706400683,-2.3672573736384805,-1.8600105250275405
ADBE,22_bull_continuation,,LOW,210,14.23,126.58,56.19,44.52,60.95,181.7,61.9,4.032268706400679,6.082742626361522,4.20998947497246
ADBE,22_bull_continuation,,MID,188,19.64,175.67,52.13,42.56,54.84,144.59,58.92,-0.027731293599316587,-0.027257373638477134,1.229989474972463
ADBE,22_bull_reversal,,HIGH,103,-22.13,315.8,49.51,58.37,53.4,146.36,62.14,-2.647731293599321,-1.467257373638482,4.449989474972462
ADBE,22_bull_reversal,,LOW,104,17.41,182.73,51.92,41.53,55.77,160.86,55.77,-0.23773129359931744,0.9027426263615226,-1.9200105250275357
ADBE,22_bull_reversal,,MID,108,-5.31,166.34,46.3,2.59,56.48,143.88,55.66,-5.857731293599322,1.6127426263615163,-2.030010525027542
ADBE,312_bull_reversal,,HIGH,12,-122.65,242.04,33.33,-201.78,33.33,-98.21,50.0,-18.82773129359932,-21.537257373638482,-7.690010525027539
ADBE,312_bull_reversal,,LOW,12,-18.51,111.04,58.33,-74.27,33.33,-109.18,58.33,6.172268706400679,-21.537257373638482,0.6399894749724595
ADBE,312_bull_reversal,,MID,12,115.15,158.7,66.67,237.76,75.0,170.04,66.67,14.512268706400683,20.13274262636152,8.979989474972463
ADBE,322_bear_continuation,,HIGH,16,-40.49,466.35,56.25,135.61,68.75,-96.37,43.75,4.092268706400681,13.88274262636152,-13.940010525027539
ADBE,322_bull_continuation,,HIGH,15,-49.57,294.47,46.67,-99.12,40.0,76.5,60.0,-5.487731293599317,-14.86725737363848,2.309989474972461
ADBE,322_bull_continuation,,LOW,13,10.41,145.54,38.46,-69.4,46.15,-47.6,53.85,-13.697731293599318,-8.717257373638482,-3.8400105250275374
ADBE,322_bull_continuation,,MID,14,-51.1,205.6,57.14,-57.11,42.86,-169.45,38.46,4.982268706400681,-12.007257373638481,-19.230010525027538
ADBE,clean_2d_bear,,HIGH,15,44.27,245.74,53.33,277.86,86.67,389.06,73.33,1.1722687064006792,31.80274262636152,15.63998947497246
ADBE,clean_2d_bear,,MID,12,-105.7,243.34,58.33,-130.64,50.0,-505.96,27.27,6.172268706400679,-4.8672573736384805,-30.42001052502754
ADBE,clean_2u_bull,,HIGH,11,-6.47,164.29,45.45,-27.84,45.45,102.29,54.55,-6.707731293599316,-9.417257373638478,-3.1400105250275416
ADBE,clean_2u_bull,,LOW,17,37.63,106.86,64.71,101.1,64.71,322.34,76.47,12.552268706400675,9.842742626361513,18.77998947497246
ADBE,clean_2u_bull,,MID,19,-30.77,235.12,47.37,-145.18,42.11,-183.32,36.84,-4.787731293599322,-12.757257373638481,-20.850010525027535
ADBE,f2u_bear_reversal,,HIGH,10,21.44,219.03,60.0,115.76,70.0,586.45,70.0,7.842268706400681,15.13274262636152,12.309989474972461
ADBE,,,HIGH,172,-8.71,230.08,53.49,11.15,54.65,161.14,58.14,1.3322687064006828,-0.21725737363848197,0.4499894749724618
ADBE,,,LOW,149,-4.11,127.59,51.68,41.42,62.42,180.91,65.77,-0.47773129359931943,7.552742626361521,8.079989474972457
ADBE,,,MID,163,-16.7,192.7,46.01,9.89,53.37,-122.26,45.63,-6.147731293599321,-1.497257373638483,-12.060010525027536
ADI,212_bear_continuation,,HIGH,16,105.72,179.54,75.0,120.06,68.75,331.34,62.5,22.84226870640068,13.88274262636152,4.809989474972461
ADI,212_bear_continuation,,LOW,11,33.67,118.33,63.64,116.54,81.82,137.72,54.55,11.482268706400681,26.952742626361513,-3.1400105250275416
ADI,212_bear_reversal,,HIGH,23,19.39,241.75,52.17,45.52,56.52,547.9,69.57,0.01226870640068256,1.6527426263615226,11.879989474972454
ADI,212_bear_reversal,,LOW,18,-2.07,102.69,50.0,-62.1,33.33,15.97,44.44,-2.157731293599319,-21.537257373638482,-13.250010525027541
ADI,212_bear_reversal,,MID,24,2.05,124.07,50.0,138.33,66.67,267.54,63.64,-2.157731293599319,11.802742626361521,5.949989474972462
ADI,212_bull_continuation,,HIGH,11,-12.66,187.79,36.36,-51.84,36.36,-75.19,54.55,-15.79773129359932,-18.50725737363848,-3.1400105250275416
ADI,212_bull_continuation,,LOW,28,37.45,156.47,53.57,-37.54,42.86,59.41,42.86,1.4122687064006811,-12.007257373638481,-14.83001052502754
ADI,212_bull_continuation,,MID,20,38.67,183.48,50.0,7.2,60.0,215.53,57.89,-2.157731293599319,5.1327426263615195,0.19998947497246178
ADI,212_bull_reversal,,HIGH,21,-0.72,255.3,47.62,186.2,66.67,617.39,76.19,-4.537731293599322,11.802742626361521,18.49998947497246
ADI,212_bull_reversal,,LOW,25,1.46,140.9,48.0,5.8,64.0,-92.57,40.0,-4.157731293599319,9.13274262636152,-17.69001052502754
ADI,212_bull_reversal,,MID,29,31.4,153.03,62.07,-28.06,51.72,88.76,41.38,9.912268706400681,-3.1472573736384817,-16.310010525027536
ADI,22_bear_continuation,,HIGH,139,47.88,252.14,60.43,23.83,52.52,233.57,61.15,8.27226870640068,-2.3472573736384774,3.45998947497246
ADI,22_bear_continuation,,LOW,89,5.19,128.09,51.69,22.87,51.69,64.01,55.06,-0.4677312935993214,-3.177257373638483,-2.6300105250275365
ADI,22_bear_continuation,,MID,104,6.9,190.41,51.92,83.64,51.46,195.21,59.8,-0.23773129359931744,-3.4072573736384797,2.1099894749724584
ADI,22_bear_reversal,,HIGH,122,43.64,276.19,59.84,120.48,65.57,403.28,64.75,7.682268706400684,10.702742626361513,7.059989474972461
ADI,22_bear_reversal,,LOW,113,-0.93,131.93,53.1,49.96,58.41,13.04,52.21,0.9422687064006823,3.542742626361516,-5.480010525027538
ADI,22_bear_reversal,,MID,92,-6.18,179.68,47.83,4.07,53.26,177.11,55.43,-4.327731293599321,-1.6072573736384825,-2.260010525027539
ADI,22_bull_continuation,,HIGH,130,40.85,244.12,56.92,86.42,60.77,144.58,49.23,4.762268706400683,5.902742626361523,-8.460010525027542
ADI,22_bull_continuation,,LOW,162,-7.37,143.1,48.77,31.36,50.62,1.04,51.85,-3.387731293599316,-4.247257373638483,-5.840010525027537
ADI,22_bull_continuation,,MID,175,-6.08,186.13,49.14,-41.21,48.0,154.0,57.47,-3.0177312935993186,-6.8672573736384805,-0.22001052502753993
ADI,22_bull_reversal,,HIGH,130,-28.55,271.02,50.0,37.19,52.31,273.24,63.08,-2.157731293599319,-2.5572573736384783,5.3899894749724595
ADI,22_bull_reversal,,LOW,100,10.03,128.26,53.0,40.35,52.0,65.19,57.0,0.8422687064006809,-2.8672573736384805,-0.6900105250275388
ADI,22_bull_reversal,,MID,107,12.65,180.5,50.47,79.85,56.07,295.81,60.38,-1.6877312935993203,1.2027426263615197,2.6899894749724638
ADI,312_bull_reversal,,LOW,15,-3.14,185.48,40.0,-88.01,46.67,9.42,40.0,-12.15773129359932,-8.197257373638479,-17.69001052502754
ADI,312_bull_reversal,,MID,11,-1.54,207.58,36.36,-109.14,36.36,-65.67,36.36,-15.79773129359932,-18.50725737363848,-21.33001052502754
ADI,322_bear_continuation,,HIGH,22,93.49,235.81,63.64,62.12,63.64,546.92,72.73,11.482268706400681,8.77274262636152,15.039989474972465
ADI,322_bear_continuation,,MID,13,-9.75,160.69,53.85,61.04,58.33,302.93,50.0,1.6922687064006823,3.4627426263615178,-7.690010525027539
ADI,322_bull_continuation,,HIGH,13,-34.37,136.28,38.46,54.45,38.46,680.01,76.92,-13.697731293599318,-16.40725737363848,19.229989474972463
ADI,322_bull_continuation,,LOW,18,19.14,102.31,50.0,-0.29,27.78,-76.48,38.89,-2.157731293599319,-27.08725737363848,-18.800010525027538
ADI,clean_2d_bear,,HIGH,16,36.76,275.44,68.75,324.27,81.25,497.93,75.0,16.59226870640068,26.38274262636152,17.30998947497246
ADI,clean_2d_bear,,LOW,10,71.77,103.43,70.0,85.26,60.0,193.88,70.0,17.84226870640068,5.1327426263615195,12.309989474972461
ADI,clean_2d_bear,,MID,17,-22.87,152.05,52.94,36.28,47.06,344.66,64.71,0.7822687064006786,-7.807257373638478,7.019989474972455
ADI,clean_2u_bull,,MID,13,-21.58,190.82,38.46,144.45,53.85,58.55,38.46,-13.697731293599318,-1.0172573736384791,-19.230010525027538
ADI,f2d_bull_reversal,,MID,12,-30.71,241.22,58.33,-168.63,41.67,-10.15,50.0,6.172268706400679,-13.197257373638479,-7.690010525027539
ADI,f2u_bear_reversal,,LOW,10,14.12,123.5,40.0,-31.42,40.0,-266.81,30.0,-12.15773129359932,-14.86725737363848,-27.69001052502754
ADI,,,HIGH,151,2.22,284.04,50.99,135.93,58.94,411.52,66.23,-1.1677312935993172,4.072742626361517,8.539989474972465
ADI,,,LOW,174,10.07,161.59,58.05,3.61,52.3,26.48,49.43,5.892268706400678,-2.5672573736384834,-8.260010525027539
ADI,,,MID,168,8.67,181.38,54.17,42.03,50.6,209.6,58.18,2.0122687064006826,-4.267257373638479,0.4899894749724609
AKAM,132_bear_continuation,,HIGH,12,65.61,254.83,66.67,226.6,66.67,43.59,58.33,14.512268706400683,11.802742626361521,0.6399894749724595
AKAM,212_bear_continuation,,HIGH,12,15.48,157.95,66.67,247.83,66.67,529.04,58.33,14.512268706400683,11.802742626361521,0.6399894749724595
AKAM,212_bear_continuation,,LOW,15,-7.8,147.22,46.67,-51.92,53.33,108.12,53.33,-5.487731293599317,-1.5372573736384822,-4.3600105250275405
AKAM,212_bear_continuation,,MID,13,29.64,193.42,53.85,116.2,53.85,937.95,76.92,1.6922687064006823,-1.0172573736384791,19.229989474972463
AKAM,212_bear_reversal,,HIGH,20,-61.89,221.61,45.0,-116.42,35.0,-115.52,30.0,-7.157731293599319,-19.86725737363848,-27.69001052502754
AKAM,212_bear_reversal,,LOW,25,28.38,82.25,68.0,135.23,72.0,396.14,56.0,15.84226870640068,17.13274262636152,-1.6900105250275388
AKAM,212_bear_reversal,,MID,25,20.66,148.36,56.0,32.78,48.0,68.55,50.0,3.842268706400681,-6.8672573736384805,-7.690010525027539
AKAM,212_bull_continuation,,HIGH,14,-1.13,272.06,57.14,-99.98,35.71,-254.82,50.0,4.982268706400681,-19.15725737363848,-7.690010525027539
AKAM,212_bull_continuation,,LOW,14,0.9,61.75,42.86,13.31,64.29,-180.64,42.86,-9.29773129359932,9.422742626361526,-14.83001052502754
AKAM,212_bull_continuation,,MID,21,26.76,156.27,61.9,21.05,52.38,391.42,85.71,9.74226870640068,-2.487257373638478,28.019989474972455
AKAM,212_bull_reversal,,HIGH,23,123.14,362.83,47.83,174.9,60.87,168.79,56.52,-4.327731293599321,6.002742626361517,-1.1700105250275357
AKAM,212_bull_reversal,,LOW,20,5.99,127.63,50.0,55.46,65.0,-42.03,60.0,-2.157731293599319,10.13274262636152,2.309989474972461
AKAM,212_bull_reversal,,MID,29,-2.01,161.83,58.62,-28.66,48.28,351.51,65.52,6.462268706400678,-6.587257373638479,7.829989474972457
AKAM,22_bear_continuation,,HIGH,154,29.77,218.19,57.79,55.33,58.44,267.41,64.29,5.63226870640068,3.572742626361517,6.5999894749724675
AKAM,22_bear_continuation,,LOW,84,17.0,126.19,53.57,54.74,54.76,163.34,63.1,1.4122687064006811,-0.10725737363848253,5.409989474972463
AKAM,22_bear_continuation,,MID,103,-17.85,200.0,53.4,23.6,51.0,226.02,65.0,1.2422687064006794,-3.8672573736384805,7.309989474972461
AKAM,22_bear_reversal,,HIGH,103,17.53,274.5,60.19,69.76,63.11,162.36,56.31,8.032268706400679,8.242742626361519,-1.3800105250275365
AKAM,22_bear_reversal,,LOW,107,26.32,108.08,68.22,37.44,63.55,87.38,58.88,16.06226870640068,8.682742626361517,1.1899894749724638
AKAM,22_bear_reversal,,MID,99,30.05,319.04,46.46,85.89,53.54,132.6,56.25,-5.697731293599318,-1.3272573736384814,-1.4400105250275388
AKAM,22_bull_continuation,,HIGH,143,-20.17,244.49,46.85,-51.71,51.05,-70.12,55.94,-5.307731293599318,-3.8172573736384834,-1.750010525027541
AKAM,22_bull_continuation,,LOW,163,-4.01,196.44,57.06,-14.73,55.21,-48.99,55.21,4.902268706400683,0.3427426263615203,-2.480010525027538
AKAM,22_bull_continuation,,MID,154,-6.72,195.53,48.05,83.55,57.14,13.22,56.67,-4.107731293599322,2.27274262636152,-1.020010525027537
AKAM,22_bull_reversal,,HIGH,107,-9.03,195.02,54.21,-17.57,64.49,45.43,55.14,2.0522687064006817,9.622742626361514,-2.550010525027538
AKAM,22_bull_reversal,,LOW,113,5.46,159.7,53.1,36.1,62.83,184.95,63.72,0.9422687064006823,7.962742626361518,6.02998947497246
AKAM,22_bull_reversal,,MID,107,34.2,166.18,56.07,106.64,62.26,92.17,52.43,3.912268706400681,7.3927426263615175,-5.260010525027539
AKAM,312_bull_reversal,,HIGH,13,18.36,223.52,46.15,172.55,53.85,288.02,61.54,-6.007731293599321,-1.0172573736384791,3.8499894749724604
AKAM,312_bull_reversal,,MID,11,16.42,113.78,45.45,87.01,72.73,170.33,72.73,-6.707731293599316,17.862742626361523,15.039989474972465
AKAM,322_bear_continuation,,HIGH,17,-18.59,195.8,64.71,-79.01,47.06,-46.98,52.94,12.552268706400675,-7.807257373638478,-4.750010525027541
AKAM,322_bear_continuation,,MID,15,29.69,151.43,73.33,71.16,46.67,392.73,73.33,21.17226870640068,-8.197257373638479,15.63998947497246
AKAM,322_bull_continuation,,LOW,16,72.82,385.56,43.75,-27.58,50.0,224.3,62.5,-8.40773129359932,-4.8672573736384805,4.809989474972461
AKAM,322_bull_continuation,,MID,17,67.86,292.24,47.06,331.26,47.06,50.73,50.0,-5.097731293599317,-7.807257373638478,-7.690010525027539
AKAM,clean_2d_bear,,HIGH,15,73.75,170.19,53.33,22.99,53.33,-287.82,40.0,1.1722687064006792,-1.5372573736384822,-17.69001052502754
AKAM,clean_2d_bear,,LOW,10,-45.78,185.87,50.0,-123.59,40.0,194.45,70.0,-2.157731293599319,-14.86725737363848,12.309989474972461
AKAM,clean_2d_bear,,MID,15,-22.99,161.93,40.0,14.57,60.0,66.12,66.67,-12.15773129359932,5.1327426263615195,8.979989474972463
AKAM,clean_2u_bull,,HIGH,10,-130.77,448.75,50.0,96.29,50.0,63.81,60.0,-2.157731293599319,-4.8672573736384805,2.309989474972461
AKAM,clean_2u_bull,,LOW,21,-121.52,399.78,52.38,-148.45,57.14,-114.98,42.86,0.2222687064006834,2.27274262636152,-14.83001052502754
AKAM,clean_2u_bull,,MID,17,18.31,62.56,58.82,43.57,52.94,-166.02,56.25,6.662268706400681,-1.9272573736384828,-1.4400105250275388
AKAM,f2d_bull_reversal,,HIGH,11,10.35,170.56,45.45,25.2,54.55,-316.98,18.18,-6.707731293599316,-0.3172573736384834,-39.51001052502754
AKAM,,,HIGH,164,28.26,256.97,60.37,48.21,54.27,19.27,52.44,8.212268706400678,-0.5972573736384774,-5.250010525027541
AKAM,,,LOW,166,-0.13,171.98,48.8,-16.61,51.81,93.19,56.63,-3.357731293599322,-3.0572573736384783,-1.0600105250275362
AKAM,,,MID,166,-16.47,270.21,54.22,34.4,56.02,264.31,62.2,2.0622687064006797,1.1527426263615226,4.509989474972464
ALAB,22_bear_continuation,,HIGH,26,185.24,617.91,65.38,102.9,46.15,1459.19,53.85,13.222268706400676,-8.717257373638482,-3.8400105250275374
ALAB,22_bear_continuation,,LOW,11,22.47,269.11,54.55,35.89,45.45,-615.61,27.27,2.392268706400678,-9.417257373638478,-30.42001052502754
ALAB,22_bear_continuation,,MID,39,2.54,429.12,51.28,185.64,43.59,103.87,44.74,-0.877731293599318,-11.277257373638477,-12.950010525027537
ALAB,22_bear_reversal,,HIGH,15,532.16,1023.56,66.67,1053.16,66.67,2770.12,66.67,14.512268706400683,11.802742626361521,8.979989474972463
ALAB,22_bear_reversal,,LOW,13,-56.0,510.33,53.85,102.35,46.15,-165.16,38.46,1.6922687064006823,-8.717257373638482,-19.230010525027538
ALAB,22_bear_reversal,,MID,43,65.75,732.99,46.51,-111.79,48.84,-143.82,38.1,-5.647731293599321,-6.027257373638477,-19.590010525027537
ALAB,22_bull_continuation,,HIGH,19,125.87,708.16,52.63,393.49,63.16,2666.72,78.95,0.4722687064006834,8.292742626361516,21.259989474972464
ALAB,22_bull_continuation,,LOW,13,-181.03,227.52,15.38,-256.78,46.15,86.76,61.54,-36.77773129359932,-8.717257373638482,3.8499894749724604
ALAB,22_bull_continuation,,MID,75,77.11,564.09,54.67,58.87,54.79,1097.07,60.87,2.5122687064006826,-0.0772573736384814,3.1799894749724587
ALAB,22_bull_reversal,,HIGH,21,65.52,404.45,47.62,282.23,52.38,1456.44,66.67,-4.537731293599322,-2.487257373638478,8.979989474972463
ALAB,22_bull_reversal,,LOW,15,-173.12,292.39,26.67,-227.87,33.33,-564.54,26.67,-25.487731293599317,-21.537257373638482,-31.020010525027537
ALAB,22_bull_reversal,,MID,45,-46.48,642.99,48.89,257.41,54.55,334.87,45.24,-3.2677312935993186,-0.3172573736384834,-12.450010525027537
ALAB,,,HIGH,30,-96.53,560.8,40.0,420.03,63.33,2030.79,66.67,-12.15773129359932,8.462742626361518,8.979989474972463
ALAB,,,LOW,16,178.6,609.22,62.5,172.15,56.25,-751.35,25.0,10.34226870640068,1.3827426263615195,-32.69001052502754
ALAB,,,MID,53,34.09,596.83,54.72,242.04,62.26,939.72,56.0,2.5622687064006797,7.3927426263615175,-1.6900105250275388
AMAT,132_bear_continuation,,MID,10,7.84,261.96,40.0,79.54,60.0,267.77,50.0,-12.15773129359932,5.1327426263615195,-7.690010525027539
AMAT,212_bear_continuation,,HIGH,18,122.64,288.08,66.67,152.82,61.11,866.95,66.67,14.512268706400683,6.242742626361519,8.979989474972463
AMAT,212_bear_continuation,,MID,13,-52.51,219.92,38.46,108.9,69.23,359.93,61.54,-13.697731293599318,14.362742626361523,3.8499894749724604
AMAT,212_bear_reversal,,HIGH,20,3.9,256.08,50.0,36.33,65.0,377.72,60.0,-2.157731293599319,10.13274262636152,2.309989474972461
AMAT,212_bear_reversal,,LOW,16,-58.76,173.83,50.0,78.58,68.75,221.38,62.5,-2.157731293599319,13.88274262636152,4.809989474972461
AMAT,212_bear_reversal,,MID,19,95.54,227.53,68.42,177.74,68.42,200.53,57.89,16.262268706400683,13.552742626361521,0.19998947497246178
AMAT,212_bull_continuation,,HIGH,19,68.11,291.37,63.16,336.4,68.42,805.58,84.21,11.002268706400677,13.552742626361521,26.519989474972455
AMAT,212_bull_continuation,,LOW,26,2.95,143.42,50.0,36.66,46.15,381.64,76.92,-2.157731293599319,-8.717257373638482,19.229989474972463
AMAT,212_bull_continuation,,MID,19,54.04,188.54,52.63,229.98,68.42,363.99,63.16,0.4722687064006834,13.552742626361521,5.469989474972458
AMAT,212_bull_reversal,,HIGH,18,-17.28,399.43,38.89,419.41,66.67,649.16,66.67,-13.267731293599319,11.802742626361521,8.979989474972463
AMAT,212_bull_reversal,,LOW,30,11.13,169.85,53.33,64.64,56.67,341.38,66.67,1.1722687064006792,1.8027426263615212,8.979989474972463
AMAT,212_bull_reversal,,MID,22,-38.99,171.18,45.45,-96.12,50.0,18.37,36.36,-6.707731293599316,-4.8672573736384805,-21.33001052502754
AMAT,22_bear_continuation,,HIGH,155,69.25,377.56,61.29,126.3,54.84,425.92,63.23,9.13226870640068,-0.027257373638477134,5.539989474972458
AMAT,22_bear_continuation,,LOW,79,43.54,203.48,56.96,109.76,69.62,113.96,50.63,4.802268706400682,14.752742626361524,-7.060010525027536
AMAT,22_bear_continuation,,MID,95,42.21,213.93,61.05,76.88,55.91,298.54,61.96,8.892268706400678,1.042742626361516,4.269989474972462
AMAT,22_bear_reversal,,HIGH,124,76.79,358.05,59.68,132.32,58.87,388.79,68.55,7.522268706400681,4.002742626361517,10.859989474972458
AMAT,22_bear_reversal,,LOW,108,17.9,230.21,56.48,57.33,59.26,131.72,57.41,4.322268706400678,4.3927426263615175,-0.2800105250275422
AMAT,22_bear_reversal,,MID,117,-25.89,290.64,48.72,-17.24,49.57,248.89,57.02,-3.4377312935993203,-5.29725737363848,-0.6700105250275357
AMAT,22_bull_continuation,,HIGH,137,38.0,314.69,56.2,79.35,55.47,383.35,63.5,4.042268706400684,0.6027426263615183,5.809989474972461
AMAT,22_bull_continuation,,LOW,195,4.54,163.46,49.23,22.76,54.87,101.03,62.56,-2.9277312935993223,0.0027426263615168978,4.8699894749724635
AMAT,22_bull_continuation,,MID,177,17.48,232.56,53.67,3.19,55.68,181.56,53.71,1.5122687064006826,0.8127426263615192,-3.980010525027538
AMAT,22_bull_reversal,,HIGH,130,-45.56,354.93,51.54,84.14,57.69,307.33,58.46,-0.61773129359932,2.822742626361517,0.7699894749724621
AMAT,22_bull_reversal,,LOW,120,-1.58,223.15,50.83,10.39,53.33,43.26,60.0,-1.3277312935993208,-1.5372573736384822,2.309989474972461
AMAT,22_bull_reversal,,MID,117,-10.31,256.68,49.57,52.59,57.76,305.93,62.07,-2.587731293599319,2.8927426263615175,4.3799894749724615
AMAT,312_bull_reversal,,LOW,10,63.51,181.65,80.0,6.7,60.0,367.79,70.0,27.84226870640068,5.1327426263615195,12.309989474972461
AMAT,322_bear_continuation,,HIGH,14,32.09,338.05,50.0,-27.94,35.71,508.22,64.29,-2.157731293599319,-19.15725737363848,6.5999894749724675
AMAT,322_bear_continuation,,MID,15,14.69,215.52,53.33,64.68,66.67,360.49,86.67,1.1722687064006792,11.802742626361521,28.979989474972463
AMAT,322_bull_continuation,,HIGH,10,87.95,242.82,60.0,76.76,60.0,465.53,70.0,7.842268706400681,5.1327426263615195,12.309989474972461
AMAT,322_bull_continuation,,LOW,10,68.58,277.22,50.0,221.49,90.0,525.64,80.0,-2.157731293599319,35.13274262636152,22.30998947497246
AMAT,clean_2d_bear,,HIGH,12,53.53,211.78,50.0,107.28,58.33,412.94,58.33,-2.157731293599319,3.4627426263615178,0.6399894749724595
AMAT,clean_2d_bear,,LOW,10,-73.34,194.86,30.0,-167.19,30.0,182.37,60.0,-22.15773129359932,-24.86725737363848,2.309989474972461
AMAT,clean_2d_bear,,MID,14,-13.63,303.89,50.0,291.24,71.43,438.64,64.29,-2.157731293599319,16.562742626361526,6.5999894749724675
AMAT,,,HIGH,141,39.97,320.88,52.48,235.74,63.83,535.52,68.09,0.32226870640067773,8.962742626361518,10.399989474972465
AMAT,,,LOW,149,12.33,191.77,53.02,28.87,54.36,240.71,65.1,0.862268706400684,-0.5072573736384811,7.4099894749724555
AMAT,,,MID,154,-16.32,269.33,46.75,57.19,57.14,300.45,58.82,-5.407731293599319,2.27274262636152,1.1299894749724615
AMD,11_inside_compression,,LOW,17,-32.47,329.42,58.82,447.99,64.71,240.08,58.82,6.662268706400681,9.842742626361513,1.1299894749724615
AMD,212_bear_continuation,,HIGH,21,-91.39,330.61,33.33,-6.61,52.38,227.42,47.62,-18.82773129359932,-2.487257373638478,-10.070010525027541
AMD,212_bear_continuation,,LOW,12,-3.55,338.29,50.0,106.81,58.33,1012.2,66.67,-2.157731293599319,3.4627426263615178,8.979989474972463
AMD,212_bear_continuation,,MID,15,55.47,299.02,53.33,168.79,66.67,368.46,60.0,1.1722687064006792,11.802742626361521,2.309989474972461
AMD,212_bear_reversal,,HIGH,15,49.5,406.59,53.33,42.16,60.0,360.22,53.33,1.1722687064006792,5.1327426263615195,-4.3600105250275405
AMD,212_bear_reversal,,LOW,24,38.6,270.95,62.5,163.38,54.17,972.78,70.83,10.34226870640068,-0.6972573736384788,13.13998947497246
AMD,212_bear_reversal,,MID,27,-9.77,392.9,44.44,285.46,66.67,788.91,62.96,-7.717731293599321,11.802742626361521,5.269989474972462
AMD,212_bull_continuation,,HIGH,13,81.64,374.12,69.23,413.56,53.85,1412.84,76.92,17.072268706400685,-1.0172573736384791,19.229989474972463
AMD,212_bull_continuation,,LOW,25,13.56,236.03,40.0,144.2,48.0,787.29,64.0,-12.15773129359932,-6.8672573736384805,6.309989474972461
AMD,212_bull_continuation,,MID,15,28.28,285.86,46.67,40.7,46.67,309.21,66.67,-5.487731293599317,-8.197257373638479,8.979989474972463
AMD,212_bull_reversal,,HIGH,28,-74.12,419.04,39.29,-159.79,42.86,325.98,60.71,-12.86773129359932,-12.007257373638481,3.019989474972462
AMD,212_bull_reversal,,LOW,24,5.82,324.04,54.17,376.1,66.67,696.79,62.5,2.0122687064006826,11.802742626361521,4.809989474972461
AMD,212_bull_reversal,,MID,18,34.16,263.64,55.56,96.16,61.11,374.58,52.94,3.402268706400683,6.242742626361519,-4.750010525027541
AMD,22_bear_continuation,,HIGH,172,55.97,410.54,58.14,151.41,56.4,313.63,55.81,5.982268706400681,1.532742626361518,-1.8800105250275365
AMD,22_bear_continuation,,LOW,81,-33.1,378.81,44.44,156.6,56.79,510.83,60.49,-7.717731293599321,1.9227426263615186,2.799989474972463
AMD,22_bear_continuation,,MID,95,34.78,365.72,52.63,207.42,57.89,474.82,53.68,0.4722687064006834,3.02274262636152,-4.010010525027539
AMD,22_bear_reversal,,HIGH,116,131.15,429.94,59.48,188.91,60.34,477.45,54.31,7.322268706400678,5.472742626361523,-3.3800105250275365
AMD,22_bear_reversal,,LOW,94,22.12,297.96,51.06,172.39,58.51,558.96,58.51,-1.0977312935993169,3.6427426263615175,0.8199894749724592
AMD,22_bear_reversal,,MID,104,54.36,397.72,55.77,145.41,51.92,380.82,53.92,3.612268706400684,-2.947257373638479,-3.770010525027537
AMD,22_bull_continuation,,HIGH,137,17.06,395.34,44.53,112.05,51.09,523.66,52.55,-7.627731293599318,-3.777257373638477,-5.140010525027542
AMD,22_bull_continuation,,LOW,196,77.05,328.89,56.63,23.78,54.08,545.18,58.67,4.472268706400683,-0.7872573736384822,0.9799894749724629
AMD,22_bull_continuation,,MID,165,-34.51,323.43,52.73,62.54,51.52,483.21,53.94,0.5722687064006777,-3.3472573736384774,-3.750010525027541
AMD,22_bull_reversal,,HIGH,107,5.7,394.88,46.73,48.33,53.27,422.32,51.4,-5.427731293599322,-1.5972573736384774,-6.29001052502754
AMD,22_bull_reversal,,LOW,110,21.89,316.18,50.0,164.87,65.45,401.8,50.91,-2.157731293599319,10.582742626361522,-6.780010525027542
AMD,22_bull_reversal,,MID,117,-27.93,310.56,49.57,56.73,47.86,531.12,55.17,-2.587731293599319,-7.007257373638481,-2.520010525027537
AMD,322_bear_continuation,,HIGH,21,58.72,410.64,52.38,67.49,52.38,245.95,52.38,0.2222687064006834,-2.487257373638478,-5.310010525027536
AMD,322_bear_continuation,,MID,11,68.13,393.32,54.55,516.5,72.73,1598.29,81.82,2.392268706400678,17.862742626361523,24.129989474972454
AMD,322_bull_continuation,,MID,17,115.56,235.88,64.71,5.55,47.06,214.87,52.94,12.552268706400675,-7.807257373638478,-4.750010525027541
AMD,clean_2d_bear,,HIGH,20,-105.45,379.2,45.0,-61.39,40.0,-477.77,25.0,-7.157731293599319,-14.86725737363848,-32.69001052502754
AMD,clean_2d_bear,,LOW,15,45.73,416.68,53.33,127.63,53.33,112.48,33.33,1.1722687064006792,-1.5372573736384822,-24.36001052502754
AMD,clean_2d_bear,,MID,14,97.0,474.08,57.14,39.66,42.86,388.61,42.86,4.982268706400681,-12.007257373638481,-14.83001052502754
AMD,clean_2u_bull,,HIGH,10,-131.51,293.52,40.0,27.43,60.0,820.06,60.0,-12.15773129359932,5.1327426263615195,2.309989474972461
AMD,clean_2u_bull,,LOW,13,84.9,282.94,61.54,352.23,76.92,370.12,61.54,9.38226870640068,22.05274262636152,3.8499894749724604
AMD,clean_2u_bull,,MID,10,125.5,248.24,60.0,472.22,80.0,1230.42,60.0,7.842268706400681,25.13274262636152,2.309989474972461
AMD,f2d_bull_reversal,,MID,11,-5.5,251.08,45.45,-225.66,45.45,153.5,27.27,-6.707731293599316,-9.417257373638478,-30.42001052502754
AMD,,,HIGH,141,38.0,341.44,52.48,112.66,59.57,708.71,62.41,0.32226870640067773,4.70274262636152,4.719989474972458
AMD,,,LOW,155,4.2,374.74,44.52,96.93,56.77,318.57,54.19,-7.637731293599316,1.9027426263615226,-3.500010525027541
AMD,,,MID,156,11.93,335.94,48.08,99.72,53.85,543.38,57.69,-4.077731293599321,-1.0172573736384791,-1.0525027541063992e-05
AMGN,11_inside_compression,,MID,11,-56.31,119.29,18.18,6.61,54.55,-30.61,30.0,-33.97773129359932,-0.3172573736384834,-27.69001052502754
AMGN,212_bear_continuation,,HIGH,18,2.2,154.89,44.44,110.71,61.11,264.47,55.56,-7.717731293599321,6.242742626361519,-2.1300105250275365
AMGN,212_bear_continuation,,LOW,14,-53.53,168.24,35.71,-91.11,35.71,188.42,57.14,-16.44773129359932,-19.15725737363848,-0.5500105250275382
AMGN,212_bear_continuation,,MID,15,26.44,148.45,60.0,119.56,60.0,130.31,60.0,7.842268706400681,5.1327426263615195,2.309989474972461
AMGN,212_bear_reversal,,HIGH,22,61.04,314.12,50.0,139.65,54.55,506.93,68.18,-2.157731293599319,-0.3172573736384834,10.489989474972468
AMGN,212_bear_reversal,,LOW,25,5.71,80.66,56.0,79.7,60.0,171.69,68.0,3.842268706400681,5.1327426263615195,10.309989474972461
AMGN,212_bear_reversal,,MID,18,-10.88,121.43,50.0,-57.4,44.44,-165.4,33.33,-2.157731293599319,-10.427257373638483,-24.36001052502754
AMGN,212_bull_continuation,,HIGH,10,47.11,173.96,60.0,-40.24,50.0,241.37,50.0,7.842268706400681,-4.8672573736384805,-7.690010525027539
AMGN,212_bull_continuation,,LOW,22,14.89,164.65,50.0,55.34,59.09,-26.62,45.45,-2.157731293599319,4.222742626361523,-12.240010525027536
AMGN,212_bull_continuation,,MID,16,-24.88,78.19,43.75,7.37,50.0,72.67,50.0,-8.40773129359932,-4.8672573736384805,-7.690010525027539
AMGN,212_bull_reversal,,HIGH,26,15.56,107.42,46.15,41.42,50.0,67.99,42.31,-6.007731293599321,-4.8672573736384805,-15.380010525027537
AMGN,212_bull_reversal,,LOW,19,12.07,116.32,42.11,15.87,36.84,380.9,57.89,-10.04773129359932,-18.027257373638477,0.19998947497246178
AMGN,212_bull_reversal,,MID,24,-10.0,172.79,41.67,-113.43,29.17,60.84,50.0,-10.487731293599317,-25.69725737363848,-7.690010525027539
AMGN,22_bear_continuation,,HIGH,159,22.62,181.28,52.83,48.26,55.35,111.51,52.2,0.6722687064006792,0.4827426263615209,-5.490010525027536
AMGN,22_bear_continuation,,LOW,113,-2.07,107.03,49.56,0.92,47.79,123.43,53.1,-2.597731293599317,-7.077257373638481,-4.590010525027537
AMGN,22_bear_continuation,,MID,118,-3.58,122.49,46.61,66.63,52.14,20.33,53.45,-5.54773129359932,-2.72725737363848,-4.240010525027536
AMGN,22_bear_reversal,,HIGH,106,4.24,152.66,54.72,12.34,50.0,6.16,37.74,2.5622687064006797,-4.8672573736384805,-19.950010525027537
AMGN,22_bear_reversal,,LOW,101,10.53,129.88,60.4,19.99,49.5,199.19,57.43,8.24226870640068,-5.3672573736384805,-0.2600105250275391
AMGN,22_bear_reversal,,MID,108,11.22,136.93,56.48,11.98,51.85,45.11,48.11,4.322268706400678,-3.017257373638479,-9.58001052502754
AMGN,22_bull_continuation,,HIGH,131,-8.03,173.72,51.15,6.12,54.96,-72.06,40.46,-1.0077312935993206,0.09274262636152031,-17.230010525027538
AMGN,22_bull_continuation,,LOW,162,14.81,117.65,53.09,45.36,60.49,178.11,61.73,0.9322687064006843,5.6227426263615214,4.039989474972458
AMGN,22_bull_continuation,,MID,146,-16.47,168.96,49.32,1.42,48.63,36.57,47.95,-2.837731293599319,-6.237257373638478,-9.740010525027536
AMGN,22_bull_reversal,,HIGH,101,-1.84,212.6,52.48,10.92,60.4,18.81,46.53,0.32226870640067773,5.532742626361518,-11.160010525027538
AMGN,22_bull_reversal,,LOW,100,2.95,105.28,53.0,31.75,52.0,165.58,59.0,0.8422687064006809,-2.8672573736384805,1.3099894749724612
AMGN,22_bull_reversal,,MID,116,1.56,155.07,50.86,33.24,54.31,66.25,51.75,-1.2977312935993197,-0.5572573736384783,-5.940010525027539
AMGN,312_bull_reversal,,HIGH,10,52.66,181.5,70.0,2.2,60.0,83.07,50.0,17.84226870640068,5.1327426263615195,-7.690010525027539
AMGN,312_bull_reversal,,LOW,10,-14.72,51.96,30.0,-9.57,50.0,205.55,70.0,-22.15773129359932,-4.8672573736384805,12.309989474972461
AMGN,322_bear_continuation,,HIGH,14,90.34,176.46,78.57,21.83,35.71,149.05,64.29,26.412268706400674,-19.15725737363848,6.5999894749724675
AMGN,322_bear_continuation,,LOW,11,19.69,80.61,45.45,-25.24,45.45,-211.92,45.45,-6.707731293599316,-9.417257373638478,-12.240010525027536
AMGN,322_bear_continuation,,MID,13,80.54,158.38,84.62,102.72,46.15,-2.66,41.67,32.462268706400685,-8.717257373638482,-16.020010525027537
AMGN,322_bull_continuation,,HIGH,11,17.62,192.65,54.55,-20.06,45.45,129.7,54.55,2.392268706400678,-9.417257373638478,-3.1400105250275416
AMGN,322_bull_continuation,,LOW,16,50.69,71.09,62.5,81.31,68.75,71.05,43.75,10.34226870640068,13.88274262636152,-13.940010525027539
AMGN,322_bull_continuation,,MID,13,-4.37,161.06,46.15,-40.16,41.67,-142.93,25.0,-6.007731293599321,-13.197257373638479,-32.69001052502754
AMGN,clean_2d_bear,,HIGH,13,34.24,155.5,69.23,105.79,61.54,-84.61,30.77,17.072268706400685,6.672742626361519,-26.92001052502754
AMGN,clean_2d_bear,,MID,20,-78.8,210.86,35.0,-51.04,45.0,159.79,55.56,-17.15773129359932,-9.86725737363848,-2.1300105250275365
AMGN,clean_2u_bull,,HIGH,12,68.11,241.64,66.67,-110.96,50.0,60.11,41.67,14.512268706400683,-4.8672573736384805,-16.020010525027537
AMGN,clean_2u_bull,,LOW,19,17.74,83.07,52.63,30.28,52.63,-65.47,42.11,0.4722687064006834,-2.237257373638478,-15.58001052502754
AMGN,clean_2u_bull,,MID,11,35.73,101.8,54.55,127.53,80.0,122.72,55.56,2.392268706400678,25.13274262636152,-2.1300105250275365
AMGN,f2u_bear_reversal,,MID,10,-10.11,146.57,60.0,151.04,70.0,-114.73,40.0,7.842268706400681,15.13274262636152,-17.69001052502754
AMGN,,,HIGH,173,-8.77,180.11,47.98,9.35,49.71,115.1,49.71,-4.177731293599322,-5.15725737363848,-7.980010525027538
AMGN,,,LOW,155,-0.56,113.66,49.03,-3.56,47.74,68.79,55.48,-3.127731293599318,-7.1272573736384786,-2.210010525027542
AMGN,,,MID,165,19.36,204.76,52.73,2.47,46.95,78.51,49.38,0.5722687064006777,-7.917257373638478,-8.310010525027536
AMZN,212_bear_continuation,,HIGH,16,-65.43,270.61,31.25,213.24,75.0,163.17,68.75,-20.90773129359932,20.13274262636152,11.059989474972461
AMZN,212_bear_continuation,,LOW,12,54.53,97.2,66.67,20.99,58.33,201.34,58.33,14.512268706400683,3.4627426263615178,0.6399894749724595
AMZN,212_bear_continuation,,MID,15,-89.92,278.31,40.0,-4.17,46.67,8.79,60.0,-12.15773129359932,-8.197257373638479,2.309989474972461
AMZN,212_bear_reversal,,HIGH,20,6.35,178.19,40.0,-16.12,65.0,13.74,55.0,-12.15773129359932,10.13274262636152,-2.690010525027539
AMZN,212_bear_reversal,,LOW,18,13.75,112.25,55.56,80.29,66.67,226.53,72.22,3.402268706400683,11.802742626361521,14.52998947497246
AMZN,212_bear_reversal,,MID,20,-23.92,142.05,60.0,68.46,65.0,203.38,68.42,7.842268706400681,10.13274262636152,10.729989474972463
AMZN,212_bull_continuation,,HIGH,12,-6.18,153.0,33.33,183.19,66.67,242.47,50.0,-18.82773129359932,11.802742626361521,-7.690010525027539
AMZN,212_bull_continuation,,LOW,21,25.81,141.59,57.14,-11.53,57.14,160.48,71.43,4.982268706400681,2.27274262636152,13.739989474972468
AMZN,212_bull_continuation,,MID,13,-43.49,176.54,38.46,-52.16,53.85,90.24,46.15,-13.697731293599318,-1.0172573736384791,-11.54001052502754
AMZN,212_bull_reversal,,HIGH,28,12.9,191.45,64.29,57.72,57.14,406.15,60.71,12.132268706400687,2.27274262636152,3.019989474972462
AMZN,212_bull_reversal,,LOW,25,32.2,120.01,64.0,184.1,68.0,567.15,84.0,11.84226870640068,13.13274262636152,26.30998947497246
AMZN,212_bull_reversal,,MID,21,0.71,121.21,42.86,-12.19,57.14,294.62,80.95,-9.29773129359932,2.27274262636152,23.259989474972464
AMZN,22_bear_continuation,,HIGH,175,21.69,263.83,56.57,42.01,53.71,-299.41,54.86,4.412268706400681,-1.1572573736384797,-2.8300105250275394
AMZN,22_bear_continuation,,LOW,76,16.4,125.81,53.95,21.54,61.84,290.64,81.58,1.7922687064006837,6.972742626361523,23.88998947497246
AMZN,22_bear_continuation,,MID,114,-5.49,191.69,47.37,-5.41,48.25,98.58,58.18,-4.787731293599322,-6.6172573736384805,0.4899894749724609
AMZN,22_bear_reversal,,HIGH,114,10.66,292.24,59.65,88.84,62.28,250.59,61.4,7.492268706400679,7.412742626361521,3.70998947497246
AMZN,22_bear_reversal,,LOW,110,5.06,123.85,51.82,64.16,60.0,264.59,69.09,-0.33773129359931886,5.1327426263615195,11.399989474972465
AMZN,22_bear_reversal,,MID,107,32.08,198.18,65.42,59.41,56.6,93.47,61.54,13.262268706400683,1.7327426263615209,3.8499894749724604
AMZN,22_bull_continuation,,HIGH,136,12.2,285.4,55.15,-205.26,46.32,-50.58,60.29,2.9922687064006794,-8.54725737363848,2.5999894749724604
AMZN,22_bull_continuation,,LOW,214,13.37,117.47,53.27,72.32,64.49,257.01,74.77,1.112268706400684,9.622742626361514,17.079989474972457
AMZN,22_bull_continuation,,MID,195,-4.97,192.94,51.79,8.78,52.06,25.7,60.42,-0.36773129359932,-2.8072573736384783,2.729989474972463
AMZN,22_bull_reversal,,HIGH,115,12.13,274.32,53.04,86.2,54.78,150.19,60.87,0.88226870640068,-0.08725737363847941,3.1799894749724587
AMZN,22_bull_reversal,,LOW,103,2.16,144.33,51.46,62.24,60.19,278.47,71.84,-0.6977312935993183,5.322742626361517,14.149989474972465
AMZN,22_bull_reversal,,MID,121,17.49,197.98,53.72,48.21,55.46,80.5,57.26,1.5622687064006797,0.5927426263615203,-0.4300105250275408
AMZN,312_bull_reversal,,LOW,10,72.15,206.62,50.0,170.35,50.0,32.48,50.0,-2.157731293599319,-4.8672573736384805,-7.690010525027539
AMZN,322_bear_continuation,,HIGH,17,-32.86,254.61,52.94,219.37,70.59,837.77,82.35,0.7822687064006786,15.722742626361523,24.659989474972456
AMZN,322_bear_continuation,,MID,14,13.18,111.27,42.86,-55.42,42.86,109.68,71.43,-9.29773129359932,-12.007257373638481,13.739989474972468
AMZN,322_bull_continuation,,LOW,20,19.06,135.85,50.0,13.42,40.0,46.01,60.0,-2.157731293599319,-14.86725737363848,2.309989474972461
AMZN,322_bull_continuation,,MID,11,-9.65,165.11,54.55,-42.28,45.45,77.25,45.45,2.392268706400678,-9.417257373638478,-12.240010525027536
AMZN,clean_2d_bear,,HIGH,20,21.53,230.09,40.0,264.13,70.0,593.63,80.0,-12.15773129359932,15.13274262636152,22.30998947497246
AMZN,clean_2d_bear,,MID,12,-40.19,174.67,41.67,-205.79,41.67,2.1,50.0,-10.487731293599317,-13.197257373638479,-7.690010525027539
AMZN,clean_2u_bull,,LOW,12,51.19,147.66,66.67,-30.66,66.67,-214.7,41.67,14.512268706400683,11.802742626361521,-16.020010525027537
AMZN,clean_2u_bull,,MID,13,55.64,134.17,61.54,73.63,46.15,188.54,53.85,9.38226870640068,-8.717257373638482,-3.8400105250275374
AMZN,f2d_bull_reversal,,HIGH,11,96.32,303.4,72.73,40.37,45.45,403.6,63.64,20.572268706400685,-9.417257373638478,5.949989474972462
AMZN,,,HIGH,143,-46.03,830.11,53.15,-36.79,55.24,63.85,60.14,0.9922687064006794,0.37274262636152145,2.449989474972462
AMZN,,,LOW,147,30.76,155.39,57.14,90.14,57.82,186.43,65.99,4.982268706400681,2.9527426263615197,8.299989474972456
AMZN,,,MID,147,-9.27,184.89,53.74,9.91,54.42,158.03,63.45,1.5822687064006828,-0.44725737363847884,5.759989474972464
ANET,212_bear_continuation,,HIGH,13,8.56,181.07,46.15,154.76,38.46,870.3,61.54,-6.007731293599321,-16.40725737363848,3.8499894749724604
ANET,212_bear_continuation,,MID,14,-34.53,165.98,42.86,-535.21,57.14,-53.55,50.0,-9.29773129359932,2.27274262636152,-7.690010525027539
ANET,212_bear_reversal,,HIGH,22,-38.57,239.2,40.91,230.28,63.64,312.0,54.55,-11.247731293599323,8.77274262636152,-3.1400105250275416
ANET,212_bear_reversal,,LOW,18,3.68,219.9,50.0,50.92,77.78,348.33,72.22,-2.157731293599319,22.91274262636152,14.52998947497246
ANET,212_bear_reversal,,MID,12,-18.74,203.75,50.0,125.23,58.33,252.49,83.33,-2.157731293599319,3.4627426263615178,25.63998947497246
ANET,212_bull_continuation,,HIGH,13,106.77,132.21,84.62,54.24,61.54,304.18,53.85,32.462268706400685,6.672742626361519,-3.8400105250275374
ANET,212_bull_continuation,,LOW,20,11.66,116.89,45.0,97.49,70.0,172.63,70.0,-7.157731293599319,15.13274262636152,12.309989474972461
ANET,212_bull_continuation,,MID,16,-89.05,584.3,68.75,207.27,56.25,-828.19,56.25,16.59226870640068,1.3827426263615195,-1.4400105250275388
ANET,212_bull_reversal,,HIGH,20,134.19,404.13,55.0,305.15,60.0,373.04,55.0,2.842268706400681,5.1327426263615195,-2.690010525027539
ANET,212_bull_reversal,,LOW,36,-15.46,185.16,47.22,-14.03,50.0,-124.56,50.0,-4.93773129359932,-4.8672573736384805,-7.690010525027539
ANET,212_bull_reversal,,MID,23,70.82,266.22,65.22,73.48,65.22,425.24,60.87,13.06226870640068,10.352742626361518,3.1799894749724587
ANET,22_bear_continuation,,HIGH,151,66.63,330.12,57.62,52.52,50.33,550.72,60.93,5.462268706400678,-4.537257373638482,3.239989474972461
ANET,22_bear_continuation,,LOW,70,11.89,431.65,52.86,184.24,71.43,821.54,81.43,0.7022687064006803,16.562742626361526,23.739989474972468
ANET,22_bear_continuation,,MID,104,17.98,279.23,51.92,61.26,56.73,166.15,58.82,-0.23773129359931744,1.8627426263615163,1.1299894749724615
ANET,22_bear_reversal,,HIGH,116,14.03,280.2,54.31,140.59,59.48,520.11,62.93,2.152268706400683,4.612742626361516,5.239989474972461
ANET,22_bear_reversal,,LOW,103,10.12,237.29,58.25,12.26,64.08,159.39,64.08,6.092268706400681,9.212742626361518,6.3899894749724595
ANET,22_bear_reversal,,MID,117,2.95,282.33,54.7,-21.65,53.85,42.62,61.21,2.5422687064006837,-1.0172573736384791,3.519989474972462
ANET,22_bull_continuation,,HIGH,149,36.92,272.91,58.39,118.04,57.05,246.92,61.07,6.232268706400681,2.1827426263615166,3.3799894749724615
ANET,22_bull_continuation,,LOW,212,2.67,182.19,54.25,81.79,62.26,325.21,69.81,2.092268706400681,7.3927426263615175,12.119989474972463
ANET,22_bull_continuation,,MID,171,-24.2,357.98,47.95,15.45,56.14,-123.43,55.88,-4.207731293599316,1.27274262636152,-1.8100105250275362
ANET,22_bull_reversal,,HIGH,108,-7.45,270.27,47.22,44.44,53.7,356.38,61.11,-4.93773129359932,-1.1672573736384777,3.4199894749724606
ANET,22_bull_reversal,,LOW,101,28.74,213.94,63.37,1.21,63.37,281.33,68.32,11.212268706400678,8.502742626361517,10.629989474972454
ANET,22_bull_reversal,,MID,125,-55.72,706.21,51.2,-84.86,55.2,91.9,63.71,-0.9577312935993163,0.3327426263615223,6.019989474972462
ANET,312_bull_reversal,,HIGH,10,97.9,225.02,70.0,237.08,80.0,786.29,60.0,17.84226870640068,25.13274262636152,2.309989474972461
ANET,322_bear_continuation,,HIGH,16,122.76,273.59,62.5,346.34,81.25,895.52,68.75,10.34226870640068,26.38274262636152,11.059989474972461
ANET,322_bear_continuation,,MID,13,-9.0,214.83,69.23,395.34,76.92,-252.3,53.85,17.072268706400685,22.05274262636152,-3.8400105250275374
ANET,322_bull_continuation,,HIGH,13,-101.61,325.42,46.15,-174.34,53.85,-2.66,46.15,-6.007731293599321,-1.0172573736384791,-11.54001052502754
ANET,322_bull_continuation,,LOW,20,20.7,141.09,30.0,87.71,40.0,41.36,60.0,-22.15773129359932,-14.86725737363848,2.309989474972461
ANET,322_bull_continuation,,MID,18,-43.14,218.77,38.89,14.71,50.0,-188.42,66.67,-13.267731293599319,-4.8672573736384805,8.979989474972463
ANET,clean_2d_bear,,HIGH,15,-47.18,255.45,40.0,54.78,40.0,361.52,53.33,-12.15773129359932,-14.86725737363848,-4.3600105250275405
ANET,clean_2d_bear,,LOW,10,-50.88,140.49,30.0,-95.52,40.0,-116.58,60.0,-22.15773129359932,-14.86725737363848,2.309989474972461
ANET,clean_2d_bear,,MID,22,-28.92,233.0,54.55,141.74,68.18,124.32,63.64,2.392268706400678,13.312742626361526,5.949989474972462
ANET,clean_2u_bull,,LOW,16,70.2,260.67,62.5,209.68,62.5,140.04,62.5,10.34226870640068,7.6327426263615195,4.809989474972461
ANET,clean_2u_bull,,MID,13,70.97,209.67,69.23,333.39,84.62,-270.19,61.54,17.072268706400685,29.752742626361524,3.8499894749724604
ANET,f2d_bull_reversal,,HIGH,11,-31.43,313.2,45.45,49.32,54.55,168.48,63.64,-6.707731293599316,-0.3172573736384834,5.949989474972462
ANET,,,HIGH,155,-0.44,299.83,56.13,190.78,61.29,420.06,58.71,3.9722687064006834,6.422742626361519,1.019989474972462
ANET,,,LOW,154,30.31,669.19,64.94,53.94,64.29,189.85,65.58,12.782268706400679,9.422742626361526,7.8899894749724595
ANET,,,MID,129,16.52,276.92,53.49,13.37,57.36,-137.04,61.24,1.3322687064006828,2.492742626361519,3.549989474972463
APH,212_bear_continuation,,LOW,12,24.13,76.44,50.0,-4.23,58.33,-490.73,66.67,-2.157731293599319,3.4627426263615178,8.979989474972463
APH,212_bear_continuation,,MID,12,33.42,141.3,66.67,192.64,58.33,365.94,58.33,14.512268706400683,3.4627426263615178,0.6399894749724595
APH,212_bear_reversal,,HIGH,25,19.02,136.65,60.0,42.01,52.0,168.59,64.0,7.842268706400681,-2.8672573736384805,6.309989474972461
APH,212_bear_reversal,,LOW,17,13.4,66.04,52.94,-25.99,47.06,34.86,70.59,0.7822687064006786,-7.807257373638478,12.899989474972465
APH,212_bear_reversal,,MID,14,96.72,155.74,85.71,-80.36,35.71,262.32,57.14,33.552268706400675,-19.15725737363848,-0.5500105250275382
APH,212_bull_continuation,,HIGH,10,-8.64,121.01,50.0,-15.05,60.0,345.13,50.0,-2.157731293599319,5.1327426263615195,-7.690010525027539
APH,212_bull_continuation,,LOW,20,-26.2,163.81,55.0,26.91,55.0,234.3,75.0,2.842268706400681,0.13274262636151946,17.30998947497246
APH,212_bull_continuation,,MID,14,61.33,103.41,78.57,67.65,64.29,276.87,71.43,26.412268706400674,9.422742626361526,13.739989474972468
APH,212_bull_reversal,,HIGH,25,42.4,216.03,64.0,179.93,68.0,221.24,52.0,11.84226870640068,13.13274262636152,-5.690010525027539
APH,212_bull_reversal,,LOW,27,11.29,102.92,59.26,74.93,74.07,113.19,70.37,7.102268706400679,19.202742626361513,12.679989474972466
APH,212_bull_reversal,,MID,18,-17.35,331.2,66.67,-94.33,33.33,-216.1,41.18,14.512268706400683,-21.537257373638482,-16.51001052502754
APH,22_bear_continuation,,HIGH,156,-35.64,463.09,51.28,26.45,62.18,182.89,59.62,-0.877731293599318,7.312742626361519,1.9299894749724587
APH,22_bear_continuation,,LOW,59,23.49,72.77,59.32,85.84,67.8,-38.92,66.1,7.162268706400681,12.932742626361517,8.409989474972456
APH,22_bear_continuation,,MID,92,17.82,196.45,56.52,11.14,56.04,335.16,67.06,4.362268706400684,1.1727426263615186,9.369989474972463
APH,22_bear_reversal,,HIGH,118,8.58,195.24,53.39,96.57,61.02,123.45,61.02,1.2322687064006814,6.152742626361523,3.3299894749724643
APH,22_bear_reversal,,LOW,95,31.05,97.63,57.89,53.26,65.26,-65.97,63.16,5.732268706400681,10.392742626361525,5.469989474972458
APH,22_bear_reversal,,MID,107,-11.92,131.36,46.73,15.16,57.94,102.7,61.32,-5.427731293599322,3.072742626361517,3.6299894749724615
APH,22_bull_continuation,,HIGH,130,23.49,200.07,51.54,5.32,56.15,198.36,61.54,-0.61773129359932,1.282742626361518,3.8499894749724604
APH,22_bull_continuation,,LOW,221,7.23,87.51,57.01,30.93,61.09,-26.12,67.42,4.852268706400679,6.222742626361523,9.729989474972463
APH,22_bull_continuation,,MID,197,3.29,184.14,53.81,26.73,60.2,77.09,60.71,1.6522687064006831,5.332742626361522,3.019989474972462
APH,22_bull_reversal,,HIGH,120,3.62,212.78,51.67,54.73,56.67,91.78,55.83,-0.48773129359931744,1.8027426263615212,-1.8600105250275405
APH,22_bull_reversal,,LOW,104,10.27,130.15,52.88,-33.77,51.92,-90.8,66.35,0.7222687064006834,-2.947257373638479,8.659989474972456
APH,22_bull_reversal,,MID,116,6.4,179.11,52.59,3.48,53.04,191.09,64.91,0.43226870640068427,-1.8272573736384814,7.219989474972458
APH,312_bull_reversal,,LOW,10,-89.58,284.19,40.0,-16.77,50.0,125.64,70.0,-12.15773129359932,-4.8672573736384805,12.309989474972461
APH,312_bull_reversal,,MID,11,-31.19,245.33,54.55,18.82,54.55,431.64,81.82,2.392268706400678,-0.3172573736384834,24.129989474972454
APH,322_bear_continuation,,HIGH,19,28.29,353.35,73.68,123.04,73.68,572.43,73.68,21.522268706400688,18.812742626361526,15.989989474972468
APH,322_bear_continuation,,LOW,10,26.08,81.23,60.0,-14.99,60.0,-67.82,30.0,7.842268706400681,5.1327426263615195,-27.69001052502754
APH,322_bull_continuation,,HIGH,18,71.71,148.43,66.67,200.36,83.33,355.22,83.33,14.512268706400683,28.462742626361518,25.63998947497246
APH,322_bull_continuation,,LOW,21,-13.23,54.47,47.62,64.77,61.9,143.0,61.9,-4.537731293599322,7.032742626361518,4.20998947497246
APH,322_bull_continuation,,MID,14,-30.03,108.97,35.71,72.97,64.29,405.95,71.43,-16.44773129359932,9.422742626361526,13.739989474972468
APH,32_bull_reversal,,HIGH,12,75.27,134.78,75.0,264.59,75.0,624.57,75.0,22.84226870640068,20.13274262636152,17.30998947497246
APH,clean_2d_bear,,HIGH,15,92.86,181.17,66.67,57.61,73.33,343.46,60.0,14.512268706400683,18.462742626361518,2.309989474972461
APH,clean_2d_bear,,LOW,12,-25.92,123.07,41.67,-405.15,50.0,-277.26,66.67,-10.487731293599317,-4.8672573736384805,8.979989474972463
APH,clean_2d_bear,,MID,17,26.13,127.97,64.71,93.11,62.5,405.67,75.0,12.552268706400675,7.6327426263615195,17.30998947497246
APH,clean_2u_bull,,HIGH,12,3.09,163.17,58.33,138.53,66.67,390.58,66.67,6.172268706400679,11.802742626361521,8.979989474972463
APH,clean_2u_bull,,LOW,16,-289.72,1229.06,43.75,-273.6,56.25,-139.51,62.5,-8.40773129359932,1.3827426263615195,4.809989474972461
APH,clean_2u_bull,,MID,12,-32.55,137.19,33.33,7.56,58.33,347.72,83.33,-18.82773129359932,3.4627426263615178,25.63998947497246
APH,f2d_bull_reversal,,HIGH,10,66.96,310.12,70.0,-210.07,40.0,-601.73,40.0,17.84226870640068,-14.86725737363848,-17.69001052502754
APH,,,HIGH,144,38.69,230.27,61.81,129.15,60.42,279.81,60.42,9.652268706400683,5.552742626361521,2.729989474972463
APH,,,LOW,160,14.45,82.29,60.0,-42.39,51.88,-0.09,63.13,7.842268706400681,-2.987257373638478,5.439989474972464
APH,,,MID,158,-19.72,164.94,43.67,-9.51,56.33,262.25,69.48,-8.487731293599317,1.4627426263615178,11.789989474972465
APP,212_bear_continuation,,HIGH,12,130.87,355.29,66.67,209.32,50.0,1429.02,75.0,14.512268706400683,-4.8672573736384805,17.30998947497246
APP,212_bear_continuation,,MID,10,-294.24,572.81,30.0,-202.96,40.0,-194.5,50.0,-22.15773129359932,-14.86725737363848,-7.690010525027539
APP,212_bear_reversal,,MID,15,-1.23,356.97,53.33,-0.75,40.0,474.66,42.86,1.1722687064006792,-14.86725737363848,-14.83001052502754
APP,212_bull_continuation,,MID,14,260.58,674.41,78.57,227.65,64.29,884.24,64.29,26.412268706400674,9.422742626361526,6.5999894749724675
APP,212_bull_reversal,,HIGH,12,103.18,387.7,58.33,119.14,58.33,128.58,50.0,6.172268706400679,3.4627426263615178,-7.690010525027539
APP,212_bull_reversal,,MID,12,69.79,597.95,66.67,620.52,66.67,984.58,58.33,14.512268706400683,11.802742626361521,0.6399894749724595
APP,22_bear_continuation,,HIGH,108,-46.0,470.06,49.07,264.06,51.85,369.59,47.22,-3.087731293599319,-3.017257373638479,-10.47001052502754
APP,22_bear_continuation,,LOW,24,69.06,243.66,58.33,27.52,54.17,438.11,62.5,6.172268706400679,-0.6972573736384788,4.809989474972461
APP,22_bear_continuation,,MID,68,45.76,468.16,54.41,93.34,53.73,686.44,59.7,2.2522687064006774,-1.1372573736384837,2.009989474972464
APP,22_bear_reversal,,HIGH,57,24.81,558.26,52.63,115.5,57.89,163.24,40.35,0.4722687064006834,3.02274262636152,-17.340010525027537
APP,22_bear_reversal,,LOW,29,134.56,384.37,65.52,248.92,51.72,629.47,65.52,13.362268706400677,-3.1472573736384817,7.829989474972457
APP,22_bear_reversal,,MID,62,-39.85,594.95,50.0,99.22,52.46,834.94,65.0,-2.157731293599319,-2.4072573736384797,7.309989474972461
APP,22_bull_continuation,,HIGH,68,-48.71,464.81,50.0,9.82,54.41,614.97,51.47,-2.157731293599319,-0.45725737363848395,-6.22001052502754
APP,22_bull_continuation,,LOW,61,-14.39,361.09,44.26,90.68,49.18,673.75,59.02,-7.897731293599321,-5.687257373638481,1.3299894749724643
APP,22_bull_continuation,,MID,141,83.49,542.09,62.41,192.89,62.14,812.26,59.12,10.252268706400677,7.27274262636152,1.4299894749724587
APP,22_bull_reversal,,HIGH,54,87.3,625.75,57.41,64.73,51.85,191.38,44.44,5.2522687064006774,-3.017257373638479,-13.250010525027541
APP,22_bull_reversal,,LOW,30,72.85,545.13,50.0,239.58,60.0,1094.25,66.67,-2.157731293599319,5.1327426263615195,8.979989474972463
APP,22_bull_reversal,,MID,70,109.84,453.93,58.57,288.51,60.87,909.0,64.62,6.412268706400681,6.002742626361517,6.929989474972466
APP,312_bull_reversal,,MID,10,-5.11,415.34,60.0,-186.18,50.0,403.3,60.0,7.842268706400681,-4.8672573736384805,2.309989474972461
APP,322_bear_continuation,,HIGH,16,129.83,380.51,62.5,-32.01,43.75,-728.18,25.0,10.34226870640068,-11.11725737363848,-32.69001052502754
APP,clean_2u_bull,,HIGH,10,-171.39,452.72,30.0,-177.48,50.0,-703.93,40.0,-22.15773129359932,-4.8672573736384805,-17.69001052502754
APP,clean_2u_bull,,MID,11,-60.08,352.32,54.55,12.89,54.55,399.73,63.64,2.392268706400678,-0.3172573736384834,5.949989474972462
APP,,,HIGH,87,91.11,661.07,51.72,235.15,55.17,440.67,55.17,-0.4377312935993203,0.30274262636152116,-2.520010525027537
APP,,,LOW,38,-1.52,260.27,44.74,131.61,60.53,878.89,73.68,-7.417731293599317,5.662742626361521,15.989989474972468
APP,,,MID,111,-13.81,367.73,46.85,54.88,56.76,664.47,58.88,-5.307731293599318,1.8927426263615175,1.1899894749724638
ARM,212_bull_continuation,,LOW,10,-425.49,644.2,30.0,-335.08,30.0,31.58,50.0,-22.15773129359932,-24.86725737363848,-7.690010525027539
ARM,212_bull_reversal,,MID,16,65.13,384.98,62.5,-16.35,50.0,-173.62,46.67,10.34226870640068,-4.8672573736384805,-11.020010525027537
ARM,22_bear_continuation,,HIGH,22,171.22,280.07,77.27,150.85,59.09,1071.59,68.18,25.112268706400677,4.222742626361523,10.489989474972468
ARM,22_bear_continuation,,LOW,15,7.11,353.01,60.0,182.23,60.0,610.2,60.0,7.842268706400681,5.1327426263615195,2.309989474972461
ARM,22_bear_continuation,,MID,52,-52.75,436.31,44.23,-254.96,34.62,168.42,51.92,-7.927731293599322,-20.247257373638483,-5.770010525027537
ARM,22_bear_reversal,,HIGH,21,77.46,431.67,57.14,545.28,80.95,1272.05,71.43,4.982268706400681,26.082742626361522,13.739989474972468
ARM,22_bear_reversal,,LOW,15,-50.43,338.78,53.33,392.29,73.33,423.13,53.33,1.1722687064006792,18.462742626361518,-4.3600105250275405
ARM,22_bear_reversal,,MID,48,4.28,289.61,41.67,-158.59,45.83,-0.02,52.17,-10.487731293599317,-9.037257373638482,-5.520010525027537
ARM,22_bull_continuation,,HIGH,17,-18.14,443.78,58.82,302.44,64.71,800.91,64.71,6.662268706400681,9.842742626361513,7.019989474972455
ARM,22_bull_continuation,,LOW,34,84.89,879.12,44.12,399.02,47.06,1086.34,52.94,-8.037731293599322,-7.807257373638478,-4.750010525027541
ARM,22_bull_continuation,,MID,71,-17.27,344.96,43.66,-57.3,45.07,247.56,64.79,-8.497731293599323,-9.79725737363848,7.0999894749724675
ARM,22_bull_reversal,,HIGH,22,98.54,610.93,54.55,348.0,63.64,1436.76,72.73,2.392268706400678,8.77274262636152,15.039989474972465
ARM,22_bull_reversal,,LOW,19,128.81,324.69,52.63,156.64,52.63,985.27,52.63,0.4722687064006834,-2.237257373638478,-5.060010525027536
ARM,22_bull_reversal,,MID,37,25.17,444.65,56.76,16.31,56.76,-66.52,51.35,4.602268706400679,1.8927426263615175,-6.340010525027537
ARM,,,HIGH,28,-6.7,455.67,46.43,238.61,60.71,784.16,64.29,-5.727731293599319,5.84274262636152,6.5999894749724675
ARM,,,LOW,44,174.79,612.96,52.27,599.49,70.45,1828.64,77.27,0.11226870640068398,15.582742626361522,19.579989474972457
ARM,,,MID,55,-45.31,408.43,49.09,-78.88,49.09,37.71,47.27,-3.0677312935993157,-5.777257373638477,-10.420010525027536
ASTS,111_inside_compression,,HIGH,17,7.38,35.01,11.76,15.07,35.29,65.8,88.24,-40.39773129359932,-19.57725737363848,30.549989474972456
ASTS,11_inside_compression,,HIGH,23,37.74,176.11,43.48,275.04,65.22,375.85,69.57,-8.677731293599322,10.352742626361518,11.879989474972454
ASTS,212_bear_continuation,,HIGH,18,-83.17,548.57,44.44,-333.5,38.89,329.16,44.44,-7.717731293599321,-15.97725737363848,-13.250010525027541
ASTS,212_bear_reversal,,HIGH,23,-40.26,577.67,56.52,226.25,52.17,111.5,47.83,4.362268706400684,-2.697257373638479,-9.86001052502754
ASTS,212_bear_reversal,,LOW,10,13.94,438.9,60.0,1669.48,80.0,1486.71,60.0,7.842268706400681,25.13274262636152,2.309989474972461
ASTS,212_bear_reversal,,MID,23,37.52,634.29,52.17,-110.88,43.48,1014.21,52.17,0.01226870640068256,-11.387257373638484,-5.520010525027537
ASTS,212_bull_continuation,,HIGH,21,10.28,734.1,33.33,53.25,61.9,696.99,57.14,-18.82773129359932,7.032742626361518,-0.5500105250275382
ASTS,212_bull_continuation,,MID,16,-67.51,486.19,37.5,-153.93,31.25,-183.37,37.5,-14.65773129359932,-23.61725737363848,-20.19001052502754
ASTS,212_bull_reversal,,HIGH,19,155.34,436.57,57.89,94.03,47.37,474.75,63.16,5.732268706400681,-7.497257373638483,5.469989474972458
ASTS,212_bull_reversal,,LOW,12,41.29,316.23,41.67,-43.85,33.33,-578.12,41.67,-10.487731293599317,-21.537257373638482,-16.020010525027537
ASTS,212_bull_reversal,,MID,21,37.09,486.75,52.38,651.76,52.38,2262.38,60.0,0.2222687064006834,-2.487257373638478,2.309989474972461
ASTS,22_bear_continuation,,HIGH,117,74.69,661.26,49.57,23.24,46.15,289.04,47.86,-2.587731293599319,-8.717257373638482,-9.83001052502754
ASTS,22_bear_continuation,,LOW,29,213.09,924.98,65.52,213.17,55.17,1535.88,41.38,13.362268706400677,0.30274262636152116,-16.310010525027536
ASTS,22_bear_continuation,,MID,73,11.24,472.7,47.95,52.56,45.21,768.99,57.75,-4.207731293599316,-9.65725737363848,0.05998947497246121
ASTS,22_bear_reversal,,HIGH,94,49.62,471.55,48.94,300.33,55.32,376.66,46.81,-3.2177312935993214,0.45274262636151974,-10.880010525027537
ASTS,22_bear_reversal,,LOW,29,5.48,810.97,37.93,476.74,51.72,1536.96,34.48,-14.22773129359932,-3.1472573736384817,-23.210010525027542
ASTS,22_bear_reversal,,MID,77,35.91,841.68,42.86,110.7,41.56,1087.91,54.67,-9.29773129359932,-13.307257373638478,-3.020010525027537
ASTS,22_bull_continuation,,HIGH,79,-15.73,551.52,41.77,447.41,53.16,382.89,49.37,-10.387731293599316,-1.707257373638484,-8.320010525027541
ASTS,22_bull_continuation,,LOW,53,246.53,1418.35,50.94,-54.35,50.94,2122.66,54.72,-1.2177312935993214,-3.927257373638483,-2.97001052502754
ASTS,22_bull_continuation,,MID,106,71.13,630.74,50.94,400.26,53.33,1253.08,54.81,-1.2177312935993214,-1.5372573736384822,-2.8800105250275365
ASTS,22_bull_reversal,,HIGH,98,-5.64,547.92,44.9,-1.04,44.9,87.49,46.94,-7.257731293599321,-9.967257373638482,-10.750010525027541
ASTS,22_bull_reversal,,LOW,24,57.26,469.2,50.0,888.71,62.5,2122.84,50.0,-2.157731293599319,7.6327426263615195,-7.690010525027539
ASTS,22_bull_reversal,,MID,86,-0.95,788.41,43.02,23.96,41.86,560.15,49.41,-9.137731293599316,-13.007257373638481,-8.280010525027542
ASTS,322_bear_continuation,,HIGH,10,115.78,357.98,60.0,132.76,50.0,1117.98,60.0,7.842268706400681,-4.8672573736384805,2.309989474972461
ASTS,clean_2d_bear,,HIGH,19,10.88,358.64,57.89,152.98,52.63,404.68,63.16,5.732268706400681,-2.237257373638478,5.469989474972458
ASTS,clean_2d_bear,,MID,10,151.48,535.96,60.0,670.16,70.0,2205.22,50.0,7.842268706400681,15.13274262636152,-7.690010525027539
ASTS,clean_2u_bull,,HIGH,14,5.24,311.73,64.29,57.24,71.43,159.54,50.0,12.132268706400687,16.562742626361526,-7.690010525027539
ASTS,clean_2u_bull,,MID,13,-103.96,531.68,30.77,-384.23,33.33,1862.24,50.0,-21.38773129359932,-21.537257373638482,-7.690010525027539
ASTS,,,HIGH,165,25.35,474.34,40.61,43.66,53.94,349.91,58.79,-11.54773129359932,-0.9272573736384828,1.0999894749724604
ASTS,,,LOW,59,-134.27,516.1,32.2,216.02,50.85,664.1,54.24,-19.957731293599316,-4.017257373638479,-3.450010525027537
ASTS,,,MID,116,51.84,623.05,47.41,253.54,47.83,1161.93,48.67,-4.7477312935993226,-7.037257373638482,-9.020010525027537
AVGO,132_bear_continuation,,MID,10,27.26,232.8,60.0,80.11,60.0,241.54,80.0,7.842268706400681,5.1327426263615195,22.30998947497246
AVGO,212_bear_continuation,,HIGH,13,192.66,468.48,61.54,336.27,61.54,1040.85,61.54,9.38226870640068,6.672742626361519,3.8499894749724604
AVGO,212_bear_continuation,,LOW,17,-6.85,148.06,35.29,158.02,52.94,164.39,58.82,-16.86773129359932,-1.9272573736384828,1.1299894749724615
AVGO,212_bear_continuation,,MID,13,-44.02,198.96,46.15,-134.86,38.46,-32.26,61.54,-6.007731293599321,-16.40725737363848,3.8499894749724604
AVGO,212_bear_reversal,,HIGH,25,7.61,177.85,52.0,231.54,88.0,594.94,84.0,-0.15773129359931914,33.13274262636152,26.30998947497246
AVGO,212_bear_reversal,,LOW,19,-4.83,111.48,52.63,-495.34,42.11,-311.36,57.89,0.4722687064006834,-12.757257373638481,0.19998947497246178
AVGO,212_bear_reversal,,MID,23,-9.43,302.05,39.13,-48.64,47.83,311.11,65.22,-13.027731293599317,-7.037257373638482,7.52998947497246
AVGO,212_bull_continuation,,HIGH,18,-22.8,194.12,50.0,47.52,77.78,573.03,83.33,-2.157731293599319,22.91274262636152,25.63998947497246
AVGO,212_bull_continuation,,LOW,26,28.57,177.58,61.54,-112.73,61.54,92.03,61.54,9.38226870640068,6.672742626361519,3.8499894749724604
AVGO,212_bull_continuation,,MID,18,-80.08,260.18,44.44,-97.47,55.56,-18.8,55.56,-7.717731293599321,0.6927426263615217,-2.1300105250275365
AVGO,212_bull_reversal,,HIGH,21,29.57,218.32,52.38,65.48,71.43,577.64,76.19,0.2222687064006834,16.562742626361526,18.49998947497246
AVGO,212_bull_reversal,,LOW,28,-33.73,184.91,39.29,81.03,60.71,374.59,64.29,-12.86773129359932,5.84274262636152,6.5999894749724675
AVGO,212_bull_reversal,,MID,23,-7.32,203.36,52.17,145.78,56.52,63.21,47.83,0.01226870640068256,1.6527426263615226,-9.86001052502754
AVGO,22_bear_continuation,,HIGH,127,60.68,317.12,62.99,131.11,63.78,509.99,68.5,10.832268706400683,8.91274262636152,10.809989474972461
AVGO,22_bear_continuation,,LOW,90,-28.22,194.59,50.0,81.16,62.22,157.69,68.89,-2.157731293599319,7.352742626361518,11.199989474972462
AVGO,22_bear_continuation,,MID,113,-34.48,212.15,44.25,-6.6,49.56,296.88,71.68,-7.907731293599319,-5.307257373638478,13.989989474972468
AVGO,22_bear_reversal,,HIGH,106,76.87,300.65,59.43,253.86,66.04,527.47,72.64,7.272268706400681,11.172742626361526,14.949989474972462
AVGO,22_bear_reversal,,LOW,106,41.92,328.0,60.38,71.29,50.94,198.48,62.26,8.222268706400683,-3.927257373638483,4.569989474972459
AVGO,22_bear_reversal,,MID,102,-10.51,209.53,55.88,3.73,52.94,189.46,63.73,3.7222687064006834,-1.9272573736384828,6.039989474972458
AVGO,22_bull_continuation,,HIGH,133,28.2,262.39,55.64,81.46,56.39,362.45,62.41,3.4822687064006814,1.52274262636152,4.719989474972458
AVGO,22_bull_continuation,,LOW,194,26.06,194.95,57.22,78.44,53.61,-308.59,53.09,5.06226870640068,-1.2572573736384811,-4.600010525027535
AVGO,22_bull_continuation,,MID,178,30.46,210.72,58.43,-5.68,51.12,206.9,65.17,6.272268706400681,-3.747257373638483,7.479989474972463
AVGO,22_bull_reversal,,HIGH,111,-4.63,244.15,49.55,222.71,66.67,381.67,65.77,-2.607731293599322,11.802742626361521,8.079989474972457
AVGO,22_bull_reversal,,LOW,106,26.65,202.27,51.89,74.36,53.77,26.64,59.43,-0.2677312935993186,-1.0972573736384774,1.739989474972461
AVGO,22_bull_reversal,,MID,111,-26.23,308.41,41.44,26.31,56.76,319.23,63.96,-10.717731293599321,1.8927426263615175,6.269989474972462
AVGO,312_bull_reversal,,HIGH,12,144.42,303.88,66.67,257.96,75.0,582.51,75.0,14.512268706400683,20.13274262636152,17.30998947497246
AVGO,322_bear_continuation,,HIGH,17,10.7,269.55,41.18,-46.06,35.29,207.76,52.94,-10.97773129359932,-19.57725737363848,-4.750010525027541
AVGO,322_bear_continuation,,LOW,12,-108.71,167.42,33.33,-141.5,33.33,16.17,58.33,-18.82773129359932,-21.537257373638482,0.6399894749724595
AVGO,322_bull_continuation,,HIGH,17,-26.93,249.64,64.71,-102.88,35.29,349.44,70.59,12.552268706400675,-19.57725737363848,12.899989474972465
AVGO,322_bull_continuation,,LOW,16,20.16,263.66,43.75,76.07,43.75,455.63,68.75,-8.40773129359932,-11.11725737363848,11.059989474972461
AVGO,322_bull_continuation,,MID,11,5.32,86.63,54.55,28.96,36.36,319.65,63.64,2.392268706400678,-18.50725737363848,5.949989474972462
AVGO,clean_2d_bear,,HIGH,20,85.72,208.89,65.0,193.87,70.0,187.03,60.0,12.84226870640068,15.13274262636152,2.309989474972461
AVGO,clean_2d_bear,,LOW,13,45.32,99.68,69.23,28.09,53.85,340.26,53.85,17.072268706400685,-1.0172573736384791,-3.8400105250275374
AVGO,clean_2d_bear,,MID,12,133.12,348.36,66.67,-13.33,58.33,57.91,50.0,14.512268706400683,3.4627426263615178,-7.690010525027539
AVGO,clean_2u_bull,,HIGH,12,16.09,204.24,66.67,160.77,58.33,19.5,50.0,14.512268706400683,3.4627426263615178,-7.690010525027539
AVGO,clean_2u_bull,,LOW,11,-25.2,165.52,45.45,193.37,72.73,646.78,72.73,-6.707731293599316,17.862742626361523,15.039989474972465
AVGO,clean_2u_bull,,MID,13,-13.87,122.34,46.15,-2.23,38.46,458.08,69.23,-6.007731293599321,-16.40725737363848,11.539989474972465
AVGO,,,HIGH,169,11.91,282.85,52.66,104.56,59.17,411.74,68.05,0.5022687064006774,4.302742626361521,10.359989474972458
AVGO,,,LOW,147,-32.54,762.96,55.78,-73.71,59.86,132.83,59.86,3.622268706400682,4.992742626361519,2.1699894749724606
AVGO,,,MID,151,-14.75,209.89,46.36,3.63,52.32,280.05,62.91,-5.79773129359932,-2.5472573736384803,5.219989474972458
AZO,212_bear_continuation,,HIGH,16,58.75,197.25,56.25,127.98,50.0,331.01,56.25,4.092268706400681,-4.8672573736384805,-1.4400105250275388
AZO,212_bear_continuation,,LOW,12,10.17,73.11,50.0,33.8,66.67,-35.41,50.0,-2.157731293599319,11.802742626361521,-7.690010525027539
AZO,212_bear_continuation,,MID,17,9.97,112.05,52.94,-28.92,58.82,79.77,56.25,0.7822687064006786,3.9527426263615197,-1.4400105250275388
AZO,212_bear_reversal,,HIGH,25,9.44,187.5,52.0,91.32,52.0,437.21,68.0,-0.15773129359931914,-2.8672573736384805,10.309989474972461
AZO,212_bear_reversal,,LOW,21,24.39,131.73,66.67,67.75,61.9,75.77,61.9,14.512268706400683,7.032742626361518,4.20998947497246
AZO,212_bear_reversal,,MID,19,32.43,116.45,52.63,106.32,52.63,246.2,57.89,0.4722687064006834,-2.237257373638478,0.19998947497246178
AZO,212_bull_continuation,,HIGH,17,-34.68,97.66,41.18,-88.92,41.18,5.91,58.82,-10.97773129359932,-13.68725737363848,1.1299894749724615
AZO,212_bull_continuation,,LOW,24,-0.79,136.0,41.67,58.24,58.33,48.89,54.17,-10.487731293599317,3.4627426263615178,-3.520010525027537
AZO,212_bull_reversal,,HIGH,24,3.61,176.27,45.83,27.35,54.17,293.43,66.67,-6.327731293599321,-0.6972573736384788,8.979989474972463
AZO,212_bull_reversal,,LOW,26,-61.15,207.47,30.77,-81.41,38.46,-210.06,26.92,-21.38773129359932,-16.40725737363848,-30.770010525027537
AZO,212_bull_reversal,,MID,22,-51.24,269.91,45.45,-33.06,54.55,42.44,57.14,-6.707731293599316,-0.3172573736384834,-0.5500105250275382
AZO,22_bear_continuation,,HIGH,111,-16.51,268.45,51.35,12.1,50.45,300.87,62.16,-0.8077312935993177,-4.417257373638478,4.469989474972458
AZO,22_bear_continuation,,LOW,117,12.46,108.7,55.56,-3.23,40.17,60.86,53.85,3.402268706400683,-14.697257373638479,-3.8400105250275374
AZO,22_bear_continuation,,MID,127,-9.34,139.29,46.46,71.41,53.97,302.18,70.4,-5.697731293599318,-0.8972573736384817,12.709989474972467
AZO,22_bear_reversal,,HIGH,99,22.64,181.91,59.6,29.78,58.59,124.43,56.57,7.442268706400682,3.722742626361523,-1.1200105250275385
AZO,22_bear_reversal,,LOW,108,6.13,172.19,57.41,17.54,50.0,153.58,54.63,5.2522687064006774,-4.8672573736384805,-3.0600105250275362
AZO,22_bear_reversal,,MID,93,13.66,163.7,53.76,82.11,62.37,249.09,68.48,1.6022687064006789,7.502742626361517,10.789989474972465
AZO,22_bull_continuation,,HIGH,139,-3.98,188.06,48.92,35.89,58.27,160.59,56.83,-3.2377312935993174,3.4027426263615226,-0.8600105250275405
AZO,22_bull_continuation,,LOW,144,-0.12,131.35,50.0,0.91,50.0,-38.74,45.14,-2.157731293599319,-4.8672573736384805,-12.550010525027538
AZO,22_bull_continuation,,MID,168,5.24,123.63,51.79,49.99,56.55,220.68,65.48,-0.36773129359932,1.6827426263615166,7.789989474972465
AZO,22_bull_reversal,,HIGH,93,32.16,171.38,60.22,68.03,58.06,214.77,56.99,8.06226870640068,3.1927426263615217,-0.7000105250275368
AZO,22_bull_reversal,,LOW,99,-11.51,133.87,43.43,5.93,48.48,185.04,58.59,-8.72773129359932,-6.387257373638484,0.8999894749724646
AZO,22_bull_reversal,,MID,100,27.48,142.1,57.0,68.52,62.0,188.57,68.37,4.842268706400681,7.1327426263615195,10.679989474972466
AZO,312_bull_reversal,,HIGH,13,34.07,120.23,61.54,39.41,61.54,104.85,61.54,9.38226870640068,6.672742626361519,3.8499894749724604
AZO,322_bear_continuation,,HIGH,21,3.77,124.4,42.86,113.26,66.67,26.12,66.67,-9.29773129359932,11.802742626361521,8.979989474972463
AZO,322_bear_continuation,,MID,10,-36.88,144.59,40.0,-392.81,30.0,-419.83,44.44,-12.15773129359932,-24.86725737363848,-13.250010525027541
AZO,322_bull_continuation,,HIGH,21,7.74,181.48,57.14,-104.28,52.38,352.62,80.95,4.982268706400681,-2.487257373638478,23.259989474972464
AZO,322_bull_continuation,,LOW,17,11.43,133.97,47.06,32.2,52.94,127.85,58.82,-5.097731293599317,-1.9272573736384828,1.1299894749724615
AZO,322_bull_continuation,,MID,15,13.78,103.57,53.33,-55.56,40.0,94.51,73.33,1.1722687064006792,-14.86725737363848,15.63998947497246
AZO,clean_2d_bear,,HIGH,21,6.86,186.58,52.38,195.27,76.19,201.65,71.43,0.2222687064006834,21.322742626361517,13.739989474972468
AZO,clean_2d_bear,,LOW,14,-23.24,107.66,35.71,-95.25,50.0,112.13,64.29,-16.44773129359932,-4.8672573736384805,6.5999894749724675
AZO,clean_2d_bear,,MID,21,35.64,157.78,52.38,-51.08,42.86,179.94,66.67,0.2222687064006834,-12.007257373638481,8.979989474972463
AZO,clean_2u_bull,,HIGH,20,26.72,167.31,60.0,-41.67,55.0,162.1,65.0,7.842268706400681,0.13274262636151946,7.309989474972461
AZO,clean_2u_bull,,LOW,18,-44.63,256.0,50.0,54.7,55.56,121.56,50.0,-2.157731293599319,0.6927426263615217,-7.690010525027539
AZO,clean_2u_bull,,MID,20,60.17,110.74,70.0,143.76,65.0,173.12,65.0,17.84226870640068,10.13274262636152,7.309989474972461
AZO,,,HIGH,185,11.47,238.46,51.35,86.48,57.84,242.63,65.95,-0.8077312935993177,2.972742626361523,8.259989474972464
AZO,,,LOW,167,18.96,124.71,52.69,19.54,49.1,2.63,50.3,0.5322687064006786,-5.767257373638479,-7.390010525027542
AZO,,,MID,158,-3.5,136.49,48.73,32.51,51.9,94.91,58.17,-3.4277312935993223,-2.967257373638482,0.4799894749724629
BABA,212_bear_continuation,,HIGH,16,-72.54,413.61,43.75,-131.0,56.25,-140.59,37.5,-8.40773129359932,1.3827426263615195,-20.19001052502754
BABA,212_bear_continuation,,LOW,18,-25.25,115.39,55.56,249.48,83.33,464.4,72.22,3.402268706400683,28.462742626361518,14.52998947497246
BABA,212_bear_continuation,,MID,15,46.35,153.1,60.0,-195.54,26.67,-155.34,40.0,7.842268706400681,-28.19725737363848,-17.69001052502754
BABA,212_bear_reversal,,HIGH,19,22.96,486.72,47.37,-63.18,47.37,-218.77,31.58,-4.787731293599322,-7.497257373638483,-26.11001052502754
BABA,212_bear_reversal,,LOW,19,-0.72,198.42,52.63,-5.87,52.63,44.39,57.89,0.4722687064006834,-2.237257373638478,0.19998947497246178
BABA,212_bear_reversal,,MID,21,-2.24,285.27,47.62,261.96,61.9,339.86,52.38,-4.537731293599322,7.032742626361518,-5.310010525027536
BABA,212_bull_continuation,,LOW,15,25.71,231.81,80.0,-68.74,53.33,-77.77,40.0,27.84226870640068,-1.5372573736384822,-17.69001052502754
BABA,212_bull_continuation,,MID,12,27.21,181.74,75.0,133.49,75.0,114.07,66.67,22.84226870640068,20.13274262636152,8.979989474972463
BABA,212_bull_reversal,,HIGH,13,-114.45,286.15,30.77,-35.25,38.46,323.33,61.54,-21.38773129359932,-16.40725737363848,3.8499894749724604
BABA,212_bull_reversal,,LOW,17,96.95,143.83,70.59,161.35,52.94,516.26,70.59,18.432268706400684,-1.9272573736384828,12.899989474972465
BABA,212_bull_reversal,,MID,17,10.87,286.63,52.94,32.0,43.75,-263.99,25.0,0.7822687064006786,-11.11725737363848,-32.69001052502754
BABA,22_bear_continuation,,HIGH,172,36.23,445.8,48.84,93.62,56.98,197.38,49.42,-3.3177312935993157,2.1127426263615163,-8.270010525027537
BABA,22_bear_continuation,,LOW,96,23.9,217.64,62.5,-13.02,50.0,95.04,55.21,10.34226870640068,-4.8672573736384805,-2.480010525027538
BABA,22_bear_continuation,,MID,149,8.2,256.1,48.32,-20.66,49.32,-8.49,40.54,-3.837731293599319,-5.54725737363848,-17.15001052502754
BABA,22_bear_reversal,,HIGH,134,1.35,298.04,52.24,48.58,50.0,105.35,49.25,0.08226870640068285,-4.8672573736384805,-8.440010525027539
BABA,22_bear_reversal,,LOW,122,1.91,200.32,50.0,20.18,55.74,119.38,55.74,-2.157731293599319,0.8727426263615214,-1.9500105250275368
BABA,22_bear_reversal,,MID,138,5.71,281.42,44.2,15.22,48.18,95.9,50.0,-7.957731293599316,-6.687257373638481,-7.690010525027539
BABA,22_bull_continuation,,HIGH,132,11.27,339.75,43.18,6.56,51.52,45.75,49.24,-8.97773129359932,-3.3472573736384774,-8.450010525027537
BABA,22_bull_continuation,,LOW,198,-3.49,204.73,47.98,-20.6,47.47,184.7,64.14,-4.177731293599322,-7.397257373638482,6.449989474972462
BABA,22_bull_continuation,,MID,150,-3.77,242.04,48.0,78.02,55.33,188.18,55.03,-4.157731293599319,0.46274262636151775,-2.6600105250275377
BABA,22_bull_reversal,,HIGH,147,-6.06,304.82,51.7,-8.06,48.98,87.53,50.34,-0.4577312935993163,-5.887257373638484,-7.350010525027535
BABA,22_bull_reversal,,LOW,131,21.26,195.48,51.91,39.59,55.73,50.71,49.62,-0.24773129359932256,0.8627426263615163,-8.070010525027541
BABA,22_bull_reversal,,MID,143,0.82,234.93,51.05,43.05,55.94,130.92,46.1,-1.107731293599322,1.0727426263615172,-11.590010525027537
BABA,322_bear_continuation,,HIGH,15,159.03,320.22,66.67,367.75,73.33,755.45,73.33,14.512268706400683,18.462742626361518,15.63998947497246
BABA,322_bear_continuation,,MID,10,-59.31,205.13,40.0,-66.13,50.0,-777.14,20.0,-12.15773129359932,-4.8672573736384805,-37.69001052502754
BABA,clean_2d_bear,,HIGH,14,34.58,247.97,57.14,-54.8,50.0,227.61,50.0,4.982268706400681,-4.8672573736384805,-7.690010525027539
BABA,clean_2d_bear,,MID,12,-22.66,242.49,41.67,-119.73,25.0,3.52,50.0,-10.487731293599317,-29.86725737363848,-7.690010525027539
BABA,clean_2u_bull,,LOW,10,-42.55,174.26,50.0,142.05,70.0,905.74,80.0,-2.157731293599319,15.13274262636152,22.30998947497246
BABA,f2d_bull_reversal,,HIGH,12,40.99,390.01,58.33,66.5,66.67,667.69,75.0,6.172268706400679,11.802742626361521,17.30998947497246
BABA,,,HIGH,124,4.24,287.59,49.19,20.17,49.19,159.71,52.42,-2.9677312935993214,-5.677257373638483,-5.270010525027537
BABA,,,LOW,128,-17.84,186.78,42.97,40.45,54.69,187.06,57.03,-9.18773129359932,-0.17725737363848282,-0.6600105250275377
BABA,,,MID,117,-24.81,253.72,45.3,7.09,50.0,24.6,43.86,-6.857731293599322,-4.8672573736384805,-13.83001052502754
BE,212_bear_continuation,,HIGH,19,-5.9,678.91,47.37,-29.67,52.63,1313.58,63.16,-4.787731293599322,-2.237257373638478,5.469989474972458
BE,212_bear_continuation,,MID,12,218.69,644.2,50.0,499.05,50.0,883.36,41.67,-2.157731293599319,-4.8672573736384805,-16.020010525027537
BE,212_bear_reversal,,HIGH,22,30.52,428.17,45.45,167.38,45.45,969.52,59.09,-6.707731293599316,-9.417257373638478,1.3999894749724646
BE,212_bear_reversal,,LOW,11,10.79,562.87,54.55,30.89,45.45,436.48,45.45,2.392268706400678,-9.417257373638478,-12.240010525027536
BE,212_bear_reversal,,MID,28,3.63,546.7,50.0,127.2,50.0,-148.17,25.93,-2.157731293599319,-4.8672573736384805,-31.76001052502754
BE,212_bull_continuation,,HIGH,13,-142.94,675.34,38.46,612.23,53.85,2079.05,84.62,-13.697731293599318,-1.0172573736384791,26.929989474972466
BE,212_bull_continuation,,LOW,16,88.84,524.48,56.25,-236.15,37.5,-264.86,37.5,4.092268706400681,-17.36725737363848,-20.19001052502754
BE,212_bull_continuation,,MID,12,35.38,329.02,58.33,-46.3,50.0,-531.35,25.0,6.172268706400679,-4.8672573736384805,-32.69001052502754
BE,212_bull_reversal,,HIGH,21,159.5,661.45,57.14,206.08,52.38,1485.36,52.38,4.982268706400681,-2.487257373638478,-5.310010525027536
BE,212_bull_reversal,,LOW,16,182.31,484.46,68.75,407.88,56.25,202.23,43.75,16.59226870640068,1.3827426263615195,-13.940010525027539
BE,212_bull_reversal,,MID,18,42.88,445.95,61.11,324.95,55.56,1314.47,61.11,8.95226870640068,0.6927426263615217,3.4199894749724606
BE,22_bear_continuation,,HIGH,161,-10.76,775.87,47.83,18.89,47.83,552.65,52.17,-4.327731293599321,-7.037257373638482,-5.520010525027537
BE,22_bear_continuation,,LOW,52,49.95,423.53,51.92,227.14,46.15,458.86,53.85,-0.23773129359931744,-8.717257373638482,-3.8400105250275374
BE,22_bear_continuation,,MID,110,6.43,539.53,51.82,71.69,50.0,693.21,48.11,-0.33773129359931886,-4.8672573736384805,-9.58001052502754
BE,22_bear_reversal,,HIGH,112,87.96,725.73,47.32,60.8,52.68,978.21,57.14,-4.837731293599319,-2.187257373638481,-0.5500105250275382
BE,22_bear_reversal,,LOW,48,205.93,974.43,56.25,624.26,56.25,1416.85,56.25,4.092268706400681,1.3827426263615195,-1.4400105250275388
BE,22_bear_reversal,,MID,80,-82.98,428.79,37.5,97.02,43.75,365.71,42.31,-14.65773129359932,-11.11725737363848,-15.380010525027537
BE,22_bull_continuation,,HIGH,143,31.8,531.93,51.05,265.79,54.55,817.2,57.34,-1.107731293599322,-0.3172573736384834,-0.3500105250275354
BE,22_bull_continuation,,LOW,88,0.93,499.24,51.14,296.17,52.27,229.55,48.86,-1.0177312935993186,-2.5972573736384774,-8.83001052502754
BE,22_bull_continuation,,MID,134,13.87,514.58,47.01,86.34,51.13,902.77,53.79,-5.147731293599321,-3.737257373638478,-3.9000105250275396
BE,22_bull_reversal,,HIGH,117,54.87,594.44,50.43,257.93,54.7,1094.22,54.7,-1.7277312935993194,-0.1672573736384777,-2.990010525027536
BE,22_bull_reversal,,LOW,41,26.52,523.78,41.46,468.17,56.1,1234.81,56.1,-10.697731293599318,1.2327426263615209,-1.5900105250275374
BE,22_bull_reversal,,MID,103,33.2,548.53,49.51,104.03,49.02,366.89,44.0,-2.647731293599321,-5.847257373638477,-13.690010525027539
BE,322_bear_continuation,,HIGH,15,-8.31,756.26,60.0,457.6,53.33,1378.44,60.0,7.842268706400681,-1.5372573736384822,2.309989474972461
BE,322_bear_continuation,,MID,17,-91.02,424.0,35.29,252.38,64.71,1588.09,64.71,-16.86773129359932,9.842742626361513,7.019989474972455
BE,clean_2d_bear,,HIGH,16,12.31,418.85,56.25,193.91,68.75,530.65,50.0,4.092268706400681,13.88274262636152,-7.690010525027539
BE,clean_2d_bear,,MID,15,-74.8,336.02,26.67,421.67,73.33,1092.49,66.67,-25.487731293599317,18.462742626361518,8.979989474972463
BE,,,HIGH,135,-16.55,583.03,45.93,39.62,53.33,735.21,54.07,-6.227731293599319,-1.5372573736384822,-3.6200105250275385
BE,,,LOW,82,95.4,473.57,59.76,162.87,47.56,103.35,47.56,7.602268706400679,-7.307257373638478,-10.130010525027537
BE,,,MID,143,28.44,563.83,44.06,186.42,51.05,808.12,48.2,-8.097731293599317,-3.8172573736384834,-9.490010525027536
BKNG,132_bear_continuation,,MID,10,-40.15,158.17,50.0,-87.75,40.0,-139.59,40.0,-2.157731293599319,-14.86725737363848,-17.69001052502754
BKNG,212_bear_continuation,,HIGH,13,111.62,328.38,61.54,-369.89,76.92,35.69,76.92,9.38226870640068,22.05274262636152,19.229989474972463
BKNG,212_bear_continuation,,LOW,10,9.84,109.86,40.0,-72.0,40.0,131.21,60.0,-12.15773129359932,-14.86725737363848,2.309989474972461
BKNG,212_bear_continuation,,MID,15,-49.35,259.6,46.67,37.53,60.0,39.34,42.86,-5.487731293599317,5.1327426263615195,-14.83001052502754
BKNG,212_bear_reversal,,HIGH,15,77.34,191.93,66.67,170.3,66.67,544.1,73.33,14.512268706400683,11.802742626361521,15.63998947497246
BKNG,212_bear_reversal,,LOW,27,-4.69,105.35,55.56,-0.34,51.85,157.97,59.26,3.402268706400683,-3.017257373638479,1.5699894749724592
BKNG,212_bear_reversal,,MID,28,-66.78,213.32,46.43,-108.37,46.43,-38.42,51.85,-5.727731293599319,-8.43725737363848,-5.840010525027537
BKNG,212_bull_continuation,,HIGH,10,-49.87,313.96,50.0,-140.39,50.0,-337.87,50.0,-2.157731293599319,-4.8672573736384805,-7.690010525027539
BKNG,212_bull_continuation,,LOW,20,-19.54,87.72,35.0,-128.98,30.0,-277.09,55.0,-17.15773129359932,-24.86725737363848,-2.690010525027539
BKNG,212_bull_reversal,,HIGH,25,39.01,270.58,52.0,-165.02,60.0,-340.13,60.0,-0.15773129359931914,5.1327426263615195,2.309989474972461
BKNG,212_bull_reversal,,LOW,22,16.63,110.17,54.55,94.14,77.27,198.78,59.09,2.392268706400678,22.402742626361515,1.3999894749724646
BKNG,212_bull_reversal,,MID,22,22.32,189.66,54.55,97.08,63.64,-78.05,50.0,2.392268706400678,8.77274262636152,-7.690010525027539
BKNG,22_bear_continuation,,HIGH,149,0.87,256.35,46.31,84.2,57.05,207.35,67.79,-5.847731293599317,2.1827426263615166,10.099989474972467
BKNG,22_bear_continuation,,LOW,74,-6.53,195.52,52.7,-1.52,63.51,130.1,62.16,0.5422687064006837,8.642742626361517,4.469989474972458
BKNG,22_bear_continuation,,MID,129,1.1,186.04,51.94,-3.3,51.16,-35.44,56.1,-0.21773129359932142,-3.707257373638484,-1.5900105250275374
BKNG,22_bear_reversal,,HIGH,127,-10.14,295.67,51.18,58.71,58.27,75.42,65.35,-0.9777312935993194,3.4027426263615226,7.6599894749724555
BKNG,22_bear_reversal,,LOW,93,8.58,115.42,56.99,26.25,58.06,12.19,53.76,4.832268706400683,3.1927426263615217,-3.930010525027541
BKNG,22_bear_reversal,,MID,99,-13.61,153.44,45.45,-38.56,50.0,-33.57,56.7,-6.707731293599316,-4.8672573736384805,-0.990010525027536
BKNG,22_bull_continuation,,HIGH,145,15.96,218.19,55.17,45.85,60.0,30.61,53.1,3.0122687064006826,5.1327426263615195,-4.590010525027537
BKNG,22_bull_continuation,,LOW,201,8.64,139.5,57.21,-13.68,56.22,-10.29,54.73,5.052268706400682,1.3527426263615183,-2.960010525027542
BKNG,22_bull_continuation,,MID,170,-4.59,158.66,49.41,-38.2,43.79,-17.51,47.93,-2.7477312935993226,-11.077257373638481,-9.760010525027539
BKNG,22_bull_reversal,,HIGH,119,20.94,260.23,64.71,60.82,62.18,214.25,66.39,12.552268706400675,7.312742626361519,8.699989474972462
BKNG,22_bull_reversal,,LOW,97,8.72,108.56,61.86,32.99,62.89,6.24,58.76,9.70226870640068,8.02274262636152,1.0699894749724592
BKNG,22_bull_reversal,,MID,111,25.67,210.47,52.25,-9.18,52.29,-45.32,52.78,0.09226870640068086,-2.5772573736384814,-4.910010525027538
BKNG,312_bear_reversal,,HIGH,10,6.99,173.09,50.0,-21.57,70.0,-18.79,60.0,-2.157731293599319,15.13274262636152,2.309989474972461
BKNG,312_bear_reversal,,LOW,12,-10.66,77.79,50.0,63.74,66.67,182.61,66.67,-2.157731293599319,11.802742626361521,8.979989474972463
BKNG,312_bull_reversal,,LOW,10,-18.63,113.99,50.0,-47.17,30.0,-105.65,50.0,-2.157731293599319,-24.86725737363848,-7.690010525027539
BKNG,312_bull_reversal,,MID,11,-84.7,368.0,45.45,-3.48,45.45,-33.52,45.45,-6.707731293599316,-9.417257373638478,-12.240010525027536
BKNG,322_bear_continuation,,HIGH,13,-10.35,146.98,46.15,133.61,61.54,603.86,84.62,-6.007731293599321,6.672742626361519,26.929989474972466
BKNG,322_bear_continuation,,MID,12,-26.22,280.16,33.33,-26.1,41.67,183.78,58.33,-18.82773129359932,-13.197257373638479,0.6399894749724595
BKNG,322_bull_continuation,,HIGH,13,70.51,262.08,61.54,260.02,69.23,625.62,69.23,9.38226870640068,14.362742626361523,11.539989474972465
BKNG,322_bull_continuation,,LOW,15,-5.41,111.15,66.67,34.4,60.0,-113.73,46.67,14.512268706400683,5.1327426263615195,-11.020010525027537
BKNG,322_bull_continuation,,MID,11,34.4,158.01,63.64,81.09,54.55,1.98,36.36,11.482268706400681,-0.3172573736384834,-21.33001052502754
BKNG,clean_2d_bear,,HIGH,17,151.96,286.41,82.35,401.22,70.59,85.27,70.59,30.192268706400675,15.722742626361523,12.899989474972465
BKNG,clean_2d_bear,,LOW,12,-31.93,133.5,41.67,126.88,58.33,328.09,75.0,-10.487731293599317,3.4627426263615178,17.30998947497246
BKNG,clean_2d_bear,,MID,11,-36.64,105.0,36.36,-79.24,45.45,-89.71,40.0,-15.79773129359932,-9.417257373638478,-17.69001052502754
BKNG,clean_2u_bull,,HIGH,11,68.69,460.51,54.55,231.2,72.73,491.0,63.64,2.392268706400678,17.862742626361523,5.949989474972462
BKNG,clean_2u_bull,,MID,14,9.53,110.46,71.43,29.83,57.14,50.55,57.14,19.272268706400688,2.27274262636152,-0.5500105250275382
BKNG,f2u_bear_reversal,,LOW,11,7.55,60.81,54.55,89.34,72.73,65.33,63.64,2.392268706400678,17.862742626361523,5.949989474972462
BKNG,,,HIGH,147,-40.38,850.81,53.74,-52.16,61.22,-8.74,68.03,1.5822687064006828,6.352742626361518,10.339989474972462
BKNG,,,LOW,170,-1.29,113.61,52.94,20.72,57.65,68.06,58.82,0.7822687064006786,2.782742626361518,1.1299894749724615
BKNG,,,MID,152,-15.44,165.08,47.37,-8.34,51.32,15.54,53.33,-4.787731293599322,-3.5472573736384803,-4.3600105250275405
CEG,212_bear_reversal,,HIGH,17,122.26,242.29,70.59,149.89,58.82,591.13,58.82,18.432268706400684,3.9527426263615197,1.1299894749724615
CEG,212_bear_reversal,,MID,14,129.29,222.84,78.57,169.04,71.43,296.74,58.33,26.412268706400674,16.562742626361526,0.6399894749724595
CEG,212_bull_reversal,,HIGH,12,93.9,327.11,58.33,-117.01,33.33,-141.38,25.0,6.172268706400679,-21.537257373638482,-32.69001052502754
CEG,212_bull_reversal,,LOW,12,-15.19,133.52,33.33,68.99,41.67,736.26,83.33,-18.82773129359932,-13.197257373638479,25.63998947497246
CEG,212_bull_reversal,,MID,10,4.61,195.57,30.0,139.28,60.0,297.16,80.0,-22.15773129359932,5.1327426263615195,22.30998947497246
CEG,22_bear_continuation,,HIGH,67,27.1,289.38,52.24,229.93,59.7,1037.77,67.16,0.08226870640068285,4.832742626361522,9.469989474972458
CEG,22_bear_continuation,,LOW,21,40.89,225.69,57.14,146.41,61.9,306.02,61.9,4.982268706400681,7.032742626361518,4.20998947497246
CEG,22_bear_continuation,,MID,55,28.77,438.58,47.27,188.39,60.38,523.36,73.58,-4.887731293599316,5.512742626361522,15.88998947497246
CEG,22_bear_reversal,,HIGH,52,61.14,429.99,59.62,234.34,55.77,691.23,57.69,7.462268706400678,0.9027426263615226,-1.0525027541063992e-05
CEG,22_bear_reversal,,LOW,24,21.1,189.03,62.5,-37.56,54.17,581.11,75.0,10.34226870640068,-0.6972573736384788,17.30998947497246
CEG,22_bear_reversal,,MID,54,-34.53,283.61,46.3,64.49,53.7,491.4,72.22,-5.857731293599322,-1.1672573736384777,14.52998947497246
CEG,22_bull_continuation,,HIGH,69,1.54,293.0,55.07,133.71,57.97,499.9,63.77,2.912268706400681,3.1027426263615183,6.079989474972464
CEG,22_bull_continuation,,LOW,46,23.06,176.51,54.35,138.38,58.7,628.98,63.04,2.1922687064006823,3.8327426263615223,5.34998947497246
CEG,22_bull_continuation,,MID,91,22.08,326.85,49.45,167.67,53.33,415.75,65.91,-2.7077312935993163,-1.5372573736384822,8.219989474972458
CEG,22_bull_reversal,,HIGH,58,-21.21,257.94,48.28,153.67,56.9,598.43,58.62,-3.877731293599318,2.032742626361518,0.9299894749724587
CEG,22_bull_reversal,,LOW,26,-46.0,193.95,57.69,13.01,53.85,324.44,57.69,5.532268706400679,-1.0172573736384791,-1.0525027541063992e-05
CEG,22_bull_reversal,,MID,51,-34.76,303.47,47.06,43.38,56.0,418.27,64.0,-5.097731293599317,1.1327426263615195,6.309989474972461
CEG,,,HIGH,79,40.68,326.63,64.56,126.14,59.49,508.6,58.23,12.402268706400683,4.6227426263615214,0.5399894749724581
CEG,,,LOW,46,38.97,254.76,45.65,91.95,60.87,196.29,58.7,-6.507731293599321,6.002742626361517,1.009989474972464
CEG,,,MID,82,3.61,352.7,52.44,-17.83,46.34,371.13,69.62,0.2822687064006786,-8.527257373638477,11.929989474972466
COHR,212_bear_continuation,,HIGH,16,157.07,239.1,68.75,337.98,75.0,1163.89,68.75,16.59226870640068,20.13274262636152,11.059989474972461
COHR,212_bear_continuation,,LOW,12,58.83,183.98,58.33,151.03,50.0,325.31,66.67,6.172268706400679,-4.8672573736384805,8.979989474972463
COHR,212_bear_continuation,,MID,12,105.66,368.13,66.67,319.95,66.67,946.85,54.55,14.512268706400683,11.802742626361521,-3.1400105250275416
COHR,212_bear_reversal,,HIGH,18,-197.91,536.06,27.78,94.58,61.11,966.85,66.67,-24.377731293599318,6.242742626361519,8.979989474972463
COHR,212_bear_reversal,,LOW,33,-23.46,418.97,48.48,146.81,63.64,468.89,60.61,-3.6777312935993223,8.77274262636152,2.9199894749724606
COHR,212_bear_reversal,,MID,25,62.82,412.06,52.0,20.94,44.0,141.86,58.33,-0.15773129359931914,-10.86725737363848,0.6399894749724595
COHR,212_bull_continuation,,HIGH,19,-134.03,355.13,42.11,116.2,63.16,142.8,47.37,-10.04773129359932,8.292742626361516,-10.320010525027541
COHR,212_bull_continuation,,LOW,23,6.0,223.27,43.48,-37.94,56.52,192.52,56.52,-8.677731293599322,1.6527426263615226,-1.1700105250275357
COHR,212_bull_continuation,,MID,19,33.63,313.95,63.16,320.3,68.42,744.96,76.47,11.002268706400677,13.552742626361521,18.77998947497246
COHR,212_bull_reversal,,HIGH,23,-16.27,258.82,52.17,282.34,65.22,314.64,56.52,0.01226870640068256,10.352742626361518,-1.1700105250275357
COHR,212_bull_reversal,,LOW,24,45.48,237.09,45.83,7.09,54.17,234.78,50.0,-6.327731293599321,-0.6972573736384788,-7.690010525027539
COHR,212_bull_reversal,,MID,28,78.19,392.19,53.57,-119.4,51.85,168.32,57.69,1.4122687064006811,-3.017257373638479,-1.0525027541063992e-05
COHR,22_bear_continuation,,HIGH,162,12.55,406.68,50.0,50.98,51.85,341.05,54.94,-2.157731293599319,-3.017257373638479,-2.750010525027541
COHR,22_bear_continuation,,LOW,87,-42.2,276.89,47.13,0.45,51.72,114.16,51.72,-5.027731293599317,-3.1472573736384817,-5.97001052502754
COHR,22_bear_continuation,,MID,105,-16.14,345.84,54.29,-58.9,48.54,-27.28,51.96,2.13226870640068,-6.327257373638481,-5.730010525027538
COHR,22_bear_reversal,,HIGH,119,75.6,323.6,63.87,173.92,55.46,435.3,53.78,11.712268706400678,0.5927426263615203,-3.9100105250275377
COHR,22_bear_reversal,,LOW,95,45.76,210.71,60.0,135.08,62.11,76.9,52.63,7.842268706400681,7.242742626361519,-5.060010525027536
COHR,22_bear_reversal,,MID,115,-10.22,339.12,54.78,59.14,50.43,424.75,58.77,2.622268706400682,-4.437257373638481,1.0799894749724643
COHR,22_bull_continuation,,HIGH,134,50.69,456.21,54.48,241.83,63.43,834.57,69.4,2.3222687064006777,8.56274262636152,11.709989474972467
COHR,22_bull_continuation,,LOW,173,14.96,286.86,54.34,14.02,52.02,146.84,54.34,2.1822687064006843,-2.8472573736384774,-3.3500105250275354
COHR,22_bull_continuation,,MID,156,-19.09,320.07,48.08,-74.12,51.28,5.65,52.94,-4.077731293599321,-3.5872573736384794,-4.750010525027541
COHR,22_bull_reversal,,HIGH,114,12.82,427.46,50.88,173.35,59.65,593.4,57.02,-1.2777312935993166,4.782742626361518,-0.6700105250275357
COHR,22_bull_reversal,,LOW,97,14.43,231.36,48.45,173.77,64.95,294.85,65.98,-3.7077312935993163,10.082742626361522,8.289989474972465
COHR,22_bull_reversal,,MID,123,12.28,390.76,45.53,20.18,46.34,430.53,61.48,-6.627731293599318,-8.527257373638477,3.789989474972458
COHR,322_bear_continuation,,HIGH,12,214.88,367.18,58.33,-151.06,58.33,58.57,50.0,6.172268706400679,3.4627426263615178,-7.690010525027539
COHR,322_bear_continuation,,MID,16,-56.21,425.89,50.0,80.21,56.25,491.54,68.75,-2.157731293599319,1.3827426263615195,11.059989474972461
COHR,322_bull_continuation,,HIGH,12,103.66,312.92,50.0,174.94,66.67,126.67,66.67,-2.157731293599319,11.802742626361521,8.979989474972463
COHR,322_bull_continuation,,LOW,19,39.67,362.11,31.58,-2.56,63.16,107.84,63.16,-20.57773129359932,8.292742626361516,5.469989474972458
COHR,322_bull_continuation,,MID,15,152.56,321.14,60.0,421.62,66.67,536.53,53.33,7.842268706400681,11.802742626361521,-4.3600105250275405
COHR,clean_2d_bear,,HIGH,13,-52.25,336.43,46.15,-262.34,46.15,43.83,53.85,-6.007731293599321,-8.717257373638482,-3.8400105250275374
COHR,clean_2d_bear,,MID,18,-112.7,291.33,27.78,-146.14,50.0,239.58,61.11,-24.377731293599318,-4.8672573736384805,3.4199894749724606
COHR,clean_2u_bull,,HIGH,12,-12.86,145.52,58.33,-165.01,33.33,-47.54,50.0,6.172268706400679,-21.537257373638482,-7.690010525027539
COHR,clean_2u_bull,,LOW,18,-49.23,234.02,38.89,-22.81,61.11,-433.56,38.89,-13.267731293599319,6.242742626361519,-18.800010525027538
COHR,f2d_bull_reversal,,HIGH,12,156.74,428.87,83.33,539.79,75.0,866.82,66.67,31.17226870640068,20.13274262636152,8.979989474972463
COHR,,,HIGH,149,85.16,401.52,60.4,162.17,60.4,567.84,58.39,8.24226870640068,5.532742626361518,0.6999894749724618
COHR,,,LOW,168,15.98,344.62,52.38,95.02,60.12,179.85,53.57,0.2222687064006834,5.252742626361517,-4.1200105250275385
COHR,,,MID,155,-3.08,336.37,48.39,98.98,57.79,510.09,64.0,-3.7677312935993186,2.9227426263615186,6.309989474972461
COIN,212_bear_continuation,,HIGH,11,234.11,746.42,63.64,859.49,54.55,969.16,45.45,11.482268706400681,-0.3172573736384834,-12.240010525027536
COIN,212_bear_reversal,,LOW,10,167.62,506.61,50.0,-30.09,30.0,-184.25,30.0,-2.157731293599319,-24.86725737363848,-27.69001052502754
COIN,212_bear_reversal,,MID,16,-197.7,479.22,31.25,202.76,43.75,1204.41,75.0,-20.90773129359932,-11.11725737363848,17.30998947497246
COIN,212_bull_reversal,,HIGH,16,-76.99,456.2,43.75,25.97,50.0,-293.27,31.25,-8.40773129359932,-4.8672573736384805,-26.44001052502754
COIN,212_bull_reversal,,LOW,11,-74.28,413.83,45.45,244.75,36.36,1806.9,54.55,-6.707731293599316,-18.50725737363848,-3.1400105250275416
COIN,212_bull_reversal,,MID,13,-88.13,242.85,38.46,-148.5,30.77,-629.01,25.0,-13.697731293599318,-24.09725737363848,-32.69001052502754
COIN,22_bear_continuation,,HIGH,105,12.0,683.99,47.62,197.45,44.76,336.84,47.62,-4.537731293599322,-10.107257373638483,-10.070010525027541
COIN,22_bear_continuation,,LOW,23,1.69,323.69,43.48,109.57,52.17,204.16,39.13,-8.677731293599322,-2.697257373638479,-18.560010525027536
COIN,22_bear_continuation,,MID,96,-40.47,407.93,42.71,-184.14,45.83,-175.17,41.67,-9.447731293599318,-9.037257373638482,-16.020010525027537
COIN,22_bear_reversal,,HIGH,75,6.34,563.76,49.33,268.17,52.0,257.41,40.0,-2.827731293599321,-2.8672573736384805,-17.69001052502754
COIN,22_bear_reversal,,LOW,28,151.43,530.59,57.14,269.06,60.71,607.99,39.29,4.982268706400681,5.84274262636152,-18.40001052502754
COIN,22_bear_reversal,,MID,80,12.71,471.84,52.5,-154.11,39.24,-308.34,33.33,0.34226870640068086,-15.627257373638479,-24.36001052502754
COIN,22_bull_continuation,,HIGH,64,-36.54,626.19,37.5,-236.9,37.5,965.52,60.94,-14.65773129359932,-17.36725737363848,3.249989474972459
COIN,22_bull_continuation,,LOW,34,-92.2,444.6,35.29,463.07,67.65,1585.78,58.82,-16.86773129359932,12.782742626361525,1.1299894749724615
COIN,22_bull_continuation,,MID,111,-38.1,471.88,45.05,-81.71,45.45,-138.22,39.81,-7.107731293599322,-9.417257373638478,-17.880010525027537
COIN,22_bull_reversal,,HIGH,67,109.26,785.02,55.22,244.33,50.75,473.41,46.27,3.0622687064006797,-4.1172573736384805,-11.420010525027536
COIN,22_bull_reversal,,LOW,28,21.84,401.42,42.86,141.18,60.71,1097.09,46.43,-9.29773129359932,5.84274262636152,-11.260010525027539
COIN,22_bull_reversal,,MID,83,-26.77,457.7,40.96,-125.97,40.24,-302.2,38.27,-11.197731293599318,-14.627257373638479,-19.420010525027536
COIN,312_bull_reversal,,MID,10,132.96,302.67,60.0,-284.93,50.0,414.39,60.0,7.842268706400681,-4.8672573736384805,2.309989474972461
COIN,322_bear_continuation,,MID,10,62.76,399.27,60.0,540.87,77.78,1728.33,71.43,7.842268706400681,22.91274262636152,13.739989474972468
COIN,clean_2d_bear,,MID,10,-229.23,211.55,0.0,-374.91,30.0,-24.86,40.0,-52.15773129359932,-24.86725737363848,-17.69001052502754
COIN,,,HIGH,79,62.98,547.1,53.16,72.7,44.3,235.31,48.1,1.0022687064006774,-10.567257373638483,-9.590010525027537
COIN,,,LOW,47,183.62,560.19,57.45,429.83,61.7,1267.84,51.06,5.292268706400684,6.832742626361522,-6.6300105250275365
COIN,,,MID,101,1.01,520.46,42.57,-137.29,42.57,-63.58,39.8,-9.587731293599319,-12.29725737363848,-17.89001052502754
COST,212_bear_continuation,,HIGH,15,-34.44,228.69,53.33,150.63,60.0,330.46,73.33,1.1722687064006792,5.1327426263615195,15.63998947497246
COST,212_bear_continuation,,LOW,12,5.16,82.91,50.0,113.34,75.0,223.5,66.67,-2.157731293599319,20.13274262636152,8.979989474972463
COST,212_bear_continuation,,MID,16,-12.0,98.59,62.5,22.86,56.25,14.51,46.67,10.34226870640068,1.3827426263615195,-11.020010525027537
COST,212_bear_reversal,,HIGH,23,-71.64,333.6,39.13,-97.77,47.83,-28.93,43.48,-13.027731293599317,-7.037257373638482,-14.210010525027542
COST,212_bear_reversal,,LOW,27,64.76,82.26,81.48,157.08,85.19,203.49,62.96,29.322268706400685,30.322742626361517,5.269989474972462
COST,212_bear_reversal,,MID,17,27.96,92.32,52.94,60.12,52.94,215.58,82.35,0.7822687064006786,-1.9272573736384828,24.659989474972456
COST,212_bull_continuation,,HIGH,24,10.65,93.79,54.17,45.32,62.5,86.31,58.33,2.0122687064006826,7.6327426263615195,0.6399894749724595
COST,212_bull_continuation,,LOW,25,9.86,66.52,56.0,56.97,56.0,125.04,72.0,3.842268706400681,1.1327426263615195,14.309989474972461
COST,212_bull_continuation,,MID,19,23.55,102.99,57.89,60.93,68.42,283.07,66.67,5.732268706400681,13.552742626361521,8.979989474972463
COST,212_bull_reversal,,HIGH,23,-5.45,165.55,65.22,14.6,52.17,96.62,56.52,13.06226870640068,-2.697257373638479,-1.1700105250275357
COST,212_bull_reversal,,LOW,27,6.74,91.24,44.44,-8.88,48.15,160.1,59.26,-7.717731293599321,-6.717257373638482,1.5699894749724592
COST,212_bull_reversal,,MID,23,14.58,94.28,65.22,65.19,56.52,149.71,65.22,13.06226870640068,1.6527426263615226,7.52998947497246
COST,22_bear_continuation,,HIGH,125,39.63,172.21,57.6,65.14,52.0,156.66,59.2,5.442268706400682,-2.8672573736384805,1.509989474972464
COST,22_bear_continuation,,LOW,98,1.04,106.95,52.04,32.82,63.27,197.52,62.24,-0.11773129359932,8.402742626361523,4.549989474972463
COST,22_bear_continuation,,MID,92,6.54,111.71,53.26,56.35,65.22,213.23,70.65,1.1022687064006789,10.352742626361518,12.959989474972467
COST,22_bear_reversal,,HIGH,112,2.22,175.43,50.0,32.89,51.79,215.19,62.5,-2.157731293599319,-3.0772573736384814,4.809989474972461
COST,22_bear_reversal,,LOW,91,-18.83,153.88,39.56,17.99,61.54,142.4,61.54,-12.597731293599317,6.672742626361519,3.8499894749724604
COST,22_bear_reversal,,MID,90,2.25,129.45,50.0,24.7,53.93,189.49,65.52,-2.157731293599319,-0.9372573736384808,7.829989474972457
COST,22_bull_continuation,,HIGH,135,10.98,152.35,56.3,20.38,57.78,106.42,61.48,4.142268706400678,2.9127426263615206,3.789989474972458
COST,22_bull_continuation,,LOW,197,20.49,104.04,63.96,55.72,65.48,150.44,66.5,11.802268706400682,10.612742626361523,8.809989474972461
COST,22_bull_continuation,,MID,166,3.95,105.45,56.63,34.91,57.93,198.95,66.05,4.472268706400683,3.062742626361519,8.359989474972458
COST,22_bull_reversal,,HIGH,112,-23.94,170.69,40.18,14.15,51.79,196.09,65.18,-11.97773129359932,-3.0772573736384814,7.489989474972468
COST,22_bull_reversal,,LOW,94,24.42,111.15,67.02,50.59,61.7,163.77,62.77,14.862268706400677,6.832742626361522,5.079989474972464
COST,22_bull_reversal,,MID,89,13.43,99.35,56.18,46.52,57.3,235.09,64.37,4.022268706400681,2.4327426263615166,6.679989474972466
COST,312_bull_reversal,,MID,18,-5.13,134.56,55.56,23.77,44.44,176.87,55.56,3.402268706400683,-10.427257373638483,-2.1300105250275365
COST,322_bear_continuation,,HIGH,20,46.51,186.2,55.0,111.12,75.0,91.96,65.0,2.842268706400681,20.13274262636152,7.309989474972461
COST,322_bear_continuation,,MID,11,-0.31,86.86,54.55,65.84,54.55,328.09,80.0,2.392268706400678,-0.3172573736384834,22.30998947497246
COST,322_bull_continuation,,HIGH,11,0.68,98.6,54.55,47.95,54.55,280.49,72.73,2.392268706400678,-0.3172573736384834,15.039989474972465
COST,322_bull_continuation,,LOW,12,45.79,99.6,58.33,27.53,58.33,300.52,83.33,6.172268706400679,3.4627426263615178,25.63998947497246
COST,322_bull_continuation,,MID,24,-24.08,91.72,37.5,44.84,50.0,227.15,62.5,-14.65773129359932,-4.8672573736384805,4.809989474972461
COST,32_bear_reversal,,HIGH,10,-104.89,220.73,20.0,-28.46,60.0,91.51,50.0,-32.15773129359932,5.1327426263615195,-7.690010525027539
COST,clean_2d_bear,,HIGH,23,29.36,214.24,52.17,60.48,65.22,27.55,60.87,0.01226870640068256,10.352742626361518,3.1799894749724587
COST,clean_2d_bear,,LOW,10,33.53,145.66,70.0,143.58,70.0,261.91,80.0,17.84226870640068,15.13274262636152,22.30998947497246
COST,clean_2d_bear,,MID,13,48.17,179.89,61.54,154.54,69.23,565.41,75.0,9.38226870640068,14.362742626361523,17.30998947497246
COST,clean_2u_bull,,HIGH,14,-35.01,109.87,50.0,-79.92,42.86,-78.44,35.71,-2.157731293599319,-12.007257373638481,-21.980010525027538
COST,clean_2u_bull,,LOW,14,18.23,105.61,50.0,82.27,71.43,343.28,85.71,-2.157731293599319,16.562742626361526,28.019989474972455
COST,clean_2u_bull,,MID,25,14.96,129.14,56.0,10.17,64.0,142.72,56.0,3.842268706400681,9.13274262636152,-1.6900105250275388
COST,f2u_bear_reversal,,MID,10,-24.27,147.52,40.0,3.17,60.0,144.74,55.56,-12.15773129359932,5.1327426263615195,-2.1300105250275365
COST,,,HIGH,171,18.59,189.67,52.63,33.86,59.65,76.64,60.23,0.4722687064006834,4.782742626361518,2.539989474972458
COST,,,LOW,156,10.85,84.99,57.05,63.6,62.18,177.81,67.31,4.892268706400678,7.312742626361519,9.619989474972463
COST,,,MID,183,18.91,129.77,54.1,79.68,61.2,244.8,68.72,1.9422687064006823,6.332742626361522,11.02998947497246
CRCL,22_bear_continuation,,HIGH,13,499.13,1096.35,61.54,668.94,53.85,2294.84,84.62,9.38226870640068,-1.0172573736384791,26.929989474972466
CRCL,22_bear_continuation,,MID,31,-104.11,453.4,38.71,-366.29,40.0,-79.95,41.38,-13.447731293599318,-14.86725737363848,-16.310010525027536
CRCL,22_bear_reversal,,MID,19,-25.18,909.51,31.58,553.9,36.84,807.28,43.75,-20.57773129359932,-18.027257373638477,-13.940010525027539
CRCL,22_bull_continuation,,MID,25,-237.29,557.23,24.0,303.26,52.0,803.47,52.17,-28.15773129359932,-2.8672573736384805,-5.520010525027537
CRCL,22_bull_reversal,,HIGH,10,423.01,765.94,80.0,1035.8,70.0,2485.78,70.0,27.84226870640068,15.13274262636152,12.309989474972461
CRCL,22_bull_reversal,,MID,15,-200.7,588.17,33.33,473.44,50.0,427.26,46.15,-18.82773129359932,-4.8672573736384805,-11.54001052502754
CRCL,,,MID,35,438.68,2923.48,57.14,704.88,44.12,537.37,28.13,4.982268706400681,-10.747257373638483,-29.56001052502754
CRM,132_bull_continuation,,MID,10,2.81,165.26,70.0,115.41,60.0,438.84,70.0,17.84226870640068,5.1327426263615195,12.309989474972461
CRM,212_bear_continuation,,HIGH,14,56.09,133.54,71.43,241.92,57.14,162.23,71.43,19.272268706400688,2.27274262636152,13.739989474972468
CRM,212_bear_continuation,,LOW,14,79.67,222.56,57.14,62.91,57.14,24.9,28.57,4.982268706400681,2.27274262636152,-29.12001052502754
CRM,212_bear_continuation,,MID,21,56.87,191.53,61.9,60.83,61.9,198.17,71.43,9.74226870640068,7.032742626361518,13.739989474972468
CRM,212_bear_reversal,,HIGH,24,6.01,229.92,45.83,-30.88,33.33,103.63,54.17,-6.327731293599321,-21.537257373638482,-3.520010525027537
CRM,212_bear_reversal,,LOW,33,65.28,123.4,63.64,114.3,66.67,151.55,69.7,11.482268706400681,11.802742626361521,12.009989474972464
CRM,212_bear_reversal,,MID,20,-2.76,139.23,40.0,-5.59,45.0,26.75,55.0,-12.15773129359932,-9.86725737363848,-2.690010525027539
CRM,212_bull_continuation,,HIGH,14,-30.21,274.0,42.86,162.62,57.14,405.47,42.86,-9.29773129359932,2.27274262636152,-14.83001052502754
CRM,212_bull_continuation,,LOW,21,-70.38,125.4,33.33,-136.38,28.57,-166.58,47.62,-18.82773129359932,-26.29725737363848,-10.070010525027541
CRM,212_bull_continuation,,MID,13,-18.18,153.22,46.15,140.03,61.54,114.4,69.23,-6.007731293599321,6.672742626361519,11.539989474972465
CRM,212_bull_reversal,,HIGH,22,-39.96,171.54,36.36,235.96,77.27,464.93,68.18,-15.79773129359932,22.402742626361515,10.489989474972468
CRM,212_bull_reversal,,LOW,16,33.86,150.16,56.25,187.71,75.0,380.7,68.75,4.092268706400681,20.13274262636152,11.059989474972461
CRM,212_bull_reversal,,MID,24,-18.79,220.53,50.0,89.5,62.5,211.0,69.57,-2.157731293599319,7.6327426263615195,11.879989474972454
CRM,22_bear_continuation,,HIGH,153,59.82,293.6,60.13,105.84,58.82,332.28,65.36,7.972268706400683,3.9527426263615197,7.669989474972461
CRM,22_bear_continuation,,LOW,79,-17.19,153.96,46.84,-10.08,56.96,28.5,50.63,-5.317731293599316,2.0927426263615203,-7.060010525027536
CRM,22_bear_continuation,,MID,108,-6.44,181.18,50.93,15.45,56.48,67.24,58.1,-1.2277312935993194,1.6127426263615163,0.40998947497246263
CRM,22_bear_reversal,,HIGH,124,32.34,293.18,58.06,82.89,58.06,231.51,56.45,5.902268706400683,3.1927426263615217,-1.240010525027536
CRM,22_bear_reversal,,LOW,98,15.39,173.22,47.96,22.82,53.06,81.19,60.2,-4.197731293599318,-1.8072573736384783,2.509989474972464
CRM,22_bear_reversal,,MID,106,-6.27,178.33,47.17,-28.11,50.0,4.99,54.37,-4.987731293599317,-4.8672573736384805,-3.3200105250275413
CRM,22_bull_continuation,,HIGH,133,25.15,222.41,58.65,58.92,54.14,335.81,64.66,6.492268706400679,-0.72725737363848,6.969989474972458
CRM,22_bull_continuation,,LOW,170,9.77,110.84,56.47,42.06,61.76,54.08,58.82,4.31226870640068,6.8927426263615175,1.1299894749724615
CRM,22_bull_continuation,,MID,163,6.77,190.9,50.31,1.86,54.66,61.02,52.2,-1.8477312935993169,-0.20725737363848395,-5.490010525027536
CRM,22_bull_reversal,,HIGH,129,21.45,364.81,48.84,15.28,54.26,166.33,52.71,-3.3177312935993157,-0.6072573736384825,-4.980010525027538
CRM,22_bull_reversal,,LOW,110,18.57,169.9,56.36,39.69,54.55,102.67,60.91,4.20226870640068,-0.3172573736384834,3.219989474972458
CRM,22_bull_reversal,,MID,112,-19.38,190.4,49.11,-88.64,47.32,-83.03,48.62,-3.0477312935993197,-7.54725737363848,-9.070010525027541
CRM,312_bull_reversal,,LOW,16,11.69,89.03,56.25,39.1,62.5,229.89,68.75,4.092268706400681,7.6327426263615195,11.059989474972461
CRM,322_bear_continuation,,HIGH,13,-90.45,262.07,30.77,202.63,53.85,203.08,53.85,-21.38773129359932,-1.0172573736384791,-3.8400105250275374
CRM,322_bear_continuation,,MID,15,39.4,275.9,60.0,93.45,60.0,-149.46,57.14,7.842268706400681,5.1327426263615195,-0.5500105250275382
CRM,322_bull_continuation,,HIGH,12,-51.23,293.09,33.33,-16.36,50.0,52.63,58.33,-18.82773129359932,-4.8672573736384805,0.6399894749724595
CRM,322_bull_continuation,,LOW,18,32.24,102.81,44.44,13.41,61.11,56.91,55.56,-7.717731293599321,6.242742626361519,-2.1300105250275365
CRM,322_bull_continuation,,MID,17,-1.71,173.58,52.94,-112.34,35.29,-14.2,41.18,0.7822687064006786,-19.57725737363848,-16.51001052502754
CRM,clean_2d_bear,,HIGH,15,-60.53,262.86,40.0,-59.76,46.67,-324.19,40.0,-12.15773129359932,-8.197257373638479,-17.69001052502754
CRM,clean_2d_bear,,MID,14,-121.69,223.1,28.57,20.02,64.29,55.82,76.92,-23.58773129359932,9.422742626361526,19.229989474972463
CRM,clean_2u_bull,,LOW,15,38.48,148.06,60.0,35.09,60.0,136.99,60.0,7.842268706400681,5.1327426263615195,2.309989474972461
CRM,clean_2u_bull,,MID,12,8.56,201.23,58.33,-59.28,41.67,-48.92,58.33,6.172268706400679,-13.197257373638479,0.6399894749724595
CRM,,,HIGH,150,-25.25,277.23,51.33,25.78,55.33,95.37,56.67,-0.8277312935993208,0.46274262636151775,-1.020010525027537
CRM,,,LOW,172,1.97,200.73,53.49,47.77,61.63,143.78,61.05,1.3322687064006828,6.762742626361522,3.3599894749724584
CRM,,,MID,153,-39.55,214.76,44.44,-35.59,51.63,-94.72,51.32,-7.717731293599321,-3.237257373638478,-6.3700105250275385
CRWV,22_bear_continuation,,HIGH,16,155.68,705.5,50.0,57.73,43.75,638.74,50.0,-2.157731293599319,-11.11725737363848,-7.690010525027539
CRWV,22_bear_continuation,,MID,34,-105.0,519.0,44.12,339.32,59.38,218.59,44.83,-8.037731293599322,4.512742626361522,-12.86001052502754
CRWV,22_bear_reversal,,HIGH,17,46.63,801.77,47.06,581.68,70.59,4921.05,70.59,-5.097731293599317,15.722742626361523,12.899989474972465
CRWV,22_bear_reversal,,MID,26,-165.1,637.72,38.46,-386.04,38.46,-749.05,33.33,-13.697731293599318,-16.40725737363848,-24.36001052502754
CRWV,22_bull_continuation,,HIGH,15,-60.05,543.51,46.67,56.74,33.33,3977.53,60.0,-5.487731293599317,-21.537257373638482,2.309989474972461
CRWV,22_bull_continuation,,MID,30,-7.31,746.48,46.67,-398.72,27.59,-342.06,32.0,-5.487731293599317,-27.27725737363848,-25.69001052502754
CRWV,22_bull_reversal,,HIGH,15,214.4,841.19,60.0,465.17,66.67,5144.65,66.67,7.842268706400681,11.802742626361521,8.979989474972463
CRWV,22_bull_reversal,,MID,28,-5.74,737.23,42.86,251.43,59.26,-614.49,32.0,-9.29773129359932,4.3927426263615175,-25.69001052502754
CRWV,,,HIGH,16,138.11,708.19,62.5,1001.91,62.5,4094.94,68.75,10.34226870640068,7.6327426263615195,11.059989474972461
CRWV,,,MID,27,218.0,842.9,51.85,413.48,62.96,642.23,48.0,-0.3077312935993177,8.09274262636152,-9.690010525027539
CSCO,132_bear_continuation,,MID,15,-33.13,160.04,46.67,67.69,60.0,37.09,60.0,-5.487731293599317,5.1327426263615195,2.309989474972461
CSCO,212_bear_continuation,,HIGH,15,21.14,184.37,53.33,107.46,66.67,-27.61,53.33,1.1722687064006792,11.802742626361521,-4.3600105250275405
CSCO,212_bear_continuation,,LOW,15,-3.06,72.06,46.67,-33.31,53.33,5.03,60.0,-5.487731293599317,-1.5372573736384822,2.309989474972461
CSCO,212_bear_continuation,,MID,10,16.75,94.91,60.0,178.45,70.0,181.77,80.0,7.842268706400681,15.13274262636152,22.30998947497246
CSCO,212_bear_reversal,,HIGH,25,-6.67,179.73,56.0,62.74,60.0,251.35,76.0,3.842268706400681,5.1327426263615195,18.30998947497246
CSCO,212_bear_reversal,,LOW,26,-2.21,81.4,42.31,-55.01,42.31,-6.26,50.0,-9.847731293599317,-12.557257373638478,-7.690010525027539
CSCO,212_bear_reversal,,MID,22,-35.86,166.56,54.55,20.2,59.09,110.88,54.55,2.392268706400678,4.222742626361523,-3.1400105250275416
CSCO,212_bull_continuation,,HIGH,15,-64.49,106.77,33.33,26.19,66.67,357.12,80.0,-18.82773129359932,11.802742626361521,22.30998947497246
CSCO,212_bull_continuation,,LOW,29,19.7,106.35,51.72,-29.25,48.28,-225.72,27.59,-0.4377312935993203,-6.587257373638479,-30.10001052502754
CSCO,212_bull_continuation,,MID,22,6.14,125.3,50.0,-16.67,45.45,130.45,68.18,-2.157731293599319,-9.417257373638478,10.489989474972468
CSCO,212_bull_reversal,,HIGH,14,68.01,153.25,64.29,225.03,85.71,582.89,92.86,12.132268706400687,30.842742626361513,35.16998947497246
CSCO,212_bull_reversal,,LOW,21,-11.35,91.37,33.33,-11.35,61.9,114.67,71.43,-18.82773129359932,7.032742626361518,13.739989474972468
CSCO,212_bull_reversal,,MID,30,-1.24,175.85,43.33,26.07,60.0,42.55,60.0,-8.82773129359932,5.1327426263615195,2.309989474972461
CSCO,22_bear_continuation,,HIGH,158,50.94,228.78,56.33,112.15,64.56,210.35,63.92,4.172268706400679,9.692742626361522,6.229989474972463
CSCO,22_bear_continuation,,LOW,74,12.83,82.94,52.7,-29.46,54.05,-31.24,47.3,0.5422687064006837,-0.8172573736384834,-10.390010525027542
CSCO,22_bear_continuation,,MID,86,14.07,136.56,59.3,62.64,60.47,184.23,63.95,7.142268706400678,5.602742626361518,6.259989474972464
CSCO,22_bear_reversal,,HIGH,120,-6.9,248.21,55.0,61.48,60.83,155.67,58.33,2.842268706400681,5.962742626361518,0.6399894749724595
CSCO,22_bear_reversal,,LOW,103,8.71,82.34,50.49,36.76,55.34,154.16,63.11,-1.6677312935993172,0.47274262636152287,5.419989474972461
CSCO,22_bear_reversal,,MID,89,-31.64,193.88,43.82,10.55,57.3,158.24,61.8,-8.337731293599319,2.4327426263615166,4.109989474972458
CSCO,22_bull_continuation,,HIGH,135,15.7,169.66,52.59,55.08,61.48,159.02,54.81,0.43226870640068427,6.612742626361516,-2.8800105250275365
CSCO,22_bull_continuation,,LOW,174,0.49,136.89,59.2,12.59,55.75,29.59,58.62,7.042268706400684,0.8827426263615195,0.9299894749724587
CSCO,22_bull_continuation,,MID,168,4.35,117.15,53.57,-23.66,50.0,36.06,57.14,1.4122687064006811,-4.8672573736384805,-0.5500105250275382
CSCO,22_bull_reversal,,HIGH,124,-21.8,189.37,47.58,-1.39,54.84,175.85,60.48,-4.577731293599321,-0.027257373638477134,2.789989474972458
CSCO,22_bull_reversal,,LOW,99,-2.02,104.56,53.54,-0.63,49.49,97.63,56.57,1.38226870640068,-5.3772573736384786,-1.1200105250275385
CSCO,22_bull_reversal,,MID,105,12.81,131.94,56.19,102.11,65.71,153.27,67.31,4.032268706400679,10.842742626361513,9.619989474972463
CSCO,322_bear_continuation,,MID,14,47.93,76.79,64.29,90.91,78.57,127.69,71.43,12.132268706400687,23.702742626361513,13.739989474972468
CSCO,322_bull_continuation,,HIGH,10,64.64,192.55,60.0,83.27,70.0,454.06,80.0,7.842268706400681,15.13274262636152,22.30998947497246
CSCO,322_bull_continuation,,LOW,13,48.19,82.18,84.62,-68.5,53.85,104.53,61.54,32.462268706400685,-1.0172573736384791,3.8499894749724604
CSCO,322_bull_continuation,,MID,17,41.41,122.18,52.94,-37.19,29.41,26.68,58.82,0.7822687064006786,-25.45725737363848,1.1299894749724615
CSCO,clean_2d_bear,,HIGH,14,105.17,182.23,64.29,37.95,71.43,529.36,92.86,12.132268706400687,16.562742626361526,35.16998947497246
CSCO,clean_2d_bear,,LOW,15,0.64,94.12,66.67,-17.56,46.67,-90.34,40.0,14.512268706400683,-8.197257373638479,-17.69001052502754
CSCO,clean_2u_bull,,HIGH,12,62.01,144.62,75.0,-81.27,58.33,291.91,75.0,22.84226870640068,3.4627426263615178,17.30998947497246
CSCO,clean_2u_bull,,LOW,11,-4.63,80.1,36.36,52.33,72.73,247.04,72.73,-15.79773129359932,17.862742626361523,15.039989474972465
CSCO,clean_2u_bull,,MID,15,64.44,156.52,53.33,33.86,66.67,160.23,66.67,1.1722687064006792,11.802742626361521,8.979989474972463
CSCO,f2d_bull_reversal,,HIGH,10,8.96,178.9,70.0,63.13,60.0,-156.78,40.0,17.84226870640068,5.1327426263615195,-17.69001052502754
CSCO,f2u_bear_reversal,,HIGH,12,17.7,239.51,41.67,-33.27,33.33,113.64,41.67,-10.487731293599317,-21.537257373638482,-16.020010525027537
CSCO,,,HIGH,148,-0.09,217.74,52.03,15.58,51.35,178.17,62.84,-0.127731293599318,-3.517257373638479,5.149989474972465
CSCO,,,LOW,171,8.36,95.23,52.63,20.14,57.89,14.78,50.88,0.4722687064006834,3.02274262636152,-6.810010525027536
CSCO,,,MID,170,-1.82,154.43,51.76,31.56,49.41,97.23,61.31,-0.39773129359932113,-5.457257373638484,3.6199894749724635
CVS,11_inside_compression,,LOW,11,21.86,80.01,63.64,58.4,63.64,385.63,90.91,11.482268706400681,8.77274262636152,33.21998947497246
CVS,212_bear_continuation,,HIGH,20,-6.35,170.58,55.0,-38.23,45.0,-50.72,45.0,2.842268706400681,-9.86725737363848,-12.690010525027539
CVS,212_bear_continuation,,LOW,19,-43.26,135.4,42.11,-11.37,57.89,90.96,57.89,-10.04773129359932,3.02274262636152,0.19998947497246178
CVS,212_bear_continuation,,MID,26,1.75,188.52,53.85,84.7,61.54,417.05,57.69,1.6922687064006823,6.672742626361519,-1.0525027541063992e-05
CVS,212_bear_reversal,,HIGH,21,-111.68,255.22,28.57,16.31,61.9,53.4,57.14,-23.58773129359932,7.032742626361518,-0.5500105250275382
CVS,212_bear_reversal,,LOW,17,28.15,138.22,76.47,37.99,70.59,-90.91,41.18,24.31226870640068,15.722742626361523,-16.51001052502754
CVS,212_bear_reversal,,MID,18,-79.34,201.67,27.78,-56.59,44.44,300.13,47.06,-24.377731293599318,-10.427257373638483,-10.630010525027537
CVS,212_bull_continuation,,HIGH,17,-65.17,106.99,29.41,-83.62,35.29,68.26,47.06,-22.74773129359932,-19.57725737363848,-10.630010525027537
CVS,212_bull_continuation,,LOW,24,20.34,166.98,54.17,68.4,54.17,-231.45,41.67,2.0122687064006826,-0.6972573736384788,-16.020010525027537
CVS,212_bull_continuation,,MID,13,52.28,140.1,61.54,67.21,53.85,-550.63,25.0,9.38226870640068,-1.0172573736384791,-32.69001052502754
CVS,212_bull_reversal,,HIGH,24,72.03,166.0,62.5,154.41,58.33,57.88,41.67,10.34226870640068,3.4627426263615178,-16.020010525027537
CVS,212_bull_reversal,,LOW,27,38.12,149.44,62.96,70.36,70.37,71.38,59.26,10.802268706400682,15.502742626361524,1.5699894749724592
CVS,212_bull_reversal,,MID,30,-10.53,170.77,53.33,53.92,60.0,21.67,53.33,1.1722687064006792,5.1327426263615195,-4.3600105250275405
CVS,22_bear_continuation,,HIGH,148,10.44,198.53,54.05,11.33,49.32,23.83,51.35,1.892268706400678,-5.54725737363848,-6.340010525027537
CVS,22_bear_continuation,,LOW,119,-5.25,152.79,49.58,-57.88,49.58,44.08,50.42,-2.577731293599321,-5.287257373638482,-7.270010525027537
CVS,22_bear_continuation,,MID,124,-21.64,196.84,45.97,-0.73,50.0,-26.47,49.17,-6.18773129359932,-4.8672573736384805,-8.520010525027537
CVS,22_bear_reversal,,HIGH,112,1.65,211.04,49.11,-9.39,51.79,-24.68,48.21,-3.0477312935993197,-3.0772573736384814,-9.480010525027538
CVS,22_bear_reversal,,LOW,106,16.82,161.6,59.43,10.79,57.55,-24.75,54.72,7.272268706400681,2.6827426263615166,-2.97001052502754
CVS,22_bear_reversal,,MID,112,24.23,151.11,59.82,-8.56,50.89,23.88,53.15,7.662268706400681,-3.97725737363848,-4.54001052502754
CVS,22_bull_continuation,,HIGH,127,1.83,204.27,48.03,-11.15,46.46,-22.15,44.09,-4.127731293599318,-8.40725737363848,-13.600010525027535
CVS,22_bull_continuation,,LOW,147,-0.15,129.65,43.54,-3.74,48.3,-117.54,44.22,-8.61773129359932,-6.567257373638483,-13.47001052502754
CVS,22_bull_continuation,,MID,156,4.82,204.8,53.21,10.65,50.0,114.41,54.3,1.0522687064006817,-4.8672573736384805,-3.3900105250275416
CVS,22_bull_reversal,,HIGH,105,-9.32,224.15,46.67,-44.0,50.48,77.62,52.38,-5.487731293599317,-4.387257373638484,-5.310010525027536
CVS,22_bull_reversal,,LOW,97,6.95,150.78,51.55,51.47,58.76,27.81,56.7,-0.607731293599322,3.8927426263615175,-0.990010525027536
CVS,22_bull_reversal,,MID,107,-1.56,200.9,47.66,-7.75,50.47,29.42,49.06,-4.4977312935993226,-4.397257373638482,-8.630010525027537
CVS,312_bull_reversal,,HIGH,12,-4.73,228.97,58.33,58.96,66.67,-127.25,41.67,6.172268706400679,11.802742626361521,-16.020010525027537
CVS,322_bear_continuation,,HIGH,13,11.77,228.03,46.15,53.28,46.15,49.13,61.54,-6.007731293599321,-8.717257373638482,3.8499894749724604
CVS,322_bear_continuation,,MID,10,3.49,192.22,60.0,-150.71,60.0,-140.99,60.0,7.842268706400681,5.1327426263615195,2.309989474972461
CVS,322_bull_continuation,,HIGH,14,5.43,162.48,57.14,72.74,50.0,306.56,71.43,4.982268706400681,-4.8672573736384805,13.739989474972468
CVS,322_bull_continuation,,LOW,13,1.26,142.14,61.54,-54.6,53.85,-277.04,30.77,9.38226870640068,-1.0172573736384791,-26.92001052502754
CVS,322_bull_continuation,,MID,11,-48.22,92.76,27.27,-62.52,36.36,1.34,63.64,-24.88773129359932,-18.50725737363848,5.949989474972462
CVS,clean_2d_bear,,HIGH,19,1.59,224.95,42.11,22.42,47.37,202.35,68.42,-10.04773129359932,-7.497257373638483,10.729989474972463
CVS,clean_2d_bear,,LOW,13,-60.26,191.31,30.77,-33.19,38.46,106.84,61.54,-21.38773129359932,-16.40725737363848,3.8499894749724604
CVS,clean_2d_bear,,MID,11,-38.03,119.14,45.45,-31.34,36.36,-82.05,27.27,-6.707731293599316,-18.50725737363848,-30.42001052502754
CVS,clean_2u_bull,,HIGH,11,-24.94,146.4,45.45,-109.46,27.27,-130.68,54.55,-6.707731293599316,-27.59725737363848,-3.1400105250275416
CVS,clean_2u_bull,,LOW,13,-17.61,187.9,46.15,-66.72,30.77,111.23,46.15,-6.007731293599321,-24.09725737363848,-11.54001052502754
CVS,clean_2u_bull,,MID,10,93.02,170.15,70.0,62.14,50.0,-11.83,66.67,17.84226870640068,-4.8672573736384805,8.979989474972463
CVS,f2u_bear_reversal,,MID,11,-3.97,141.64,63.64,109.26,54.55,-13.56,45.45,11.482268706400681,-0.3172573736384834,-12.240010525027536
CVS,,,HIGH,169,11.59,200.94,51.48,15.08,50.3,12.78,47.34,-0.6777312935993223,-4.567257373638483,-10.350010525027535
CVS,,,LOW,165,14.43,149.78,57.58,26.9,51.52,12.01,52.12,5.422268706400679,-3.3472573736384774,-5.570010525027541
CVS,,,MID,160,-12.36,210.64,48.75,14.75,49.69,70.64,50.96,-3.407731293599319,-5.177257373638483,-6.730010525027538
DASH,132_bear_continuation,,HIGH,11,150.91,392.07,63.64,341.1,45.45,132.13,36.36,11.482268706400681,-9.417257373638478,-21.33001052502754
DASH,212_bear_continuation,,HIGH,17,-127.17,532.09,41.18,-134.05,47.06,-97.02,35.29,-10.97773129359932,-7.807257373638478,-22.40001052502754
DASH,212_bear_reversal,,HIGH,12,-19.7,554.87,50.0,327.78,50.0,137.27,58.33,-2.157731293599319,-4.8672573736384805,0.6399894749724595
DASH,212_bear_reversal,,MID,14,77.73,166.24,78.57,9.62,42.86,815.34,84.62,26.412268706400674,-12.007257373638481,26.929989474972466
DASH,212_bull_reversal,,HIGH,21,61.75,397.54,66.67,426.81,66.67,321.53,61.9,14.512268706400683,11.802742626361521,4.20998947497246
DASH,212_bull_reversal,,MID,16,85.27,368.05,50.0,179.23,43.75,885.89,73.33,-2.157731293599319,-11.11725737363848,15.63998947497246
DASH,22_bear_continuation,,HIGH,109,31.09,428.62,48.62,27.19,45.87,-80.95,44.95,-3.5377312935993217,-8.997257373638483,-12.740010525027536
DASH,22_bear_continuation,,LOW,23,38.63,182.96,60.87,196.14,52.17,125.39,52.17,8.712268706400678,-2.697257373638479,-5.520010525027537
DASH,22_bear_continuation,,MID,74,-15.48,380.2,54.05,-60.94,47.95,-39.26,52.17,1.892268706400678,-6.917257373638478,-5.520010525027537
DASH,22_bear_reversal,,HIGH,77,-23.83,400.42,49.35,-44.74,59.74,-51.35,49.35,-2.8077312935993177,4.8727426263615214,-8.340010525027537
DASH,22_bear_reversal,,LOW,33,-11.53,138.73,45.45,10.45,48.48,282.39,51.52,-6.707731293599316,-6.387257373638484,-6.170010525027536
DASH,22_bear_reversal,,MID,75,-69.27,285.73,49.33,4.34,56.76,-76.73,52.05,-2.827731293599321,1.8927426263615175,-5.640010525027542
DASH,22_bull_continuation,,HIGH,52,-51.4,513.44,40.38,-180.63,36.54,-455.91,36.54,-11.777731293599317,-18.32725737363848,-21.15001052502754
DASH,22_bull_continuation,,LOW,56,-1.88,220.58,44.64,67.73,50.0,304.56,60.71,-7.517731293599319,-4.8672573736384805,3.019989474972462
DASH,22_bull_continuation,,MID,122,14.03,305.99,52.46,13.92,56.2,135.75,60.5,0.3022687064006817,1.3327426263615223,2.809989474972461
DASH,22_bull_reversal,,HIGH,64,-52.42,471.78,43.75,-196.22,43.75,-406.72,42.19,-8.40773129359932,-11.11725737363848,-15.500010525027541
DASH,22_bull_reversal,,LOW,33,27.7,215.46,48.48,73.2,45.45,385.26,54.55,-3.6777312935993223,-9.417257373638478,-3.1400105250275416
DASH,22_bull_reversal,,MID,74,31.88,285.24,54.05,4.74,50.68,-100.17,45.71,1.892268706400678,-4.187257373638481,-11.980010525027538
DASH,322_bear_continuation,,HIGH,10,329.25,754.85,60.0,356.76,50.0,1446.82,60.0,7.842268706400681,-4.8672573736384805,2.309989474972461
DASH,322_bear_continuation,,MID,10,102.09,344.42,60.0,189.3,50.0,-198.91,33.33,7.842268706400681,-4.8672573736384805,-24.36001052502754
DASH,322_bull_continuation,,HIGH,10,-90.63,280.69,50.0,-330.34,50.0,136.3,60.0,-2.157731293599319,-4.8672573736384805,2.309989474972461
DASH,322_bull_continuation,,MID,12,24.74,205.4,66.67,170.02,66.67,59.22,58.33,14.512268706400683,11.802742626361521,0.6399894749724595
DASH,clean_2u_bull,,HIGH,10,-42.85,437.6,50.0,-215.04,30.0,338.26,80.0,-2.157731293599319,-24.86725737363848,22.30998947497246
DASH,clean_2u_bull,,MID,13,-93.08,270.11,53.85,15.81,46.15,-80.24,61.54,1.6922687064006823,-8.717257373638482,3.8499894749724604
DASH,,,HIGH,113,39.84,473.67,57.52,84.44,50.44,371.29,55.75,5.362268706400684,-4.427257373638483,-1.9400105250275388
DASH,,,LOW,34,27.43,171.09,47.06,-15.69,50.0,197.46,44.12,-5.097731293599317,-4.8672573736384805,-13.570010525027541
DASH,,,MID,117,16.16,276.76,48.72,119.8,58.12,281.96,67.24,-3.4377312935993203,3.252742626361517,9.549989474972456
DDOG,212_bear_continuation,,HIGH,15,3.0,392.96,40.0,-39.2,46.67,786.01,53.33,-12.15773129359932,-8.197257373638479,-4.3600105250275405
DDOG,212_bear_reversal,,HIGH,19,-90.36,357.32,31.58,24.16,57.89,-23.15,52.63,-20.57773129359932,3.02274262636152,-5.060010525027536
DDOG,212_bear_reversal,,MID,19,6.16,288.43,47.37,5.38,63.16,1292.82,63.16,-4.787731293599322,8.292742626361516,5.469989474972458
DDOG,212_bull_continuation,,HIGH,10,-18.64,294.75,40.0,190.15,40.0,507.97,30.0,-12.15773129359932,-14.86725737363848,-27.69001052502754
DDOG,212_bull_continuation,,MID,16,2.02,192.29,50.0,54.67,73.33,-169.26,61.54,-2.157731293599319,18.462742626361518,3.8499894749724604
DDOG,212_bull_reversal,,HIGH,16,55.63,298.59,50.0,103.36,56.25,331.54,62.5,-2.157731293599319,1.3827426263615195,4.809989474972461
DDOG,212_bull_reversal,,MID,16,83.67,500.56,75.0,37.07,56.25,-189.54,43.75,22.84226870640068,1.3827426263615195,-13.940010525027539
DDOG,22_bear_continuation,,HIGH,137,8.96,415.52,51.09,2.34,47.45,4.09,52.55,-1.0677312935993157,-7.417257373638478,-5.140010525027542
DDOG,22_bear_continuation,,LOW,38,-38.62,385.06,47.37,-5.06,50.0,246.51,50.0,-4.787731293599322,-4.8672573736384805,-7.690010525027539
DDOG,22_bear_continuation,,MID,88,-5.63,392.83,45.45,176.24,59.09,546.86,56.82,-6.707731293599316,4.222742626361523,-0.8700105250275385
DDOG,22_bear_reversal,,HIGH,91,-0.31,454.04,51.65,-21.02,52.75,251.29,47.25,-0.5077312935993206,-2.1172573736384805,-10.440010525027539
DDOG,22_bear_reversal,,LOW,37,5.43,248.18,56.76,52.79,59.46,206.74,51.35,4.602268706400679,4.59274262636152,-6.340010525027537
DDOG,22_bear_reversal,,MID,81,19.99,470.55,53.09,166.65,53.75,273.32,52.56,0.9322687064006843,-1.1172573736384805,-5.1300105250275365
DDOG,22_bull_continuation,,HIGH,123,49.3,420.31,53.66,62.09,54.47,221.33,52.85,1.5022687064006774,-0.3972573736384817,-4.840010525027537
DDOG,22_bull_continuation,,LOW,55,9.67,344.63,47.27,9.42,50.91,-71.72,52.73,-4.887731293599316,-3.957257373638484,-4.960010525027542
DDOG,22_bull_continuation,,MID,104,-24.31,353.48,39.42,-56.6,42.72,273.98,54.55,-12.737731293599317,-12.147257373638482,-3.1400105250275416
DDOG,22_bull_reversal,,HIGH,94,48.5,405.59,53.19,-17.0,51.06,149.72,47.87,1.0322687064006786,-3.8072573736384783,-9.820010525027541
DDOG,22_bull_reversal,,LOW,44,32.94,315.6,56.82,165.66,61.36,534.23,68.18,4.662268706400681,6.492742626361519,10.489989474972468
DDOG,22_bull_reversal,,MID,80,55.65,318.13,53.75,109.24,55.0,439.46,60.26,1.5922687064006809,0.13274262636151946,2.569989474972459
DDOG,312_bull_reversal,,HIGH,12,17.11,305.96,33.33,407.64,75.0,652.87,75.0,-18.82773129359932,20.13274262636152,17.30998947497246
DDOG,312_bull_reversal,,MID,11,-119.53,217.17,36.36,-242.28,36.36,-244.76,45.45,-15.79773129359932,-18.50725737363848,-12.240010525027536
DDOG,322_bear_continuation,,HIGH,16,132.99,381.91,68.75,567.91,81.25,1491.66,87.5,16.59226870640068,26.38274262636152,29.80998947497246
DDOG,322_bull_continuation,,HIGH,11,4.41,208.78,54.55,603.99,72.73,1253.94,72.73,2.392268706400678,17.862742626361523,15.039989474972465
DDOG,322_bull_continuation,,MID,15,-65.0,211.45,33.33,593.49,66.67,886.99,64.29,-18.82773129359932,11.802742626361521,6.5999894749724675
DDOG,clean_2d_bear,,HIGH,14,114.72,328.28,64.29,95.95,50.0,591.18,50.0,12.132268706400687,-4.8672573736384805,-7.690010525027539
DDOG,clean_2u_bull,,HIGH,17,-47.3,379.76,47.06,150.0,70.59,1503.68,58.82,-5.097731293599317,15.722742626361523,1.1299894749724615
DDOG,,,HIGH,143,15.43,413.41,53.15,83.0,51.75,516.45,55.24,0.9922687064006794,-3.1172573736384805,-2.450010525027537
DDOG,,,LOW,55,-60.82,220.78,38.18,-4.92,49.09,265.49,54.55,-13.97773129359932,-5.777257373638477,-3.1400105250275416
DDOG,,,MID,130,58.83,327.5,61.54,188.62,60.47,330.52,55.56,9.38226870640068,5.602742626361518,-2.1300105250275365
DELL,212_bear_reversal,,HIGH,15,87.45,327.83,66.67,252.39,60.0,689.7,60.0,14.512268706400683,5.1327426263615195,2.309989474972461
DELL,212_bear_reversal,,LOW,14,-10.78,207.47,64.29,223.81,50.0,147.15,57.14,12.132268706400687,-4.8672573736384805,-0.5500105250275382
DELL,212_bear_reversal,,MID,24,56.62,290.7,54.17,255.48,54.17,603.2,43.48,2.0122687064006826,-0.6972573736384788,-14.210010525027542
DELL,212_bull_continuation,,HIGH,11,-13.91,355.53,54.55,-160.05,54.55,534.85,63.64,2.392268706400678,-0.3172573736384834,5.949989474972462
DELL,212_bull_continuation,,MID,14,-36.77,173.25,50.0,28.49,64.29,199.81,61.54,-2.157731293599319,9.422742626361526,3.8499894749724604
DELL,212_bull_reversal,,HIGH,21,25.67,182.47,57.14,300.7,80.95,380.31,66.67,4.982268706400681,26.082742626361522,8.979989474972463
DELL,212_bull_reversal,,LOW,15,29.8,207.35,60.0,-75.0,53.33,314.63,66.67,7.842268706400681,-1.5372573736384822,8.979989474972463
DELL,212_bull_reversal,,MID,18,39.39,219.61,50.0,-40.9,44.44,216.48,58.82,-2.157731293599319,-10.427257373638483,1.1299894749724615
DELL,22_bear_continuation,,HIGH,118,-10.67,296.22,50.85,75.2,55.08,312.08,66.1,-1.3077312935993177,0.21274262636151775,8.409989474972456
DELL,22_bear_continuation,,LOW,27,8.87,248.26,62.96,-134.62,55.56,-393.74,29.63,10.802268706400682,0.6927426263615217,-28.06001052502754
DELL,22_bear_continuation,,MID,90,35.89,247.91,57.78,178.28,65.91,664.64,77.27,5.622268706400682,11.042742626361516,19.579989474972457
DELL,22_bear_reversal,,HIGH,108,45.59,302.58,56.48,117.71,59.26,277.37,66.67,4.322268706400678,4.3927426263615175,8.979989474972463
DELL,22_bear_reversal,,LOW,46,13.16,295.14,54.35,103.49,58.7,112.54,58.7,2.1922687064006823,3.8327426263615223,1.009989474972464
DELL,22_bear_reversal,,MID,93,-61.98,266.49,40.86,-79.5,51.61,57.76,54.95,-11.29773129359932,-3.257257373638481,-2.740010525027536
DELL,22_bull_continuation,,HIGH,156,15.36,297.52,55.13,75.74,55.77,430.68,72.44,2.9722687064006834,0.9027426263615226,14.749989474972459
DELL,22_bull_continuation,,LOW,80,16.88,228.99,53.75,110.25,65.0,254.85,63.75,1.5922687064006809,10.13274262636152,6.059989474972461
DELL,22_bull_continuation,,MID,168,22.24,229.48,48.81,-9.25,50.6,-50.68,58.08,-3.347731293599317,-4.267257373638479,0.3899894749724595
DELL,22_bull_reversal,,HIGH,104,23.59,308.44,49.04,149.8,60.58,284.04,63.46,-3.11773129359932,5.712742626361518,5.769989474972462
DELL,22_bull_reversal,,LOW,45,74.5,372.55,46.67,160.38,57.78,219.86,66.67,-5.487731293599317,2.9127426263615206,8.979989474972463
DELL,22_bull_reversal,,MID,101,4.01,267.53,50.5,-64.59,53.0,135.96,55.1,-1.6577312935993191,-1.8672573736384805,-2.5900105250275374
DELL,322_bear_continuation,,HIGH,17,-24.76,268.18,47.06,105.97,58.82,569.44,58.82,-5.097731293599317,3.9527426263615197,1.1299894749724615
DELL,322_bull_continuation,,HIGH,14,45.97,281.88,71.43,-41.12,42.86,366.1,71.43,19.272268706400688,-12.007257373638481,13.739989474972468
DELL,322_bull_continuation,,MID,12,16.43,285.49,58.33,-93.06,58.33,47.36,63.64,6.172268706400679,3.4627426263615178,5.949989474972462
DELL,clean_2d_bear,,HIGH,11,45.79,237.5,54.55,232.8,63.64,760.03,72.73,2.392268706400678,8.77274262636152,15.039989474972465
DELL,clean_2d_bear,,MID,10,-2.73,277.43,60.0,-685.45,30.0,-131.69,60.0,7.842268706400681,-24.86725737363848,2.309989474972461
DELL,clean_2u_bull,,HIGH,13,84.05,321.02,53.85,-118.66,38.46,39.45,46.15,1.6922687064006823,-16.40725737363848,-11.54001052502754
DELL,clean_2u_bull,,MID,17,74.94,344.44,52.94,99.31,64.71,487.61,75.0,0.7822687064006786,9.842742626361513,17.30998947497246
DELL,f2d_bull_reversal,,HIGH,11,46.52,336.27,63.64,132.74,54.55,635.36,72.73,11.482268706400681,-0.3172573736384834,15.039989474972465
DELL,,,HIGH,133,9.58,261.34,54.14,160.54,63.91,580.0,72.18,1.9822687064006814,9.042742626361516,14.489989474972468
DELL,,,LOW,70,26.31,487.65,51.43,146.39,54.29,60.24,55.71,-0.7277312935993194,-0.5772573736384814,-1.980010525027538
DELL,,,MID,124,-60.05,522.03,42.74,2.86,48.39,181.09,58.33,-9.417731293599317,-6.47725737363848,0.6399894749724595
DIS,11_inside_compression,,LOW,10,0.07,86.47,50.0,-19.55,50.0,199.5,60.0,-2.157731293599319,-4.8672573736384805,2.309989474972461
DIS,132_bear_continuation,,HIGH,10,22.68,148.77,50.0,-199.55,50.0,-103.68,60.0,-2.157731293599319,-4.8672573736384805,2.309989474972461
DIS,132_bull_continuation,,LOW,10,-16.46,109.81,50.0,-54.74,50.0,113.89,60.0,-2.157731293599319,-4.8672573736384805,2.309989474972461
DIS,212_bear_continuation,,HIGH,19,115.49,344.79,78.95,277.17,73.68,395.72,73.68,26.792268706400684,18.812742626361526,15.989989474972468
DIS,212_bear_continuation,,LOW,16,22.46,87.42,50.0,27.96,56.25,-109.56,31.25,-2.157731293599319,1.3827426263615195,-26.44001052502754
DIS,212_bear_continuation,,MID,22,-20.57,87.95,31.82,-77.12,47.62,-46.3,33.33,-20.33773129359932,-7.247257373638483,-24.36001052502754
DIS,212_bear_reversal,,HIGH,23,74.83,382.94,56.52,23.63,43.48,394.8,60.87,4.362268706400684,-11.387257373638484,3.1799894749724587
DIS,212_bear_reversal,,LOW,33,20.09,125.54,57.58,-23.29,39.39,-19.73,45.45,5.422268706400679,-15.47725737363848,-12.240010525027536
DIS,212_bear_reversal,,MID,20,-62.71,233.23,40.0,-30.43,40.0,-90.49,47.37,-12.15773129359932,-14.86725737363848,-10.320010525027541
DIS,212_bull_continuation,,HIGH,18,13.21,167.57,44.44,61.74,55.56,275.91,50.0,-7.717731293599321,0.6927426263615217,-7.690010525027539
DIS,212_bull_continuation,,LOW,19,20.19,91.98,47.37,-37.98,42.11,113.3,47.37,-4.787731293599322,-12.757257373638481,-10.320010525027541
DIS,212_bull_continuation,,MID,15,10.08,115.14,60.0,97.36,73.33,-53.3,46.67,7.842268706400681,18.462742626361518,-11.020010525027537
DIS,212_bull_reversal,,HIGH,26,19.09,164.24,46.15,13.79,57.69,134.15,53.85,-6.007731293599321,2.822742626361517,-3.8400105250275374
DIS,212_bull_reversal,,LOW,29,9.8,166.64,48.28,53.09,62.07,7.28,41.38,-3.877731293599318,7.20274262636152,-16.310010525027536
DIS,212_bull_reversal,,MID,23,41.98,109.73,65.22,-17.56,52.17,8.83,47.83,13.06226870640068,-2.697257373638479,-9.86001052502754
DIS,22_bear_continuation,,HIGH,167,-7.7,230.75,49.1,-45.25,45.51,-73.03,47.31,-3.0577312935993177,-9.357257373638483,-10.380010525027537
DIS,22_bear_continuation,,LOW,101,9.24,94.47,48.51,47.11,50.5,80.97,47.52,-3.647731293599321,-4.3672573736384805,-10.170010525027536
DIS,22_bear_continuation,,MID,103,7.59,148.62,55.34,-30.33,44.66,-176.75,39.39,3.1822687064006843,-10.207257373638484,-18.300010525027538
DIS,22_bear_reversal,,HIGH,120,12.28,254.62,50.0,31.62,53.33,111.47,51.67,-2.157731293599319,-1.5372573736384822,-6.020010525027537
DIS,22_bear_reversal,,LOW,103,7.56,146.44,47.57,17.58,48.54,35.91,48.54,-4.587731293599319,-6.327257373638481,-9.15001052502754
DIS,22_bear_reversal,,MID,104,-6.25,109.69,49.04,0.13,52.88,-93.62,42.57,-3.11773129359932,-1.987257373638478,-15.120010525027539
DIS,22_bull_continuation,,HIGH,104,17.53,228.09,50.0,35.46,54.81,246.25,57.69,-2.157731293599319,-0.05725737363847827,-1.0525027541063992e-05
DIS,22_bull_continuation,,LOW,138,7.31,147.8,50.0,61.16,52.17,158.23,52.9,-2.157731293599319,-2.697257373638479,-4.79001052502754
DIS,22_bull_continuation,,MID,150,-20.81,143.87,44.0,-56.1,46.67,-182.96,36.24,-8.15773129359932,-8.197257373638479,-21.450010525027537
DIS,22_bull_reversal,,HIGH,109,-37.33,269.9,40.37,63.0,55.05,224.56,56.88,-11.787731293599322,0.1827426263615166,-0.8100105250275362
DIS,22_bull_reversal,,LOW,90,10.3,135.73,47.78,15.73,44.44,6.1,46.67,-4.377731293599318,-10.427257373638483,-11.020010525027537
DIS,22_bull_reversal,,MID,116,-4.3,135.5,46.55,-45.6,43.97,-241.68,38.05,-5.607731293599322,-10.897257373638482,-19.64001052502754
DIS,312_bull_reversal,,MID,10,26.41,123.31,50.0,104.37,70.0,127.98,50.0,-2.157731293599319,15.13274262636152,-7.690010525027539
DIS,322_bear_continuation,,HIGH,18,19.59,156.34,55.56,-36.67,61.11,166.63,66.67,3.402268706400683,6.242742626361519,8.979989474972463
DIS,322_bear_continuation,,LOW,11,13.18,67.65,81.82,9.51,63.64,152.46,54.55,29.662268706400674,8.77274262636152,-3.1400105250275416
DIS,322_bear_continuation,,MID,11,-11.12,184.83,45.45,-83.22,36.36,-118.2,36.36,-6.707731293599316,-18.50725737363848,-21.33001052502754
DIS,322_bull_continuation,,LOW,19,-25.45,72.86,36.84,-39.75,42.11,-107.83,42.11,-15.317731293599316,-12.757257373638481,-15.58001052502754
DIS,322_bull_continuation,,MID,13,-67.16,145.77,38.46,-72.09,46.15,344.09,69.23,-13.697731293599318,-8.717257373638482,11.539989474972465
DIS,clean_2d_bear,,HIGH,17,14.66,234.91,52.94,177.24,47.06,198.47,58.82,0.7822687064006786,-7.807257373638478,1.1299894749724615
DIS,clean_2d_bear,,MID,15,-7.77,126.27,53.33,7.49,66.67,-193.52,33.33,1.1722687064006792,11.802742626361521,-24.36001052502754
DIS,clean_2u_bull,,LOW,22,-52.95,101.2,18.18,4.25,54.55,32.14,50.0,-33.97773129359932,-0.3172573736384834,-7.690010525027539
DIS,clean_2u_bull,,MID,15,-90.83,231.11,13.33,-65.6,26.67,-326.64,33.33,-38.82773129359932,-28.19725737363848,-24.36001052502754
DIS,f2u_bear_reversal,,HIGH,10,85.0,114.41,90.0,202.24,60.0,606.11,50.0,37.84226870640068,5.1327426263615195,-7.690010525027539
DIS,f2u_bear_reversal,,MID,14,-24.03,155.86,50.0,6.97,50.0,288.5,53.85,-2.157731293599319,-4.8672573736384805,-3.8400105250275374
DIS,,,HIGH,165,-5.41,247.97,48.48,67.6,58.79,347.12,61.82,-3.6777312935993223,3.9227426263615186,4.1299894749724615
DIS,,,LOW,173,13.18,143.16,56.07,-11.53,48.55,18.2,45.66,3.912268706400681,-6.317257373638483,-12.030010525027542
DIS,,,MID,170,-8.19,136.5,44.12,-9.88,48.5,-141.48,38.18,-8.037731293599322,-6.3672573736384805,-19.51001052502754
DVN,212_bear_continuation,,HIGH,10,235.95,683.27,60.0,-197.95,40.0,-120.4,40.0,7.842268706400681,-14.86725737363848,-17.69001052502754
DVN,212_bear_continuation,,LOW,13,25.47,320.92,46.15,18.7,38.46,-371.68,30.77,-6.007731293599321,-16.40725737363848,-26.92001052502754
DVN,212_bear_reversal,,HIGH,22,-124.95,487.1,54.55,-29.57,54.55,-28.16,45.45,2.392268706400678,-0.3172573736384834,-12.240010525027536
DVN,212_bear_reversal,,LOW,15,55.49,143.0,66.67,119.65,46.67,-74.21,46.67,14.512268706400683,-8.197257373638479,-11.020010525027537
DVN,212_bear_reversal,,MID,18,-19.08,253.64,50.0,-37.37,50.0,90.89,44.44,-2.157731293599319,-4.8672573736384805,-13.250010525027541
DVN,212_bull_continuation,,HIGH,22,-20.2,437.48,36.36,-77.91,40.91,468.55,50.0,-15.79773129359932,-13.957257373638484,-7.690010525027539
DVN,212_bull_continuation,,LOW,18,-20.09,222.87,44.44,-68.39,50.0,-126.43,38.89,-7.717731293599321,-4.8672573736384805,-18.800010525027538
DVN,212_bull_continuation,,MID,18,46.23,227.86,55.56,-60.33,61.11,81.19,47.06,3.402268706400683,6.242742626361519,-10.630010525027537
DVN,212_bull_reversal,,HIGH,19,99.21,253.0,63.16,359.2,68.42,368.29,52.63,11.002268706400677,13.552742626361521,-5.060010525027536
DVN,212_bull_reversal,,LOW,19,57.1,253.25,52.63,108.71,57.89,169.72,63.16,0.4722687064006834,3.02274262636152,5.469989474972458
DVN,212_bull_reversal,,MID,24,-31.92,251.72,62.5,-58.13,37.5,149.9,58.33,10.34226870640068,-17.36725737363848,0.6399894749724595
DVN,22_bear_continuation,,HIGH,154,-20.52,534.13,47.4,30.78,51.95,298.24,57.79,-4.757731293599321,-2.9172573736384777,0.09998947497246036
DVN,22_bear_continuation,,LOW,119,2.86,194.33,51.26,-63.39,47.06,-91.71,45.38,-0.8977312935993211,-7.807257373638478,-12.310010525027536
DVN,22_bear_continuation,,MID,137,3.92,233.91,53.28,23.75,49.26,58.29,54.07,1.122268706400682,-5.6072573736384825,-3.6200105250275385
DVN,22_bear_reversal,,HIGH,116,62.26,438.32,59.48,78.58,56.03,643.63,63.79,7.322268706400678,1.1627426263615206,6.09998947497246
DVN,22_bear_reversal,,LOW,118,-31.01,177.95,38.98,-20.79,49.15,-264.04,38.14,-13.177731293599322,-5.717257373638482,-19.550010525027538
DVN,22_bear_reversal,,MID,105,-20.32,258.62,45.71,-26.76,48.08,8.08,52.94,-6.447731293599318,-6.787257373638482,-4.750010525027541
DVN,22_bull_continuation,,HIGH,145,24.18,370.67,50.34,101.37,58.62,476.02,57.24,-1.8177312935993157,3.752742626361517,-0.4500105250275368
DVN,22_bull_continuation,,LOW,154,-3.33,195.25,50.65,-1.04,53.9,-40.06,48.7,-1.5077312935993206,-0.967257373638482,-8.990010525027536
DVN,22_bull_continuation,,MID,166,-7.95,253.96,50.0,45.93,56.1,99.58,56.33,-2.157731293599319,1.2327426263615209,-1.3600105250275405
DVN,22_bull_reversal,,HIGH,119,55.98,364.96,57.14,44.93,55.46,509.98,63.03,4.982268706400681,0.5927426263615203,5.339989474972462
DVN,22_bull_reversal,,LOW,115,18.39,240.65,53.91,-58.88,45.22,-165.71,41.74,1.7522687064006774,-9.647257373638482,-15.950010525027537
DVN,22_bull_reversal,,MID,117,25.68,221.88,51.28,52.23,56.41,167.01,59.65,-0.877731293599318,1.542742626361516,1.9599894749724598
DVN,322_bear_continuation,,HIGH,22,-64.43,434.97,54.55,206.77,59.09,758.34,77.27,2.392268706400678,4.222742626361523,19.579989474972457
DVN,322_bear_continuation,,MID,21,-60.14,248.7,38.1,88.18,61.9,-48.11,57.14,-14.057731293599318,7.032742626361518,-0.5500105250275382
DVN,322_bull_continuation,,HIGH,16,82.7,188.89,68.75,340.75,56.25,443.37,56.25,16.59226870640068,1.3827426263615195,-1.4400105250275388
DVN,322_bull_continuation,,LOW,15,51.58,145.14,66.67,16.07,40.0,-402.87,33.33,14.512268706400683,-14.86725737363848,-24.36001052502754
DVN,clean_2d_bear,,HIGH,20,17.13,280.66,40.0,74.81,55.0,459.84,70.0,-12.15773129359932,0.13274262636151946,12.309989474972461
DVN,clean_2d_bear,,LOW,15,4.15,269.88,33.33,-52.23,40.0,170.28,66.67,-18.82773129359932,-14.86725737363848,8.979989474972463
DVN,clean_2d_bear,,MID,12,-34.32,195.88,33.33,-227.73,41.67,-378.62,66.67,-18.82773129359932,-13.197257373638479,8.979989474972463
DVN,clean_2u_bull,,HIGH,13,68.52,409.21,46.15,615.08,69.23,1471.69,69.23,-6.007731293599321,14.362742626361523,11.539989474972465
DVN,clean_2u_bull,,LOW,12,-4.24,131.73,50.0,3.05,50.0,-452.32,33.33,-2.157731293599319,-4.8672573736384805,-24.36001052502754
DVN,clean_2u_bull,,MID,10,-34.48,151.72,30.0,354.76,80.0,-84.6,40.0,-22.15773129359932,25.13274262636152,-17.69001052502754
DVN,f2d_bull_reversal,,HIGH,11,151.07,182.26,81.82,429.32,81.82,325.83,72.73,29.662268706400674,26.952742626361513,15.039989474972465
DVN,f2d_bull_reversal,,LOW,10,32.27,589.33,40.0,126.77,30.0,41.36,50.0,-12.15773129359932,-24.86725737363848,-7.690010525027539
DVN,f2d_bull_reversal,,MID,10,-180.33,216.85,10.0,-4.5,50.0,182.09,60.0,-42.15773129359932,-4.8672573736384805,2.309989474972461
DVN,f2u_bear_reversal,,LOW,10,33.69,323.65,60.0,-210.7,40.0,-306.93,30.0,7.842268706400681,-14.86725737363848,-27.69001052502754
DVN,,,HIGH,139,13.59,461.43,50.36,129.37,58.99,390.38,59.71,-1.7977312935993197,4.1227426263615214,2.019989474972462
DVN,,,LOW,150,-9.43,184.44,48.67,-16.51,44.67,-146.7,42.0,-3.4877312935993174,-10.197257373638479,-15.690010525027539
DVN,,,MID,141,10.26,267.54,51.06,10.59,48.94,121.13,51.43,-1.0977312935993169,-5.927257373638483,-6.260010525027539
ETN,212_bear_continuation,,HIGH,12,101.69,148.52,75.0,541.65,91.67,743.34,75.0,22.84226870640068,36.80274262636152,17.30998947497246
ETN,212_bear_continuation,,MID,14,-32.21,202.2,64.29,83.87,50.0,225.63,71.43,12.132268706400687,-4.8672573736384805,13.739989474972468
ETN,212_bear_reversal,,HIGH,18,32.53,168.69,44.44,-89.55,44.44,300.26,55.56,-7.717731293599321,-10.427257373638483,-2.1300105250275365
ETN,212_bear_reversal,,LOW,18,7.73,137.27,50.0,57.88,38.89,271.26,66.67,-2.157731293599319,-15.97725737363848,8.979989474972463
ETN,212_bear_reversal,,MID,13,24.78,158.17,46.15,11.3,53.85,391.72,84.62,-6.007731293599321,-1.0172573736384791,26.929989474972466
ETN,212_bull_continuation,,HIGH,17,-8.63,213.37,41.18,25.49,52.94,354.56,70.59,-10.97773129359932,-1.9272573736384828,12.899989474972465
ETN,212_bull_continuation,,LOW,21,31.33,75.11,66.67,63.54,57.14,189.44,71.43,14.512268706400683,2.27274262636152,13.739989474972468
ETN,212_bull_continuation,,MID,11,36.01,218.02,54.55,-151.61,36.36,247.2,72.73,2.392268706400678,-18.50725737363848,15.039989474972465
ETN,212_bull_reversal,,HIGH,15,-27.85,179.11,46.67,134.47,66.67,153.82,60.0,-5.487731293599317,11.802742626361521,2.309989474972461
ETN,212_bull_reversal,,LOW,16,22.31,104.62,56.25,56.52,75.0,-21.48,56.25,4.092268706400681,20.13274262636152,-1.4400105250275388
ETN,212_bull_reversal,,MID,31,-36.82,231.45,54.84,-66.55,45.16,8.78,51.72,2.6822687064006843,-9.707257373638484,-5.97001052502754
ETN,22_bear_continuation,,HIGH,137,21.91,260.66,55.47,37.54,52.55,221.91,55.47,3.3122687064006797,-2.3172573736384834,-2.22001052502754
ETN,22_bear_continuation,,LOW,86,30.77,119.8,59.3,33.11,59.3,12.77,59.3,7.142268706400678,4.432742626361517,1.6099894749724584
ETN,22_bear_continuation,,MID,90,-11.34,171.03,50.0,27.62,54.55,189.45,63.95,-2.157731293599319,-0.3172573736384834,6.259989474972464
ETN,22_bear_reversal,,HIGH,126,39.86,301.09,58.73,139.29,65.87,321.43,63.49,6.572268706400678,11.002742626361524,5.799989474972463
ETN,22_bear_reversal,,LOW,116,20.77,131.11,51.72,29.17,53.45,74.68,62.07,-0.4377312935993203,-1.4172573736384777,4.3799894749724615
ETN,22_bear_reversal,,MID,121,-9.07,175.32,50.41,30.46,56.2,131.85,58.97,-1.7477312935993226,1.3327426263615223,1.27998947497246
ETN,22_bull_continuation,,HIGH,138,15.92,242.75,57.25,39.01,50.72,274.37,63.04,5.092268706400681,-4.147257373638482,5.34998947497246
ETN,22_bull_continuation,,LOW,192,0.26,103.66,50.0,16.56,54.17,30.8,60.94,-2.157731293599319,-0.6972573736384788,3.249989474972459
ETN,22_bull_continuation,,MID,158,8.5,169.24,48.1,-14.12,56.05,126.22,59.35,-4.057731293599318,1.1827426263615166,1.6599894749724626
ETN,22_bull_reversal,,HIGH,129,-17.98,254.45,52.71,66.35,63.57,227.02,56.59,0.5522687064006817,8.70274262636152,-1.1000105250275354
ETN,22_bull_reversal,,LOW,119,-7.11,145.81,51.26,25.31,56.3,146.21,67.23,-0.8977312935993211,1.4327426263615166,9.539989474972465
ETN,22_bull_reversal,,MID,111,-2.0,225.27,51.35,36.68,54.55,131.17,62.04,-0.8077312935993177,-0.3172573736384834,4.34998947497246
ETN,312_bull_reversal,,HIGH,12,39.77,217.95,50.0,50.22,50.0,428.08,58.33,-2.157731293599319,-4.8672573736384805,0.6399894749724595
ETN,322_bear_continuation,,HIGH,12,9.4,210.33,50.0,46.81,58.33,27.52,50.0,-2.157731293599319,3.4627426263615178,-7.690010525027539
ETN,322_bear_continuation,,MID,17,54.36,176.09,64.71,157.14,76.47,326.71,70.59,12.552268706400675,21.60274262636152,12.899989474972465
ETN,322_bull_continuation,,HIGH,12,10.7,191.85,75.0,13.05,58.33,124.9,66.67,22.84226870640068,3.4627426263615178,8.979989474972463
ETN,322_bull_continuation,,LOW,21,-9.45,111.77,52.38,-52.88,33.33,-23.51,47.62,0.2222687064006834,-21.537257373638482,-10.070010525027541
ETN,322_bull_continuation,,MID,19,-48.29,127.14,36.84,65.16,52.63,59.47,63.16,-15.317731293599316,-2.237257373638478,5.469989474972458
ETN,clean_2d_bear,,HIGH,23,83.58,134.98,78.26,79.43,60.87,294.99,56.52,26.102268706400686,6.002742626361517,-1.1700105250275357
ETN,clean_2d_bear,,LOW,10,73.38,136.49,70.0,52.61,60.0,168.28,60.0,17.84226870640068,5.1327426263615195,2.309989474972461
ETN,clean_2d_bear,,MID,15,63.47,88.84,80.0,180.23,80.0,422.32,86.67,27.84226870640068,25.13274262636152,28.979989474972463
ETN,clean_2u_bull,,LOW,17,11.08,201.22,23.53,88.22,58.82,120.53,58.82,-28.627731293599318,3.9527426263615197,1.1299894749724615
ETN,clean_2u_bull,,MID,19,9.28,127.23,47.37,20.37,47.37,19.0,52.63,-4.787731293599322,-7.497257373638483,-5.060010525027536
ETN,f2d_bull_reversal,,HIGH,10,22.87,232.56,50.0,30.36,50.0,-46.57,40.0,-2.157731293599319,-4.8672573736384805,-17.69001052502754
ETN,f2u_bear_reversal,,LOW,10,45.37,88.62,60.0,1.99,50.0,378.3,90.0,7.842268706400681,-4.8672573736384805,32.30998947497246
ETN,,,HIGH,156,23.19,183.7,53.85,117.25,66.67,373.66,63.46,1.6922687064006823,11.802742626361521,5.769989474972462
ETN,,,LOW,143,4.95,106.75,54.55,41.82,59.44,144.4,61.54,2.392268706400678,4.572742626361517,3.8499894749724604
ETN,,,MID,159,5.25,162.92,57.23,11.26,55.35,165.12,63.69,5.072268706400678,0.4827426263615209,5.999989474972459
GILD,132_bear_continuation,,LOW,11,20.91,95.27,54.55,46.26,54.55,122.53,54.55,2.392268706400678,-0.3172573736384834,-3.1400105250275416
GILD,212_bear_continuation,,HIGH,20,53.99,155.71,60.0,186.3,55.0,48.56,55.0,7.842268706400681,0.13274262636151946,-2.690010525027539
GILD,212_bear_continuation,,LOW,19,-64.7,81.94,15.79,-45.89,47.37,-24.11,21.05,-36.36773129359932,-7.497257373638483,-36.640010525027535
GILD,212_bear_continuation,,MID,24,17.51,150.94,45.83,77.58,45.83,223.28,70.83,-6.327731293599321,-9.037257373638482,13.13998947497246
GILD,212_bear_reversal,,HIGH,30,-23.09,96.36,36.67,0.95,60.0,-120.39,30.0,-15.487731293599317,5.1327426263615195,-27.69001052502754
GILD,212_bear_reversal,,LOW,20,-31.91,212.7,55.0,-62.67,40.0,94.43,45.0,2.842268706400681,-14.86725737363848,-12.690010525027539
GILD,212_bear_reversal,,MID,21,50.81,180.05,57.14,3.12,52.38,131.91,55.0,4.982268706400681,-2.487257373638478,-2.690010525027539
GILD,212_bull_continuation,,HIGH,10,38.46,228.03,60.0,-49.98,50.0,79.34,40.0,7.842268706400681,-4.8672573736384805,-17.69001052502754
GILD,212_bull_continuation,,LOW,18,29.65,106.38,50.0,-31.81,38.89,42.5,55.56,-2.157731293599319,-15.97725737363848,-2.1300105250275365
GILD,212_bull_continuation,,MID,20,-34.23,150.41,45.0,42.18,60.0,169.04,45.0,-7.157731293599319,5.1327426263615195,-12.690010525027539
GILD,212_bull_reversal,,HIGH,29,17.41,170.36,48.28,95.45,58.62,77.01,51.72,-3.877731293599318,3.752742626361517,-5.97001052502754
GILD,212_bull_reversal,,LOW,31,-19.53,145.5,38.71,-115.39,29.03,-217.87,25.81,-13.447731293599318,-25.83725737363848,-31.88001052502754
GILD,212_bull_reversal,,MID,27,-13.84,145.26,59.26,54.69,53.85,104.47,65.38,7.102268706400679,-1.0172573736384791,7.689989474972457
GILD,22_bear_continuation,,HIGH,155,10.74,178.57,52.26,-26.32,48.39,30.05,43.87,0.10226870640067887,-6.47725737363848,-13.820010525027541
GILD,22_bear_continuation,,LOW,134,-1.36,128.16,47.76,-8.71,47.01,91.45,49.25,-4.397731293599321,-7.8572573736384825,-8.440010525027539
GILD,22_bear_continuation,,MID,110,23.89,151.59,53.64,49.34,53.64,197.96,65.42,1.4822687064006814,-1.22725737363848,7.729989474972463
GILD,22_bear_reversal,,HIGH,114,35.78,190.42,54.39,31.3,56.14,-5.84,42.98,2.2322687064006814,1.27274262636152,-14.710010525027542
GILD,22_bear_reversal,,LOW,104,11.08,112.0,55.77,-42.34,45.19,-120.77,35.58,3.612268706400684,-9.677257373638483,-22.11001052502754
GILD,22_bear_reversal,,MID,103,-14.19,126.4,46.6,30.98,55.34,109.25,55.45,-5.557731293599318,0.47274262636152287,-2.240010525027536
GILD,22_bull_continuation,,HIGH,118,-34.6,200.06,44.92,25.74,55.93,52.75,45.76,-7.237731293599317,1.0627426263615192,-11.93001052502754
GILD,22_bull_continuation,,LOW,146,3.38,110.21,54.11,-0.88,45.21,-30.98,43.84,1.9522687064006803,-9.65725737363848,-13.850010525027535
GILD,22_bull_continuation,,MID,145,20.94,134.32,59.31,30.31,54.48,106.72,51.41,7.152268706400683,-0.38725737363848367,-6.280010525027542
GILD,22_bull_reversal,,HIGH,98,2.33,206.01,55.1,-31.29,42.86,-27.49,41.84,2.9422687064006823,-12.007257373638481,-15.850010525027535
GILD,22_bull_reversal,,LOW,95,-20.2,188.73,49.47,-1.68,48.42,-7.95,42.11,-2.6877312935993203,-6.447257373638479,-15.58001052502754
GILD,22_bull_reversal,,MID,120,14.52,163.76,47.5,64.94,58.33,76.91,49.15,-4.657731293599319,3.4627426263615178,-8.54001052502754
GILD,312_bull_reversal,,MID,11,-4.94,170.74,54.55,-177.18,36.36,110.33,45.45,2.392268706400678,-18.50725737363848,-12.240010525027536
GILD,322_bear_continuation,,HIGH,15,19.53,109.35,53.33,157.86,66.67,161.52,73.33,1.1722687064006792,11.802742626361521,15.63998947497246
GILD,322_bear_continuation,,LOW,12,-37.73,128.15,25.0,43.26,41.67,158.29,66.67,-27.15773129359932,-13.197257373638479,8.979989474972463
GILD,322_bull_continuation,,LOW,13,41.15,115.11,69.23,-28.89,46.15,-128.33,38.46,17.072268706400685,-8.717257373638482,-19.230010525027538
GILD,322_bull_continuation,,MID,12,-44.81,190.68,41.67,-65.41,41.67,164.9,81.82,-10.487731293599317,-13.197257373638479,24.129989474972454
GILD,clean_2d_bear,,HIGH,12,54.24,158.78,58.33,199.87,58.33,313.66,66.67,6.172268706400679,3.4627426263615178,8.979989474972463
GILD,clean_2d_bear,,LOW,11,53.87,146.04,54.55,-20.51,54.55,-72.28,36.36,2.392268706400678,-0.3172573736384834,-21.33001052502754
GILD,clean_2d_bear,,MID,15,59.67,162.93,66.67,202.15,60.0,232.7,66.67,14.512268706400683,5.1327426263615195,8.979989474972463
GILD,clean_2u_bull,,HIGH,14,12.89,244.42,35.71,-66.01,28.57,-405.7,28.57,-16.44773129359932,-26.29725737363848,-29.12001052502754
GILD,clean_2u_bull,,LOW,14,54.11,134.11,57.14,-44.97,35.71,144.87,71.43,4.982268706400681,-19.15725737363848,13.739989474972468
GILD,clean_2u_bull,,MID,19,10.48,79.03,57.89,-103.78,31.58,3.53,50.0,5.732268706400681,-23.287257373638482,-7.690010525027539
GILD,,,HIGH,176,4.94,198.45,48.3,26.39,54.55,50.32,50.0,-3.857731293599322,-0.3172573736384834,-7.690010525027539
GILD,,,LOW,158,-6.66,142.42,41.14,-8.63,43.67,68.17,49.37,-11.017731293599319,-11.197257373638479,-8.320010525027541
GILD,,,MID,169,-9.84,146.81,50.89,31.22,52.69,115.29,53.94,-1.2677312935993186,-2.177257373638483,-3.750010525027541
GLW,212_bear_continuation,,HIGH,21,-14.11,210.26,57.14,95.97,66.67,144.36,61.9,4.982268706400681,11.802742626361521,4.20998947497246
GLW,212_bear_continuation,,LOW,15,74.16,323.57,60.0,170.53,73.33,268.81,73.33,7.842268706400681,18.462742626361518,15.63998947497246
GLW,212_bear_continuation,,MID,18,-19.33,152.83,44.44,-29.17,61.11,497.45,66.67,-7.717731293599321,6.242742626361519,8.979989474972463
GLW,212_bear_reversal,,HIGH,27,79.74,302.08,74.07,177.56,62.96,505.32,70.37,21.912268706400674,8.09274262636152,12.679989474972466
GLW,212_bear_reversal,,LOW,26,21.75,68.36,57.69,84.0,69.23,201.06,57.69,5.532268706400679,14.362742626361523,-1.0525027541063992e-05
GLW,212_bear_reversal,,MID,23,-21.56,222.44,52.17,-57.02,34.78,271.54,59.09,0.01226870640068256,-20.08725737363848,1.3999894749724646
GLW,212_bull_continuation,,HIGH,14,-140.25,315.23,28.57,-29.89,64.29,-129.46,42.86,-23.58773129359932,9.422742626361526,-14.83001052502754
GLW,212_bull_continuation,,LOW,21,-13.16,96.99,28.57,-37.85,47.62,50.1,71.43,-23.58773129359932,-7.247257373638483,13.739989474972468
GLW,212_bull_continuation,,MID,19,88.39,331.04,73.68,-42.08,47.37,546.44,61.11,21.522268706400688,-7.497257373638483,3.4199894749724606
GLW,212_bull_reversal,,HIGH,23,23.79,223.8,56.52,202.21,60.87,316.16,65.22,4.362268706400684,6.002742626361517,7.52998947497246
GLW,212_bull_reversal,,LOW,28,19.04,109.64,50.0,144.79,82.14,309.54,64.29,-2.157731293599319,27.27274262636152,6.5999894749724675
GLW,212_bull_reversal,,MID,27,-17.02,157.99,37.04,1.43,55.56,487.62,55.56,-15.11773129359932,0.6927426263615217,-2.1300105250275365
GLW,22_bear_continuation,,HIGH,137,48.91,254.96,56.2,126.99,55.47,398.58,64.23,4.042268706400684,0.6027426263615183,6.539989474972465
GLW,22_bear_continuation,,LOW,70,25.52,122.88,51.43,52.42,67.14,55.56,55.71,-0.7277312935993194,12.27274262636152,-1.980010525027538
GLW,22_bear_continuation,,MID,106,5.84,173.72,46.23,57.63,53.85,59.94,46.08,-5.927731293599322,-1.0172573736384791,-11.61001052502754
GLW,22_bear_reversal,,HIGH,117,2.34,245.4,50.43,130.58,56.41,308.23,58.97,-1.7277312935993194,1.542742626361516,1.27998947497246
GLW,22_bear_reversal,,LOW,100,15.32,112.08,56.0,-0.33,52.0,-8.96,52.0,3.842268706400681,-2.8672573736384805,-5.690010525027539
GLW,22_bear_reversal,,MID,103,6.04,235.0,53.4,30.8,51.46,260.1,58.82,1.2422687064006794,-3.4072573736384797,1.1299894749724615
GLW,22_bull_continuation,,HIGH,116,31.03,252.29,51.72,79.0,56.03,317.8,61.21,-0.4377312935993203,1.1627426263615206,3.519989474972462
GLW,22_bull_continuation,,LOW,174,-8.01,145.24,48.85,-9.36,51.15,-51.88,52.87,-3.3077312935993177,-3.717257373638482,-4.820010525027541
GLW,22_bull_continuation,,MID,170,-15.65,186.29,47.06,91.37,60.95,374.25,64.07,-5.097731293599317,6.082742626361522,6.379989474972454
GLW,22_bull_reversal,,HIGH,113,7.55,274.59,53.98,10.92,48.67,262.1,50.44,1.8222687064006777,-6.197257373638479,-7.250010525027541
GLW,22_bull_reversal,,LOW,98,14.81,133.09,58.16,-26.81,51.02,-19.13,56.12,6.0022687064006774,-3.8472573736384774,-1.5700105250275413
GLW,22_bull_reversal,,MID,121,45.15,214.0,59.5,95.56,55.83,326.76,56.78,7.342268706400681,0.9627426263615178,-0.9100105250275377
GLW,322_bear_continuation,,HIGH,17,60.31,172.63,76.47,201.88,76.47,363.31,52.94,24.31226870640068,21.60274262636152,-4.750010525027541
GLW,322_bear_continuation,,MID,13,33.38,208.65,76.92,6.33,53.85,378.3,53.85,24.762268706400683,-1.0172573736384791,-3.8400105250275374
GLW,322_bull_continuation,,HIGH,17,34.87,188.14,58.82,57.59,52.94,428.71,70.59,6.662268706400681,-1.9272573736384828,12.899989474972465
GLW,322_bull_continuation,,LOW,18,-6.81,109.55,44.44,-75.48,38.89,-45.82,50.0,-7.717731293599321,-15.97725737363848,-7.690010525027539
GLW,clean_2d_bear,,HIGH,18,31.03,237.18,61.11,83.93,61.11,142.15,38.89,8.95226870640068,6.242742626361519,-18.800010525027538
GLW,clean_2d_bear,,LOW,15,30.41,71.86,73.33,244.76,73.33,197.79,66.67,21.17226870640068,18.462742626361518,8.979989474972463
GLW,clean_2d_bear,,MID,11,-37.98,123.32,36.36,-44.92,54.55,279.3,72.73,-15.79773129359932,-0.3172573736384834,15.039989474972465
GLW,clean_2u_bull,,HIGH,14,-42.03,210.01,50.0,91.35,57.14,359.86,64.29,-2.157731293599319,2.27274262636152,6.5999894749724675
GLW,clean_2u_bull,,LOW,17,16.96,319.05,41.18,45.88,47.06,-3.09,47.06,-10.97773129359932,-7.807257373638478,-10.630010525027537
GLW,clean_2u_bull,,MID,10,-1.39,177.8,50.0,-96.71,40.0,283.71,60.0,-2.157731293599319,-14.86725737363848,2.309989474972461
GLW,f2d_bull_reversal,,HIGH,12,-2.42,344.98,66.67,16.23,66.67,-234.05,50.0,14.512268706400683,11.802742626361521,-7.690010525027539
GLW,,,HIGH,167,-7.68,262.81,50.9,99.67,61.08,249.34,62.28,-1.2577312935993206,6.212742626361518,4.589989474972462
GLW,,,LOW,181,12.27,143.96,51.93,55.38,60.22,149.09,64.64,-0.22773129359931943,5.352742626361518,6.949989474972462
GLW,,,MID,154,-0.91,191.45,48.7,25.13,51.95,348.71,60.93,-3.4577312935993163,-2.9172573736384777,3.239989474972461
GOOG,132_bull_continuation,,MID,10,49.87,117.11,60.0,39.6,70.0,275.24,66.67,7.842268706400681,15.13274262636152,8.979989474972463
GOOG,212_bear_continuation,,HIGH,14,64.26,172.83,57.14,194.83,42.86,303.38,50.0,4.982268706400681,-12.007257373638481,-7.690010525027539
GOOG,212_bear_continuation,,LOW,10,-18.58,105.36,50.0,5.97,50.0,142.6,50.0,-2.157731293599319,-4.8672573736384805,-7.690010525027539
GOOG,212_bear_continuation,,MID,15,-4.33,221.8,66.67,28.52,53.33,121.98,53.33,14.512268706400683,-1.5372573736384822,-4.3600105250275405
GOOG,212_bear_reversal,,HIGH,21,4.67,244.44,47.62,51.11,57.14,106.97,71.43,-4.537731293599322,2.27274262636152,13.739989474972468
GOOG,212_bear_reversal,,LOW,23,3.0,118.55,43.48,-53.99,39.13,110.02,73.91,-8.677731293599322,-15.737257373638478,16.219989474972458
GOOG,212_bear_reversal,,MID,28,28.58,240.6,53.57,173.51,64.29,410.54,73.08,1.4122687064006811,9.422742626361526,15.38998947497246
GOOG,212_bull_continuation,,HIGH,17,17.93,206.27,52.94,-98.54,41.18,-503.77,41.18,0.7822687064006786,-13.68725737363848,-16.51001052502754
GOOG,212_bull_continuation,,LOW,35,-5.98,123.46,48.57,-91.53,42.86,59.22,57.14,-3.587731293599319,-12.007257373638481,-0.5500105250275382
GOOG,212_bull_continuation,,MID,17,1.19,147.84,47.06,50.99,52.94,234.18,58.82,-5.097731293599317,-1.9272573736384828,1.1299894749724615
GOOG,212_bull_reversal,,HIGH,18,22.58,78.87,61.11,118.16,72.22,479.9,66.67,8.95226870640068,17.35274262636152,8.979989474972463
GOOG,212_bull_reversal,,LOW,23,24.36,115.86,65.22,171.92,65.22,317.1,78.26,13.06226870640068,10.352742626361518,20.569989474972466
GOOG,212_bull_reversal,,MID,31,46.43,147.55,61.29,34.81,64.52,162.37,70.97,9.13226870640068,9.652742626361515,13.27998947497246
GOOG,22_bear_continuation,,HIGH,179,44.81,245.27,58.1,-51.41,60.34,-109.26,58.66,5.942268706400682,5.472742626361523,0.9699894749724578
GOOG,22_bear_continuation,,LOW,80,33.18,162.89,58.75,108.93,67.5,312.74,73.75,6.592268706400681,12.63274262636152,16.05998947497246
GOOG,22_bear_continuation,,MID,83,-0.94,154.47,49.4,76.63,67.9,241.46,66.25,-2.7577312935993206,13.032742626361525,8.559989474972461
GOOG,22_bear_reversal,,HIGH,125,-14.84,249.69,48.8,26.61,62.4,125.72,64.8,-3.357731293599322,7.532742626361518,7.109989474972458
GOOG,22_bear_reversal,,LOW,87,-10.65,134.43,44.83,44.03,50.57,234.53,70.11,-7.327731293599321,-4.29725737363848,12.41998947497246
GOOG,22_bear_reversal,,MID,104,16.51,193.7,52.88,17.78,52.43,176.73,60.78,0.7222687064006834,-2.437257373638481,3.0899894749724623
GOOG,22_bull_continuation,,HIGH,124,3.34,208.24,53.23,81.56,60.48,46.83,60.48,1.0722687064006777,5.612742626361516,2.789989474972458
GOOG,22_bull_continuation,,LOW,221,20.46,123.26,62.9,55.87,61.54,118.63,63.8,10.74226870640068,6.672742626361519,6.109989474972458
GOOG,22_bull_continuation,,MID,186,8.62,158.54,50.54,51.27,61.83,212.88,66.3,-1.61773129359932,6.962742626361518,8.609989474972458
GOOG,22_bull_reversal,,HIGH,121,-107.17,890.98,44.63,-17.53,53.72,72.15,61.16,-7.527731293599317,-1.1472573736384817,3.469989474972458
GOOG,22_bull_reversal,,LOW,92,19.46,122.01,54.35,67.72,60.87,202.8,71.74,2.1922687064006823,6.002742626361517,14.049989474972456
GOOG,22_bull_reversal,,MID,107,-9.98,213.31,57.94,23.96,51.89,379.55,68.57,5.782268706400679,-2.97725737363848,10.879989474972454
GOOG,312_bull_reversal,,HIGH,10,4.17,206.1,70.0,-149.56,50.0,346.69,50.0,17.84226870640068,-4.8672573736384805,-7.690010525027539
GOOG,312_bull_reversal,,MID,10,-0.08,176.55,50.0,-99.62,50.0,40.43,50.0,-2.157731293599319,-4.8672573736384805,-7.690010525027539
GOOG,322_bear_continuation,,HIGH,17,29.46,158.24,52.94,92.96,58.82,234.18,76.47,0.7822687064006786,3.9527426263615197,18.77998947497246
GOOG,322_bull_continuation,,HIGH,15,-5.14,264.56,46.67,-252.85,33.33,-993.61,26.67,-5.487731293599317,-21.537257373638482,-31.020010525027537
GOOG,322_bull_continuation,,LOW,11,-5.7,49.29,45.45,-68.04,45.45,124.45,72.73,-6.707731293599316,-9.417257373638478,15.039989474972465
GOOG,322_bull_continuation,,MID,13,-36.45,125.9,46.15,10.43,53.85,324.57,66.67,-6.007731293599321,-1.0172573736384791,8.979989474972463
GOOG,clean_2d_bear,,LOW,14,-21.34,106.73,42.86,20.02,50.0,213.49,71.43,-9.29773129359932,-4.8672573736384805,13.739989474972468
GOOG,clean_2u_bull,,LOW,13,-2.55,105.79,53.85,11.03,76.92,203.86,84.62,1.6922687064006823,22.05274262636152,26.929989474972466
GOOG,clean_2u_bull,,MID,14,12.56,118.24,50.0,-101.19,35.71,-44.52,42.86,-2.157731293599319,-19.15725737363848,-14.83001052502754
GOOG,f2d_bull_reversal,,LOW,11,23.06,88.41,72.73,148.77,81.82,21.66,54.55,20.572268706400685,26.952742626361513,-3.1400105250275416
GOOG,,,HIGH,136,51.26,232.45,65.44,36.66,57.35,33.41,59.56,13.282268706400679,2.482742626361521,1.8699894749724635
GOOG,,,LOW,162,9.55,129.21,54.32,28.93,54.94,145.99,65.43,2.162268706400681,0.07274262636151718,7.739989474972468
GOOG,,,MID,178,9.19,154.94,52.81,86.63,58.99,250.59,65.34,0.6522687064006831,4.1227426263615214,7.649989474972465
GOOGL,212_bear_continuation,,HIGH,11,96.97,191.61,63.64,315.32,54.55,461.0,63.64,11.482268706400681,-0.3172573736384834,5.949989474972462
GOOGL,212_bear_continuation,,LOW,11,0.77,108.88,54.55,117.48,81.82,194.76,54.55,2.392268706400678,26.952742626361513,-3.1400105250275416
GOOGL,212_bear_continuation,,MID,14,-30.19,215.12,57.14,-92.89,35.71,70.05,50.0,4.982268706400681,-19.15725737363848,-7.690010525027539
GOOGL,212_bear_reversal,,HIGH,23,24.08,259.12,52.17,38.55,60.87,128.38,69.57,0.01226870640068256,6.002742626361517,11.879989474972454
GOOGL,212_bear_reversal,,LOW,22,4.48,117.92,40.91,-66.7,40.91,133.9,77.27,-11.247731293599323,-13.957257373638484,19.579989474972457
GOOGL,212_bear_reversal,,MID,31,9.17,215.82,48.39,165.04,67.74,498.58,68.97,-3.7677312935993186,12.872742626361514,11.27998947497246
GOOGL,212_bull_continuation,,HIGH,14,-22.03,166.54,57.14,-163.57,28.57,-646.95,42.86,4.982268706400681,-26.29725737363848,-14.83001052502754
GOOGL,212_bull_continuation,,LOW,25,10.06,116.08,60.0,-34.08,56.0,94.21,60.0,7.842268706400681,1.1327426263615195,2.309989474972461
GOOGL,212_bull_continuation,,MID,17,2.96,145.65,47.06,46.17,52.94,102.18,58.82,-5.097731293599317,-1.9272573736384828,1.1299894749724615
GOOGL,212_bull_reversal,,HIGH,18,-6.02,127.84,61.11,133.87,66.67,427.05,66.67,8.95226870640068,11.802742626361521,8.979989474972463
GOOGL,212_bull_reversal,,LOW,16,-17.18,78.1,43.75,182.51,56.25,284.26,81.25,-8.40773129359932,1.3827426263615195,23.55998947497246
GOOGL,212_bull_reversal,,MID,30,57.28,176.05,66.67,60.91,70.0,173.72,63.33,14.512268706400683,15.13274262636152,5.6399894749724595
GOOGL,22_bear_continuation,,HIGH,180,43.54,238.88,57.78,-67.17,58.33,-69.09,57.78,5.622268706400682,3.4627426263615178,0.08998947497246235
GOOGL,22_bear_continuation,,LOW,81,35.93,153.39,58.02,108.88,69.14,329.66,75.31,5.862268706400684,14.27274262636152,17.619989474972463
GOOGL,22_bear_continuation,,MID,80,1.55,161.0,50.0,87.76,65.82,253.93,67.95,-2.157731293599319,10.952742626361513,10.259989474972464
GOOGL,22_bear_reversal,,HIGH,127,-7.93,249.29,52.76,19.99,60.63,105.2,63.78,0.6022687064006789,5.762742626361522,6.089989474972462
GOOGL,22_bear_reversal,,LOW,92,-5.47,127.63,47.83,53.8,54.35,241.08,68.48,-4.327731293599321,-0.5172573736384791,10.789989474972465
GOOGL,22_bear_reversal,,MID,104,20.96,196.17,55.77,21.74,50.49,192.0,59.8,3.612268706400684,-4.3772573736384786,2.1099894749724584
GOOGL,22_bull_continuation,,HIGH,121,8.95,206.12,52.89,78.55,60.33,76.58,58.68,0.7322687064006814,5.462742626361518,0.9899894749724609
GOOGL,22_bull_continuation,,LOW,229,25.75,128.73,62.01,61.47,62.01,139.08,63.76,9.852268706400679,7.1427426263615175,6.069989474972459
GOOGL,22_bull_continuation,,MID,177,4.98,160.43,48.59,48.45,58.19,223.96,64.94,-3.5677312935993157,3.322742626361517,7.249989474972459
GOOGL,22_bull_reversal,,HIGH,123,-111.26,883.05,41.46,-44.78,49.59,172.69,60.16,-10.697731293599318,-5.277257373638477,2.469989474972458
GOOGL,22_bull_reversal,,LOW,97,25.67,122.41,53.61,80.91,58.76,210.18,72.16,1.4522687064006803,3.8927426263615175,14.469989474972458
GOOGL,22_bull_reversal,,MID,108,-12.23,213.07,55.56,18.6,53.27,363.67,67.92,3.402268706400683,-1.5972573736384774,10.229989474972463
GOOGL,312_bull_reversal,,LOW,15,13.55,133.03,60.0,22.5,60.0,280.32,80.0,7.842268706400681,5.1327426263615195,22.30998947497246
GOOGL,312_bull_reversal,,MID,11,27.94,112.46,45.45,-75.64,54.55,62.27,54.55,-6.707731293599316,-0.3172573736384834,-3.1400105250275416
GOOGL,322_bear_continuation,,HIGH,18,38.01,164.92,55.56,155.61,55.56,342.31,77.78,3.402268706400683,0.6927426263615217,20.089989474972462
GOOGL,322_bull_continuation,,HIGH,14,0.65,272.29,42.86,-213.41,35.71,-1604.17,28.57,-9.29773129359932,-19.15725737363848,-29.12001052502754
GOOGL,322_bull_continuation,,LOW,10,-13.62,69.08,50.0,-168.34,20.0,13.99,60.0,-2.157731293599319,-34.86725737363848,2.309989474972461
GOOGL,322_bull_continuation,,MID,14,-31.27,118.31,50.0,-5.12,42.86,237.58,61.54,-2.157731293599319,-12.007257373638481,3.8499894749724604
GOOGL,32_bull_reversal,,MID,10,-30.29,173.75,40.0,22.09,40.0,162.98,44.44,-12.15773129359932,-14.86725737363848,-13.250010525027541
GOOGL,clean_2d_bear,,HIGH,10,-127.7,244.89,30.0,6.69,50.0,-69.29,40.0,-22.15773129359932,-4.8672573736384805,-17.69001052502754
GOOGL,clean_2d_bear,,LOW,15,-16.68,89.75,33.33,32.64,53.33,33.42,60.0,-18.82773129359932,-1.5372573736384822,2.309989474972461
GOOGL,clean_2u_bull,,HIGH,10,30.19,165.64,50.0,-72.51,40.0,-2184.83,20.0,-2.157731293599319,-14.86725737363848,-37.69001052502754
GOOGL,clean_2u_bull,,LOW,12,-19.92,107.97,50.0,-21.72,58.33,113.53,83.33,-2.157731293599319,3.4627426263615178,25.63998947497246
GOOGL,clean_2u_bull,,MID,12,15.41,129.23,41.67,-60.45,33.33,37.28,58.33,-10.487731293599317,-21.537257373638482,0.6399894749724595
GOOGL,f2d_bull_reversal,,HIGH,10,41.79,243.47,70.0,-6.41,40.0,275.94,60.0,17.84226870640068,-14.86725737363848,2.309989474972461
GOOGL,f2d_bull_reversal,,LOW,11,2.46,116.81,63.64,116.44,81.82,82.18,63.64,11.482268706400681,26.952742626361513,5.949989474972462
GOOGL,,,HIGH,134,47.19,238.43,61.94,64.8,62.69,-27.16,58.96,9.782268706400679,7.822742626361517,1.269989474972462
GOOGL,,,LOW,155,2.42,137.43,54.19,15.33,54.84,114.05,64.52,2.0322687064006786,-0.027257373638477134,6.829989474972457
GOOGL,,,MID,182,12.74,154.99,53.85,85.94,60.22,267.69,66.29,1.6922687064006823,5.352742626361518,8.599989474972467
HD,212_bear_continuation,,HIGH,13,-30.75,304.71,38.46,77.93,53.85,302.67,53.85,-13.697731293599318,-1.0172573736384791,-3.8400105250275374
HD,212_bear_continuation,,MID,11,26.01,76.5,72.73,-5.28,45.45,-12.47,45.45,20.572268706400685,-9.417257373638478,-12.240010525027536
HD,212_bear_reversal,,HIGH,13,-36.04,258.87,53.85,-167.15,38.46,-504.5,23.08,1.6922687064006823,-16.40725737363848,-34.61001052502754
HD,212_bear_reversal,,LOW,16,-22.08,102.98,50.0,-41.69,37.5,30.0,62.5,-2.157731293599319,-17.36725737363848,4.809989474972461
HD,212_bear_reversal,,MID,14,7.72,144.58,50.0,29.24,50.0,246.19,71.43,-2.157731293599319,-4.8672573736384805,13.739989474972468
HD,212_bull_continuation,,HIGH,19,27.05,239.0,63.16,13.64,52.63,303.23,63.16,11.002268706400677,-2.237257373638478,5.469989474972458
HD,212_bull_continuation,,LOW,27,6.74,109.4,55.56,96.52,66.67,66.37,55.56,3.402268706400683,11.802742626361521,-2.1300105250275365
HD,212_bull_continuation,,MID,14,13.91,73.59,64.29,40.08,64.29,22.85,42.86,12.132268706400687,9.422742626361526,-14.83001052502754
HD,212_bull_reversal,,HIGH,23,-17.63,179.11,56.52,57.62,65.22,107.6,56.52,4.362268706400684,10.352742626361518,-1.1700105250275357
HD,212_bull_reversal,,LOW,24,9.59,104.74,54.17,130.79,66.67,203.72,58.33,2.0122687064006826,11.802742626361521,0.6399894749724595
HD,212_bull_reversal,,MID,24,5.16,112.82,50.0,-39.63,45.83,-8.42,41.67,-2.157731293599319,-9.037257373638482,-16.020010525027537
HD,22_bear_continuation,,HIGH,136,18.01,213.74,55.15,10.73,57.35,168.38,57.35,2.9922687064006794,2.482742626361521,-0.34001052502753737
HD,22_bear_continuation,,LOW,95,9.85,98.13,55.79,6.23,54.74,92.89,58.95,3.63226870640068,-0.12725737363847855,1.259989474972464
HD,22_bear_continuation,,MID,115,-9.94,142.88,48.7,10.08,52.17,63.35,56.88,-3.4577312935993163,-2.697257373638479,-0.8100105250275362
HD,22_bear_reversal,,HIGH,115,21.23,255.2,53.91,17.63,51.3,152.25,61.74,1.7522687064006774,-3.5672573736384834,4.049989474972463
HD,22_bear_reversal,,LOW,97,0.66,92.87,46.39,-15.71,47.42,45.62,57.73,-5.767731293599319,-7.447257373638479,0.03998947497245808
HD,22_bear_reversal,,MID,107,-6.23,119.72,43.93,16.71,52.83,102.88,55.77,-8.22773129359932,-2.0372573736384822,-1.9200105250275357
HD,22_bull_continuation,,HIGH,137,7.37,187.17,51.82,34.31,56.2,176.37,54.74,-0.33773129359931886,1.3327426263615223,-2.950010525027537
HD,22_bull_continuation,,LOW,187,-0.87,101.88,50.8,22.37,54.55,58.99,58.82,-1.357731293599322,-0.3172573736384834,1.1299894749724615
HD,22_bull_continuation,,MID,172,7.78,126.23,55.81,1.05,50.58,29.09,52.35,3.652268706400683,-4.287257373638482,-5.340010525027537
HD,22_bull_reversal,,HIGH,102,-32.52,167.36,48.04,-5.63,51.96,133.88,54.9,-4.11773129359932,-2.9072573736384797,-2.79001052502754
HD,22_bull_reversal,,LOW,103,2.28,105.43,55.34,-27.68,46.6,79.96,63.11,3.1822687064006843,-8.26725737363848,5.419989474972461
HD,22_bull_reversal,,MID,109,4.42,114.09,47.71,-15.04,50.93,26.9,51.89,-4.447731293599318,-3.937257373638481,-5.800010525027538
HD,322_bear_continuation,,HIGH,21,24.71,202.29,57.14,108.19,66.67,-122.66,33.33,4.982268706400681,11.802742626361521,-24.36001052502754
HD,322_bear_continuation,,LOW,10,-3.18,59.21,60.0,7.88,50.0,-370.75,30.0,7.842268706400681,-4.8672573736384805,-27.69001052502754
HD,322_bull_continuation,,HIGH,11,26.4,131.08,45.45,88.18,63.64,41.06,63.64,-6.707731293599316,8.77274262636152,5.949989474972462
HD,322_bull_continuation,,LOW,19,34.35,104.44,78.95,48.2,57.89,260.02,73.68,26.792268706400684,3.02274262636152,15.989989474972468
HD,322_bull_continuation,,MID,17,67.35,184.82,64.71,214.45,88.24,487.58,82.35,12.552268706400675,33.372742626361514,24.659989474972456
HD,clean_2d_bear,,HIGH,27,83.13,183.08,74.07,173.96,74.07,219.04,55.56,21.912268706400674,19.202742626361513,-2.1300105250275365
HD,clean_2d_bear,,LOW,15,25.88,69.28,73.33,2.03,46.67,127.22,66.67,21.17226870640068,-8.197257373638479,8.979989474972463
HD,clean_2d_bear,,MID,17,18.53,124.14,52.94,24.6,47.06,32.45,47.06,0.7822687064006786,-7.807257373638478,-10.630010525027537
HD,clean_2u_bull,,HIGH,16,-11.8,134.95,37.5,-18.05,43.75,39.21,37.5,-14.65773129359932,-11.11725737363848,-20.19001052502754
HD,clean_2u_bull,,LOW,20,27.39,89.07,50.0,78.89,65.0,244.52,75.0,-2.157731293599319,10.13274262636152,17.30998947497246
HD,clean_2u_bull,,MID,15,19.47,99.76,53.33,68.42,73.33,23.87,53.33,1.1722687064006792,18.462742626361518,-4.3600105250275405
HD,f2d_bull_reversal,,MID,10,57.15,211.18,70.0,28.07,60.0,170.59,70.0,17.84226870640068,5.1327426263615195,12.309989474972461
HD,,,HIGH,171,-9.78,239.02,50.29,19.32,54.97,86.99,54.39,-1.86773129359932,0.10274262636151832,-3.300010525027538
HD,,,LOW,152,4.23,109.32,46.71,52.95,55.92,102.77,61.84,-5.447731293599318,1.0527426263615212,4.149989474972465
HD,,,MID,154,9.25,138.14,52.6,39.62,54.55,73.94,55.84,0.4422687064006823,-0.3172573736384834,-1.8500105250275354
HIMS,111_inside_compression,,LOW,12,21.94,45.48,41.67,34.8,58.33,90.31,83.33,-10.487731293599317,3.4627426263615178,25.63998947497246
HIMS,11_inside_compression,,HIGH,13,23.04,222.65,61.54,479.5,76.92,1113.53,76.92,9.38226870640068,22.05274262636152,19.229989474972463
HIMS,11_inside_compression,,LOW,11,-3.19,30.51,27.27,27.81,54.55,-17.09,63.64,-24.88773129359932,-0.3172573736384834,5.949989474972462
HIMS,11_inside_compression,,MID,10,-132.41,215.14,10.0,-224.51,30.0,6.25,44.44,-42.15773129359932,-24.86725737363848,-13.250010525027541
HIMS,132_bear_continuation,,HIGH,12,194.73,1333.59,41.67,89.82,33.33,759.24,66.67,-10.487731293599317,-21.537257373638482,8.979989474972463
HIMS,212_bear_continuation,,HIGH,17,200.81,855.89,41.18,118.41,35.29,1322.1,58.82,-10.97773129359932,-19.57725737363848,1.1299894749724615
HIMS,212_bear_continuation,,MID,12,-287.89,312.04,16.67,-364.03,16.67,-59.71,41.67,-35.48773129359932,-38.19725737363848,-16.020010525027537
HIMS,212_bear_reversal,,HIGH,26,1.2,378.98,65.38,236.26,53.85,1082.67,73.08,13.222268706400676,-1.0172573736384791,15.38998947497246
HIMS,212_bear_reversal,,LOW,14,9.95,273.54,50.0,501.69,64.29,563.9,57.14,-2.157731293599319,9.422742626361526,-0.5500105250275382
HIMS,212_bear_reversal,,MID,18,99.43,646.03,50.0,1.71,55.56,-199.97,38.89,-2.157731293599319,0.6927426263615217,-18.800010525027538
HIMS,212_bull_continuation,,HIGH,21,-27.16,392.23,52.38,-27.66,47.62,1405.55,61.9,0.2222687064006834,-7.247257373638483,4.20998947497246
HIMS,212_bull_reversal,,HIGH,22,74.41,436.3,63.64,377.72,54.55,1112.31,72.73,11.482268706400681,-0.3172573736384834,15.039989474972465
HIMS,212_bull_reversal,,LOW,16,-44.14,265.39,31.25,271.36,50.0,860.4,56.25,-20.90773129359932,-4.8672573736384805,-1.4400105250275388
HIMS,212_bull_reversal,,MID,18,37.05,784.74,38.89,-223.89,27.78,-1200.22,23.53,-13.267731293599319,-27.08725737363848,-34.16001052502754
HIMS,22_bear_continuation,,HIGH,112,54.01,464.34,49.11,241.63,58.93,1037.24,59.82,-3.0477312935993197,4.062742626361519,2.1299894749724615
HIMS,22_bear_continuation,,LOW,25,23.81,267.17,44.0,-4.04,36.0,319.9,48.0,-8.15773129359932,-18.86725737363848,-9.690010525027539
HIMS,22_bear_continuation,,MID,91,8.44,484.83,54.95,-52.59,37.78,-377.93,28.41,2.7922687064006837,-17.08725737363848,-29.28001052502754
HIMS,22_bear_reversal,,HIGH,92,-7.93,396.18,46.74,67.68,47.83,467.56,52.17,-5.417731293599317,-7.037257373638482,-5.520010525027537
HIMS,22_bear_reversal,,LOW,32,-3.0,408.28,40.63,246.9,65.63,678.88,56.25,-11.527731293599317,10.762742626361515,-1.4400105250275388
HIMS,22_bear_reversal,,MID,74,3.0,433.25,48.65,0.2,43.84,-97.18,37.5,-3.5077312935993206,-11.027257373638477,-20.19001052502754
HIMS,22_bull_continuation,,HIGH,98,16.38,645.6,42.86,197.85,56.12,631.01,56.12,-9.29773129359932,1.252742626361517,-1.5700105250275413
HIMS,22_bull_continuation,,LOW,45,159.08,691.3,55.56,281.45,57.78,1072.52,68.89,3.402268706400683,2.9127426263615206,11.199989474972462
HIMS,22_bull_continuation,,MID,87,-13.52,448.9,47.13,119.51,52.33,454.27,44.19,-5.027731293599317,-2.5372573736384822,-13.500010525027541
HIMS,22_bull_reversal,,HIGH,88,8.95,460.71,50.0,73.05,50.0,710.01,53.41,-2.157731293599319,-4.8672573736384805,-4.280010525027542
HIMS,22_bull_reversal,,LOW,25,8.63,360.02,40.0,316.22,64.0,683.4,52.0,-12.15773129359932,9.13274262636152,-5.690010525027539
HIMS,22_bull_reversal,,MID,76,35.14,473.53,48.68,-47.51,46.67,-47.34,36.0,-3.4777312935993194,-8.197257373638479,-21.69001052502754
HIMS,322_bear_continuation,,HIGH,13,186.39,479.88,69.23,532.2,69.23,1494.24,61.54,17.072268706400685,14.362742626361523,3.8499894749724604
HIMS,322_bull_continuation,,HIGH,12,48.58,252.29,41.67,123.55,66.67,103.27,50.0,-10.487731293599317,11.802742626361521,-7.690010525027539
HIMS,322_bull_continuation,,MID,11,-281.96,527.46,36.36,-584.82,27.27,-625.58,20.0,-15.79773129359932,-27.59725737363848,-37.69001052502754
HIMS,clean_2d_bear,,MID,17,108.93,388.32,41.18,-49.78,35.29,-259.6,23.53,-10.97773129359932,-19.57725737363848,-34.16001052502754
HIMS,clean_2u_bull,,HIGH,11,197.65,402.98,63.64,485.58,81.82,417.84,72.73,11.482268706400681,26.952742626361513,15.039989474972465
HIMS,clean_2u_bull,,MID,10,-170.34,420.09,40.0,-103.63,50.0,-64.47,60.0,-12.15773129359932,-4.8672573736384805,2.309989474972461
HIMS,,,HIGH,163,20.61,443.69,49.69,210.63,59.51,888.75,66.26,-2.4677312935993214,4.6427426263615175,8.569989474972466
HIMS,,,LOW,68,38.24,340.91,41.18,96.15,51.47,80.82,41.18,-10.97773129359932,-3.3972573736384817,-16.51001052502754
HIMS,,,MID,131,-40.21,520.14,41.22,-137.14,38.17,-182.52,40.16,-10.93773129359932,-16.69725737363848,-17.530010525027542
HOOD,212_bear_reversal,,MID,20,19.14,458.63,50.0,159.21,50.0,-110.88,42.11,-2.157731293599319,-4.8672573736384805,-15.58001052502754
HOOD,212_bull_reversal,,HIGH,10,-217.68,631.23,30.0,-529.93,30.0,158.81,50.0,-22.15773129359932,-24.86725737363848,-7.690010525027539
HOOD,212_bull_reversal,,MID,10,-14.7,497.5,50.0,-273.09,44.44,339.16,44.44,-2.157731293599319,-10.427257373638483,-13.250010525027541
HOOD,22_bear_continuation,,HIGH,83,87.95,482.37,55.42,13.98,51.81,176.72,45.78,3.2622687064006826,-3.0572573736384783,-11.910010525027538
HOOD,22_bear_continuation,,LOW,15,131.75,396.66,73.33,125.55,53.33,629.91,53.33,21.17226870640068,-1.5372573736384822,-4.3600105250275405
HOOD,22_bear_continuation,,MID,86,-31.11,406.29,46.51,-99.45,40.7,-212.28,41.18,-5.647731293599321,-14.167257373638478,-16.51001052502754
HOOD,22_bear_reversal,,HIGH,54,65.58,387.61,57.41,235.56,59.26,272.17,53.7,5.2522687064006774,4.3927426263615175,-3.990010525027536
HOOD,22_bear_reversal,,LOW,34,23.18,285.05,55.88,275.75,55.88,947.03,55.88,3.7222687064006834,1.012742626361522,-1.8100105250275362
HOOD,22_bear_reversal,,MID,57,-57.25,433.81,42.11,-21.88,50.88,-116.63,42.86,-10.04773129359932,-3.987257373638478,-14.83001052502754
HOOD,22_bull_continuation,,HIGH,62,82.68,482.77,53.23,126.71,51.61,775.03,61.29,1.0722687064006777,-3.257257373638481,3.5999894749724604
HOOD,22_bull_continuation,,LOW,48,67.72,323.55,56.25,430.96,68.75,1324.89,75.0,4.092268706400681,13.88274262636152,17.30998947497246
HOOD,22_bull_continuation,,MID,101,-10.71,658.83,46.53,49.24,62.38,393.17,59.18,-5.627731293599318,7.512742626361522,1.489989474972461
HOOD,22_bull_reversal,,HIGH,59,63.72,637.73,52.54,302.58,55.93,201.71,52.54,0.38226870640068,1.0627426263615192,-5.15001052502754
HOOD,22_bull_reversal,,LOW,32,22.4,354.52,50.0,249.63,75.0,873.34,59.38,-2.157731293599319,20.13274262636152,1.6899894749724638
HOOD,22_bull_reversal,,MID,73,66.25,359.63,58.9,-0.17,53.42,-34.39,39.44,6.742268706400679,-1.4472573736384788,-18.25001052502754
HOOD,322_bear_continuation,,HIGH,16,-17.7,573.83,43.75,675.13,56.25,819.62,56.25,-8.40773129359932,1.3827426263615195,-1.4400105250275388
HOOD,322_bull_continuation,,MID,14,-203.61,393.1,21.43,-349.75,28.57,-223.11,57.14,-30.72773129359932,-26.29725737363848,-0.5500105250275382
HOOD,clean_2d_bear,,HIGH,13,50.82,625.09,53.85,346.53,53.85,116.05,53.85,1.6922687064006823,-1.0172573736384791,-3.8400105250275374
HOOD,clean_2u_bull,,MID,10,125.81,373.48,60.0,-435.73,40.0,-315.14,50.0,7.842268706400681,-14.86725737363848,-7.690010525027539
HOOD,,,HIGH,99,-38.5,443.85,42.42,6.25,50.51,73.54,45.45,-9.737731293599317,-4.3572573736384825,-12.240010525027536
HOOD,,,LOW,43,80.69,316.14,62.79,81.67,48.84,559.15,44.19,10.63226870640068,-6.027257373638477,-13.500010525027541
HOOD,,,MID,86,28.44,441.21,52.33,-50.15,45.88,53.61,48.15,0.17226870640067915,-8.987257373638478,-9.54001052502754
INTU,132_bull_continuation,,LOW,10,21.21,99.6,60.0,107.31,70.0,406.14,80.0,7.842268706400681,15.13274262636152,22.30998947497246
INTU,212_bear_continuation,,HIGH,16,29.09,382.06,37.5,213.09,68.75,531.37,68.75,-14.65773129359932,13.88274262636152,11.059989474972461
INTU,212_bear_continuation,,MID,12,-114.45,322.86,33.33,-153.43,58.33,-147.64,58.33,-18.82773129359932,3.4627426263615178,0.6399894749724595
INTU,212_bear_reversal,,HIGH,21,-27.43,223.4,47.62,161.38,66.67,357.36,66.67,-4.537731293599322,11.802742626361521,8.979989474972463
INTU,212_bear_reversal,,LOW,23,57.64,252.71,56.52,61.03,47.83,77.08,47.83,4.362268706400684,-7.037257373638482,-9.86001052502754
INTU,212_bear_reversal,,MID,24,8.56,289.32,45.83,-19.77,58.33,341.04,69.57,-6.327731293599321,3.4627426263615178,11.879989474972454
INTU,212_bull_continuation,,HIGH,11,5.63,164.32,45.45,110.85,54.55,330.36,54.55,-6.707731293599316,-0.3172573736384834,-3.1400105250275416
INTU,212_bull_continuation,,LOW,20,8.46,114.58,50.0,-81.5,50.0,59.72,60.0,-2.157731293599319,-4.8672573736384805,2.309989474972461
INTU,212_bull_continuation,,MID,16,-14.81,123.41,50.0,-45.32,43.75,-73.92,37.5,-2.157731293599319,-11.11725737363848,-20.19001052502754
INTU,212_bull_reversal,,HIGH,22,2.32,236.79,50.0,131.51,59.09,455.57,77.27,-2.157731293599319,4.222742626361523,19.579989474972457
INTU,212_bull_reversal,,LOW,25,-5.14,97.65,52.0,82.55,68.0,181.89,64.0,-0.15773129359931914,13.13274262636152,6.309989474972461
INTU,212_bull_reversal,,MID,22,44.48,149.13,63.64,135.38,59.09,224.33,54.55,11.482268706400681,4.222742626361523,-3.1400105250275416
INTU,22_bear_continuation,,HIGH,146,53.38,322.79,60.27,126.09,58.22,218.81,56.85,8.112268706400684,3.3527426263615183,-0.8400105250275374
INTU,22_bear_continuation,,LOW,81,-10.41,105.01,49.38,15.17,51.85,197.87,66.67,-2.7777312935993166,-3.017257373638479,8.979989474972463
INTU,22_bear_continuation,,MID,98,0.24,205.52,53.06,54.41,57.14,8.96,63.54,0.9022687064006831,2.27274262636152,5.84998947497246
INTU,22_bear_reversal,,HIGH,125,53.22,268.94,62.4,113.91,64.0,184.67,59.2,10.24226870640068,9.13274262636152,1.509989474972464
INTU,22_bear_reversal,,LOW,87,-2.94,124.7,56.32,10.07,57.47,150.54,60.92,4.162268706400681,2.6027426263615183,3.229989474972463
INTU,22_bear_reversal,,MID,101,1.41,187.17,52.48,26.43,54.46,160.06,54.64,0.32226870640067773,-0.4072573736384797,-3.050010525027538
INTU,22_bull_continuation,,HIGH,140,-1.36,238.14,47.14,-21.01,53.57,191.95,62.14,-5.017731293599319,-1.2972573736384803,4.449989474972462
INTU,22_bull_continuation,,LOW,182,0.23,122.65,51.65,-6.3,54.95,40.87,58.79,-0.5077312935993206,0.0827426263615223,1.0999894749724604
INTU,22_bull_continuation,,MID,178,-4.4,179.19,51.12,-27.61,50.56,-17.06,54.29,-1.0377312935993217,-4.307257373638478,-3.4000105250275396
INTU,22_bull_reversal,,HIGH,120,0.84,245.77,52.5,25.15,54.17,160.48,65.0,0.34226870640068086,-0.6972573736384788,7.309989474972461
INTU,22_bull_reversal,,LOW,85,13.82,144.78,56.47,27.7,58.82,91.86,52.94,4.31226870640068,3.9527426263615197,-4.750010525027541
INTU,22_bull_reversal,,MID,119,6.18,168.69,52.94,31.7,52.1,182.93,63.48,0.7822687064006786,-2.767257373638479,5.789989474972458
INTU,312_bull_reversal,,LOW,10,53.55,74.59,80.0,107.22,70.0,176.09,80.0,27.84226870640068,15.13274262636152,22.30998947497246
INTU,312_bull_reversal,,MID,13,-66.83,137.85,46.15,11.72,46.15,399.95,69.23,-6.007731293599321,-8.717257373638482,11.539989474972465
INTU,322_bear_continuation,,HIGH,21,-68.06,270.89,47.62,57.58,57.14,491.72,71.43,-4.537731293599322,2.27274262636152,13.739989474972468
INTU,322_bear_continuation,,LOW,10,42.72,163.16,50.0,-17.68,40.0,238.13,70.0,-2.157731293599319,-14.86725737363848,12.309989474972461
INTU,322_bear_continuation,,MID,10,-83.53,246.66,50.0,-130.58,50.0,-509.69,30.0,-2.157731293599319,-4.8672573736384805,-27.69001052502754
INTU,322_bull_continuation,,HIGH,11,21.52,205.23,63.64,-81.76,45.45,90.41,54.55,11.482268706400681,-9.417257373638478,-3.1400105250275416
INTU,322_bull_continuation,,LOW,24,37.9,103.82,66.67,85.53,66.67,69.6,54.17,14.512268706400683,11.802742626361521,-3.520010525027537
INTU,322_bull_continuation,,MID,20,56.09,170.63,65.0,179.49,80.0,-36.2,45.0,12.84226870640068,25.13274262636152,-12.690010525027539
INTU,32_bull_reversal,,LOW,10,-31.43,87.13,30.0,24.87,30.0,2.68,40.0,-22.15773129359932,-24.86725737363848,-17.69001052502754
INTU,clean_2d_bear,,HIGH,14,70.86,211.4,50.0,206.77,71.43,302.98,64.29,-2.157731293599319,16.562742626361526,6.5999894749724675
INTU,clean_2d_bear,,MID,13,17.89,243.69,46.15,130.98,69.23,250.69,69.23,-6.007731293599321,14.362742626361523,11.539989474972465
INTU,clean_2u_bull,,HIGH,10,18.97,241.1,50.0,11.1,40.0,44.36,70.0,-2.157731293599319,-14.86725737363848,12.309989474972461
INTU,clean_2u_bull,,LOW,19,25.11,85.52,63.16,125.63,57.89,105.41,57.89,11.002268706400677,3.02274262636152,0.19998947497246178
INTU,f2u_bear_reversal,,MID,11,100.72,163.32,81.82,384.55,100.0,286.41,72.73,29.662268706400674,45.13274262636152,15.039989474972465
INTU,,,HIGH,148,13.93,303.4,50.68,32.29,55.41,217.68,60.81,-1.4777312935993194,0.542742626361516,3.1199894749724635
INTU,,,LOW,177,8.25,133.15,58.19,49.25,62.15,168.36,62.15,6.032268706400679,7.282742626361518,4.45998947497246
INTU,,,MID,149,-33.52,185.14,41.61,26.14,57.72,65.69,52.7,-10.54773129359932,2.8527426263615183,-4.990010525027536
IONQ,212_bear_continuation,,HIGH,15,126.36,547.4,46.67,219.85,53.33,2086.82,53.33,-5.487731293599317,-1.5372573736384822,-4.3600105250275405
IONQ,212_bear_continuation,,MID,10,-152.68,586.62,50.0,610.21,30.0,1777.12,50.0,-2.157731293599319,-24.86725737363848,-7.690010525027539
IONQ,212_bear_reversal,,HIGH,14,-204.52,308.5,14.29,-386.27,35.71,-54.43,50.0,-37.86773129359932,-19.15725737363848,-7.690010525027539
IONQ,212_bull_continuation,,MID,15,-240.76,479.02,33.33,-379.8,40.0,164.14,42.86,-18.82773129359932,-14.86725737363848,-14.83001052502754
IONQ,212_bull_reversal,,HIGH,13,-142.97,482.66,53.85,90.27,53.85,558.77,53.85,1.6922687064006823,-1.0172573736384791,-3.8400105250275374
IONQ,212_bull_reversal,,MID,14,230.32,683.26,64.29,314.61,57.14,1436.53,57.14,12.132268706400687,2.27274262636152,-0.5500105250275382
IONQ,22_bear_continuation,,HIGH,114,12.98,643.88,51.75,-18.67,43.86,535.4,51.75,-0.40773129359931914,-11.007257373638481,-5.940010525027539
IONQ,22_bear_continuation,,LOW,37,-42.26,460.61,40.54,186.9,62.16,-16.53,40.54,-11.61773129359932,7.292742626361516,-17.15001052502754
IONQ,22_bear_continuation,,MID,91,3.63,593.96,38.46,-27.94,47.19,329.53,38.37,-13.697731293599318,-7.677257373638483,-19.32001052502754
IONQ,22_bear_reversal,,HIGH,66,64.86,581.87,48.48,407.29,56.06,572.94,45.45,-3.6777312935993223,1.1927426263615217,-12.240010525027536
IONQ,22_bear_reversal,,LOW,34,133.43,445.53,58.82,128.08,64.71,-29.78,32.35,6.662268706400681,9.842742626361513,-25.340010525027537
IONQ,22_bear_reversal,,MID,75,98.16,530.91,58.67,417.14,50.0,696.11,45.07,6.512268706400683,-4.8672573736384805,-12.620010525027539
IONQ,22_bull_continuation,,HIGH,69,-32.31,568.03,46.38,205.52,50.72,1334.29,53.62,-5.777731293599317,-4.147257373638482,-4.070010525027541
IONQ,22_bull_continuation,,LOW,46,58.18,662.2,43.48,81.59,45.65,484.59,43.48,-8.677731293599322,-9.217257373638482,-14.210010525027542
IONQ,22_bull_continuation,,MID,124,59.96,818.28,54.03,348.07,54.03,1585.18,52.89,1.872268706400682,-0.8372573736384794,-4.800010525027538
IONQ,22_bull_reversal,,HIGH,65,2.46,657.41,47.69,254.84,60.0,760.4,53.85,-4.467731293599321,5.1327426263615195,-3.8400105250275374
IONQ,22_bull_reversal,,LOW,31,-83.21,416.98,38.71,218.45,54.84,71.48,38.71,-13.447731293599318,-0.027257373638477134,-18.980010525027538
IONQ,22_bull_reversal,,MID,73,55.86,502.46,49.32,391.96,50.0,618.62,48.53,-2.837731293599319,-4.8672573736384805,-9.160010525027538
IONQ,312_bull_reversal,,MID,10,277.21,702.01,50.0,-369.13,40.0,186.94,30.0,-2.157731293599319,-14.86725737363848,-27.69001052502754
IONQ,322_bear_continuation,,HIGH,13,-92.47,286.34,38.46,-243.65,38.46,539.95,53.85,-13.697731293599318,-16.40725737363848,-3.8400105250275374
IONQ,clean_2d_bear,,HIGH,15,75.99,651.43,53.33,209.58,60.0,658.24,66.67,1.1722687064006792,5.1327426263615195,8.979989474972463
IONQ,,,HIGH,98,-12.0,649.95,48.98,113.96,51.02,760.81,52.04,-3.1777312935993223,-3.8472573736384774,-5.65001052502754
IONQ,,,LOW,29,163.43,500.69,55.17,-148.41,34.48,-566.68,20.69,3.0122687064006826,-20.387257373638484,-37.000010525027534
IONQ,,,MID,106,80.56,682.11,46.23,48.52,48.11,634.23,46.67,-5.927731293599322,-6.757257373638481,-11.020010525027537
IREN,212_bull_reversal,,HIGH,16,-343.17,683.33,37.5,-77.27,43.75,133.94,37.5,-14.65773129359932,-11.11725737363848,-20.19001052502754
IREN,212_bull_reversal,,MID,12,96.72,572.15,58.33,-4.83,33.33,39.19,36.36,6.172268706400679,-21.537257373638482,-21.33001052502754
IREN,22_bear_continuation,,HIGH,106,70.2,672.62,52.83,37.03,43.4,-526.86,35.85,0.6722687064006792,-11.467257373638482,-21.840010525027537
IREN,22_bear_continuation,,LOW,17,20.6,500.25,41.18,673.18,52.94,1085.1,35.29,-10.97773129359932,-1.9272573736384828,-22.40001052502754
IREN,22_bear_continuation,,MID,70,-116.13,593.17,37.14,87.19,45.59,1264.13,54.55,-15.017731293599319,-9.277257373638477,-3.1400105250275416
IREN,22_bear_reversal,,HIGH,57,52.91,781.56,52.63,295.63,50.88,436.41,49.12,0.4722687064006834,-3.987257373638478,-8.570010525027541
IREN,22_bear_reversal,,LOW,31,279.54,926.97,61.29,996.57,54.84,765.74,41.94,9.13226870640068,-0.027257373638477134,-15.750010525027541
IREN,22_bear_reversal,,MID,55,-91.82,719.57,45.45,-131.94,42.59,780.93,53.85,-6.707731293599316,-12.277257373638477,-3.8400105250275374
IREN,22_bull_continuation,,HIGH,53,-95.82,825.86,37.74,-14.93,41.51,471.13,50.94,-14.417731293599317,-13.357257373638483,-6.750010525027541
IREN,22_bull_continuation,,LOW,43,162.59,876.46,55.81,787.0,55.81,3237.9,62.79,3.652268706400683,0.9427426263615217,5.09998947497246
IREN,22_bull_continuation,,MID,94,122.38,908.55,47.87,82.38,52.13,1601.96,64.77,-4.287731293599322,-2.737257373638478,7.079989474972457
IREN,22_bull_reversal,,HIGH,47,-137.32,1041.09,44.68,309.16,44.68,-110.5,44.68,-7.477731293599319,-10.18725737363848,-13.010010525027539
IREN,22_bull_reversal,,LOW,31,220.14,900.53,48.39,818.13,54.84,2289.22,45.16,-3.7677312935993186,-0.027257373638477134,-12.530010525027542
IREN,22_bull_reversal,,MID,51,-11.7,661.09,47.06,34.67,50.0,1487.02,69.39,-5.097731293599317,-4.8672573736384805,11.699989474972462
IREN,322_bear_continuation,,MID,12,-81.86,545.48,33.33,374.21,58.33,602.07,41.67,-18.82773129359932,3.4627426263615178,-16.020010525027537
IREN,322_bull_continuation,,MID,11,-1.64,625.65,45.45,731.06,72.73,811.34,54.55,-6.707731293599316,17.862742626361523,-3.1400105250275416
IREN,clean_2d_bear,,MID,11,-48.33,645.7,36.36,203.24,45.45,402.72,36.36,-15.79773129359932,-9.417257373638478,-21.33001052502754
IREN,,,HIGH,86,70.92,613.9,51.16,-58.97,47.67,624.2,48.84,-0.9977312935993226,-7.197257373638479,-8.850010525027535
IREN,,,LOW,47,27.06,904.88,38.3,477.4,46.81,1548.11,48.94,-13.857731293599322,-8.057257373638478,-8.750010525027541
IREN,,,MID,83,174.81,690.77,53.01,182.69,54.22,563.61,51.85,0.8522687064006789,-0.6472573736384817,-5.840010525027537
IWM,212_bear_continuation,,HIGH,13,-16.59,139.27,53.85,137.18,61.54,167.01,61.54,1.6922687064006823,6.672742626361519,3.8499894749724604
IWM,212_bear_continuation,,MID,11,28.37,94.54,72.73,-17.13,45.45,59.71,72.73,20.572268706400685,-9.417257373638478,15.039989474972465
IWM,212_bear_reversal,,HIGH,15,1.12,100.48,60.0,-77.47,46.67,-15.29,53.33,7.842268706400681,-8.197257373638479,-4.3600105250275405
IWM,212_bear_reversal,,LOW,13,61.4,103.74,84.62,4.8,46.15,-60.39,53.85,32.462268706400685,-8.717257373638482,-3.8400105250275374
IWM,212_bear_reversal,,MID,13,62.76,86.49,69.23,146.72,76.92,139.93,84.62,17.072268706400685,22.05274262636152,26.929989474972466
IWM,212_bull_continuation,,HIGH,13,53.18,161.11,53.85,4.02,61.54,143.77,76.92,1.6922687064006823,6.672742626361519,19.229989474972463
IWM,212_bull_continuation,,LOW,18,19.89,66.39,55.56,32.24,66.67,114.26,61.11,3.402268706400683,11.802742626361521,3.4199894749724606
IWM,212_bull_continuation,,MID,12,-76.92,127.22,25.0,-70.44,50.0,-50.27,41.67,-27.15773129359932,-4.8672573736384805,-16.020010525027537
IWM,212_bull_reversal,,HIGH,20,20.07,122.69,45.0,131.25,65.0,386.33,80.0,-7.157731293599319,10.13274262636152,22.30998947497246
IWM,212_bull_reversal,,LOW,27,5.81,103.21,51.85,23.07,55.56,-40.69,44.44,-0.3077312935993177,0.6927426263615217,-13.250010525027541
IWM,212_bull_reversal,,MID,27,7.28,118.27,55.56,41.89,51.85,58.42,48.15,3.402268706400683,-3.017257373638479,-9.54001052502754
IWM,22_bear_continuation,,HIGH,155,0.96,222.77,55.48,38.2,58.06,78.28,63.23,3.3222687064006777,3.1927426263615217,5.539989474972458
IWM,22_bear_continuation,,LOW,95,-3.89,87.58,45.26,15.14,51.58,11.77,53.68,-6.897731293599321,-3.2872573736384822,-4.010010525027539
IWM,22_bear_continuation,,MID,116,-8.63,121.26,50.86,-15.05,49.14,40.34,62.07,-1.2977312935993197,-5.72725737363848,4.3799894749724615
IWM,22_bear_reversal,,HIGH,128,30.59,167.78,62.5,73.27,64.06,292.29,67.19,10.34226870640068,9.192742626361522,9.499989474972459
IWM,22_bear_reversal,,LOW,121,2.8,80.46,52.89,15.01,53.72,18.95,56.2,0.7322687064006814,-1.1472573736384817,-1.490010525027536
IWM,22_bear_reversal,,MID,109,-11.97,116.38,45.87,-9.87,51.38,-21.84,57.8,-6.287731293599322,-3.487257373638478,0.10998947497245837
IWM,22_bull_continuation,,HIGH,128,16.25,190.26,51.56,-1.18,55.47,230.15,66.41,-0.5977312935993169,0.6027426263615183,8.719989474972458
IWM,22_bull_continuation,,LOW,192,0.5,85.98,51.56,19.06,50.52,60.67,58.33,-0.5977312935993169,-4.347257373638477,0.6399894749724595
IWM,22_bull_continuation,,MID,169,-3.52,120.23,50.89,23.2,56.21,-53.63,54.44,-1.2677312935993186,1.3427426263615203,-3.250010525027541
IWM,22_bull_reversal,,HIGH,116,2.71,185.94,55.17,71.62,57.76,212.37,62.07,3.0122687064006826,2.8927426263615175,4.3799894749724615
IWM,22_bull_reversal,,LOW,111,-0.3,91.34,53.15,-1.28,52.25,-10.1,51.35,0.9922687064006794,-2.6172573736384805,-6.340010525027537
IWM,22_bull_reversal,,MID,116,3.66,132.39,49.14,-5.39,52.59,42.35,62.07,-3.0177312935993186,-2.277257373638477,4.3799894749724615
IWM,312_bull_reversal,,LOW,13,40.93,69.19,69.23,-12.76,53.85,122.72,76.92,17.072268706400685,-1.0172573736384791,19.229989474972463
IWM,322_bear_continuation,,HIGH,14,7.33,292.45,64.29,-51.67,57.14,201.58,64.29,12.132268706400687,2.27274262636152,6.5999894749724675
IWM,322_bear_continuation,,MID,15,-54.82,164.43,46.67,-53.6,46.67,46.87,46.67,-5.487731293599317,-8.197257373638479,-11.020010525027537
IWM,322_bull_continuation,,HIGH,11,17.81,180.93,45.45,154.59,63.64,505.89,81.82,-6.707731293599316,8.77274262636152,24.129989474972454
IWM,322_bull_continuation,,LOW,11,3.2,82.95,63.64,-79.55,36.36,-179.27,36.36,11.482268706400681,-18.50725737363848,-21.33001052502754
IWM,322_bull_continuation,,MID,18,-21.85,114.14,38.89,-69.95,44.44,36.86,61.11,-13.267731293599319,-10.427257373638483,3.4199894749724606
IWM,32_bear_reversal,,HIGH,12,136.52,287.97,75.0,173.84,58.33,708.81,66.67,22.84226870640068,3.4627426263615178,8.979989474972463
IWM,clean_2d_bear,,HIGH,16,102.28,194.5,68.75,167.02,68.75,226.23,62.5,16.59226870640068,13.88274262636152,4.809989474972461
IWM,clean_2d_bear,,MID,21,-8.77,66.85,47.62,-25.35,52.38,67.45,52.38,-4.537731293599322,-2.487257373638478,-5.310010525027536
IWM,clean_2u_bull,,HIGH,11,-9.84,153.1,54.55,31.02,63.64,259.3,63.64,2.392268706400678,8.77274262636152,5.949989474972462
IWM,clean_2u_bull,,LOW,11,-28.15,71.62,36.36,-112.97,36.36,90.91,54.55,-15.79773129359932,-18.50725737363848,-3.1400105250275416
IWM,clean_2u_bull,,MID,12,25.99,120.8,66.67,22.8,41.67,56.05,58.33,14.512268706400683,-13.197257373638479,0.6399894749724595
IWM,f2d_bull_reversal,,HIGH,10,73.88,102.9,80.0,-37.33,40.0,-28.87,40.0,27.84226870640068,-14.86725737363848,-17.69001052502754
IWM,f2u_bear_reversal,,HIGH,11,29.83,136.22,63.64,193.89,63.64,798.48,100.0,11.482268706400681,8.77274262636152,42.30998947497246
IWM,,,HIGH,150,2.64,218.09,50.67,113.61,62.67,294.96,69.33,-1.4877312935993174,7.802742626361521,11.63998947497246
IWM,,,LOW,146,4.65,88.9,55.48,9.12,55.48,11.84,54.79,3.3222687064006777,0.6127426263615163,-2.9000105250275396
IWM,,,MID,137,-9.96,129.84,50.36,-24.45,44.53,47.17,59.12,-1.7977312935993197,-10.33725737363848,1.4299894749724587
JNJ,132_bull_continuation,,MID,14,-8.83,97.5,50.0,-17.1,50.0,-49.04,42.86,-2.157731293599319,-4.8672573736384805,-14.83001052502754
JNJ,212_bear_continuation,,HIGH,17,31.88,159.97,52.94,76.99,64.71,142.25,58.82,0.7822687064006786,9.842742626361513,1.1299894749724615
JNJ,212_bear_continuation,,LOW,11,30.76,68.53,63.64,45.27,54.55,12.19,45.45,11.482268706400681,-0.3172573736384834,-12.240010525027536
JNJ,212_bear_continuation,,MID,14,9.99,75.88,50.0,143.92,64.29,96.84,50.0,-2.157731293599319,9.422742626361526,-7.690010525027539
JNJ,212_bear_reversal,,HIGH,25,-59.93,160.31,48.0,-54.6,32.0,208.96,60.0,-4.157731293599319,-22.86725737363848,2.309989474972461
JNJ,212_bear_reversal,,LOW,32,12.76,89.64,59.38,15.48,46.88,7.99,53.13,7.222268706400683,-7.987257373638478,-4.560010525027536
JNJ,212_bear_reversal,,MID,24,13.48,120.83,54.17,53.75,58.33,188.87,70.83,2.0122687064006826,3.4627426263615178,13.13998947497246
JNJ,212_bull_continuation,,HIGH,20,3.08,102.02,45.0,50.95,55.0,28.45,60.0,-7.157731293599319,0.13274262636151946,2.309989474972461
JNJ,212_bull_continuation,,LOW,22,3.41,61.53,54.55,52.31,72.73,1.71,63.64,2.392268706400678,17.862742626361523,5.949989474972462
JNJ,212_bull_continuation,,MID,21,-13.65,118.76,47.62,23.04,52.38,253.13,76.19,-4.537731293599322,-2.487257373638478,18.49998947497246
JNJ,212_bull_reversal,,HIGH,21,-21.4,167.29,52.38,35.61,71.43,60.59,47.62,0.2222687064006834,16.562742626361526,-10.070010525027541
JNJ,212_bull_reversal,,LOW,20,24.1,94.63,70.0,63.32,70.0,184.96,70.0,17.84226870640068,15.13274262636152,12.309989474972461
JNJ,212_bull_reversal,,MID,26,30.54,118.14,69.23,37.0,46.15,119.5,65.38,17.072268706400685,-8.717257373638482,7.689989474972457
JNJ,22_bear_continuation,,HIGH,114,17.07,146.73,54.39,37.16,57.02,62.34,51.75,2.2322687064006814,2.1527426263615226,-5.940010525027539
JNJ,22_bear_continuation,,LOW,131,-6.18,93.87,51.15,-25.64,44.27,75.69,58.02,-1.0077312935993206,-10.597257373638477,0.32998947497246434
JNJ,22_bear_continuation,,MID,120,8.01,99.27,50.83,10.08,49.17,78.0,52.99,-1.3277312935993208,-5.697257373638479,-4.700010525027537
JNJ,22_bear_reversal,,HIGH,123,26.17,132.76,54.47,5.05,54.47,-10.39,49.59,2.3122687064006797,-0.3972573736384817,-8.100010525027535
JNJ,22_bear_reversal,,LOW,98,4.65,98.63,47.96,-6.44,48.98,70.77,59.18,-4.197731293599318,-5.887257373638484,1.489989474972461
JNJ,22_bear_reversal,,MID,103,10.17,123.11,50.49,26.14,53.4,96.59,57.0,-1.6677312935993172,-1.467257373638482,-0.6900105250275388
JNJ,22_bull_continuation,,HIGH,147,-4.8,157.94,46.26,24.92,51.7,26.46,44.9,-5.897731293599321,-3.1672573736384777,-12.79001052502754
JNJ,22_bull_continuation,,LOW,149,-4.16,101.54,55.03,16.18,53.69,46.11,53.02,2.872268706400682,-1.1772573736384828,-4.670010525027536
JNJ,22_bull_continuation,,MID,154,15.61,102.0,53.25,52.6,58.82,52.39,57.24,1.0922687064006809,3.9527426263615197,-0.4500105250275368
JNJ,22_bull_reversal,,HIGH,129,-5.44,118.83,54.26,-25.83,48.84,18.52,44.19,2.102268706400679,-6.027257373638477,-13.500010525027541
JNJ,22_bull_reversal,,LOW,102,3.2,78.2,43.14,25.76,51.96,95.86,51.96,-9.017731293599319,-2.9072573736384797,-5.730010525027538
JNJ,22_bull_reversal,,MID,112,2.7,90.69,52.68,5.07,53.15,57.65,55.14,0.5222687064006806,-1.717257373638482,-2.550010525027538
JNJ,312_bull_reversal,,LOW,10,2.35,31.15,50.0,-12.56,50.0,106.95,50.0,-2.157731293599319,-4.8672573736384805,-7.690010525027539
JNJ,312_bull_reversal,,MID,10,-19.6,109.23,50.0,44.07,60.0,182.3,60.0,-2.157731293599319,5.1327426263615195,2.309989474972461
JNJ,322_bear_continuation,,HIGH,19,95.95,167.4,78.95,23.17,57.89,206.1,57.89,26.792268706400684,3.02274262636152,0.19998947497246178
JNJ,322_bear_continuation,,LOW,10,-39.26,72.63,30.0,0.23,30.0,64.34,70.0,-22.15773129359932,-24.86725737363848,12.309989474972461
JNJ,322_bull_continuation,,LOW,17,1.67,90.15,52.94,11.73,52.94,101.71,58.82,0.7822687064006786,-1.9272573736384828,1.1299894749724615
JNJ,322_bull_continuation,,MID,15,-7.87,86.37,53.33,17.74,40.0,28.74,53.33,1.1722687064006792,-14.86725737363848,-4.3600105250275405
JNJ,clean_2d_bear,,HIGH,14,6.61,106.35,35.71,62.82,50.0,-27.31,42.86,-16.44773129359932,-4.8672573736384805,-14.83001052502754
JNJ,clean_2d_bear,,LOW,12,29.38,90.78,58.33,64.49,50.0,186.53,66.67,6.172268706400679,-4.8672573736384805,8.979989474972463
JNJ,clean_2u_bull,,HIGH,11,28.42,116.2,63.64,25.58,45.45,170.07,72.73,11.482268706400681,-9.417257373638478,15.039989474972465
JNJ,clean_2u_bull,,LOW,18,28.48,100.61,72.22,35.29,50.0,184.71,72.22,20.06226870640068,-4.8672573736384805,14.52998947497246
JNJ,,,HIGH,161,-18.07,158.96,49.69,13.97,50.93,16.31,49.07,-2.4677312935993214,-3.937257373638481,-8.620010525027539
JNJ,,,LOW,146,13.24,81.81,53.42,43.12,57.53,83.44,59.59,1.2622687064006826,2.6627426263615206,1.8999894749724646
JNJ,,,MID,168,1.0,107.64,50.0,8.51,50.3,147.21,62.42,-2.157731293599319,-4.567257373638483,4.729989474972463
JPM,212_bear_continuation,,HIGH,13,-6.26,222.0,46.15,-169.62,38.46,100.72,61.54,-6.007731293599321,-16.40725737363848,3.8499894749724604
JPM,212_bear_continuation,,LOW,14,31.28,119.2,50.0,-12.84,50.0,127.65,57.14,-2.157731293599319,-4.8672573736384805,-0.5500105250275382
JPM,212_bear_continuation,,MID,17,-1.38,129.91,47.06,17.13,52.94,-53.55,47.06,-5.097731293599317,-1.9272573736384828,-10.630010525027537
JPM,212_bear_reversal,,HIGH,11,-16.17,265.75,63.64,-96.27,54.55,-283.29,54.55,11.482268706400681,-0.3172573736384834,-3.1400105250275416
JPM,212_bear_reversal,,LOW,20,28.36,121.98,55.0,49.8,60.0,283.02,65.0,2.842268706400681,5.1327426263615195,7.309989474972461
JPM,212_bear_reversal,,MID,13,-32.46,181.02,53.85,-163.03,46.15,-350.38,30.77,1.6922687064006823,-8.717257373638482,-26.92001052502754
JPM,212_bull_continuation,,HIGH,14,-1.03,110.05,50.0,146.31,71.43,251.71,71.43,-2.157731293599319,16.562742626361526,13.739989474972468
JPM,212_bull_continuation,,LOW,21,33.68,117.65,52.38,36.99,52.38,135.52,57.14,0.2222687064006834,-2.487257373638478,-0.5500105250275382
JPM,212_bull_continuation,,MID,23,15.99,110.83,56.52,-36.0,47.83,-69.26,39.13,4.362268706400684,-7.037257373638482,-18.560010525027536
JPM,212_bull_reversal,,HIGH,18,-39.86,291.21,55.56,4.63,44.44,308.1,66.67,3.402268706400683,-10.427257373638483,8.979989474972463
JPM,212_bull_reversal,,LOW,22,-4.96,80.24,50.0,-22.67,54.55,31.9,54.55,-2.157731293599319,-0.3172573736384834,-3.1400105250275416
JPM,212_bull_reversal,,MID,30,-1.73,148.51,60.0,65.76,60.0,82.22,46.67,7.842268706400681,5.1327426263615195,-11.020010525027537
JPM,22_bear_continuation,,HIGH,159,19.03,291.33,50.31,39.52,57.23,212.0,62.26,-1.8477312935993169,2.3627426263615163,4.569989474972459
JPM,22_bear_continuation,,LOW,81,3.69,99.44,53.09,53.27,56.79,97.0,54.32,0.9322687064006843,1.9227426263615186,-3.3700105250275385
JPM,22_bear_continuation,,MID,87,-14.96,143.08,50.57,54.61,60.92,131.42,62.35,-1.5877312935993189,6.052742626361521,4.659989474972463
JPM,22_bear_reversal,,HIGH,134,2.05,235.97,50.75,77.05,57.46,250.95,64.93,-1.4077312935993191,2.5927426263615203,7.239989474972468
JPM,22_bear_reversal,,LOW,109,15.05,90.24,52.29,74.68,64.22,228.31,65.14,0.13226870640068,9.352742626361518,7.449989474972462
JPM,22_bear_reversal,,MID,110,-16.92,153.96,43.64,-31.43,47.27,58.06,57.41,-8.517731293599319,-7.597257373638477,-0.2800105250275422
JPM,22_bull_continuation,,HIGH,136,28.52,242.57,55.15,21.56,55.88,8.06,50.0,2.9922687064006794,1.012742626361522,-7.690010525027539
JPM,22_bull_continuation,,LOW,204,10.98,114.42,54.41,51.51,62.25,198.91,64.71,2.2522687064006774,7.3827426263615195,7.019989474972455
JPM,22_bull_continuation,,MID,167,6.07,138.49,56.89,19.97,53.29,-9.49,47.59,4.732268706400681,-1.5772573736384814,-10.100010525027535
JPM,22_bull_reversal,,HIGH,119,-27.92,255.36,48.74,50.06,59.66,175.43,60.5,-3.417731293599317,4.792742626361516,2.809989474972461
JPM,22_bull_reversal,,LOW,116,16.34,82.01,53.45,51.68,59.48,166.32,62.07,1.2922687064006837,4.612742626361516,4.3799894749724615
JPM,22_bull_reversal,,MID,119,24.06,129.16,52.1,52.11,57.63,145.52,59.83,-0.05773129359931772,2.762742626361522,2.1399894749724595
JPM,312_bull_reversal,,HIGH,10,-9.06,188.99,30.0,57.7,30.0,412.39,70.0,-22.15773129359932,-24.86725737363848,12.309989474972461
JPM,312_bull_reversal,,LOW,10,-9.81,103.25,40.0,20.04,40.0,211.65,70.0,-12.15773129359932,-14.86725737363848,12.309989474972461
JPM,312_bull_reversal,,MID,12,3.3,130.98,50.0,92.23,81.82,339.44,81.82,-2.157731293599319,26.952742626361513,24.129989474972454
JPM,322_bear_continuation,,HIGH,17,13.63,188.39,52.94,61.39,70.59,363.01,70.59,0.7822687064006786,15.722742626361523,12.899989474972465
JPM,322_bear_continuation,,MID,11,-16.14,121.94,36.36,-114.27,36.36,279.94,60.0,-15.79773129359932,-18.50725737363848,2.309989474972461
JPM,322_bull_continuation,,LOW,15,12.33,61.88,53.33,48.44,66.67,239.83,73.33,1.1722687064006792,11.802742626361521,15.63998947497246
JPM,322_bull_continuation,,MID,11,-12.6,118.53,45.45,64.29,63.64,62.65,63.64,-6.707731293599316,8.77274262636152,5.949989474972462
JPM,32_bear_reversal,,HIGH,10,122.21,196.73,90.0,317.13,80.0,676.96,90.0,37.84226870640068,25.13274262636152,32.30998947497246
JPM,clean_2d_bear,,HIGH,13,83.84,181.46,61.54,114.6,53.85,537.84,76.92,9.38226870640068,-1.0172573736384791,19.229989474972463
JPM,clean_2d_bear,,MID,16,-49.08,142.23,43.75,-37.73,31.25,225.78,73.33,-8.40773129359932,-23.61725737363848,15.63998947497246
JPM,clean_2u_bull,,LOW,10,-12.3,93.82,60.0,23.57,70.0,97.78,70.0,7.842268706400681,15.13274262636152,12.309989474972461
JPM,clean_2u_bull,,MID,14,-30.47,153.87,50.0,-114.95,50.0,14.02,57.14,-2.157731293599319,-4.8672573736384805,-0.5500105250275382
JPM,f2d_bull_reversal,,MID,16,11.35,134.27,62.5,109.49,68.75,348.15,68.75,10.34226870640068,13.88274262636152,11.059989474972461
JPM,,,HIGH,148,24.62,221.37,52.03,90.68,56.76,297.06,67.57,-0.127731293599318,1.8927426263615175,9.879989474972454
JPM,,,LOW,148,15.43,109.93,50.68,55.46,58.78,96.06,58.11,-1.4777312935993194,3.9127426263615206,0.41998947497246064
JPM,,,MID,167,-10.71,122.59,46.71,-18.3,50.6,122.33,60.25,-5.447731293599318,-4.267257373638479,2.559989474972461
KO,11_inside_compression,,LOW,11,18.4,56.63,54.55,68.27,72.73,-253.06,36.36,2.392268706400678,17.862742626361523,-21.33001052502754
KO,132_bull_continuation,,HIGH,10,-74.32,172.76,30.0,-63.8,40.0,-17.11,50.0,-22.15773129359932,-14.86725737363848,-7.690010525027539
KO,212_bear_continuation,,HIGH,20,1.64,178.73,65.0,44.19,60.0,146.1,60.0,12.84226870640068,5.1327426263615195,2.309989474972461
KO,212_bear_continuation,,LOW,10,-38.13,117.41,60.0,65.45,70.0,242.72,80.0,7.842268706400681,15.13274262636152,22.30998947497246
KO,212_bear_continuation,,MID,16,-8.31,132.53,25.0,7.9,50.0,-1.09,43.75,-27.15773129359932,-4.8672573736384805,-13.940010525027539
KO,212_bear_reversal,,HIGH,28,65.39,185.3,60.71,40.91,42.86,173.87,60.71,8.552268706400682,-12.007257373638481,3.019989474972462
KO,212_bear_reversal,,LOW,20,-23.29,115.06,55.0,-45.65,40.0,162.84,70.0,2.842268706400681,-14.86725737363848,12.309989474972461
KO,212_bear_reversal,,MID,25,-26.77,70.72,36.0,15.56,52.0,136.24,72.0,-16.15773129359932,-2.8672573736384805,14.309989474972461
KO,212_bull_continuation,,HIGH,14,-6.52,72.97,50.0,-57.59,42.86,-103.61,50.0,-2.157731293599319,-12.007257373638481,-7.690010525027539
KO,212_bull_continuation,,LOW,17,-13.51,60.36,35.29,2.41,47.06,45.24,52.94,-16.86773129359932,-7.807257373638478,-4.750010525027541
KO,212_bull_continuation,,MID,17,0.56,53.85,64.71,57.37,50.0,-50.14,43.75,12.552268706400675,-4.8672573736384805,-13.940010525027539
KO,212_bull_reversal,,HIGH,20,15.63,103.94,45.0,75.44,60.0,107.17,60.0,-7.157731293599319,5.1327426263615195,2.309989474972461
KO,212_bull_reversal,,LOW,23,-1.82,48.74,52.17,-11.75,43.48,60.57,65.22,0.01226870640068256,-11.387257373638484,7.52998947497246
KO,212_bull_reversal,,MID,22,23.65,94.93,63.64,51.9,59.09,142.16,59.09,11.482268706400681,4.222742626361523,1.3999894749724646
KO,22_bear_continuation,,HIGH,134,-8.68,190.86,54.48,63.43,61.19,95.45,60.45,2.3222687064006777,6.322742626361517,2.759989474972464
KO,22_bear_continuation,,LOW,112,11.24,80.2,58.04,28.95,53.57,85.98,65.18,5.88226870640068,-1.2972573736384803,7.489989474972468
KO,22_bear_continuation,,MID,126,14.62,112.03,57.14,32.57,53.17,113.27,59.52,4.982268706400681,-1.6972573736384788,1.8299894749724643
KO,22_bear_reversal,,HIGH,107,13.59,156.84,55.14,18.65,59.81,22.81,62.62,2.9822687064006814,4.942742626361522,4.929989474972459
KO,22_bear_reversal,,LOW,111,-7.12,74.41,45.05,-12.67,49.55,49.81,56.76,-7.107731293599322,-5.317257373638483,-0.9300105250275408
KO,22_bear_reversal,,MID,99,-6.22,87.18,51.52,-13.74,52.53,-25.28,50.52,-0.637731293599316,-2.3372573736384794,-7.170010525027536
KO,22_bull_continuation,,HIGH,138,2.99,142.15,51.45,-16.85,45.65,-30.57,47.1,-0.7077312935993163,-9.217257373638482,-10.590010525027537
KO,22_bull_continuation,,LOW,166,-3.88,70.28,54.82,12.54,55.42,42.51,61.45,2.662268706400681,0.5527426263615212,3.759989474972464
KO,22_bull_continuation,,MID,156,11.06,99.34,49.36,52.05,64.1,90.42,56.21,-2.7977312935993197,9.232742626361514,-1.480010525027538
KO,22_bull_reversal,,HIGH,111,-3.89,149.81,53.15,52.97,55.86,100.87,56.76,0.9922687064006794,0.9927426263615189,-0.9300105250275408
KO,22_bull_reversal,,LOW,107,16.49,73.37,54.21,15.92,54.21,72.79,63.55,2.0522687064006817,-0.6572573736384797,5.859989474972458
KO,22_bull_reversal,,MID,103,1.53,120.32,53.4,-13.53,50.49,-56.28,42.86,1.2422687064006794,-4.3772573736384786,-14.83001052502754
KO,312_bull_reversal,,HIGH,12,28.13,98.61,66.67,-7.76,50.0,8.97,58.33,14.512268706400683,-4.8672573736384805,0.6399894749724595
KO,322_bear_continuation,,HIGH,14,0.45,110.98,35.71,-115.97,35.71,-103.11,42.86,-16.44773129359932,-19.15725737363848,-14.83001052502754
KO,322_bull_continuation,,HIGH,15,56.45,109.11,66.67,18.11,60.0,14.73,46.67,14.512268706400683,5.1327426263615195,-11.020010525027537
KO,322_bull_continuation,,LOW,14,-9.7,67.26,50.0,-64.47,35.71,-6.44,28.57,-2.157731293599319,-19.15725737363848,-29.12001052502754
KO,322_bull_continuation,,MID,15,16.96,77.88,66.67,-40.57,33.33,111.53,46.67,14.512268706400683,-21.537257373638482,-11.020010525027537
KO,clean_2d_bear,,HIGH,11,73.49,103.76,72.73,1.01,63.64,161.04,54.55,20.572268706400685,8.77274262636152,-3.1400105250275416
KO,clean_2d_bear,,LOW,11,12.92,44.63,45.45,29.12,45.45,153.42,81.82,-6.707731293599316,-9.417257373638478,24.129989474972454
KO,clean_2d_bear,,MID,12,16.42,64.88,58.33,-10.54,50.0,172.44,58.33,6.172268706400679,-4.8672573736384805,0.6399894749724595
KO,clean_2u_bull,,HIGH,13,1.37,69.81,38.46,135.94,76.92,168.97,61.54,-13.697731293599318,22.05274262636152,3.8499894749724604
KO,clean_2u_bull,,LOW,15,-8.36,49.64,46.67,-51.79,40.0,-118.76,26.67,-5.487731293599317,-14.86725737363848,-31.020010525027537
KO,clean_2u_bull,,MID,18,-0.35,78.94,50.0,-61.86,35.29,44.59,41.18,-2.157731293599319,-19.57725737363848,-16.51001052502754
KO,f2d_bull_reversal,,LOW,11,30.4,71.93,54.55,-2.45,45.45,-89.14,45.45,2.392268706400678,-9.417257373638478,-12.240010525027536
KO,f2u_bear_reversal,,HIGH,11,65.7,125.33,54.55,-16.59,45.45,143.29,63.64,2.392268706400678,-9.417257373638478,5.949989474972462
KO,,,HIGH,162,-4.47,143.68,53.09,7.8,56.17,80.07,56.17,0.9322687064006843,1.3027426263615212,-1.520010525027537
KO,,,LOW,148,8.06,74.17,51.35,13.45,51.35,49.56,62.16,-0.8077312935993177,-3.517257373638479,4.469989474972458
KO,,,MID,172,-1.27,92.28,50.58,25.52,58.24,80.22,57.14,-1.5777312935993208,3.3727426263615214,-0.5500105250275382
LITE,132_bull_continuation,,MID,11,-7.91,257.14,45.45,245.73,81.82,550.98,72.73,-6.707731293599316,26.952742626361513,15.039989474972465
LITE,212_bear_continuation,,HIGH,13,165.4,420.03,61.54,405.1,76.92,1240.41,76.92,9.38226870640068,22.05274262636152,19.229989474972463
LITE,212_bear_continuation,,LOW,18,-53.32,308.8,44.44,242.98,66.67,493.84,38.89,-7.717731293599321,11.802742626361521,-18.800010525027538
LITE,212_bear_continuation,,MID,11,120.42,382.16,45.45,477.95,72.73,1228.04,81.82,-6.707731293599316,17.862742626361523,24.129989474972454
LITE,212_bear_reversal,,HIGH,22,-38.63,423.91,54.55,-59.02,40.91,535.38,59.09,2.392268706400678,-13.957257373638484,1.3999894749724646
LITE,212_bear_reversal,,LOW,25,71.41,367.84,48.0,212.83,64.0,-50.38,52.0,-4.157731293599319,9.13274262636152,-5.690010525027539
LITE,212_bear_reversal,,MID,33,10.43,287.33,51.52,208.84,51.52,919.19,66.67,-0.637731293599316,-3.3472573736384774,8.979989474972463
LITE,212_bull_continuation,,HIGH,18,-157.08,327.54,27.78,-258.56,38.89,147.07,66.67,-24.377731293599318,-15.97725737363848,8.979989474972463
LITE,212_bull_continuation,,LOW,30,92.58,331.92,50.0,55.26,50.0,244.27,46.67,-2.157731293599319,-4.8672573736384805,-11.020010525027537
LITE,212_bull_continuation,,MID,13,76.16,328.63,46.15,172.95,53.85,319.99,53.85,-6.007731293599321,-1.0172573736384791,-3.8400105250275374
LITE,212_bull_reversal,,HIGH,24,46.96,405.33,41.67,33.43,50.0,529.92,54.17,-10.487731293599317,-4.8672573736384805,-3.520010525027537
LITE,212_bull_reversal,,LOW,21,-94.47,263.86,38.1,-236.58,23.81,576.66,52.38,-14.057731293599318,-31.057257373638482,-5.310010525027536
LITE,212_bull_reversal,,MID,20,42.24,303.27,55.0,203.32,70.0,401.38,65.0,2.842268706400681,15.13274262636152,7.309989474972461
LITE,22_bear_continuation,,HIGH,153,44.0,385.42,52.29,131.44,52.29,301.52,52.94,0.13226870640068,-2.5772573736384814,-4.750010525027541
LITE,22_bear_continuation,,LOW,89,12.94,291.86,51.69,144.66,60.67,334.2,55.06,-0.4677312935993214,5.802742626361521,-2.6300105250275365
LITE,22_bear_continuation,,MID,101,12.9,411.65,54.46,63.9,48.98,634.0,65.98,2.3022687064006817,-5.887257373638484,8.289989474972465
LITE,22_bear_reversal,,HIGH,115,49.85,334.15,56.52,218.69,61.74,353.54,55.65,4.362268706400684,6.8727426263615214,-2.04001052502754
LITE,22_bear_reversal,,LOW,91,-14.25,362.22,50.55,86.87,59.34,393.08,57.14,-1.607731293599322,4.472742626361523,-0.5500105250275382
LITE,22_bear_reversal,,MID,99,-44.63,481.36,44.44,-10.6,49.49,694.87,64.29,-7.717731293599321,-5.3772573736384786,6.5999894749724675
LITE,22_bull_continuation,,HIGH,126,6.76,333.13,54.76,76.62,60.32,177.5,50.79,2.602268706400679,5.45274262636152,-6.90001052502754
LITE,22_bull_continuation,,LOW,150,5.86,244.15,52.0,-9.44,50.0,181.36,51.33,-0.15773129359931914,-4.8672573736384805,-6.3600105250275405
LITE,22_bull_continuation,,MID,168,50.25,319.48,58.33,88.84,56.55,351.17,53.37,6.172268706400679,1.6827426263615166,-4.320010525027541
LITE,22_bull_reversal,,HIGH,106,23.64,359.7,57.55,122.84,56.6,333.02,54.72,5.392268706400678,1.7327426263615209,-2.97001052502754
LITE,22_bull_reversal,,LOW,108,49.05,251.21,57.41,151.13,62.04,196.31,52.78,5.2522687064006774,7.172742626361519,-4.910010525027538
LITE,22_bull_reversal,,MID,118,35.9,356.04,55.08,131.35,58.47,747.75,66.09,2.922268706400679,3.6027426263615183,8.399989474972465
LITE,312_bull_reversal,,LOW,14,-100.49,402.73,28.57,-79.1,35.71,-34.0,42.86,-23.58773129359932,-19.15725737363848,-14.83001052502754
LITE,322_bear_continuation,,HIGH,21,105.93,462.19,57.14,-114.6,57.14,-11.58,47.62,4.982268706400681,2.27274262636152,-10.070010525027541
LITE,322_bear_continuation,,LOW,10,-102.25,238.66,50.0,49.85,40.0,-69.76,50.0,-2.157731293599319,-14.86725737363848,-7.690010525027539
LITE,322_bear_continuation,,MID,19,183.04,432.89,57.89,284.42,52.63,907.62,61.11,5.732268706400681,-2.237257373638478,3.4199894749724606
LITE,322_bull_continuation,,HIGH,14,71.6,208.87,78.57,190.07,71.43,419.69,78.57,26.412268706400674,16.562742626361526,20.879989474972454
LITE,322_bull_continuation,,LOW,13,-69.33,233.76,38.46,73.82,38.46,172.97,46.15,-13.697731293599318,-16.40725737363848,-11.54001052502754
LITE,322_bull_continuation,,MID,11,106.75,382.43,63.64,335.59,81.82,1193.01,72.73,11.482268706400681,26.952742626361513,15.039989474972465
LITE,32_bear_reversal,,HIGH,10,-22.25,205.89,30.0,121.71,60.0,-48.82,50.0,-22.15773129359932,5.1327426263615195,-7.690010525027539
LITE,clean_2d_bear,,HIGH,13,-21.03,509.72,61.54,-320.39,38.46,-561.31,30.77,9.38226870640068,-16.40725737363848,-26.92001052502754
LITE,clean_2d_bear,,MID,21,-120.09,273.75,38.1,-85.97,28.57,427.63,61.9,-14.057731293599318,-26.29725737363848,4.20998947497246
LITE,clean_2u_bull,,HIGH,13,-96.24,422.28,38.46,123.31,61.54,587.91,76.92,-13.697731293599318,6.672742626361519,19.229989474972463
LITE,clean_2u_bull,,LOW,12,97.9,232.93,66.67,238.97,66.67,415.01,58.33,14.512268706400683,11.802742626361521,0.6399894749724595
LITE,clean_2u_bull,,MID,11,-111.38,353.85,27.27,-176.89,45.45,472.24,72.73,-24.88773129359932,-9.417257373638478,15.039989474972465
LITE,,,HIGH,162,47.95,440.52,53.09,128.48,53.09,399.71,56.17,0.9322687064006843,-1.7772573736384771,-1.520010525027537
LITE,,,LOW,182,9.1,291.38,56.04,53.48,54.4,224.23,50.55,3.88226870640068,-0.46725737363848197,-7.140010525027542
LITE,,,MID,154,-27.43,323.65,44.16,142.47,50.65,754.63,57.62,-7.9977312935993226,-4.217257373638482,-0.07001052502754135
LLY,11_inside_compression,,LOW,11,-0.57,84.1,54.55,63.26,45.45,426.3,90.91,2.392268706400678,-9.417257373638478,33.21998947497246
LLY,212_bear_continuation,,HIGH,19,-12.96,219.8,52.63,45.51,42.11,452.66,63.16,0.4722687064006834,-12.757257373638481,5.469989474972458
LLY,212_bear_continuation,,LOW,12,-16.83,202.89,50.0,11.24,58.33,-124.74,50.0,-2.157731293599319,3.4627426263615178,-7.690010525027539
LLY,212_bear_continuation,,MID,17,73.72,199.37,58.82,4.75,52.94,113.55,64.71,6.662268706400681,-1.9272573736384828,7.019989474972455
LLY,212_bear_reversal,,HIGH,16,136.77,327.55,50.0,158.54,62.5,313.4,62.5,-2.157731293599319,7.6327426263615195,4.809989474972461
LLY,212_bear_reversal,,LOW,30,11.74,114.88,53.33,35.26,56.67,335.85,63.33,1.1722687064006792,1.8027426263615212,5.6399894749724595
LLY,212_bear_reversal,,MID,27,-35.79,320.59,55.56,-42.77,48.15,169.26,59.26,3.402268706400683,-6.717257373638482,1.5699894749724592
LLY,212_bull_continuation,,HIGH,21,29.06,185.25,57.14,33.75,47.62,213.0,61.9,4.982268706400681,-7.247257373638483,4.20998947497246
LLY,212_bull_continuation,,LOW,26,13.38,115.3,53.85,177.36,76.92,141.4,65.38,1.6922687064006823,22.05274262636152,7.689989474972457
LLY,212_bull_continuation,,MID,15,11.43,217.58,46.67,-95.44,46.67,-190.15,42.86,-5.487731293599317,-8.197257373638479,-14.83001052502754
LLY,212_bull_reversal,,HIGH,27,100.32,272.43,62.96,241.42,70.37,360.4,70.37,10.802268706400682,15.502742626361524,12.679989474972466
LLY,212_bull_reversal,,LOW,21,-66.86,87.39,33.33,-111.46,38.1,-98.08,42.86,-18.82773129359932,-16.76725737363848,-14.83001052502754
LLY,212_bull_reversal,,MID,25,-27.99,202.62,44.0,201.97,68.0,269.7,68.0,-8.15773129359932,13.13274262636152,10.309989474972461
LLY,22_bear_continuation,,HIGH,141,20.18,224.29,50.35,98.89,55.32,234.22,54.61,-1.8077312935993177,0.45274262636151974,-3.0800105250275394
LLY,22_bear_continuation,,LOW,76,27.22,144.76,59.21,9.81,52.63,315.19,65.79,7.052268706400682,-2.237257373638478,8.099989474972467
LLY,22_bear_continuation,,MID,109,-0.07,169.81,55.05,79.38,55.96,261.67,65.09,2.892268706400678,1.0927426263615203,7.399989474972465
LLY,22_bear_reversal,,HIGH,107,32.3,295.88,57.01,58.37,54.21,256.42,57.01,4.852268706400679,-0.6572573736384797,-0.6800105250275408
LLY,22_bear_reversal,,LOW,90,4.17,117.48,51.11,37.85,56.67,105.23,56.67,-1.0477312935993197,1.8027426263615212,-1.020010525027537
LLY,22_bear_reversal,,MID,111,-10.84,203.15,47.75,27.09,49.55,202.62,59.63,-4.407731293599319,-5.317257373638483,1.9399894749724638
LLY,22_bull_continuation,,HIGH,124,-8.26,242.75,45.16,-0.07,51.61,200.74,58.87,-6.9977312935993226,-3.257257373638481,1.1799894749724587
LLY,22_bull_continuation,,LOW,179,6.58,117.1,52.51,56.54,65.92,216.16,62.01,0.35226870640067887,11.052742626361521,4.319989474972459
LLY,22_bull_continuation,,MID,167,15.4,186.63,50.9,36.17,59.28,219.25,59.15,-1.2577312935993206,4.412742626361521,1.4599894749724598
LLY,22_bull_reversal,,HIGH,101,-4.66,188.23,48.51,24.96,52.48,277.27,64.36,-3.647731293599321,-2.3872573736384837,6.669989474972461
LLY,22_bull_reversal,,LOW,108,17.93,106.89,56.48,42.75,60.19,212.36,59.26,4.322268706400678,5.322742626361517,1.5699894749724592
LLY,22_bull_reversal,,MID,111,45.37,217.04,61.26,62.19,59.09,248.13,57.8,9.102268706400679,4.222742626361523,0.10998947497245837
LLY,322_bear_continuation,,HIGH,19,-18.05,122.53,42.11,-40.58,52.63,430.23,63.16,-10.04773129359932,-2.237257373638478,5.469989474972458
LLY,322_bull_continuation,,HIGH,18,-10.32,134.24,50.0,-92.28,38.89,48.95,50.0,-2.157731293599319,-15.97725737363848,-7.690010525027539
LLY,322_bull_continuation,,LOW,13,38.36,102.82,69.23,144.83,69.23,420.66,69.23,17.072268706400685,14.362742626361523,11.539989474972465
LLY,322_bull_continuation,,MID,13,71.16,140.66,69.23,110.2,61.54,770.73,83.33,17.072268706400685,6.672742626361519,25.63998947497246
LLY,clean_2d_bear,,HIGH,14,-27.97,225.51,28.57,-37.28,35.71,-257.79,42.86,-23.58773129359932,-19.15725737363848,-14.83001052502754
LLY,clean_2d_bear,,LOW,13,53.54,107.68,61.54,-87.99,38.46,122.86,61.54,9.38226870640068,-16.40725737363848,3.8499894749724604
LLY,clean_2d_bear,,MID,16,44.03,139.21,62.5,106.17,53.33,261.48,60.0,10.34226870640068,-1.5372573736384822,2.309989474972461
LLY,clean_2u_bull,,HIGH,16,7.34,180.0,62.5,80.82,56.25,203.88,56.25,10.34226870640068,1.3827426263615195,-1.4400105250275388
LLY,clean_2u_bull,,LOW,16,6.84,119.59,37.5,132.12,68.75,416.78,75.0,-14.65773129359932,13.88274262636152,17.30998947497246
LLY,clean_2u_bull,,MID,16,62.23,143.53,68.75,129.45,75.0,687.6,73.33,16.59226870640068,20.13274262636152,15.63998947497246
LLY,f2d_bull_reversal,,LOW,10,33.79,77.58,80.0,64.71,60.0,245.48,60.0,27.84226870640068,5.1327426263615195,2.309989474972461
LLY,,,HIGH,173,0.02,223.92,51.45,81.25,59.54,221.12,60.69,-0.7077312935993163,4.672742626361519,2.999989474972459
LLY,,,LOW,169,18.28,141.19,63.31,55.2,57.4,200.12,57.99,11.152268706400683,2.532742626361518,0.2999894749724632
LLY,,,MID,159,-15.9,178.58,46.54,64.74,54.43,230.24,60.9,-5.61773129359932,-0.43725737363848083,3.20998947497246
LNG,11_inside_compression,,LOW,10,-0.12,174.51,50.0,24.2,50.0,91.2,40.0,-2.157731293599319,-4.8672573736384805,-17.69001052502754
LNG,132_bear_continuation,,LOW,11,38.29,114.1,72.73,108.35,54.55,175.95,54.55,20.572268706400685,-0.3172573736384834,-3.1400105250275416
LNG,132_bull_continuation,,MID,14,-46.92,174.1,42.86,-63.87,42.86,226.91,57.14,-9.29773129359932,-12.007257373638481,-0.5500105250275382
LNG,212_bear_continuation,,HIGH,17,117.66,231.89,76.47,194.51,64.71,325.68,82.35,24.31226870640068,9.842742626361513,24.659989474972456
LNG,212_bear_continuation,,LOW,11,2.74,80.49,45.45,-2.33,27.27,276.07,54.55,-6.707731293599316,-27.59725737363848,-3.1400105250275416
LNG,212_bear_continuation,,MID,19,2.28,190.73,63.16,113.01,63.16,180.75,61.11,11.002268706400677,8.292742626361516,3.4199894749724606
LNG,212_bear_reversal,,HIGH,21,14.05,296.02,61.9,58.17,61.9,435.96,71.43,9.74226870640068,7.032742626361518,13.739989474972468
LNG,212_bear_reversal,,LOW,22,3.97,128.53,50.0,123.3,63.64,159.4,54.55,-2.157731293599319,8.77274262636152,-3.1400105250275416
LNG,212_bear_reversal,,MID,20,29.51,156.91,50.0,77.44,60.0,372.27,80.0,-2.157731293599319,5.1327426263615195,22.30998947497246
LNG,212_bull_continuation,,HIGH,20,35.79,221.38,55.0,96.03,50.0,386.91,60.0,2.842268706400681,-4.8672573736384805,2.309989474972461
LNG,212_bull_continuation,,LOW,11,-26.08,94.56,27.27,6.23,54.55,42.52,54.55,-24.88773129359932,-0.3172573736384834,-3.1400105250275416
LNG,212_bull_continuation,,MID,21,-15.66,251.13,42.86,-39.48,47.62,83.38,47.62,-9.29773129359932,-7.247257373638483,-10.070010525027541
LNG,212_bull_reversal,,HIGH,25,105.8,320.87,64.0,123.75,52.0,454.13,64.0,11.84226870640068,-2.8672573736384805,6.309989474972461
LNG,212_bull_reversal,,LOW,28,9.8,147.79,57.14,-42.3,42.86,22.32,53.57,4.982268706400681,-12.007257373638481,-4.1200105250275385
LNG,212_bull_reversal,,MID,28,43.57,238.83,71.43,-89.34,50.0,-139.54,42.86,19.272268706400688,-4.8672573736384805,-14.83001052502754
LNG,22_bear_continuation,,HIGH,119,37.59,305.57,57.14,184.07,70.59,471.86,70.59,4.982268706400681,15.722742626361523,12.899989474972465
LNG,22_bear_continuation,,LOW,115,21.17,142.45,54.78,70.21,47.83,53.9,49.57,2.622268706400682,-7.037257373638482,-8.120010525027539
LNG,22_bear_continuation,,MID,107,-8.3,160.16,49.53,50.14,53.77,167.51,63.46,-2.627731293599318,-1.0972573736384774,5.769989474972462
LNG,22_bear_reversal,,HIGH,109,14.47,283.76,49.54,114.09,55.96,543.42,71.56,-2.61773129359932,1.0927426263615203,13.869989474972463
LNG,22_bear_reversal,,LOW,116,4.57,175.64,45.69,44.71,48.28,130.53,62.93,-6.467731293599321,-6.587257373638479,5.239989474972461
LNG,22_bear_reversal,,MID,96,-26.18,175.62,42.71,-40.59,41.67,104.67,51.58,-9.447731293599318,-13.197257373638479,-6.1100105250275405
LNG,22_bull_continuation,,HIGH,145,9.64,250.84,51.03,32.17,55.17,301.95,63.45,-1.127731293599318,0.30274262636152116,5.759989474972464
LNG,22_bull_continuation,,LOW,139,-10.24,176.53,48.92,-14.18,48.2,110.72,56.12,-3.2377312935993174,-6.667257373638478,-1.5700105250275413
LNG,22_bull_continuation,,MID,151,-8.58,181.04,50.33,-34.31,42.38,48.45,43.62,-1.8277312935993208,-12.487257373638478,-14.070010525027541
LNG,22_bull_reversal,,HIGH,111,-3.36,300.38,50.45,132.94,58.56,365.59,62.16,-1.7077312935993163,3.6927426263615217,4.469989474972458
LNG,22_bull_reversal,,LOW,108,10.12,144.58,51.85,40.06,56.48,91.27,60.19,-0.3077312935993177,1.6127426263615163,2.499989474972459
LNG,22_bull_reversal,,MID,91,-4.35,191.43,52.75,-26.84,47.78,119.56,50.0,0.5922687064006809,-7.087257373638479,-7.690010525027539
LNG,312_bull_reversal,,HIGH,12,74.11,284.3,75.0,-4.86,41.67,818.44,83.33,22.84226870640068,-13.197257373638479,25.63998947497246
LNG,322_bear_continuation,,HIGH,12,58.92,296.7,58.33,-103.63,58.33,-633.75,33.33,6.172268706400679,3.4627426263615178,-24.36001052502754
LNG,322_bear_continuation,,LOW,10,52.31,154.72,60.0,-9.25,50.0,97.38,60.0,7.842268706400681,-4.8672573736384805,2.309989474972461
LNG,322_bear_continuation,,MID,13,28.98,261.58,61.54,101.73,53.85,199.77,46.15,9.38226870640068,-1.0172573736384791,-11.54001052502754
LNG,322_bull_continuation,,HIGH,21,77.54,245.3,52.38,146.61,66.67,377.69,76.19,0.2222687064006834,11.802742626361521,18.49998947497246
LNG,322_bull_continuation,,LOW,17,-24.86,118.68,41.18,72.64,58.82,141.85,47.06,-10.97773129359932,3.9527426263615197,-10.630010525027537
LNG,322_bull_continuation,,MID,14,-35.54,153.65,28.57,-206.43,14.29,-140.89,50.0,-23.58773129359932,-40.57725737363848,-7.690010525027539
LNG,clean_2d_bear,,HIGH,14,-21.21,294.43,50.0,75.42,71.43,-411.87,42.86,-2.157731293599319,16.562742626361526,-14.83001052502754
LNG,clean_2d_bear,,LOW,19,48.98,140.94,47.37,91.66,63.16,48.9,47.37,-4.787731293599322,8.292742626361516,-10.320010525027541
LNG,clean_2d_bear,,MID,17,5.04,100.19,52.94,17.22,52.94,-78.69,29.41,0.7822687064006786,-1.9272573736384828,-28.28001052502754
LNG,clean_2u_bull,,HIGH,14,33.19,222.45,42.86,323.87,71.43,563.85,71.43,-9.29773129359932,16.562742626361526,13.739989474972468
LNG,clean_2u_bull,,LOW,16,35.36,143.83,68.75,30.52,50.0,-62.9,56.25,16.59226870640068,-4.8672573736384805,-1.4400105250275388
LNG,clean_2u_bull,,MID,16,47.59,218.62,56.25,130.22,68.75,335.76,60.0,4.092268706400681,13.88274262636152,2.309989474972461
LNG,f2d_bull_reversal,,MID,10,58.51,123.13,80.0,208.4,70.0,-122.41,44.44,27.84226870640068,15.13274262636152,-13.250010525027541
LNG,,,HIGH,172,27.63,237.84,55.23,128.34,58.72,426.94,69.77,3.0722687064006777,3.8527426263615183,12.079989474972457
LNG,,,LOW,157,17.5,144.81,54.78,17.82,48.41,10.67,52.87,2.622268706400682,-6.457257373638484,-4.820010525027541
LNG,,,MID,176,-8.17,156.52,48.3,40.32,60.34,164.01,57.06,-3.857731293599322,5.472742626361523,-0.6300105250275365
MCD,212_bear_continuation,,HIGH,20,39.86,116.29,65.0,74.27,70.0,86.03,70.0,12.84226870640068,15.13274262636152,12.309989474972461
MCD,212_bear_continuation,,MID,14,46.72,115.49,64.29,110.88,42.86,59.47,53.85,12.132268706400687,-12.007257373638481,-3.8400105250275374
MCD,212_bear_reversal,,HIGH,21,54.32,142.75,66.67,129.73,66.67,337.47,76.19,14.512268706400683,11.802742626361521,18.49998947497246
MCD,212_bear_reversal,,LOW,22,3.84,72.24,63.64,39.66,68.18,148.94,72.73,11.482268706400681,13.312742626361526,15.039989474972465
MCD,212_bear_reversal,,MID,11,-10.06,67.76,45.45,62.27,81.82,-170.59,63.64,-6.707731293599316,26.952742626361513,5.949989474972462
MCD,212_bull_continuation,,HIGH,22,22.92,121.52,63.64,48.67,54.55,42.39,50.0,11.482268706400681,-0.3172573736384834,-7.690010525027539
MCD,212_bull_continuation,,LOW,21,31.52,52.99,76.19,19.67,66.67,43.71,61.9,24.03226870640068,11.802742626361521,4.20998947497246
MCD,212_bull_continuation,,MID,19,3.74,75.69,57.89,6.3,44.44,98.2,55.56,5.732268706400681,-10.427257373638483,-2.1300105250275365
MCD,212_bull_reversal,,HIGH,26,-7.39,140.13,50.0,15.57,50.0,6.15,46.15,-2.157731293599319,-4.8672573736384805,-11.54001052502754
MCD,212_bull_reversal,,LOW,31,-3.65,76.79,48.39,13.8,54.84,15.91,48.39,-3.7677312935993186,-0.027257373638477134,-9.300010525027538
MCD,212_bull_reversal,,MID,26,-30.05,80.66,34.62,53.23,69.23,183.65,61.54,-17.53773129359932,14.362742626361523,3.8499894749724604
MCD,22_bear_continuation,,HIGH,128,1.23,236.09,53.13,48.38,60.16,217.01,61.72,0.9722687064006834,5.292742626361516,4.02998947497246
MCD,22_bear_continuation,,LOW,115,-0.93,102.41,49.57,-8.74,50.43,-18.33,56.52,-2.587731293599319,-4.437257373638481,-1.1700105250275357
MCD,22_bear_continuation,,MID,97,20.91,91.49,62.89,30.21,59.79,35.91,60.42,10.732268706400681,4.922742626361519,2.729989474972463
MCD,22_bear_reversal,,HIGH,113,29.42,234.43,58.41,-0.41,53.1,51.56,52.21,6.2522687064006774,-1.7672573736384791,-5.480010525027538
MCD,22_bear_reversal,,LOW,109,-1.66,96.66,55.05,6.25,57.8,27.98,61.47,2.892268706400678,2.9327426263615166,3.77998947497246
MCD,22_bear_reversal,,MID,121,-9.87,110.87,48.76,-1.49,46.28,54.14,56.3,-3.397731293599321,-8.58725737363848,-1.3900105250275416
MCD,22_bull_continuation,,HIGH,129,8.79,144.91,47.29,41.62,58.14,125.96,56.59,-4.86773129359932,3.27274262636152,-1.1000105250275354
MCD,22_bull_continuation,,LOW,164,-6.55,91.03,47.56,1.29,53.05,40.93,60.98,-4.597731293599317,-1.8172573736384834,3.289989474972458
MCD,22_bull_continuation,,MID,187,3.55,102.61,54.55,-28.68,46.24,22.63,53.76,2.392268706400678,-8.627257373638479,-3.930010525027541
MCD,22_bull_reversal,,HIGH,115,-21.57,150.11,46.09,-5.73,49.57,87.89,51.3,-6.067731293599316,-5.29725737363848,-6.390010525027542
MCD,22_bull_reversal,,LOW,107,-11.15,96.14,45.79,-1.77,55.14,68.48,62.62,-6.36773129359932,0.27274262636152,4.929989474972459
MCD,22_bull_reversal,,MID,113,4.16,100.56,58.41,4.49,50.89,79.15,62.39,6.2522687064006774,-3.97725737363848,4.699989474972462
MCD,312_bull_reversal,,LOW,11,-5.95,60.27,45.45,-30.95,36.36,-17.15,63.64,-6.707731293599316,-18.50725737363848,5.949989474972462
MCD,312_bull_reversal,,MID,10,1.12,83.36,50.0,-94.84,30.0,-110.39,40.0,-2.157731293599319,-24.86725737363848,-17.69001052502754
MCD,322_bear_continuation,,HIGH,12,1.53,126.32,50.0,-75.46,25.0,143.93,75.0,-2.157731293599319,-29.86725737363848,17.30998947497246
MCD,322_bear_continuation,,LOW,10,27.75,63.58,60.0,54.52,80.0,198.4,50.0,7.842268706400681,25.13274262636152,-7.690010525027539
MCD,322_bear_continuation,,MID,12,20.02,128.42,58.33,68.66,50.0,159.05,70.0,6.172268706400679,-4.8672573736384805,12.309989474972461
MCD,322_bull_continuation,,LOW,17,2.43,91.53,64.71,4.26,52.94,6.49,58.82,12.552268706400675,-1.9272573736384828,1.1299894749724615
MCD,322_bull_continuation,,MID,10,-2.56,92.11,40.0,136.02,90.0,209.05,60.0,-12.15773129359932,35.13274262636152,2.309989474972461
MCD,clean_2d_bear,,HIGH,14,38.55,125.72,64.29,117.77,71.43,185.11,57.14,12.132268706400687,16.562742626361526,-0.5500105250275382
MCD,clean_2d_bear,,LOW,10,-12.65,103.62,40.0,113.46,80.0,322.5,80.0,-12.15773129359932,25.13274262636152,22.30998947497246
MCD,clean_2d_bear,,MID,15,5.72,93.68,46.67,25.97,60.0,231.31,76.92,-5.487731293599317,5.1327426263615195,19.229989474972463
MCD,clean_2u_bull,,HIGH,11,47.54,348.66,27.27,-20.62,36.36,178.15,72.73,-24.88773129359932,-18.50725737363848,15.039989474972465
MCD,clean_2u_bull,,LOW,16,-1.37,115.23,56.25,0.74,56.25,212.25,68.75,4.092268706400681,1.3827426263615195,11.059989474972461
MCD,clean_2u_bull,,MID,10,-14.5,81.43,30.0,61.67,60.0,116.23,50.0,-22.15773129359932,5.1327426263615195,-7.690010525027539
MCD,f2d_bull_reversal,,HIGH,11,-38.72,44.49,9.09,-84.04,36.36,-187.29,36.36,-43.06773129359932,-18.50725737363848,-21.33001052502754
MCD,,,HIGH,181,3.2,132.22,54.14,60.6,62.98,114.02,55.25,1.9822687064006814,8.112742626361516,-2.440010525027539
MCD,,,LOW,148,20.45,89.22,55.41,45.18,62.16,104.21,68.92,3.2522687064006774,7.292742626361516,11.229989474972463
MCD,,,MID,152,-0.73,110.85,46.71,14.49,56.95,74.68,55.1,-5.447731293599318,2.0827426263615223,-2.5900105250275374
MCHP,11_inside_compression,,LOW,11,2.61,135.76,54.55,-57.01,54.55,179.84,72.73,2.392268706400678,-0.3172573736384834,15.039989474972465
MCHP,132_bear_continuation,,MID,12,19.12,223.65,58.33,213.57,66.67,823.52,90.91,6.172268706400679,11.802742626361521,33.21998947497246
MCHP,212_bear_continuation,,HIGH,20,35.46,368.6,50.0,-128.54,45.0,-21.46,65.0,-2.157731293599319,-9.86725737363848,7.309989474972461
MCHP,212_bear_continuation,,LOW,15,40.15,151.62,53.33,158.49,73.33,84.39,53.33,1.1722687064006792,18.462742626361518,-4.3600105250275405
MCHP,212_bear_continuation,,MID,11,33.33,158.37,45.45,27.02,36.36,146.74,54.55,-6.707731293599316,-18.50725737363848,-3.1400105250275416
MCHP,212_bear_reversal,,HIGH,27,-14.07,249.81,48.15,121.19,51.85,387.82,62.96,-4.007731293599321,-3.017257373638479,5.269989474972462
MCHP,212_bear_reversal,,LOW,23,-21.17,178.7,52.17,-90.89,47.83,-485.97,30.43,0.01226870640068256,-7.037257373638482,-27.26001052502754
MCHP,212_bear_reversal,,MID,28,-86.28,205.7,28.57,68.52,53.57,-91.35,61.54,-23.58773129359932,-1.2972573736384803,3.8499894749724604
MCHP,212_bull_continuation,,HIGH,18,61.97,284.77,61.11,122.76,55.56,-117.86,38.89,8.95226870640068,0.6927426263615217,-18.800010525027538
MCHP,212_bull_continuation,,LOW,23,71.53,172.67,65.22,46.96,60.87,128.4,52.17,13.06226870640068,6.002742626361517,-5.520010525027537
MCHP,212_bull_continuation,,MID,14,58.11,172.59,57.14,82.99,50.0,-431.14,42.86,4.982268706400681,-4.8672573736384805,-14.83001052502754
MCHP,212_bull_reversal,,HIGH,16,-45.85,490.42,50.0,43.84,56.25,112.16,56.25,-2.157731293599319,1.3827426263615195,-1.4400105250275388
MCHP,212_bull_reversal,,LOW,20,-24.45,134.87,55.0,-3.12,50.0,120.3,65.0,2.842268706400681,-4.8672573736384805,7.309989474972461
MCHP,212_bull_reversal,,MID,30,59.89,313.08,56.67,110.98,56.67,184.66,56.67,4.512268706400683,1.8027426263615212,-1.020010525027537
MCHP,22_bear_continuation,,HIGH,167,-11.26,538.47,56.89,-33.82,56.29,337.84,58.08,4.732268706400681,1.4227426263615186,0.3899894749724595
MCHP,22_bear_continuation,,LOW,77,10.52,169.22,50.65,42.3,53.25,189.08,61.04,-1.5077312935993206,-1.6172573736384805,3.3499894749724604
MCHP,22_bear_continuation,,MID,102,-6.26,244.87,50.0,-63.08,42.57,-171.28,43.0,-2.157731293599319,-12.29725737363848,-14.690010525027539
MCHP,22_bear_reversal,,HIGH,115,41.0,304.72,59.13,170.86,61.74,397.09,59.13,6.972268706400683,6.8727426263615214,1.4399894749724638
MCHP,22_bear_reversal,,LOW,94,25.37,147.45,61.7,88.17,60.64,94.52,58.51,9.542268706400684,5.77274262636152,0.8199894749724592
MCHP,22_bear_reversal,,MID,102,5.89,206.66,46.08,-27.88,55.45,29.83,51.49,-6.077731293599321,0.5827426263615223,-6.200010525027537
MCHP,22_bull_continuation,,HIGH,135,35.83,305.53,54.07,45.49,48.15,391.07,61.48,1.9122687064006811,-6.717257373638482,3.789989474972458
MCHP,22_bull_continuation,,LOW,171,-6.75,160.38,49.12,-0.02,55.56,33.98,53.22,-3.0377312935993217,0.6927426263615217,-4.47001052502754
MCHP,22_bull_continuation,,MID,150,53.7,269.89,53.33,94.27,54.67,77.81,54.17,1.1722687064006792,-0.19725737363847884,-3.520010525027537
MCHP,22_bull_reversal,,HIGH,123,4.38,351.03,53.66,95.81,56.91,388.7,61.79,1.5022687064006774,2.042742626361516,4.09998947497246
MCHP,22_bull_reversal,,LOW,102,18.54,208.53,53.92,75.32,60.78,33.77,51.96,1.7622687064006826,5.912742626361521,-5.730010525027538
MCHP,22_bull_reversal,,MID,109,-6.01,213.08,48.62,42.75,52.29,138.36,55.14,-3.5377312935993217,-2.5772573736384814,-2.550010525027538
MCHP,322_bear_continuation,,HIGH,20,57.83,331.33,60.0,-26.83,60.0,202.9,65.0,7.842268706400681,5.1327426263615195,7.309989474972461
MCHP,322_bear_continuation,,MID,15,61.73,244.72,46.67,138.4,73.33,367.73,71.43,-5.487731293599317,18.462742626361518,13.739989474972468
MCHP,322_bull_continuation,,LOW,18,-31.47,158.38,55.56,-206.41,27.78,-487.24,38.89,3.402268706400683,-27.08725737363848,-18.800010525027538
MCHP,322_bull_continuation,,MID,11,27.91,176.41,54.55,370.09,81.82,479.19,63.64,2.392268706400678,26.952742626361513,5.949989474972462
MCHP,clean_2d_bear,,HIGH,13,82.6,232.49,69.23,309.23,69.23,621.39,76.92,17.072268706400685,14.362742626361523,19.229989474972463
MCHP,clean_2d_bear,,LOW,13,-25.26,190.8,38.46,-186.38,38.46,-218.41,30.77,-13.697731293599318,-16.40725737363848,-26.92001052502754
MCHP,clean_2d_bear,,MID,16,-73.26,185.58,37.5,-5.98,50.0,399.31,68.75,-14.65773129359932,-4.8672573736384805,11.059989474972461
MCHP,clean_2u_bull,,LOW,20,-24.7,124.77,45.0,-170.38,35.0,-264.76,35.0,-7.157731293599319,-19.86725737363848,-22.69001052502754
MCHP,clean_2u_bull,,MID,16,-91.21,189.93,31.25,223.0,62.5,167.34,56.25,-20.90773129359932,7.6327426263615195,-1.4400105250275388
MCHP,f2d_bull_reversal,,MID,13,-60.46,357.21,53.85,-185.16,33.33,-273.43,41.67,1.6922687064006823,-21.537257373638482,-16.020010525027537
MCHP,f2u_bear_reversal,,HIGH,11,12.59,409.01,36.36,39.77,54.55,472.47,45.45,-15.79773129359932,-0.3172573736384834,-12.240010525027536
MCHP,,,HIGH,137,16.47,374.97,48.91,129.02,58.39,421.37,59.85,-3.2477312935993226,3.52274262636152,2.1599894749724626
MCHP,,,LOW,174,-8.47,175.04,55.17,-49.64,48.85,-194.87,43.1,3.0122687064006826,-6.017257373638479,-14.590010525027537
MCHP,,,MID,171,-27.04,231.78,48.54,-10.34,46.47,29.88,54.17,-3.61773129359932,-8.397257373638482,-3.520010525027537
MCK,132_bull_continuation,,HIGH,13,29.36,80.93,69.23,-4.66,38.46,270.39,76.92,17.072268706400685,-16.40725737363848,19.229989474972463
MCK,212_bear_continuation,,HIGH,11,-64.78,384.34,54.55,-210.95,27.27,-11.23,45.45,2.392268706400678,-27.59725737363848,-12.240010525027536
MCK,212_bear_continuation,,LOW,11,48.88,105.16,63.64,-28.01,45.45,187.63,63.64,11.482268706400681,-9.417257373638478,5.949989474972462
MCK,212_bear_continuation,,MID,16,2.12,118.35,56.25,76.11,75.0,318.88,66.67,4.092268706400681,20.13274262636152,8.979989474972463
MCK,212_bear_reversal,,HIGH,27,-40.42,218.77,48.15,-81.88,37.04,266.99,59.26,-4.007731293599321,-17.82725737363848,1.5699894749724592
MCK,212_bear_reversal,,LOW,25,50.49,99.71,68.0,85.09,64.0,270.26,56.0,15.84226870640068,9.13274262636152,-1.6900105250275388
MCK,212_bear_reversal,,MID,19,12.37,116.93,52.63,31.66,42.11,45.37,63.16,0.4722687064006834,-12.757257373638481,5.469989474972458
MCK,212_bull_continuation,,HIGH,18,0.65,190.19,50.0,66.46,61.11,176.27,66.67,-2.157731293599319,6.242742626361519,8.979989474972463
MCK,212_bull_continuation,,LOW,22,15.01,160.03,59.09,47.87,63.64,-175.69,36.36,6.932268706400684,8.77274262636152,-21.33001052502754
MCK,212_bull_continuation,,MID,20,-8.82,139.19,45.0,84.5,60.0,273.52,80.0,-7.157731293599319,5.1327426263615195,22.30998947497246
MCK,212_bull_reversal,,HIGH,24,73.68,180.51,70.83,192.96,79.17,381.88,70.83,18.67226870640068,24.30274262636152,13.13998947497246
MCK,212_bull_reversal,,LOW,19,56.0,94.41,78.95,50.52,68.42,25.0,42.11,26.792268706400684,13.552742626361521,-15.58001052502754
MCK,212_bull_reversal,,MID,20,-2.11,181.27,50.0,28.56,45.0,411.2,80.0,-2.157731293599319,-9.86725737363848,22.30998947497246
MCK,22_bear_continuation,,HIGH,116,1.44,239.4,50.0,144.42,62.93,271.83,63.79,-2.157731293599319,8.06274262636152,6.09998947497246
MCK,22_bear_continuation,,LOW,93,2.02,119.98,47.31,-32.0,50.54,51.64,54.84,-4.847731293599317,-4.327257373638481,-2.8500105250275354
MCK,22_bear_continuation,,MID,106,-12.7,197.19,48.11,48.06,53.77,187.39,63.81,-4.04773129359932,-1.0972573736384774,6.1199894749724635
MCK,22_bear_reversal,,HIGH,109,43.15,224.76,57.8,30.88,52.29,263.05,59.63,5.642268706400678,-2.5772573736384814,1.9399894749724638
MCK,22_bear_reversal,,LOW,103,16.19,140.35,57.28,11.35,53.4,-74.02,49.51,5.122268706400682,-1.467257373638482,-8.18001052502754
MCK,22_bear_reversal,,MID,98,43.44,247.86,56.12,59.03,59.18,190.74,60.2,3.9622687064006783,4.312742626361519,2.509989474972464
MCK,22_bull_continuation,,HIGH,146,3.11,215.1,52.74,101.8,63.7,291.43,66.44,0.5822687064006828,8.832742626361522,8.749989474972459
MCK,22_bull_continuation,,LOW,164,3.77,124.72,51.83,32.9,54.88,36.8,53.66,-0.32773129359932085,0.012742626361522014,-4.030010525027542
MCK,22_bull_continuation,,MID,160,1.88,157.85,51.25,-17.14,51.25,-12.86,51.88,-0.9077312935993191,-3.6172573736384805,-5.810010525027536
MCK,22_bull_reversal,,HIGH,108,-15.7,185.17,50.0,12.25,51.85,201.9,51.85,-2.157731293599319,-3.017257373638479,-5.840010525027537
MCK,22_bull_reversal,,LOW,108,33.11,145.65,62.04,27.53,50.93,99.99,57.41,9.88226870640068,-3.937257373638481,-0.2800105250275422
MCK,22_bull_reversal,,MID,112,-0.58,257.36,55.36,63.79,58.04,118.16,60.71,3.2022687064006803,3.1727426263615186,3.019989474972462
MCK,312_bull_reversal,,HIGH,13,19.24,150.04,53.85,136.02,84.62,371.73,61.54,1.6922687064006823,29.752742626361524,3.8499894749724604
MCK,312_bull_reversal,,LOW,13,8.87,115.81,53.85,116.2,61.54,106.23,53.85,1.6922687064006823,6.672742626361519,-3.8400105250275374
MCK,322_bear_continuation,,LOW,19,26.14,137.96,63.16,-11.12,63.16,256.25,68.42,11.002268706400677,8.292742626361516,10.729989474972463
MCK,322_bull_continuation,,HIGH,22,-64.55,262.15,50.0,-94.67,45.45,141.19,59.09,-2.157731293599319,-9.417257373638478,1.3999894749724646
MCK,322_bull_continuation,,MID,17,-41.41,150.37,41.18,-12.04,52.94,-137.72,52.94,-10.97773129359932,-1.9272573736384828,-4.750010525027541
MCK,clean_2d_bear,,HIGH,14,-16.63,202.15,42.86,31.39,50.0,225.11,64.29,-9.29773129359932,-4.8672573736384805,6.5999894749724675
MCK,clean_2d_bear,,LOW,18,-2.72,149.5,50.0,-128.39,55.56,88.28,55.56,-2.157731293599319,0.6927426263615217,-2.1300105250275365
MCK,clean_2d_bear,,MID,17,74.68,86.72,88.24,227.52,88.24,271.01,70.59,36.082268706400676,33.372742626361514,12.899989474972465
MCK,clean_2u_bull,,HIGH,12,76.96,132.52,66.67,-68.17,41.67,234.07,50.0,14.512268706400683,-13.197257373638479,-7.690010525027539
MCK,clean_2u_bull,,LOW,11,-36.02,212.85,54.55,-46.68,45.45,41.15,54.55,2.392268706400678,-9.417257373638478,-3.1400105250275416
MCK,clean_2u_bull,,MID,14,3.97,213.5,57.14,-92.1,28.57,163.17,71.43,4.982268706400681,-26.29725737363848,13.739989474972468
MCK,f2d_bull_reversal,,MID,10,39.7,121.2,70.0,-55.77,50.0,280.01,60.0,17.84226870640068,-4.8672573736384805,2.309989474972461
MCK,,,HIGH,176,32.99,191.05,59.66,85.16,59.66,262.88,61.36,7.5022687064006774,4.792742626361516,3.6699894749724606
MCK,,,LOW,168,-26.25,150.36,46.43,-17.3,50.6,26.14,48.81,-5.727731293599319,-4.267257373638479,-8.880010525027537
MCK,,,MID,153,3.5,148.27,52.29,53.22,55.56,193.46,66.67,0.13226870640068,0.6927426263615217,8.979989474972463
MELI,212_bear_continuation,,LOW,11,37.28,182.64,63.64,223.34,63.64,463.93,81.82,11.482268706400681,8.77274262636152,24.129989474972454
MELI,212_bear_continuation,,MID,22,10.47,215.17,40.91,67.61,54.55,199.14,52.38,-11.247731293599323,-0.3172573736384834,-5.310010525027536
MELI,212_bear_reversal,,HIGH,20,59.13,313.28,55.0,247.54,65.0,397.72,55.0,2.842268706400681,10.13274262636152,-2.690010525027539
MELI,212_bear_reversal,,LOW,27,87.92,443.27,48.15,62.32,55.56,422.81,62.96,-4.007731293599321,0.6927426263615217,5.269989474972462
MELI,212_bear_reversal,,MID,20,-83.02,296.48,30.0,-119.62,35.0,61.15,50.0,-22.15773129359932,-19.86725737363848,-7.690010525027539
MELI,212_bull_continuation,,HIGH,14,81.11,337.49,57.14,177.75,64.29,591.5,57.14,4.982268706400681,9.422742626361526,-0.5500105250275382
MELI,212_bull_continuation,,LOW,28,-32.75,164.72,42.86,-112.51,46.43,56.95,53.57,-9.29773129359932,-8.43725737363848,-4.1200105250275385
MELI,212_bull_continuation,,MID,18,-44.09,228.37,33.33,-61.25,72.22,-33.87,55.56,-18.82773129359932,17.35274262636152,-2.1300105250275365
MELI,212_bull_reversal,,HIGH,27,104.41,364.14,70.37,62.89,55.56,600.43,55.56,18.212268706400685,0.6927426263615217,-2.1300105250275365
MELI,212_bull_reversal,,LOW,24,50.27,329.77,45.83,-39.19,41.67,367.28,54.17,-6.327731293599321,-13.197257373638479,-3.520010525027537
MELI,212_bull_reversal,,MID,31,54.88,239.9,61.29,180.94,58.06,-145.92,43.33,9.13226870640068,3.1927426263615217,-14.36001052502754
MELI,22_bear_continuation,,HIGH,140,41.86,451.72,58.57,135.97,53.57,646.14,62.86,6.412268706400681,-1.2972573736384803,5.169989474972461
MELI,22_bear_continuation,,LOW,86,-13.57,206.33,46.51,64.12,54.65,207.64,54.65,-5.647731293599321,-0.21725737363848197,-3.04001052502754
MELI,22_bear_continuation,,MID,112,-12.76,298.7,50.89,-73.07,46.85,191.68,52.78,-1.2677312935993186,-8.01725737363848,-4.910010525027538
MELI,22_bear_reversal,,HIGH,114,-3.43,352.78,57.02,36.87,54.39,351.46,59.65,4.862268706400684,-0.47725737363848,1.9599894749724598
MELI,22_bear_reversal,,LOW,86,-36.3,184.73,45.35,80.23,54.65,275.22,61.63,-6.807731293599318,-0.21725737363848197,3.9399894749724638
MELI,22_bear_reversal,,MID,112,11.87,310.86,50.0,8.78,50.45,95.8,51.85,-2.157731293599319,-4.417257373638478,-5.840010525027537
MELI,22_bull_continuation,,HIGH,128,15.79,309.7,57.81,162.42,62.5,537.83,66.41,5.652268706400683,7.6327426263615195,8.719989474972458
MELI,22_bull_continuation,,LOW,166,25.8,232.18,53.01,76.17,50.6,211.79,59.04,0.8522687064006789,-4.267257373638479,1.3499894749724604
MELI,22_bull_continuation,,MID,136,-28.57,297.48,44.85,-55.28,49.26,-233.14,42.86,-7.307731293599318,-5.6072573736384825,-14.83001052502754
MELI,22_bull_reversal,,HIGH,108,-0.62,385.85,47.22,66.06,52.78,272.28,57.41,-4.93773129359932,-2.0872573736384794,-0.2800105250275422
MELI,22_bull_reversal,,LOW,89,31.08,290.25,65.17,130.43,62.92,349.69,62.92,13.012268706400683,8.052742626361521,5.229989474972463
MELI,22_bull_reversal,,MID,103,7.05,254.19,56.31,41.62,52.48,190.83,50.51,4.152268706400683,-2.3872573736384837,-7.180010525027541
MELI,312_bull_reversal,,LOW,17,37.27,196.22,52.94,46.9,41.18,237.51,52.94,0.7822687064006786,-13.68725737363848,-4.750010525027541
MELI,322_bear_continuation,,HIGH,17,80.96,406.17,70.59,228.88,64.71,378.21,58.82,18.432268706400684,9.842742626361513,1.1299894749724615
MELI,322_bear_continuation,,LOW,11,97.33,247.82,63.64,305.66,72.73,951.06,81.82,11.482268706400681,17.862742626361523,24.129989474972454
MELI,322_bull_continuation,,HIGH,21,188.78,618.85,66.67,305.67,71.43,1060.0,85.71,14.512268706400683,16.562742626361526,28.019989474972455
MELI,322_bull_continuation,,LOW,17,29.1,229.18,58.82,-10.24,52.94,-81.26,58.82,6.662268706400681,-1.9272573736384828,1.1299894749724615
MELI,322_bull_continuation,,MID,11,-160.71,388.9,36.36,-268.85,27.27,340.8,45.45,-15.79773129359932,-27.59725737363848,-12.240010525027536
MELI,clean_2d_bear,,HIGH,11,-20.31,353.78,45.45,410.9,81.82,528.17,72.73,-6.707731293599316,26.952742626361513,15.039989474972465
MELI,clean_2d_bear,,LOW,15,0.91,204.71,53.33,-49.85,53.33,512.24,60.0,1.1722687064006792,-1.5372573736384822,2.309989474972461
MELI,clean_2d_bear,,MID,10,-69.08,340.9,50.0,-68.98,40.0,-265.4,30.0,-2.157731293599319,-14.86725737363848,-27.69001052502754
MELI,clean_2u_bull,,HIGH,19,5.04,370.81,52.63,222.48,57.89,614.79,63.16,0.4722687064006834,3.02274262636152,5.469989474972458
MELI,clean_2u_bull,,LOW,14,18.97,170.28,57.14,260.7,64.29,488.04,71.43,4.982268706400681,9.422742626361526,13.739989474972468
MELI,clean_2u_bull,,MID,17,-12.29,303.14,58.82,-37.59,47.06,277.05,58.82,6.662268706400681,-7.807257373638478,1.1299894749724615
MELI,f2d_bull_reversal,,MID,10,-35.54,258.82,50.0,2.15,50.0,437.08,60.0,-2.157731293599319,-4.8672573736384805,2.309989474972461
MELI,f2u_bear_reversal,,MID,12,-98.03,172.16,16.67,-341.65,16.67,-361.09,25.0,-35.48773129359932,-38.19725737363848,-32.69001052502754
MELI,,,HIGH,170,42.19,357.86,60.0,224.5,62.94,584.98,62.35,7.842268706400681,8.072742626361517,4.659989474972463
MELI,,,LOW,189,19.38,272.51,53.97,75.14,53.97,349.71,61.38,1.8122687064006797,-0.8972573736384817,3.6899894749724638
MELI,,,MID,173,14.19,235.94,49.71,-5.48,51.45,19.15,49.71,-2.4477312935993183,-3.4172573736384777,-7.980010525027538
META,132_bear_continuation,,HIGH,10,64.53,216.48,70.0,-169.78,50.0,3.57,50.0,17.84226870640068,-4.8672573736384805,-7.690010525027539
META,132_bull_continuation,,MID,10,-36.24,166.91,30.0,-82.29,50.0,116.54,60.0,-22.15773129359932,-4.8672573736384805,2.309989474972461
META,212_bear_continuation,,HIGH,16,55.1,247.92,56.25,455.92,75.0,597.85,62.5,4.092268706400681,20.13274262636152,4.809989474972461
META,212_bear_continuation,,LOW,10,24.04,133.49,70.0,307.78,80.0,413.63,80.0,17.84226870640068,25.13274262636152,22.30998947497246
META,212_bear_continuation,,MID,14,-40.05,104.7,35.71,-181.16,35.71,53.22,53.85,-16.44773129359932,-19.15725737363848,-3.8400105250275374
META,212_bear_reversal,,HIGH,28,68.12,250.43,57.14,-21.95,53.57,256.54,67.86,4.982268706400681,-1.2972573736384803,10.16998947497246
META,212_bear_reversal,,LOW,28,2.43,132.29,46.43,-30.52,57.14,62.03,57.14,-5.727731293599319,2.27274262636152,-0.5500105250275382
META,212_bear_reversal,,MID,24,-0.37,144.36,58.33,1.32,54.17,287.05,58.33,6.172268706400679,-0.6972573736384788,0.6399894749724595
META,212_bull_continuation,,HIGH,15,37.8,214.16,60.0,66.31,53.33,-229.55,40.0,7.842268706400681,-1.5372573736384822,-17.69001052502754
META,212_bull_continuation,,LOW,19,-48.55,135.66,42.11,-94.16,52.63,401.57,73.68,-10.04773129359932,-2.237257373638478,15.989989474972468
META,212_bull_continuation,,MID,16,22.12,142.11,62.5,-23.39,50.0,-691.68,25.0,10.34226870640068,-4.8672573736384805,-32.69001052502754
META,212_bull_reversal,,HIGH,25,29.59,159.14,52.0,83.23,60.0,-3.95,56.0,-0.15773129359931914,5.1327426263615195,-1.6900105250275388
META,212_bull_reversal,,LOW,30,50.62,129.83,66.67,25.21,56.67,323.81,76.67,14.512268706400683,1.8027426263615212,18.979989474972463
META,212_bull_reversal,,MID,23,138.96,506.21,60.87,135.89,56.52,186.87,69.57,8.712268706400678,1.6527426263615226,11.879989474972454
META,22_bear_continuation,,HIGH,166,46.27,294.79,59.04,93.43,57.23,170.98,57.83,6.88226870640068,2.3627426263615163,0.1399894749724595
META,22_bear_continuation,,LOW,81,7.61,172.66,56.79,113.95,61.73,253.07,64.2,4.63226870640068,6.862742626361516,6.509989474972464
META,22_bear_continuation,,MID,116,1.51,221.05,53.45,59.64,56.14,265.74,65.45,1.2922687064006837,1.27274262636152,7.759989474972464
META,22_bear_reversal,,HIGH,121,11.94,355.58,57.85,114.94,59.5,329.92,61.98,5.692268706400682,4.6327426263615195,4.289989474972458
META,22_bear_reversal,,LOW,105,5.71,132.66,54.29,52.24,58.1,274.34,68.57,2.13226870640068,3.232742626361521,10.879989474972454
META,22_bear_reversal,,MID,108,2.88,167.38,51.85,14.42,53.27,235.91,63.46,-0.3077312935993177,-1.5972573736384774,5.769989474972462
META,22_bull_continuation,,HIGH,118,-17.44,390.2,52.54,22.45,54.24,316.76,59.32,0.38226870640068,-0.6272573736384786,1.6299894749724615
META,22_bull_continuation,,LOW,210,6.69,193.46,47.14,22.39,53.81,130.89,60.0,-5.017731293599319,-1.0572573736384783,2.309989474972461
META,22_bull_continuation,,MID,180,-9.93,179.62,46.11,54.3,59.78,110.48,61.45,-6.04773129359932,4.912742626361521,3.759989474972464
META,22_bull_reversal,,HIGH,118,-53.26,291.43,45.76,29.95,53.39,312.75,63.56,-6.397731293599321,-1.47725737363848,5.8699894749724635
META,22_bull_reversal,,LOW,103,50.51,240.53,57.28,96.62,61.17,244.41,69.9,5.122268706400682,6.302742626361521,12.209989474972467
META,22_bull_reversal,,MID,128,4.41,242.67,46.09,55.43,57.03,255.41,65.08,-6.067731293599316,2.1627426263615206,7.3899894749724595
META,312_bull_reversal,,HIGH,11,89.23,379.8,63.64,-92.46,45.45,285.9,54.55,11.482268706400681,-9.417257373638478,-3.1400105250275416
META,312_bull_reversal,,LOW,14,49.87,134.54,64.29,213.95,64.29,333.56,85.71,12.132268706400687,9.422742626361526,28.019989474972455
META,312_bull_reversal,,MID,10,59.4,106.2,80.0,356.94,90.0,278.8,70.0,27.84226870640068,35.13274262636152,12.309989474972461
META,322_bear_continuation,,HIGH,19,59.55,328.86,52.63,-34.65,52.63,12.33,57.89,0.4722687064006834,-2.237257373638478,0.19998947497246178
META,322_bear_continuation,,MID,10,13.49,401.45,50.0,-8.21,30.0,231.11,60.0,-2.157731293599319,-24.86725737363848,2.309989474972461
META,322_bull_continuation,,LOW,21,-16.89,140.27,52.38,-9.05,52.38,-54.03,52.38,0.2222687064006834,-2.487257373638478,-5.310010525027536
META,322_bull_continuation,,MID,13,17.56,210.3,53.85,-77.03,38.46,-121.81,38.46,1.6922687064006823,-16.40725737363848,-19.230010525027538
META,clean_2d_bear,,HIGH,16,26.22,172.76,62.5,149.44,56.25,180.77,62.5,10.34226870640068,1.3827426263615195,4.809989474972461
META,clean_2d_bear,,MID,12,-39.74,237.33,33.33,-131.02,25.0,5.51,58.33,-18.82773129359932,-29.86725737363848,0.6399894749724595
META,clean_2u_bull,,HIGH,10,-55.9,361.71,60.0,25.34,50.0,444.34,60.0,7.842268706400681,-4.8672573736384805,2.309989474972461
META,clean_2u_bull,,LOW,12,77.4,181.2,75.0,65.49,66.67,115.86,66.67,22.84226870640068,11.802742626361521,8.979989474972463
META,clean_2u_bull,,MID,13,-19.67,242.82,53.85,-62.14,53.85,-234.36,41.67,1.6922687064006823,-1.0172573736384791,-16.020010525027537
META,f2d_bull_reversal,,LOW,10,-4.37,83.21,40.0,-14.56,50.0,-58.98,70.0,-12.15773129359932,-4.8672573736384805,12.309989474972461
META,f2u_bear_reversal,,LOW,10,-3.94,110.7,30.0,28.31,50.0,-124.88,50.0,-22.15773129359932,-4.8672573736384805,-7.690010525027539
META,,,HIGH,173,7.33,282.61,52.02,69.06,56.07,202.65,57.23,-0.13773129359931602,1.2027426263615197,-0.4600105250275419
META,,,LOW,157,7.55,120.89,51.59,87.99,65.61,238.89,71.34,-0.5677312935993157,10.742742626361519,13.649989474972465
META,,,MID,162,-16.03,207.14,47.53,-14.15,50.62,56.92,55.35,-4.627731293599318,-4.247257373638483,-2.3400105250275374
MPWR,11_inside_compression,,HIGH,10,70.12,449.29,60.0,524.77,90.0,136.7,60.0,7.842268706400681,35.13274262636152,2.309989474972461
MPWR,212_bear_continuation,,HIGH,13,123.67,357.34,61.54,108.92,46.15,503.47,76.92,9.38226870640068,-8.717257373638482,19.229989474972463
MPWR,212_bear_continuation,,LOW,10,104.77,161.47,80.0,153.52,80.0,-8.28,50.0,27.84226870640068,25.13274262636152,-7.690010525027539
MPWR,212_bear_reversal,,HIGH,25,186.01,518.58,68.0,420.82,72.0,767.25,76.0,15.84226870640068,17.13274262636152,18.30998947497246
MPWR,212_bear_reversal,,LOW,25,9.71,257.73,64.0,110.65,64.0,310.73,72.0,11.84226870640068,9.13274262636152,14.309989474972461
MPWR,212_bear_reversal,,MID,15,-36.64,238.19,53.33,87.85,60.0,90.67,53.33,1.1722687064006792,5.1327426263615195,-4.3600105250275405
MPWR,212_bull_continuation,,HIGH,19,-84.88,316.45,36.84,-56.21,42.11,66.33,36.84,-15.317731293599316,-12.757257373638481,-20.850010525027535
MPWR,212_bull_continuation,,LOW,23,-3.03,136.11,39.13,85.86,52.17,231.52,78.26,-13.027731293599317,-2.697257373638479,20.569989474972466
MPWR,212_bull_continuation,,MID,10,-22.51,227.0,40.0,-13.08,60.0,504.53,90.0,-12.15773129359932,5.1327426263615195,32.30998947497246
MPWR,212_bull_reversal,,HIGH,18,-51.96,333.95,44.44,2.58,55.56,600.13,77.78,-7.717731293599321,0.6927426263615217,20.089989474972462
MPWR,212_bull_reversal,,LOW,17,-8.27,136.13,52.94,140.18,58.82,291.25,58.82,0.7822687064006786,3.9527426263615197,1.1299894749724615
MPWR,212_bull_reversal,,MID,28,53.63,304.88,64.29,27.06,53.57,13.79,60.71,12.132268706400687,-1.2972573736384803,3.019989474972462
MPWR,22_bear_continuation,,HIGH,142,73.34,418.24,61.27,76.86,52.11,597.68,69.72,9.112268706400684,-2.757257373638481,12.02998947497246
MPWR,22_bear_continuation,,LOW,74,-47.75,192.74,44.59,20.28,51.35,151.83,62.16,-7.567731293599316,-3.517257373638479,4.469989474972458
MPWR,22_bear_continuation,,MID,94,31.59,249.6,56.38,72.69,60.44,390.52,67.78,4.222268706400683,5.572742626361517,10.089989474972462
MPWR,22_bear_reversal,,HIGH,92,69.74,391.03,53.26,174.19,64.13,416.11,54.35,1.1022687064006789,9.262742626361515,-3.3400105250275374
MPWR,22_bear_reversal,,LOW,101,23.63,179.16,63.37,31.99,57.43,194.43,67.33,11.212268706400678,2.562742626361519,9.63998947497246
MPWR,22_bear_reversal,,MID,119,-4.5,255.37,51.26,55.17,61.02,338.73,66.96,-0.8977312935993211,6.152742626361523,9.269989474972455
MPWR,22_bull_continuation,,HIGH,138,33.04,320.45,58.7,94.94,59.42,590.26,69.57,6.542268706400684,4.552742626361521,11.879989474972454
MPWR,22_bull_continuation,,LOW,192,-2.34,167.33,52.08,57.73,61.98,86.42,58.85,-0.07773129359932085,7.112742626361516,1.1599894749724626
MPWR,22_bull_continuation,,MID,159,-10.43,247.68,47.17,14.55,52.83,258.42,61.94,-4.987731293599317,-2.0372573736384822,4.249989474972459
MPWR,22_bull_reversal,,HIGH,107,-41.26,420.76,48.6,159.47,58.88,605.43,66.36,-3.5577312935993177,4.012742626361522,8.66998947497246
MPWR,22_bull_reversal,,LOW,104,47.36,235.9,59.62,38.96,57.69,205.3,63.46,7.462268706400678,2.822742626361517,5.769989474972462
MPWR,22_bull_reversal,,MID,113,-14.42,261.7,51.33,45.53,53.98,277.41,61.82,-0.8277312935993208,-0.8872573736384837,4.1299894749724615
MPWR,312_bull_reversal,,LOW,10,68.4,232.54,50.0,25.93,60.0,247.33,70.0,-2.157731293599319,5.1327426263615195,12.309989474972461
MPWR,322_bear_continuation,,HIGH,13,113.41,313.53,69.23,446.85,69.23,468.01,53.85,17.072268706400685,14.362742626361523,-3.8400105250275374
MPWR,322_bear_continuation,,MID,11,2.92,239.81,63.64,40.32,54.55,51.8,45.45,11.482268706400681,-0.3172573736384834,-12.240010525027536
MPWR,322_bull_continuation,,HIGH,13,47.87,191.03,69.23,-269.07,46.15,-283.98,38.46,17.072268706400685,-8.717257373638482,-19.230010525027538
MPWR,322_bull_continuation,,LOW,18,-39.01,172.13,50.0,-88.98,50.0,-82.27,50.0,-2.157731293599319,-4.8672573736384805,-7.690010525027539
MPWR,322_bull_continuation,,MID,20,62.3,290.39,55.0,103.65,60.0,347.86,70.0,2.842268706400681,5.1327426263615195,12.309989474972461
MPWR,clean_2d_bear,,HIGH,19,91.14,367.8,68.42,190.77,68.42,177.12,68.42,16.262268706400683,13.552742626361521,10.729989474972463
MPWR,clean_2d_bear,,LOW,12,28.37,113.42,66.67,157.14,66.67,357.9,66.67,14.512268706400683,11.802742626361521,8.979989474972463
MPWR,clean_2d_bear,,MID,20,60.19,476.88,65.0,45.41,65.0,-208.89,35.0,12.84226870640068,10.13274262636152,-22.69001052502754
MPWR,clean_2u_bull,,HIGH,13,90.41,391.74,76.92,28.76,76.92,612.38,61.54,24.762268706400683,22.05274262636152,3.8499894749724604
MPWR,clean_2u_bull,,LOW,17,30.15,140.84,58.82,81.24,41.18,49.55,64.71,6.662268706400681,-13.68725737363848,7.019989474972455
MPWR,clean_2u_bull,,MID,28,-35.81,213.39,53.57,-0.53,57.14,60.03,59.26,1.4122687064006811,2.27274262636152,1.5699894749724592
MPWR,f2d_bull_reversal,,HIGH,11,223.52,314.56,81.82,95.78,54.55,455.97,63.64,29.662268706400674,-0.3172573736384834,5.949989474972462
MPWR,,,HIGH,177,9.93,380.23,54.24,159.99,59.89,431.61,63.84,2.082268706400683,5.02274262636152,6.149989474972465
MPWR,,,LOW,161,-6.38,147.9,50.93,47.42,61.49,190.34,68.32,-1.2277312935993194,6.6227426263615214,10.629989474972454
MPWR,,,MID,161,-13.74,286.92,50.93,65.34,55.9,272.45,57.23,-1.2277312935993194,1.032742626361518,-0.4600105250275419
MRVL,212_bear_continuation,,HIGH,19,176.39,563.06,63.16,463.13,73.68,863.43,68.42,11.002268706400677,18.812742626361526,10.729989474972463
MRVL,212_bear_continuation,,LOW,20,-39.74,183.59,40.0,17.1,50.0,143.57,40.0,-12.15773129359932,-4.8672573736384805,-17.69001052502754
MRVL,212_bear_continuation,,MID,11,-11.89,207.1,54.55,-113.0,45.45,709.79,72.73,2.392268706400678,-9.417257373638478,15.039989474972465
MRVL,212_bear_reversal,,HIGH,11,125.62,274.44,63.64,89.4,54.55,-89.77,63.64,11.482268706400681,-0.3172573736384834,5.949989474972462
MRVL,212_bear_reversal,,LOW,28,62.69,282.2,46.43,42.9,50.0,312.26,50.0,-5.727731293599319,-4.8672573736384805,-7.690010525027539
MRVL,212_bear_reversal,,MID,24,-30.03,177.0,45.83,-24.07,54.17,194.69,58.33,-6.327731293599321,-0.6972573736384788,0.6399894749724595
MRVL,212_bull_continuation,,HIGH,19,-114.66,310.74,36.84,67.85,57.89,179.88,47.37,-15.317731293599316,3.02274262636152,-10.320010525027541
MRVL,212_bull_continuation,,LOW,29,-18.52,395.0,65.52,-139.35,48.28,62.75,58.62,13.362268706400677,-6.587257373638479,0.9299894749724587
MRVL,212_bull_continuation,,MID,12,32.14,134.98,58.33,300.47,83.33,392.05,66.67,6.172268706400679,28.462742626361518,8.979989474972463
MRVL,212_bull_reversal,,HIGH,15,197.45,278.11,80.0,90.79,73.33,418.77,66.67,27.84226870640068,18.462742626361518,8.979989474972463
MRVL,212_bull_reversal,,LOW,33,-61.36,248.61,48.48,125.46,54.55,293.15,63.64,-3.6777312935993223,-0.3172573736384834,5.949989474972462
MRVL,212_bull_reversal,,MID,30,153.55,279.5,70.0,13.82,63.33,279.11,60.0,17.84226870640068,8.462742626361518,2.309989474972461
MRVL,22_bear_continuation,,HIGH,164,54.38,375.23,57.32,142.57,53.66,510.81,62.2,5.162268706400681,-1.207257373638484,4.509989474972464
MRVL,22_bear_continuation,,LOW,89,38.33,214.59,53.93,133.84,62.92,114.49,46.07,1.7722687064006806,8.052742626361521,-11.620010525027539
MRVL,22_bear_continuation,,MID,114,-24.44,274.61,44.74,30.5,53.51,137.24,49.12,-7.417731293599317,-1.3572573736384825,-8.570010525027541
MRVL,22_bear_reversal,,HIGH,120,47.11,389.44,55.83,229.53,54.17,610.16,65.0,3.672268706400679,-0.6972573736384788,7.309989474972461
MRVL,22_bear_reversal,,LOW,110,28.78,226.08,54.55,89.73,55.45,116.36,56.36,2.392268706400678,0.5827426263615223,-1.3300105250275394
MRVL,22_bear_reversal,,MID,103,2.44,282.07,58.25,27.37,57.28,354.74,64.36,6.092268706400681,2.4127426263615206,6.669989474972461
MRVL,22_bull_continuation,,HIGH,149,80.55,336.58,61.07,123.48,57.72,525.59,63.76,8.912268706400681,2.8527426263615183,6.069989474972459
MRVL,22_bull_continuation,,LOW,145,-16.25,204.4,40.69,8.74,44.83,13.23,49.66,-11.467731293599321,-10.037257373638482,-8.030010525027542
MRVL,22_bull_continuation,,MID,187,10.01,290.26,51.87,86.22,54.55,494.1,63.78,-0.2877312935993217,-0.3172573736384834,6.089989474972462
MRVL,22_bull_reversal,,HIGH,129,27.32,324.94,49.61,163.67,55.81,449.52,60.47,-2.5477312935993197,0.9427426263615217,2.77998947497246
MRVL,22_bull_reversal,,LOW,111,28.74,240.87,49.55,39.86,50.45,38.57,43.24,-2.607731293599322,-4.417257373638478,-14.450010525027537
MRVL,22_bull_reversal,,MID,99,17.59,426.14,51.52,44.7,55.56,486.77,66.33,-0.637731293599316,0.6927426263615217,8.63998947497246
MRVL,312_bear_reversal,,HIGH,10,-122.71,251.15,30.0,-38.94,50.0,247.9,60.0,-22.15773129359932,-4.8672573736384805,2.309989474972461
MRVL,312_bull_reversal,,LOW,10,7.82,167.88,60.0,7.24,30.0,-12.14,40.0,7.842268706400681,-24.86725737363848,-17.69001052502754
MRVL,312_bull_reversal,,MID,11,-39.38,171.96,45.45,-348.86,18.18,-36.75,45.45,-6.707731293599316,-36.68725737363848,-12.240010525027536
MRVL,322_bear_continuation,,HIGH,21,139.35,401.52,61.9,378.86,66.67,677.5,66.67,9.74226870640068,11.802742626361521,8.979989474972463
MRVL,322_bear_continuation,,MID,12,-9.18,162.92,41.67,195.61,58.33,564.88,83.33,-10.487731293599317,3.4627426263615178,25.63998947497246
MRVL,322_bull_continuation,,HIGH,10,-113.98,491.06,70.0,243.12,80.0,1323.21,90.0,17.84226870640068,25.13274262636152,32.30998947497246
MRVL,322_bull_continuation,,LOW,18,-88.83,231.22,27.78,42.36,38.89,-0.28,50.0,-24.377731293599318,-15.97725737363848,-7.690010525027539
MRVL,32_bear_reversal,,HIGH,10,38.29,337.39,50.0,215.44,70.0,517.97,70.0,-2.157731293599319,15.13274262636152,12.309989474972461
MRVL,clean_2d_bear,,HIGH,17,29.56,367.5,64.71,323.74,70.59,341.05,58.82,12.552268706400675,15.722742626361523,1.1299894749724615
MRVL,clean_2d_bear,,LOW,12,107.24,453.85,50.0,421.21,83.33,577.54,75.0,-2.157731293599319,28.462742626361518,17.30998947497246
MRVL,clean_2d_bear,,MID,15,-44.49,252.02,53.33,-66.66,33.33,312.12,66.67,1.1722687064006792,-21.537257373638482,8.979989474972463
MRVL,clean_2u_bull,,LOW,13,32.28,338.23,38.46,43.89,53.85,171.76,53.85,-13.697731293599318,-1.0172573736384791,-3.8400105250275374
MRVL,clean_2u_bull,,MID,13,-35.63,234.09,38.46,-194.52,30.77,3.42,61.54,-13.697731293599318,-24.09725737363848,3.8499894749724604
MRVL,f2u_bear_reversal,,HIGH,11,-21.86,865.72,36.36,-90.93,45.45,479.21,63.64,-15.79773129359932,-9.417257373638478,5.949989474972462
MRVL,,,HIGH,151,-0.36,395.05,53.64,97.35,59.6,396.61,58.28,1.4822687064006814,4.732742626361521,0.5899894749724623
MRVL,,,LOW,174,21.83,272.54,50.57,60.98,51.72,176.5,52.3,-1.5877312935993189,-3.1472573736384817,-5.390010525027542
MRVL,,,MID,175,-66.51,295.59,41.71,-57.85,44.0,117.78,60.0,-10.447731293599318,-10.86725737363848,2.309989474972461
MSFT,132_bear_continuation,,HIGH,11,-21.85,242.85,36.36,57.64,63.64,666.01,81.82,-15.79773129359932,8.77274262636152,24.129989474972454
MSFT,212_bear_continuation,,HIGH,19,36.2,175.34,63.16,26.27,47.37,-14.43,52.63,11.002268706400677,-7.497257373638483,-5.060010525027536
MSFT,212_bear_continuation,,LOW,11,14.86,75.11,36.36,72.49,72.73,292.39,81.82,-15.79773129359932,17.862742626361523,24.129989474972454
MSFT,212_bear_continuation,,MID,12,1.46,142.55,58.33,175.54,75.0,271.95,66.67,6.172268706400679,20.13274262636152,8.979989474972463
MSFT,212_bear_reversal,,HIGH,23,-24.94,189.5,52.17,59.16,65.22,166.19,60.87,0.01226870640068256,10.352742626361518,3.1799894749724587
MSFT,212_bear_reversal,,LOW,25,66.41,106.48,80.0,73.25,68.0,108.4,68.0,27.84226870640068,13.13274262636152,10.309989474972461
MSFT,212_bear_reversal,,MID,18,24.54,145.44,61.11,81.14,72.22,171.87,61.11,8.95226870640068,17.35274262636152,3.4199894749724606
MSFT,212_bull_continuation,,HIGH,11,-14.34,193.74,45.45,-54.23,45.45,-2.32,45.45,-6.707731293599316,-9.417257373638478,-12.240010525027536
MSFT,212_bull_continuation,,LOW,34,15.39,87.12,47.06,25.4,58.82,137.78,64.71,-5.097731293599317,3.9527426263615197,7.019989474972455
MSFT,212_bull_continuation,,MID,19,2.42,115.36,47.37,75.94,61.11,187.17,66.67,-4.787731293599322,6.242742626361519,8.979989474972463
MSFT,212_bull_reversal,,HIGH,21,-39.06,234.53,52.38,-86.28,42.86,205.34,61.9,0.2222687064006834,-12.007257373638481,4.20998947497246
MSFT,212_bull_reversal,,LOW,29,-18.73,140.98,58.62,44.11,55.17,323.54,82.76,6.462268706400678,0.30274262636152116,25.069989474972466
MSFT,212_bull_reversal,,MID,18,25.0,137.62,55.56,-6.83,38.89,96.68,55.56,3.402268706400683,-15.97725737363848,-2.1300105250275365
MSFT,22_bear_continuation,,HIGH,166,66.86,253.34,59.64,91.21,60.84,257.2,59.64,7.482268706400681,5.972742626361523,1.9499894749724618
MSFT,22_bear_continuation,,LOW,77,20.74,141.2,59.74,50.71,59.74,205.78,74.03,7.582268706400683,4.8727426263615214,16.339989474972462
MSFT,22_bear_continuation,,MID,109,17.67,154.89,54.13,71.34,64.22,124.7,58.88,1.9722687064006834,9.352742626361518,1.1899894749724638
MSFT,22_bear_reversal,,HIGH,138,9.17,225.24,52.9,122.33,60.87,311.66,64.49,0.7422687064006794,6.002742626361517,6.799989474972456
MSFT,22_bear_reversal,,LOW,97,12.05,123.68,53.61,7.92,53.61,111.4,65.98,1.4522687064006803,-1.2572573736384811,8.289989474972465
MSFT,22_bear_reversal,,MID,107,-8.34,165.65,56.07,38.8,60.75,132.25,62.75,3.912268706400681,5.8827426263615195,5.059989474972461
MSFT,22_bull_continuation,,HIGH,133,14.21,190.95,53.38,38.36,56.39,208.08,60.9,1.2222687064006834,1.52274262636152,3.20998947497246
MSFT,22_bull_continuation,,LOW,206,11.13,99.51,56.31,36.6,61.65,187.38,68.93,4.152268706400683,6.782742626361518,11.239989474972468
MSFT,22_bull_continuation,,MID,185,-11.17,155.87,48.65,-9.55,55.68,84.18,60.66,-3.5077312935993206,0.8127426263615192,2.969989474972458
MSFT,22_bull_reversal,,HIGH,128,-5.37,247.61,48.44,64.9,59.38,217.4,61.72,-3.7177312935993214,4.512742626361522,4.02998947497246
MSFT,22_bull_reversal,,LOW,100,16.37,105.91,53.0,41.87,57.0,129.33,66.0,0.8422687064006809,2.1327426263615195,8.309989474972461
MSFT,22_bull_reversal,,MID,117,4.24,151.24,52.99,17.95,54.7,59.82,56.14,0.8322687064006828,-0.1672573736384777,-1.5500105250275382
MSFT,312_bull_reversal,,LOW,12,17.11,97.65,41.67,119.1,83.33,200.75,83.33,-10.487731293599317,28.462742626361518,25.63998947497246
MSFT,312_bull_reversal,,MID,10,-20.2,129.79,50.0,-103.22,30.0,158.29,60.0,-2.157731293599319,-24.86725737363848,2.309989474972461
MSFT,322_bear_continuation,,HIGH,14,6.94,310.94,50.0,225.01,78.57,285.26,64.29,-2.157731293599319,23.702742626361513,6.5999894749724675
MSFT,322_bear_continuation,,MID,10,7.33,70.94,50.0,-71.32,40.0,83.05,50.0,-2.157731293599319,-14.86725737363848,-7.690010525027539
MSFT,322_bull_continuation,,HIGH,16,-26.62,270.75,56.25,-70.42,62.5,222.18,68.75,4.092268706400681,7.6327426263615195,11.059989474972461
MSFT,322_bull_continuation,,LOW,13,6.65,72.13,69.23,95.62,46.15,167.36,69.23,17.072268706400685,-8.717257373638482,11.539989474972465
MSFT,322_bull_continuation,,MID,15,-10.91,119.37,46.67,109.98,66.67,427.46,86.67,-5.487731293599317,11.802742626361521,28.979989474972463
MSFT,clean_2d_bear,,HIGH,12,157.87,173.51,83.33,201.97,75.0,41.42,50.0,31.17226870640068,20.13274262636152,-7.690010525027539
MSFT,clean_2u_bull,,HIGH,11,23.05,101.4,54.55,79.63,72.73,439.44,81.82,2.392268706400678,17.862742626361523,24.129989474972454
MSFT,clean_2u_bull,,LOW,14,-47.31,128.26,42.86,-13.65,50.0,-28.47,50.0,-9.29773129359932,-4.8672573736384805,-7.690010525027539
MSFT,clean_2u_bull,,MID,18,-41.8,128.26,38.89,-43.97,52.94,183.31,68.75,-13.267731293599319,-1.9272573736384828,11.059989474972461
MSFT,f2u_bear_reversal,,MID,11,28.98,164.98,63.64,58.99,63.64,119.59,63.64,11.482268706400681,8.77274262636152,5.949989474972462
MSFT,,,HIGH,144,20.13,231.93,54.17,34.67,56.94,181.22,59.03,2.0122687064006826,2.072742626361517,1.3399894749724623
MSFT,,,LOW,171,8.18,96.78,54.97,53.35,62.57,174.6,69.01,2.8122687064006797,7.70274262636152,11.319989474972466
MSFT,,,MID,171,-4.13,129.83,47.95,36.18,56.21,182.41,64.29,-4.207731293599316,1.3427426263615203,6.5999894749724675
MSTR,212_bear_continuation,,HIGH,17,-62.2,490.56,47.06,76.94,41.18,168.24,52.94,-5.097731293599317,-13.68725737363848,-4.750010525027541
MSTR,212_bear_continuation,,LOW,14,64.97,180.66,50.0,107.72,42.86,245.55,50.0,-2.157731293599319,-12.007257373638481,-7.690010525027539
MSTR,212_bear_continuation,,MID,19,75.63,403.96,57.89,-496.47,47.37,-656.94,42.11,5.732268706400681,-7.497257373638483,-15.58001052502754
MSTR,212_bear_reversal,,HIGH,18,83.86,747.5,55.56,350.72,50.0,834.85,66.67,3.402268706400683,-4.8672573736384805,8.979989474972463
MSTR,212_bear_reversal,,LOW,24,-2.72,187.06,41.67,-24.44,54.17,-290.13,37.5,-10.487731293599317,-0.6972573736384788,-20.19001052502754
MSTR,212_bear_reversal,,MID,21,155.12,693.1,52.38,90.78,47.62,1136.95,61.9,0.2222687064006834,-7.247257373638483,4.20998947497246
MSTR,212_bull_continuation,,HIGH,12,139.63,497.38,50.0,-5.7,58.33,-1066.27,41.67,-2.157731293599319,3.4627426263615178,-16.020010525027537
MSTR,212_bull_continuation,,LOW,16,17.12,338.11,43.75,134.37,56.25,158.53,37.5,-8.40773129359932,1.3827426263615195,-20.19001052502754
MSTR,212_bull_continuation,,MID,14,21.02,382.75,35.71,8.43,57.14,395.9,50.0,-16.44773129359932,2.27274262636152,-7.690010525027539
MSTR,212_bull_reversal,,HIGH,14,135.8,298.27,64.29,398.81,64.29,618.38,64.29,12.132268706400687,9.422742626361526,6.5999894749724675
MSTR,212_bull_reversal,,LOW,26,43.54,425.9,46.15,203.59,42.31,28.61,53.85,-6.007731293599321,-12.557257373638478,-3.8400105250275374
MSTR,212_bull_reversal,,MID,22,9.9,475.84,45.45,-181.6,40.91,-609.95,31.82,-6.707731293599316,-13.957257373638484,-25.87001052502754
MSTR,22_bear_continuation,,HIGH,167,35.2,693.82,56.89,78.39,55.09,758.95,58.68,4.732268706400681,0.22274262636152287,0.9899894749724609
MSTR,22_bear_continuation,,LOW,93,13.25,401.35,52.69,58.12,43.01,159.01,50.54,0.5322687064006786,-11.857257373638483,-7.15001052502754
MSTR,22_bear_continuation,,MID,144,-54.32,406.88,43.75,39.63,46.53,-151.06,41.3,-8.40773129359932,-8.33725737363848,-16.39001052502754
MSTR,22_bear_reversal,,HIGH,117,69.92,555.14,53.85,322.68,64.1,1206.48,65.81,1.6922687064006823,9.232742626361514,8.119989474972463
MSTR,22_bear_reversal,,LOW,100,68.88,450.71,53.0,110.15,49.0,188.6,47.0,0.8422687064006809,-5.8672573736384805,-10.690010525027539
MSTR,22_bear_reversal,,MID,106,-5.42,406.3,48.11,-104.24,42.45,-236.5,42.72,-4.04773129359932,-12.417257373638478,-14.97001052502754
MSTR,22_bull_continuation,,HIGH,135,89.01,680.39,52.59,274.06,57.78,1209.49,64.44,0.43226870640068427,2.9127426263615206,6.749989474972459
MSTR,22_bull_continuation,,LOW,129,9.28,394.42,51.16,4.59,44.96,462.04,48.84,-0.9977312935993226,-9.90725737363848,-8.850010525027535
MSTR,22_bull_continuation,,MID,136,-56.41,459.36,46.32,-99.2,42.65,-87.2,42.42,-5.837731293599319,-12.217257373638482,-15.270010525027537
MSTR,22_bull_reversal,,HIGH,120,72.19,539.09,52.5,342.86,62.5,1062.47,65.83,0.34226870640068086,7.6327426263615195,8.13998947497246
MSTR,22_bull_reversal,,LOW,98,-32.63,320.78,53.06,101.86,50.0,365.51,42.86,0.9022687064006831,-4.8672573736384805,-14.83001052502754
MSTR,22_bull_reversal,,MID,122,24.14,405.52,47.54,3.86,41.8,-16.13,51.67,-4.61773129359932,-13.067257373638483,-6.020010525027537
MSTR,312_bull_reversal,,HIGH,10,-46.94,326.74,20.0,70.92,60.0,2803.09,60.0,-32.15773129359932,5.1327426263615195,2.309989474972461
MSTR,312_bull_reversal,,LOW,12,-16.54,134.74,41.67,-101.89,58.33,-304.19,41.67,-10.487731293599317,3.4627426263615178,-16.020010525027537
MSTR,322_bear_continuation,,HIGH,13,42.65,407.6,46.15,-64.94,46.15,133.67,53.85,-6.007731293599321,-8.717257373638482,-3.8400105250275374
MSTR,322_bear_continuation,,LOW,12,93.92,173.58,66.67,272.53,66.67,1966.49,75.0,14.512268706400683,11.802742626361521,17.30998947497246
MSTR,322_bear_continuation,,MID,11,-74.42,390.33,27.27,-117.05,30.0,314.42,40.0,-24.88773129359932,-24.86725737363848,-17.69001052502754
MSTR,322_bull_continuation,,HIGH,13,159.2,496.56,84.62,-81.51,38.46,2675.79,84.62,32.462268706400685,-16.40725737363848,26.929989474972466
MSTR,322_bull_continuation,,LOW,20,16.51,324.4,55.0,199.54,65.0,-807.74,40.0,2.842268706400681,10.13274262636152,-17.69001052502754
MSTR,322_bull_continuation,,MID,12,11.17,226.36,58.33,-152.63,33.33,424.99,58.33,6.172268706400679,-21.537257373638482,0.6399894749724595
MSTR,32_bull_reversal,,LOW,12,-20.32,150.21,58.33,214.59,66.67,931.27,75.0,6.172268706400679,11.802742626361521,17.30998947497246
MSTR,clean_2d_bear,,HIGH,18,-116.24,612.29,50.0,212.71,50.0,672.12,61.11,-2.157731293599319,-4.8672573736384805,3.4199894749724606
MSTR,clean_2d_bear,,LOW,16,48.65,148.82,68.75,226.59,62.5,1144.23,75.0,16.59226870640068,7.6327426263615195,17.30998947497246
MSTR,clean_2d_bear,,MID,16,-32.59,379.92,68.75,-303.83,31.25,-1056.6,37.5,16.59226870640068,-23.61725737363848,-20.19001052502754
MSTR,clean_2u_bull,,HIGH,11,131.2,755.85,72.73,80.93,63.64,2204.62,72.73,20.572268706400685,8.77274262636152,15.039989474972465
MSTR,clean_2u_bull,,LOW,19,-13.06,214.91,57.89,36.25,42.11,-749.78,47.37,5.732268706400681,-12.757257373638481,-10.320010525027541
MSTR,clean_2u_bull,,MID,13,92.87,452.89,61.54,-24.87,38.46,-63.5,38.46,9.38226870640068,-16.40725737363848,-19.230010525027538
MSTR,f2d_bull_reversal,,HIGH,12,79.63,434.35,25.0,-375.4,58.33,297.89,50.0,-27.15773129359932,3.4627426263615178,-7.690010525027539
MSTR,,,HIGH,144,-48.37,856.15,54.17,102.39,53.47,640.39,60.42,2.0122687064006826,-1.3972573736384817,2.729989474972463
MSTR,,,LOW,183,10.01,279.07,46.45,105.34,49.73,143.79,51.37,-5.707731293599316,-5.137257373638484,-6.320010525027541
MSTR,,,MID,158,-28.33,450.05,42.41,-36.01,47.44,-64.76,50.0,-9.747731293599323,-7.427257373638483,-7.690010525027539
MU,212_bear_continuation,,HIGH,21,21.0,383.42,57.14,132.71,57.14,678.68,61.9,4.982268706400681,2.27274262636152,4.20998947497246
MU,212_bear_continuation,,LOW,17,71.39,183.28,70.59,300.13,70.59,492.34,64.71,18.432268706400684,15.722742626361523,7.019989474972455
MU,212_bear_reversal,,HIGH,27,-38.56,437.78,51.85,92.43,55.56,682.08,55.56,-0.3077312935993177,0.6927426263615217,-2.1300105250275365
MU,212_bear_reversal,,LOW,21,-40.17,250.03,38.1,-136.7,52.38,36.66,47.62,-14.057731293599318,-2.487257373638478,-10.070010525027541
MU,212_bear_reversal,,MID,22,6.07,265.98,36.36,104.09,63.64,544.1,63.64,-15.79773129359932,8.77274262636152,5.949989474972462
MU,212_bull_continuation,,LOW,17,19.8,201.64,58.82,185.5,47.06,155.4,64.71,6.662268706400681,-7.807257373638478,7.019989474972455
MU,212_bull_continuation,,MID,16,72.11,264.59,68.75,361.6,75.0,519.39,56.25,16.59226870640068,20.13274262636152,-1.4400105250275388
MU,212_bull_reversal,,HIGH,22,165.7,364.18,59.09,428.32,81.82,409.34,63.64,6.932268706400684,26.952742626361513,5.949989474972462
MU,212_bull_reversal,,LOW,23,44.31,273.2,52.17,48.92,56.52,605.02,69.57,0.01226870640068256,1.6527426263615226,11.879989474972454
MU,212_bull_reversal,,MID,19,31.05,255.36,57.89,-44.67,52.63,365.18,63.16,5.732268706400681,-2.237257373638478,5.469989474972458
MU,22_bear_continuation,,HIGH,167,36.58,360.06,57.49,69.97,52.69,359.94,59.28,5.332268706400683,-2.177257373638483,1.5899894749724623
MU,22_bear_continuation,,LOW,77,29.72,282.4,51.95,210.69,63.64,277.74,58.44,-0.2077312935993163,8.77274262636152,0.7499894749724589
MU,22_bear_continuation,,MID,117,29.94,309.74,55.56,96.74,50.43,443.96,58.97,3.402268706400683,-4.437257373638481,1.27998947497246
MU,22_bear_reversal,,HIGH,108,12.77,337.99,53.7,104.28,51.85,286.05,59.26,1.5422687064006837,-3.017257373638479,1.5699894749724592
MU,22_bear_reversal,,LOW,119,17.81,255.57,52.1,67.34,47.06,233.74,58.82,-0.05773129359931772,-7.807257373638478,1.1299894749724615
MU,22_bear_reversal,,MID,109,13.83,325.1,44.95,101.93,55.05,528.26,57.8,-7.207731293599316,0.1827426263615166,0.10998947497245837
MU,22_bull_continuation,,HIGH,143,47.75,346.11,51.75,88.57,60.14,395.94,64.34,-0.40773129359931914,5.27274262636152,6.649989474972465
MU,22_bull_continuation,,LOW,186,34.7,200.81,58.06,81.4,53.76,433.88,59.14,5.902268706400683,-1.1072573736384825,1.4499894749724618
MU,22_bull_continuation,,MID,175,42.84,339.76,55.43,127.54,56.0,610.53,56.98,3.2722687064006806,1.1327426263615195,-0.7100105250275419
MU,22_bull_reversal,,HIGH,115,26.02,336.44,53.04,135.02,54.78,424.22,63.48,0.88226870640068,-0.08725737363847941,5.789989474972458
MU,22_bull_reversal,,LOW,125,6.29,283.01,47.2,43.86,46.4,111.36,51.2,-4.957731293599316,-8.467257373638482,-6.490010525027536
MU,22_bull_reversal,,MID,120,24.76,341.01,50.83,102.48,50.83,481.6,57.14,-1.3277312935993208,-4.037257373638482,-0.5500105250275382
MU,322_bear_continuation,,HIGH,15,83.12,342.72,60.0,-11.89,53.33,924.88,60.0,7.842268706400681,-1.5372573736384822,2.309989474972461
MU,322_bear_continuation,,MID,10,-18.97,268.64,40.0,292.41,50.0,561.16,70.0,-12.15773129359932,-4.8672573736384805,12.309989474972461
MU,322_bull_continuation,,HIGH,13,-101.97,442.35,53.85,12.64,38.46,459.26,61.54,1.6922687064006823,-16.40725737363848,3.8499894749724604
MU,322_bull_continuation,,LOW,12,-59.78,250.92,41.67,117.81,58.33,742.34,66.67,-10.487731293599317,3.4627426263615178,8.979989474972463
MU,clean_2d_bear,,LOW,14,24.4,224.48,57.14,397.2,64.29,254.98,57.14,4.982268706400681,9.422742626361526,-0.5500105250275382
MU,clean_2d_bear,,MID,11,-7.01,268.68,72.73,233.88,54.55,1358.21,63.64,20.572268706400685,-0.3172573736384834,5.949989474972462
MU,clean_2u_bull,,HIGH,14,-10.85,247.87,35.71,-247.53,21.43,-15.72,42.86,-16.44773129359932,-33.43725737363848,-14.83001052502754
MU,clean_2u_bull,,LOW,13,-12.6,277.51,61.54,-102.16,46.15,80.38,61.54,9.38226870640068,-8.717257373638482,3.8499894749724604
MU,f2d_bull_reversal,,HIGH,11,146.01,284.17,63.64,306.04,63.64,314.61,63.64,11.482268706400681,8.77274262636152,5.949989474972462
MU,,,HIGH,145,20.01,373.37,53.79,166.43,59.31,419.0,57.24,1.63226870640068,4.442742626361522,-0.4500105250275368
MU,,,LOW,145,42.15,240.92,51.03,159.5,64.14,320.84,61.38,-1.127731293599318,9.27274262636152,3.6899894749724638
MU,,,MID,142,-48.64,273.28,45.77,20.81,50.7,469.43,57.04,-6.387731293599316,-4.167257373638478,-0.6500105250275396
NET,212_bear_continuation,,HIGH,15,140.7,468.09,66.67,496.46,66.67,1150.79,66.67,14.512268706400683,11.802742626361521,8.979989474972463
NET,212_bear_continuation,,MID,10,68.37,351.67,50.0,282.03,60.0,981.08,77.78,-2.157731293599319,5.1327426263615195,20.089989474972462
NET,212_bear_reversal,,HIGH,20,25.79,418.27,55.0,409.11,65.0,760.52,75.0,2.842268706400681,10.13274262636152,17.30998947497246
NET,212_bear_reversal,,MID,16,-18.3,289.47,56.25,75.73,73.33,644.04,73.33,4.092268706400681,18.462742626361518,15.63998947497246
NET,212_bull_continuation,,HIGH,12,112.47,365.79,58.33,467.84,75.0,973.97,58.33,6.172268706400679,20.13274262636152,0.6399894749724595
NET,212_bull_continuation,,MID,12,-4.14,328.7,66.67,241.55,75.0,-437.4,41.67,14.512268706400683,20.13274262636152,-16.020010525027537
NET,212_bull_reversal,,HIGH,20,72.8,448.19,50.0,-74.59,40.0,431.54,60.0,-2.157731293599319,-14.86725737363848,2.309989474972461
NET,212_bull_reversal,,MID,14,28.29,383.0,50.0,73.77,50.0,103.83,57.14,-2.157731293599319,-4.8672573736384805,-0.5500105250275382
NET,22_bear_continuation,,HIGH,128,-19.01,556.95,48.44,114.11,48.44,345.77,54.69,-3.7177312935993214,-6.427257373638483,-3.000010525027541
NET,22_bear_continuation,,LOW,28,16.81,228.14,50.0,246.21,67.86,366.62,60.71,-2.157731293599319,12.992742626361519,3.019989474972462
NET,22_bear_continuation,,MID,81,-14.15,412.77,53.09,111.66,51.85,260.67,55.0,0.9322687064006843,-3.017257373638479,-2.690010525027539
NET,22_bear_reversal,,HIGH,103,19.62,476.02,55.34,28.76,52.43,698.42,65.05,3.1822687064006843,-2.437257373638481,7.359989474972458
NET,22_bear_reversal,,LOW,42,17.87,280.73,52.38,111.81,50.0,123.09,47.62,0.2222687064006834,-4.8672573736384805,-10.070010525027541
NET,22_bear_reversal,,MID,73,-41.09,384.67,47.95,48.3,58.9,133.68,53.52,-4.207731293599316,4.032742626361518,-4.170010525027536
NET,22_bull_continuation,,HIGH,139,103.92,539.47,58.27,264.65,58.27,954.07,66.91,6.112268706400684,3.4027426263615226,9.219989474972458
NET,22_bull_continuation,,LOW,64,10.62,354.3,42.19,-77.49,45.31,143.24,51.56,-9.967731293599321,-9.557257373638478,-6.1300105250275365
NET,22_bull_continuation,,MID,135,15.27,389.44,50.37,70.44,53.33,674.85,68.99,-1.7877312935993217,-1.5372573736384822,11.299989474972456
NET,22_bull_reversal,,HIGH,101,81.48,432.02,53.47,230.46,59.41,628.5,61.39,1.3122687064006797,4.542742626361516,3.699989474972462
NET,22_bull_reversal,,LOW,39,-3.55,271.95,53.85,-27.1,53.85,9.29,35.9,1.6922687064006823,-1.0172573736384791,-21.79001052502754
NET,22_bull_reversal,,MID,87,54.98,366.11,56.32,16.26,55.17,388.33,62.35,4.162268706400681,0.30274262636152116,4.659989474972463
NET,322_bear_continuation,,MID,11,-239.53,513.22,36.36,-30.67,63.64,83.33,63.64,-15.79773129359932,8.77274262636152,5.949989474972462
NET,322_bull_continuation,,MID,17,-38.35,436.76,58.82,-30.33,50.0,-200.87,62.5,6.662268706400681,-4.8672573736384805,4.809989474972461
NET,clean_2u_bull,,HIGH,11,-156.21,564.95,36.36,-0.49,36.36,280.21,54.55,-15.79773129359932,-18.50725737363848,-3.1400105250275416
NET,clean_2u_bull,,MID,15,-12.5,285.83,46.67,110.84,66.67,185.09,64.29,-5.487731293599317,11.802742626361521,6.5999894749724675
NET,,,HIGH,138,-42.19,483.04,49.28,33.74,54.35,421.82,55.07,-2.877731293599318,-0.5172573736384791,-2.6200105250275385
NET,,,LOW,58,18.16,294.68,53.45,307.54,60.34,397.14,58.62,1.2922687064006837,5.472742626361523,0.9299894749724587
NET,,,MID,109,64.44,398.95,55.05,110.7,59.26,206.91,56.6,2.892268706400678,4.3927426263615175,-1.0900105250275374
NU,212_bear_continuation,,HIGH,10,-224.62,676.25,50.0,-700.87,20.0,-1214.36,50.0,-2.157731293599319,-34.86725737363848,-7.690010525027539
NU,212_bear_continuation,,MID,10,85.79,295.33,70.0,52.11,50.0,1200.11,87.5,17.84226870640068,-4.8672573736384805,29.80998947497246
NU,212_bear_reversal,,MID,13,135.53,253.04,69.23,373.89,76.92,1341.39,92.31,17.072268706400685,22.05274262636152,34.61998947497246
NU,212_bull_continuation,,MID,12,-88.71,315.83,25.0,-126.44,66.67,-231.36,41.67,-27.15773129359932,11.802742626361521,-16.020010525027537
NU,212_bull_reversal,,HIGH,10,-86.27,308.13,40.0,-81.71,40.0,17.0,50.0,-12.15773129359932,-14.86725737363848,-7.690010525027539
NU,212_bull_reversal,,MID,11,3.96,286.92,45.45,-156.57,27.27,-2.63,60.0,-6.707731293599316,-27.59725737363848,2.309989474972461
NU,22_bear_continuation,,HIGH,84,60.02,467.06,57.14,149.8,54.76,330.1,63.1,4.982268706400681,-0.10725737363848253,5.409989474972463
NU,22_bear_continuation,,LOW,21,45.97,350.15,57.14,165.04,61.9,187.66,76.19,4.982268706400681,7.032742626361518,18.49998947497246
NU,22_bear_continuation,,MID,56,-49.31,198.72,41.07,-177.69,41.07,323.59,62.96,-11.087731293599319,-13.79725737363848,5.269989474972462
NU,22_bear_reversal,,HIGH,61,-6.84,462.25,57.38,47.78,49.18,-170.16,49.18,5.222268706400683,-5.687257373638481,-8.510010525027539
NU,22_bear_reversal,,LOW,36,14.18,256.18,47.22,29.51,52.78,159.33,69.44,-4.93773129359932,-2.0872573736384794,11.749989474972459
NU,22_bear_reversal,,MID,60,4.69,249.28,41.67,16.11,50.0,255.72,59.32,-10.487731293599317,-4.8672573736384805,1.6299894749724615
NU,22_bull_continuation,,HIGH,55,-101.45,433.0,47.27,1.26,49.09,82.57,54.55,-4.887731293599316,-5.777257373638477,-3.1400105250275416
NU,22_bull_continuation,,LOW,52,-33.14,194.34,40.38,-4.12,50.0,311.09,67.31,-11.777731293599317,-4.8672573736384805,9.619989474972463
NU,22_bull_continuation,,MID,77,39.23,236.25,54.55,116.18,53.25,254.02,50.65,2.392268706400678,-1.6172573736384805,-7.04001052502754
NU,22_bull_reversal,,HIGH,59,106.0,501.27,59.32,43.64,49.15,-135.73,47.46,7.162268706400681,-5.717257373638482,-10.230010525027538
NU,22_bull_reversal,,LOW,30,-39.5,236.35,36.67,-11.25,46.67,206.62,56.67,-15.487731293599317,-8.197257373638479,-1.020010525027537
NU,22_bull_reversal,,MID,65,-50.6,338.06,40.0,-97.68,50.0,138.25,50.79,-12.15773129359932,-4.8672573736384805,-6.90001052502754
NU,,,HIGH,86,23.83,489.02,51.16,-0.7,51.16,-226.13,40.7,-0.9977312935993226,-3.707257373638484,-16.990010525027536
NU,,,LOW,39,86.15,183.99,69.23,198.91,66.67,471.21,71.79,17.072268706400685,11.802742626361521,14.099989474972467
NU,,,MID,84,7.83,311.51,52.38,67.44,61.45,468.98,64.2,0.2222687064006834,6.582742626361522,6.509989474972464
NVDA,11_inside_compression,,LOW,10,90.03,287.61,40.0,-3.9,50.0,873.45,80.0,-12.15773129359932,-4.8672573736384805,22.30998947497246
NVDA,212_bear_continuation,,HIGH,20,124.6,351.87,60.0,355.31,70.0,438.94,70.0,7.842268706400681,15.13274262636152,12.309989474972461
NVDA,212_bear_reversal,,HIGH,26,-55.0,354.01,30.77,227.93,73.08,934.72,84.62,-21.38773129359932,18.212742626361518,26.929989474972466
NVDA,212_bear_reversal,,LOW,22,-17.77,237.21,50.0,191.64,77.27,543.03,68.18,-2.157731293599319,22.402742626361515,10.489989474972468
NVDA,212_bear_reversal,,MID,20,-28.95,491.44,55.0,241.86,63.16,759.64,68.42,2.842268706400681,8.292742626361516,10.729989474972463
NVDA,212_bull_continuation,,HIGH,15,28.69,258.48,60.0,54.88,60.0,1087.92,73.33,7.842268706400681,5.1327426263615195,15.63998947497246
NVDA,212_bull_continuation,,LOW,23,29.99,179.06,60.87,160.18,69.57,674.13,78.26,8.712268706400678,14.702742626361513,20.569989474972466
NVDA,212_bull_continuation,,MID,18,-38.84,244.68,50.0,66.49,50.0,608.48,66.67,-2.157731293599319,-4.8672573736384805,8.979989474972463
NVDA,212_bull_reversal,,HIGH,17,-17.79,357.69,47.06,118.49,58.82,347.4,70.59,-5.097731293599317,3.9527426263615197,12.899989474972465
NVDA,212_bull_reversal,,LOW,26,43.6,169.47,53.85,148.44,38.46,366.37,69.23,1.6922687064006823,-16.40725737363848,11.539989474972465
NVDA,212_bull_reversal,,MID,23,48.32,340.68,52.17,34.96,65.22,205.62,69.57,0.01226870640068256,10.352742626361518,11.879989474972454
NVDA,22_bear_continuation,,HIGH,167,68.14,741.4,62.28,131.87,62.87,420.68,59.88,10.122268706400682,8.002742626361517,2.1899894749724638
NVDA,22_bear_continuation,,LOW,65,11.95,230.27,58.46,145.94,63.08,342.2,69.23,6.302268706400682,8.212742626361518,11.539989474972465
NVDA,22_bear_continuation,,MID,92,-29.05,350.54,39.13,-159.38,55.43,392.25,73.91,-13.027731293599317,0.5627426263615192,16.219989474972458
NVDA,22_bear_reversal,,HIGH,106,68.25,410.66,58.49,110.39,50.94,440.98,61.32,6.332268706400683,-3.927257373638483,3.6299894749724615
NVDA,22_bear_reversal,,LOW,97,-79.95,932.94,53.61,3.94,49.48,174.62,68.04,1.4522687064006803,-5.387257373638484,10.349989474972467
NVDA,22_bear_reversal,,MID,93,30.0,231.14,54.84,79.9,58.06,393.47,73.12,2.6822687064006843,3.1927426263615217,15.429989474972466
NVDA,22_bull_continuation,,HIGH,135,28.2,308.35,56.3,105.24,56.3,388.93,61.48,4.142268706400678,1.4327426263615166,3.789989474972458
NVDA,22_bull_continuation,,LOW,208,31.79,218.89,53.85,-1.84,61.06,117.58,62.02,1.6922687064006823,6.192742626361522,4.329989474972464
NVDA,22_bull_continuation,,MID,178,34.85,237.54,56.18,141.89,61.24,143.53,67.98,4.022268706400681,6.3727426263615214,10.289989474972465
NVDA,22_bull_reversal,,HIGH,110,-42.94,363.09,50.91,56.29,52.73,412.82,61.82,-1.2477312935993226,-2.1372573736384837,4.1299894749724615
NVDA,22_bull_reversal,,LOW,102,29.84,214.11,52.94,49.69,61.76,113.47,67.65,0.7822687064006786,6.8927426263615175,9.959989474972467
NVDA,22_bull_reversal,,MID,111,20.32,271.26,55.86,126.76,63.06,459.9,66.67,3.7022687064006803,8.192742626361522,8.979989474972463
NVDA,312_bull_reversal,,LOW,12,58.19,181.57,58.33,5.89,50.0,973.31,91.67,6.172268706400679,-4.8672573736384805,33.97998947497246
NVDA,312_bull_reversal,,MID,10,17.63,204.96,60.0,-192.5,40.0,336.6,70.0,7.842268706400681,-14.86725737363848,12.309989474972461
NVDA,322_bear_continuation,,HIGH,15,113.62,428.76,66.67,213.5,60.0,31.39,46.67,14.512268706400683,5.1327426263615195,-11.020010525027537
NVDA,322_bear_continuation,,LOW,10,74.72,276.36,70.0,393.54,80.0,554.28,70.0,17.84226870640068,25.13274262636152,12.309989474972461
NVDA,322_bull_continuation,,HIGH,14,-121.29,440.28,42.86,20.01,50.0,184.67,50.0,-9.29773129359932,-4.8672573736384805,-7.690010525027539
NVDA,322_bull_continuation,,LOW,17,111.05,243.16,52.94,85.43,52.94,-185.09,52.94,0.7822687064006786,-1.9272573736384828,-4.750010525027541
NVDA,322_bull_continuation,,MID,16,53.6,249.53,50.0,336.56,75.0,1014.82,68.75,-2.157731293599319,20.13274262636152,11.059989474972461
NVDA,clean_2d_bear,,HIGH,15,177.68,247.9,80.0,240.76,80.0,203.11,73.33,27.84226870640068,25.13274262636152,15.63998947497246
NVDA,clean_2d_bear,,MID,11,8.29,451.71,45.45,-138.66,45.45,189.37,54.55,-6.707731293599316,-9.417257373638478,-3.1400105250275416
NVDA,clean_2u_bull,,HIGH,14,29.34,194.55,57.14,264.09,64.29,765.19,64.29,4.982268706400681,9.422742626361526,6.5999894749724675
NVDA,clean_2u_bull,,LOW,16,8.3,242.93,62.5,-116.3,50.0,-35.48,56.25,10.34226870640068,-4.8672573736384805,-1.4400105250275388
NVDA,clean_2u_bull,,MID,22,31.49,248.12,59.09,235.64,59.09,847.65,68.18,6.932268706400684,4.222742626361523,10.489989474972468
NVDA,f2d_bull_reversal,,HIGH,11,3.34,427.88,54.55,456.19,54.55,996.09,81.82,2.392268706400678,-0.3172573736384834,24.129989474972454
NVDA,,,HIGH,156,-4.3,362.66,56.41,93.98,60.9,501.92,63.87,4.2522687064006774,6.032742626361518,6.179989474972459
NVDA,,,LOW,161,36.56,227.15,56.52,151.2,65.22,431.9,67.08,4.362268706400684,10.352742626361518,9.38998947497246
NVDA,,,MID,164,-2.18,365.07,51.22,93.96,56.71,420.71,65.24,-0.9377312935993203,1.8427426263615203,7.549989474972456
NVO,212_bear_continuation,,HIGH,15,-91.37,153.52,20.0,103.57,60.0,243.92,53.33,-32.15773129359932,5.1327426263615195,-4.3600105250275405
NVO,212_bear_continuation,,LOW,10,2.93,159.71,50.0,18.55,40.0,460.5,80.0,-2.157731293599319,-14.86725737363848,22.30998947497246
NVO,212_bear_reversal,,HIGH,19,37.76,147.61,57.89,-29.76,63.16,136.97,73.68,5.732268706400681,8.292742626361516,15.989989474972468
NVO,212_bear_reversal,,LOW,16,43.73,144.05,68.75,109.94,56.25,43.94,50.0,16.59226870640068,1.3827426263615195,-7.690010525027539
NVO,212_bear_reversal,,MID,19,-3.39,214.95,47.37,-168.93,42.11,-394.67,44.44,-4.787731293599322,-12.757257373638481,-13.250010525027541
NVO,212_bull_continuation,,HIGH,12,-13.06,185.06,50.0,-74.71,41.67,-2.83,58.33,-2.157731293599319,-13.197257373638479,0.6399894749724595
NVO,212_bull_continuation,,LOW,18,-23.28,143.59,33.33,-105.61,33.33,-343.03,50.0,-18.82773129359932,-21.537257373638482,-7.690010525027539
NVO,212_bull_continuation,,MID,15,104.54,254.42,73.33,16.39,33.33,-351.07,42.86,21.17226870640068,-21.537257373638482,-14.83001052502754
NVO,212_bull_reversal,,HIGH,13,57.96,355.29,53.85,220.8,61.54,396.09,76.92,1.6922687064006823,6.672742626361519,19.229989474972463
NVO,212_bull_reversal,,LOW,12,-31.82,113.71,33.33,-9.06,58.33,261.23,66.67,-18.82773129359932,3.4627426263615178,8.979989474972463
NVO,212_bull_reversal,,MID,14,-23.88,175.78,57.14,-96.22,38.46,-26.85,46.15,4.982268706400681,-16.40725737363848,-11.54001052502754
NVO,22_bear_continuation,,HIGH,146,2.24,255.14,56.85,43.0,56.85,148.47,64.38,4.692268706400682,1.9827426263615209,6.689989474972457
NVO,22_bear_continuation,,LOW,138,-7.66,192.12,47.83,-110.35,52.17,-54.61,46.38,-4.327731293599321,-2.697257373638479,-11.310010525027536
NVO,22_bear_continuation,,MID,150,-30.13,293.49,46.67,21.92,52.7,-58.93,52.03,-5.487731293599317,-2.1672573736384777,-5.660010525027538
NVO,22_bear_reversal,,HIGH,141,29.96,215.97,55.32,85.34,56.74,279.6,64.54,3.162268706400681,1.8727426263615214,6.8499894749724675
NVO,22_bear_reversal,,LOW,144,11.79,157.63,53.47,-21.4,59.72,-79.98,55.56,1.3122687064006797,4.852742626361518,-2.1300105250275365
NVO,22_bear_reversal,,MID,122,-27.58,267.94,48.36,20.16,53.28,-74.36,51.67,-3.7977312935993197,-1.5872573736384794,-6.020010525027537
NVO,22_bull_continuation,,HIGH,159,1.55,187.84,45.28,6.32,54.09,168.21,60.38,-6.877731293599318,-0.7772573736384771,2.6899894749724638
NVO,22_bull_continuation,,LOW,173,6.21,149.56,50.29,55.81,55.49,18.69,57.8,-1.86773129359932,0.6227426263615214,0.10998947497245837
NVO,22_bull_continuation,,MID,173,8.53,160.1,52.6,-42.03,50.87,24.82,53.29,0.4422687064006823,-3.997257373638483,-4.40001052502754
NVO,22_bull_reversal,,HIGH,153,5.58,193.78,54.25,51.89,58.17,182.9,65.36,2.092268706400681,3.302742626361521,7.669989474972461
NVO,22_bull_reversal,,LOW,150,3.92,156.76,51.33,3.52,54.67,-20.2,53.33,-0.8277312935993208,-0.19725737363847884,-4.3600105250275405
NVO,22_bull_reversal,,MID,133,46.4,230.34,54.89,55.72,58.65,-44.32,54.62,2.7322687064006814,3.782742626361518,-3.0700105250275413
NVO,322_bear_continuation,,HIGH,12,135.73,206.62,83.33,-176.26,50.0,109.2,66.67,31.17226870640068,-4.8672573736384805,8.979989474972463
NVO,322_bull_continuation,,MID,13,17.3,185.56,46.15,31.04,61.54,684.94,92.31,-6.007731293599321,6.672742626361519,34.61998947497246
NVO,clean_2d_bear,,HIGH,15,-109.94,490.07,46.67,-97.67,53.33,-48.55,60.0,-5.487731293599317,-1.5372573736384822,2.309989474972461
NVO,f2u_bear_reversal,,MID,13,23.19,121.03,46.15,57.23,46.15,-45.17,53.85,-6.007731293599321,-8.717257373638482,-3.8400105250275374
NVO,,,HIGH,122,2.8,188.9,50.0,29.17,54.92,158.95,66.39,-2.157731293599319,0.05274262636152116,8.699989474972462
NVO,,,LOW,104,-53.42,501.48,47.12,-62.74,50.96,-115.9,50.96,-5.037731293599322,-3.9072573736384797,-6.730010525027538
NVO,,,MID,123,-4.84,176.15,52.03,47.57,58.2,-50.58,59.17,-0.127731293599318,3.3327426263615223,1.479989474972463
OKLO,11_inside_compression,,HIGH,26,4.51,24.08,50.0,14.07,53.85,26.35,76.92,-2.157731293599319,-1.0172573736384791,19.229989474972463
OKLO,11_inside_compression,,LOW,10,1.46,43.26,50.0,57.58,70.0,266.66,70.0,-2.157731293599319,15.13274262636152,12.309989474972461
OKLO,11_inside_compression,,MID,14,-54.6,219.95,42.86,71.02,50.0,-156.54,57.14,-9.29773129359932,-4.8672573736384805,-0.5500105250275382
OKLO,212_bear_reversal,,HIGH,21,-46.85,231.5,52.38,113.8,61.9,1106.59,66.67,0.2222687064006834,7.032742626361518,8.979989474972463
OKLO,212_bear_reversal,,MID,18,167.73,477.39,55.56,101.6,38.89,37.78,55.56,3.402268706400683,-15.97725737363848,-2.1300105250275365
OKLO,212_bull_continuation,,MID,14,70.63,735.96,35.71,345.84,64.29,1730.53,46.15,-16.44773129359932,9.422742626361526,-11.54001052502754
OKLO,212_bull_reversal,,HIGH,19,-110.42,347.56,36.84,-97.57,36.84,17.29,63.16,-15.317731293599316,-18.027257373638477,5.469989474972458
OKLO,212_bull_reversal,,LOW,14,-84.12,227.7,21.43,-131.71,50.0,-45.18,50.0,-30.72773129359932,-4.8672573736384805,-7.690010525027539
OKLO,212_bull_reversal,,MID,12,347.82,614.74,41.67,630.79,66.67,126.53,50.0,-10.487731293599317,11.802742626361521,-7.690010525027539
OKLO,22_bear_continuation,,HIGH,45,95.25,546.02,53.33,215.5,55.56,1014.22,55.56,1.1722687064006792,0.6927426263615217,-2.1300105250275365
OKLO,22_bear_continuation,,LOW,19,-164.05,511.99,47.37,1249.76,68.42,755.54,78.95,-4.787731293599322,13.552742626361521,21.259989474972464
OKLO,22_bear_continuation,,MID,59,-74.93,654.42,50.85,84.16,51.79,801.61,48.15,-1.3077312935993177,-3.0772573736384814,-9.54001052502754
OKLO,22_bear_reversal,,HIGH,52,93.8,395.12,50.0,211.59,59.62,657.25,73.08,-2.157731293599319,4.752742626361517,15.38998947497246
OKLO,22_bear_reversal,,LOW,25,35.38,492.47,48.0,-164.34,64.0,250.41,52.0,-4.157731293599319,9.13274262636152,-5.690010525027539
OKLO,22_bear_reversal,,MID,56,27.13,546.36,41.07,299.93,46.43,1139.89,42.86,-11.087731293599319,-8.43725737363848,-14.83001052502754
OKLO,22_bull_continuation,,HIGH,30,113.2,610.11,36.67,23.45,50.0,1012.68,53.33,-15.487731293599317,-4.8672573736384805,-4.3600105250275405
OKLO,22_bull_continuation,,LOW,28,-225.83,1068.41,42.86,-64.01,50.0,21.67,53.57,-9.29773129359932,-4.8672573736384805,-4.1200105250275385
OKLO,22_bull_continuation,,MID,75,22.77,697.06,44.0,203.94,54.67,1055.49,46.67,-8.15773129359932,-0.19725737363847884,-11.020010525027537
OKLO,22_bull_reversal,,HIGH,53,87.1,556.63,39.62,100.22,49.06,584.96,60.38,-12.537731293599322,-5.807257373638478,2.6899894749724638
OKLO,22_bull_reversal,,LOW,23,99.33,595.83,52.17,-117.56,47.83,113.73,52.17,0.01226870640068256,-7.037257373638482,-5.520010525027537
OKLO,22_bull_reversal,,MID,55,-7.28,587.35,45.45,287.21,46.3,1591.2,43.4,-6.707731293599316,-8.567257373638483,-14.29001052502754
OKLO,312_bull_reversal,,HIGH,12,44.39,124.31,50.0,425.45,41.67,1552.17,50.0,-2.157731293599319,-13.197257373638479,-7.690010525027539
OKLO,clean_2u_bull,,HIGH,12,343.24,1214.03,41.67,628.27,50.0,711.92,66.67,-10.487731293599317,-4.8672573736384805,8.979989474972463
OKLO,clean_2u_bull,,MID,13,8.16,899.41,38.46,563.32,30.77,-118.86,46.15,-13.697731293599318,-24.09725737363848,-11.54001052502754
OKLO,,,HIGH,138,-1.94,287.7,33.33,169.88,49.28,739.33,63.04,-18.82773129359932,-5.587257373638479,5.34998947497246
OKLO,,,LOW,56,46.15,642.6,37.5,2.79,46.43,385.55,53.57,-14.65773129359932,-8.43725737363848,-4.1200105250275385
OKLO,,,MID,129,87.38,488.72,50.39,190.52,51.16,516.23,52.38,-1.7677312935993186,-3.707257373638484,-5.310010525027536
ON,132_bear_continuation,,MID,13,19.94,256.26,46.15,603.96,61.54,1039.71,61.54,-6.007731293599321,6.672742626361519,3.8499894749724604
ON,212_bear_continuation,,HIGH,15,133.68,324.41,60.0,447.86,73.33,849.81,86.67,7.842268706400681,18.462742626361518,28.979989474972463
ON,212_bear_continuation,,LOW,14,37.55,185.04,71.43,324.07,92.86,358.39,64.29,19.272268706400688,37.99274262636152,6.5999894749724675
ON,212_bear_continuation,,MID,12,109.58,241.34,66.67,199.64,58.33,115.16,75.0,14.512268706400683,3.4627426263615178,17.30998947497246
ON,212_bear_reversal,,HIGH,26,136.23,317.96,69.23,129.13,57.69,773.69,65.38,17.072268706400685,2.822742626361517,7.689989474972457
ON,212_bear_reversal,,LOW,20,46.37,180.14,65.0,-33.48,40.0,16.31,50.0,12.84226870640068,-14.86725737363848,-7.690010525027539
ON,212_bear_reversal,,MID,24,-34.67,277.22,45.83,200.01,54.17,298.11,60.87,-6.327731293599321,-0.6972573736384788,3.1799894749724587
ON,212_bull_continuation,,HIGH,13,55.53,398.93,53.85,15.46,46.15,627.87,69.23,1.6922687064006823,-8.717257373638482,11.539989474972465
ON,212_bull_continuation,,LOW,21,77.85,280.89,52.38,47.33,57.14,250.77,57.14,0.2222687064006834,2.27274262636152,-0.5500105250275382
ON,212_bull_continuation,,MID,15,30.87,296.8,53.33,-316.57,26.67,-29.49,60.0,1.1722687064006792,-28.19725737363848,2.309989474972461
ON,212_bull_reversal,,HIGH,17,22.48,314.95,52.94,322.79,64.71,896.5,64.71,0.7822687064006786,9.842742626361513,7.019989474972455
ON,212_bull_reversal,,LOW,29,-79.91,158.35,37.93,-13.97,51.72,164.8,48.28,-14.22773129359932,-3.1472573736384817,-9.410010525027538
ON,212_bull_reversal,,MID,26,-42.67,206.69,42.31,-22.46,53.85,160.18,52.0,-9.847731293599317,-1.0172573736384791,-5.690010525027539
ON,22_bear_continuation,,HIGH,152,45.24,496.69,55.26,87.92,55.92,603.84,63.82,3.102268706400679,1.0527426263615212,6.1299894749724615
ON,22_bear_continuation,,LOW,102,-18.44,228.56,47.06,-15.29,46.08,69.27,50.0,-5.097731293599317,-8.787257373638482,-7.690010525027539
ON,22_bear_continuation,,MID,111,-16.48,311.88,47.75,-33.61,44.04,119.95,59.63,-4.407731293599319,-10.827257373638481,1.9399894749724638
ON,22_bear_reversal,,HIGH,121,55.29,394.09,57.02,196.3,61.98,710.61,68.6,4.862268706400684,7.112742626361516,10.909989474972456
ON,22_bear_reversal,,LOW,112,22.46,206.11,51.79,29.66,56.25,-41.85,49.11,-0.36773129359932,1.3827426263615195,-8.58001052502754
ON,22_bear_reversal,,MID,102,3.71,298.67,48.04,-34.04,49.5,41.77,50.51,-4.11773129359932,-5.3672573736384805,-7.180010525027541
ON,22_bull_continuation,,HIGH,138,43.63,356.29,56.52,152.15,61.59,614.97,65.94,4.362268706400684,6.722742626361523,8.249989474972459
ON,22_bull_continuation,,LOW,171,-4.73,206.92,48.54,24.85,54.97,5.87,54.39,-3.61773129359932,0.10274262636151832,-3.300010525027538
ON,22_bull_continuation,,MID,178,25.9,295.88,53.93,76.54,55.62,212.97,51.45,1.7722687064006806,0.7527426263615169,-6.240010525027536
ON,22_bull_reversal,,HIGH,126,-15.14,407.05,54.76,89.08,53.17,651.04,67.46,2.602268706400679,-1.6972573736384788,9.769989474972455
ON,22_bull_reversal,,LOW,115,32.54,225.02,54.78,47.53,54.78,-114.57,46.09,2.622268706400682,-0.08725737363847941,-11.600010525027535
ON,22_bull_reversal,,MID,115,19.01,305.52,53.04,137.84,57.89,363.16,63.39,0.88226870640068,3.02274262636152,5.699989474972462
ON,312_bull_reversal,,LOW,10,149.12,300.1,70.0,15.58,50.0,247.14,70.0,17.84226870640068,-4.8672573736384805,12.309989474972461
ON,322_bear_continuation,,HIGH,17,18.34,481.96,52.94,217.14,64.71,930.85,64.71,0.7822687064006786,9.842742626361513,7.019989474972455
ON,322_bear_continuation,,MID,18,53.89,327.36,50.0,134.52,55.56,274.26,61.11,-2.157731293599319,0.6927426263615217,3.4199894749724606
ON,322_bull_continuation,,HIGH,10,105.57,458.41,80.0,-57.68,50.0,-72.6,50.0,27.84226870640068,-4.8672573736384805,-7.690010525027539
ON,322_bull_continuation,,LOW,12,-24.43,220.8,58.33,-8.01,50.0,201.8,66.67,6.172268706400679,-4.8672573736384805,8.979989474972463
ON,clean_2d_bear,,HIGH,17,11.67,451.67,58.82,266.12,58.82,776.66,64.71,6.662268706400681,3.9527426263615197,7.019989474972455
ON,clean_2d_bear,,LOW,11,-8.66,174.43,45.45,5.24,45.45,110.31,54.55,-6.707731293599316,-9.417257373638478,-3.1400105250275416
ON,clean_2d_bear,,MID,14,-10.46,219.71,57.14,-75.46,57.14,-400.69,50.0,4.982268706400681,2.27274262636152,-7.690010525027539
ON,clean_2u_bull,,HIGH,11,-68.93,264.26,45.45,-190.91,63.64,-362.86,36.36,-6.707731293599316,8.77274262636152,-21.33001052502754
ON,clean_2u_bull,,LOW,13,-17.68,123.37,46.15,-133.74,38.46,-141.54,53.85,-6.007731293599321,-16.40725737363848,-3.8400105250275374
ON,clean_2u_bull,,MID,13,-100.6,245.63,30.77,17.41,53.85,114.04,50.0,-21.38773129359932,-1.0172573736384791,-7.690010525027539
ON,,,HIGH,144,-5.1,411.99,50.0,144.14,54.86,522.93,69.44,-2.157731293599319,-0.007257373638481113,11.749989474972459
ON,,,LOW,147,12.65,187.67,56.46,68.82,59.18,76.8,51.02,4.302268706400682,4.312742626361519,-6.670010525027536
ON,,,MID,152,-24.16,290.06,46.71,-33.02,47.37,69.85,56.38,-5.447731293599318,-7.497257373638483,-1.3100105250275362
OXY,132_bull_continuation,,LOW,11,31.08,82.06,72.73,23.76,45.45,-346.44,18.18,20.572268706400685,-9.417257373638478,-39.51001052502754
OXY,212_bear_continuation,,HIGH,13,111.92,348.22,61.54,329.9,61.54,1287.63,61.54,9.38226870640068,6.672742626361519,3.8499894749724604
OXY,212_bear_continuation,,LOW,23,38.05,188.45,52.17,23.42,39.13,-156.95,43.48,0.01226870640068256,-15.737257373638478,-14.210010525027542
OXY,212_bear_continuation,,MID,19,-52.98,199.29,21.05,-42.9,63.16,96.07,63.16,-31.10773129359932,8.292742626361516,5.469989474972458
OXY,212_bear_reversal,,HIGH,19,-87.85,353.68,42.11,153.39,57.89,836.66,68.42,-10.04773129359932,3.02274262636152,10.729989474972463
OXY,212_bear_reversal,,LOW,20,2.79,87.94,45.0,0.42,45.0,-464.96,15.0,-7.157731293599319,-9.86725737363848,-42.69001052502754
OXY,212_bear_reversal,,MID,24,-98.95,200.23,25.0,-263.86,20.83,-135.77,40.91,-27.15773129359932,-34.03725737363848,-16.780010525027542
OXY,212_bull_continuation,,HIGH,21,-83.13,517.67,33.33,-191.3,33.33,754.82,57.14,-18.82773129359932,-21.537257373638482,-0.5500105250275382
OXY,212_bull_continuation,,LOW,20,-30.64,116.57,50.0,46.77,55.0,-7.56,55.0,-2.157731293599319,0.13274262636151946,-2.690010525027539
OXY,212_bull_continuation,,MID,17,-20.45,291.66,52.94,32.37,52.94,-185.11,25.0,0.7822687064006786,-1.9272573736384828,-32.69001052502754
OXY,212_bull_reversal,,HIGH,18,64.32,256.74,44.44,-31.9,33.33,1148.93,72.22,-7.717731293599321,-21.537257373638482,14.52998947497246
OXY,212_bull_reversal,,LOW,20,-33.32,125.63,40.0,46.73,60.0,75.47,50.0,-12.15773129359932,5.1327426263615195,-7.690010525027539
OXY,212_bull_reversal,,MID,26,33.09,159.23,69.23,70.86,61.54,-163.15,34.62,17.072268706400685,6.672742626361519,-23.07001052502754
OXY,22_bear_continuation,,HIGH,155,-9.0,594.13,54.19,63.54,43.87,22.08,48.39,2.0322687064006786,-10.997257373638483,-9.300010525027538
OXY,22_bear_continuation,,LOW,116,15.7,138.88,50.0,-51.95,43.97,-194.66,42.24,-2.157731293599319,-10.897257373638482,-15.450010525027537
OXY,22_bear_continuation,,MID,125,6.12,214.3,51.2,37.95,53.6,-9.12,47.97,-0.9577312935993163,-1.2672573736384791,-9.72001052502754
OXY,22_bear_reversal,,HIGH,129,47.59,380.69,51.16,74.9,55.04,416.8,55.81,-0.9977312935993226,0.1727426263615186,-1.8800105250275365
OXY,22_bear_reversal,,LOW,117,-2.66,135.95,49.57,-0.71,52.99,-148.75,45.3,-2.587731293599319,-1.8772573736384786,-12.390010525027542
OXY,22_bear_reversal,,MID,121,-24.77,211.18,53.72,-91.15,42.15,-296.87,40.0,1.5622687064006797,-12.717257373638482,-17.69001052502754
OXY,22_bull_continuation,,HIGH,143,27.14,341.1,53.85,132.76,58.74,462.36,60.84,1.6922687064006823,3.8727426263615214,3.1499894749724646
OXY,22_bull_continuation,,LOW,135,-12.73,131.3,47.41,-2.15,51.11,-76.63,50.37,-4.7477312935993226,-3.757257373638481,-7.320010525027541
OXY,22_bull_continuation,,MID,141,-12.77,200.43,44.68,-58.06,45.65,-77.28,42.22,-7.477731293599319,-9.217257373638482,-15.47001052502754
OXY,22_bull_reversal,,HIGH,137,12.32,404.37,48.91,96.63,55.47,405.73,57.66,-3.2477312935993226,0.6027426263615183,-0.0300105250275422
OXY,22_bull_reversal,,LOW,123,3.09,133.89,53.66,-45.77,47.97,-194.53,43.09,1.5022687064006774,-6.897257373638482,-14.600010525027535
OXY,22_bull_reversal,,MID,116,2.69,220.39,44.83,-56.65,44.83,-132.07,42.48,-7.327731293599321,-10.037257373638482,-15.210010525027542
OXY,322_bear_continuation,,HIGH,14,-9.48,298.29,42.86,46.99,64.29,761.19,78.57,-9.29773129359932,9.422742626361526,20.879989474972454
OXY,322_bear_continuation,,MID,15,-13.46,184.87,53.33,-7.14,46.67,89.22,46.67,1.1722687064006792,-8.197257373638479,-11.020010525027537
OXY,322_bull_continuation,,HIGH,13,-83.22,275.68,61.54,489.35,53.85,347.02,61.54,9.38226870640068,-1.0172573736384791,3.8499894749724604
OXY,322_bull_continuation,,LOW,17,-5.19,152.33,47.06,-2.55,52.94,-202.3,41.18,-5.097731293599317,-1.9272573736384828,-16.51001052502754
OXY,32_bull_reversal,,LOW,11,-17.94,165.67,36.36,-57.78,27.27,67.59,45.45,-15.79773129359932,-27.59725737363848,-12.240010525027536
OXY,clean_2d_bear,,HIGH,19,36.08,244.0,57.89,67.63,47.37,109.1,52.63,5.732268706400681,-7.497257373638483,-5.060010525027536
OXY,clean_2d_bear,,LOW,11,-46.48,138.36,36.36,-91.44,27.27,-120.22,45.45,-15.79773129359932,-27.59725737363848,-12.240010525027536
OXY,clean_2d_bear,,MID,12,97.55,173.21,75.0,178.32,50.0,253.09,83.33,22.84226870640068,-4.8672573736384805,25.63998947497246
OXY,clean_2u_bull,,HIGH,11,434.93,610.02,72.73,796.35,63.64,1021.23,63.64,20.572268706400685,8.77274262636152,5.949989474972462
OXY,clean_2u_bull,,MID,15,-50.54,130.45,40.0,-93.51,46.67,-154.61,60.0,-12.15773129359932,-8.197257373638479,2.309989474972461
OXY,,,HIGH,132,31.75,606.31,50.0,100.52,45.45,666.44,60.61,-2.157731293599319,-9.417257373638478,2.9199894749724606
OXY,,,LOW,150,0.82,135.81,46.67,21.4,52.0,-43.14,48.0,-5.487731293599317,-2.8672573736384805,-9.690010525027539
OXY,,,MID,153,-1.87,224.51,47.71,-26.36,50.66,-2.97,48.99,-4.447731293599318,-4.207257373638484,-8.700010525027537
PDD,212_bear_continuation,,HIGH,17,-105.26,428.64,47.06,230.52,58.82,-277.42,35.29,-5.097731293599317,3.9527426263615197,-22.40001052502754
PDD,212_bear_continuation,,MID,13,-16.08,133.47,53.85,8.29,53.85,-114.39,46.15,1.6922687064006823,-1.0172573736384791,-11.54001052502754
PDD,212_bear_reversal,,HIGH,19,-50.42,331.89,57.89,260.02,63.16,1188.55,57.89,5.732268706400681,8.292742626361516,0.19998947497246178
PDD,212_bear_reversal,,LOW,11,-244.69,319.92,36.36,-55.46,45.45,-278.15,36.36,-15.79773129359932,-9.417257373638478,-21.33001052502754
PDD,212_bear_reversal,,MID,19,-65.29,213.61,36.84,-74.33,47.37,76.67,52.94,-15.317731293599316,-7.497257373638483,-4.750010525027541
PDD,212_bull_continuation,,HIGH,15,91.12,528.33,46.67,26.56,53.33,1184.12,66.67,-5.487731293599317,-1.5372573736384822,8.979989474972463
PDD,212_bull_continuation,,MID,19,111.15,441.04,52.63,671.34,63.16,99.6,47.37,0.4722687064006834,8.292742626361516,-10.320010525027541
PDD,212_bull_reversal,,HIGH,24,-26.87,319.69,50.0,124.55,45.83,698.23,62.5,-2.157731293599319,-9.037257373638482,4.809989474972461
PDD,212_bull_reversal,,LOW,15,67.5,382.16,46.67,-1.96,60.0,-192.09,53.33,-5.487731293599317,5.1327426263615195,-4.3600105250275405
PDD,212_bull_reversal,,MID,25,-28.95,419.07,52.0,-104.87,56.0,483.73,56.52,-0.15773129359931914,1.1327426263615195,-1.1700105250275357
PDD,22_bear_continuation,,HIGH,144,89.29,669.64,55.56,290.86,61.11,694.95,56.25,3.402268706400683,6.242742626361519,-1.4400105250275388
PDD,22_bear_continuation,,LOW,44,-45.07,233.47,40.91,-30.37,43.18,-212.35,34.09,-11.247731293599323,-11.68725737363848,-23.600010525027535
PDD,22_bear_continuation,,MID,119,-7.54,372.03,42.86,2.22,43.7,107.3,54.78,-9.29773129359932,-11.167257373638478,-2.9100105250275377
PDD,22_bear_reversal,,HIGH,129,13.74,513.9,51.94,123.67,55.81,728.33,55.81,-0.21773129359932142,0.9427426263615217,-1.8800105250275365
PDD,22_bear_reversal,,LOW,58,17.83,342.73,51.72,-98.34,37.93,-132.98,32.76,-0.4377312935993203,-16.93725737363848,-24.93001052502754
PDD,22_bear_reversal,,MID,117,-53.26,406.39,42.74,-175.42,41.03,-150.41,47.83,-9.417731293599317,-13.83725737363848,-9.86001052502754
PDD,22_bull_continuation,,HIGH,120,34.24,424.32,51.67,209.27,58.33,450.71,54.17,-0.48773129359931744,3.4627426263615178,-3.520010525027537
PDD,22_bull_continuation,,LOW,73,-1.4,387.54,46.58,-72.15,42.47,-22.59,41.1,-5.577731293599321,-12.397257373638482,-16.590010525027537
PDD,22_bull_continuation,,MID,107,-0.59,383.71,47.66,-7.25,46.73,196.85,52.34,-4.4977312935993226,-8.137257373638484,-5.350010525027535
PDD,22_bull_reversal,,HIGH,120,-10.68,453.19,45.0,59.15,52.5,712.61,53.33,-7.157731293599319,-2.3672573736384805,-4.3600105250275405
PDD,22_bull_reversal,,LOW,57,-34.29,264.02,38.6,-43.2,47.37,-104.87,35.09,-13.557731293599318,-7.497257373638483,-22.600010525027535
PDD,22_bull_reversal,,MID,114,0.08,319.35,48.25,21.0,51.75,166.42,54.46,-3.907731293599319,-3.1172573736384805,-3.230010525027538
PDD,322_bear_continuation,,HIGH,12,-27.68,313.61,41.67,430.0,58.33,692.96,50.0,-10.487731293599317,3.4627426263615178,-7.690010525027539
PDD,322_bear_continuation,,MID,10,164.01,227.55,80.0,726.46,90.0,800.8,80.0,27.84226870640068,35.13274262636152,22.30998947497246
PDD,322_bull_continuation,,HIGH,14,-19.72,507.21,42.86,112.4,42.86,645.06,64.29,-9.29773129359932,-12.007257373638481,6.5999894749724675
PDD,322_bull_continuation,,MID,12,-38.17,280.93,50.0,-319.86,41.67,36.77,50.0,-2.157731293599319,-13.197257373638479,-7.690010525027539
PDD,clean_2u_bull,,HIGH,14,-48.41,654.35,42.86,288.65,50.0,1307.34,64.29,-9.29773129359932,-4.8672573736384805,6.5999894749724675
PDD,clean_2u_bull,,MID,11,-104.26,174.75,27.27,71.2,45.45,279.12,45.45,-24.88773129359932,-9.417257373638478,-12.240010525027536
PDD,,,HIGH,145,137.36,527.65,60.0,258.48,56.55,797.12,60.69,7.842268706400681,1.6827426263615166,2.999989474972459
PDD,,,LOW,79,78.1,543.88,53.16,87.46,58.23,37.46,43.04,1.0022687064006774,3.3627426263615163,-14.65001052502754
PDD,,,MID,127,-8.69,333.61,50.39,-14.95,45.24,97.64,47.97,-1.7677312935993186,-9.627257373638479,-9.72001052502754
PFE,212_bear_continuation,,HIGH,18,-18.62,162.77,50.0,-49.7,50.0,-10.79,38.89,-2.157731293599319,-4.8672573736384805,-18.800010525027538
PFE,212_bear_continuation,,LOW,13,13.3,78.31,53.85,-23.88,38.46,-37.21,38.46,1.6922687064006823,-16.40725737363848,-19.230010525027538
PFE,212_bear_continuation,,MID,18,-7.26,87.27,55.56,3.13,50.0,-63.12,50.0,3.402268706400683,-4.8672573736384805,-7.690010525027539
PFE,212_bear_reversal,,HIGH,31,27.1,170.47,61.29,-13.11,64.52,116.82,54.84,9.13226870640068,9.652742626361515,-2.8500105250275354
PFE,212_bear_reversal,,LOW,21,-27.58,91.69,28.57,-65.63,38.1,11.31,52.38,-23.58773129359932,-16.76725737363848,-5.310010525027536
PFE,212_bear_reversal,,MID,22,-24.18,180.69,45.45,118.68,45.45,174.26,61.9,-6.707731293599316,-9.417257373638478,4.20998947497246
PFE,212_bull_continuation,,HIGH,16,-48.33,147.02,31.25,38.07,50.0,-7.32,50.0,-20.90773129359932,-4.8672573736384805,-7.690010525027539
PFE,212_bull_continuation,,LOW,30,3.88,119.93,46.67,51.74,56.67,-5.43,53.33,-5.487731293599317,1.8027426263615212,-4.3600105250275405
PFE,212_bull_continuation,,MID,22,2.97,154.92,45.45,-36.81,45.45,-12.98,27.27,-6.707731293599316,-9.417257373638478,-30.42001052502754
PFE,212_bull_reversal,,HIGH,23,-48.83,169.19,30.43,-59.95,43.48,-171.06,34.78,-21.72773129359932,-11.387257373638484,-22.910010525027538
PFE,212_bull_reversal,,LOW,28,-50.98,116.34,35.71,-13.03,53.57,-178.45,46.43,-16.44773129359932,-1.2972573736384803,-11.260010525027539
PFE,212_bull_reversal,,MID,31,-3.2,176.72,45.16,81.9,61.29,19.95,48.39,-6.9977312935993226,6.422742626361519,-9.300010525027538
PFE,22_bear_continuation,,HIGH,154,25.16,199.21,55.84,23.83,49.35,125.07,52.6,3.6822687064006843,-5.517257373638479,-5.090010525027537
PFE,22_bear_continuation,,LOW,111,-6.76,122.88,48.65,-60.08,44.14,-31.55,47.75,-3.5077312935993206,-10.72725737363848,-9.940010525027539
PFE,22_bear_continuation,,MID,121,-14.53,142.88,41.32,14.66,51.67,-28.24,45.0,-10.837731293599319,-3.197257373638479,-12.690010525027539
PFE,22_bear_reversal,,HIGH,107,-3.25,210.64,53.27,35.76,53.27,-27.54,48.6,1.112268706400684,-1.5972573736384774,-9.090010525027537
PFE,22_bear_reversal,,LOW,102,1.37,88.88,46.08,-29.91,50.98,-89.24,49.02,-6.077731293599321,-3.8872573736384837,-8.670010525027536
PFE,22_bear_reversal,,MID,95,-17.12,122.6,46.32,-15.54,50.0,35.45,51.06,-5.837731293599319,-4.8672573736384805,-6.6300105250275365
PFE,22_bull_continuation,,HIGH,111,-13.9,199.43,40.54,-28.79,46.85,-183.31,35.14,-11.61773129359932,-8.01725737363848,-22.550010525027538
PFE,22_bull_continuation,,LOW,150,-3.0,110.02,49.33,-4.81,55.33,-57.07,44.0,-2.827731293599321,0.46274262636151775,-13.690010525027539
PFE,22_bull_continuation,,MID,128,-2.78,142.27,51.56,-40.9,48.03,-3.71,49.21,-0.5977312935993169,-6.837257373638479,-8.480010525027538
PFE,22_bull_reversal,,HIGH,110,-18.6,156.34,43.64,38.02,52.73,4.76,48.18,-8.517731293599319,-2.1372573736384837,-9.510010525027539
PFE,22_bull_reversal,,LOW,99,-1.03,100.22,53.54,-19.86,52.53,-22.75,54.55,1.38226870640068,-2.3372573736384794,-3.1400105250275416
PFE,22_bull_reversal,,MID,92,19.42,141.79,54.35,-9.84,51.65,121.53,55.68,2.1922687064006823,-3.217257373638482,-2.010010525027539
PFE,312_bull_reversal,,MID,11,-69.77,96.7,36.36,-180.01,27.27,-189.29,20.0,-15.79773129359932,-27.59725737363848,-37.69001052502754
PFE,322_bear_continuation,,HIGH,16,-52.06,121.56,37.5,-30.19,50.0,-45.36,50.0,-14.65773129359932,-4.8672573736384805,-7.690010525027539
PFE,322_bear_continuation,,LOW,11,-2.29,71.47,54.55,-22.1,63.64,-182.71,45.45,2.392268706400678,8.77274262636152,-12.240010525027536
PFE,322_bull_continuation,,LOW,13,32.41,120.46,53.85,34.1,46.15,-5.34,61.54,1.6922687064006823,-8.717257373638482,3.8499894749724604
PFE,322_bull_continuation,,MID,16,-78.37,142.53,31.25,-28.77,43.75,199.98,62.5,-20.90773129359932,-11.11725737363848,4.809989474972461
PFE,clean_2d_bear,,HIGH,16,14.5,130.67,56.25,3.14,56.25,-123.2,43.75,4.092268706400681,1.3827426263615195,-13.940010525027539
PFE,clean_2d_bear,,MID,15,29.46,144.17,60.0,147.08,66.67,242.0,64.29,7.842268706400681,11.802742626361521,6.5999894749724675
PFE,clean_2u_bull,,LOW,12,7.92,107.18,50.0,4.17,41.67,-31.16,50.0,-2.157731293599319,-13.197257373638479,-7.690010525027539
PFE,clean_2u_bull,,MID,15,45.44,136.25,53.33,137.95,86.67,237.95,53.33,1.1722687064006792,31.80274262636152,-4.3600105250275405
PFE,f2u_bear_reversal,,HIGH,10,23.01,115.42,50.0,104.19,60.0,19.14,40.0,-2.157731293599319,5.1327426263615195,-17.69001052502754
PFE,,,HIGH,176,-6.92,167.69,45.45,-52.69,40.91,-32.22,44.32,-6.707731293599316,-13.957257373638484,-13.370010525027539
PFE,,,LOW,165,6.63,119.24,53.94,11.7,52.12,10.28,50.3,1.7822687064006786,-2.747257373638483,-7.390010525027542
PFE,,,MID,189,18.88,157.44,52.91,53.25,56.61,86.61,53.26,0.7522687064006774,1.7427426263615189,-4.430010525027541
PG,132_bull_continuation,,LOW,10,26.12,95.5,60.0,47.76,40.0,106.45,50.0,7.842268706400681,-14.86725737363848,-7.690010525027539
PG,212_bear_continuation,,HIGH,15,-2.87,134.93,46.67,44.41,53.33,93.85,46.67,-5.487731293599317,-1.5372573736384822,-11.020010525027537
PG,212_bear_continuation,,MID,20,16.6,92.07,65.0,-20.86,52.63,48.66,61.11,12.84226870640068,-2.237257373638478,3.4199894749724606
PG,212_bear_reversal,,HIGH,24,-18.36,128.61,45.83,-73.94,41.67,-108.29,37.5,-6.327731293599321,-13.197257373638479,-20.19001052502754
PG,212_bear_reversal,,LOW,28,20.04,91.09,50.0,-14.23,46.43,101.81,75.0,-2.157731293599319,-8.43725737363848,17.30998947497246
PG,212_bear_reversal,,MID,19,-5.71,102.22,57.89,-3.7,52.63,37.26,52.63,5.732268706400681,-2.237257373638478,-5.060010525027536
PG,212_bull_continuation,,HIGH,15,40.26,134.71,80.0,11.38,53.33,-15.58,46.67,27.84226870640068,-1.5372573736384822,-11.020010525027537
PG,212_bull_continuation,,LOW,25,-19.61,69.37,36.0,56.38,68.0,45.35,52.0,-16.15773129359932,13.13274262636152,-5.690010525027539
PG,212_bull_continuation,,MID,14,-54.11,152.68,42.86,-24.95,50.0,11.59,57.14,-9.29773129359932,-4.8672573736384805,-0.5500105250275382
PG,212_bull_reversal,,HIGH,20,39.63,122.1,60.0,-62.98,50.0,-101.36,45.0,7.842268706400681,-4.8672573736384805,-12.690010525027539
PG,212_bull_reversal,,LOW,20,49.74,67.01,70.0,114.04,70.0,183.36,75.0,17.84226870640068,15.13274262636152,17.30998947497246
PG,212_bull_reversal,,MID,34,-49.65,83.05,32.35,-19.33,50.0,30.2,54.55,-19.807731293599318,-4.8672573736384805,-3.1400105250275416
PG,22_bear_continuation,,HIGH,128,27.89,161.04,58.59,84.49,58.59,3.54,44.53,6.432268706400684,3.722742626361523,-13.160010525027538
PG,22_bear_continuation,,LOW,106,3.13,96.52,55.66,10.82,57.55,21.65,56.6,3.5022687064006774,2.6827426263615166,-1.0900105250275374
PG,22_bear_continuation,,MID,113,-8.88,110.17,48.67,-6.35,52.68,91.73,60.36,-3.4877312935993174,-2.187257373638481,2.6699894749724606
PG,22_bear_reversal,,HIGH,107,19.89,172.77,55.14,16.0,56.07,54.39,52.34,2.9822687064006814,1.2027426263615197,-5.350010525027535
PG,22_bear_reversal,,LOW,93,14.25,107.42,55.91,24.33,51.61,43.29,62.37,3.7522687064006774,-3.257257373638481,4.679989474972459
PG,22_bear_reversal,,MID,120,7.26,99.67,55.0,6.71,57.14,79.82,52.99,2.842268706400681,2.27274262636152,-4.700010525027537
PG,22_bull_continuation,,HIGH,148,-10.65,156.4,45.95,10.66,50.0,23.53,50.68,-6.207731293599316,-4.8672573736384805,-7.010010525027539
PG,22_bull_continuation,,LOW,146,-3.64,87.08,49.32,-11.23,53.42,60.6,62.33,-2.837731293599319,-1.4472573736384788,4.6399894749724595
PG,22_bull_continuation,,MID,146,18.65,99.53,58.22,46.24,58.9,90.58,57.93,6.06226870640068,4.032742626361518,0.23998947497246093
PG,22_bull_reversal,,HIGH,118,-19.16,128.37,48.31,0.13,47.46,87.4,56.78,-3.847731293599317,-7.40725737363848,-0.9100105250275377
PG,22_bull_reversal,,LOW,113,1.98,73.29,53.1,10.75,53.1,22.59,62.83,0.9422687064006823,-1.7672573736384791,5.1399894749724595
PG,22_bull_reversal,,MID,103,-10.51,103.87,50.49,-0.31,53.92,45.98,50.0,-1.6677312935993172,-0.9472573736384788,-7.690010525027539
PG,312_bull_reversal,,LOW,10,29.67,89.88,60.0,-7.9,30.0,-38.61,40.0,7.842268706400681,-24.86725737363848,-17.69001052502754
PG,322_bear_continuation,,HIGH,13,64.14,369.61,53.85,53.79,53.85,254.28,69.23,1.6922687064006823,-1.0172573736384791,11.539989474972465
PG,322_bear_continuation,,LOW,12,38.05,66.65,75.0,36.41,66.67,9.24,58.33,22.84226870640068,11.802742626361521,0.6399894749724595
PG,322_bear_continuation,,MID,13,-36.63,58.32,30.77,19.97,46.15,129.56,61.54,-21.38773129359932,-8.717257373638482,3.8499894749724604
PG,322_bull_continuation,,HIGH,13,-144.08,240.64,30.77,-163.8,46.15,45.6,46.15,-21.38773129359932,-8.717257373638482,-11.54001052502754
PG,322_bull_continuation,,LOW,13,8.35,62.15,61.54,49.96,61.54,130.28,76.92,9.38226870640068,6.672742626361519,19.229989474972463
PG,322_bull_continuation,,MID,15,13.75,99.95,60.0,-24.78,60.0,-11.47,60.0,7.842268706400681,5.1327426263615195,2.309989474972461
PG,clean_2d_bear,,HIGH,15,7.33,115.99,60.0,-6.08,53.33,-20.88,40.0,7.842268706400681,-1.5372573736384822,-17.69001052502754
PG,clean_2d_bear,,LOW,16,-10.11,117.56,62.5,79.06,75.0,145.27,68.75,10.34226870640068,20.13274262636152,11.059989474972461
PG,clean_2d_bear,,MID,14,-3.53,143.25,57.14,84.77,57.14,231.95,53.85,4.982268706400681,2.27274262636152,-3.8400105250275374
PG,clean_2u_bull,,HIGH,13,-4.87,143.69,38.46,-64.27,46.15,33.06,61.54,-13.697731293599318,-8.717257373638482,3.8499894749724604
PG,clean_2u_bull,,LOW,13,12.41,44.0,53.85,-19.42,38.46,83.46,61.54,1.6922687064006823,-16.40725737363848,3.8499894749724604
PG,clean_2u_bull,,MID,19,25.73,61.73,73.68,-23.54,57.89,-48.96,57.89,21.522268706400688,3.02274262636152,0.19998947497246178
PG,f2d_bull_reversal,,HIGH,11,-1.6,100.44,27.27,48.71,54.55,-10.2,45.45,-24.88773129359932,-0.3172573736384834,-12.240010525027536
PG,,,HIGH,162,14.91,146.87,54.32,13.25,54.94,49.11,47.53,2.162268706400681,0.07274262636151718,-10.160010525027538
PG,,,LOW,170,4.77,72.21,52.94,29.5,60.0,73.34,63.53,0.7822687064006786,5.1327426263615195,5.839989474972462
PG,,,MID,168,-2.56,95.6,51.19,15.32,58.33,68.44,60.98,-0.9677312935993214,3.4627426263615178,3.289989474972458
PH,132_bull_continuation,,MID,11,-95.02,201.76,36.36,-115.2,45.45,24.58,45.45,-15.79773129359932,-9.417257373638478,-12.240010525027536
PH,212_bear_continuation,,HIGH,14,117.4,254.11,71.43,189.46,78.57,350.87,64.29,19.272268706400688,23.702742626361513,6.5999894749724675
PH,212_bear_continuation,,MID,17,-24.59,163.94,52.94,44.27,47.06,526.83,81.25,0.7822687064006786,-7.807257373638478,23.55998947497246
PH,212_bear_reversal,,HIGH,17,-26.59,347.52,52.94,-140.92,41.18,-192.08,47.06,0.7822687064006786,-13.68725737363848,-10.630010525027537
PH,212_bear_reversal,,LOW,31,24.56,137.47,61.29,91.41,58.06,216.52,64.52,9.13226870640068,3.1927426263615217,6.829989474972457
PH,212_bear_reversal,,MID,19,75.45,120.84,63.16,28.26,52.63,175.89,57.89,11.002268706400677,-2.237257373638478,0.19998947497246178
PH,212_bull_continuation,,HIGH,21,21.61,224.08,47.62,89.66,61.9,286.35,66.67,-4.537731293599322,7.032742626361518,8.979989474972463
PH,212_bull_continuation,,LOW,23,-10.66,97.23,52.17,58.35,73.91,-105.1,47.83,0.01226870640068256,19.042742626361516,-9.86001052502754
PH,212_bull_continuation,,MID,11,22.14,154.23,54.55,5.51,45.45,59.17,70.0,2.392268706400678,-9.417257373638478,12.309989474972461
PH,212_bull_reversal,,HIGH,20,15.37,224.25,50.0,324.4,85.0,184.67,40.0,-2.157731293599319,30.13274262636152,-17.69001052502754
PH,212_bull_reversal,,LOW,20,-43.87,133.44,25.0,-12.62,40.0,176.03,70.0,-27.15773129359932,-14.86725737363848,12.309989474972461
PH,212_bull_reversal,,MID,21,80.71,250.83,66.67,207.16,80.95,566.84,71.43,14.512268706400683,26.082742626361522,13.739989474972468
PH,22_bear_continuation,,HIGH,156,4.86,286.46,53.85,83.6,59.62,305.56,62.82,1.6922687064006823,4.752742626361517,5.1299894749724615
PH,22_bear_continuation,,LOW,84,12.3,133.02,53.57,35.59,54.76,70.71,63.1,1.4122687064006811,-0.10725737363848253,5.409989474972463
PH,22_bear_continuation,,MID,108,5.01,150.48,50.93,8.28,56.6,98.16,61.39,-1.2277312935993194,1.7327426263615209,3.699989474972462
PH,22_bear_reversal,,HIGH,123,40.49,310.33,54.47,137.53,60.16,535.8,65.85,2.3122687064006797,5.292742626361516,8.159989474972456
PH,22_bear_reversal,,LOW,89,7.65,150.77,53.93,32.7,57.3,101.04,69.66,1.7722687064006806,2.4327426263615166,11.969989474972458
PH,22_bear_reversal,,MID,133,4.98,150.21,52.63,30.46,56.06,163.09,54.62,0.4722687064006834,1.1927426263615217,-3.0700105250275413
PH,22_bull_continuation,,HIGH,122,53.2,257.91,56.56,86.77,58.2,352.85,59.84,4.402268706400683,3.3327426263615223,2.1499894749724646
PH,22_bull_continuation,,LOW,163,13.98,117.4,55.83,45.1,62.58,115.73,62.58,3.672268706400679,7.712742626361518,4.8899894749724595
PH,22_bull_continuation,,MID,163,-13.2,150.12,44.17,-38.16,49.08,51.16,57.76,-7.987731293599317,-5.787257373638482,0.06998947497245922
PH,22_bull_reversal,,HIGH,124,2.06,291.55,54.03,69.11,57.26,398.59,58.87,1.872268706400682,2.3927426263615175,1.1799894749724587
PH,22_bull_reversal,,LOW,103,8.77,121.9,50.49,16.13,53.4,72.64,64.08,-1.6677312935993172,-1.467257373638482,6.3899894749724595
PH,22_bull_reversal,,MID,127,14.04,173.22,52.76,22.34,53.97,115.87,58.87,0.6022687064006789,-0.8972573736384817,1.1799894749724587
PH,312_bull_reversal,,LOW,16,-1.06,87.59,56.25,10.08,62.5,81.31,62.5,4.092268706400681,7.6327426263615195,4.809989474972461
PH,322_bear_continuation,,HIGH,14,91.87,153.04,78.57,148.0,57.14,433.28,57.14,26.412268706400674,2.27274262636152,-0.5500105250275382
PH,322_bear_continuation,,MID,10,14.99,211.82,50.0,54.7,50.0,219.44,50.0,-2.157731293599319,-4.8672573736384805,-7.690010525027539
PH,322_bull_continuation,,HIGH,13,15.09,121.18,46.15,97.83,46.15,326.18,69.23,-6.007731293599321,-8.717257373638482,11.539989474972465
PH,322_bull_continuation,,LOW,17,-21.22,143.3,29.41,20.02,58.82,-314.32,52.94,-22.74773129359932,3.9527426263615197,-4.750010525027541
PH,322_bull_continuation,,MID,11,-5.09,205.57,54.55,156.92,54.55,425.59,72.73,2.392268706400678,-0.3172573736384834,15.039989474972465
PH,clean_2d_bear,,HIGH,15,114.9,253.48,66.67,57.74,46.67,288.16,60.0,14.512268706400683,-8.197257373638479,2.309989474972461
PH,clean_2d_bear,,LOW,10,8.52,89.02,50.0,-178.09,50.0,-39.9,70.0,-2.157731293599319,-4.8672573736384805,12.309989474972461
PH,clean_2d_bear,,MID,11,-33.73,231.12,36.36,-58.42,45.45,20.53,45.45,-15.79773129359932,-9.417257373638478,-12.240010525027536
PH,clean_2u_bull,,HIGH,10,-90.06,193.16,40.0,167.52,70.0,430.38,70.0,-12.15773129359932,15.13274262636152,12.309989474972461
PH,clean_2u_bull,,LOW,18,3.98,133.84,66.67,78.23,61.11,81.46,66.67,14.512268706400683,6.242742626361519,8.979989474972463
PH,clean_2u_bull,,MID,13,37.65,125.38,69.23,-26.91,46.15,-160.99,53.85,17.072268706400685,-8.717257373638482,-3.8400105250275374
PH,f2d_bull_reversal,,MID,11,-48.11,150.0,54.55,-135.43,45.45,-139.56,27.27,2.392268706400678,-9.417257373638478,-30.42001052502754
PH,f2u_bear_reversal,,HIGH,13,61.02,410.57,30.77,93.15,61.54,538.22,69.23,-21.38773129359932,6.672742626361519,11.539989474972465
PH,,,HIGH,158,-6.2,237.17,56.33,116.34,62.03,290.47,58.86,4.172268706400679,7.162742626361521,1.1699894749724606
PH,,,LOW,184,10.11,121.11,48.91,44.11,61.41,132.8,63.59,-3.2477312935993226,6.542742626361516,5.899989474972465
PH,,,MID,133,-3.99,182.37,48.87,26.03,54.14,211.31,65.65,-3.2877312935993217,-0.72725737363848,7.959989474972467
PLTR,212_bear_continuation,,HIGH,13,396.51,715.66,61.54,809.01,76.92,1322.5,76.92,9.38226870640068,22.05274262636152,19.229989474972463
PLTR,212_bear_reversal,,HIGH,17,-195.89,328.05,29.41,-140.71,47.06,-92.83,47.06,-22.74773129359932,-7.807257373638478,-10.630010525027537
PLTR,212_bear_reversal,,MID,22,-108.8,374.22,40.91,-87.31,36.36,540.67,59.09,-11.247731293599323,-18.50725737363848,1.3999894749724646
PLTR,212_bull_continuation,,HIGH,14,232.72,780.31,50.0,636.54,50.0,2782.13,57.14,-2.157731293599319,-4.8672573736384805,-0.5500105250275382
PLTR,212_bull_reversal,,HIGH,20,139.17,420.59,65.0,387.58,60.0,932.49,60.0,12.84226870640068,5.1327426263615195,2.309989474972461
PLTR,212_bull_reversal,,MID,24,51.69,221.41,62.5,13.14,56.52,0.99,47.83,10.34226870640068,1.6527426263615226,-9.86001052502754
PLTR,22_bear_continuation,,HIGH,127,33.5,514.7,51.97,301.4,54.33,879.18,57.48,-0.18773129359932028,-0.5372573736384822,-0.21001052502754192
PLTR,22_bear_continuation,,LOW,26,36.19,319.05,42.31,343.58,65.38,976.07,61.54,-9.847731293599317,10.512742626361515,3.8499894749724604
PLTR,22_bear_continuation,,MID,67,-51.55,416.76,43.28,-146.13,34.33,542.83,46.03,-8.877731293599318,-20.537257373638482,-11.660010525027538
PLTR,22_bear_reversal,,HIGH,77,3.25,459.58,49.35,200.71,51.95,636.43,54.55,-2.8077312935993177,-2.9172573736384777,-3.1400105250275416
PLTR,22_bear_reversal,,LOW,33,68.9,321.17,63.64,179.87,60.61,1041.62,63.64,11.482268706400681,5.742742626361519,5.949989474972462
PLTR,22_bear_reversal,,MID,72,60.6,458.04,54.17,158.15,56.34,194.12,53.73,2.0122687064006826,1.4727426263615229,-3.960010525027542
PLTR,22_bull_continuation,,HIGH,84,48.04,537.74,54.76,148.06,53.57,1131.95,60.71,2.602268706400679,-1.2972573736384803,3.019989474972462
PLTR,22_bull_continuation,,LOW,53,-27.31,575.51,37.74,118.83,50.94,310.34,54.72,-14.417731293599317,-3.927257373638483,-2.97001052502754
PLTR,22_bull_continuation,,MID,137,29.54,401.96,54.74,202.51,64.96,702.87,60.74,2.582268706400683,10.092742626361513,3.049989474972463
PLTR,22_bull_reversal,,HIGH,65,43.82,429.26,52.31,196.78,61.54,276.26,50.77,0.15226870640068313,6.672742626361519,-6.920010525027536
PLTR,22_bull_reversal,,LOW,29,61.33,263.15,51.72,181.56,51.72,997.43,65.52,-0.4377312935993203,-3.1472573736384817,7.829989474972457
PLTR,22_bull_reversal,,MID,76,6.0,358.21,47.37,138.64,55.26,648.48,62.5,-4.787731293599322,0.39274262636151747,4.809989474972461
PLTR,322_bull_continuation,,HIGH,10,55.71,332.01,70.0,-365.59,50.0,537.93,50.0,17.84226870640068,-4.8672573736384805,-7.690010525027539
PLTR,clean_2u_bull,,MID,10,18.51,253.69,60.0,-180.25,55.56,-272.28,44.44,7.842268706400681,0.6927426263615217,-13.250010525027541
PLTR,f2u_bear_reversal,,HIGH,11,331.52,618.88,63.64,-183.94,27.27,1856.45,81.82,11.482268706400681,-27.59725737363848,24.129989474972454
PLTR,,,HIGH,114,41.81,480.68,50.0,197.0,56.14,794.09,56.14,-2.157731293599319,1.27274262636152,-1.5500105250275382
PLTR,,,LOW,37,32.98,360.9,51.35,42.93,56.76,345.72,54.05,-0.8077312935993177,1.8927426263615175,-3.6400105250275416
PLTR,,,MID,109,-15.75,325.03,51.38,54.13,53.7,388.56,50.47,-0.7777312935993166,-1.1672573736384777,-7.22001052502754
PWR,132_bull_continuation,,HIGH,12,14.65,157.2,66.67,81.02,50.0,763.25,91.67,14.512268706400683,-4.8672573736384805,33.97998947497246
PWR,132_bull_continuation,,MID,13,-19.18,197.91,61.54,69.23,76.92,49.55,53.85,9.38226870640068,22.05274262636152,-3.8400105250275374
PWR,212_bear_continuation,,HIGH,18,55.37,193.24,55.56,173.55,83.33,793.76,83.33,3.402268706400683,28.462742626361518,25.63998947497246
PWR,212_bear_continuation,,LOW,19,-31.38,179.89,26.32,-110.05,36.84,-179.38,42.11,-25.83773129359932,-18.027257373638477,-15.58001052502754
PWR,212_bear_continuation,,MID,10,33.48,284.87,70.0,91.55,60.0,281.69,70.0,17.84226870640068,5.1327426263615195,12.309989474972461
PWR,212_bear_reversal,,HIGH,25,64.42,178.71,56.0,188.6,76.0,711.93,88.0,3.842268706400681,21.13274262636152,30.30998947497246
PWR,212_bear_reversal,,LOW,22,50.49,108.47,63.64,56.43,63.64,-81.96,50.0,11.482268706400681,8.77274262636152,-7.690010525027539
PWR,212_bear_reversal,,MID,17,5.21,170.65,58.82,86.95,58.82,377.6,70.59,6.662268706400681,3.9527426263615197,12.899989474972465
PWR,212_bull_continuation,,HIGH,17,78.32,321.57,70.59,44.76,41.18,375.43,70.59,18.432268706400684,-13.68725737363848,12.899989474972465
PWR,212_bull_continuation,,LOW,16,48.96,126.38,56.25,18.14,50.0,47.0,50.0,4.092268706400681,-4.8672573736384805,-7.690010525027539
PWR,212_bull_continuation,,MID,14,12.43,291.41,35.71,91.22,64.29,596.91,64.29,-16.44773129359932,9.422742626361526,6.5999894749724675
PWR,212_bull_reversal,,HIGH,26,60.63,177.22,65.38,233.46,65.38,659.98,76.92,13.222268706400676,10.512742626361515,19.229989474972463
PWR,212_bull_reversal,,LOW,21,-77.56,109.28,19.05,-138.57,33.33,-248.45,38.1,-33.107731293599315,-21.537257373638482,-19.590010525027537
PWR,212_bull_reversal,,MID,24,2.5,194.03,50.0,10.39,58.33,200.91,59.09,-2.157731293599319,3.4627426263615178,1.3999894749724646
PWR,22_bear_continuation,,HIGH,129,41.75,340.66,57.36,188.36,68.22,641.63,70.54,5.20226870640068,13.352742626361518,12.849989474972467
PWR,22_bear_continuation,,LOW,89,23.56,182.8,53.93,31.33,60.67,-44.26,47.19,1.7722687064006806,5.802742626361521,-10.500010525027541
PWR,22_bear_continuation,,MID,112,24.38,207.67,56.25,81.47,59.09,367.01,65.45,4.092268706400681,4.222742626361523,7.759989474972464
PWR,22_bear_reversal,,HIGH,118,23.46,234.05,60.17,178.55,69.49,574.56,77.12,8.012268706400683,14.622742626361514,19.429989474972466
PWR,22_bear_reversal,,LOW,111,5.96,138.04,56.76,29.42,57.66,45.29,55.86,4.602268706400679,2.792742626361516,-1.8300105250275394
PWR,22_bear_reversal,,MID,119,2.43,215.0,53.78,97.68,63.56,367.48,69.83,1.622268706400682,8.692742626361522,12.13998947497246
PWR,22_bull_continuation,,HIGH,129,18.36,226.99,54.26,130.0,62.02,519.02,75.19,2.102268706400679,7.152742626361523,17.49998947497246
PWR,22_bull_continuation,,LOW,169,9.54,123.91,53.25,16.38,52.66,17.15,56.21,1.0922687064006809,-2.207257373638484,-1.480010525027538
PWR,22_bull_continuation,,MID,170,-1.66,174.75,48.24,41.5,53.53,232.84,64.63,-3.917731293599317,-1.3372573736384794,6.939989474972457
PWR,22_bull_reversal,,HIGH,108,24.67,296.37,55.56,174.21,67.59,576.24,72.22,3.402268706400683,12.722742626361523,14.52998947497246
PWR,22_bull_reversal,,LOW,107,0.41,124.11,51.4,19.44,53.27,75.04,58.88,-0.7577312935993206,-1.5972573736384774,1.1899894749724638
PWR,22_bull_reversal,,MID,112,-18.87,248.68,50.0,38.54,58.56,337.3,72.73,-2.157731293599319,3.6927426263615217,15.039989474972465
PWR,312_bull_reversal,,HIGH,10,32.44,214.24,50.0,203.85,70.0,871.09,80.0,-2.157731293599319,15.13274262636152,22.30998947497246
PWR,312_bull_reversal,,MID,12,103.1,151.31,66.67,201.23,83.33,551.74,75.0,14.512268706400683,28.462742626361518,17.30998947497246
PWR,322_bear_continuation,,HIGH,13,15.59,257.39,46.15,-17.04,53.85,381.29,76.92,-6.007731293599321,-1.0172573736384791,19.229989474972463
PWR,322_bear_continuation,,LOW,12,5.5,146.67,50.0,-40.3,41.67,-233.58,58.33,-2.157731293599319,-13.197257373638479,0.6399894749724595
PWR,322_bull_continuation,,HIGH,17,-103.13,152.94,23.53,-146.21,29.41,266.82,58.82,-28.627731293599318,-25.45725737363848,1.1299894749724615
PWR,322_bull_continuation,,LOW,17,15.77,154.81,70.59,72.44,52.94,364.1,64.71,18.432268706400684,-1.9272573736384828,7.019989474972455
PWR,322_bull_continuation,,MID,20,-1.9,204.39,45.0,54.59,50.0,203.07,65.0,-7.157731293599319,-4.8672573736384805,7.309989474972461
PWR,clean_2d_bear,,LOW,14,11.89,165.99,42.86,51.67,57.14,-62.35,50.0,-9.29773129359932,2.27274262636152,-7.690010525027539
PWR,clean_2u_bull,,HIGH,10,80.72,208.99,60.0,-1.65,60.0,605.43,80.0,7.842268706400681,5.1327426263615195,22.30998947497246
PWR,clean_2u_bull,,LOW,13,-55.02,106.91,23.08,-34.41,46.15,310.04,76.92,-29.07773129359932,-8.717257373638482,19.229989474972463
PWR,clean_2u_bull,,MID,13,33.81,130.39,61.54,165.13,76.92,297.3,61.54,9.38226870640068,22.05274262636152,3.8499894749724604
PWR,,,HIGH,171,46.28,240.34,58.48,201.7,70.76,760.89,81.29,6.322268706400678,15.892742626361525,23.599989474972467
PWR,,,LOW,155,5.47,150.8,50.97,1.58,53.55,5.15,47.74,-1.1877312935993203,-1.3172573736384834,-9.950010525027537
PWR,,,MID,146,42.55,248.64,56.85,83.39,54.79,306.19,65.03,4.692268706400682,-0.0772573736384814,7.339989474972462
PYPL,132_bull_continuation,,LOW,10,-88.31,128.02,20.0,138.51,60.0,-166.55,30.0,-32.15773129359932,5.1327426263615195,-27.69001052502754
PYPL,212_bear_continuation,,HIGH,14,3.1,319.14,57.14,193.74,64.29,465.66,57.14,4.982268706400681,9.422742626361526,-0.5500105250275382
PYPL,212_bear_continuation,,LOW,12,74.09,164.61,66.67,164.0,66.67,498.31,83.33,14.512268706400683,11.802742626361521,25.63998947497246
PYPL,212_bear_continuation,,MID,15,-3.19,170.91,53.33,38.93,53.33,218.45,71.43,1.1722687064006792,-1.5372573736384822,13.739989474972468
PYPL,212_bear_reversal,,HIGH,21,-49.62,276.19,57.14,164.95,71.43,305.35,66.67,4.982268706400681,16.562742626361526,8.979989474972463
PYPL,212_bear_reversal,,LOW,22,-38.12,209.96,50.0,84.89,59.09,236.47,63.64,-2.157731293599319,4.222742626361523,5.949989474972462
PYPL,212_bear_reversal,,MID,17,8.92,178.43,52.94,76.86,52.94,-344.7,37.5,0.7822687064006786,-1.9272573736384828,-20.19001052502754
PYPL,212_bull_continuation,,HIGH,22,45.55,256.02,59.09,-133.52,45.45,-325.54,50.0,6.932268706400684,-9.417257373638478,-7.690010525027539
PYPL,212_bull_continuation,,LOW,30,7.37,110.92,46.67,-41.3,63.33,26.19,63.33,-5.487731293599317,8.462742626361518,5.6399894749724595
PYPL,212_bull_continuation,,MID,13,-17.83,178.09,61.54,-104.68,46.15,-48.74,38.46,9.38226870640068,-8.717257373638482,-19.230010525027538
PYPL,212_bull_reversal,,HIGH,25,-66.52,260.77,48.0,-84.06,64.0,178.66,60.0,-4.157731293599319,9.13274262636152,2.309989474972461
PYPL,212_bull_reversal,,LOW,24,-6.4,168.49,54.17,62.49,62.5,149.43,58.33,2.0122687064006826,7.6327426263615195,0.6399894749724595
PYPL,212_bull_reversal,,MID,24,21.09,161.52,54.17,-39.6,37.5,-95.0,43.48,2.0122687064006826,-17.36725737363848,-14.210010525027542
PYPL,22_bear_continuation,,HIGH,147,67.14,336.71,56.46,105.36,59.18,102.32,57.14,4.302268706400682,4.312742626361519,-0.5500105250275382
PYPL,22_bear_continuation,,LOW,76,12.36,188.58,55.26,62.38,55.26,212.24,64.47,3.102268706400679,0.39274262636151747,6.77998947497246
PYPL,22_bear_continuation,,MID,111,-27.07,257.18,54.95,-130.79,41.44,-182.82,49.09,2.7922687064006837,-13.427257373638483,-8.600010525027535
PYPL,22_bear_reversal,,HIGH,120,20.23,310.27,57.5,95.69,61.67,333.8,65.0,5.342268706400681,6.802742626361521,7.309989474972461
PYPL,22_bear_reversal,,LOW,101,39.47,215.49,52.48,18.54,57.43,172.02,66.34,0.32226870640067773,2.562742626361519,8.649989474972465
PYPL,22_bear_reversal,,MID,97,-33.74,181.41,47.42,-31.7,51.04,-149.15,43.75,-4.737731293599317,-3.8272573736384814,-13.940010525027539
PYPL,22_bull_continuation,,HIGH,125,4.67,386.63,49.6,73.99,60.8,407.86,64.0,-2.5577312935993177,5.932742626361517,6.309989474972461
PYPL,22_bull_continuation,,LOW,190,-16.04,158.43,50.0,37.58,57.37,112.33,60.53,-2.157731293599319,2.502742626361517,2.8399894749724623
PYPL,22_bull_continuation,,MID,184,-1.3,230.26,49.46,-63.31,47.28,-202.71,46.74,-2.6977312935993183,-7.587257373638479,-10.950010525027537
PYPL,22_bull_reversal,,HIGH,126,-39.81,292.38,46.83,49.51,54.76,282.34,55.56,-5.327731293599321,-0.10725737363848253,-2.1300105250275365
PYPL,22_bull_reversal,,LOW,95,25.58,168.7,55.79,16.52,63.16,159.79,60.0,3.63226870640068,8.292742626361516,2.309989474972461
PYPL,22_bull_reversal,,MID,111,-16.35,301.26,54.95,18.91,49.55,-222.71,43.64,2.7922687064006837,-5.317257373638483,-14.050010525027538
PYPL,312_bull_reversal,,LOW,13,-28.1,124.42,38.46,-176.02,46.15,-70.42,38.46,-13.697731293599318,-8.717257373638482,-19.230010525027538
PYPL,322_bear_continuation,,HIGH,18,25.18,229.97,61.11,-77.58,50.0,390.22,72.22,8.95226870640068,-4.8672573736384805,14.52998947497246
PYPL,322_bear_continuation,,MID,15,70.02,128.47,60.0,37.9,57.14,-342.6,42.86,7.842268706400681,2.27274262636152,-14.83001052502754
PYPL,clean_2d_bear,,HIGH,18,-43.94,297.89,61.11,-198.62,50.0,-123.43,50.0,8.95226870640068,-4.8672573736384805,-7.690010525027539
PYPL,clean_2d_bear,,LOW,14,45.25,127.92,57.14,36.21,57.14,60.56,64.29,4.982268706400681,2.27274262636152,6.5999894749724675
PYPL,clean_2d_bear,,MID,15,-28.53,148.17,40.0,22.2,40.0,-587.47,26.67,-12.15773129359932,-14.86725737363848,-31.020010525027537
PYPL,clean_2u_bull,,LOW,13,9.53,132.33,23.08,-186.29,23.08,93.04,69.23,-29.07773129359932,-31.787257373638482,11.539989474972465
PYPL,clean_2u_bull,,MID,12,-44.21,197.46,50.0,-249.85,41.67,-498.78,45.45,-2.157731293599319,-13.197257373638479,-12.240010525027536
PYPL,f2d_bull_reversal,,HIGH,12,123.33,274.6,66.67,197.99,58.33,421.5,66.67,14.512268706400683,3.4627426263615178,8.979989474972463
PYPL,f2d_bull_reversal,,MID,12,55.83,110.16,66.67,151.3,58.33,265.61,72.73,14.512268706400683,3.4627426263615178,15.039989474972465
PYPL,,,HIGH,159,59.55,292.04,60.38,112.69,58.49,269.1,61.64,8.222268706400683,3.6227426263615214,3.949989474972462
PYPL,,,LOW,167,20.62,151.8,58.68,34.95,60.48,225.3,68.26,6.522268706400681,5.612742626361516,10.569989474972466
PYPL,,,MID,160,-33.02,196.52,43.13,-80.27,46.54,-264.1,47.06,-9.027731293599317,-8.327257373638481,-10.630010525027537
QCOM,132_bear_continuation,,LOW,10,-64.14,168.09,50.0,278.15,80.0,298.47,50.0,-2.157731293599319,25.13274262636152,-7.690010525027539
QCOM,132_bull_continuation,,MID,11,-32.6,260.44,54.55,101.36,54.55,214.26,45.45,2.392268706400678,-0.3172573736384834,-12.240010525027536
QCOM,212_bear_continuation,,HIGH,14,83.4,225.62,64.29,385.04,85.71,287.5,64.29,12.132268706400687,30.842742626361513,6.5999894749724675
QCOM,212_bear_continuation,,MID,13,23.3,210.61,69.23,114.57,61.54,-43.32,38.46,17.072268706400685,6.672742626361519,-19.230010525027538
QCOM,212_bear_reversal,,HIGH,20,37.86,181.52,60.0,72.0,45.0,-49.26,35.0,7.842268706400681,-9.86725737363848,-22.69001052502754
QCOM,212_bear_reversal,,LOW,25,58.95,186.04,60.0,67.99,60.0,147.86,52.0,7.842268706400681,5.1327426263615195,-5.690010525027539
QCOM,212_bear_reversal,,MID,27,44.24,365.91,48.15,181.66,44.44,65.5,53.85,-4.007731293599321,-10.427257373638483,-3.8400105250275374
QCOM,212_bull_continuation,,HIGH,24,15.03,425.31,41.67,44.11,50.0,156.39,54.17,-10.487731293599317,-4.8672573736384805,-3.520010525027537
QCOM,212_bull_continuation,,LOW,13,43.82,204.69,69.23,47.87,46.15,149.84,46.15,17.072268706400685,-8.717257373638482,-11.54001052502754
QCOM,212_bull_continuation,,MID,16,44.32,234.91,50.0,132.83,56.25,481.02,56.25,-2.157731293599319,1.3827426263615195,-1.4400105250275388
QCOM,212_bull_reversal,,HIGH,24,0.23,379.48,50.0,32.2,54.17,-117.94,41.67,-2.157731293599319,-0.6972573736384788,-16.020010525027537
QCOM,212_bull_reversal,,LOW,22,16.83,186.79,72.73,-14.43,63.64,50.45,36.36,20.572268706400685,8.77274262636152,-21.33001052502754
QCOM,212_bull_reversal,,MID,26,4.61,197.73,50.0,-91.91,38.46,-120.22,46.15,-2.157731293599319,-16.40725737363848,-11.54001052502754
QCOM,22_bear_continuation,,HIGH,169,64.0,276.79,57.4,104.63,59.17,74.67,51.48,5.242268706400679,4.302742626361521,-6.210010525027542
QCOM,22_bear_continuation,,LOW,90,-0.89,153.14,50.0,25.2,51.11,-20.32,44.44,-2.157731293599319,-3.757257373638481,-13.250010525027541
QCOM,22_bear_continuation,,MID,99,-18.35,201.53,47.47,-78.55,44.44,-54.36,45.45,-4.68773129359932,-10.427257373638483,-12.240010525027536
QCOM,22_bear_reversal,,HIGH,124,7.91,286.21,56.45,86.95,57.26,136.77,50.0,4.292268706400684,2.3927426263615175,-7.690010525027539
QCOM,22_bear_reversal,,LOW,95,18.17,179.18,51.58,45.3,52.63,123.21,51.58,-0.5777312935993208,-2.237257373638478,-6.1100105250275405
QCOM,22_bear_reversal,,MID,109,-9.61,193.4,47.71,-28.95,52.29,163.13,51.38,-4.447731293599318,-2.5772573736384814,-6.310010525027536
QCOM,22_bull_continuation,,HIGH,100,10.62,274.01,51.0,-6.27,50.0,109.4,49.0,-1.1577312935993191,-4.8672573736384805,-8.690010525027539
QCOM,22_bull_continuation,,LOW,173,35.27,265.93,54.91,92.94,54.34,337.06,67.63,2.7522687064006774,-0.5272573736384771,9.939989474972457
QCOM,22_bull_continuation,,MID,157,-20.67,194.07,44.59,-41.53,54.78,93.33,53.5,-7.567731293599316,-0.08725737363847941,-4.190010525027539
QCOM,22_bull_reversal,,HIGH,121,-47.21,268.35,44.63,38.5,48.76,158.88,54.55,-7.527731293599317,-6.1072573736384825,-3.1400105250275416
QCOM,22_bull_reversal,,LOW,102,33.42,164.43,58.82,146.53,63.73,160.91,50.0,6.662268706400681,8.862742626361516,-7.690010525027539
QCOM,22_bull_reversal,,MID,109,-29.8,278.74,48.62,-6.64,50.46,203.85,49.07,-3.5377312935993217,-4.40725737363848,-8.620010525027539
QCOM,312_bull_reversal,,HIGH,11,-70.78,404.9,45.45,-47.26,45.45,627.57,72.73,-6.707731293599316,-9.417257373638478,15.039989474972465
QCOM,312_bull_reversal,,LOW,17,12.46,141.88,64.71,-39.94,47.06,-8.35,47.06,12.552268706400675,-7.807257373638478,-10.630010525027537
QCOM,322_bear_continuation,,HIGH,19,35.94,212.65,57.89,-52.3,52.63,67.46,47.37,5.732268706400681,-2.237257373638478,-10.320010525027541
QCOM,322_bear_continuation,,MID,16,-36.98,282.18,43.75,-67.3,50.0,382.26,62.5,-8.40773129359932,-4.8672573736384805,4.809989474972461
QCOM,322_bull_continuation,,LOW,19,-39.93,119.32,36.84,-23.06,36.84,213.38,52.63,-15.317731293599316,-18.027257373638477,-5.060010525027536
QCOM,322_bull_continuation,,MID,16,71.51,462.52,43.75,119.38,56.25,299.49,56.25,-8.40773129359932,1.3827426263615195,-1.4400105250275388
QCOM,clean_2d_bear,,HIGH,12,94.99,166.86,75.0,34.99,50.0,1185.25,75.0,22.84226870640068,-4.8672573736384805,17.30998947497246
QCOM,clean_2d_bear,,LOW,16,57.55,98.97,81.25,396.48,75.0,164.74,50.0,29.09226870640068,20.13274262636152,-7.690010525027539
QCOM,clean_2d_bear,,MID,12,-13.13,177.64,50.0,12.04,58.33,453.94,58.33,-2.157731293599319,3.4627426263615178,0.6399894749724595
QCOM,clean_2u_bull,,HIGH,11,-59.62,142.59,27.27,-34.42,54.55,-598.48,18.18,-24.88773129359932,-0.3172573736384834,-39.51001052502754
QCOM,clean_2u_bull,,LOW,13,9.89,184.9,69.23,-172.62,23.08,-362.34,23.08,17.072268706400685,-31.787257373638482,-34.61001052502754
QCOM,clean_2u_bull,,MID,11,-65.92,274.54,27.27,-80.86,45.45,145.93,54.55,-24.88773129359932,-9.417257373638478,-3.1400105250275416
QCOM,f2d_bull_reversal,,MID,15,12.12,212.79,53.33,24.12,53.33,185.41,60.0,1.1722687064006792,-1.5372573736384822,2.309989474972461
QCOM,f2u_bear_reversal,,LOW,12,-27.44,111.55,41.67,106.47,58.33,355.36,75.0,-10.487731293599317,3.4627426263615178,17.30998947497246
QCOM,,,HIGH,157,37.53,278.49,54.14,41.76,51.59,215.53,59.24,1.9822687064006814,-3.277257373638477,1.5499894749724632
QCOM,,,LOW,171,-6.57,165.43,49.12,28.43,53.22,45.22,45.03,-3.0377312935993217,-1.6472573736384817,-12.660010525027538
QCOM,,,MID,150,16.58,201.43,56.67,27.23,49.33,318.43,62.42,4.512268706400683,-5.537257373638482,4.729989474972463
QQQ,212_bear_continuation,,HIGH,15,-44.05,190.57,46.67,73.03,60.0,-14.57,40.0,-5.487731293599317,5.1327426263615195,-17.69001052502754
QQQ,212_bear_continuation,,MID,12,37.96,93.83,75.0,-0.15,66.67,161.38,66.67,22.84226870640068,11.802742626361521,8.979989474972463
QQQ,212_bear_reversal,,HIGH,18,0.93,155.11,38.89,53.15,72.22,165.4,55.56,-13.267731293599319,17.35274262636152,-2.1300105250275365
QQQ,212_bear_reversal,,LOW,20,12.73,72.53,50.0,65.68,65.0,156.1,70.0,-2.157731293599319,10.13274262636152,12.309989474972461
QQQ,212_bear_reversal,,MID,18,-18.69,141.66,55.56,29.44,61.11,81.23,66.67,3.402268706400683,6.242742626361519,8.979989474972463
QQQ,212_bull_continuation,,HIGH,14,-3.05,164.53,57.14,9.27,35.71,514.71,85.71,4.982268706400681,-19.15725737363848,28.019989474972455
QQQ,212_bull_continuation,,LOW,26,17.12,64.53,50.0,32.84,61.54,136.46,65.38,-2.157731293599319,6.672742626361519,7.689989474972457
QQQ,212_bull_continuation,,MID,12,6.9,94.75,50.0,-23.32,41.67,-30.41,58.33,-2.157731293599319,-13.197257373638479,0.6399894749724595
QQQ,212_bull_reversal,,HIGH,15,23.73,122.92,73.33,89.03,60.0,296.34,73.33,21.17226870640068,5.1327426263615195,15.63998947497246
QQQ,212_bull_reversal,,LOW,21,3.06,70.28,52.38,73.69,71.43,195.14,80.95,0.2222687064006834,16.562742626361526,23.259989474972464
QQQ,212_bull_reversal,,MID,20,-19.11,121.76,35.0,-17.94,50.0,196.97,70.0,-17.15773129359932,-4.8672573736384805,12.309989474972461
QQQ,22_bear_continuation,,HIGH,167,53.05,205.97,62.87,34.52,55.69,179.74,63.47,10.712268706400678,0.8227426263615172,5.77998947497246
QQQ,22_bear_continuation,,LOW,58,9.38,84.06,63.79,49.79,68.97,187.79,74.14,11.63226870640068,14.102742626361518,16.449989474972462
QQQ,22_bear_continuation,,MID,95,-14.19,120.88,43.16,5.44,56.84,184.3,77.89,-8.997731293599323,1.9727426263615229,20.199989474972462
QQQ,22_bear_reversal,,HIGH,110,9.98,206.48,53.64,95.15,61.82,341.43,68.18,1.4822687064006814,6.95274262636152,10.489989474972468
QQQ,22_bear_reversal,,LOW,94,-6.98,90.64,46.81,4.45,57.45,110.59,69.15,-5.347731293599317,2.5827426263615223,11.459989474972467
QQQ,22_bear_reversal,,MID,101,-3.7,107.63,55.45,23.89,69.31,116.98,70.3,3.2922687064006837,14.442742626361522,12.609989474972458
QQQ,22_bull_continuation,bullish,MID,11,48.13,121.69,54.55,250.62,72.73,1082.21,100.0,2.392268706400678,17.862742626361523,42.30998947497246
QQQ,22_bull_continuation,,HIGH,133,3.22,179.24,51.13,36.63,57.14,216.74,65.41,-1.0277312935993166,2.27274262636152,7.719989474972458
QQQ,22_bull_continuation,,LOW,246,9.42,63.43,61.38,38.18,60.98,132.2,71.95,9.222268706400683,6.112742626361516,14.259989474972464
QQQ,22_bull_continuation,,MID,212,3.58,107.73,54.72,26.44,62.26,92.07,64.15,2.5622687064006797,7.3927426263615175,6.459989474972467
QQQ,22_bull_reversal,,HIGH,125,-28.17,211.84,49.6,45.87,59.2,229.01,66.4,-2.5577312935993177,4.332742626361522,8.709989474972467
QQQ,22_bull_reversal,,LOW,102,18.09,73.22,61.76,28.87,63.73,117.77,69.61,9.602268706400679,8.862742626361516,11.91998947497246
QQQ,22_bull_reversal,,MID,110,13.01,115.92,61.82,48.58,64.55,125.38,66.36,9.662268706400681,9.682742626361517,8.66998947497246
QQQ,312_bull_reversal,,LOW,11,17.99,67.76,54.55,-38.47,54.55,71.83,45.45,2.392268706400678,-0.3172573736384834,-12.240010525027536
QQQ,312_bull_reversal,,MID,10,22.51,67.91,70.0,-58.84,60.0,-161.32,40.0,17.84226870640068,5.1327426263615195,-17.69001052502754
QQQ,322_bear_continuation,,HIGH,18,-0.03,224.65,44.44,138.22,61.11,148.71,61.11,-7.717731293599321,6.242742626361519,3.4199894749724606
QQQ,322_bull_continuation,,HIGH,13,-26.71,139.27,61.54,45.64,53.85,256.81,76.92,9.38226870640068,-1.0172573736384791,19.229989474972463
QQQ,322_bull_continuation,,LOW,18,10.65,45.43,55.56,6.1,50.0,12.14,66.67,3.402268706400683,-4.8672573736384805,8.979989474972463
QQQ,322_bull_continuation,,MID,12,-19.34,74.0,41.67,10.31,58.33,245.28,75.0,-10.487731293599317,3.4627426263615178,17.30998947497246
QQQ,clean_2d_bear,,HIGH,21,75.69,158.59,76.19,211.87,76.19,232.55,71.43,24.03226870640068,21.322742626361517,13.739989474972468
QQQ,clean_2d_bear,,MID,14,-13.83,123.66,50.0,16.24,57.14,228.25,85.71,-2.157731293599319,2.27274262636152,28.019989474972455
QQQ,clean_2u_bull,,HIGH,11,48.26,131.39,63.64,68.08,54.55,164.98,72.73,11.482268706400681,-0.3172573736384834,15.039989474972465
QQQ,clean_2u_bull,,LOW,10,-13.08,85.96,60.0,27.87,70.0,63.09,60.0,7.842268706400681,15.13274262636152,2.309989474972461
QQQ,clean_2u_bull,,MID,11,13.32,94.37,72.73,12.0,54.55,311.72,90.91,20.572268706400685,-0.3172573736384834,33.21998947497246
QQQ,f2d_bull_reversal,,LOW,13,19.7,55.99,76.92,69.61,76.92,-86.46,53.85,24.762268706400683,22.05274262636152,-3.8400105250275374
QQQ,,,HIGH,142,20.63,218.04,58.45,85.58,61.97,205.0,66.2,6.292268706400684,7.102742626361518,8.509989474972464
QQQ,,,LOW,153,11.19,80.15,64.71,40.85,64.05,117.82,69.93,12.552268706400675,9.182742626361517,12.239989474972468
QQQ,,,MID,150,-6.02,127.9,51.33,20.86,55.33,157.94,69.33,-0.8277312935993208,0.46274262636151775,11.63998947497246
RKLB,212_bear_reversal,,HIGH,15,-67.96,678.38,46.67,-11.68,40.0,-610.51,20.0,-5.487731293599317,-14.86725737363848,-37.69001052502754
RKLB,212_bear_reversal,,MID,19,94.61,463.99,47.37,314.96,57.89,1699.75,73.68,-4.787731293599322,3.02274262636152,15.989989474972468
RKLB,212_bull_continuation,,HIGH,12,15.36,403.89,33.33,431.2,41.67,860.57,41.67,-18.82773129359932,-13.197257373638479,-16.020010525027537
RKLB,212_bull_continuation,,MID,14,146.2,497.23,64.29,480.85,69.23,814.46,50.0,12.132268706400687,14.362742626361523,-7.690010525027539
RKLB,212_bull_reversal,,HIGH,12,102.22,404.55,66.67,167.07,58.33,-145.58,33.33,14.512268706400683,3.4627426263615178,-24.36001052502754
RKLB,212_bull_reversal,,LOW,11,-156.1,478.07,27.27,-41.57,54.55,121.84,63.64,-24.88773129359932,-0.3172573736384834,5.949989474972462
RKLB,212_bull_reversal,,MID,14,48.03,549.08,50.0,48.68,42.86,539.41,57.14,-2.157731293599319,-12.007257373638481,-0.5500105250275382
RKLB,22_bear_continuation,,HIGH,86,44.55,435.67,54.65,143.06,50.0,246.29,44.19,2.4922687064006794,-4.8672573736384805,-13.500010525027541
RKLB,22_bear_continuation,,LOW,25,117.22,469.13,60.0,188.81,56.0,299.6,44.0,7.842268706400681,1.1327426263615195,-13.690010525027539
RKLB,22_bear_continuation,,MID,67,-12.93,555.53,47.76,82.47,46.27,451.1,49.23,-4.397731293599321,-8.597257373638477,-8.460010525027542
RKLB,22_bear_reversal,,HIGH,61,15.14,382.69,55.74,97.75,47.54,727.01,54.1,3.582268706400683,-7.327257373638481,-3.5900105250275374
RKLB,22_bear_reversal,,LOW,32,-59.34,310.12,37.5,233.04,56.25,452.07,59.38,-14.65773129359932,1.3827426263615195,1.6899894749724638
RKLB,22_bear_reversal,,MID,54,36.78,509.82,44.44,410.5,54.72,1045.67,61.54,-7.717731293599321,-0.14725737363848168,3.8499894749724604
RKLB,22_bull_continuation,,HIGH,48,-0.56,605.56,45.83,209.67,58.33,946.56,60.42,-6.327731293599321,3.4627426263615178,2.729989474972463
RKLB,22_bull_continuation,,LOW,46,-44.0,438.79,41.3,52.48,36.96,225.81,63.04,-10.857731293599322,-17.90725737363848,5.34998947497246
RKLB,22_bull_continuation,,MID,103,67.84,597.38,49.51,310.94,50.49,1407.3,63.0,-2.647731293599321,-4.3772573736384786,5.309989474972461
RKLB,22_bull_reversal,,HIGH,60,-63.17,466.94,48.33,-42.59,51.67,724.53,58.33,-3.827731293599321,-3.197257373638479,0.6399894749724595
RKLB,22_bull_reversal,,LOW,30,82.18,335.56,56.67,22.1,43.33,393.7,60.0,4.512268706400683,-11.537257373638482,2.309989474972461
RKLB,22_bull_reversal,,MID,73,27.61,442.7,46.58,480.36,47.22,1291.51,61.43,-5.577731293599321,-7.647257373638482,3.739989474972461
RKLB,322_bear_continuation,,HIGH,11,174.06,494.44,72.73,14.18,45.45,501.78,54.55,20.572268706400685,-9.417257373638478,-3.1400105250275416
RKLB,322_bull_continuation,,MID,12,-110.21,290.29,41.67,462.1,58.33,733.04,54.55,-10.487731293599317,3.4627426263615178,-3.1400105250275416
RKLB,clean_2u_bull,,HIGH,10,48.76,503.29,50.0,-43.82,50.0,529.85,50.0,-2.157731293599319,-4.8672573736384805,-7.690010525027539
RKLB,clean_2u_bull,,MID,10,142.7,432.81,50.0,994.47,70.0,1623.38,80.0,-2.157731293599319,15.13274262636152,22.30998947497246
RKLB,f2u_bear_reversal,,HIGH,10,269.89,669.33,60.0,-111.04,50.0,1345.36,50.0,7.842268706400681,-4.8672573736384805,-7.690010525027539
RKLB,,,HIGH,98,17.64,513.94,47.96,32.4,51.02,263.32,44.9,-4.197731293599318,-3.8472573736384774,-12.79001052502754
RKLB,,,LOW,41,78.67,368.09,56.1,7.83,48.78,-128.19,51.22,3.9422687064006823,-6.087257373638479,-6.47001052502754
RKLB,,,MID,95,128.11,739.36,54.74,409.77,54.26,833.74,56.04,2.582268706400683,-0.6072573736384825,-1.6500105250275396
SATS,132_bull_continuation,,HIGH,10,-7.3,220.28,40.0,-88.43,50.0,-600.54,10.0,-12.15773129359932,-4.8672573736384805,-47.69001052502754
SATS,212_bear_continuation,,HIGH,18,4.3,184.67,55.56,17.01,50.0,-268.69,27.78,3.402268706400683,-4.8672573736384805,-29.910010525027538
SATS,212_bear_continuation,,LOW,15,74.31,331.63,53.33,284.45,66.67,370.87,73.33,1.1722687064006792,11.802742626361521,15.63998947497246
SATS,212_bear_continuation,,MID,16,13.79,177.89,43.75,-175.52,37.5,80.08,26.67,-8.40773129359932,-17.36725737363848,-31.020010525027537
SATS,212_bear_reversal,,HIGH,27,46.13,199.57,70.37,-93.91,62.96,24.81,29.63,18.212268706400685,8.09274262636152,-28.06001052502754
SATS,212_bear_reversal,,LOW,30,15.54,318.58,56.67,12.13,56.67,186.86,60.0,4.512268706400683,1.8027426263615212,2.309989474972461
SATS,212_bear_reversal,,MID,20,-13.22,224.74,45.0,316.28,55.0,1650.17,57.89,-7.157731293599319,0.13274262636151946,0.19998947497246178
SATS,212_bull_continuation,,HIGH,20,-70.26,263.17,40.0,-59.12,50.0,103.68,40.0,-12.15773129359932,-4.8672573736384805,-17.69001052502754
SATS,212_bull_continuation,,LOW,18,-38.45,159.21,38.89,113.62,55.56,-287.4,27.78,-13.267731293599319,0.6927426263615217,-29.910010525027538
SATS,212_bull_continuation,,MID,23,52.9,270.55,52.17,427.63,69.57,568.76,59.09,0.01226870640068256,14.702742626361513,1.3999894749724646
SATS,212_bull_reversal,,HIGH,24,-35.56,314.44,50.0,-55.71,41.67,-423.01,29.17,-2.157731293599319,-13.197257373638479,-28.520010525027537
SATS,212_bull_reversal,,LOW,29,-9.8,154.68,37.93,5.84,51.72,-85.82,51.72,-14.22773129359932,-3.1472573736384817,-5.97001052502754
SATS,212_bull_reversal,,MID,30,-44.84,439.31,43.33,166.78,33.33,788.13,44.83,-8.82773129359932,-21.537257373638482,-12.86001052502754
SATS,22_bear_continuation,,HIGH,162,8.8,332.39,48.77,76.7,51.85,259.06,56.17,-3.387731293599316,-3.017257373638479,-1.520010525027537
SATS,22_bear_continuation,,LOW,101,34.57,394.67,46.53,108.44,51.49,150.13,57.43,-5.627731293599318,-3.3772573736384786,-0.2600105250275391
SATS,22_bear_continuation,,MID,112,3.78,344.13,43.75,17.53,43.75,305.04,47.32,-8.40773129359932,-11.11725737363848,-10.370010525027539
SATS,22_bear_reversal,,HIGH,96,35.43,567.77,48.96,36.24,46.88,-109.75,43.75,-3.1977312935993183,-7.987257373638478,-13.940010525027539
SATS,22_bear_reversal,,LOW,99,8.57,234.09,61.62,51.3,49.49,175.89,57.58,9.462268706400678,-5.3772573736384786,-0.1100105250275405
SATS,22_bear_reversal,,MID,110,7.76,262.23,50.0,13.86,41.67,314.48,44.86,-2.157731293599319,-13.197257373638479,-12.83001052502754
SATS,22_bull_continuation,,HIGH,115,-53.82,306.91,46.96,-117.03,43.48,-182.35,39.13,-5.197731293599318,-11.387257373638484,-18.560010525027536
SATS,22_bull_continuation,,LOW,133,14.33,249.48,58.65,1.26,54.14,283.37,57.14,6.492268706400679,-0.72725737363848,-0.5500105250275382
SATS,22_bull_continuation,,MID,148,26.25,737.99,47.3,180.34,54.05,518.25,53.47,-4.857731293599322,-0.8172573736384834,-4.22001052502754
SATS,22_bull_reversal,,HIGH,107,17.68,321.71,51.4,-23.01,46.73,-105.99,41.12,-0.7577312935993206,-8.137257373638484,-16.57001052502754
SATS,22_bull_reversal,,LOW,86,29.12,197.47,52.33,166.75,53.49,425.67,60.47,0.17226870640067915,-1.3772573736384786,2.77998947497246
SATS,22_bull_reversal,,MID,102,-2.65,403.43,44.12,87.6,53.0,460.91,48.98,-8.037731293599322,-1.8672573736384805,-8.710010525027542
SATS,312_bull_reversal,,HIGH,11,106.88,262.66,63.64,17.51,54.55,-54.72,36.36,11.482268706400681,-0.3172573736384834,-21.33001052502754
SATS,312_bull_reversal,,LOW,13,19.7,198.95,53.85,238.9,61.54,-24.87,61.54,1.6922687064006823,6.672742626361519,3.8499894749724604
SATS,312_bull_reversal,,MID,11,-14.86,231.2,72.73,-129.08,45.45,1409.23,36.36,20.572268706400685,-9.417257373638478,-21.33001052502754
SATS,322_bear_continuation,,HIGH,25,-69.36,335.94,48.0,-174.84,36.0,-65.65,52.0,-4.157731293599319,-18.86725737363848,-5.690010525027539
SATS,322_bear_continuation,,MID,15,-17.12,200.03,46.67,35.18,46.67,804.01,53.33,-5.487731293599317,-8.197257373638479,-4.3600105250275405
SATS,322_bull_continuation,,HIGH,13,128.13,435.73,38.46,-113.9,46.15,-561.02,30.77,-13.697731293599318,-8.717257373638482,-26.92001052502754
SATS,322_bull_continuation,,LOW,24,-18.46,192.33,37.5,-54.55,41.67,-92.35,45.83,-14.65773129359932,-13.197257373638479,-11.86001052502754
SATS,clean_2d_bear,,HIGH,29,21.63,259.32,55.17,-18.21,44.83,-217.8,44.83,3.0122687064006826,-10.037257373638482,-12.86001052502754
SATS,clean_2d_bear,,LOW,11,29.47,160.23,45.45,160.35,63.64,189.08,54.55,-6.707731293599316,8.77274262636152,-3.1400105250275416
SATS,clean_2d_bear,,MID,17,-84.03,245.55,29.41,44.62,47.06,138.68,41.18,-22.74773129359932,-7.807257373638478,-16.51001052502754
SATS,clean_2u_bull,,LOW,24,-14.5,196.71,41.67,100.54,58.33,204.06,45.83,-10.487731293599317,3.4627426263615178,-11.86001052502754
SATS,clean_2u_bull,,MID,13,47.82,462.27,61.54,77.18,61.54,67.94,61.54,9.38226870640068,6.672742626361519,3.8499894749724604
SATS,,,HIGH,164,0.97,309.34,49.39,-0.96,52.44,-75.0,40.24,-2.7677312935993186,-2.427257373638483,-17.450010525027537
SATS,,,LOW,184,22.72,187.21,59.78,91.25,53.26,137.2,55.98,7.622268706400682,-1.6072573736384825,-1.710010525027542
SATS,,,MID,174,8.59,321.13,45.4,91.96,50.0,537.26,49.71,-6.757731293599321,-4.8672573736384805,-7.980010525027538
SBUX,212_bear_continuation,,HIGH,13,74.25,219.13,76.92,304.45,84.62,818.12,84.62,24.762268706400683,29.752742626361524,26.929989474972466
SBUX,212_bear_continuation,,LOW,19,-14.39,56.44,31.58,-63.3,52.63,-4.53,47.37,-20.57773129359932,-2.237257373638478,-10.320010525027541
SBUX,212_bear_continuation,,MID,14,6.27,156.94,35.71,154.08,64.29,65.51,64.29,-16.44773129359932,9.422742626361526,6.5999894749724675
SBUX,212_bear_reversal,,HIGH,26,68.33,223.49,61.54,-22.27,50.0,126.04,65.38,9.38226870640068,-4.8672573736384805,7.689989474972457
SBUX,212_bear_reversal,,LOW,26,-17.35,108.59,42.31,45.08,53.85,-10.1,46.15,-9.847731293599317,-1.0172573736384791,-11.54001052502754
SBUX,212_bear_reversal,,MID,21,24.01,147.82,61.9,78.63,57.14,176.83,71.43,9.74226870640068,2.27274262636152,13.739989474972468
SBUX,212_bull_continuation,,HIGH,17,-19.57,156.84,47.06,60.38,64.71,279.82,88.24,-5.097731293599317,9.842742626361513,30.549989474972456
SBUX,212_bull_continuation,,LOW,20,14.99,98.82,60.0,23.91,50.0,-4.25,50.0,7.842268706400681,-4.8672573736384805,-7.690010525027539
SBUX,212_bull_continuation,,MID,11,-40.54,158.78,54.55,-18.31,45.45,32.94,40.0,2.392268706400678,-9.417257373638478,-17.69001052502754
SBUX,212_bull_reversal,,HIGH,19,18.37,179.45,47.37,160.77,57.89,509.14,68.42,-4.787731293599322,3.02274262636152,10.729989474972463
SBUX,212_bull_reversal,,LOW,29,-14.13,85.55,44.83,7.59,44.83,-117.68,41.38,-7.327731293599321,-10.037257373638482,-16.310010525027536
SBUX,212_bull_reversal,,MID,25,-59.24,336.84,60.0,-61.18,56.0,118.26,50.0,7.842268706400681,1.1327426263615195,-7.690010525027539
SBUX,22_bear_continuation,,HIGH,147,-1.0,244.44,44.9,71.59,53.74,70.52,59.86,-7.257731293599321,-1.1272573736384786,2.1699894749724606
SBUX,22_bear_continuation,,LOW,121,-3.13,115.42,47.93,-21.15,47.11,-28.47,45.45,-4.227731293599319,-7.757257373638481,-12.240010525027536
SBUX,22_bear_continuation,,MID,106,2.06,187.44,46.23,-18.41,50.0,-83.96,45.19,-5.927731293599322,-4.8672573736384805,-12.500010525027541
SBUX,22_bear_reversal,,HIGH,114,24.95,247.16,54.39,105.51,61.4,386.04,71.93,2.2322687064006814,6.532742626361518,14.239989474972468
SBUX,22_bear_reversal,,LOW,93,7.24,113.53,44.09,-39.89,51.61,-121.21,39.78,-8.067731293599316,-3.257257373638481,-17.910010525027538
SBUX,22_bear_reversal,,MID,106,10.66,171.91,53.77,15.17,54.81,91.69,55.0,1.612268706400684,-0.05725737363847827,-2.690010525027539
SBUX,22_bull_continuation,,HIGH,125,12.67,180.28,49.6,-4.84,53.6,204.51,63.2,-2.5577312935993177,-1.2672573736384791,5.509989474972464
SBUX,22_bull_continuation,,LOW,157,5.69,89.28,55.41,-20.21,45.86,-48.37,51.59,3.2522687064006774,-9.007257373638481,-6.100010525027535
SBUX,22_bull_continuation,,MID,172,3.4,147.05,45.93,-22.8,52.33,-14.49,44.44,-6.227731293599319,-2.5372573736384822,-13.250010525027541
SBUX,22_bull_reversal,,HIGH,129,17.82,341.8,55.04,143.91,63.57,322.29,68.99,2.88226870640068,8.70274262636152,11.299989474972456
SBUX,22_bull_reversal,,LOW,97,-6.64,142.32,46.39,-26.12,54.64,-92.06,45.36,-5.767731293599319,-0.22725737363847998,-12.33001052502754
SBUX,22_bull_reversal,,MID,100,20.57,143.11,53.0,58.17,64.65,86.03,55.21,0.8422687064006809,9.782742626361525,-2.480010525027538
SBUX,312_bull_reversal,,HIGH,10,2.38,159.17,50.0,62.19,40.0,-231.97,40.0,-2.157731293599319,-14.86725737363848,-17.69001052502754
SBUX,322_bear_continuation,,HIGH,18,105.39,356.0,66.67,55.08,44.44,188.2,66.67,14.512268706400683,-10.427257373638483,8.979989474972463
SBUX,322_bear_continuation,,LOW,10,-4.99,102.58,40.0,85.79,70.0,315.41,80.0,-12.15773129359932,15.13274262636152,22.30998947497246
SBUX,322_bear_continuation,,MID,14,90.25,124.59,78.57,287.48,85.71,-51.31,50.0,26.412268706400674,30.842742626361513,-7.690010525027539
SBUX,322_bull_continuation,,MID,16,-35.49,124.27,43.75,-0.15,50.0,144.81,56.25,-8.40773129359932,-4.8672573736384805,-1.4400105250275388
SBUX,clean_2d_bear,,HIGH,13,45.39,168.14,53.85,133.44,84.62,41.06,61.54,1.6922687064006823,29.752742626361524,3.8499894749724604
SBUX,clean_2d_bear,,MID,15,-65.75,203.81,40.0,189.57,80.0,183.75,66.67,-12.15773129359932,25.13274262636152,8.979989474972463
SBUX,clean_2u_bull,,LOW,12,-128.72,277.45,33.33,-135.13,41.67,-191.27,41.67,-18.82773129359932,-13.197257373638479,-16.020010525027537
SBUX,clean_2u_bull,,MID,12,-41.9,141.08,33.33,28.99,41.67,230.6,83.33,-18.82773129359932,-13.197257373638479,25.63998947497246
SBUX,f2d_bull_reversal,,HIGH,13,85.57,254.29,53.85,189.33,76.92,237.58,61.54,1.6922687064006823,22.05274262636152,3.8499894749724604
SBUX,f2u_bear_reversal,,MID,10,47.24,150.64,60.0,-132.41,40.0,-165.22,30.0,7.842268706400681,-14.86725737363848,-27.69001052502754
SBUX,,,HIGH,156,-3.71,215.51,53.21,47.93,53.85,207.57,65.38,1.0522687064006817,-1.0172573736384791,7.689989474972457
SBUX,,,LOW,168,-4.45,105.6,50.6,-27.82,47.02,-12.73,52.38,-1.5577312935993177,-7.847257373638477,-5.310010525027536
SBUX,,,MID,168,-3.5,141.31,52.38,-0.5,53.29,31.57,49.7,0.2222687064006834,-1.5772573736384814,-7.990010525027536
SHEL,212_bear_continuation,,HIGH,20,161.96,318.11,75.0,302.46,80.0,315.89,55.0,22.84226870640068,25.13274262636152,-2.690010525027539
SHEL,212_bear_continuation,,LOW,11,-49.46,107.6,36.36,47.28,63.64,212.34,54.55,-15.79773129359932,8.77274262636152,-3.1400105250275416
SHEL,212_bear_continuation,,MID,14,37.97,101.76,64.29,68.12,64.29,141.04,71.43,12.132268706400687,9.422742626361526,13.739989474972468
SHEL,212_bear_reversal,,HIGH,14,-169.16,351.03,14.29,-205.74,57.14,-107.25,42.86,-37.86773129359932,2.27274262636152,-14.83001052502754
SHEL,212_bear_reversal,,LOW,13,52.51,90.17,76.92,-52.75,30.77,19.92,53.85,24.762268706400683,-24.09725737363848,-3.8400105250275374
SHEL,212_bear_reversal,,MID,18,-19.91,143.55,50.0,-118.86,29.41,248.08,73.33,-2.157731293599319,-25.45725737363848,15.63998947497246
SHEL,212_bull_continuation,,LOW,13,6.86,122.49,46.15,-3.51,46.15,-35.76,23.08,-6.007731293599321,-8.717257373638482,-34.61001052502754
SHEL,212_bull_continuation,,MID,11,-15.9,155.22,63.64,4.3,54.55,181.42,63.64,11.482268706400681,-0.3172573736384834,5.949989474972462
SHEL,212_bull_reversal,,HIGH,14,99.96,197.28,64.29,110.15,71.43,263.97,57.14,12.132268706400687,16.562742626361526,-0.5500105250275382
SHEL,212_bull_reversal,,LOW,16,36.0,89.35,68.75,27.88,62.5,72.18,56.25,16.59226870640068,7.6327426263615195,-1.4400105250275388
SHEL,212_bull_reversal,,MID,18,61.88,127.23,77.78,136.73,77.78,244.93,70.59,25.622268706400682,22.91274262636152,12.899989474972465
SHEL,22_bear_continuation,,HIGH,144,0.48,387.09,54.17,67.88,58.33,253.87,52.08,2.0122687064006826,3.4627426263615178,-5.6100105250275405
SHEL,22_bear_continuation,,LOW,109,-1.17,124.0,55.96,-19.75,49.54,-209.66,45.87,3.8022687064006817,-5.327257373638481,-11.820010525027541
SHEL,22_bear_continuation,,MID,125,16.74,149.97,55.2,26.22,55.2,-85.17,60.66,3.0422687064006837,0.3327426263615223,2.969989474972458
SHEL,22_bear_reversal,,HIGH,126,-24.17,224.89,51.59,31.79,54.76,253.47,57.94,-0.5677312935993157,-0.10725737363848253,0.24998947497245894
SHEL,22_bear_reversal,,LOW,125,-3.51,125.87,54.4,10.25,54.4,-11.66,53.6,2.2422687064006794,-0.46725737363848197,-4.090010525027537
SHEL,22_bear_reversal,,MID,144,-7.74,130.13,50.0,-4.85,49.31,95.25,55.63,-2.157731293599319,-5.557257373638478,-2.0600105250275362
SHEL,22_bull_continuation,,HIGH,173,51.96,278.14,58.96,105.45,59.54,172.24,57.23,6.802268706400682,4.672742626361519,-0.4600105250275419
SHEL,22_bull_continuation,,LOW,193,9.13,108.49,54.92,18.0,56.48,-30.83,50.78,2.7622687064006826,1.6127426263615163,-6.910010525027538
SHEL,22_bull_continuation,,MID,163,4.16,147.53,50.31,-11.06,44.79,105.01,55.28,-1.8477312935993169,-10.077257373638481,-2.4100105250275377
SHEL,22_bull_reversal,,HIGH,134,32.2,240.44,59.7,82.29,52.99,206.91,54.48,7.542268706400684,-1.8772573736384786,-3.210010525027542
SHEL,22_bull_reversal,,LOW,132,4.59,103.13,50.0,13.54,50.76,42.88,56.06,-2.157731293599319,-4.1072573736384825,-1.6300105250275365
SHEL,22_bull_reversal,,MID,140,-14.86,128.62,42.14,-22.55,45.0,21.11,55.8,-10.017731293599319,-9.86725737363848,-1.8900105250275416
SHEL,322_bear_continuation,,HIGH,17,2.03,232.67,58.82,35.41,52.94,-78.95,47.06,6.662268706400681,-1.9272573736384828,-10.630010525027537
SHEL,322_bear_continuation,,MID,13,-19.08,148.27,30.77,8.3,38.46,159.02,61.54,-21.38773129359932,-16.40725737363848,3.8499894749724604
SHEL,322_bull_continuation,,LOW,13,-22.89,107.75,46.15,19.8,53.85,74.48,61.54,-6.007731293599321,-1.0172573736384791,3.8499894749724604
SHEL,322_bull_continuation,,MID,14,47.17,93.67,64.29,18.64,35.71,90.56,57.14,12.132268706400687,-19.15725737363848,-0.5500105250275382
SHEL,clean_2d_bear,,HIGH,13,-6.87,201.04,53.85,172.08,53.85,-6.02,46.15,1.6922687064006823,-1.0172573736384791,-11.54001052502754
SHEL,clean_2d_bear,,LOW,16,29.01,97.03,75.0,59.26,68.75,63.18,62.5,22.84226870640068,13.88274262636152,4.809989474972461
SHEL,clean_2d_bear,,MID,11,62.54,146.37,54.55,169.89,72.73,286.95,81.82,2.392268706400678,17.862742626361523,24.129989474972454
SHEL,f2d_bull_reversal,,HIGH,14,-22.13,52.79,28.57,-20.63,57.14,99.24,64.29,-23.58773129359932,2.27274262636152,6.5999894749724675
SHEL,,,HIGH,135,-15.87,237.7,45.93,24.48,59.26,189.1,55.56,-6.227731293599319,4.3927426263615175,-2.1300105250275365
SHEL,,,LOW,123,8.53,96.4,56.1,-4.48,46.34,-16.35,47.97,3.9422687064006823,-8.527257373638477,-9.72001052502754
SHEL,,,MID,117,-17.07,173.63,44.44,0.25,47.83,132.9,62.83,-7.717731293599321,-7.037257373638482,5.1399894749724595
SHOP,11_inside_compression,,LOW,10,64.96,256.15,70.0,130.48,50.0,811.24,80.0,17.84226870640068,-4.8672573736384805,22.30998947497246
SHOP,212_bear_continuation,,HIGH,23,221.17,401.69,69.57,568.14,73.91,705.26,69.57,17.412268706400674,19.042742626361516,11.879989474972454
SHOP,212_bear_continuation,,LOW,13,-5.78,252.71,46.15,199.94,69.23,1302.23,92.31,-6.007731293599321,14.362742626361523,34.61998947497246
SHOP,212_bear_continuation,,MID,15,18.28,305.81,60.0,55.75,60.0,407.8,60.0,7.842268706400681,5.1327426263615195,2.309989474972461
SHOP,212_bear_reversal,,HIGH,19,-22.83,481.4,52.63,-23.22,36.84,526.85,68.42,0.4722687064006834,-18.027257373638477,10.729989474972463
SHOP,212_bear_reversal,,LOW,22,-2.36,255.99,50.0,41.84,50.0,-19.27,54.55,-2.157731293599319,-4.8672573736384805,-3.1400105250275416
SHOP,212_bear_reversal,,MID,20,-45.59,296.26,60.0,20.09,40.0,717.81,73.68,7.842268706400681,-14.86725737363848,15.989989474972468
SHOP,212_bull_continuation,,HIGH,12,56.15,511.91,50.0,69.28,58.33,397.78,41.67,-2.157731293599319,3.4627426263615178,-16.020010525027537
SHOP,212_bull_continuation,,LOW,27,-56.16,335.32,48.15,-17.0,55.56,327.53,59.26,-4.007731293599321,0.6927426263615217,1.5699894749724592
SHOP,212_bull_continuation,,MID,16,-8.83,292.12,37.5,77.58,56.25,202.26,43.75,-14.65773129359932,1.3827426263615195,-13.940010525027539
SHOP,212_bull_reversal,,HIGH,30,-58.66,514.42,43.33,-99.76,46.67,184.61,63.33,-8.82773129359932,-8.197257373638479,5.6399894749724595
SHOP,212_bull_reversal,,LOW,26,-90.58,222.52,38.46,-16.58,53.85,523.22,57.69,-13.697731293599318,-1.0172573736384791,-1.0525027541063992e-05
SHOP,212_bull_reversal,,MID,24,34.32,310.71,58.33,92.6,58.33,352.26,65.22,6.172268706400679,3.4627426263615178,7.52998947497246
SHOP,22_bear_continuation,,HIGH,159,40.42,429.98,53.46,149.3,55.35,366.68,60.38,1.3022687064006817,0.4827426263615209,2.6899894749724638
SHOP,22_bear_continuation,,LOW,67,48.73,266.44,61.19,62.94,53.73,506.34,64.18,9.032268706400679,-1.1372573736384837,6.489989474972468
SHOP,22_bear_continuation,,MID,113,-41.88,294.82,43.36,41.25,52.21,308.72,61.11,-8.79773129359932,-2.6572573736384797,3.4199894749724606
SHOP,22_bear_reversal,,HIGH,120,6.92,452.59,54.17,134.29,63.33,93.07,54.17,2.0122687064006826,8.462742626361518,-3.520010525027537
SHOP,22_bear_reversal,,LOW,96,-38.54,237.4,43.75,-35.33,46.88,273.07,61.46,-8.40773129359932,-7.987257373638478,3.769989474972462
SHOP,22_bear_reversal,,MID,104,-2.88,273.31,50.0,109.0,53.85,236.39,60.19,-2.157731293599319,-1.0172573736384791,2.499989474972459
SHOP,22_bull_continuation,,HIGH,141,77.19,527.0,57.45,-11.07,56.74,26.27,53.19,5.292268706400684,1.8727426263615214,-4.500010525027541
SHOP,22_bull_continuation,,LOW,200,33.25,278.56,54.0,94.87,63.0,440.82,69.5,1.8422687064006809,8.13274262636152,11.809989474972461
SHOP,22_bull_continuation,,MID,183,12.46,419.29,49.73,129.33,50.83,72.26,56.91,-2.4277312935993223,-4.037257373638482,-0.7800105250275422
SHOP,22_bull_reversal,,HIGH,104,121.32,434.55,62.5,274.28,63.46,113.87,61.54,10.34226870640068,8.59274262636152,3.8499894749724604
SHOP,22_bull_reversal,,LOW,86,55.96,278.96,58.14,129.03,59.3,450.39,65.12,5.982268706400681,4.432742626361517,7.429989474972466
SHOP,22_bull_reversal,,MID,111,105.94,392.99,62.16,215.14,60.0,384.63,62.39,10.002268706400677,5.1327426263615195,4.699989474972462
SHOP,322_bear_continuation,,HIGH,16,-54.72,415.81,43.75,591.18,68.75,406.83,68.75,-8.40773129359932,13.88274262636152,11.059989474972461
SHOP,322_bear_continuation,,LOW,11,93.19,317.88,54.55,517.3,81.82,894.69,81.82,2.392268706400678,26.952742626361513,24.129989474972454
SHOP,322_bull_continuation,,LOW,18,102.17,160.89,61.11,141.21,55.56,55.6,50.0,8.95226870640068,0.6927426263615217,-7.690010525027539
SHOP,322_bull_continuation,,MID,15,-136.48,461.54,40.0,-97.62,40.0,454.17,64.29,-12.15773129359932,-14.86725737363848,6.5999894749724675
SHOP,32_bull_reversal,,MID,10,-146.46,331.16,50.0,191.72,60.0,310.1,60.0,-2.157731293599319,5.1327426263615195,2.309989474972461
SHOP,clean_2d_bear,,HIGH,20,-581.48,2045.65,40.0,-287.76,50.0,11.39,65.0,-12.15773129359932,-4.8672573736384805,7.309989474972461
SHOP,clean_2d_bear,,LOW,14,68.23,329.78,57.14,378.53,78.57,1165.62,92.86,4.982268706400681,23.702742626361513,35.16998947497246
SHOP,clean_2d_bear,,MID,13,-5.7,368.65,53.85,245.97,76.92,249.6,46.15,1.6922687064006823,22.05274262636152,-11.54001052502754
SHOP,clean_2u_bull,,HIGH,12,-143.5,518.3,33.33,-367.17,41.67,548.19,66.67,-18.82773129359932,-13.197257373638479,8.979989474972463
SHOP,clean_2u_bull,,LOW,18,63.84,186.74,66.67,91.46,55.56,473.05,77.78,14.512268706400683,0.6927426263615217,20.089989474972462
SHOP,clean_2u_bull,,MID,14,63.53,212.27,50.0,-222.7,21.43,450.6,76.92,-2.157731293599319,-33.43725737363848,19.229989474972463
SHOP,f2u_bear_reversal,,HIGH,12,-30.23,372.05,41.67,66.54,58.33,973.75,58.33,-10.487731293599317,3.4627426263615178,0.6399894749724595
SHOP,,,HIGH,150,-6.33,479.02,49.33,25.27,53.33,507.78,60.67,-2.827731293599321,-1.5372573736384822,2.979989474972463
SHOP,,,LOW,166,20.63,278.13,56.63,59.63,56.02,514.08,69.88,4.472268706400683,1.1527426263615226,12.189989474972457
SHOP,,,MID,148,14.88,326.16,50.0,56.97,56.46,387.97,67.36,-2.157731293599319,1.5927426263615203,9.66998947497246
SMCI,11_inside_compression,,LOW,13,-65.28,302.71,53.85,-54.41,46.15,594.37,61.54,1.6922687064006823,-8.717257373638482,3.8499894749724604
SMCI,132_bull_continuation,,HIGH,10,4.2,503.29,60.0,278.34,70.0,185.97,60.0,7.842268706400681,15.13274262636152,2.309989474972461
SMCI,132_bull_continuation,,MID,10,148.91,280.64,60.0,350.58,60.0,1788.7,80.0,7.842268706400681,5.1327426263615195,22.30998947497246
SMCI,212_bear_continuation,,HIGH,17,-57.44,219.93,47.06,58.37,52.94,272.37,64.71,-5.097731293599317,-1.9272573736384828,7.019989474972455
SMCI,212_bear_continuation,,LOW,18,101.21,785.87,50.0,437.33,55.56,240.17,33.33,-2.157731293599319,0.6927426263615217,-24.36001052502754
SMCI,212_bear_continuation,,MID,11,-161.1,453.33,45.45,-781.44,9.09,-394.61,36.36,-6.707731293599316,-45.77725737363848,-21.33001052502754
SMCI,212_bear_reversal,,HIGH,19,132.07,263.2,68.42,343.02,73.68,20.01,47.37,16.262268706400683,18.812742626361526,-10.320010525027541
SMCI,212_bear_reversal,,LOW,26,-161.12,824.07,42.31,-230.21,38.46,299.75,42.31,-9.847731293599317,-16.40725737363848,-15.380010525027537
SMCI,212_bear_reversal,,MID,16,144.78,480.4,50.0,364.41,50.0,620.79,62.5,-2.157731293599319,-4.8672573736384805,4.809989474972461
SMCI,212_bull_continuation,,HIGH,15,144.21,610.47,53.33,710.53,86.67,1454.29,80.0,1.1722687064006792,31.80274262636152,22.30998947497246
SMCI,212_bull_continuation,,LOW,24,116.32,348.82,70.83,58.44,54.17,300.41,41.67,18.67226870640068,-0.6972573736384788,-16.020010525027537
SMCI,212_bull_continuation,,MID,19,-146.46,476.46,36.84,-509.71,36.84,479.01,55.56,-15.317731293599316,-18.027257373638477,-2.1300105250275365
SMCI,212_bull_reversal,,HIGH,25,-91.9,430.66,52.0,28.11,48.0,341.56,60.0,-0.15773129359931914,-6.8672573736384805,2.309989474972461
SMCI,212_bull_reversal,,LOW,36,-43.45,288.78,44.44,64.95,50.0,621.73,58.33,-7.717731293599321,-4.8672573736384805,0.6399894749724595
SMCI,212_bull_reversal,,MID,36,23.61,373.67,58.33,31.88,47.22,244.99,48.57,6.172268706400679,-7.647257373638482,-9.120010525027539
SMCI,22_bear_continuation,,HIGH,154,10.56,515.0,57.14,171.86,57.14,591.26,61.04,4.982268706400681,2.27274262636152,3.3499894749724604
SMCI,22_bear_continuation,,LOW,92,-12.67,325.03,47.83,78.92,48.91,317.75,53.26,-4.327731293599321,-5.957257373638484,-4.430010525027541
SMCI,22_bear_continuation,,MID,94,-11.45,407.56,48.94,229.34,59.57,720.91,61.29,-3.2177312935993214,4.70274262636152,3.5999894749724604
SMCI,22_bear_reversal,,HIGH,112,72.9,381.45,58.04,111.73,53.57,195.95,58.93,5.88226870640068,-1.2972573736384803,1.239989474972461
SMCI,22_bear_reversal,,LOW,101,-5.65,250.65,53.47,-15.82,52.48,-115.47,46.53,1.3122687064006797,-2.3872573736384837,-11.160010525027538
SMCI,22_bear_reversal,,MID,106,65.78,571.06,50.94,174.91,57.55,591.65,55.77,-1.2177312935993214,2.6827426263615166,-1.9200105250275357
SMCI,22_bull_continuation,,HIGH,148,23.59,412.36,54.73,-28.98,50.0,573.6,58.11,2.5722687064006777,-4.8672573736384805,0.41998947497246064
SMCI,22_bull_continuation,,LOW,159,20.06,350.41,50.94,73.21,50.31,272.91,50.94,-1.2177312935993214,-4.557257373638478,-6.750010525027541
SMCI,22_bull_continuation,,MID,166,23.98,468.52,45.78,149.76,48.19,-202.92,45.06,-6.377731293599318,-6.677257373638483,-12.630010525027537
SMCI,22_bull_reversal,,HIGH,114,12.24,536.07,49.12,172.7,60.53,101.82,52.63,-3.0377312935993217,5.662742626361521,-5.060010525027536
SMCI,22_bull_reversal,,LOW,96,23.76,562.49,47.92,144.95,58.33,240.44,47.92,-4.237731293599317,3.4627426263615178,-9.770010525027537
SMCI,22_bull_reversal,,MID,105,43.25,532.97,45.71,92.74,49.52,292.23,51.46,-6.447731293599318,-5.347257373638477,-6.230010525027538
SMCI,322_bear_continuation,,HIGH,16,47.83,453.39,56.25,-452.98,37.5,-308.81,37.5,4.092268706400681,-17.36725737363848,-20.19001052502754
SMCI,322_bear_continuation,,MID,15,-17.82,300.13,60.0,-165.42,35.71,-557.18,35.71,7.842268706400681,-19.15725737363848,-21.980010525027538
SMCI,322_bull_continuation,,HIGH,12,9.65,340.58,50.0,-23.4,41.67,372.2,75.0,-2.157731293599319,-13.197257373638479,17.30998947497246
SMCI,322_bull_continuation,,LOW,14,42.06,216.73,42.86,-98.33,57.14,656.18,57.14,-9.29773129359932,2.27274262636152,-0.5500105250275382
SMCI,322_bull_continuation,,MID,10,-65.99,412.55,30.0,327.14,50.0,1180.98,50.0,-22.15773129359932,-4.8672573736384805,-7.690010525027539
SMCI,clean_2d_bear,,HIGH,17,26.5,213.33,41.18,-121.78,47.06,-76.2,47.06,-10.97773129359932,-7.807257373638478,-10.630010525027537
SMCI,clean_2d_bear,,MID,16,-95.57,393.67,56.25,-17.17,50.0,-650.34,37.5,4.092268706400681,-4.8672573736384805,-20.19001052502754
SMCI,clean_2u_bull,,LOW,13,122.73,344.69,53.85,186.41,46.15,921.19,53.85,1.6922687064006823,-8.717257373638482,-3.8400105250275374
SMCI,clean_2u_bull,,MID,12,-37.23,297.62,41.67,-32.06,45.45,656.69,45.45,-10.487731293599317,-9.417257373638478,-12.240010525027536
SMCI,f2d_bull_reversal,,LOW,11,44.47,93.56,72.73,257.85,63.64,888.02,72.73,20.572268706400685,8.77274262636152,15.039989474972465
SMCI,,,HIGH,146,56.81,414.96,56.85,259.46,63.7,601.5,63.7,4.692268706400682,8.832742626361522,6.009989474972464
SMCI,,,LOW,171,12.46,279.48,49.12,62.8,51.46,292.97,49.12,-3.0377312935993217,-3.4072573736384797,-8.570010525027541
SMCI,,,MID,172,8.5,598.22,48.26,-141.72,51.46,168.98,47.62,-3.897731293599321,-3.4072573736384797,-10.070010525027541
SNOW,212_bear_continuation,,HIGH,11,-12.14,657.4,54.55,160.32,63.64,1033.24,54.55,2.392268706400678,8.77274262636152,-3.1400105250275416
SNOW,212_bear_reversal,,HIGH,15,15.19,392.59,53.33,75.33,60.0,-284.07,26.67,1.1722687064006792,5.1327426263615195,-31.020010525027537
SNOW,212_bear_reversal,,MID,17,5.59,290.25,64.71,425.0,76.47,584.77,62.5,12.552268706400675,21.60274262636152,4.809989474972461
SNOW,212_bull_continuation,,MID,12,-65.66,254.01,58.33,-252.99,41.67,315.16,58.33,6.172268706400679,-13.197257373638479,0.6399894749724595
SNOW,212_bull_reversal,,HIGH,16,121.86,466.39,62.5,-9.09,50.0,223.93,50.0,10.34226870640068,-4.8672573736384805,-7.690010525027539
SNOW,212_bull_reversal,,MID,10,7.56,262.25,40.0,432.87,60.0,359.95,50.0,-12.15773129359932,5.1327426263615195,-7.690010525027539
SNOW,22_bear_continuation,,HIGH,120,60.53,493.46,57.5,196.81,50.83,185.38,54.17,5.342268706400681,-4.037257373638482,-3.520010525027537
SNOW,22_bear_continuation,,LOW,36,38.41,206.12,52.78,-9.37,44.44,-262.91,30.56,0.622268706400682,-10.427257373638483,-27.13001052502754
SNOW,22_bear_continuation,,MID,70,-8.77,348.53,45.71,25.06,52.86,139.27,60.29,-6.447731293599318,-2.007257373638481,2.5999894749724604
SNOW,22_bear_reversal,,HIGH,89,-5.69,401.04,51.69,-52.97,44.94,-20.34,47.19,-0.4677312935993214,-9.927257373638483,-10.500010525027541
SNOW,22_bear_reversal,,LOW,32,-118.35,392.75,40.63,-105.46,50.0,-587.59,34.38,-11.527731293599317,-4.8672573736384805,-23.310010525027536
SNOW,22_bear_reversal,,MID,81,18.66,259.6,60.49,-11.57,55.0,147.08,61.04,8.332268706400683,0.13274262636151946,3.3499894749724604
SNOW,22_bull_continuation,,HIGH,93,-63.11,467.72,49.46,-74.11,45.16,-144.14,39.78,-2.6977312935993183,-9.707257373638484,-17.910010525027538
SNOW,22_bull_continuation,,LOW,39,2.88,298.54,48.72,-60.53,35.9,-473.91,38.46,-3.4377312935993203,-18.967257373638482,-19.230010525027538
SNOW,22_bull_continuation,,MID,113,-8.87,427.97,44.25,1.84,61.26,132.12,51.38,-7.907731293599319,6.3927426263615175,-6.310010525027536
SNOW,22_bull_reversal,,HIGH,93,36.17,440.99,52.69,-59.8,48.39,-254.07,45.16,0.5322687064006786,-6.47725737363848,-12.530010525027542
SNOW,22_bull_reversal,,LOW,28,-24.22,310.95,46.43,-183.58,39.29,-566.93,42.86,-5.727731293599319,-15.577257373638481,-14.83001052502754
SNOW,22_bull_reversal,,MID,99,13.31,315.73,48.48,40.78,54.55,208.51,58.95,-3.6777312935993223,-0.3172573736384834,1.259989474972464
SNOW,322_bear_continuation,,HIGH,13,248.02,420.43,84.62,421.43,69.23,295.43,61.54,32.462268706400685,14.362742626361523,3.8499894749724604
SNOW,322_bear_continuation,,MID,11,45.38,187.6,81.82,309.63,63.64,743.48,72.73,29.662268706400674,8.77274262636152,15.039989474972465
SNOW,clean_2u_bull,,HIGH,14,59.56,411.64,50.0,65.11,57.14,675.47,71.43,-2.157731293599319,2.27274262636152,13.739989474972468
SNOW,,,HIGH,94,4.47,403.7,51.06,9.18,54.26,140.11,52.13,-1.0977312935993169,-0.6072573736384825,-5.560010525027536
SNOW,,,LOW,43,36.96,255.41,55.81,-61.96,41.86,-168.57,39.53,3.652268706400683,-13.007257373638481,-18.160010525027538
SNOW,,,MID,106,-9.27,352.51,55.66,36.61,46.23,217.05,55.77,3.5022687064006774,-8.637257373638484,-1.9200105250275357
SNPS,132_bear_continuation,,HIGH,11,33.6,286.7,54.55,212.84,72.73,420.94,54.55,2.392268706400678,17.862742626361523,-3.1400105250275416
SNPS,132_bull_continuation,,LOW,10,-11.84,130.43,50.0,87.7,80.0,497.56,90.0,-2.157731293599319,25.13274262636152,32.30998947497246
SNPS,132_bull_continuation,,MID,13,61.93,107.33,76.92,-17.86,69.23,-111.75,61.54,24.762268706400683,14.362742626361523,3.8499894749724604
SNPS,212_bear_continuation,,HIGH,21,79.82,155.56,76.19,365.39,80.95,722.63,61.9,24.03226870640068,26.082742626361522,4.20998947497246
SNPS,212_bear_continuation,,MID,16,-29.17,130.01,37.5,-10.72,40.0,534.41,78.57,-14.65773129359932,-14.86725737363848,20.879989474972454
SNPS,212_bear_reversal,,HIGH,22,4.39,217.42,40.91,112.8,72.73,326.75,54.55,-11.247731293599323,17.862742626361523,-3.1400105250275416
SNPS,212_bear_reversal,,LOW,22,74.84,98.1,81.82,89.2,68.18,92.78,59.09,29.662268706400674,13.312742626361526,1.3999894749724646
SNPS,212_bear_reversal,,MID,23,103.34,380.09,47.83,156.03,73.91,355.0,63.64,-4.327731293599321,19.042742626361516,5.949989474972462
SNPS,212_bull_continuation,,HIGH,18,12.41,187.09,50.0,198.24,72.22,165.87,66.67,-2.157731293599319,17.35274262636152,8.979989474972463
SNPS,212_bull_continuation,,LOW,14,50.84,150.74,64.29,28.32,50.0,-31.88,50.0,12.132268706400687,-4.8672573736384805,-7.690010525027539
SNPS,212_bull_continuation,,MID,14,-31.97,194.06,42.86,149.93,57.14,614.28,71.43,-9.29773129359932,2.27274262636152,13.739989474972468
SNPS,212_bull_reversal,,HIGH,22,-3.54,201.7,45.45,87.6,54.55,398.27,72.73,-6.707731293599316,-0.3172573736384834,15.039989474972465
SNPS,212_bull_reversal,,LOW,22,-22.68,108.96,40.91,-16.33,54.55,331.46,81.82,-11.247731293599323,-0.3172573736384834,24.129989474972454
SNPS,212_bull_reversal,,MID,25,56.7,315.26,64.0,-87.28,44.0,166.1,64.0,11.84226870640068,-10.86725737363848,6.309989474972461
SNPS,22_bear_continuation,,HIGH,127,41.38,254.28,61.42,78.21,51.18,382.99,62.99,9.262268706400683,-3.687257373638481,5.299989474972463
SNPS,22_bear_continuation,,LOW,74,-9.95,129.75,48.65,33.64,60.81,133.09,71.62,-3.5077312935993206,5.942742626361522,13.929989474972466
SNPS,22_bear_continuation,,MID,82,20.1,230.21,57.32,23.51,49.38,109.33,58.23,5.162268706400681,-5.487257373638478,0.5399894749724581
SNPS,22_bear_reversal,,HIGH,112,71.47,295.67,61.61,144.33,57.14,450.21,66.96,9.45226870640068,2.27274262636152,9.269989474972455
SNPS,22_bear_reversal,,LOW,101,10.62,150.46,59.41,38.26,58.42,63.47,65.35,7.2522687064006774,3.552742626361521,7.6599894749724555
SNPS,22_bear_reversal,,MID,104,-38.18,183.5,43.27,29.37,55.77,94.39,62.75,-8.887731293599316,0.9027426263615226,5.059989474972461
SNPS,22_bull_continuation,,HIGH,139,4.11,233.18,51.8,55.59,61.15,380.53,69.06,-0.357731293599322,6.282742626361518,11.369989474972463
SNPS,22_bull_continuation,,LOW,180,-8.45,153.32,50.56,-18.28,52.22,53.48,58.89,-1.5977312935993169,-2.6472573736384817,1.1999894749724618
SNPS,22_bull_continuation,,MID,184,24.85,207.82,58.7,72.19,59.24,158.2,56.83,6.542268706400684,4.3727426263615214,-0.8600105250275405
SNPS,22_bull_reversal,,HIGH,116,37.65,272.02,52.59,149.61,64.66,484.32,66.38,0.43226870640068427,9.792742626361516,8.689989474972457
SNPS,22_bull_reversal,,LOW,111,8.62,136.03,54.05,31.74,58.56,17.18,54.05,1.892268706400678,3.6927426263615217,-3.6400105250275416
SNPS,22_bull_reversal,,MID,101,-7.08,198.68,49.5,-2.74,51.49,195.52,60.0,-2.657731293599319,-3.3772573736384786,2.309989474972461
SNPS,312_bull_reversal,,LOW,15,27.53,75.73,66.67,91.03,66.67,292.73,80.0,14.512268706400683,11.802742626361521,22.30998947497246
SNPS,312_bull_reversal,,MID,11,55.5,141.4,36.36,160.87,63.64,23.94,63.64,-15.79773129359932,8.77274262636152,5.949989474972462
SNPS,322_bear_continuation,,HIGH,25,17.93,221.91,64.0,48.38,48.0,442.77,60.0,11.84226870640068,-6.8672573736384805,2.309989474972461
SNPS,322_bull_continuation,,HIGH,14,-34.46,245.99,42.86,-48.71,50.0,812.25,85.71,-9.29773129359932,-4.8672573736384805,28.019989474972455
SNPS,322_bull_continuation,,LOW,23,40.51,116.23,78.26,42.81,73.91,153.59,69.57,26.102268706400686,19.042742626361516,11.879989474972454
SNPS,322_bull_continuation,,MID,19,-11.03,157.16,52.63,-10.87,78.95,-82.43,55.56,0.4722687064006834,24.082742626361522,-2.1300105250275365
SNPS,clean_2d_bear,,HIGH,15,12.35,170.76,60.0,-43.14,40.0,221.03,60.0,7.842268706400681,-14.86725737363848,2.309989474972461
SNPS,clean_2d_bear,,LOW,11,-18.64,138.26,45.45,60.16,54.55,248.75,72.73,-6.707731293599316,-0.3172573736384834,15.039989474972465
SNPS,clean_2d_bear,,MID,14,-35.24,242.85,50.0,-130.45,35.71,60.72,42.86,-2.157731293599319,-19.15725737363848,-14.83001052502754
SNPS,clean_2u_bull,,HIGH,11,-32.54,135.47,45.45,71.19,36.36,546.11,81.82,-6.707731293599316,-18.50725737363848,24.129989474972454
SNPS,clean_2u_bull,,LOW,19,5.89,88.49,52.63,92.79,78.95,151.54,68.42,0.4722687064006834,24.082742626361522,10.729989474972463
SNPS,clean_2u_bull,,MID,19,-37.91,186.44,47.37,47.47,57.89,-161.23,38.89,-4.787731293599322,3.02274262636152,-18.800010525027538
SNPS,,,HIGH,160,18.31,278.03,55.0,137.09,59.38,373.1,61.25,2.842268706400681,4.512742626361522,3.559989474972461
SNPS,,,LOW,167,5.87,135.97,57.49,40.63,59.28,166.34,64.07,5.332268706400683,4.412742626361521,6.379989474972454
SNPS,,,MID,164,-35.36,342.57,52.44,9.91,54.6,102.32,61.01,0.2822687064006786,-0.2672573736384791,3.319989474972459
SPOT,212_bear_continuation,,HIGH,14,36.71,229.0,42.86,142.94,64.29,486.3,71.43,-9.29773129359932,9.422742626361526,13.739989474972468
SPOT,212_bear_continuation,,MID,11,-233.72,375.79,18.18,-74.96,45.45,-222.39,50.0,-33.97773129359932,-9.417257373638478,-7.690010525027539
SPOT,212_bear_reversal,,HIGH,20,88.92,322.53,70.0,209.44,55.0,124.55,45.0,17.84226870640068,0.13274262636151946,-12.690010525027539
SPOT,212_bear_reversal,,LOW,13,18.63,149.21,46.15,142.78,76.92,298.05,61.54,-6.007731293599321,22.05274262636152,3.8499894749724604
SPOT,212_bear_reversal,,MID,14,-108.62,174.35,28.57,-27.87,50.0,-134.96,42.86,-23.58773129359932,-4.8672573736384805,-14.83001052502754
SPOT,212_bull_continuation,,HIGH,16,44.22,384.13,62.5,173.89,68.75,276.39,56.25,10.34226870640068,13.88274262636152,-1.4400105250275388
SPOT,212_bull_continuation,,LOW,21,6.32,165.15,57.14,28.75,52.38,650.46,80.95,4.982268706400681,-2.487257373638478,23.259989474972464
SPOT,212_bull_continuation,,MID,17,-4.1,190.24,47.06,4.0,47.06,-196.49,53.33,-5.097731293599317,-7.807257373638478,-4.3600105250275405
SPOT,212_bull_reversal,,HIGH,26,139.85,293.12,61.54,437.19,69.23,1088.42,73.08,9.38226870640068,14.362742626361523,15.38998947497246
SPOT,212_bull_reversal,,LOW,14,71.01,113.58,71.43,-30.13,57.14,293.24,57.14,19.272268706400688,2.27274262636152,-0.5500105250275382
SPOT,212_bull_reversal,,MID,27,3.84,347.8,44.44,-41.52,40.74,309.71,62.96,-7.717731293599321,-14.127257373638479,5.269989474972462
SPOT,22_bear_continuation,,HIGH,132,22.87,297.19,59.09,62.94,53.03,341.82,51.52,6.932268706400684,-1.8372573736384794,-6.170010525027536
SPOT,22_bear_continuation,,LOW,41,38.37,223.09,63.41,53.63,58.54,-288.8,36.59,11.252268706400677,3.6727426263615186,-21.100010525027535
SPOT,22_bear_continuation,,MID,116,13.57,258.28,56.9,85.68,56.03,37.82,51.33,4.742268706400679,1.1627426263615206,-6.3600105250275405
SPOT,22_bear_reversal,,HIGH,116,10.34,355.8,51.72,75.62,51.72,316.25,55.17,-0.4377312935993203,-3.1472573736384817,-2.520010525027537
SPOT,22_bear_reversal,,LOW,56,-34.36,233.62,48.21,9.76,53.57,179.56,57.14,-3.9477312935993183,-1.2972573736384803,-0.5500105250275382
SPOT,22_bear_reversal,,MID,106,3.74,271.09,49.06,99.91,55.66,265.47,59.62,-3.097731293599317,0.792742626361516,1.9299894749724587
SPOT,22_bull_continuation,,HIGH,138,-2.86,333.3,48.55,-17.83,50.72,479.81,55.07,-3.607731293599322,-4.147257373638482,-2.6200105250275385
SPOT,22_bull_continuation,,LOW,80,9.11,175.63,52.5,18.58,53.75,-34.99,47.5,0.34226870640068086,-1.1172573736384805,-10.190010525027539
SPOT,22_bull_continuation,,MID,147,3.06,305.38,51.02,-35.19,45.89,-98.09,49.32,-1.137731293599316,-8.97725737363848,-8.370010525027539
SPOT,22_bull_reversal,,HIGH,108,-4.75,346.37,47.22,3.47,58.33,111.1,48.15,-4.93773129359932,3.4627426263615178,-9.54001052502754
SPOT,22_bull_reversal,,LOW,51,3.25,172.68,52.94,48.71,54.9,174.07,54.9,0.7822687064006786,0.032742626361518035,-2.79001052502754
SPOT,22_bull_reversal,,MID,106,11.65,231.98,52.83,60.26,50.0,73.83,55.77,0.6722687064006792,-4.8672573736384805,-1.9200105250275357
SPOT,322_bear_continuation,,HIGH,16,170.06,468.0,50.0,186.22,75.0,392.02,68.75,-2.157731293599319,20.13274262636152,11.059989474972461
SPOT,322_bull_continuation,,HIGH,14,63.03,616.82,42.86,202.66,50.0,598.75,50.0,-9.29773129359932,-4.8672573736384805,-7.690010525027539
SPOT,322_bull_continuation,,LOW,12,0.54,230.51,50.0,0.57,58.33,-255.43,50.0,-2.157731293599319,3.4627426263615178,-7.690010525027539
SPOT,322_bull_continuation,,MID,15,23.48,241.01,46.67,184.0,53.33,703.32,66.67,-5.487731293599317,-1.5372573736384822,8.979989474972463
SPOT,clean_2d_bear,,HIGH,17,13.7,453.13,58.82,208.99,58.82,133.87,52.94,6.662268706400681,3.9527426263615197,-4.750010525027541
SPOT,clean_2d_bear,,MID,10,-69.71,205.92,30.0,-129.22,40.0,231.58,50.0,-22.15773129359932,-14.86725737363848,-7.690010525027539
SPOT,clean_2u_bull,,HIGH,11,-73.45,470.3,54.55,-328.25,27.27,-353.56,54.55,2.392268706400678,-27.59725737363848,-3.1400105250275416
SPOT,clean_2u_bull,,MID,11,39.4,159.35,72.73,442.89,72.73,624.42,80.0,20.572268706400685,17.862742626361523,22.30998947497246
SPOT,f2d_bull_reversal,,HIGH,10,70.94,242.36,40.0,-3.13,50.0,23.15,60.0,-12.15773129359932,-4.8672573736384805,2.309989474972461
SPOT,,,HIGH,151,-21.87,373.29,45.7,33.0,51.66,212.23,54.3,-6.457731293599316,-3.207257373638484,-3.3900105250275416
SPOT,,,LOW,100,18.07,177.07,57.0,40.39,49.0,316.26,62.0,4.842268706400681,-5.8672573736384805,4.309989474972461
SPOT,,,MID,131,-4.36,260.51,48.09,4.47,50.39,75.29,53.6,-4.067731293599316,-4.47725737363848,-4.090010525027537
SPY,132_bull_continuation,,MID,13,-22.65,90.21,53.85,-105.18,46.15,121.4,84.62,1.6922687064006823,-8.717257373638482,26.929989474972466
SPY,212_bear_continuation,,HIGH,11,0.36,187.36,54.55,136.55,63.64,344.58,54.55,2.392268706400678,8.77274262636152,-3.1400105250275416
SPY,212_bear_reversal,,HIGH,21,-27.53,129.76,33.33,3.67,66.67,103.06,71.43,-18.82773129359932,11.802742626361521,13.739989474972468
SPY,212_bear_reversal,,LOW,23,-4.39,47.12,56.52,9.49,69.57,86.72,65.22,4.362268706400684,14.702742626361513,7.52998947497246
SPY,212_bear_reversal,,MID,20,3.22,68.29,45.0,-43.47,35.0,24.46,70.0,-7.157731293599319,-19.86725737363848,12.309989474972461
SPY,212_bull_continuation,,HIGH,12,38.03,93.74,66.67,-5.59,50.0,415.93,91.67,14.512268706400683,-4.8672573736384805,33.97998947497246
SPY,212_bull_continuation,,LOW,27,7.15,42.08,51.85,15.94,66.67,39.99,62.96,-0.3077312935993177,11.802742626361521,5.269989474972462
SPY,212_bull_continuation,,MID,15,25.27,52.97,66.67,44.51,66.67,103.17,73.33,14.512268706400683,11.802742626361521,15.63998947497246
SPY,212_bull_reversal,,HIGH,16,51.07,205.1,62.5,105.31,56.25,256.42,68.75,10.34226870640068,1.3827426263615195,11.059989474972461
SPY,212_bull_reversal,,LOW,21,14.89,51.72,52.38,25.47,47.62,162.38,90.48,0.2222687064006834,-7.247257373638483,32.789989474972465
SPY,212_bull_reversal,,MID,18,7.56,90.75,66.67,9.48,55.56,126.09,61.11,14.512268706400683,0.6927426263615217,3.4199894749724606
SPY,22_bear_continuation,,HIGH,171,28.11,197.82,57.31,50.41,58.48,118.54,61.4,5.152268706400683,3.6127426263615163,3.70998947497246
SPY,22_bear_continuation,,LOW,64,12.61,52.28,60.94,20.39,68.75,111.74,64.06,8.782268706400679,13.88274262636152,6.3699894749724635
SPY,22_bear_continuation,,MID,78,-7.55,92.9,48.72,11.69,58.97,102.09,74.36,-3.4377312935993203,4.102742626361518,16.66998947497246
SPY,22_bear_reversal,,HIGH,123,13.82,174.99,59.35,46.65,63.41,207.68,67.48,7.192268706400682,8.542742626361516,9.789989474972465
SPY,22_bear_reversal,,LOW,104,6.04,56.81,56.73,25.37,69.23,105.12,71.15,4.572268706400678,14.362742626361523,13.459989474972467
SPY,22_bear_reversal,,MID,90,-12.13,84.17,45.56,28.95,65.56,51.25,72.22,-6.597731293599317,10.692742626361522,14.52998947497246
SPY,22_bull_continuation,,HIGH,137,3.45,156.8,52.55,19.53,58.39,152.73,63.5,0.392268706400678,3.52274262636152,5.809989474972461
SPY,22_bull_continuation,,LOW,208,1.33,49.63,51.44,25.94,62.5,82.36,72.6,-0.7177312935993214,7.6327426263615195,14.909989474972456
SPY,22_bull_continuation,,MID,207,4.37,76.67,55.07,23.94,63.29,58.92,70.05,2.912268706400681,8.422742626361519,12.359989474972458
SPY,22_bull_reversal,,HIGH,121,-9.47,195.2,46.28,24.48,59.5,150.15,63.64,-5.877731293599318,4.6327426263615195,5.949989474972462
SPY,22_bull_reversal,,LOW,110,7.4,53.26,58.18,20.5,61.82,52.37,65.45,6.022268706400681,6.95274262636152,7.759989474972464
SPY,22_bull_reversal,,MID,114,4.15,89.15,55.26,37.85,64.91,87.54,69.3,3.102268706400679,10.042742626361516,11.609989474972458
SPY,312_bull_reversal,,HIGH,12,11.81,133.29,66.67,24.09,58.33,113.76,75.0,14.512268706400683,3.4627426263615178,17.30998947497246
SPY,312_bull_reversal,,LOW,11,4.35,49.1,54.55,-58.22,36.36,41.12,54.55,2.392268706400678,-18.50725737363848,-3.1400105250275416
SPY,322_bear_continuation,,HIGH,19,-5.34,132.18,57.89,130.12,78.95,307.52,73.68,5.732268706400681,24.082742626361522,15.989989474972468
SPY,322_bear_continuation,,MID,14,34.12,126.4,64.29,-2.77,50.0,136.45,64.29,12.132268706400687,-4.8672573736384805,6.5999894749724675
SPY,322_bull_continuation,,HIGH,10,1.52,78.86,40.0,-60.87,30.0,240.03,70.0,-12.15773129359932,-24.86725737363848,12.309989474972461
SPY,322_bull_continuation,,LOW,17,12.75,36.04,64.71,24.36,58.82,-150.44,58.82,12.552268706400675,3.9527426263615197,1.1299894749724615
SPY,322_bull_continuation,,MID,17,3.06,76.46,52.94,0.65,58.82,204.97,88.24,0.7822687064006786,3.9527426263615197,30.549989474972456
SPY,32_bull_reversal,,LOW,13,-9.04,54.41,30.77,29.11,69.23,99.69,61.54,-21.38773129359932,14.362742626361523,3.8499894749724604
SPY,clean_2d_bear,,HIGH,22,19.9,133.15,72.73,120.5,72.73,229.96,68.18,20.572268706400685,17.862742626361523,10.489989474972468
SPY,clean_2d_bear,,MID,17,-4.93,66.93,47.06,21.98,58.82,37.55,58.82,-5.097731293599317,3.9527426263615197,1.1299894749724615
SPY,clean_2u_bull,,MID,13,-16.37,65.91,61.54,-57.42,46.15,127.02,76.92,9.38226870640068,-8.717257373638482,19.229989474972463
SPY,,,HIGH,136,4.16,133.19,57.35,73.03,63.24,202.68,74.26,5.192268706400682,8.372742626361521,16.569989474972466
SPY,,,LOW,162,11.06,50.4,66.05,16.5,59.26,41.33,65.43,13.892268706400678,4.3927426263615175,7.739989474972468
SPY,,,MID,149,-10.51,85.53,46.31,-5.92,53.69,97.48,70.47,-5.847731293599317,-1.1772573736384828,12.77998947497246
STX,212_bear_continuation,,HIGH,10,62.98,383.89,50.0,242.35,60.0,-276.88,40.0,-2.157731293599319,5.1327426263615195,-17.69001052502754
STX,212_bear_continuation,,LOW,12,155.65,176.65,83.33,381.15,66.67,794.31,83.33,31.17226870640068,11.802742626361521,25.63998947497246
STX,212_bear_continuation,,MID,10,-58.89,257.87,30.0,-50.9,40.0,720.61,70.0,-22.15773129359932,-14.86725737363848,12.309989474972461
STX,212_bear_reversal,,HIGH,23,-51.07,224.97,43.48,69.36,52.17,469.16,60.87,-8.677731293599322,-2.697257373638479,3.1799894749724587
STX,212_bear_reversal,,LOW,31,19.9,179.27,51.61,150.78,61.29,254.42,58.06,-0.5477312935993197,6.422742626361519,0.3699894749724635
STX,212_bear_reversal,,MID,19,77.17,207.26,57.89,427.95,73.68,1211.97,77.78,5.732268706400681,18.812742626361526,20.089989474972462
STX,212_bull_continuation,,HIGH,13,76.41,230.4,61.54,170.42,69.23,368.33,84.62,9.38226870640068,14.362742626361523,26.929989474972466
STX,212_bull_continuation,,LOW,20,153.45,514.88,60.0,140.24,60.0,-94.73,40.0,7.842268706400681,5.1327426263615195,-17.69001052502754
STX,212_bull_continuation,,MID,18,56.64,207.3,66.67,223.97,50.0,871.79,64.71,14.512268706400683,-4.8672573736384805,7.019989474972455
STX,212_bull_reversal,,HIGH,26,-67.57,299.27,34.62,1.7,53.85,311.87,61.54,-17.53773129359932,-1.0172573736384791,3.8499894749724604
STX,212_bull_reversal,,LOW,28,-56.52,206.68,39.29,-101.71,39.29,198.31,67.86,-12.86773129359932,-15.577257373638481,10.16998947497246
STX,212_bull_reversal,,MID,26,-75.58,229.43,46.15,-90.64,46.15,491.91,56.0,-6.007731293599321,-8.717257373638482,-1.6900105250275388
STX,22_bear_continuation,,HIGH,155,17.95,277.88,53.55,110.69,53.55,346.45,56.77,1.392268706400678,-1.3172573736384834,-0.9200105250275357
STX,22_bear_continuation,,LOW,85,0.67,219.08,50.59,76.46,62.35,203.69,47.06,-1.5677312935993157,7.482742626361521,-10.630010525027537
STX,22_bear_continuation,,MID,102,-18.49,249.27,46.08,9.53,51.0,412.89,61.0,-6.077731293599321,-3.8672573736384805,3.309989474972461
STX,22_bear_reversal,,HIGH,126,28.42,272.86,56.35,101.4,57.14,493.06,57.94,4.192268706400682,2.27274262636152,0.24998947497245894
STX,22_bear_reversal,,LOW,110,27.16,154.03,60.91,54.49,60.91,209.97,52.73,8.752268706400677,6.042742626361516,-4.960010525027542
STX,22_bear_reversal,,MID,106,7.09,252.28,45.28,39.06,56.19,335.94,55.77,-6.877731293599318,1.3227426263615172,-1.9200105250275357
STX,22_bull_continuation,,HIGH,144,35.77,307.38,59.03,36.19,56.94,467.27,56.25,6.872268706400682,2.072742626361517,-1.4400105250275388
STX,22_bull_continuation,,LOW,179,-5.59,231.47,53.07,-12.99,48.6,39.96,43.02,0.9122687064006811,-6.267257373638479,-14.670010525027536
STX,22_bull_continuation,,MID,194,31.2,270.32,57.73,177.32,60.31,648.18,69.11,5.572268706400678,5.442742626361522,11.41998947497246
STX,22_bull_reversal,,HIGH,123,15.12,323.97,51.22,67.95,57.72,457.32,59.35,-0.9377312935993203,2.8527426263615183,1.6599894749724626
STX,22_bull_reversal,,LOW,114,34.15,223.43,57.89,69.35,56.14,121.97,48.25,5.732268706400681,1.27274262636152,-9.440010525027539
STX,22_bull_reversal,,MID,107,36.89,254.61,59.81,127.81,63.21,481.58,63.46,7.652268706400683,8.34274262636152,5.769989474972462
STX,312_bear_reversal,,HIGH,11,86.14,236.35,63.64,193.73,72.73,336.99,45.45,11.482268706400681,17.862742626361523,-12.240010525027536
STX,322_bear_continuation,,HIGH,13,105.36,371.84,69.23,-17.81,53.85,783.76,61.54,17.072268706400685,-1.0172573736384791,3.8499894749724604
STX,322_bull_continuation,,LOW,18,-56.43,422.52,44.44,-172.23,38.89,-270.67,55.56,-7.717731293599321,-15.97725737363848,-2.1300105250275365
STX,322_bull_continuation,,MID,19,-29.22,224.0,42.11,73.84,63.16,68.66,52.63,-10.04773129359932,8.292742626361516,-5.060010525027536
STX,clean_2d_bear,,MID,11,244.31,582.34,63.64,277.63,63.64,217.76,63.64,11.482268706400681,8.77274262636152,5.949989474972462
STX,clean_2u_bull,,HIGH,10,-4.19,302.11,40.0,472.24,70.0,785.46,90.0,-12.15773129359932,15.13274262636152,32.30998947497246
STX,clean_2u_bull,,LOW,11,99.0,409.06,72.73,-123.07,45.45,-374.73,36.36,20.572268706400685,-9.417257373638478,-21.33001052502754
STX,clean_2u_bull,,MID,12,40.53,248.67,50.0,20.72,75.0,94.59,58.33,-2.157731293599319,20.13274262636152,0.6399894749724595
STX,,,HIGH,144,10.88,292.78,52.78,125.66,59.72,453.11,63.89,0.622268706400682,4.852742626361518,6.199989474972462
STX,,,LOW,151,3.21,216.14,51.66,100.43,59.6,288.23,60.93,-0.49773129359932256,4.732742626361521,3.239989474972461
STX,,,MID,158,22.33,267.21,54.43,114.38,60.76,437.82,64.94,2.2722687064006806,5.8927426263615175,7.249989474972459
TJX,212_bear_continuation,,HIGH,12,-3.86,188.11,50.0,131.15,66.67,-318.54,58.33,-2.157731293599319,11.802742626361521,0.6399894749724595
TJX,212_bear_continuation,,LOW,10,-25.15,81.57,40.0,43.57,40.0,-13.89,40.0,-12.15773129359932,-14.86725737363848,-17.69001052502754
TJX,212_bear_continuation,,MID,12,31.8,81.79,66.67,0.36,58.33,13.24,66.67,14.512268706400683,3.4627426263615178,8.979989474972463
TJX,212_bear_reversal,,HIGH,24,-76.3,225.84,37.5,-349.51,29.17,-197.71,58.33,-14.65773129359932,-25.69725737363848,0.6399894749724595
TJX,212_bear_reversal,,LOW,15,-16.33,86.38,40.0,-5.73,46.67,-71.46,33.33,-12.15773129359932,-8.197257373638479,-24.36001052502754
TJX,212_bear_reversal,,MID,15,61.25,141.93,60.0,151.18,80.0,336.94,80.0,7.842268706400681,25.13274262636152,22.30998947497246
TJX,212_bull_continuation,,HIGH,14,8.17,185.43,42.86,50.58,42.86,129.52,42.86,-9.29773129359932,-12.007257373638481,-14.83001052502754
TJX,212_bull_continuation,,LOW,28,-32.63,138.25,39.29,-27.95,39.29,61.9,57.14,-12.86773129359932,-15.577257373638481,-0.5500105250275382
TJX,212_bull_continuation,,MID,19,3.9,124.98,52.63,-109.13,42.11,-0.33,57.89,0.4722687064006834,-12.757257373638481,0.19998947497246178
TJX,212_bull_reversal,,HIGH,20,24.44,176.97,60.0,96.71,75.0,175.83,65.0,7.842268706400681,20.13274262636152,7.309989474972461
TJX,212_bull_reversal,,LOW,16,28.84,142.85,62.5,-21.37,37.5,260.13,62.5,10.34226870640068,-17.36725737363848,4.809989474972461
TJX,212_bull_reversal,,MID,26,32.2,114.96,61.54,31.18,46.15,24.23,57.69,9.38226870640068,-8.717257373638482,-1.0525027541063992e-05
TJX,22_bear_continuation,,HIGH,167,32.77,237.1,56.89,115.95,60.48,173.69,67.07,4.732268706400681,5.612742626361516,9.379989474972454
TJX,22_bear_continuation,,LOW,100,6.12,106.56,55.0,39.81,59.0,28.37,49.0,2.842268706400681,4.1327426263615195,-8.690010525027539
TJX,22_bear_continuation,,MID,104,-7.56,148.43,50.96,3.49,50.0,162.01,65.0,-1.1977312935993183,-4.8672573736384805,7.309989474972461
TJX,22_bear_reversal,,HIGH,124,0.76,246.76,50.81,35.38,51.61,119.19,61.29,-1.3477312935993169,-3.257257373638481,3.5999894749724604
TJX,22_bear_reversal,,LOW,120,-5.01,92.87,48.33,26.82,55.83,94.34,56.67,-3.827731293599321,0.9627426263615178,-1.020010525027537
TJX,22_bear_reversal,,MID,110,6.11,152.93,50.91,23.25,52.73,164.43,72.64,-1.2477312935993226,-2.1372573736384837,14.949989474972462
TJX,22_bull_continuation,,HIGH,129,15.1,184.9,48.06,-34.79,46.51,46.54,59.69,-4.097731293599317,-8.357257373638483,1.999989474972459
TJX,22_bull_continuation,,LOW,201,0.99,91.36,55.22,-9.44,51.24,16.75,54.73,3.0622687064006797,-3.6272573736384786,-2.960010525027542
TJX,22_bull_continuation,,MID,163,-2.86,131.76,47.85,-8.28,51.53,51.31,59.26,-4.307731293599318,-3.3372573736384794,1.5699894749724592
TJX,22_bull_reversal,,HIGH,117,29.05,196.74,53.85,38.3,54.7,5.74,60.68,1.6922687064006823,-0.1672573736384777,2.989989474972461
TJX,22_bull_reversal,,LOW,113,7.38,95.66,55.75,48.9,59.29,66.68,59.29,3.592268706400681,4.422742626361519,1.5999894749724604
TJX,22_bull_reversal,,MID,112,-3.06,104.45,43.75,24.7,56.25,160.5,65.74,-8.40773129359932,1.3827426263615195,8.049989474972456
TJX,312_bull_reversal,,LOW,10,1.53,72.52,40.0,19.16,50.0,-46.2,50.0,-12.15773129359932,-4.8672573736384805,-7.690010525027539
TJX,312_bull_reversal,,MID,13,-23.73,144.7,38.46,126.57,84.62,292.43,84.62,-13.697731293599318,29.752742626361524,26.929989474972466
TJX,322_bear_continuation,,HIGH,12,-120.35,151.47,25.0,-223.73,25.0,-438.03,41.67,-27.15773129359932,-29.86725737363848,-16.020010525027537
TJX,322_bear_continuation,,LOW,11,23.92,159.68,45.45,38.93,63.64,199.76,63.64,-6.707731293599316,8.77274262636152,5.949989474972462
TJX,322_bear_continuation,,MID,10,-12.83,99.41,50.0,166.11,60.0,193.15,70.0,-2.157731293599319,5.1327426263615195,12.309989474972461
TJX,322_bull_continuation,,HIGH,12,-41.72,187.98,50.0,8.53,50.0,-174.73,33.33,-2.157731293599319,-4.8672573736384805,-24.36001052502754
TJX,322_bull_continuation,,LOW,14,-4.27,90.74,35.71,-0.9,57.14,223.98,78.57,-16.44773129359932,2.27274262636152,20.879989474972454
TJX,322_bull_continuation,,MID,13,19.99,125.91,46.15,122.0,61.54,252.3,69.23,-6.007731293599321,6.672742626361519,11.539989474972465
TJX,clean_2d_bear,,HIGH,13,57.29,161.57,61.54,28.04,61.54,479.08,69.23,9.38226870640068,6.672742626361519,11.539989474972465
TJX,clean_2d_bear,,MID,18,12.75,97.0,50.0,95.27,55.56,-23.44,70.59,-2.157731293599319,0.6927426263615217,12.899989474972465
TJX,clean_2u_bull,,HIGH,11,-35.55,332.39,54.55,33.67,63.64,-175.49,36.36,2.392268706400678,8.77274262636152,-21.33001052502754
TJX,clean_2u_bull,,MID,13,-53.44,50.02,7.69,-2.05,53.85,194.7,76.92,-44.46773129359932,-1.0172573736384791,19.229989474972463
TJX,,,HIGH,151,-56.11,481.31,49.67,1.84,59.6,96.35,61.59,-2.4877312935993174,4.732742626361521,3.8999894749724646
TJX,,,LOW,135,24.34,110.15,56.3,56.34,61.48,125.77,59.26,4.142268706400678,6.612742626361516,1.5699894749724592
TJX,,,MID,154,2.26,120.27,50.0,14.59,60.39,128.18,67.97,-2.157731293599319,5.52274262636152,10.27998947497246
TMUS,212_bear_continuation,,HIGH,24,64.17,187.81,66.67,25.82,50.0,280.72,54.17,14.512268706400683,-4.8672573736384805,-3.520010525027537
TMUS,212_bear_continuation,,MID,15,39.36,118.51,66.67,124.19,66.67,257.45,66.67,14.512268706400683,11.802742626361521,8.979989474972463
TMUS,212_bear_reversal,,HIGH,19,-31.44,136.73,47.37,128.57,63.16,390.25,68.42,-4.787731293599322,8.292742626361516,10.729989474972463
TMUS,212_bear_reversal,,LOW,25,2.12,118.32,52.0,36.83,52.0,200.92,72.0,-0.15773129359931914,-2.8672573736384805,14.309989474972461
TMUS,212_bear_reversal,,MID,22,-32.19,141.71,45.45,-33.61,45.45,124.25,60.0,-6.707731293599316,-9.417257373638478,2.309989474972461
TMUS,212_bull_continuation,,HIGH,12,6.78,118.36,58.33,104.24,66.67,4.45,50.0,6.172268706400679,11.802742626361521,-7.690010525027539
TMUS,212_bull_continuation,,LOW,21,-2.5,133.55,52.38,-69.73,42.86,-80.45,57.14,0.2222687064006834,-12.007257373638481,-0.5500105250275382
TMUS,212_bull_continuation,,MID,13,-15.38,125.59,38.46,-9.55,53.85,60.8,46.15,-13.697731293599318,-1.0172573736384791,-11.54001052502754
TMUS,212_bull_reversal,,HIGH,25,81.68,166.29,64.0,85.17,64.0,61.99,48.0,11.84226870640068,9.13274262636152,-9.690010525027539
TMUS,212_bull_reversal,,LOW,23,-13.86,80.87,43.48,-39.33,52.17,151.48,60.87,-8.677731293599322,-2.697257373638479,3.1799894749724587
TMUS,212_bull_reversal,,MID,40,-29.66,129.2,45.0,6.84,41.03,100.43,47.37,-7.157731293599319,-13.83725737363848,-10.320010525027541
TMUS,22_bear_continuation,,HIGH,130,22.54,196.67,53.85,56.11,52.31,262.96,71.54,1.6922687064006823,-2.5572573736384783,13.849989474972467
TMUS,22_bear_continuation,,LOW,70,16.22,158.46,50.0,111.07,65.71,263.68,65.71,-2.157731293599319,10.842742626361513,8.019989474972455
TMUS,22_bear_continuation,,MID,121,-2.55,139.13,49.59,-9.03,45.83,77.51,53.85,-2.5677312935993157,-9.037257373638482,-3.8400105250275374
TMUS,22_bear_reversal,,HIGH,116,48.69,208.47,57.76,111.27,63.79,238.97,63.79,5.602268706400679,8.922742626361519,6.09998947497246
TMUS,22_bear_reversal,,LOW,102,17.45,93.9,58.82,32.97,57.84,177.14,64.71,6.662268706400681,2.972742626361523,7.019989474972455
TMUS,22_bear_reversal,,MID,92,-9.14,137.28,45.65,-2.27,50.55,67.45,53.33,-6.507731293599321,-4.317257373638483,-4.3600105250275405
TMUS,22_bull_continuation,,HIGH,140,-5.78,211.05,52.86,38.95,50.71,137.59,60.71,0.7022687064006803,-4.15725737363848,3.019989474972462
TMUS,22_bull_continuation,,LOW,182,10.15,127.33,55.49,29.41,53.85,155.56,60.99,3.332268706400683,-1.0172573736384791,3.299989474972463
TMUS,22_bull_continuation,,MID,155,-3.32,151.57,48.39,34.31,57.42,84.29,54.84,-3.7677312935993186,2.552742626361521,-2.8500105250275354
TMUS,22_bull_reversal,,HIGH,113,-0.66,217.12,55.75,64.7,54.87,253.48,68.14,3.592268706400681,0.0027426263615168978,10.449989474972462
TMUS,22_bull_reversal,,LOW,97,25.13,154.87,50.52,74.35,65.98,167.81,57.73,-1.637731293599316,11.112742626361523,0.03998947497245808
TMUS,22_bull_reversal,,MID,99,-4.84,141.99,45.45,11.16,55.56,165.73,52.58,-6.707731293599316,0.6927426263615217,-5.1100105250275405
TMUS,312_bull_reversal,,HIGH,13,-60.03,232.42,61.54,99.49,69.23,13.44,53.85,9.38226870640068,14.362742626361523,-3.8400105250275374
TMUS,312_bull_reversal,,LOW,11,-76.9,97.95,27.27,-6.61,36.36,219.55,63.64,-24.88773129359932,-18.50725737363848,5.949989474972462
TMUS,322_bear_continuation,,HIGH,10,-49.35,114.3,30.0,142.82,70.0,287.11,80.0,-22.15773129359932,15.13274262636152,22.30998947497246
TMUS,322_bear_continuation,,LOW,11,27.81,79.0,54.55,-70.22,54.55,-101.13,36.36,2.392268706400678,-0.3172573736384834,-21.33001052502754
TMUS,322_bear_continuation,,MID,13,-45.53,126.29,38.46,-26.05,38.46,-85.16,38.46,-13.697731293599318,-16.40725737363848,-19.230010525027538
TMUS,322_bull_continuation,,HIGH,14,7.1,108.68,71.43,-85.06,28.57,101.67,64.29,19.272268706400688,-26.29725737363848,6.5999894749724675
TMUS,322_bull_continuation,,LOW,20,-0.96,103.31,50.0,59.16,75.0,225.31,70.0,-2.157731293599319,20.13274262636152,12.309989474972461
TMUS,322_bull_continuation,,MID,14,27.49,216.31,71.43,204.23,57.14,29.13,57.14,19.272268706400688,2.27274262636152,-0.5500105250275382
TMUS,clean_2d_bear,,HIGH,17,80.8,171.85,70.59,124.78,70.59,483.49,88.24,18.432268706400684,15.722742626361523,30.549989474972456
TMUS,clean_2d_bear,,LOW,18,-13.01,97.79,55.56,19.8,55.56,42.86,50.0,3.402268706400683,0.6927426263615217,-7.690010525027539
TMUS,clean_2d_bear,,MID,19,14.95,145.04,57.89,118.51,57.89,22.08,42.11,5.732268706400681,3.02274262636152,-15.58001052502754
TMUS,clean_2u_bull,,HIGH,12,-41.58,159.92,41.67,-38.34,41.67,-43.9,41.67,-10.487731293599317,-13.197257373638479,-16.020010525027537
TMUS,clean_2u_bull,,LOW,13,3.23,85.65,61.54,31.6,53.85,154.07,61.54,9.38226870640068,-1.0172573736384791,3.8499894749724604
TMUS,clean_2u_bull,,MID,21,-48.17,133.19,42.86,-27.56,52.38,48.98,52.38,-9.29773129359932,-2.487257373638478,-5.310010525027536
TMUS,f2d_bull_reversal,,MID,12,23.98,107.65,66.67,-28.49,50.0,136.69,54.55,14.512268706400683,-4.8672573736384805,-3.1400105250275416
TMUS,,,HIGH,169,0.33,188.0,53.85,27.53,49.11,134.4,53.25,1.6922687064006823,-5.757257373638481,-4.440010525027539
TMUS,,,LOW,169,8.92,126.7,52.66,19.42,55.62,105.32,61.54,0.5022687064006774,0.7527426263615169,3.8499894749724604
TMUS,,,MID,169,22.44,180.05,50.3,18.82,50.0,101.25,55.49,-1.857731293599322,-4.8672573736384805,-2.200010525027537
TSM,212_bear_continuation,,HIGH,13,55.14,239.68,53.85,199.8,69.23,514.63,69.23,1.6922687064006823,14.362742626361523,11.539989474972465
TSM,212_bear_continuation,,LOW,11,88.54,194.01,63.64,115.63,45.45,73.15,72.73,11.482268706400681,-9.417257373638478,15.039989474972465
TSM,212_bear_continuation,,MID,13,6.34,173.35,46.15,-21.25,53.85,-25.72,38.46,-6.007731293599321,-1.0172573736384791,-19.230010525027538
TSM,212_bear_reversal,,HIGH,23,-11.32,273.48,43.48,68.15,52.17,616.31,78.26,-8.677731293599322,-2.697257373638479,20.569989474972466
TSM,212_bear_reversal,,LOW,14,-64.6,95.28,28.57,-14.19,42.86,188.33,57.14,-23.58773129359932,-12.007257373638481,-0.5500105250275382
TSM,212_bear_reversal,,MID,20,-11.03,173.94,55.0,-10.32,50.0,70.87,45.0,2.842268706400681,-4.8672573736384805,-12.690010525027539
TSM,212_bull_continuation,,HIGH,12,99.68,238.87,66.67,225.18,66.67,872.55,83.33,14.512268706400683,11.802742626361521,25.63998947497246
TSM,212_bull_continuation,,LOW,25,-3.4,101.87,40.0,57.86,60.0,342.55,80.0,-12.15773129359932,5.1327426263615195,22.30998947497246
TSM,212_bull_continuation,,MID,14,-98.44,382.71,42.86,51.63,64.29,262.28,71.43,-9.29773129359932,9.422742626361526,13.739989474972468
TSM,212_bull_reversal,,HIGH,16,-93.55,223.68,43.75,-164.54,37.5,93.39,56.25,-8.40773129359932,-17.36725737363848,-1.4400105250275388
TSM,212_bull_reversal,,LOW,19,10.47,82.52,42.11,96.32,63.16,233.12,68.42,-10.04773129359932,8.292742626361516,10.729989474972463
TSM,212_bull_reversal,,MID,25,23.28,206.78,64.0,179.57,72.0,229.86,56.0,11.84226870640068,17.13274262636152,-1.6900105250275388
TSM,22_bear_continuation,,HIGH,168,36.85,268.84,57.74,53.12,53.57,121.32,50.0,5.582268706400683,-1.2972573736384803,-7.690010525027539
TSM,22_bear_continuation,,LOW,87,-7.12,154.24,51.72,55.7,54.02,316.32,72.41,-0.4377312935993203,-0.8472573736384774,14.719989474972458
TSM,22_bear_continuation,,MID,104,8.42,197.67,50.96,128.47,58.65,450.27,67.31,-1.1977312935993183,3.782742626361518,9.619989474972463
TSM,22_bear_reversal,,HIGH,129,44.49,269.77,55.81,119.25,59.69,362.55,59.69,3.652268706400683,4.822742626361517,1.999989474972459
TSM,22_bear_reversal,,LOW,131,6.29,153.06,51.15,47.16,55.73,190.42,64.89,-1.0077312935993206,0.8627426263615163,7.199989474972462
TSM,22_bear_reversal,,MID,127,2.95,205.89,47.24,28.83,58.27,222.89,57.48,-4.917731293599317,3.4027426263615226,-0.21001052502754192
TSM,22_bull_continuation,,HIGH,129,2.79,281.51,51.94,92.15,51.16,280.32,56.59,-0.21773129359932142,-3.707257373638484,-1.1000105250275354
TSM,22_bull_continuation,,LOW,206,22.13,135.48,54.85,76.43,57.77,221.88,66.02,2.6922687064006823,2.9027426263615226,8.329989474972457
TSM,22_bull_continuation,,MID,172,-6.45,198.23,51.16,-14.78,49.42,227.48,60.0,-0.9977312935993226,-5.447257373638479,2.309989474972461
TSM,22_bull_reversal,,HIGH,139,-11.98,267.33,47.48,59.94,55.4,326.84,56.12,-4.677731293599322,0.532742626361518,-1.5700105250275413
TSM,22_bull_reversal,,LOW,120,-3.63,188.98,50.0,47.67,54.17,113.66,58.33,-2.157731293599319,-0.6972573736384788,0.6399894749724595
TSM,22_bull_reversal,,MID,121,-2.69,189.98,44.63,-25.06,46.28,159.03,56.67,-7.527731293599317,-8.58725737363848,-1.020010525027537
TSM,322_bear_continuation,,HIGH,16,107.3,239.7,75.0,71.67,50.0,118.63,62.5,22.84226870640068,-4.8672573736384805,4.809989474972461
TSM,322_bull_continuation,,HIGH,10,-62.75,231.49,40.0,123.69,70.0,157.46,60.0,-12.15773129359932,15.13274262636152,2.309989474972461
TSM,322_bull_continuation,,LOW,12,-9.14,152.72,50.0,34.8,58.33,623.25,91.67,-2.157731293599319,3.4627426263615178,33.97998947497246
TSM,322_bull_continuation,,MID,13,-68.28,175.36,38.46,-50.52,38.46,-6.95,50.0,-13.697731293599318,-16.40725737363848,-7.690010525027539
TSM,clean_2d_bear,,HIGH,14,93.38,282.37,57.14,198.22,71.43,133.53,57.14,4.982268706400681,16.562742626361526,-0.5500105250275382
TSM,clean_2u_bull,,LOW,17,-12.48,148.98,47.06,81.62,52.94,439.13,70.59,-5.097731293599317,-1.9272573736384828,12.899989474972465
TSM,clean_2u_bull,,MID,12,34.76,187.78,58.33,66.93,66.67,771.14,83.33,6.172268706400679,11.802742626361521,25.63998947497246
TSM,,,HIGH,134,62.28,272.45,52.99,145.95,61.19,415.56,63.43,0.8322687064006828,6.322742626361517,5.739989474972461
TSM,,,LOW,131,35.7,124.33,65.65,94.69,64.89,265.97,67.94,13.492268706400687,10.02274262636152,10.249989474972459
TSM,,,MID,143,-0.13,222.46,51.75,77.75,58.74,312.95,67.61,-0.40773129359931914,3.8727426263615214,9.91998947497246
TXN,132_bear_continuation,,MID,10,-104.74,198.28,30.0,37.69,60.0,3.0,50.0,-22.15773129359932,5.1327426263615195,-7.690010525027539
TXN,212_bear_continuation,,HIGH,11,84.06,240.88,63.64,197.62,63.64,273.23,54.55,11.482268706400681,8.77274262636152,-3.1400105250275416
TXN,212_bear_continuation,,MID,10,-8.28,155.69,40.0,103.37,60.0,521.09,80.0,-12.15773129359932,5.1327426263615195,22.30998947497246
TXN,212_bear_reversal,,HIGH,30,36.43,289.23,60.0,231.59,66.67,571.86,80.0,7.842268706400681,11.802742626361521,22.30998947497246
TXN,212_bear_reversal,,LOW,15,15.96,103.33,46.67,-52.33,53.33,-130.06,33.33,-5.487731293599317,-1.5372573736384822,-24.36001052502754
TXN,212_bear_reversal,,MID,21,0.88,103.22,42.86,32.86,52.38,358.39,71.43,-9.29773129359932,-2.487257373638478,13.739989474972468
TXN,212_bull_continuation,,HIGH,15,156.05,207.37,66.67,252.57,80.0,101.08,53.33,14.512268706400683,25.13274262636152,-4.3600105250275405
TXN,212_bull_continuation,,LOW,24,54.19,172.94,50.0,39.27,58.33,279.3,75.0,-2.157731293599319,3.4627426263615178,17.30998947497246
TXN,212_bull_reversal,,HIGH,19,-97.12,254.28,42.11,-6.17,52.63,25.29,47.37,-10.04773129359932,-2.237257373638478,-10.320010525027541
TXN,212_bull_reversal,,LOW,27,-45.56,89.72,22.22,-19.31,59.26,156.32,55.56,-29.93773129359932,4.3927426263615175,-2.1300105250275365
TXN,212_bull_reversal,,MID,22,29.17,168.34,54.55,68.93,59.09,250.43,54.55,2.392268706400678,4.222742626361523,-3.1400105250275416
TXN,22_bear_continuation,,HIGH,164,28.29,232.62,59.15,-11.76,56.71,99.5,55.49,6.992268706400679,1.8427426263615203,-2.200010525027537
TXN,22_bear_continuation,,LOW,87,-7.21,114.18,50.57,43.6,58.62,67.31,54.02,-1.5877312935993189,3.752742626361517,-3.6700105250275357
TXN,22_bear_continuation,,MID,108,20.45,172.79,59.26,-0.54,50.0,-33.92,49.07,7.102268706400679,-4.8672573736384805,-8.620010525027539
TXN,22_bear_reversal,,HIGH,105,38.65,264.06,56.19,83.75,60.0,323.88,63.81,4.032268706400679,5.1327426263615195,6.1199894749724635
TXN,22_bear_reversal,,LOW,107,8.39,140.68,56.07,54.39,55.14,120.82,61.68,3.912268706400681,0.27274262636152,3.989989474972461
TXN,22_bear_reversal,,MID,116,-2.76,153.83,52.59,-11.41,50.86,-3.39,50.43,0.43226870640068427,-4.007257373638481,-7.260010525027539
TXN,22_bull_continuation,,HIGH,141,48.85,223.45,57.45,67.32,55.32,403.8,69.5,5.292268706400684,0.45274262636151974,11.809989474972461
TXN,22_bull_continuation,,LOW,197,4.06,132.55,55.84,14.64,55.33,75.75,53.81,3.6822687064006843,0.46274262636151775,-3.8800105250275365
TXN,22_bull_continuation,,MID,156,-3.58,206.73,43.59,27.91,53.21,13.97,46.15,-8.567731293599316,-1.6572573736384797,-11.54001052502754
TXN,22_bull_reversal,,HIGH,116,-35.58,245.62,50.0,58.6,57.76,362.88,67.24,-2.157731293599319,2.8927426263615175,9.549989474972456
TXN,22_bull_reversal,,LOW,102,17.34,132.66,53.92,10.31,50.98,96.0,58.82,1.7622687064006826,-3.8872573736384837,1.1299894749724615
TXN,22_bull_reversal,,MID,123,13.49,139.64,52.03,72.04,55.28,79.95,54.92,-0.127731293599318,0.4127426263615206,-2.770010525027537
TXN,312_bull_reversal,,LOW,10,48.83,129.86,70.0,-17.37,50.0,-0.53,50.0,17.84226870640068,-4.8672573736384805,-7.690010525027539
TXN,322_bear_continuation,,HIGH,17,39.37,225.6,52.94,53.05,64.71,253.56,52.94,0.7822687064006786,9.842742626361513,-4.750010525027541
TXN,322_bear_continuation,,MID,13,-42.21,213.11,46.15,158.72,61.54,132.65,53.85,-6.007731293599321,6.672742626361519,-3.8400105250275374
TXN,322_bull_continuation,,HIGH,12,-8.42,170.79,58.33,53.74,50.0,257.54,58.33,6.172268706400679,-4.8672573736384805,0.6399894749724595
TXN,322_bull_continuation,,LOW,18,-24.37,126.62,50.0,-67.11,44.44,-85.79,38.89,-2.157731293599319,-10.427257373638483,-18.800010525027538
TXN,322_bull_continuation,,MID,15,-14.13,184.26,53.33,-14.27,46.67,-106.58,40.0,1.1722687064006792,-8.197257373638479,-17.69001052502754
TXN,32_bull_reversal,,HIGH,11,-68.13,238.37,45.45,253.14,63.64,239.33,63.64,-6.707731293599316,8.77274262636152,5.949989474972462
TXN,clean_2d_bear,,HIGH,17,9.53,164.67,58.82,224.99,82.35,341.96,64.71,6.662268706400681,27.482742626361514,7.019989474972455
TXN,clean_2d_bear,,LOW,10,18.04,157.69,50.0,130.7,80.0,232.46,70.0,-2.157731293599319,25.13274262636152,12.309989474972461
TXN,clean_2d_bear,,MID,11,13.7,148.12,63.64,46.29,54.55,276.18,72.73,11.482268706400681,-0.3172573736384834,15.039989474972465
TXN,clean_2u_bull,,HIGH,11,17.63,106.05,45.45,-62.16,45.45,516.59,63.64,-6.707731293599316,-9.417257373638478,5.949989474972462
TXN,clean_2u_bull,,LOW,16,52.7,219.69,62.5,28.63,56.25,146.09,75.0,10.34226870640068,1.3827426263615195,17.30998947497246
TXN,clean_2u_bull,,MID,15,-29.35,202.13,53.33,60.47,53.33,-230.36,33.33,1.1722687064006792,-1.5372573736384822,-24.36001052502754
TXN,,,HIGH,139,-2.18,223.8,48.92,92.55,61.15,329.88,66.91,-3.2377312935993174,6.282742626361518,9.219989474972458
TXN,,,LOW,147,6.88,124.94,57.82,32.42,57.14,107.27,59.18,5.662268706400681,2.27274262636152,1.489989474972461
TXN,,,MID,153,-20.21,187.38,49.67,-20.43,49.02,83.88,56.58,-2.4877312935993174,-5.847257373638477,-1.1100105250275405
UBER,212_bear_continuation,,HIGH,17,19.7,447.48,58.82,12.01,58.82,362.29,58.82,6.662268706400681,3.9527426263615197,1.1299894749724615
UBER,212_bear_continuation,,MID,15,18.68,182.02,53.33,235.89,73.33,324.51,57.14,1.1722687064006792,18.462742626361518,-0.5500105250275382
UBER,212_bear_reversal,,HIGH,15,-93.94,231.16,40.0,33.17,53.33,37.9,53.33,-12.15773129359932,-1.5372573736384822,-4.3600105250275405
UBER,212_bear_reversal,,MID,11,-157.5,199.49,9.09,-103.42,27.27,-179.11,36.36,-43.06773129359932,-27.59725737363848,-21.33001052502754
UBER,212_bull_continuation,,HIGH,16,91.53,337.59,62.5,-289.02,37.5,676.35,62.5,10.34226870640068,-17.36725737363848,4.809989474972461
UBER,212_bull_continuation,,MID,13,28.7,170.74,61.54,-62.01,53.85,8.18,46.15,9.38226870640068,-1.0172573736384791,-11.54001052502754
UBER,212_bull_reversal,,HIGH,19,-35.81,269.35,42.11,-58.63,52.63,135.61,57.89,-10.04773129359932,-2.237257373638478,0.19998947497246178
UBER,212_bull_reversal,,LOW,14,-43.81,136.96,35.71,-218.14,42.86,-757.31,28.57,-16.44773129359932,-12.007257373638481,-29.12001052502754
UBER,212_bull_reversal,,MID,19,-94.19,190.52,36.84,-96.97,42.11,24.3,52.63,-15.317731293599316,-12.757257373638481,-5.060010525027536
UBER,22_bear_continuation,,HIGH,139,72.29,514.83,54.68,236.22,68.35,679.38,66.19,2.5222687064006806,13.482742626361514,8.499989474972459
UBER,22_bear_continuation,,LOW,32,47.64,191.14,59.38,0.75,50.0,-166.0,46.88,7.222268706400683,-4.8672573736384805,-10.810010525027536
UBER,22_bear_continuation,,MID,103,35.32,306.55,52.43,22.77,50.49,-84.53,40.82,0.27226870640068057,-4.3772573736384786,-16.87001052502754
UBER,22_bear_reversal,,HIGH,115,7.57,394.32,48.7,122.57,56.52,335.05,55.65,-3.4577312935993163,1.6527426263615226,-2.04001052502754
UBER,22_bear_reversal,,LOW,55,-29.47,207.38,47.27,31.26,50.91,8.92,50.91,-4.887731293599316,-3.957257373638484,-6.780010525027542
UBER,22_bear_reversal,,MID,86,0.72,240.19,44.19,48.75,45.35,-91.13,38.1,-7.967731293599321,-9.51725737363848,-19.590010525027537
UBER,22_bull_continuation,,HIGH,111,15.85,347.98,53.15,51.23,54.95,165.8,44.14,0.9922687064006794,0.0827426263615223,-13.550010525027538
UBER,22_bull_continuation,,LOW,71,22.97,186.31,52.11,114.74,61.97,299.8,54.93,-0.04773129359931971,7.102742626361518,-2.760010525027539
UBER,22_bull_continuation,,MID,114,-22.67,232.44,41.23,-16.31,47.79,-13.66,44.64,-10.927731293599322,-7.077257373638481,-13.050010525027538
UBER,22_bull_reversal,,HIGH,113,-18.81,315.17,44.25,191.51,58.41,279.62,50.44,-7.907731293599319,3.542742626361516,-7.250010525027541
UBER,22_bull_reversal,,LOW,43,-5.23,254.69,51.16,29.9,53.49,218.06,53.49,-0.9977312935993226,-1.3772573736384786,-4.200010525027537
UBER,22_bull_reversal,,MID,97,8.2,236.74,47.42,26.81,46.88,3.87,48.39,-4.737731293599317,-7.987257373638478,-9.300010525027538
UBER,322_bear_continuation,,HIGH,15,-51.34,672.98,60.0,501.55,60.0,283.1,46.67,7.842268706400681,5.1327426263615195,-11.020010525027537
UBER,322_bear_continuation,,MID,11,-13.94,215.34,54.55,8.4,36.36,96.49,45.45,2.392268706400678,-18.50725737363848,-12.240010525027536
UBER,322_bull_continuation,,HIGH,13,0.37,634.0,46.15,-83.06,46.15,-110.37,38.46,-6.007731293599321,-8.717257373638482,-19.230010525027538
UBER,clean_2d_bear,,HIGH,10,5.56,415.78,50.0,-24.72,50.0,-251.98,50.0,-2.157731293599319,-4.8672573736384805,-7.690010525027539
UBER,clean_2d_bear,,MID,11,-105.25,251.7,36.36,-94.2,36.36,321.03,60.0,-15.79773129359932,-18.50725737363848,2.309989474972461
UBER,clean_2u_bull,,HIGH,10,153.03,293.2,70.0,156.4,40.0,450.24,60.0,17.84226870640068,-14.86725737363848,2.309989474972461
UBER,clean_2u_bull,,MID,10,-234.09,216.71,0.0,-227.48,20.0,-487.95,20.0,-52.15773129359932,-34.86725737363848,-37.69001052502754
UBER,f2d_bull_reversal,,HIGH,10,-3.65,442.51,40.0,-217.86,50.0,523.08,40.0,-12.15773129359932,-4.8672573736384805,-17.69001052502754
UBER,,,HIGH,129,15.99,344.72,51.94,1.53,51.16,284.77,52.71,-0.21773129359932142,-3.707257373638484,-4.980010525027538
UBER,,,LOW,50,-8.23,218.71,50.0,10.01,54.0,159.47,60.0,-2.157731293599319,-0.8672573736384805,2.309989474972461
UBER,,,MID,141,-5.58,228.73,48.94,-93.43,37.14,-50.7,52.17,-3.2177312935993214,-17.72725737363848,-5.520010525027537
V,132_bear_continuation,,HIGH,10,-11.01,339.41,60.0,204.47,50.0,430.69,80.0,7.842268706400681,-4.8672573736384805,22.30998947497246
V,132_bull_continuation,,LOW,12,0.68,82.9,41.67,-7.72,41.67,240.52,58.33,-10.487731293599317,-13.197257373638479,0.6399894749724595
V,132_bull_continuation,,MID,12,-50.06,153.21,41.67,7.93,58.33,-124.34,33.33,-10.487731293599317,3.4627426263615178,-24.36001052502754
V,212_bear_continuation,,HIGH,10,41.75,226.48,70.0,199.53,60.0,132.7,50.0,17.84226870640068,5.1327426263615195,-7.690010525027539
V,212_bear_continuation,,LOW,10,-9.37,48.82,40.0,-51.4,60.0,207.06,80.0,-12.15773129359932,5.1327426263615195,22.30998947497246
V,212_bear_continuation,,MID,20,-16.12,149.58,65.0,66.86,70.0,376.68,84.21,12.84226870640068,15.13274262636152,26.519989474972455
V,212_bear_reversal,,HIGH,22,-34.71,134.48,31.82,-17.12,50.0,-55.83,50.0,-20.33773129359932,-4.8672573736384805,-7.690010525027539
V,212_bear_reversal,,LOW,22,24.13,67.17,63.64,101.06,72.73,169.28,68.18,11.482268706400681,17.862742626361523,10.489989474972468
V,212_bear_reversal,,MID,16,8.45,97.36,56.25,-15.11,56.25,-100.91,43.75,4.092268706400681,1.3827426263615195,-13.940010525027539
V,212_bull_continuation,,HIGH,19,14.94,155.59,57.89,67.18,63.16,163.03,68.42,5.732268706400681,8.292742626361516,10.729989474972463
V,212_bull_continuation,,LOW,20,-20.12,96.19,45.0,-56.61,45.0,111.57,80.0,-7.157731293599319,-9.86725737363848,22.30998947497246
V,212_bull_continuation,,MID,13,28.2,58.61,53.85,-48.93,30.77,183.14,84.62,1.6922687064006823,-24.09725737363848,26.929989474972466
V,212_bull_reversal,,HIGH,26,-33.09,160.57,38.46,26.05,65.38,366.81,69.23,-13.697731293599318,10.512742626361515,11.539989474972465
V,212_bull_reversal,,LOW,25,19.34,82.39,64.0,59.81,68.0,281.77,76.0,11.84226870640068,13.13274262636152,18.30998947497246
V,212_bull_reversal,,MID,32,23.46,183.03,53.13,-56.28,38.71,-62.09,41.94,0.9722687064006834,-16.15725737363848,-15.750010525027541
V,22_bear_continuation,,HIGH,147,32.18,224.52,55.1,64.44,57.14,187.37,61.22,2.9422687064006823,2.27274262636152,3.52998947497246
V,22_bear_continuation,,LOW,59,21.29,120.22,64.41,97.04,72.88,261.5,72.88,12.252268706400677,18.012742626361515,15.189989474972457
V,22_bear_continuation,,MID,85,8.22,128.11,58.82,68.4,56.47,128.71,63.1,6.662268706400681,1.6027426263615183,5.409989474972463
V,22_bear_reversal,,HIGH,123,25.65,228.05,55.28,31.84,53.66,216.46,60.98,3.122268706400682,-1.207257373638484,3.289989474972458
V,22_bear_reversal,,LOW,89,9.62,69.47,58.43,20.22,56.18,146.63,69.66,6.272268706400681,1.3127426263615192,11.969989474972458
V,22_bear_reversal,,MID,109,-3.58,139.65,49.54,6.34,62.96,81.79,54.72,-2.61773129359932,8.09274262636152,-2.97001052502754
V,22_bull_continuation,,HIGH,125,15.19,215.72,52.0,74.33,60.0,148.54,62.4,-0.15773129359931914,5.1327426263615195,4.70998947497246
V,22_bull_continuation,,LOW,207,10.07,89.89,58.45,17.79,58.94,70.39,69.08,6.292268706400684,4.072742626361517,11.38998947497246
V,22_bull_continuation,,MID,169,-11.61,130.89,44.38,-46.88,49.11,-44.64,43.98,-7.777731293599317,-5.757257373638481,-13.710010525027542
V,22_bull_reversal,,HIGH,121,-28.02,234.75,46.28,44.82,58.68,165.26,61.16,-5.877731293599318,3.812742626361519,3.469989474972458
V,22_bull_reversal,,LOW,93,8.95,84.59,58.06,38.22,62.37,138.57,67.74,5.902268706400683,7.502742626361517,10.049989474972456
V,22_bull_reversal,,MID,114,6.65,119.88,58.77,32.85,60.53,59.53,56.64,6.612268706400684,5.662742626361521,-1.0500105250275382
V,312_bear_reversal,,MID,12,1.89,107.99,58.33,86.56,58.33,-47.37,66.67,6.172268706400679,3.4627426263615178,8.979989474972463
V,312_bull_reversal,,LOW,13,10.06,77.81,61.54,29.91,61.54,98.62,69.23,9.38226870640068,6.672742626361519,11.539989474972465
V,312_bull_reversal,,MID,17,48.61,132.57,70.59,106.39,76.47,177.43,70.59,18.432268706400684,21.60274262636152,12.899989474972465
V,322_bear_continuation,,HIGH,14,-32.08,227.42,57.14,148.12,64.29,410.39,78.57,4.982268706400681,9.422742626361526,20.879989474972454
V,322_bull_continuation,,LOW,21,5.16,92.55,52.38,46.15,66.67,296.96,71.43,0.2222687064006834,11.802742626361521,13.739989474972468
V,322_bull_continuation,,MID,14,-2.77,76.1,42.86,-60.14,42.86,174.5,64.29,-9.29773129359932,-12.007257373638481,6.5999894749724675
V,32_bull_reversal,,LOW,10,-15.14,70.5,50.0,-32.86,50.0,79.87,50.0,-2.157731293599319,-4.8672573736384805,-7.690010525027539
V,clean_2d_bear,,HIGH,13,45.5,168.31,53.85,66.36,69.23,54.89,46.15,1.6922687064006823,14.362742626361523,-11.54001052502754
V,clean_2d_bear,,LOW,15,62.38,74.61,93.33,82.48,66.67,182.9,73.33,41.17226870640068,11.802742626361521,15.63998947497246
V,clean_2u_bull,,LOW,14,14.45,84.75,57.14,30.36,50.0,225.5,71.43,4.982268706400681,-4.8672573736384805,13.739989474972468
V,clean_2u_bull,,MID,12,-14.84,143.2,58.33,-4.9,50.0,274.21,83.33,6.172268706400679,-4.8672573736384805,25.63998947497246
V,f2d_bull_reversal,,HIGH,14,-19.66,260.76,64.29,23.72,64.29,99.14,71.43,12.132268706400687,9.422742626361526,13.739989474972468
V,f2d_bull_reversal,,LOW,10,14.6,42.64,70.0,82.09,90.0,52.78,50.0,17.84226870640068,35.13274262636152,-7.690010525027539
V,f2d_bull_reversal,,MID,11,58.1,153.69,72.73,143.73,81.82,326.17,90.0,20.572268706400685,26.952742626361513,32.30998947497246
V,,,HIGH,161,15.87,167.64,57.14,28.99,59.01,145.13,59.01,4.982268706400681,4.1427426263615175,1.3199894749724592
V,,,LOW,178,2.16,94.49,55.62,30.47,60.11,137.43,68.54,3.4622687064006783,5.242742626361519,10.849989474972467
V,,,MID,174,-7.98,132.43,53.45,26.95,56.07,72.8,57.06,1.2922687064006837,1.2027426263615197,-0.6300105250275365
VST,11_inside_compression,,HIGH,12,43.6,234.05,50.0,107.53,75.0,53.48,58.33,-2.157731293599319,20.13274262636152,0.6399894749724595
VST,11_inside_compression,,LOW,16,56.74,196.66,81.25,1.88,81.25,-72.59,50.0,29.09226870640068,26.38274262636152,-7.690010525027539
VST,212_bear_continuation,,HIGH,18,-39.79,253.0,33.33,281.86,61.11,845.74,66.67,-18.82773129359932,6.242742626361519,8.979989474972463
VST,212_bear_continuation,,LOW,11,75.45,229.69,45.45,192.51,54.55,61.3,36.36,-6.707731293599316,-0.3172573736384834,-21.33001052502754
VST,212_bear_continuation,,MID,11,14.48,190.36,36.36,-70.95,70.0,139.68,60.0,-15.79773129359932,15.13274262636152,2.309989474972461
VST,212_bear_reversal,,HIGH,24,-33.49,236.23,41.67,54.29,50.0,687.28,62.5,-10.487731293599317,-4.8672573736384805,4.809989474972461
VST,212_bear_reversal,,LOW,22,50.63,155.3,59.09,26.95,40.91,240.66,63.64,6.932268706400684,-13.957257373638484,5.949989474972462
VST,212_bear_reversal,,MID,20,64.17,290.65,50.0,218.19,55.0,253.82,60.0,-2.157731293599319,0.13274262636151946,2.309989474972461
VST,212_bull_continuation,,HIGH,12,17.61,241.28,41.67,-25.54,58.33,158.2,58.33,-10.487731293599317,3.4627426263615178,0.6399894749724595
VST,212_bull_continuation,,LOW,23,-1.68,140.43,43.48,-72.63,39.13,138.8,52.17,-8.677731293599322,-15.737257373638478,-5.520010525027537
VST,212_bull_continuation,,MID,10,9.2,129.25,50.0,24.45,60.0,-119.07,40.0,-2.157731293599319,5.1327426263615195,-17.69001052502754
VST,212_bull_reversal,,HIGH,28,45.17,197.5,60.71,-40.32,42.86,242.25,60.71,8.552268706400682,-12.007257373638481,3.019989474972462
VST,212_bull_reversal,,LOW,30,31.56,144.61,53.33,69.6,50.0,131.69,56.67,1.1722687064006792,-4.8672573736384805,-1.020010525027537
VST,212_bull_reversal,,MID,25,189.58,370.95,68.0,189.92,68.0,564.22,79.17,15.84226870640068,13.13274262636152,21.479989474972463
VST,22_bear_continuation,,HIGH,128,76.91,305.14,57.81,129.61,61.72,564.08,67.97,5.652268706400683,6.852742626361518,10.27998947497246
VST,22_bear_continuation,,LOW,79,-29.32,245.35,43.04,-15.38,56.96,87.42,46.84,-9.11773129359932,2.0927426263615203,-10.850010525027535
VST,22_bear_continuation,,MID,110,18.22,239.64,50.0,79.05,59.26,243.26,60.95,-2.157731293599319,4.3927426263615175,3.259989474972464
VST,22_bear_reversal,,HIGH,113,35.77,384.86,61.95,74.9,58.41,249.52,59.29,9.792268706400684,3.542742626361516,1.5999894749724604
VST,22_bear_reversal,,LOW,75,17.86,197.29,57.33,68.61,53.33,87.46,54.67,5.172268706400679,-1.5372573736384822,-3.020010525027537
VST,22_bear_reversal,,MID,96,6.11,298.8,43.75,-5.01,47.92,163.29,57.45,-8.40773129359932,-6.947257373638479,-0.24001052502753595
VST,22_bull_continuation,,HIGH,152,8.45,293.09,50.0,14.24,49.34,140.18,53.95,-2.157731293599319,-5.527257373638477,-3.740010525027536
VST,22_bull_continuation,,LOW,149,27.27,191.58,53.69,78.17,56.38,331.84,59.73,1.5322687064006786,1.512742626361522,2.039989474972458
VST,22_bull_continuation,,MID,158,3.76,241.68,48.73,116.27,53.16,313.25,55.41,-3.4277312935993223,-1.707257373638484,-2.280010525027542
VST,22_bull_reversal,,HIGH,105,1.88,255.8,46.67,136.77,58.1,373.96,61.9,-5.487731293599317,3.232742626361521,4.20998947497246
VST,22_bull_reversal,,LOW,69,16.53,183.16,53.62,45.53,63.77,180.93,56.52,1.4622687064006783,8.902742626361523,-1.1700105250275357
VST,22_bull_reversal,,MID,105,-32.99,286.28,47.62,-39.45,48.08,235.8,49.51,-4.537731293599322,-6.787257373638482,-8.18001052502754
VST,312_bull_reversal,,LOW,17,67.68,156.3,52.94,67.36,58.82,-111.52,47.06,0.7822687064006786,3.9527426263615197,-10.630010525027537
VST,312_bull_reversal,,MID,10,157.34,188.53,80.0,-146.06,60.0,-111.46,50.0,27.84226870640068,5.1327426263615195,-7.690010525027539
VST,322_bear_continuation,,HIGH,15,31.39,299.07,53.33,183.77,60.0,252.06,60.0,1.1722687064006792,5.1327426263615195,2.309989474972461
VST,322_bear_continuation,,MID,13,44.1,448.57,46.15,99.57,53.85,467.07,58.33,-6.007731293599321,-1.0172573736384791,0.6399894749724595
VST,322_bull_continuation,,HIGH,11,-31.52,190.75,54.55,52.94,54.55,-177.93,45.45,2.392268706400678,-0.3172573736384834,-12.240010525027536
VST,322_bull_continuation,,LOW,10,8.55,93.99,40.0,453.23,80.0,700.2,80.0,-12.15773129359932,25.13274262636152,22.30998947497246
VST,322_bull_continuation,,MID,13,-45.27,153.47,38.46,-68.12,38.46,120.82,50.0,-13.697731293599318,-16.40725737363848,-7.690010525027539
VST,clean_2d_bear,,HIGH,13,-28.35,258.99,38.46,425.0,76.92,220.1,61.54,-13.697731293599318,22.05274262636152,3.8499894749724604
VST,clean_2d_bear,,LOW,10,-26.59,152.55,40.0,-59.45,60.0,-108.08,20.0,-12.15773129359932,5.1327426263615195,-37.69001052502754
VST,clean_2d_bear,,MID,18,76.1,191.91,66.67,95.66,72.22,504.38,64.71,14.512268706400683,17.35274262636152,7.019989474972455
VST,clean_2u_bull,,HIGH,18,-28.93,199.97,38.89,-264.16,38.89,-345.04,44.44,-13.267731293599319,-15.97725737363848,-13.250010525027541
VST,clean_2u_bull,,LOW,21,-2.3,208.06,52.38,128.97,61.9,136.08,52.38,0.2222687064006834,7.032742626361518,-5.310010525027536
VST,clean_2u_bull,,MID,12,63.36,266.64,50.0,227.72,41.67,551.65,58.33,-2.157731293599319,-13.197257373638479,0.6399894749724595
VST,f2u_bear_reversal,,HIGH,10,142.44,544.12,60.0,83.5,60.0,480.54,60.0,7.842268706400681,5.1327426263615195,2.309989474972461
VST,,,HIGH,152,1.17,264.45,57.24,58.65,61.18,283.89,61.18,5.082268706400683,6.312742626361519,3.489989474972461
VST,,,LOW,184,5.12,176.98,51.63,68.03,60.33,133.06,54.89,-0.5277312935993166,5.462742626361518,-2.800010525027538
VST,,,MID,163,-13.59,354.19,46.63,25.1,49.69,271.18,58.13,-5.527731293599317,-5.177257373638483,0.43998947497246377
WMT,212_bear_continuation,,HIGH,17,-22.25,237.87,41.18,-167.92,41.18,189.25,70.59,-10.97773129359932,-13.68725737363848,12.899989474972465
WMT,212_bear_continuation,,MID,12,36.26,78.79,66.67,137.19,75.0,488.43,72.73,14.512268706400683,20.13274262636152,15.039989474972465
WMT,212_bear_reversal,,HIGH,20,11.19,150.43,55.0,126.77,45.0,314.35,65.0,2.842268706400681,-9.86725737363848,7.309989474972461
WMT,212_bear_reversal,,LOW,18,10.21,74.14,44.44,57.21,72.22,265.9,66.67,-7.717731293599321,17.35274262636152,8.979989474972463
WMT,212_bear_reversal,,MID,19,51.33,95.53,68.42,21.0,63.16,135.43,63.16,16.262268706400683,8.292742626361516,5.469989474972458
WMT,212_bull_continuation,,HIGH,15,43.38,92.69,60.0,39.08,46.67,312.7,66.67,7.842268706400681,-8.197257373638479,8.979989474972463
WMT,212_bull_continuation,,LOW,20,-19.2,66.47,35.0,-19.61,50.0,-3.08,45.0,-17.15773129359932,-4.8672573736384805,-12.690010525027539
WMT,212_bull_continuation,,MID,16,27.75,103.08,62.5,86.98,62.5,237.66,68.75,10.34226870640068,7.6327426263615195,11.059989474972461
WMT,212_bull_reversal,,HIGH,31,-11.98,163.24,51.61,53.22,61.29,48.02,61.29,-0.5477312935993197,6.422742626361519,3.5999894749724604
WMT,212_bull_reversal,,LOW,36,-176.65,1104.82,55.56,-158.37,50.0,-49.75,52.78,3.402268706400683,-4.8672573736384805,-4.910010525027538
WMT,212_bull_reversal,,MID,24,29.77,84.83,66.67,33.26,58.33,277.07,79.17,14.512268706400683,3.4627426263615178,21.479989474972463
WMT,22_bear_continuation,,HIGH,139,13.5,165.15,55.4,58.32,52.52,166.57,58.99,3.2422687064006794,-2.3472573736384774,1.2999894749724632
WMT,22_bear_continuation,,LOW,99,24.66,132.96,62.63,44.29,54.55,91.72,65.66,10.472268706400683,-0.3172573736384834,7.969989474972458
WMT,22_bear_continuation,,MID,100,11.24,123.6,50.0,44.29,61.0,235.24,69.79,-2.157731293599319,6.1327426263615195,12.099989474972467
WMT,22_bear_reversal,,HIGH,108,29.02,222.95,51.85,82.89,59.26,120.85,58.33,-0.3077312935993177,4.3927426263615175,0.6399894749724595
WMT,22_bear_reversal,,LOW,110,-3.05,95.14,50.0,69.08,59.09,155.45,65.45,-2.157731293599319,4.222742626361523,7.759989474972464
WMT,22_bear_reversal,,MID,121,8.02,109.04,54.55,-33.54,52.07,111.14,66.1,2.392268706400678,-2.7972573736384803,8.409989474972456
WMT,22_bull_continuation,,HIGH,157,1.7,166.06,51.59,45.1,57.96,112.26,57.32,-0.5677312935993157,3.0927426263615203,-0.3700105250275385
WMT,22_bull_continuation,,LOW,168,-2.34,115.16,54.17,5.2,54.17,-181.74,51.19,2.0122687064006826,-0.6972573736384788,-6.500010525027541
WMT,22_bull_continuation,,MID,178,7.34,108.93,51.69,-40.84,50.56,-27.98,55.43,-0.4677312935993214,-4.307257373638478,-2.260010525027539
WMT,22_bull_reversal,,HIGH,109,12.55,198.61,60.55,39.35,52.29,127.66,58.72,8.392268706400678,-2.5772573736384814,1.02998947497246
WMT,22_bull_reversal,,LOW,103,10.67,94.76,50.49,38.37,51.46,25.24,59.22,-1.6677312935993172,-3.4072573736384797,1.52998947497246
WMT,22_bull_reversal,,MID,109,-7.7,147.04,47.71,6.2,53.21,181.95,63.21,-4.447731293599318,-1.6572573736384797,5.519989474972462
WMT,312_bull_reversal,,LOW,13,22.42,81.24,46.15,12.92,53.85,-324.31,61.54,-6.007731293599321,-1.0172573736384791,3.8499894749724604
WMT,322_bear_continuation,,HIGH,14,-2.41,121.92,71.43,96.22,57.14,317.26,78.57,19.272268706400688,2.27274262636152,20.879989474972454
WMT,322_bull_continuation,,HIGH,15,-66.93,175.42,40.0,37.09,46.67,103.9,53.33,-12.15773129359932,-8.197257373638479,-4.3600105250275405
WMT,322_bull_continuation,,LOW,14,-22.8,111.07,50.0,66.76,42.86,267.04,64.29,-2.157731293599319,-12.007257373638481,6.5999894749724675
WMT,322_bull_continuation,,MID,12,-46.85,99.63,41.67,-34.67,50.0,-114.63,41.67,-10.487731293599317,-4.8672573736384805,-16.020010525027537
WMT,clean_2d_bear,,HIGH,19,11.69,175.62,52.63,26.91,63.16,299.18,63.16,0.4722687064006834,8.292742626361516,5.469989474972458
WMT,clean_2d_bear,,LOW,13,7.96,49.73,53.85,72.26,53.85,-361.13,53.85,1.6922687064006823,-1.0172573736384791,-3.8400105250275374
WMT,clean_2d_bear,,MID,10,34.45,87.95,80.0,49.87,50.0,26.12,40.0,27.84226870640068,-4.8672573736384805,-17.69001052502754
WMT,clean_2u_bull,,LOW,11,19.23,99.82,54.55,13.26,72.73,338.32,63.64,2.392268706400678,17.862742626361523,5.949989474972462
WMT,clean_2u_bull,,MID,22,40.31,96.25,59.09,-1.18,45.45,-132.68,40.91,6.932268706400684,-9.417257373638478,-16.780010525027542
WMT,,,HIGH,158,-0.41,165.6,48.1,0.96,53.8,161.1,58.86,-4.057731293599318,-1.0672573736384834,1.1699894749724606
WMT,,,LOW,158,29.7,119.9,63.92,15.84,60.76,127.4,65.19,11.762268706400683,5.8927426263615175,7.499989474972459
WMT,,,MID,157,9.5,96.23,55.41,61.15,56.69,147.33,64.74,3.2522687064006774,1.8227426263615172,7.049989474972456
