Entry_Time,Trade_Type,Exit_Duration,Entry_Price,Entry_RSI,Expected_Return
2025-07-31 19:26:00,PUT,40,219.27,49.789878064904535,1.131025676107091
2025-07-31 19:21:00,PUT,40,219.34,54.04245785191934,1.1215464575544853
2025-07-31 19:22:00,PUT,40,219.28,50.53389446441605,1.1127325793506009
2025-07-31 19:40:00,PUT,25,219.32,48.9388387888057,1.1125296370600026
2025-07-31 19:55:00,PUT,14,219.31,48.64424853827628,1.108020610095302
2025-07-31 19:28:00,PUT,40,219.24,47.99664169120793,1.090129538405407
2025-07-31 19:39:00,PUT,25,219.38,53.234725327610654,1.0894338590573374
2025-07-31 19:58:00,PUT,14,219.22,41.700969397781854,1.0719824833500566
2025-07-30 14:46:00,PUT,14,223.77,43.07718941711742,1.0680609554453298
2025-07-31 19:37:00,PUT,25,219.39,55.07116571836758,1.0665937371803524
2025-07-31 16:23:00,CALL,6,219.76,59.842706350864425,1.0465962868583962
2025-07-31 19:52:00,PUT,14,219.28,46.02971514422518,1.0397665085735137
2025-07-31 19:44:00,PUT,14,219.29,46.86201242876787,1.007797893200775
2025-07-31 19:14:00,PUT,40,219.32,53.57889369988544,0.9939813970454162
2025-07-31 19:46:00,PUT,14,219.31,48.36158016756562,0.9757876977794058
2025-07-31 19:15:00,PUT,40,219.27,51.08288168327632,0.9668445295754113
2025-07-10 19:58:00,PUT,14,225.14,56.141638720959705,0.9549613573776216
2025-07-31 19:09:00,PUT,40,219.15,45.06659354060992,0.9445585215605719
2025-07-16 11:13:00,PUT,14,220.38,57.543398593999335,0.9438243034758074
2025-07-10 19:52:00,PUT,14,225.13,57.25976987107394,0.9327943854661725
2025-07-16 10:57:00,PUT,25,220.15,51.45233800020923,0.9243697478991582
2025-07-31 19:10:00,PUT,40,219.121,43.66061935129344,0.8858119486493775
2025-07-30 14:52:00,PUT,14,222.87,33.89991890285346,0.8794364427693311
2025-07-10 19:50:00,PUT,14,225.11,56.680954588198,0.8662431700057824
2025-07-10 18:38:00,PUT,40,224.91,47.639825948459645,0.8536748032546295
2025-07-10 18:33:00,PUT,40,224.94,50.90312059832997,0.8491153196407916
2025-07-10 18:17:00,PUT,40,224.9901,62.41416564896266,0.8489706880436071
2025-08-01 09:38:00,PUT,14,215.41,45.57325090014291,0.8402581124367496
2025-07-10 19:16:00,PUT,25,225.05,54.05931858051697,0.8398133748056054
2025-07-10 19:11:00,PUT,25,225.1,59.99311980178401,0.8351843625055511
2025-08-01 09:12:00,PUT,40,215.39,41.67402961255782,0.8310506523051172
2025-07-16 11:14:00,PUT,14,220.32,55.12954606827956,0.8306100217864851
2025-07-30 14:49:00,PUT,14,223.04,31.18720684943416,0.8294476327116187
2025-07-30 14:53:00,PUT,14,222.8,32.9904017369696,0.816876122082595
2025-07-30 14:44:00,PUT,14,223.83,43.4396384503172,0.8131170977974451
2025-08-01 09:30:00,PUT,14,216.03,61.892651659290586,0.8100726750914226
2025-07-10 19:45:00,PUT,14,225.0401,51.04601229200065,0.8087891891267364
2025-07-10 18:30:00,PUT,40,224.97,55.827156282872174,0.8045517180068464
2025-08-01 09:23:00,PUT,25,215.58,49.14861218095014,0.7792930698580605
2025-08-05 19:57:00,CALL,6,220.84,43.890146437525246,0.7743162470566962
2025-07-16 10:41:00,PUT,40,219.545,39.91917221742599,0.7629415381812307
2025-08-05 19:54:00,CALL,6,220.84,42.72446688629725,0.7607317514942976
2025-08-01 09:39:00,PUT,14,215.06,38.681282660941605,0.7579280200874153
2025-07-16 11:09:00,PUT,14,220.23,54.76528678222512,0.7492167279662069
2025-07-31 12:52:00,PUT,40,221.065,43.90986717731193,0.7350779182593355
2025-07-16 11:15:00,PUT,14,220.25,52.36944690657665,0.7309875141884284
2025-07-16 11:06:00,PUT,14,220.11,51.52222411277669,0.7269092726364194
2025-08-01 09:08:00,PUT,40,215.45,43.117002115640965,0.7194244604316469
2025-07-30 14:36:00,PUT,14,224.24,45.16583981141284,0.7179807349268702
2025-08-01 09:07:00,PUT,40,215.67,47.97401836101254,0.7163722353595714
2025-07-10 19:25:00,PUT,14,225.0,49.08690917007232,0.7155555555555616
2025-08-05 19:37:00,CALL,12,220.9396,50.20936721854872,0.7153086182830046
2025-08-01 09:34:00,PUT,14,215.43,43.70245140969198,0.7102074919927591
2025-08-01 09:31:00,PUT,14,215.67,50.22245548083045,0.7094171651133683
2025-07-22 09:40:00,PUT,14,222.33,65.04275016025157,0.7016596950479028
2025-08-05 19:40:00,CALL,12,220.99,54.94312054048116,0.6968641114982542
2025-08-01 09:32:00,PUT,14,215.63,49.11432869336652,0.6956360432221862
2025-08-01 09:41:00,PUT,14,214.81,34.462566835590934,0.6796704064056646
2025-08-01 07:54:00,PUT,40,216.46,48.14271533579532,0.6744895130740127
2025-08-01 10:06:00,CALL,6,212.9,35.82471529158154,0.674025364020668
2025-07-30 14:54:00,PUT,14,222.61,30.591291019839915,0.6693769372445139
2025-08-01 09:40:00,PUT,14,214.98,37.2930329588242,0.6651781561075348
2025-07-31 12:51:00,PUT,40,221.12,46.63046830231991,0.6602749638205535
2025-08-01 09:35:00,PUT,14,215.26,39.57783030607402,0.659667378983549
2025-08-01 09:20:00,PUT,25,215.56,48.586013884099216,0.6587493041380663
2025-08-01 09:33:00,PUT,14,215.54,46.62175868757637,0.6564906745847602
2025-07-25 19:29:00,CALL,12,224.34,49.552392646258,0.6552554158866002
2025-07-25 18:16:00,CALL,20,224.34,50.59102201563622,0.6552554158866002
2025-08-01 19:46:00,CALL,12,215.1,47.5371865050241,0.6462110646211133
2025-08-01 19:40:00,CALL,20,215.08,44.242997915873794,0.6369722893806844
2025-07-16 10:54:00,PUT,25,219.79,42.62510726256748,0.6369716547613657
2025-07-25 19:55:00,CALL,6,224.39,54.75638100547729,0.6328267748117189
2025-07-31 13:14:00,PUT,14,220.94,40.74264167025687,0.6200778491898273
2025-07-25 18:12:00,CALL,20,224.36,53.14519694556223,0.6195400249598798
2025-07-31 13:03:00,PUT,25,220.93,37.53150456559632,0.6155795953469486
2025-08-07 12:33:00,PUT,14,220.12,70.47709376065438,0.6133018353625269
2025-07-30 14:48:00,PUT,14,223.14,32.50508724367016,0.6094828358877769
2025-08-01 19:42:00,CALL,12,215.15,51.960205972385765,0.6042296072507473
2025-08-01 19:50:00,CALL,6,215.15,52.90596765360067,0.6042296072507473
2025-07-16 11:37:00,CALL,6,217.16,28.445224010101555,0.6037023392890067
2025-07-25 19:44:00,CALL,6,224.4,57.16644395111376,0.6016042780748637
2025-07-17 09:22:00,CALL,12,221.03,53.25689108339842,0.5926797267339285
2025-08-01 19:57:00,CALL,6,215.19,57.8187916583153,0.5855290673358385
2025-07-16 11:39:00,CALL,6,217.31,32.62320478522044,0.5844185725461369
2025-07-17 09:21:00,CALL,12,220.94,45.31712292588976,0.5725536344709038
2025-07-22 09:45:00,PUT,14,222.245,55.41182282036068,0.5691916578550764
2025-07-30 15:14:00,PUT,14,221.42,41.43442153118278,0.5645379821154367
2025-07-25 09:28:00,PUT,14,224.54,54.39213812788636,0.5611472343457695
2025-07-18 16:30:00,CALL,6,222.2,49.87430805914304,0.5580558055805621
2025-08-07 09:15:00,PUT,40,222.67,43.65199268327034,0.5523869403152601
2025-07-16 11:16:00,PUT,14,219.35,30.92895724437909,0.5470708912696551
2025-07-31 13:17:00,PUT,14,220.85,39.67154920740432,0.5388272583201258
2025-07-31 13:18:00,PUT,14,220.62,31.699892832922885,0.5348563140241169
2025-07-30 14:08:00,PUT,40,224.33,43.87735942463896,0.530468506218529
2025-08-01 09:28:00,PUT,14,215.55,47.95981942484122,0.5288796102992414
2025-08-01 09:18:00,PUT,25,215.57,49.05034627091639,0.5288305422832427
2025-07-15 09:27:00,PUT,14,224.15,61.95793688028064,0.5264331920588922
2025-07-25 09:05:00,PUT,40,224.26,36.5191600870616,0.5261749754748856
2025-08-01 09:03:00,PUT,40,215.56,45.37256310592742,0.5242159955464815
2025-07-16 10:43:00,PUT,40,219.72,46.92654481330061,0.518842162752588
2025-07-16 10:58:00,PUT,25,219.72,42.73497890628058,0.518842162752588
2025-08-06 19:56:00,CALL,6,220.7,41.7395059098709,0.516538287267791
2025-07-25 09:29:00,PUT,14,224.4,45.57382624901952,0.5147058823529417
2025-08-06 19:58:00,CALL,6,220.73,44.804567339499336,0.5119376613962868
2025-07-16 10:40:00,PUT,40,219.63,42.40353856258917,0.5099485498338134
2025-07-22 09:43:00,PUT,14,222.2401,56.10693480699328,0.5040044528417724
2025-08-01 08:08:00,PUT,25,216.76,57.89046787854,0.5028603063295828
2025-07-15 08:25:00,CALL,6,222.97,37.189359639983365,0.5023097277660692
2025-07-16 11:50:00,CALL,6,218.54,55.18958081772507,0.49876452823281936
2025-08-01 08:13:00,PUT,25,216.82,56.94074371535192,0.4981090305322314
2025-07-17 10:14:00,PUT,14,223.53,64.15996718124111,0.49657764058516246
2025-07-16 08:15:00,CALL,20,219.61,63.69121805400918,0.4917808842948791
2025-08-07 09:34:00,PUT,14,222.66,49.40512865236831,0.4895356148387692
2025-07-31 13:02:00,PUT,25,220.9799,39.53793876674634,0.48868698012804823
2025-07-31 13:13:00,PUT,14,220.97,42.22191130091411,0.4842286283205834
2025-07-17 09:28:00,CALL,6,221.14,61.4476816231327,0.4815953694492296
2025-07-25 09:04:00,PUT,40,224.3,39.40132124545757,0.48149799375836494
2025-07-31 12:47:00,PUT,40,220.96,34.75971366211709,0.4797248370745847
2025-07-30 16:02:00,PUT,14,221.43,60.51199578464719,0.47870658898974944
2025-08-07 12:21:00,PUT,25,219.83,64.67788405857402,0.47764181412910495
2025-07-18 18:20:00,CALL,20,222.45,55.62698451793148,0.4765115756349752
2025-08-07 09:07:00,PUT,40,222.74,53.0211080126167,0.47589117356559313
2025-08-07 09:33:00,PUT,14,222.74,52.0614198384795,0.47589117356559313
2025-07-31 13:15:00,PUT,14,220.78,33.917434236047285,0.4733218588640219
2025-07-16 08:16:00,CALL,20,219.69,68.7896225061206,0.4688424598297606
2025-08-01 10:08:00,CALL,6,212.97,42.20164365565507,0.4648542048175842
2025-08-07 12:22:00,PUT,25,219.7901,61.96463492449763,0.46412463527701436
2025-08-01 11:29:00,CALL,12,213.89,43.14354868341741,0.46383655149844405
2025-08-01 08:42:00,PUT,14,216.26,52.13067256056404,0.4624063627115509
2025-07-15 09:28:00,PUT,14,224.09,57.74028622668846,0.45963675309027674
2025-07-31 13:12:00,PUT,14,221.01,44.20921870223429,0.45699289624903444
2025-07-11 18:35:00,PUT,40,221.45,49.30382807787773,0.4560848950101562
2025-08-01 11:23:00,CALL,20,214.075,44.4284709993322,0.45544785705945245
2025-08-01 08:36:00,CALL,6,215.28,36.48423405717684,0.4552211073950157
2025-08-01 12:46:00,PUT,14,215.78,43.34751834359879,0.4541662804708452
2025-08-07 09:21:00,PUT,25,222.73,47.63764184750368,0.44897409419476497
2025-07-31 12:46:00,PUT,40,220.99,36.1010799365644,0.44798407167745563
2025-07-16 09:10:00,PUT,40,220.08,45.30702884813979,0.44756452199200913
2025-07-18 19:54:00,CALL,6,222.44,53.17854240200105,0.4450638374393136
2025-07-16 11:24:00,PUT,14,218.11,31.12813576871028,0.4447297235340091
2025-08-07 09:35:00,PUT,14,222.62,48.08408929757014,0.444703979876026
2025-07-11 19:39:00,PUT,14,221.45,47.82260024856896,0.442537818920745
2025-07-15 09:30:00,PUT,14,224.01,52.33014772753587,0.44194455604659644
2025-08-07 09:41:00,PUT,14,222.42,43.4987260650724,0.44060785900548055
2025-08-06 09:22:00,PUT,14,221.11,52.36580875262922,0.43869567183755925
2025-08-05 10:35:00,PUT,14,219.22,33.04768136540278,0.4379162485174747
2025-07-16 08:29:00,CALL,6,219.6,55.300429551595016,0.43715846994535884
2025-07-18 19:22:00,CALL,12,222.52,56.06086647009628,0.43591587273054055
2025-07-28 09:28:00,PUT,14,225.39,43.15268722822027,0.4348018989307378
2025-07-11 18:47:00,PUT,40,221.42,44.430747052875006,0.4335651702646462
2025-07-18 18:48:00,CALL,20,222.48,56.923040362030726,0.43149946062567784
2025-07-30 15:43:00,CALL,12,220.31,42.87661435566266,0.43121056692841386
2025-07-11 18:56:00,PUT,25,221.3821,43.086635343426416,0.4300709045582283
2025-07-31 13:11:00,PUT,14,221.06,46.764064803447766,0.42974757984257156
2025-07-30 16:03:00,PUT,14,221.24,54.52916174039952,0.429397938889901
2025-08-05 10:30:00,PUT,14,219.56,36.86590780368305,0.42812898524321263
2025-07-31 09:44:00,CALL,6,220.245,43.54530293627322,0.4267974301346218
2025-08-05 09:56:00,PUT,25,220.83,52.16780961366278,0.4256668025177857
2025-07-30 15:09:00,PUT,14,221.08,30.714021223202863,0.425185453229612
2025-08-05 10:34:00,PUT,14,219.275,34.09406196497976,0.4241249572454711
2025-07-15 10:17:00,PUT,14,222.19,38.07880323785991,0.423016337368916
2025-08-01 12:52:00,PUT,14,215.55,39.130304823587736,0.42217582927396197
2025-07-31 09:46:00,CALL,6,220.4701,52.266293091904096,0.4217805498341968
2025-08-06 19:31:00,CALL,20,220.91,57.9114532136749,0.42098592186863737
2025-07-31 10:45:00,PUT,14,221.16,46.01471977391696,0.42051003798155495
2025-07-11 18:49:00,PUT,40,221.4,44.04446472295916,0.42005420054200854
2025-07-30 15:59:00,PUT,14,221.48,64.22969718063706,0.4193155138161424
2025-07-22 09:32:00,PUT,25,222.05,69.50484754047656,0.41882458905652187
2025-08-08 09:44:00,CALL,20,220.33,31.848069885163653,0.41755548495438094
2025-08-01 12:49:00,PUT,14,215.65,40.57111868895319,0.41734291676327645
2025-08-01 12:32:00,PUT,25,215.95,44.78632809743757,0.4167631396156413
2025-08-05 09:54:00,PUT,14,221.21,66.87006359948163,0.4158943989873948
2025-07-11 19:53:00,PUT,14,221.49,50.71022100197847,0.41536863966771226
2025-07-15 10:15:00,PUT,14,222.42,45.03510533979841,0.41363186763779675
2025-07-23 07:08:00,PUT,40,225.3,38.0264051554471,0.41278295605859155
2025-07-11 19:17:00,PUT,25,221.47,49.33865985004839,0.4108908655799867
2025-07-18 12:19:00,PUT,14,223.18,45.00853425608017,0.407742629267854
2025-07-30 16:04:00,PUT,14,221.1,50.56226311863677,0.40705563093623054
2025-08-01 10:04:00,CALL,6,212.77,30.087419476403923,0.40654227569675266
2025-08-07 09:25:00,PUT,25,222.59,38.414996567010846,0.404330832472261
2025-08-01 12:47:00,PUT,14,215.59,37.19748485520839,0.4035437636254022
2025-07-24 09:49:00,PUT,25,225.6,51.812357046352695,0.4034131205673758
2025-07-16 11:53:00,CALL,6,218.32,50.49935564352843,0.4030780505679715
2025-07-24 16:18:00,CALL,20,223.84,61.64273032665914,0.4020729092208746
2025-08-01 14:15:00,CALL,12,214.37,46.88048256876866,0.40117553762186187
2025-07-11 18:16:00,PUT,40,221.4,46.94297445879145,0.39747064137307836
2025-08-05 10:11:00,PUT,14,220.47,47.18372821322273,0.39687939402186245
2025-07-18 19:09:00,CALL,20,222.59,61.28458812937595,0.39534570286176174
2025-07-16 09:34:00,PUT,14,220.38,57.38607094248378,0.3947272892276981
2025-08-01 11:36:00,CALL,6,214.195,53.2394003038979,0.39450033847662125
2025-07-31 09:47:00,CALL,6,220.67,57.83003278729864,0.39425386323469647
2025-07-15 08:11:00,CALL,20,223.21,41.23414899208592,0.3942475695533334
2025-08-01 10:09:00,CALL,6,213.28,47.698520212631706,0.3938484621155305
2025-07-31 10:34:00,PUT,25,221.1,42.85804027268574,0.3934871099050224
2025-07-16 11:45:00,CALL,12,218.58,56.88622566818072,0.393448622929813
2025-07-15 09:18:00,PUT,25,223.74,48.05947965003669,0.3933136676499488
2025-07-31 14:02:00,PUT,14,219.81,50.05115092579689,0.39124698603339864
2025-07-22 10:03:00,CALL,6,221.12,40.857597301270026,0.3911903039073847
2025-07-23 07:43:00,PUT,14,225.25,46.98517975636559,0.39067702552718997
2025-07-24 10:03:00,PUT,14,225.515,52.37408043692422,0.3902179455912004
2025-07-29 11:14:00,PUT,14,223.5,34.19803189657145,0.389261744966445
2025-08-06 09:24:00,PUT,14,221.03,45.37313515494449,0.38908745419174484
2025-07-30 14:39:00,PUT,14,223.67,33.774439876640216,0.3889658872445908
2025-08-01 11:35:00,CALL,6,214.05,49.36574369314947,0.3887409483765461
2025-07-25 09:30:00,PUT,14,224.09,32.86719753713962,0.3882368691150897
2025-08-01 07:53:00,PUT,40,216.51,51.534546969879,0.3879728419010685
2025-07-15 10:07:00,PUT,25,222.38,42.39151989354062,0.3867254249482801
2025-07-28 09:24:00,PUT,14,225.47,41.91045550057731,0.38586064664922365
2025-08-08 09:00:00,PUT,40,221.04,33.22802101081524,0.384500542888161
2025-08-07 10:01:00,PUT,14,221.31,33.810725315868495,0.3840766345849687
2025-07-25 09:25:00,PUT,14,224.5,55.42376830815029,0.38307349665924884
2025-08-01 08:07:00,PUT,25,216.81,61.94771493011253,0.3828236704949091
2025-07-18 12:18:00,PUT,14,223.22,47.05641369040226,0.38079025176955217
2025-08-06 19:53:00,CALL,6,220.75,44.326333124070615,0.3805209513023798
2025-08-06 09:29:00,PUT,14,220.96,42.08882627299964,0.38015930485155836
2025-07-28 09:29:00,PUT,14,225.32,40.22909955912808,0.37946032309603667
2025-07-15 11:49:00,PUT,25,221.42,57.98758004691421,0.3793695239815622
2025-07-24 09:48:00,PUT,25,225.75,60.31624283478868,0.3787375415282347
2025-07-22 10:17:00,CALL,20,221.87,55.50462613025939,0.37860008112859034
2025-07-31 10:14:00,PUT,40,221.41,48.94284690454431,0.3748701503997038
2025-07-15 11:50:00,PUT,25,221.375,55.21799448597496,0.372670807453411
2025-07-30 19:54:00,CALL,6,220.44,47.29179028128827,0.37198330611503955
2025-07-15 08:29:00,CALL,6,223.21,58.825157873778245,0.3718471394650706
2025-07-22 09:46:00,PUT,14,221.96,44.54680468099732,0.3716885925392039
2025-07-09 10:11:00,PUT,25,222.21,34.774090236531734,0.37127041987310067
2025-08-01 12:50:00,PUT,14,215.49,35.782529767436344,0.37124692561140255
2025-08-01 12:14:00,PUT,40,216.11,64.21468063903988,0.370181851834719
2025-08-05 10:13:00,PUT,14,220.27,43.849992369331424,0.37000045398828607
2025-08-05 10:12:00,PUT,14,220.315,44.600567532048345,0.3699248802850454
2025-07-22 09:17:00,CALL,20,221.69,45.580345321581824,0.3698858766746327
2025-08-08 11:04:00,PUT,40,220.565,42.30166702952265,0.3695055879219267
2025-08-05 10:31:00,PUT,14,219.32,32.14693561832537,0.3693233631223793
2025-08-01 08:16:00,PUT,14,216.68,47.090650205049904,0.36920804873546764
2025-07-28 08:51:00,PUT,40,225.7601,67.41728395260955,0.36769119078171364
2025-07-29 10:16:00,PUT,40,224.625,49.7659339526173,0.367278797996656
2025-07-31 10:50:00,PUT,25,220.94,39.6535446506978,0.36661537068887584
2025-07-18 10:16:00,PUT,14,223.84,36.507449903822064,0.3663777698355953
2025-07-22 09:18:00,PUT,40,221.66,42.29112510888356,0.365424524045837
2025-08-07 12:18:00,PUT,25,219.85,68.35864226568975,0.3638844666818208
2025-07-22 09:29:00,CALL,6,221.61,46.83135650428881,0.36325075583230826
2025-07-11 09:31:00,PUT,14,223.21,56.58710213383618,0.36288696742977566
2025-08-07 12:20:00,PUT,25,219.865,67.07001327485825,0.3615855183862897
2025-07-22 09:30:00,CALL,6,221.67,52.08838255210181,0.36085171651554476
2025-07-30 14:12:00,PUT,25,224.48,50.1640185858866,0.3608339272986468
2025-07-25 09:36:00,PUT,14,223.69,34.17536672743017,0.359873038580181
2025-08-07 12:36:00,PUT,14,220.06,63.65030950299648,0.35899300190856676
2025-07-15 08:28:00,CALL,6,223.01,42.70930439354229,0.3587283081476218
2025-07-18 10:03:00,PUT,14,224.51,47.732003916199446,0.35855863881340627
2025-08-05 13:44:00,PUT,40,220.89,70.24279756058502,0.35759880483498063
2025-08-06 19:34:00,CALL,20,220.98,62.32396697774992,0.3574984161462669
2025-08-05 10:33:00,PUT,14,219.35,35.51806827111666,0.35559607932527976
2025-07-09 10:10:00,PUT,25,222.25,36.1401731819256,0.35545556805398965
2025-08-07 09:30:00,PUT,25,222.2299,31.241933580559248,0.35544271945403777
2025-07-18 09:09:00,PUT,25,225.35,62.941811227766806,0.3550033281561939
2025-07-18 09:12:00,PUT,25,225.39,63.2639719140821,0.35494032565774125
2025-08-01 11:37:00,CALL,6,214.29,55.63417955702606,0.35465957347520616
2025-07-30 19:35:00,CALL,20,220.48,59.25667646595293,0.3537735849056609
2025-07-15 09:37:00,PUT,14,223.56,38.65662014279516,0.3533726963678619
2025-08-01 10:11:00,CALL,6,213.715,54.35181905985878,0.35327422034017053
2025-07-15 09:16:00,PUT,25,223.76,49.34806471390283,0.3530568466213765
2025-07-30 15:58:00,PUT,14,221.51,65.21899177385939,0.3521737167622249
2025-07-17 10:11:00,PUT,14,223.43,65.87090484547797,0.35134046457503315
2025-08-01 12:53:00,PUT,14,215.36,33.74601034988662,0.3505757800891641
2025-07-24 10:02:00,PUT,14,225.55,53.95316537377747,0.35025493238750627
2025-08-01 10:48:00,PUT,40,214.44,46.172145446086496,0.3497481813094572
2025-07-18 12:04:00,PUT,25,223.36,48.76449124465653,0.34921203438395465
2025-08-01 10:10:00,CALL,6,213.635,53.1888807427013,0.3487256301635989
2025-07-17 09:26:00,CALL,6,221.09,57.67693222911681,0.3482744583653762
2025-08-06 09:17:00,PUT,14,221.15,60.71918603242004,0.3481799683472802
2025-08-01 09:01:00,PUT,40,215.56,45.02955173086805,0.3479309704954537
2025-07-18 12:23:00,PUT,14,222.97,37.80936672106948,0.34758039198098656
2025-07-30 15:49:00,CALL,6,220.495,47.71881639046536,0.34694664278100923
2025-07-09 10:17:00,PUT,14,222.03,30.465680872450665,0.34679998198442114
2025-07-21 12:10:00,PUT,14,223.54,34.6266006545317,0.34445736780888514
2025-07-29 11:15:00,PUT,14,223.4092,31.01899557359451,0.3443009509008636
2025-07-14 09:21:00,CALL,12,220.93,59.06243516087175,0.3440003621056402
2025-07-15 09:15:00,PUT,25,223.85,55.12395859233145,0.34398034398033583
2025-08-05 08:05:00,PUT,25,221.12,64.1065680060655,0.34370477568740543
2025-08-06 09:21:00,PUT,14,221.16,57.25159218362124,0.3436426116838447
2025-07-24 09:34:00,PUT,40,225.46,46.16091478808901,0.34156834915284906
2025-08-08 09:59:00,CALL,6,220.48,45.51007807138142,0.34016690856313503
2025-08-05 10:36:00,PUT,14,219.145,31.62243639254848,0.3399575623445685
2025-08-07 14:04:00,PUT,14,219.305,55.94366104489752,0.3397095369462641
2025-07-31 10:33:00,PUT,25,221.16,44.50287386808271,0.3391209983722192
2025-07-25 08:59:00,PUT,40,224.4,49.09146582337176,0.33868092691622964
2025-07-22 09:47:00,PUT,14,221.85,41.189812409539726,0.3380662609871535
2025-07-29 13:17:00,PUT,25,223.425,69.052456575176,0.3379210025735812
2025-07-31 10:21:00,PUT,40,221.34,46.140742931216415,0.33658624740218873
2025-08-01 11:20:00,CALL,20,214.16,45.67172896575879,0.33619723571161697
2025-07-18 12:20:00,PUT,14,223.1,41.1512367993311,0.3361721201255043
2025-07-18 12:06:00,PUT,25,223.16,38.32338142911812,0.336081735077971
2025-07-14 09:37:00,CALL,12,221.84,69.96077828236885,0.33582762351244344
2025-07-16 11:40:00,CALL,6,217.63,40.04214469595534,0.3354316959978028
2025-07-31 10:51:00,PUT,25,220.78,35.73504743212153,0.33517528761663606
2025-08-01 10:46:00,PUT,14,214.98,55.86243061171576,0.3349148758023997
2025-07-31 12:43:00,PUT,40,221.21,48.75141646115068,0.3345237557072506
2025-07-31 13:51:00,PUT,25,219.68,36.42986838284556,0.3323015294974591
2025-08-01 11:13:00,PUT,14,214.41,50.05469785668674,0.3311412713959274
2025-07-16 11:49:00,CALL,6,218.45,53.60652483531965,0.3295948729686422
2025-07-14 09:36:00,CALL,12,221.77,68.56191842294247,0.3291698606664516
2025-07-21 18:39:00,PUT,40,221.91,46.0769730558744,0.32896219187958625
2025-07-22 09:55:00,CALL,12,221.15,34.70179068848114,0.3278317883789258
2025-08-07 09:19:00,PUT,25,222.78,51.43747059436705,0.32767752940119843
2025-07-15 09:46:00,PUT,14,222.99,34.768217776944084,0.32736894031123287
2025-07-16 11:47:00,CALL,12,218.485,54.60773429210733,0.32725358720277137
2025-08-05 10:17:00,PUT,14,220.04,41.00209755726267,0.32721323395746177
2025-08-01 12:42:00,PUT,14,215.63,34.47736258144867,0.3269489403144201
2025-07-15 09:33:00,PUT,14,223.53,34.87862262600423,0.32657808795239557
2025-07-15 12:19:00,PUT,40,220.6199,36.23562821945635,0.32630782626589694
2025-07-24 09:52:00,PUT,25,225.37,41.74461666663884,0.32613036340241097
2025-07-29 09:19:00,PUT,25,225.49,47.90944173944831,0.32595680517983666
2025-08-05 10:23:00,PUT,14,219.77,37.76683274047203,0.3253401283159682
2025-07-18 10:02:00,PUT,14,224.57,49.74323552235607,0.3250656810793916
2025-08-01 12:36:00,PUT,14,216.19,53.06157245857909,0.3237892594477028
2025-07-28 09:07:00,PUT,25,225.59,39.72839038698785,0.3235959040737576
2025-08-07 09:02:00,PUT,40,222.74,57.147299075421735,0.3232468348747413
2025-07-23 09:54:00,CALL,12,224.3,42.46766180242399,0.3232278198840813
2025-08-08 11:15:00,PUT,25,220.54,47.15975614128536,0.321937063571225
2025-07-15 09:32:00,PUT,14,223.71,39.813042870325496,0.3218452460775105
2025-07-24 10:55:00,PUT,40,225.38,58.06564132092408,0.32167894223089644
2025-07-14 09:10:00,CALL,20,220.81,51.2060524692447,0.32154340836013223
2025-07-18 10:08:00,PUT,14,224.28,43.52851866961471,0.32102728731942165
2025-08-07 09:57:00,PUT,14,221.4,33.562724121270804,0.32068654019873893
2025-07-16 09:32:00,PUT,14,220.21,54.78061871688024,0.32014894873076266
2025-07-16 11:43:00,CALL,12,218.471,55.14421461214651,0.3199509317025985
2025-08-08 11:56:00,CALL,20,220.47,67.75564839047243,0.3197713974690491
2025-08-01 11:12:00,PUT,14,214.48,51.809535729680334,0.3193770980977258
2025-07-18 10:10:00,PUT,14,224.01,36.63375516241414,0.3169501361546268
2025-08-06 09:19:00,PUT,14,221.13,56.56035828056875,0.31655587211142255
2025-07-31 12:57:00,PUT,25,221.18,49.930910115094505,0.31648431142057015
2025-07-18 09:36:00,PUT,40,224.55,36.079536738961856,0.31618793141839585
2025-07-30 14:37:00,PUT,14,223.67,33.015798110360564,0.31519649483613543
2025-07-15 10:08:00,PUT,25,222.29,40.11690793532645,0.31490395429393525
2025-08-01 08:43:00,PUT,14,216.03,48.53736693304504,0.31477109660695585
2025-08-07 10:53:00,PUT,40,219.6,36.963912227600325,0.314207650273223
2025-07-16 10:32:00,CALL,20,219.88,48.196466071537294,0.31380753138075207
2025-08-01 09:56:00,CALL,20,213.71,34.34423258966622,0.31350896074118545
2025-08-07 10:30:00,PUT,25,220.11,33.913505682987406,0.31347962382446326
2025-08-06 10:19:00,PUT,14,220.18,48.04278449856873,0.31337996184939493
2025-08-06 10:12:00,PUT,14,220.28,48.71704153300947,0.3132376974759387
2025-08-06 10:10:00,PUT,14,220.39,51.978774380823566,0.31308135577839186
2025-07-21 11:56:00,PUT,25,223.73,35.204812495622875,0.3128771286818883
2025-08-08 09:47:00,CALL,20,220.61,47.34829669029671,0.31276914011150797
2025-08-08 10:00:00,CALL,6,220.64,52.01976579036389,0.31272661348804665
2025-07-31 09:49:00,CALL,6,220.91,63.444964823417855,0.3123443936444696
2025-07-28 19:14:00,CALL,20,224.18,49.16069764313948,0.31224908555624437
2025-08-06 09:11:00,PUT,25,221.11,64.3254028200246,0.31206186965764826
2025-07-31 10:41:00,PUT,14,221.21,46.74862438445588,0.3119207992405396
2025-07-31 10:29:00,PUT,25,221.27,46.896609827356166,0.3118362181949644
2025-07-15 12:05:00,PUT,14,221.31,56.80393505834096,0.3118250417965754
2025-07-16 11:54:00,CALL,6,218.4503,53.12422021724993,0.3111462881946131
2025-07-15 10:20:00,PUT,14,222.39,46.20752713095168,0.31026574935923273
2025-08-01 14:20:00,CALL,6,214.415,50.34908059270023,0.3101462117855656
2025-07-16 08:09:00,CALL,20,219.57,66.43732930542868,0.3096962244386787
2025-07-11 10:38:00,PUT,14,222.87,44.34586978323445,0.3095975232198132
2025-07-17 10:15:00,PUT,14,223.32,55.767733641683215,0.30897367006985393
2025-07-31 16:12:00,PUT,40,219.69,55.70784505472425,0.3087077245209176
2025-07-16 09:39:00,PUT,14,220.34,53.25567761314203,0.3086139602432635
2025-07-30 14:16:00,PUT,25,224.17,39.198920318001896,0.3078021144666984
2025-08-07 15:40:00,CALL,20,219.405,57.805682496888274,0.30765023586518603
2025-08-08 09:02:00,PUT,40,221.06,38.10288386502516,0.3076087939925843
2025-07-15 11:51:00,PUT,25,221.33,52.51675926812443,0.3072335426738385
2025-08-05 10:22:00,PUT,14,219.82,38.63152704830814,0.30706942043489355
2025-07-29 13:18:00,PUT,25,223.33,59.78618091350408,0.30672099583575974
2025-07-24 09:44:00,PUT,40,225.445,45.63259614364134,0.306061345339217
2025-07-28 09:06:00,PUT,25,225.62,41.74353597815026,0.3058239517773237
2025-08-07 09:36:00,PUT,14,222.37,40.75014538268384,0.3057966452309245
2025-07-16 12:47:00,CALL,6,219.32,48.13067004806616,0.3054896954222214
2025-07-24 09:38:00,PUT,40,225.482,48.13909995594405,0.30468063969630027
2025-08-07 12:27:00,PUT,14,219.98,66.68913059658914,0.3045731430129955
2025-07-18 09:02:00,PUT,40,225.17,55.4395034949677,0.3042145934182946
2025-08-05 12:33:00,PUT,14,220.39,68.46575915474035,0.3040065338717671
2025-07-11 11:46:00,PUT,25,222.495,47.97005279864501,0.303377603991106
2025-07-28 19:59:00,CALL,6,224.2,52.074795184306254,0.30330062444246514
2025-07-23 09:53:00,CALL,12,224.23,39.438698439265394,0.3032600454890099
2025-07-17 09:11:00,CALL,20,221.19,65.16815638004682,0.3029070030290772
2025-07-14 10:00:00,CALL,20,221.79,47.61470561222936,0.3020875603048
2025-07-21 18:42:00,PUT,40,221.88,43.32945776183748,0.3019650261402504
2025-07-28 09:11:00,PUT,25,225.42,30.69966243944469,0.3016591251885274
2025-07-29 09:27:00,PUT,14,225.64,57.0618203639831,0.3013650062045641
2025-07-31 09:48:00,CALL,6,220.85,62.11239313864994,0.30110935023771435
2025-08-05 13:50:00,PUT,25,220.865,58.17726626783914,0.301088900459566
2025-07-22 18:46:00,CALL,12,223.48,42.02786647915645,0.29980311437265794
2025-07-15 12:33:00,PUT,25,220.58,43.310696315007576,0.2992111705503785
2025-08-05 14:04:00,PUT,14,220.75,40.358760922532014,0.2989807474518671
2025-07-30 15:07:00,CALL,6,220.98,27.66653458570317,0.2986695628563656
2025-08-06 09:23:00,PUT,14,221.08,49.62915735943366,0.2985344671612199
2025-07-15 15:45:00,PUT,14,219.495,30.59570845265408,0.2984122645162765
2025-07-31 13:50:00,PUT,25,219.745,37.93350346749038,0.2980727661607778
2025-08-01 08:17:00,PUT,14,216.59,41.819684077507006,0.29779768225680325
2025-07-22 09:48:00,PUT,14,221.72,37.58499227987672,0.2976727403932873
2025-07-21 19:14:00,PUT,25,221.87,44.881503431221184,0.2974714923153182
2025-07-15 10:24:00,PUT,14,222.05,36.06095146992542,0.29723035352399235
2025-07-09 10:16:00,PUT,14,222.07,31.81334197090807,0.2972035844553504
2025-07-23 13:04:00,PUT,14,225.8,63.45573529547735,0.29672276350753585
2025-07-18 09:52:00,PUT,25,224.37,39.44712635329884,0.2963854347729162
2025-07-30 14:13:00,PUT,25,224.385,45.89669567927867,0.29636562158789226
2025-08-08 08:59:00,PUT,40,221.1,36.94683863742733,0.29624604251469977
2025-08-07 11:21:00,PUT,14,219.49,49.21144809283833,0.29614105426215576
2025-08-07 11:53:00,CALL,20,219.18,54.68057040683906,0.29610365909298336
2025-07-11 09:05:00,PUT,40,223.06,47.28300781794896,0.2958845153770271
2025-07-11 10:35:00,PUT,14,223.1,58.29652927061389,0.2958314657104422
2025-07-11 09:33:00,PUT,14,223.11,52.091244335842944,0.29581820626597866
2025-07-29 09:35:00,PUT,14,225.16,35.6767195564091,0.29534553206608277
2025-07-25 08:48:00,PUT,40,224.39,49.98399664016927,0.29484379874325634
2025-07-18 10:13:00,PUT,14,223.91,36.97463793546246,0.2947612880175055
2025-08-05 14:01:00,PUT,14,220.85,49.25938672047407,0.2943174100067945
2025-07-25 09:14:00,PUT,25,224.3,44.43418756364791,0.29424877396345295
2025-07-22 09:59:00,CALL,6,220.98,35.91695594883943,0.294144266449455
2025-07-09 04:53:00,CALL,12,220.98,43.32065534354772,0.294144266449455
2025-07-18 10:04:00,PUT,14,224.38,43.61708330363107,0.2941438630894004
2025-07-15 15:33:00,PUT,25,219.63,34.46937887066689,0.29367572735964204
2025-07-29 09:41:00,PUT,14,224.96,34.69316701076116,0.2933854907539103
2025-07-18 09:22:00,PUT,14,225.21,48.66066210653141,0.2930598108432115
2025-07-18 10:17:00,PUT,14,223.705,33.37333083296707,0.2927963165776362
2025-08-07 12:48:00,CALL,6,218.99,31.057737740160945,0.29225078770719504
2025-07-15 09:47:00,PUT,14,222.8,30.922141637673874,0.2917414721723544
2025-07-11 10:39:00,PUT,14,222.81,41.65658343005882,0.2917283784390313
2025-08-01 14:08:00,CALL,20,214.505,46.97606418602299,0.29136849956877464
2025-08-01 06:19:00,PUT,25,216.35,45.49383027118087,0.29119482320314094
2025-08-01 08:27:00,PUT,25,216.62,43.73083079661949,0.290831871480009
2025-07-31 11:12:00,CALL,20,220.09,33.156526501145805,0.2907901313099125
2025-07-15 09:01:00,PUT,40,223.62,52.44723630130928,0.2906716751632259
2025-08-05 09:35:00,CALL,12,220.31,48.21072828806573,0.29049975035177084
2025-07-10 10:27:00,CALL,6,223.8997,48.71541059489961,0.29044255083861914
2025-08-08 09:45:00,CALL,20,220.59,45.82841732170069,0.29013101228522886
2025-07-18 10:09:00,PUT,14,224.17,40.55447913840893,0.28995851362804004
2025-07-25 08:55:00,PUT,40,224.41,50.60130279081999,0.2896484113898693
2025-08-08 09:19:00,PUT,25,220.97,43.63990684847924,0.28963207675249414
2025-08-05 10:27:00,PUT,14,219.455,32.42442956161223,0.28935317035383984
2025-08-01 11:38:00,CALL,6,214.58,62.02733883845489,0.2889365271693429
2025-07-16 10:33:00,CALL,20,219.96,50.6620940303574,0.2886888525186356
2025-08-06 09:45:00,PUT,40,220.135,40.76362335376227,0.28841392781701575
2025-07-21 11:57:00,PUT,25,223.645,31.93741919429196,0.28840349661294024
2025-07-24 09:51:00,PUT,25,225.41,43.26274976439927,0.28836342664478315
2025-07-31 13:21:00,PUT,14,220.535,32.28086434179842,0.28793615525879834
2025-08-05 14:03:00,PUT,14,220.84,48.18771350742805,0.2875384894040893
2025-07-23 09:15:00,PUT,40,224.7508,48.66425998609095,0.28734046775362243
2025-08-01 08:29:00,PUT,14,216.65,46.30474779014643,0.28617585968151604
2025-08-01 14:45:00,PUT,14,215.65,65.62575924104692,0.285184326454908
2025-07-18 09:48:00,PUT,25,224.55,41.453769118260126,0.2850144733912335
2025-07-31 10:48:00,PUT,14,221.26,49.4549608160857,0.2847328934285436
2025-07-15 15:44:00,PUT,14,219.61,37.88512473651042,0.2845954191521333
2025-07-29 09:40:00,PUT,14,225.14,40.1939679587052,0.284267566847289
2025-07-21 18:52:00,PUT,40,221.93,48.70302780495862,0.2838732933807937
2025-07-28 09:18:00,PUT,14,225.5,40.71276478635542,0.2838137472283753
2025-07-29 10:59:00,PUT,25,223.75,30.584182761958036,0.28379888268156017
2025-07-29 15:17:00,PUT,25,223.02,39.68508375222976,0.2824858757062254
2025-07-16 08:25:00,CALL,6,219.54,49.68413820518404,0.28240867267924047
2025-07-29 15:15:00,PUT,25,223.12,45.370506523900914,0.28240408748655377
2025-07-16 09:18:00,CALL,20,219.95,40.642538263833245,0.2818822459649941
2025-07-29 11:12:00,PUT,14,223.51,32.6622527942087,0.28186658315064
2025-07-29 09:33:00,PUT,14,225.305,40.81435845166422,0.28184017221101143
2025-08-05 10:14:00,PUT,14,220.24,43.326511338094576,0.2815110788231041
2025-07-18 10:14:00,PUT,14,223.84,35.39536981240725,0.2814510364546084
2025-07-30 14:33:00,PUT,14,224.42,53.56065817770392,0.280723643169056
2025-08-07 12:04:00,CALL,12,219.29,56.359150493666405,0.28045054494049393
2025-07-30 13:47:00,PUT,14,224.77,52.737284544903446,0.28028651510433944
2025-07-11 10:37:00,PUT,14,223.015,51.85877121957435,0.2802502073851535
2025-07-22 09:56:00,CALL,12,221.32,40.04869150699204,0.280137357672151
2025-07-15 15:29:00,PUT,25,219.7,35.581053212894176,0.2799271734182889
2025-07-29 13:32:00,PUT,14,223.315,52.745790303786784,0.2798737209770951
2025-08-01 11:39:00,CALL,6,214.72,64.673874419325,0.2794336810730227
2025-07-22 10:15:00,CALL,20,221.91,56.71007636315749,0.2793925465278737
2025-07-21 19:32:00,PUT,25,221.92,50.445349214060414,0.2793799567411573
2025-07-23 13:05:00,PUT,14,225.72,57.06010462182436,0.27910685805422447
2025-08-01 13:24:00,PUT,14,214.98,49.73880116343822,0.2790957298353309
2025-08-05 11:46:00,CALL,20,219.2,51.68274454882936,0.2782846715328529
2025-08-05 11:47:00,CALL,20,219.26,54.10884161370012,0.2782085195658185
2025-07-08 09:46:00,PUT,25,221.28,64.4770438568671,0.27792841648590433
2025-07-15 08:14:00,CALL,20,223.19,41.07070949342161,0.27779022357632716
2025-07-16 10:01:00,CALL,20,219.6701,48.465412587668325,0.27764361194355097
2025-08-01 06:33:00,PUT,14,216.32,48.25240199478,0.27736686390532284
2025-07-25 09:38:00,PUT,14,223.66,34.72946630076534,0.2772064741124942
2025-07-30 15:06:00,CALL,6,220.91,25.913894839707297,0.2761305509030889
2025-07-18 12:14:00,PUT,14,223.205,43.51777517290762,0.2755314621088278
2025-07-28 09:30:00,PUT,14,225.17,34.78985271418145,0.2753475152107191
2025-07-18 09:15:00,PUT,14,225.29,53.36552317272306,0.27520085223489926
2025-08-05 10:20:00,PUT,14,219.88,39.57072697920221,0.27515008186282963
2025-08-05 10:44:00,CALL,20,218.62,28.037289897923216,0.27444881529594467
2025-07-11 14:51:00,PUT,14,222.53,52.03121045370496,0.2741203433245017
2025-08-04 10:04:00,CALL,20,217.065,62.75834919726371,0.2741114412733508
2025-07-30 13:49:00,PUT,14,224.75,50.47577094998148,0.2736373748609606
2025-07-31 10:22:00,PUT,40,221.235,43.151152620766034,0.27346486767465283
2025-08-07 11:08:00,PUT,25,219.51,43.82711449857142,0.2733360666939977
2025-08-07 12:40:00,PUT,25,219.51,32.49112513367487,0.2733360666939977
2025-07-22 10:00:00,CALL,6,221.135,40.407077134904846,0.27313631944288036
2025-08-01 14:13:00,CALL,12,214.305,42.38751997817823,0.27297543221109144
2025-07-24 15:25:00,PUT,25,224.28,45.9735403981499,0.27198145175673877
2025-07-18 09:54:00,PUT,25,224.31,38.59662407615272,0.27190049485088064
2025-07-11 14:50:00,PUT,14,222.625,60.85446185696344,0.2717574396406467
2025-07-17 11:05:00,CALL,20,222.755,45.2738026376503,0.27159884177684823
2025-07-29 15:18:00,PUT,25,222.995,38.36732524621961,0.2713065315365897
2025-07-23 11:44:00,CALL,12,225.26,44.473166031159785,0.2707981887596616
2025-08-01 14:18:00,CALL,6,214.36,47.82454906164498,0.2705728680723941
2025-07-28 09:10:00,PUT,25,225.5,34.819409416900925,0.27046563192905115
2025-07-21 19:04:00,PUT,40,221.88,45.30714700071293,0.27041644131962966
2025-07-21 19:39:00,PUT,25,221.9,47.72911075908385,0.27039206849932146
2025-07-09 09:41:00,PUT,40,222.61,60.36701356145511,0.26952967072459577
2025-07-15 09:49:00,PUT,14,222.64,30.58977439903147,0.2694933524973025
2025-07-17 10:01:00,CALL,12,223.09,63.651844973225295,0.2689497512214776
2025-08-01 12:39:00,PUT,14,215.94,43.79831308769669,0.2685931277206558
2025-08-01 12:27:00,PUT,14,216.29,58.46776549158651,0.2681584909149679
2025-07-16 09:22:00,PUT,25,220.07,49.7331255745538,0.2680965147453099
2025-07-31 13:42:00,PUT,14,220.15,49.37175888966706,0.2679990915285048
2025-07-28 10:00:00,CALL,6,224.05,36.60873668087561,0.26779736665922527
2025-08-08 11:19:00,PUT,25,220.34,38.13502810811202,0.2677679949169481
2025-07-28 10:46:00,PUT,40,224.27,52.13080037683197,0.2675346680340762
2025-07-18 09:49:00,PUT,25,224.44,38.07732713726424,0.2673320263767574
2025-08-05 14:05:00,PUT,14,220.69,36.14292183617703,0.26729801984684404
2025-07-31 10:31:00,PUT,25,221.16,43.8650671425604,0.2667751853861473
2025-08-07 15:41:00,CALL,20,219.545,63.89039530624587,0.2664601790065854
2025-07-10 09:59:00,CALL,12,223.53,57.62090548711024,0.26618351004339413
2025-07-23 11:47:00,CALL,20,225.41,53.728227152598606,0.2661816245951796
2025-07-10 15:15:00,PUT,40,225.41,60.13872355023562,0.2661816245951796
2025-07-22 10:30:00,CALL,6,222.1,60.02005597262985,0.2656461053579484
2025-07-21 12:08:00,PUT,14,223.5923,37.15931647461349,0.2649017877628141
2025-07-31 17:59:00,CALL,6,219.0,45.00956210040999,0.26484018264840753
2025-08-07 10:55:00,PUT,40,219.42,32.713532133275365,0.2643332421839323
2025-07-15 15:26:00,PUT,25,219.69,33.33256013891277,0.2640083754381101
2025-07-21 15:32:00,PUT,14,221.885,38.30142166235789,0.2636500890100636
2025-08-01 12:35:00,PUT,14,216.22,54.2843082638083,0.26362038664323056
2025-07-18 10:11:00,PUT,14,223.83,32.792769050806015,0.2635929053299394
2025-07-31 05:25:00,PUT,40,221.09,35.69795892725567,0.26233660500249334
2025-07-31 10:39:00,PUT,14,221.22,46.99948569038448,0.2621824428171108
2025-07-16 12:48:00,CALL,6,219.43,52.17317719906724,0.26204256482704674
2025-08-07 15:54:00,CALL,6,219.505,54.99867883231865,0.26195303068268017
2025-07-15 10:42:00,PUT,14,221.47,41.982540802190606,0.26188648575428386
2025-07-28 05:34:00,PUT,25,225.73,49.6659072543081,0.26137420812475237
2025-07-14 10:18:00,PUT,14,222.4,62.28702949760211,0.2607913669064804
2025-07-28 09:46:00,PUT,14,224.635,39.249447753830914,0.2604224631068086
2025-08-07 09:05:00,PUT,25,222.81,59.50360911217758,0.2603563574345926
2025-07-11 09:07:00,PUT,40,223.03,45.46932061707863,0.2600547011612843
2025-08-01 14:47:00,PUT,14,215.55,59.16089311567409,0.259800510322432
2025-07-23 11:38:00,CALL,20,225.2,37.57245025163344,0.25976909413854704
2025-07-10 15:44:00,PUT,14,225.3999,57.0064509428881,0.25949434760175344
2025-08-01 12:29:00,PUT,14,216.17,53.37347686971054,0.2590553730859851
2025-08-06 18:07:00,CALL,12,220.19,44.67768651579031,0.2588673418411341
2025-07-28 19:53:00,CALL,6,224.21,53.48699580287932,0.258686053253639
2025-08-01 05:56:00,PUT,40,216.48,48.87285127373914,0.25868440502586953
2025-08-05 09:41:00,PUT,40,220.46,51.23050394726465,0.25855030391001615
2025-07-30 16:06:00,PUT,14,220.82,43.622211539652845,0.2581287926818192
2025-08-05 13:51:00,PUT,25,220.84,55.83195541865009,0.2581054156855611
2025-07-18 09:17:00,PUT,14,225.141,43.57081630834624,0.25806050430618543
2025-07-31 04:18:00,PUT,40,221.3,64.79435769604495,0.2575689109805791
2025-07-31 05:06:00,PUT,14,221.3,46.360620435354384,0.2575689109805791
2025-07-21 18:54:00,PUT,40,221.84,39.91902977360792,0.25694194013703264
2025-07-22 10:23:00,CALL,12,221.96,56.98946242058168,0.25680302757253254
2025-07-14 10:29:00,CALL,12,222.01,43.51043449739601,0.25674519165804316
2025-08-01 11:14:00,PUT,14,214.24,45.98140961154825,0.2567214339059052
2025-07-23 19:35:00,PUT,25,226.14,46.351672911452525,0.25647828778632004
2025-07-21 14:55:00,PUT,14,222.5701,30.16623473096338,0.25614401934491493
2025-08-08 12:37:00,PUT,25,220.655,42.741376595151145,0.2560558337676453
2025-08-05 14:09:00,PUT,14,220.695,42.2110573148432,0.25600942477174277
2025-07-14 19:42:00,CALL,12,222.8,48.999870811185126,0.255834829443444
2025-07-14 19:53:00,CALL,6,222.8301,53.0614570230497,0.2557553939077433
2025-07-29 15:28:00,PUT,14,222.96,38.03188633802699,0.25565123789021416
2025-08-07 12:49:00,CALL,6,219.08,35.61244806415894,0.25561438743836673
2025-08-07 14:06:00,PUT,14,219.2,50.218266232473546,0.25547445255474555
2025-07-15 11:32:00,PUT,40,221.17,41.6814072287187,0.2554596012117366
2025-07-29 13:09:00,PUT,40,223.29,67.89170372167968,0.25527341125889796
2025-07-22 10:04:00,CALL,6,221.38,48.459094340523066,0.25521727346643674
2025-08-07 11:19:00,PUT,14,219.47,48.69855220802718,0.25516015856381385
2025-07-18 11:59:00,PUT,25,223.46,61.16253047414426,0.25507920880695495
2025-07-16 09:08:00,PUT,40,220.07,44.200363634219165,0.2544190484845726
2025-07-28 19:32:00,CALL,12,224.22,54.30679890279639,0.25421461065025114
2025-07-11 15:21:00,PUT,25,222.285,51.42763036575231,0.2541781946600075
2025-07-30 15:29:00,CALL,6,220.34,37.956693067850814,0.25415267314150963
2025-08-08 11:28:00,PUT,14,220.41,48.53423564497385,0.2540719568077684
2025-08-01 14:40:00,PUT,14,215.54,69.014264348362,0.2540131762085855
2025-08-08 12:13:00,PUT,40,220.87,71.42038400406712,0.25354280798659945
2025-07-18 12:21:00,PUT,14,222.98,36.14701406629101,0.2533859538972095
2025-08-07 11:52:00,CALL,20,219.11,52.269350655122416,0.25329743051434367
2025-07-18 09:18:00,PUT,14,225.11,41.82569685572928,0.25320954200169765
2025-07-29 09:34:00,PUT,14,225.2,37.0328291440749,0.2531083481349881
2025-07-28 09:19:00,PUT,14,225.41,35.14513267017344,0.25287254336542
2025-07-22 09:49:00,PUT,14,221.68,36.525752505990816,0.25261638397690467
2025-07-30 10:03:00,CALL,20,223.665,49.72400476773265,0.2526099300292839
2025-07-31 15:16:00,PUT,40,219.765,33.876278463432186,0.2525424885673235
2025-07-21 19:45:00,PUT,14,221.87,43.96157762831745,0.2524000540857269
2025-07-15 14:35:00,PUT,25,220.38,40.05022743209388,0.25183773482167476
2025-08-01 14:06:00,CALL,20,214.54,47.62115606595022,0.25170131444020716
2025-07-30 15:41:00,CALL,12,220.515,46.03582401843296,0.2516835589415717
2025-07-15 14:25:00,PUT,40,220.515,48.02620775230181,0.2516835589415588
2025-07-11 10:30:00,PUT,14,223.07,59.23248929957025,0.25104227372573734
2025-08-07 11:54:00,CALL,20,219.25,57.01887923373452,0.2508551881413963
2025-08-01 09:17:00,CALL,12,215.63,51.24113564448845,0.25042897555998334
2025-07-21 11:54:00,PUT,25,223.75,31.132961678616084,0.25027932960893956
2025-07-31 13:38:00,PUT,14,220.0001,44.63768105678747,0.2500453408884881
2025-07-16 09:13:00,CALL,20,220.09,47.68989577444487,0.24989776909445358
2025-08-06 10:01:00,PUT,25,220.14,48.1424264274129,0.24984101026618652
2025-07-29 10:43:00,PUT,14,224.25,39.040573753842125,0.2497212931995551
2025-07-29 10:42:00,PUT,14,224.36,43.21853618255519,0.2495988589766457
2025-07-23 09:47:00,CALL,20,224.42,41.9048330467154,0.24953212726138593
2025-07-30 15:45:00,CALL,6,220.535,48.16961029453186,0.24939352030290493
2025-07-29 10:26:00,PUT,25,224.55,46.763920744445294,0.24938766421732456
2025-08-08 10:21:00,PUT,40,220.9,44.573767095616574,0.24898143956541935
2025-07-18 09:24:00,PUT,14,225.15,45.124863572487214,0.24872307350655218
2025-08-08 10:16:00,PUT,40,221.14,52.93134392661056,0.2487112236592127
2025-07-18 09:27:00,PUT,14,225.2701,52.31321504088678,0.24863486099575824
2025-07-15 09:34:00,PUT,14,223.485,33.75236018526867,0.24833881468555238
2025-07-14 10:34:00,CALL,6,221.93,43.37380841949928,0.24782589104671873
2025-07-23 19:30:00,PUT,25,226.09,37.79402254428172,0.24768897341766652
2025-08-07 10:33:00,PUT,14,220.145,38.150192800403765,0.24756410547594354
2025-07-15 10:21:00,PUT,14,222.24,41.49636175205054,0.24748020158387837
2025-07-11 11:47:00,PUT,25,222.35,40.52154826565783,0.24735776928265482
2025-07-11 05:10:00,PUT,40,222.83,33.482521876265835,0.24682493380604556
2025-08-01 11:40:00,CALL,6,214.88,67.46473227972228,0.24664929262844432
2025-08-01 14:24:00,CALL,12,214.94,64.72326503703964,0.24658044105331772
2025-08-06 10:50:00,CALL,6,219.73,46.33441593810657,0.24575615528149114
2025-07-21 15:33:00,PUT,14,221.84,36.19424881935439,0.24567255679769923
2025-08-01 12:18:00,PUT,25,216.14,62.60285835098996,0.24521143703154102
2025-07-25 09:12:00,PUT,25,224.31,44.74451056459192,0.24519638000981295
2025-07-28 10:50:00,PUT,40,224.34,55.46461994014497,0.24516359097798493
2025-08-01 11:05:00,CALL,6,214.17,45.13196728204132,0.24513237148060218
2025-08-07 10:14:00,PUT,14,220.6944,32.74169325318928,0.24441037017704142
2025-07-31 05:07:00,PUT,14,221.21,40.57411073776738,0.24411192984043237
2025-07-23 11:36:00,CALL,20,225.32,41.19345056302946,0.2440972838629555
2025-07-09 11:17:00,CALL,12,221.27,40.11363613030386,0.24404573597866497
2025-07-09 11:15:00,CALL,12,221.28,37.41845123545124,0.24403470715834782
2025-07-09 10:25:00,PUT,14,222.04,36.4057770718556,0.24319942352728882
2025-07-11 15:37:00,PUT,14,222.22,41.97416069378903,0.24300243002429667
2025-07-30 10:48:00,PUT,25,224.345,55.66489248880454,0.2429294167465232
2025-07-23 19:01:00,PUT,40,226.0992,37.04211298090502,0.24290223052535562
2025-07-29 10:36:00,PUT,25,224.39,41.79700494290452,0.24283613351752936
2025-08-01 11:33:00,CALL,6,214.2,53.54810816115244,0.24276377217554165
2025-07-29 10:20:00,PUT,25,224.61,48.42430149445188,0.24264280308090286
2025-08-07 09:28:00,PUT,14,222.56,37.888048226816274,0.24263120057512222
2025-07-23 10:03:00,CALL,6,224.68,58.83528698980421,0.24256720669395918
2025-07-08 10:26:00,CALL,6,220.585,40.291276066302274,0.2425368905410597
2025-07-29 19:49:00,CALL,6,222.86,47.158955103513634,0.24230458583863948
2025-07-21 14:17:00,PUT,40,222.93,40.06136664932195,0.24222850222043713
2025-07-31 14:17:00,CALL,6,219.02,35.80371595642765,0.24198703314765824
2025-08-01 13:25:00,PUT,14,214.91,47.33669232691374,0.24196175143083626
2025-07-15 07:32:00,PUT,40,223.42,38.51818126644685,0.24169725181272583
2025-08-07 13:59:00,PUT,14,219.29,58.07441207115712,0.2416890875096909
2025-07-22 18:27:00,CALL,20,223.58,47.13163131653263,0.24152428660881653
2025-08-07 15:56:00,CALL,6,219.59,60.87221577116697,0.24135889612459635
2025-08-07 12:37:00,PUT,14,219.89,50.1172223011315,0.2410296057119345
2025-08-05 12:19:00,CALL,12,219.99,69.15717790734854,0.24092004182008322
2025-07-16 11:41:00,CALL,6,217.96,46.57529006105039,0.2408698843824581
2025-07-31 11:20:00,CALL,12,220.2,42.61209974256795,0.2406902815622167
2025-07-22 19:05:00,CALL,6,223.62,56.69750941222063,0.24063142831588666
2025-08-06 09:55:00,PUT,40,220.26,49.18327626027726,0.24062471624443893
2025-08-08 11:17:00,PUT,25,220.38,38.76377450273292,0.24049369271258786
2025-08-08 09:51:00,CALL,12,220.56,46.79954668429177,0.24029742473703353
2025-07-23 10:05:00,CALL,20,224.91,65.68740543485053,0.24009603841536262
2025-07-08 09:26:00,CALL,20,220.75,55.275898232727016,0.24009060022650106
2025-07-21 14:31:00,PUT,25,222.975,43.92071850838525,0.2399372126920043
2025-07-31 13:08:00,PUT,14,221.01,43.43155384405925,0.23980815347721873
2025-07-31 05:27:00,PUT,40,221.03,32.46782641807461,0.2397864543274674
2025-07-31 10:42:00,PUT,14,221.1,42.96109731508253,0.23971053821800142
2025-07-10 15:27:00,PUT,25,225.28,41.31594804114558,0.239701704545451
2025-07-10 15:45:00,PUT,14,225.34,51.68723811478608,0.23963788053607527
2025-07-15 11:52:00,PUT,25,221.19,45.12132291493772,0.23961300239613054
2025-07-28 05:38:00,PUT,25,225.73,49.510565243335,0.2392238515040057
2025-07-08 11:12:00,PUT,14,221.7,63.684567732876,0.23906179521876464
2025-07-29 12:46:00,CALL,20,222.838,62.216145593760416,0.23873845573915164
2025-07-23 19:43:00,PUT,14,226.19,50.587909407458014,0.23873734471019586
2025-07-14 10:35:00,CALL,6,222.05,47.95351980604051,0.23868498086016712
2025-07-09 10:15:00,PUT,14,222.1,32.824561184088864,0.23863124718595277
2025-07-30 14:14:00,PUT,25,224.205,39.10831918287813,0.23862090497536853
2025-07-09 10:14:00,PUT,14,222.13,33.82286262289162,0.23859901859271648
2025-07-28 12:22:00,PUT,25,224.59,60.24782214755338,0.23821185270938003
2025-07-22 11:49:00,PUT,40,222.76,52.59163603353057,0.23792422337942232
2025-07-14 18:51:00,CALL,20,222.9,52.56258216003914,0.23777478689995563
2025-07-11 09:20:00,PUT,25,222.93,42.26873088716449,0.23774278921634642
2025-07-09 09:50:00,PUT,14,222.9599,64.28875036585104,0.23766605564498272
2025-07-24 11:12:00,PUT,14,225.335,51.51392955259298,0.23742427940621588
2025-07-29 13:22:00,PUT,25,223.33,57.259429779754775,0.2373169748802226
2025-08-07 11:57:00,CALL,20,219.37,61.049272659570505,0.23704243971371738
2025-08-06 10:34:00,CALL,6,219.54,40.03144985309471,0.23685888676323688
2025-08-01 16:42:00,PUT,14,215.43,55.59883325475938,0.23673583066426185
2025-07-31 13:31:00,CALL,6,219.66,25.592491440049272,0.23672949103159896
2025-08-01 14:48:00,PUT,14,215.52,57.75574813412885,0.23663697104677953
2025-07-10 09:47:00,CALL,20,223.35,56.5201777728821,0.236624132527427
2025-07-11 15:16:00,PUT,40,222.21,47.72268390150158,0.23626299446469812
2025-07-22 18:20:00,CALL,20,223.63,51.921775230070686,0.23614899610964313
2025-07-14 10:19:00,PUT,14,222.37,60.92145626919525,0.23609299815622867
2025-08-08 11:29:00,PUT,14,220.35,45.183841036526346,0.23598820058996225
2025-07-31 08:52:00,PUT,25,220.66,53.236224772548994,0.23565666636454738
2025-08-08 10:50:00,PUT,40,220.72,36.98616098994185,0.23559260601667734
2025-07-09 04:46:00,CALL,20,221.02,44.56147165716582,0.23527282598859006
2025-07-09 05:09:00,CALL,6,221.11,57.1131319236618,0.235177061191254
2025-07-31 12:40:00,PUT,40,221.25,51.82742665245242,0.23502824858757523
2025-07-15 12:06:00,PUT,14,221.27,54.40819245834128,0.2350070050165003
2025-08-08 10:38:00,PUT,14,221.1591,56.05993188735506,0.23471790217992786
2025-07-18 12:44:00,PUT,14,222.58,46.09021958753576,0.23362386557642653
2025-07-08 09:30:00,CALL,12,220.59,42.108983354961765,0.23346479894826888
2025-07-09 13:47:00,CALL,20,222.81,59.87985070164867,0.2333827027512276
2025-07-29 15:29:00,PUT,14,222.91,34.52757375050389,0.23327800457584238
2025-07-21 14:32:00,PUT,25,222.91,37.6093244613584,0.23327800457584238
2025-07-29 19:36:00,CALL,12,222.92,52.01327491178693,0.23326753992464125
2025-07-11 09:01:00,PUT,40,223.03,45.03057357991343,0.23315249069632346
2025-07-24 10:04:00,PUT,14,225.32,44.55070161945167,0.23300195277827343
2025-07-31 13:07:00,PUT,14,221.05,45.3371332990345,0.23297896403529278
2025-08-01 08:26:00,PUT,14,216.765,53.38030919083205,0.23297118999838326
2025-08-01 10:32:00,PUT,25,214.79,57.71321167031004,0.2327855114297686
2025-08-01 15:54:00,CALL,20,214.93,46.37493941616801,0.23263388079839947
2025-08-08 10:10:00,PUT,14,221.41,67.4373352463855,0.23260015356126026
2025-07-17 12:06:00,PUT,14,223.74,50.66528569676864,0.2324126217931573
2025-07-16 12:36:00,CALL,20,219.55,62.4490884593249,0.23229332726030102
2025-07-14 10:33:00,CALL,6,221.845,39.89517148304461,0.2321440645495796
2025-08-06 10:47:00,CALL,12,219.81,48.38045675666447,0.23201856148491468
2025-07-30 14:23:00,CALL,12,224.25,46.629116147178,0.23188405797101905
2025-07-23 09:59:00,CALL,6,224.39,48.56316501544495,0.23173938232542013
2025-07-16 09:26:00,PUT,25,220.1,51.0720191217962,0.23171285779190867
2025-07-31 16:41:00,PUT,14,219.5201,46.66742448407663,0.2315505504962961
2025-07-31 15:07:00,PUT,14,220.29,57.92052594039834,0.23151300558354485
2025-07-09 10:06:00,PUT,14,222.54,46.81533621561938,0.23141907072885162
2025-07-31 09:30:00,CALL,6,220.55,62.251927711297945,0.2312400816141423
2025-08-01 11:32:00,CALL,6,214.085,50.248249909315085,0.23121657285657776
2025-08-04 09:10:00,CALL,20,216.32,49.59660243308315,0.23113905325443787
2025-08-05 08:18:00,PUT,14,220.94,49.08296267956165,0.23083190006336152
2025-08-05 13:49:00,PUT,25,220.96,68.30107759826812,0.2308110065170254
2025-08-05 08:16:00,PUT,14,221.0,53.44332216282974,0.23076923076922667
2025-08-07 13:44:00,PUT,40,219.14,57.67371951887681,0.2304462900428929
2025-07-08 12:10:00,CALL,12,221.41,40.40577710253663,0.23034189964319177
2025-08-01 14:32:00,CALL,12,215.32,69.3105755434447,0.22989039569013772
2025-07-15 15:25:00,PUT,25,219.745,35.47270766312616,0.22981182734533
2025-07-11 05:28:00,PUT,25,222.76,38.37807931460752,0.2289459507990622
2025-07-09 09:54:00,PUT,14,222.83,55.556130973735314,0.2288740295292462
2025-07-09 09:53:00,PUT,14,222.92,59.91092304932534,0.22878162569531266
2025-07-23 13:52:00,CALL,20,225.205,41.66885577033428,0.22868053551208292
2025-07-10 15:37:00,PUT,14,225.22,42.340385157198966,0.22866530503507076
2025-08-08 12:15:00,PUT,40,220.88,70.02554554093898,0.22863093082216382
2025-07-29 14:56:00,PUT,40,223.12,44.37387229931573,0.22857655073502642
2025-07-09 14:15:00,PUT,14,223.17,55.19972140895633,0.22857014831742362
2025-08-01 10:16:00,CALL,12,214.38,61.190734346492334,0.22856609758373408
2025-07-29 14:55:00,PUT,40,223.2,52.47203972962835,0.22849462365590992
2025-07-08 10:58:00,CALL,12,221.2,51.45617066206875,0.2283001808318372
2025-07-21 09:39:00,CALL,20,223.45,48.77452842463146,0.22823897963751144
2025-07-23 13:07:00,PUT,14,225.705,54.82388360548021,0.22817394386478576
2025-07-15 15:50:00,PUT,14,219.24,30.027941427919743,0.22806057288815906
2025-08-01 15:43:00,CALL,6,214.9,44.15282565217085,0.2280130293159519
2025-08-07 11:55:00,CALL,20,219.3,58.65965116769701,0.22799817601459188
2025-07-31 16:32:00,PUT,25,219.56,47.50378182070402,0.22772818364000727
2025-08-05 12:48:00,CALL,6,219.81,41.41330246612044,0.22746917792639096
2025-08-01 09:59:00,CALL,12,213.23,29.842438414531344,0.2274539229939566
2025-07-10 10:06:00,CALL,12,223.84,66.48653768413948,0.22743924231593524
2025-07-21 10:12:00,CALL,12,223.83,50.5411827618264,0.22727069651073412
2025-07-16 09:21:00,CALL,12,220.14,54.7638307668396,0.22712819115108568
2025-07-16 09:27:00,CALL,6,220.14,53.7725332712923,0.22712819115108568
2025-07-17 08:28:00,CALL,12,220.17,51.923461923638,0.22709724303946952
2025-07-11 11:23:00,PUT,40,222.505,54.64156305346024,0.22696119188332642
2025-07-31 11:09:00,PUT,14,220.44,38.75839648220334,0.22681908909453818
2025-07-15 12:47:00,PUT,14,220.45,45.54976630327028,0.22680880018144706
2025-08-05 09:36:00,CALL,12,220.5,54.33770265849075,0.22675736961451248
2025-07-31 10:54:00,PUT,25,220.58,32.13193367478651,0.22667512920482363
2025-07-08 10:27:00,CALL,6,220.6998,45.955946204492975,0.22664270651807486
2025-08-08 09:53:00,CALL,12,220.73,53.97874822347788,0.22652108911339644
2025-07-11 09:19:00,PUT,25,222.96,43.90538846444069,0.2264980265518458
2025-07-29 09:23:00,PUT,14,225.56,52.75716909138653,0.2261039191345943
2025-07-15 12:02:00,PUT,14,221.15,49.60769597197466,0.22609088853719192
2025-08-07 15:17:00,CALL,20,219.105,44.69544664009652,0.22591907989320398
2025-08-04 10:13:00,CALL,12,217.06,57.105554194217405,0.22574403390767947
2025-07-22 09:15:00,PUT,40,221.65,39.78170428860341,0.22558087074216107
2025-07-22 10:21:00,CALL,12,221.68,50.46952701400586,0.22555034283652112
2025-07-09 10:19:00,PUT,14,222.035,32.17657922046946,0.22514468439660268
2025-07-21 14:09:00,PUT,40,223.0168,46.54052592353951,0.2250054704398964
2025-07-15 09:54:00,PUT,14,222.79,38.47924785448762,0.22442659006239057
2025-07-08 10:28:00,CALL,6,220.73,47.37048842145725,0.22425587822226456
2025-07-18 12:15:00,PUT,14,223.08,37.17250521603049,0.22413483951945487
2025-07-29 13:35:00,PUT,14,223.22,44.22763860338328,0.2239942657467969
2025-07-25 09:06:00,PUT,25,224.23,34.481908265856845,0.22369888061365395
2025-08-01 13:03:00,CALL,20,214.75,29.230918220408757,0.22351571594877287
2025-08-05 11:53:00,CALL,12,219.29,55.50671838948932,0.22344840165990656
2025-08-07 11:24:00,PUT,14,219.51,49.80820790079639,0.2232244544667581
2025-07-09 11:05:00,PUT,14,221.78,57.43047741260335,0.2231941563711807
2025-08-07 15:43:00,CALL,20,219.57,64.79279730485038,0.22316345584552036
2025-07-30 14:22:00,CALL,12,224.15,41.601765500999,0.2230649118893598
2025-07-30 14:24:00,PUT,14,224.22,45.367321906509126,0.222995272500223
2025-07-18 09:57:00,PUT,14,224.33,40.48334037404569,0.22288592698257031
2025-07-30 14:30:00,PUT,14,224.33,51.10272783640263,0.22288592698257031
2025-07-16 11:00:00,CALL,12,219.98,48.54594574039732,0.2227475225020498
2025-07-31 13:43:00,PUT,14,220.0,44.93078045319525,0.22272727272727688
2025-07-16 10:27:00,PUT,14,220.035,52.24385542368991,0.22269184447929152
2025-08-01 07:03:00,CALL,12,216.049,51.04894623385321,0.2226346800957165
2025-07-15 14:53:00,PUT,40,220.12,36.77912190453358,0.22260585135381114
2025-07-11 11:24:00,PUT,40,222.43,51.03168786283364,0.2225419233017149
2025-07-23 10:04:00,CALL,6,224.71,59.81634494534292,0.2225090116149704
2025-07-23 09:29:00,PUT,25,224.8,46.21057260670412,0.22241992882562275
2025-07-11 10:13:00,CALL,12,222.565,43.609017759429065,0.222406937299218
2025-08-01 06:50:00,CALL,20,215.92,38.81096959681378,0.22230455724343196
2025-08-07 10:18:00,PUT,25,220.52,34.076746431711,0.22229276256122607
2025-07-15 12:46:00,PUT,14,220.53,48.73727066449643,0.22219199201923054
2025-08-05 09:40:00,CALL,12,220.63,57.72783664985069,0.22209128405022396
2025-07-31 11:06:00,PUT,14,220.69,45.65003111986101,0.22203090307671808
2025-08-05 08:00:00,PUT,40,220.88,54.47682236420898,0.22183991307497697
2025-08-05 08:06:00,PUT,25,220.92,50.85517424463674,0.2217997465145667
2025-08-08 09:12:00,PUT,40,220.93,36.90334433359843,0.22178970714706428
2025-07-23 11:54:00,CALL,12,225.5,57.71013322168037,0.22172949002217296
2025-07-15 11:00:00,CALL,6,221.08,38.817847507626055,0.22163922561967642
2025-08-08 12:20:00,PUT,14,221.11,71.72175387384732,0.22160915381484741
2025-08-01 08:15:00,PUT,25,216.74,51.07584043349552,0.22146350465996964
2025-08-06 07:52:00,PUT,40,221.32,36.240351117246085,0.22139887945056058
2025-07-08 09:58:00,PUT,14,221.34,62.1476928209242,0.22137887413030138
2025-07-22 10:13:00,CALL,20,221.6893,52.29855273695773,0.2213458204793844
2025-08-06 07:39:00,PUT,25,221.45,40.88426607967691,0.22126890946036606
2025-07-08 18:08:00,PUT,40,221.47,57.8897160822502,0.22124892761999781
2025-07-21 10:11:00,CALL,12,223.76,47.3562627189802,0.22121916338934777
2025-07-23 18:57:00,PUT,40,226.15,40.88373943335844,0.2210921954455008
2025-07-31 10:02:00,PUT,25,221.65,67.93359910419889,0.2210692533273219
2025-07-14 11:18:00,CALL,12,221.79,40.55246585205637,0.22092970828261377
2025-07-14 09:58:00,CALL,20,221.91,50.88003561908002,0.22081023838493494
2025-08-07 09:42:00,PUT,14,222.02,33.11768454642588,0.22070083776236782
2025-07-22 10:31:00,CALL,6,222.22,62.94050444885372,0.2205022050220543
2025-07-21 15:04:00,PUT,25,222.35,31.43299779439765,0.22037328536090878
2025-07-24 11:33:00,PUT,40,224.825,40.53187757415565,0.22017124430111248
2025-07-22 13:15:00,CALL,20,222.65,64.6906823974576,0.220076353020427
2025-07-29 19:57:00,CALL,6,222.82,45.35758434188706,0.21990844627951223
2025-07-14 19:54:00,CALL,6,222.88,58.256890203110416,0.21984924623115987
2025-07-31 10:53:00,PUT,25,220.64,33.403722327171806,0.2198150833937569
2025-08-04 12:34:00,CALL,20,218.44,62.98051725800217,0.2196941952023507
2025-07-21 14:07:00,PUT,40,223.1,54.34488965727559,0.2196324518153208
2025-08-07 14:24:00,CALL,12,218.635,39.5773555717392,0.21954398883985557
2025-07-09 14:13:00,PUT,14,223.19,57.50523964482585,0.21954388637484165
2025-07-09 14:12:00,PUT,14,223.22,60.11053997933094,0.21951438043186505
2025-07-08 10:18:00,CALL,20,221.0,55.02661123499206,0.21945701357466682
2025-07-21 09:51:00,CALL,6,223.4,48.41838296916647,0.21933751119068068
2025-07-14 12:43:00,CALL,20,222.49,62.43121783089023,0.2193357004809203
2025-07-21 12:06:00,PUT,14,223.59,35.750700963798906,0.2191511248266958
2025-07-15 09:04:00,CALL,20,223.76,57.85539835228212,0.21902931712549714
2025-08-01 10:35:00,PUT,25,214.73,54.07902058586807,0.21887952312205972
2025-08-01 14:22:00,CALL,6,214.6602,57.97855029861349,0.21885752459002283
2025-07-31 16:45:00,PUT,25,219.4,44.55628955432695,0.21877848678214135
2025-08-07 11:02:00,PUT,25,219.49,40.60677776153999,0.21868877853205987
2025-07-24 14:12:00,PUT,40,224.52,50.50201179512029,0.21824336362017152
2025-07-30 13:51:00,PUT,14,224.66,42.217007871546016,0.2181073622362722
2025-08-01 09:25:00,PUT,14,215.53,47.07156198014357,0.2180670904282461
2025-07-22 19:48:00,CALL,20,224.261,61.46887213307215,0.21804950481804874
2025-07-23 09:39:00,PUT,14,224.72,47.0713814324812,0.21804912780349286
2025-07-29 09:42:00,PUT,14,224.81,30.89824933843165,0.2179618344379739
2025-08-05 09:42:00,PUT,40,220.3,45.98462551634192,0.21788470267817436
2025-07-18 12:43:00,PUT,14,222.635,48.35978695744272,0.2178453522581738
2025-07-15 12:29:00,PUT,40,220.42,32.769101060803806,0.2177660829325786
2025-07-29 09:37:00,PUT,14,225.05,33.55151567788499,0.21772939346812226
2025-07-30 11:58:00,CALL,20,223.9425,59.953341326831335,0.21768980876788077
2025-07-10 15:28:00,PUT,25,225.24,38.82434681140265,0.2175457290001816
2025-07-14 09:06:00,CALL,20,220.76,45.40980714643887,0.2174306939663065
2025-07-24 09:35:00,PUT,40,225.38,42.197286684031816,0.21741059543881847
2025-07-23 11:03:00,PUT,40,225.64,53.250414919069655,0.21716007800034598
2025-08-05 08:15:00,PUT,14,221.05,56.972639594909104,0.21714544220765353
2025-07-17 11:24:00,CALL,12,223.38,69.98558669080866,0.21711881099472363
2025-08-05 11:44:00,CALL,20,219.17,50.37114400642694,0.21700050189351383
2025-07-31 10:37:00,PUT,14,221.26,48.34401949984258,0.21693934737412537
2025-08-04 15:12:00,CALL,12,219.17,66.48432951975558,0.21672674179861423
2025-07-08 11:17:00,PUT,14,221.77,64.54735822350361,0.21644045632863693
2025-07-22 10:29:00,CALL,6,222.05,58.76274152797537,0.21616752983561802
2025-07-16 10:44:00,CALL,6,219.965,54.73649121527453,0.21594344554815278
2025-07-31 14:59:00,PUT,40,219.97,48.02925509166366,0.21593853707323468
2025-07-11 15:31:00,PUT,14,222.31,49.34018163034886,0.21591471368808862
2025-07-11 11:22:00,PUT,40,222.53,55.86472505663524,0.21570125376353289
2025-07-15 14:38:00,PUT,25,220.355,40.783583829133626,0.2155612534319595
2025-07-11 09:21:00,PUT,25,222.83,37.280108840198544,0.21541085132164348
2025-07-14 19:23:00,CALL,20,222.83,50.47203989122728,0.2154108513216307
2025-07-14 19:56:00,CALL,6,222.91,61.04830221833666,0.21533354268538415
2025-07-11 09:18:00,PUT,25,223.0,46.116170390949016,0.21524663677129585
2025-07-11 09:37:00,PUT,14,223.0,47.95072068617628,0.21524663677129585
2025-07-21 14:25:00,PUT,25,223.0399,51.61924529541795,0.215163295894585
2025-08-08 09:14:00,PUT,25,220.92,37.77378009437533,0.21500995835596343
2025-07-30 15:51:00,CALL,6,221.085,58.92222971134852,0.2148494922767236
2025-08-07 14:26:00,CALL,12,218.795,48.80209662934997,0.2148129527640023
2025-07-15 07:26:00,PUT,40,223.48,42.38944803735822,0.2147843207445811
2025-08-06 10:16:00,PUT,14,220.07,43.63784387073427,0.214431771709004
2025-07-22 19:47:00,CALL,20,224.21,59.16991130488415,0.2140850095892198
2025-07-30 14:15:00,CALL,20,224.29,43.36800407351003,0.2140086495162594
2025-07-24 14:06:00,PUT,40,224.5,50.20422791773225,0.2138084632516658
2025-08-04 11:02:00,CALL,12,217.655,58.10910289456351,0.21364085364453078
2025-08-05 10:05:00,PUT,25,220.03,35.370853812135564,0.21360723537699353
2025-08-05 12:25:00,CALL,6,220.05,63.73513548466594,0.2135878209497836
2025-07-15 13:11:00,CALL,20,220.06,44.87550759672529,0.2135781150595287
2025-07-16 10:45:00,CALL,6,220.075,57.74311736802544,0.2135635578779956
2025-07-31 15:12:00,PUT,14,220.1,46.93440698944405,0.21353930031803675
2025-07-31 11:26:00,CALL,6,220.26,48.91631928576767,0.2133841823299732
2025-08-05 10:08:00,PUT,14,220.29,42.96761836837807,0.21335512279268184
2025-08-08 09:42:00,CALL,20,220.38,32.1757020762532,0.2132679916507845
2025-07-31 13:22:00,PUT,14,220.48,30.777098118492432,0.21317126269956407
2025-08-06 16:39:00,PUT,40,220.56,45.08385315724804,0.21309394269133064
2025-07-23 07:58:00,PUT,40,225.28,50.5676550389602,0.2130681818181773
2025-08-05 10:04:00,PUT,14,220.59,46.05533624913306,0.21306496214696896
2025-07-08 09:40:00,CALL,6,220.81,55.48428778471637,0.21285267877360572
2025-08-01 06:37:00,PUT,14,216.2,41.18693336245386,0.21276595744679905
2025-07-30 15:50:00,CALL,6,220.96,56.84613794818042,0.21270818247646578
2025-07-15 11:35:00,PUT,40,221.02,38.63599755108784,0.2126504388743095
2025-07-14 11:02:00,PUT,14,222.22,52.61268300602984,0.21150211502114968
2025-07-11 09:47:00,CALL,12,222.45,35.62521790537436,0.21087884917958977
2025-07-09 13:48:00,CALL,20,222.89,64.89630311076732,0.21086634662839396
2025-07-18 12:24:00,PUT,14,222.89,34.90197273548293,0.21086634662838122
2025-07-11 09:12:00,PUT,40,223.05,48.80270795902924,0.21071508630351887
2025-07-17 11:30:00,CALL,6,223.395,67.46704499449213,0.21038966852436214
2025-07-22 18:58:00,CALL,6,223.48,44.29077458715553,0.2103096473957396
2025-07-17 11:48:00,PUT,40,223.5801,50.42313128150048,0.2102154887666652
2025-07-17 11:45:00,PUT,40,223.77,63.07300789309034,0.2100370916566112
2025-08-04 15:13:00,CALL,12,219.22,69.56754508808518,0.20983486908129184
2025-07-10 15:25:00,PUT,25,225.3427,45.329046547776535,0.20976938680507654
2025-07-21 11:32:00,PUT,25,224.115,45.61445553151177,0.20971376302344724
2025-08-05 11:21:00,PUT,14,219.36,54.67219724623369,0.20970094821298685
2025-07-28 11:01:00,PUT,25,224.14,42.17864667681008,0.20969037208887253
2025-07-14 11:20:00,CALL,12,221.815,42.96603075164685,0.20963415458828458
2025-07-16 12:49:00,CALL,6,219.48,53.930749924080246,0.20963185711682675
2025-07-28 11:06:00,PUT,14,224.22,47.083367001762525,0.2096155561502091
2025-08-07 12:08:00,PUT,40,219.45,61.056803394068986,0.2096149464570424
2025-08-07 12:57:00,PUT,14,219.53,52.085253983674974,0.20958411151096035
2025-07-30 10:32:00,PUT,40,224.32,63.75585209346267,0.20952211126961431
2025-07-29 10:39:00,PUT,14,224.35,41.907100533785055,0.20949409404947575
2025-07-30 13:57:00,PUT,25,224.62,43.78642896601999,0.20924227584364655
2025-07-23 09:09:00,PUT,40,224.69,41.27275314230057,0.20917708843295157
2025-07-24 11:34:00,PUT,40,224.71,36.0220026435027,0.2091584709180717
2025-07-09 09:28:00,CALL,12,222.32,64.89024180713434,0.20915797049298462
2025-07-16 09:14:00,PUT,40,220.05,45.11313823010336,0.2090433992274519
2025-07-18 08:59:00,PUT,40,225.18,57.16069110107139,0.20872191135980056
2025-07-16 08:49:00,PUT,14,220.41,57.29301245117416,0.20870196452066966
2025-07-25 10:32:00,CALL,6,222.7452,46.864799862707216,0.20866891856704287
2025-08-05 14:10:00,PUT,14,220.56,35.736616279040405,0.2085146898803068
2025-08-08 10:17:00,PUT,40,221.0308,49.16263849163358,0.20847773251510926
2025-08-04 12:30:00,CALL,20,218.29,52.498352210572406,0.2084383160016549
2025-08-07 10:09:00,PUT,14,220.77,31.664808641484058,0.20836164333922538
2025-07-17 11:22:00,CALL,12,223.215,64.79120573209633,0.20831933337813474
2025-07-31 04:32:00,PUT,40,221.4,63.8228426966738,0.20776874435411377
2025-07-23 19:57:00,PUT,14,226.26,52.60844966695207,0.20772562538672276
2025-07-30 11:59:00,CALL,20,223.98,62.05879558048229,0.20760782212697715
2025-07-22 10:19:00,CALL,12,221.76,52.41458995245579,0.20743145743146105
2025-08-07 15:44:00,CALL,20,219.635,67.40978381938854,0.2071618822136784
2025-08-04 10:06:00,CALL,20,217.25,68.02117439973473,0.2071346375143791
2025-07-11 15:39:00,PUT,14,222.08,33.359993332899506,0.20713256484150214
2025-07-31 15:28:00,PUT,25,219.695,39.68855587756158,0.20710530508203834
2025-07-29 11:43:00,CALL,6,222.24,28.778403216903754,0.20698344132468482
2025-08-05 10:15:00,PUT,14,220.08,40.546370345816925,0.20674300254453493
2025-07-21 14:11:00,PUT,40,223.01,46.08251787019994,0.20649298237747013
2025-07-29 09:30:00,PUT,14,225.22,32.24651166685655,0.20646478998312912
2025-08-06 12:10:00,PUT,40,220.58,50.04575184095344,0.2062743675763952
2025-07-29 13:33:00,PUT,14,223.26,47.66645910879458,0.20603780345784267
2025-07-29 13:11:00,PUT,40,223.27,64.50110664011066,0.20602857526761678
2025-07-08 11:00:00,CALL,12,221.245,53.05726214932973,0.2056543650703899
2025-07-09 18:59:00,PUT,40,223.72,45.72274105985525,0.20561416055784373
2025-08-04 14:59:00,CALL,20,218.94,52.31543014643208,0.20553576322279557
2025-07-10 08:31:00,PUT,14,223.92,58.05370624466698,0.2054305108967397
2025-08-07 11:47:00,CALL,20,219.0501,48.48121176122896,0.20538680420598474
2025-08-07 11:09:00,PUT,25,219.45,41.86136673162352,0.20505809979493675
2025-07-24 12:42:00,PUT,14,224.34,50.67285206521581,0.20504591245431397
2025-07-31 18:18:00,PUT,14,219.48,54.17404047489615,0.20503007107708615
2025-07-16 10:00:00,CALL,6,219.49,43.02301418108593,0.20502072987379316
2025-07-15 15:37:00,PUT,14,219.56,31.15265975456741,0.2049553652760014
2025-07-31 15:31:00,PUT,25,219.66,39.05657299071048,0.20486205954656683
2025-07-11 15:10:00,PUT,40,222.155,43.483074500393656,0.20481195561657964
2025-07-16 10:15:00,CALL,6,219.83,51.5722766047597,0.20470363462675184
2025-07-16 10:30:00,CALL,20,219.99,51.14822808567252,0.2045547524887443
2025-08-05 12:49:00,CALL,12,220.0,49.68949243199204,0.20454545454544937
2025-07-16 10:46:00,CALL,6,220.12,58.94456913386789,0.204433945120838
2025-08-08 11:30:00,PUT,14,220.2,38.102356723493806,0.20435967302451802
2025-08-05 05:15:00,CALL,20,220.21,54.696192267297405,0.20435039280686101
2025-07-18 09:00:00,PUT,40,225.14,54.21513155210739,0.20431731367148423
2025-08-08 11:20:00,PUT,25,220.31,36.78886521349663,0.2042576369660881
2025-08-07 10:23:00,PUT,14,220.31,30.701247874769397,0.2042576369660881
2025-07-24 11:11:00,PUT,14,225.36,52.93666166155744,0.20411785587504788
2025-07-24 10:57:00,PUT,25,225.36,55.91778404176147,0.20411785587504788
2025-07-24 11:10:00,PUT,14,225.42,56.40858576740235,0.20406352586282475
2025-08-01 08:38:00,CALL,6,215.74,44.31469726428003,0.20394919810883366
2025-07-23 06:35:00,PUT,25,225.56,38.37304295895073,0.20393686823905302
2025-08-01 12:54:00,PUT,14,215.31,32.47945157779522,0.20361339464028677
2025-07-08 10:57:00,CALL,12,221.16,50.13064375623622,0.20347259902333925
2025-07-08 10:41:00,PUT,14,221.27,57.80505011747581,0.20337144664889817
2025-08-07 04:16:00,CALL,6,221.57,61.07261552047284,0.20309608701539789
2025-07-22 09:26:00,CALL,6,221.6,39.26122116973552,0.20306859205776942
2025-08-07 14:01:00,PUT,14,219.205,52.03417006131657,0.20300631828654528
2025-07-31 10:04:00,PUT,25,221.72,65.52870704043833,0.20295868663178274
2025-07-31 10:07:00,PUT,14,221.79,63.43375206716937,0.20289463005545277
2025-07-21 15:22:00,PUT,14,222.085,40.26109216674667,0.20262512101223273
2025-08-01 10:38:00,PUT,14,214.825,54.25698721131746,0.20249039916210976
2025-07-28 09:36:00,PUT,14,224.74,30.98659299506015,0.20245617157604898
2025-08-06 10:14:00,PUT,14,220.0751,43.00204325417364,0.20224914131584923
2025-07-11 05:49:00,PUT,14,222.61,32.89293008012844,0.20214725304344683
2025-07-10 15:38:00,PUT,14,225.195,40.6023253634239,0.20204711472278872
2025-07-29 11:57:00,PUT,14,222.87,54.311425345165226,0.20191142818684304
2025-07-15 09:05:00,CALL,20,223.7984,59.37491442946023,0.20178875273460997
2025-07-21 14:08:00,PUT,40,223.06,50.43498516593024,0.2017394423025144
2025-08-08 15:26:00,PUT,25,220.605,46.39414783414854,0.2017180027651201
2025-07-23 10:54:00,PUT,40,225.695,58.63094802105842,0.20159950375506064
2025-07-17 11:23:00,CALL,12,223.25,65.96910278238408,0.20156774916012926
2025-08-04 12:31:00,CALL,20,218.32,54.78880779667501,0.20153902528398576
2025-07-21 09:37:00,CALL,20,223.44,48.020368244135575,0.20139634801288425
2025-08-01 12:37:00,PUT,14,216.015,46.48403117158733,0.20137490452050733
2025-07-15 08:59:00,PUT,40,223.6,51.86980168933209,0.20125223613595197
2025-07-09 19:10:00,PUT,25,223.65,38.99698869240499,0.2012072434607722
2025-08-08 08:57:00,PUT,40,221.17,41.809059553823786,0.20120269475968405
2025-07-28 11:12:00,PUT,14,224.12,43.20208605725812,0.20078529359272582
2025-07-28 10:55:00,PUT,25,224.2,45.6313716241937,0.20071364852809484
2025-07-14 10:06:00,CALL,12,221.955,52.68946754552834,0.2004910905363669
2025-08-06 10:33:00,CALL,6,219.49,38.11127905406983,0.2004647136543796
2025-08-05 10:26:00,PUT,14,219.5,33.19668042876381,0.2004555808656026
2025-07-28 12:33:00,PUT,14,224.505,48.04963100124771,0.20044097013429038
2025-07-23 10:01:00,CALL,6,224.53,53.90934461662849,0.20041865229590192
2025-07-31 16:13:00,PUT,40,219.63,52.70504911373908,0.20033693029185345
2025-08-01 13:36:00,PUT,40,214.65,41.17727603810428,0.200326112275801
2025-07-16 10:42:00,CALL,6,219.78,48.843018287852885,0.20020020020019916
2025-07-18 08:45:00,CALL,20,224.95,47.3770004410037,0.20004445432319054
2025-08-01 16:02:00,CALL,12,215.0,48.63613056317224,0.20000000000000318
2025-07-15 13:20:00,CALL,12,220.08,51.44745781668541,0.19992729916393934
2025-07-16 09:30:00,PUT,14,220.14,52.71096084038433,0.19987280821295436
2025-08-08 15:51:00,CALL,12,220.16,34.29604465305903,0.19985465116278966
2025-07-31 14:50:00,PUT,40,220.17,61.322641305896354,0.19984557387473212
2025-07-16 08:48:00,PUT,14,220.4401,58.766329541825925,0.19964607165393278
2025-07-15 12:43:00,PUT,14,220.4,42.63161845561051,0.19963702359346536
2025-07-17 06:48:00,PUT,40,220.43,43.90465222475582,0.19960985346822016
2025-08-05 09:24:00,PUT,40,220.47,52.91725679769021,0.19957363813670692
2025-07-15 12:35:00,PUT,25,220.48,38.89109181346598,0.19956458635703817
2025-07-21 14:30:00,PUT,25,223.015,48.57917269700518,0.19949330762504314
2025-07-23 12:38:00,PUT,40,225.58,49.20979397301067,0.1994857700150798
2025-08-08 12:47:00,PUT,14,220.59,38.65560186816544,0.19946507094609806
2025-07-17 10:16:00,PUT,14,223.215,52.09835817713936,0.19935936205003837
2025-07-17 08:43:00,CALL,12,220.76,69.89135948082219,0.19931146946910572
2025-08-05 08:20:00,PUT,14,220.9001,46.698320230812406,0.19923033081469904
2025-08-08 10:01:00,CALL,6,220.86,59.231730999664485,0.1992212261160906
2025-08-05 07:47:00,PUT,40,220.87,60.84756419820172,0.1992122062751835
2025-08-08 12:26:00,PUT,25,220.9,52.725990565719385,0.19918515165233036
2025-08-04 12:33:00,CALL,20,218.415,61.39407468150532,0.19916214545704383
2025-08-08 10:39:00,PUT,14,221.07,51.33762382119503,0.19903198082055354
2025-07-31 05:10:00,PUT,14,221.13,35.94853792320096,0.1989779767557535
2025-07-21 19:48:00,PUT,14,221.78,34.809439109637495,0.19839480566326886
2025-07-14 10:03:00,CALL,12,221.87,50.17318503761813,0.19831432821021217
2025-07-16 12:38:00,CALL,20,219.63,64.42854286737611,0.19806037426581174
2025-07-23 09:30:00,PUT,25,224.73,40.65194993539464,0.1980153962532787
2025-07-14 09:50:00,PUT,14,222.42,69.51346550178286,0.19782393669633924
2025-07-16 12:52:00,CALL,20,219.9,66.0956930175798,0.1978171896316518
2025-07-11 13:26:00,PUT,25,222.53,55.963260350501,0.1977261492832417
2025-07-14 10:42:00,PUT,14,222.54,62.53314409756902,0.1977172643120328
2025-07-11 15:38:00,PUT,14,222.14,36.7278041292243,0.19762312055460204
2025-07-15 14:18:00,PUT,25,220.565,52.7180098225879,0.1972207739215208
2025-07-09 14:10:00,PUT,14,223.26,63.68265637327925,0.1970796380901181
2025-07-15 07:34:00,PUT,40,223.35,34.33438309208101,0.19700022386388974
2025-07-22 18:42:00,CALL,12,223.51,43.00093846389508,0.1968592009306061
2025-07-18 12:01:00,PUT,14,223.52,61.6946152841312,0.19685039370078636
2025-07-21 12:03:00,PUT,14,223.6,34.811307207194545,0.19677996422182367
2025-07-09 11:24:00,CALL,6,221.46,50.59771979675176,0.19642373340558217
2025-07-31 13:52:00,PUT,25,219.45,31.64926908848108,0.1959444064707124
2025-08-01 10:22:00,CALL,6,214.45,58.894430761882646,0.19584984844952946
2025-08-01 14:05:00,CALL,20,214.47,44.19052049560204,0.1958315848370343
2025-08-05 10:24:00,PUT,14,219.6,34.906049059599766,0.1958105646630268
2025-07-23 08:59:00,PUT,40,224.81,43.723909892870346,0.19572083092389028
2025-07-23 07:54:00,PUT,40,225.24,46.73985749936321,0.19534718522464825
2025-07-23 11:35:00,CALL,20,225.28,38.59143688519067,0.19531249999999897
2025-08-08 11:53:00,CALL,12,220.21,56.58231459672157,0.1952681531265512
2025-07-28 06:26:00,PUT,40,225.45,33.23347786172192,0.19516522510534387
2025-07-15 14:39:00,PUT,25,220.33,39.44947599992216,0.1951618027504229
2025-08-06 18:09:00,CALL,12,220.39,54.17423271203037,0.19510867099233486
2025-07-23 12:39:00,PUT,40,225.53,46.82991202283842,0.19509599609807907
2025-07-30 15:38:00,CALL,12,220.53,45.03030090787944,0.1949848093229977
2025-08-06 12:37:00,PUT,14,220.64,58.29828337617869,0.19488759970992497
2025-07-17 08:40:00,CALL,12,220.67,67.32830669389686,0.19486110481715088
2025-07-08 09:23:00,CALL,20,220.72,52.91817987959855,0.1948169626676363
2025-07-29 11:01:00,PUT,14,223.8451,38.10340202484474,0.19473287554652915
2025-07-21 09:44:00,CALL,12,223.385,46.9849857826153,0.19473106967791137
2025-08-01 12:40:00,PUT,14,215.73,37.27344293775455,0.19468780419968829
2025-08-04 12:32:00,CALL,20,218.365,58.05589044551993,0.19462826002334757
2025-07-31 05:59:00,PUT,25,220.94,45.8420276473548,0.1946229745632329
2025-08-01 12:10:00,PUT,40,215.91,61.33428828631951,0.1945254967347448
2025-07-15 11:36:00,CALL,12,221.06,40.56648523760124,0.19451732561295884
2025-07-22 15:46:00,PUT,14,223.655,49.83944544199904,0.19449598712302532
2025-07-15 11:53:00,PUT,25,221.09,40.71133062518169,0.19449093129495085
2025-07-14 09:24:00,CALL,6,221.09,69.73614463006507,0.19449093129495085
2025-07-31 04:53:00,PUT,25,221.31,46.06605997783032,0.1942975916135768
2025-07-15 11:31:00,PUT,25,221.31,46.77805065476609,0.1942975916135768
2025-08-01 06:34:00,PUT,14,216.29,46.37213605197101,0.19418373480049356
2025-07-24 15:07:00,PUT,40,224.225,49.76018196798734,0.19400156093210047
2025-07-22 09:11:00,CALL,20,221.66,39.81674054780308,0.19399079671569378
2025-07-24 15:17:00,PUT,25,224.3,52.35455062607849,0.1939366919304513
2025-07-08 12:20:00,CALL,6,221.7899,65.20921015865176,0.19392226607253538
2025-07-08 14:16:00,PUT,14,221.8952,51.87255279408853,0.1938753069016297
2025-08-06 04:37:00,PUT,25,222.11,56.82206744504898,0.19359776687227356
2025-07-11 15:11:00,PUT,40,222.11,41.61906158273707,0.19359776687227356
2025-08-04 10:09:00,CALL,6,216.95,53.614832406228224,0.1935929937773754
2025-07-24 11:31:00,PUT,40,224.74,33.06506741354045,0.19355699919907549
2025-07-09 10:13:00,PUT,14,222.22,36.953674467307806,0.19350193501935326
2025-08-06 10:51:00,CALL,6,219.83,49.894071048469804,0.1933312104808183
2025-07-15 13:10:00,CALL,20,220.03,43.254652355923376,0.19315547879835085
2025-07-16 10:23:00,PUT,14,220.035,53.244777086456615,0.19315108959937416
2025-07-11 10:40:00,PUT,14,222.65,35.47790912172333,0.19312822816079353
2025-07-11 05:45:00,PUT,14,222.68,35.816748459448064,0.19310220944853906
2025-07-31 11:14:00,CALL,20,220.18,37.678353155363226,0.19302388954491004
2025-08-08 15:52:00,CALL,12,220.185,37.2568832934866,0.1930195063242325
2025-07-25 10:17:00,CALL,20,222.81,43.42446098227068,0.19298954265966825
2025-07-29 19:14:00,CALL,20,222.88,48.56566570354836,0.19292893036611936
2025-07-18 10:22:00,PUT,25,223.56,31.63140597896927,0.19278940776525838
2025-07-29 15:10:00,PUT,25,223.12,41.41656581732988,0.1927214055216954
2025-07-31 11:08:00,PUT,14,220.555,41.87167266442279,0.19269569948539428
2025-07-09 14:09:00,PUT,14,223.29,66.22776893057431,0.1925746786689858
2025-07-10 08:23:00,PUT,40,223.53,30.68922555963508,0.19236791482127982
2025-07-17 14:47:00,CALL,20,223.53,55.07582738989556,0.19236791482127982
2025-08-05 10:50:00,CALL,6,218.4,32.52953907826314,0.19230769230768657
2025-07-10 10:00:00,CALL,12,223.63,60.73418336737246,0.19228189420024452
2025-08-05 10:47:00,CALL,12,218.57,32.13798165709156,0.19215811868052152
2025-07-16 15:42:00,PUT,14,221.26,63.48472593044281,0.19208171382083655
2025-07-28 15:40:00,CALL,20,223.93,48.628451355133805,0.19202429330594686
2025-07-30 12:09:00,CALL,12,224.08,66.54194512059856,0.1918957515173056
2025-07-23 09:50:00,CALL,12,224.22,38.05964668812952,0.19177593435019483
2025-07-23 09:57:00,CALL,6,224.25,42.94824413144661,0.19175027870680347
2025-07-10 08:37:00,PUT,25,223.53,39.52227506694402,0.19174160067999318
2025-08-04 15:52:00,CALL,12,219.27,46.38899374998527,0.1915446709536131
2025-07-23 10:02:00,CALL,6,224.65,57.88041618568077,0.19140885822390688
2025-07-23 09:12:00,PUT,40,224.66,38.9867440111061,0.19140033828897304
2025-07-31 16:30:00,PUT,25,219.61,47.98911702766522,0.19124812167024083
2025-07-23 08:16:00,PUT,25,225.21,47.866509685403486,0.19093290706452057
2025-08-06 10:21:00,PUT,14,220.15,47.1784121537055,0.1907790143084333
2025-07-09 15:10:00,CALL,20,222.9,51.71180360375025,0.1906684611933526
2025-08-05 14:54:00,CALL,12,220.26,49.41764567127861,0.19063833651140136
2025-07-17 13:23:00,CALL,20,222.99,47.59170330305824,0.19059150634556837
2025-07-23 11:13:00,PUT,25,225.63,50.991125946411536,0.19057749412755698
2025-07-23 08:29:00,PUT,14,225.22,50.64931687579229,0.19048041914572508
2025-07-21 12:16:00,PUT,14,223.28,31.16571108137606,0.19034396273737522
2025-07-17 08:42:00,CALL,12,220.72,68.62982492102705,0.19028633562884537
2025-08-08 12:28:00,PUT,25,220.73,42.33350395527116,0.19027771485524736
2025-07-15 11:38:00,PUT,40,221.08,41.894044002878005,0.1899764791025945
2025-07-22 07:31:00,CALL,12,221.18,49.01677011767985,0.1898905868523318
2025-08-01 08:49:00,PUT,14,215.97,48.44927522528772,0.18984118164559735
2025-08-01 06:58:00,CALL,12,215.99,48.55899301169508,0.18982360294457917
2025-07-09 11:20:00,CALL,6,221.34,44.63863282305352,0.1897533206831063
2025-08-01 06:39:00,PUT,14,216.15,38.60433489479784,0.18968309044644763
2025-07-14 09:32:00,CALL,6,221.44,63.66514156489777,0.18966763005781065
2025-07-28 12:39:00,PUT,40,224.335,35.57487516599002,0.1894488153877065
2025-07-08 14:14:00,PUT,14,221.87,50.47097270950747,0.18930004056430158
2025-08-07 13:02:00,PUT,14,219.25,43.50571579033168,0.18928164196122785
2025-08-04 09:59:00,CALL,6,216.74,54.47864187976645,0.18916674356371532
2025-07-23 09:44:00,PUT,14,224.73,49.572298645417874,0.18911582788234013
2025-07-18 13:22:00,CALL,12,222.11,42.43785183764551,0.18909549322407251
2025-07-14 10:30:00,CALL,12,222.12,47.67557449092028,0.18908698001079935
2025-08-05 12:15:00,CALL,20,219.9243,68.32815588001105,0.18901958537552024
2025-07-11 14:32:00,CALL,12,222.26,45.44404627282185,0.18896787546117877
2025-07-11 14:27:00,PUT,40,222.285,44.98931213026101,0.18894662257911576
2025-07-09 09:25:00,CALL,20,222.33,68.08371879720701,0.18890837943596792
2025-07-09 10:02:00,PUT,14,222.49,43.06949047191041,0.18877252910243872
2025-07-11 13:37:00,PUT,14,222.51,49.220150433858414,0.18875556154779
2025-07-23 10:20:00,CALL,20,225.185,61.3044111799582,0.1887337078402253
2025-07-11 11:00:00,PUT,14,222.56,50.93252902897797,0.18871315600288277
2025-07-29 11:47:00,CALL,6,222.6,46.51599179742252,0.18867924528302601
2025-07-18 09:16:00,PUT,14,225.26,51.18298015496549,0.1886708692177852
2025-07-23 13:53:00,CALL,20,225.29,45.833891619442326,0.18864574548360397
2025-07-15 09:55:00,PUT,14,222.72,36.92059009479128,0.18857758620689094
2025-07-09 09:43:00,PUT,25,222.74,63.9928488515354,0.1885606536769399
2025-08-01 13:31:00,PUT,25,214.86,48.35387780240616,0.1884948338452951
2025-07-17 11:15:00,CALL,12,222.86,50.99969889909052,0.188459122318939
2025-08-05 14:47:00,CALL,20,220.265,48.736869161397024,0.18840941593081992
2025-08-04 10:27:00,PUT,25,217.65,65.30041649583758,0.1883758327590152
2025-07-21 14:12:00,PUT,40,222.975,43.04389433121228,0.18836192398250365
2025-07-11 09:34:00,PUT,14,223.08,50.76918724290809,0.18827326519634924
2025-07-17 10:17:00,PUT,14,223.12,48.9595446416149,0.18823951237003222
2025-07-11 09:00:00,PUT,40,223.13,52.74601241293733,0.18823107605431252
2025-07-25 10:00:00,PUT,14,223.18,44.54354210681412,0.18818890581594044
2025-07-30 15:46:00,CALL,6,220.63,50.2252030220217,0.1880977201649785
2025-07-15 07:51:00,PUT,25,223.3,37.03430849134012,0.18808777429467796
2025-07-15 07:36:00,PUT,40,223.31,32.18318404432959,0.18807935157405217
2025-07-30 15:47:00,CALL,6,220.655,50.77843730237112,0.18807640887357732
2025-07-17 12:13:00,PUT,14,223.57,40.74988063322221,0.18786062530750436
2025-07-08 09:44:00,PUT,25,221.05,60.68522793295789,0.18774033024203593
2025-07-17 12:01:00,PUT,25,223.72,50.4535041749145,0.1877346683354137
2025-07-30 12:05:00,CALL,12,224.01,62.325999732831626,0.18749162983796078
2025-07-15 11:09:00,PUT,25,221.485,51.48149713939271,0.1873716053005939
2025-07-31 09:54:00,PUT,40,221.515,73.47056070862229,0.1873462293749823
2025-07-24 15:31:00,PUT,14,224.22,40.28567114342391,0.18731602890018176
2025-07-28 12:40:00,PUT,40,224.3,33.42426901688087,0.18724921979492462
2025-08-07 14:08:00,PUT,14,219.03,42.46860040073859,0.187188969547549
2025-07-24 12:01:00,PUT,25,224.505,36.44238014390873,0.18707823879200353
2025-07-31 14:19:00,CALL,6,219.27,44.89055269280479,0.18698408354995968
2025-07-24 11:54:00,PUT,40,224.65,43.90719977006235,0.1869574894280062
2025-07-16 09:48:00,CALL,20,219.5101,33.73875942693509,0.18673400449455094
2025-07-16 12:50:00,CALL,6,219.65,59.3944934658734,0.18666059640336743
2025-07-09 09:58:00,PUT,25,222.485,42.18396179028458,0.1865294289502755
2025-07-23 10:15:00,CALL,12,225.02,58.777522290640256,0.1864278730779483
2025-07-16 09:11:00,PUT,40,220.0,40.60157651275961,0.18636363636363482
2025-07-31 11:25:00,CALL,6,220.16,45.53224553845956,0.18622819767441706
2025-07-29 12:51:00,CALL,12,222.845,60.78117154895235,0.18622809576162447
2025-07-31 15:11:00,PUT,14,220.18,50.62208532642417,0.18621128167862502
2025-07-17 08:29:00,CALL,12,220.25,57.34210478936132,0.1861975028376844
2025-07-17 11:09:00,CALL,20,222.885,52.38056928487304,0.18619467438365994
2025-07-31 15:08:00,PUT,14,220.23,54.60939799725321,0.18616900513099788
2025-08-07 16:20:00,PUT,40,220.25,62.89491001943287,0.18615209988649106
2025-07-17 08:34:00,CALL,6,220.26,53.31177141640532,0.1861436484155074
2025-08-08 15:54:00,CALL,12,220.26,45.72590807951225,0.1861436484155074
2025-07-29 12:55:00,CALL,12,222.99,67.13809532351779,0.18610700031391186
2025-07-29 15:11:00,PUT,25,223.025,34.71479965536243,0.1860777939692824
2025-07-29 15:09:00,PUT,25,223.155,44.34531447011463,0.1859693934709023
2025-07-17 08:39:00,CALL,12,220.62,65.79041705303254,0.1858399057202414
2025-08-05 10:00:00,PUT,14,220.65,46.1971306499376,0.18581463856786612
2025-07-17 05:23:00,PUT,25,220.75,51.65042638406065,0.18573046432615928
2025-08-05 07:57:00,PUT,40,220.88,55.89961602354662,0.1856211517566084
2025-07-17 12:09:00,PUT,25,223.655,44.92805094602637,0.18555364288747941
2025-08-08 10:33:00,PUT,25,221.02,51.25373794148409,0.1855035743371625
2025-07-08 10:54:00,CALL,12,221.04,43.94186438428325,0.18548678972131585
2025-07-30 15:53:00,CALL,6,221.07,58.41773252273202,0.18546161849187887
2025-07-15 09:09:00,PUT,25,223.9,61.77572911089756,0.18535060294774097
2025-08-08 10:11:00,PUT,14,221.35,64.6255727034899,0.18522701603794742
2025-07-21 11:17:00,PUT,40,224.06,40.6672260853214,0.18521824511291263
2025-08-07 13:31:00,CALL,12,218.765,42.97589989256024,0.18513016250314315
2025-08-06 07:08:00,PUT,40,221.5,38.90439596313326,0.18510158013543865
2025-07-30 10:35:00,PUT,40,224.315,60.78388462806566,0.18500769007868045
2025-07-24 15:16:00,PUT,25,224.335,56.8645507035346,0.18499119620211757
2025-08-01 06:02:00,PUT,40,216.32,37.45659203172572,0.18491124260355293
2025-08-07 04:52:00,CALL,20,222.04,68.90008711449873,0.18465141415960934
2025-07-24 11:21:00,PUT,14,225.07,42.32891895373815,0.18438707957523973
2025-07-24 11:13:00,PUT,14,225.23,45.93049210125686,0.18425609377080854
2025-08-04 10:05:00,CALL,20,217.15,65.278948717645,0.18420446695832635
2025-07-23 14:00:00,CALL,12,225.305,47.665547787610855,0.18419475821663614
2025-07-31 14:57:00,PUT,40,219.98,48.587115907455214,0.1841076461496505
2025-07-22 11:51:00,PUT,40,222.72,50.25535930918474,0.18408764367815939
2025-07-15 14:55:00,PUT,40,220.01,31.986765175615545,0.1840825417026504
2025-07-17 11:06:00,CALL,20,222.8499,50.39649208534429,0.18402521158860735
2025-07-25 10:25:00,CALL,12,222.83,47.864387960133946,0.18399676883722862
2025-07-09 13:44:00,CALL,20,222.84,64.38832277746533,0.18398851193681412
2025-07-29 15:31:00,PUT,14,222.9701,42.355657608287125,0.1839260062223589
2025-07-29 19:08:00,CALL,20,222.96,54.361974458165655,0.1838894869034789
2025-07-11 07:34:00,CALL,20,222.97,64.31957014546757,0.18388123962864805
2025-08-05 13:25:00,CALL,12,220.47,59.861710177940175,0.18369846237583398
2025-07-15 09:38:00,PUT,14,223.27,31.3296005785878,0.1836341649124363
2025-07-15 12:24:00,PUT,14,220.78,45.90439351980084,0.18344052903342745
2025-07-10 08:36:00,PUT,14,223.68,46.10290725217725,0.18329756795421878
2025-07-21 11:41:00,PUT,25,224.0,36.10312572329944,0.18303571428571278
2025-07-15 18:08:00,PUT,25,218.55,50.69786856125056,0.18302447952413894
2025-07-10 07:48:00,PUT,25,224.06,63.77778187500973,0.18298669999107228
2025-08-04 14:18:00,CALL,20,218.6,54.337398946574034,0.18298261665142074
2025-07-10 07:59:00,PUT,14,224.14,59.16121331483615,0.18292138841795155
2025-07-09 11:22:00,CALL,6,221.48,51.358661856481966,0.18286075492143813
2025-07-28 10:59:00,PUT,25,224.315,53.23852583181389,0.18277868176448145
2025-07-18 09:59:00,PUT,14,224.32,40.511617548704855,0.18277460770327952
2025-07-30 14:29:00,CALL,6,224.36,52.92885783302483,0.18274202175075618
2025-07-31 10:08:00,PUT,14,221.64,58.00754487301602,0.18272874932321456
2025-07-24 14:07:00,PUT,40,224.47,47.468637157678295,0.18265247026328532
2025-07-24 12:18:00,PUT,40,224.43,46.55185918585198,0.182640466960742
2025-07-29 10:21:00,PUT,25,224.53,44.58241871126319,0.18260366098071376
2025-08-07 14:07:00,PUT,14,219.08,44.60041670012289,0.1825817053131302
2025-07-28 12:24:00,PUT,25,224.57,55.960560475558935,0.18257113594870045
2025-07-24 11:56:00,PUT,40,224.62,42.86587268295461,0.18253049594871187
2025-07-23 09:36:00,PUT,14,224.63,42.21637359846506,0.18252237011975098
2025-08-07 13:56:00,PUT,14,219.22,55.78866238721898,0.18246510354894885
2025-08-07 11:05:00,PUT,40,219.39,38.47735228522091,0.18232371575731676
2025-08-07 11:04:00,PUT,25,219.47,40.69594317671872,0.18225725611701174
2025-07-16 12:32:00,CALL,20,219.5,61.792229187192426,0.18223234624146045
2025-07-31 18:09:00,PUT,25,219.52,56.32847796436433,0.1822157434402358
2025-07-21 11:21:00,PUT,40,224.08,44.49870225413009,0.1820332024277098
2025-07-23 12:53:00,PUT,25,225.54,47.09928443977631,0.1817859359758786
2025-08-06 18:05:00,CALL,6,220.1,39.72496353719847,0.1817355747387577
2025-07-23 12:37:00,PUT,40,225.62,51.14043621878732,0.18172147859232185
2025-07-23 13:08:00,PUT,14,225.63,49.82738786227719,0.1817134246332476
2025-07-28 05:49:00,PUT,25,225.66,43.607289241813895,0.18168926703890656
2025-07-23 06:13:00,PUT,40,225.71,45.36450877672443,0.1816490186522514
2025-08-01 13:13:00,PUT,25,214.77,40.13934104634854,0.18158960748708608
2025-07-15 14:49:00,PUT,14,220.28,44.41383621288941,0.18158707100054736
2025-08-01 10:27:00,PUT,25,214.78,59.32941115046452,0.18158115280753087
2025-07-15 12:48:00,PUT,14,220.38,42.90555679985713,0.1815046737453515
2025-08-01 15:41:00,CALL,6,214.89,42.34891520035453,0.18148820326679455
2025-07-08 11:30:00,CALL,12,221.2389,45.05794315418802,0.18129723118311714
2025-07-23 19:58:00,PUT,14,226.21,46.37927700985568,0.18124751337252842
2025-07-16 08:51:00,PUT,14,220.4094,56.77019854629988,0.18120824247968287
2025-07-08 09:31:00,CALL,12,220.75,54.584412256877854,0.18120045300113508
2025-07-18 11:53:00,PUT,14,223.55,71.73414147067129,0.18116752404383857
2025-07-31 10:49:00,PUT,14,221.14,45.43658453623445,0.1808808899339682
2025-08-01 09:24:00,CALL,6,215.64,51.65832953755308,0.18085698386199908
2025-08-08 10:07:00,PUT,14,221.3,68.626231576198,0.18075011296882318
2025-08-06 07:37:00,PUT,25,221.49,41.76674873642053,0.18059506072509174
2025-08-06 07:36:00,PUT,25,221.52,43.00174830183949,0.18057060310581693
2025-07-23 09:58:00,CALL,6,224.305,45.1937319123554,0.18055772274358625
2025-07-09 08:48:00,CALL,20,221.75,52.32709650161743,0.18038331454340728
2025-08-07 04:39:00,CALL,20,221.79,58.48018508886233,0.18035078227152068
2025-08-04 15:10:00,CALL,6,219.075,59.619183076265365,0.1803035490128998
2025-07-14 11:23:00,CALL,6,221.85,46.009042632562526,0.18030200585981776
2025-07-24 11:46:00,PUT,25,224.71,45.42123690321924,0.18023229940812652
2025-07-24 10:25:00,CALL,12,224.83,42.46738394291796,0.18013610283325227
2025-07-18 08:49:00,PUT,40,224.98,48.67040082307379,0.18001600142234916
2025-08-01 05:13:00,PUT,14,216.66,56.4054190706576,0.18000553863195162
2025-07-29 19:37:00,CALL,12,222.9688,55.83693471614332,0.17993548873206347
2025-07-09 10:07:00,PUT,14,222.41,41.34691821200207,0.17984802841599104
2025-07-24 10:58:00,PUT,25,225.305,52.45370516149779,0.17975633030780547
2025-07-22 10:38:00,PUT,14,222.68,71.42377967813255,0.17962996227771047
2025-07-11 05:43:00,PUT,14,222.71,36.78586553342433,0.17960576534507014
2025-07-17 10:06:00,CALL,6,223.1493,62.4639031410559,0.17956587809148428
2025-07-15 09:51:00,PUT,14,222.77,37.07877305622901,0.17955739103111085
2025-08-06 09:49:00,CALL,20,220.175,42.67584747814206,0.1794027478142304
2025-07-11 07:42:00,CALL,12,222.98,59.664771250240754,0.17938828594493034
2025-07-21 14:05:00,PUT,40,223.18,62.96494323065574,0.17922752934851047
2025-07-29 13:27:00,PUT,14,223.29,51.74437153869176,0.17913923597116113
2025-07-18 10:36:00,PUT,25,223.34,42.9741734165323,0.1790991313692154
2025-07-30 12:08:00,CALL,12,224.039,63.7697139309173,0.17898669428091113
2025-07-08 10:29:00,CALL,6,220.81,51.0271996217243,0.17888682577782267
2025-07-10 07:54:00,PUT,14,224.1,58.84811160054047,0.17849174475680754
2025-07-17 13:21:00,CALL,20,222.992,47.39852258704016,0.17848173925521818
2025-07-15 17:45:00,PUT,40,218.54,50.77998039990763,0.17845703303742397
2025-07-15 17:38:00,PUT,40,218.54,52.47608713915027,0.17845703303742397
2025-07-25 08:18:00,CALL,20,224.2,60.574888253356505,0.17841213202498024
2025-07-21 11:25:00,PUT,25,224.24,55.12108188376354,0.17838030681413025
2025-07-21 11:10:00,PUT,40,224.24,52.51583802785761,0.17838030681413025
2025-07-16 04:07:00,CALL,20,218.67,65.60495725259395,0.17835093977226635
2025-07-30 11:03:00,PUT,14,224.4,55.356499642545714,0.17825311942959254
2025-07-28 09:47:00,PUT,14,224.4199,33.139929623135785,0.1781927538511524
2025-07-28 12:31:00,PUT,14,224.56,52.85950647794638,0.1781261132882106
2025-08-07 14:09:00,PUT,14,218.97,39.997932704718224,0.1781065899438217
2025-08-05 11:42:00,CALL,20,219.11,48.0168197586941,0.17799278901008003
2025-08-07 15:22:00,CALL,20,219.15,49.26276682022947,0.17796030116358036
2025-07-22 10:22:00,CALL,12,221.8552,54.65060921231667,0.1779539086755702
2025-07-31 17:33:00,CALL,20,219.24,48.60080114215462,0.17788724685275786
2025-07-31 15:53:00,CALL,12,219.24,33.22049818911712,0.17788724685275786
2025-08-07 12:50:00,CALL,6,219.27,44.02057802683956,0.17786290874263982
2025-07-16 11:58:00,PUT,14,219.36,63.58869325503287,0.1777899343544925
2025-07-29 07:44:00,CALL,20,225.06,50.958141833406266,0.17773038300897792
2025-07-23 10:08:00,CALL,20,225.08,68.74576229516583,0.17771459036785908
2025-07-31 15:26:00,PUT,25,219.63,34.845695332559714,0.17757137003141027
2025-08-04 10:12:00,CALL,6,216.965,53.83252290309132,0.17744797547991192
2025-08-07 10:41:00,PUT,14,219.81,32.30927832746626,0.17742595878259168
2025-07-23 12:40:00,PUT,40,225.46,43.64736644334982,0.17741506253881206
2025-07-15 13:17:00,CALL,6,219.85,40.07350163622811,0.17739367750739815
2025-08-06 10:38:00,CALL,20,219.9,51.98120189117499,0.17735334242837034
2025-07-29 09:21:00,PUT,14,225.56,54.06342357694279,0.1773364071643934
2025-08-06 10:39:00,CALL,20,219.93,52.87710146641468,0.1773291501841433
2025-08-01 10:21:00,PUT,40,214.41,58.31534804620609,0.1772305396203514
2025-07-10 13:59:00,PUT,14,225.79,44.36499265289345,0.17715576420568038
2025-07-17 08:33:00,CALL,6,220.23,52.12892188173139,0.17708759024656712
2025-07-21 14:06:00,PUT,40,223.125,56.905131657919256,0.17703081232493456
2025-08-06 12:21:00,PUT,25,220.41,43.04242979084678,0.17694296991968894
2025-07-10 09:44:00,CALL,12,223.255,53.9959724537667,0.17692772838234766
2025-08-04 17:46:00,PUT,40,220.46,54.96649266006737,0.17690283951737948
2025-08-08 15:33:00,PUT,14,220.49,37.97720988414785,0.17687877001225216
2025-08-08 16:01:00,CALL,12,220.5,66.8502532695596,0.17687074829931354
2025-07-31 08:43:00,PUT,40,220.56,50.01953444279118,0.1768226332970687
2025-07-17 08:38:00,CALL,12,220.57,64.2268141678157,0.17681461667498516
2025-07-31 08:54:00,PUT,25,220.58,48.49945887432111,0.17680660077976912
2025-07-23 15:31:00,CALL,20,226.28,66.60137752796052,0.17677214071062652
2025-08-08 12:46:00,PUT,14,220.64,42.08937254440103,0.17675852066714395
2025-07-30 16:08:00,PUT,14,220.66,40.85767240090311,0.17674249977340087
2025-07-14 04:50:00,CALL,20,220.75,58.36691590505084,0.17667044167609802
2025-07-31 06:03:00,PUT,25,220.89,42.78384249486994,0.1765584680157483
2025-08-01 14:27:00,CALL,12,215.23,69.83056841334877,0.1765553129210723
2025-08-01 12:55:00,PUT,14,215.23,30.506570252317644,0.17655531292105908
2025-08-05 13:59:00,PUT,14,220.93,58.10538085003376,0.1765265016068505
2025-08-05 09:43:00,CALL,6,220.54,53.65124046599977,0.17652126598350412
2025-07-16 15:45:00,PUT,25,221.19,55.60768944241657,0.17631900176318385
2025-07-08 19:20:00,PUT,14,221.37,51.27669760384568,0.17617563355468888
2025-07-15 10:38:00,CALL,12,221.39,37.733288911068406,0.17615971814445766
2025-07-09 11:21:00,CALL,6,221.43,49.04328214593309,0.17612789594905223
2025-08-01 12:12:00,PUT,40,215.93,60.06681482296818,0.17598295743990897
2025-08-07 10:35:00,PUT,25,220.0493,35.65228628082372,0.17596056883615566
2025-08-01 06:59:00,CALL,12,216.02,49.90579580436084,0.17590963799647968
2025-08-01 12:08:00,PUT,40,216.07,70.5463683162014,0.1758689313648334
2025-07-15 10:50:00,PUT,14,221.78,52.37560180878452,0.17584994138335955
2025-07-09 08:49:00,CALL,20,221.78,55.46797470856705,0.17584994138334673
2025-08-04 15:00:00,CALL,20,219.0299,59.94077741475121,0.17582074410845014
2025-07-08 14:19:00,PUT,14,221.83,46.46020431922892,0.1758103051886646
2025-07-22 10:14:00,CALL,20,221.86,55.7282543443807,0.17578653204723083
2025-08-04 09:24:00,CALL,6,216.44,56.61162808620779,0.17556828682313597
2025-07-11 06:02:00,CALL,12,222.2,25.4579773601361,0.1755175517551822
2025-07-11 15:02:00,PUT,40,222.25,31.720107287549027,0.17547806524183862
2025-07-10 12:21:00,CALL,6,225.105,46.60925082780637,0.17547366784389962
2025-07-31 13:59:00,CALL,6,219.49,40.15519265992869,0.17540662444757887
2025-08-06 04:14:00,PUT,14,222.4,73.87708286882706,0.17535971223022248
2025-07-17 10:39:00,CALL,12,222.56,41.95646943224018,0.17523364485980694
2025-08-07 08:49:00,PUT,40,222.62,52.84430903323003,0.17523133590873152
2025-08-04 09:46:00,CALL,20,216.87,62.5641464729697,0.17522017798681028
2025-08-07 07:04:00,CALL,20,222.59,39.93817767474664,0.17521002740463917
2025-07-11 11:36:00,PUT,14,222.66,61.235795937041225,0.175154944758819
2025-07-11 10:08:00,PUT,40,222.67,43.74235677893778,0.17514707863654125
2025-07-11 10:06:00,PUT,40,222.75,47.42055325058892,0.17508417508416896
2025-08-07 07:21:00,PUT,40,222.84,61.29263582229249,0.1750134625740508
2025-07-29 12:53:00,CALL,12,222.92,64.12452745828548,0.17499551408577882
2025-07-29 19:16:00,CALL,20,222.91,50.74520550115946,0.174958503431885
2025-08-06 11:14:00,CALL,6,220.11,51.53546440930926,0.1749125437281318
2025-07-29 11:54:00,PUT,14,222.97,59.6456186591849,0.17491142306139226
2025-07-18 11:29:00,CALL,20,223.0,49.66244385476024,0.17488789237667549
2025-07-11 09:25:00,PUT,25,223.0,48.93988764081106,0.17488789237667549
2025-07-25 10:35:00,CALL,12,223.05,57.380899136540975,0.1748486886348291
2025-07-10 13:55:00,PUT,14,225.975,65.60567731381853,0.17479809713463076
2025-08-05 13:14:00,CALL,20,220.305,54.60323157942591,0.1747577222486965
2025-08-08 14:29:00,CALL,20,220.395,41.71179461573123,0.1746863585834483
2025-07-15 07:49:00,PUT,25,223.36,40.90158798794474,0.17460601719198368
2025-07-10 05:37:00,CALL,6,223.41,49.06058121213298,0.17456693970727127
2025-08-08 12:49:00,PUT,14,220.56,37.98317827429201,0.17455567645991607
2025-08-08 15:13:00,PUT,40,220.575,50.29098733223315,0.17454380596168692
2025-07-18 10:23:00,PUT,14,223.52,30.65804128874701,0.17448103078024998
2025-07-15 08:48:00,CALL,20,223.55,54.19293677673395,0.17445761574591204
2025-07-24 12:57:00,CALL,12,223.96,38.8367777510307,0.17445079478477457
2025-07-10 08:21:00,PUT,25,223.69,39.08602565341647,0.1743484286289
2025-07-29 11:05:00,PUT,14,223.69,33.97608810852357,0.1743484286289
2025-07-10 08:01:00,PUT,40,223.87,36.68915544097046,0.17420824585697717
2025-07-30 15:54:00,PUT,14,221.045,57.74254506318612,0.17417267977108325
2025-08-08 10:03:00,CALL,6,221.09,65.34197713401673,0.17413722918268168
2025-07-10 08:00:00,PUT,14,224.04,48.6374422519122,0.174076057846807
2025-07-10 07:53:00,PUT,14,224.14,64.34468131507191,0.17399839386097365
2025-08-05 10:56:00,CALL,6,218.82,48.12514717102867,0.1736587149255075
2025-07-21 15:34:00,PUT,14,221.725,31.43471132325729,0.17363851617994855
2025-07-24 11:49:00,PUT,25,224.63,42.1528914745763,0.17361883987000237
2025-07-30 13:35:00,PUT,40,224.68,57.05667118780937,0.1735802029553208
2025-08-07 11:45:00,CALL,12,218.99,44.914841607765226,0.17352390520114863
2025-07-14 09:45:00,CALL,6,222.025,67.01584719928036,0.17340389595765832
2025-07-10 11:47:00,CALL,20,224.98,58.23281249819585,0.17334874211041637
2025-07-10 15:00:00,CALL,20,225.17,41.660313264332686,0.17320246924546556
2025-07-23 14:02:00,CALL,12,225.35,50.62720120257606,0.17306412247615477
2025-07-28 06:37:00,PUT,40,225.41,33.872865777324094,0.17301805598686232
2025-07-28 06:32:00,PUT,40,225.42,33.46824988203382,0.17301038062283133
2025-07-11 14:56:00,PUT,14,222.54,50.07340627371061,0.1730026062730255
2025-07-23 10:18:00,CALL,12,225.2307,64.45168640198544,0.17284499848377308
2025-07-16 09:40:00,PUT,14,219.97,41.758398434155424,0.17275082965858773
2025-07-15 15:21:00,PUT,14,219.985,47.02173425911401,0.17273905038981016
2025-07-24 08:35:00,PUT,40,225.78,38.20451162013299,0.17273452032953088
2025-07-24 10:09:00,PUT,14,225.229,42.11156127426939,0.17271310532835912
2025-08-05 14:48:00,CALL,20,220.29,50.26719912244217,0.1724998865132305
2025-08-01 13:47:00,PUT,25,214.56,43.861354730349454,0.17244593586875678
2025-08-08 11:55:00,CALL,12,220.36,63.510360880468106,0.1724450898529658
2025-07-23 19:17:00,PUT,40,226.18,47.83075876542452,0.17242903881864655
2025-07-28 11:46:00,CALL,20,224.084,53.93932161192812,0.1722568322593294
2025-08-01 13:51:00,PUT,14,214.84,52.95162541053439,0.17222118786073567
2025-08-08 12:32:00,PUT,25,220.67,40.455688342303326,0.1722028368151518
2025-07-15 12:09:00,PUT,40,220.75,33.366195290753225,0.17214043035107382
2025-08-07 10:21:00,PUT,14,220.4287,33.222253275660705,0.1721191478242189
2025-07-15 11:55:00,PUT,40,220.86,32.31320441095413,0.17205469528208994
2025-08-05 09:55:00,PUT,14,220.955,56.45650042934391,0.17198072005613083
2025-08-05 09:37:00,CALL,12,220.55,55.8190021278005,0.17197914305146253
2025-07-16 11:22:00,CALL,6,218.115,25.444092382131277,0.17192765284368336
2025-08-08 12:23:00,PUT,14,221.035,64.97812915257606,0.17191847444974573
2025-07-21 10:20:00,CALL,6,223.975,57.33978985244523,0.1718941846188277
2025-07-24 13:01:00,CALL,12,224.085,47.64088867201539,0.1718098043153227
2025-07-08 11:31:00,CALL,12,221.29,47.20794370606574,0.17172036693930837
2025-07-31 04:44:00,PUT,25,221.36,54.70323922301914,0.17166606432960962
2025-07-09 10:45:00,CALL,20,221.4,37.530926441609004,0.17163504968382812
2025-07-08 18:10:00,PUT,40,221.41,53.385806242416656,0.17162729777335958
2025-07-30 13:23:00,PUT,40,224.52,45.82365117251936,0.1714769285587116
2025-07-28 12:32:00,PUT,14,224.53,50.21056842911474,0.1714692914087164
2025-07-22 12:18:00,PUT,14,222.75,54.29136058617225,0.171402918069584
2025-07-09 08:57:00,CALL,12,221.79,54.20727277285886,0.17133324315794016
2025-07-24 10:18:00,CALL,12,224.795,37.83071348926219,0.17126715451856997
2025-07-11 12:14:00,CALL,20,221.89,43.56590380142008,0.17125602776151422
2025-07-08 12:33:00,PUT,25,222.02,57.0689090405714,0.17115575173408876
2025-07-09 12:47:00,CALL,20,222.18,52.12797857811572,0.17103249617427108
2025-07-23 10:21:00,CALL,20,225.235,62.72829355237195,0.17093258152595772
2025-07-11 11:25:00,PUT,40,222.32,46.209778280724414,0.17092479309103792
2025-07-23 13:54:00,CALL,20,225.355,48.84211409307777,0.1708415610925071
2025-07-11 14:55:00,PUT,14,222.6,54.89504347537248,0.17070979335130074
2025-07-29 12:35:00,CALL,20,222.61,52.21091768855872,0.17070212479223548
2025-07-16 12:51:00,CALL,6,219.73,61.69668410927864,0.17066399672325128
2025-07-29 11:59:00,PUT,14,222.83,51.80234299214781,0.1705335906296387
2025-07-10 10:07:00,CALL,12,223.8785,67.63674647912106,0.17040492945950075
2025-07-11 09:15:00,PUT,25,223.0,46.03058120718675,0.17040358744394415
2025-07-11 09:24:00,CALL,6,223.04,51.35033496084902,0.1703730272596823
2025-08-08 13:12:00,CALL,20,220.265,44.43120310919109,0.1702494722266361
2025-07-30 15:24:00,CALL,6,220.285,32.26772146235085,0.17023401502598906
2025-07-22 14:34:00,CALL,20,223.26,54.608182965919305,0.17020514198691905
2025-07-18 10:54:00,PUT,25,223.335,52.937076991264895,0.17014798397026684
2025-07-08 10:07:00,CALL,6,220.55,32.677226145978594,0.1700294717751077
2025-07-21 09:52:00,CALL,6,223.52,54.84194436512657,0.17000715819613252
2025-07-17 09:54:00,PUT,25,223.1894,72.6576973924288,0.16999015186205257
2025-07-08 09:38:00,CALL,6,220.675,49.37412775550915,0.16993315962388125
2025-07-15 12:10:00,PUT,40,220.675,31.323010601796724,0.16993315962388125
2025-07-15 08:58:00,PUT,40,223.65,53.98839540837374,0.16990833892242138
2025-07-10 08:22:00,PUT,25,223.65,36.71183988140962,0.16990833892242138
2025-07-10 08:32:00,PUT,14,223.68,45.50289499854499,0.16988555078683631
2025-07-21 11:50:00,PUT,25,223.84,33.697526772614594,0.16976411722658838
2025-07-10 08:03:00,PUT,40,223.84,36.04976382959656,0.16976411722658838
2025-07-15 09:19:00,CALL,6,223.87,55.49654555307339,0.16974136775807186
2025-07-31 12:11:00,CALL,20,220.935,53.7872292152048,0.16973317944191732
2025-07-15 08:36:00,PUT,14,223.93,66.66491813314931,0.16969588710757622
2025-07-24 12:51:00,CALL,20,224.0199,38.11699148887297,0.16967242642283062
2025-07-21 11:14:00,PUT,40,224.13,44.21254642878961,0.16954446080399566
2025-07-18 10:05:00,PUT,14,224.08,35.921101608374215,0.1695376651196093
2025-07-29 10:30:00,PUT,14,224.47,43.04219521765698,0.16928765536597118
2025-07-08 14:02:00,PUT,25,221.795,49.224354876350375,0.16907504677742963
2025-07-24 11:30:00,PUT,40,224.8151,36.09744236174347,0.1690722731702625
2025-07-24 10:15:00,CALL,20,224.89,36.69840686047378,0.16897149717640797
2025-07-10 11:44:00,CALL,20,224.9,54.43214674089796,0.1689639839928837
2025-08-04 11:44:00,CALL,12,217.73,43.57126544740178,0.1688788866945361
2025-07-16 12:19:00,CALL,20,219.24,54.20986900256302,0.1687648239372398
2025-07-29 07:57:00,CALL,20,225.24,66.10466670490865,0.16870893269401324
2025-07-31 14:20:00,CALL,12,219.48,50.74571971927481,0.16858028066338826
2025-07-18 12:50:00,PUT,14,222.52,46.1622690486068,0.1685241776020133
2025-07-31 16:40:00,PUT,14,219.63,48.45316501126288,0.16846514592724335
2025-07-28 05:24:00,PUT,40,225.59,36.53341497945879,0.1684471829425043
2025-07-22 13:18:00,CALL,12,222.72,69.01968270735875,0.16837284482758622
2025-07-31 14:29:00,CALL,20,219.85,59.95370283754288,0.16829656584034777
2025-08-06 10:36:00,CALL,20,219.9,51.998701087996096,0.1682582992269234
2025-07-23 12:08:00,PUT,14,225.87,59.31748924236618,0.16823836720237104
2025-07-15 15:23:00,PUT,14,219.93,44.19956325828549,0.16823534761060543
2025-07-10 13:58:00,PUT,14,225.82,47.1315231518965,0.1682313346913436
2025-07-17 13:16:00,CALL,20,222.94,42.39840305923904,0.16820669238360098
2025-08-05 04:18:00,CALL,6,219.99,45.94668809071169,0.1681894631574183
2025-07-10 13:56:00,PUT,14,225.94,60.68527031947269,0.16818624413560923
2025-08-06 10:17:00,PUT,14,219.94,40.42378920845608,0.1681822315176872
2025-08-05 04:20:00,CALL,6,220.05,51.42933191760886,0.16814360372641496
2025-08-06 09:52:00,CALL,12,220.1,45.15562748139336,0.16810540663335055
2025-08-06 13:49:00,CALL,20,220.2,41.57394771397425,0.16802906448683222
2025-08-08 13:20:00,CALL,12,220.27,48.04263911476433,0.16797566622780047
2025-07-31 09:29:00,CALL,6,220.46,57.823013586048695,0.16783089902930443
2025-08-05 07:34:00,CALL,20,220.63,45.65106379649691,0.16770158183384154
2025-07-15 12:14:00,PUT,40,220.58,32.20080490279754,0.1676942605857291
2025-07-29 11:06:00,PUT,14,223.625,31.625050572077072,0.16769144773616546
2025-08-08 10:29:00,PUT,40,220.9,45.15297368870134,0.16749660479855344
2025-07-14 09:23:00,CALL,6,220.98,62.94167112618658,0.1674359670558442
2025-08-05 18:01:00,PUT,14,221.0,55.4132839823382,0.16742081447964008
2025-07-28 11:48:00,CALL,20,224.2001,60.057819970276135,0.1672166961566907
2025-08-01 14:50:00,PUT,14,215.35,49.74924465825285,0.1671697237055887
2025-07-15 11:10:00,PUT,25,221.39,48.38183370656815,0.16712588644472476
2025-07-15 11:26:00,PUT,14,221.44,52.656368323968415,0.1670881502890194
2025-08-06 07:48:00,PUT,14,221.45,42.71477801970576,0.1670806051027212
2025-08-05 10:51:00,CALL,6,218.46,34.792187200560605,0.16707864139887424
2025-07-08 15:39:00,PUT,14,221.47,46.25957123285829,0.167065516774283
2025-07-15 10:51:00,PUT,25,221.54,44.67544103860707,0.16701272907827233
2025-07-09 07:23:00,CALL,20,221.55,63.97725720017591,0.1670051907018624
2025-07-31 10:10:00,PUT,25,221.6201,56.92259372010195,0.16699748804373243
2025-07-08 11:52:00,PUT,14,221.74,61.54269977945616,0.16686209073690111
2025-07-08 11:57:00,PUT,14,221.76,59.58654257452447,0.1668470418470439
2025-07-08 14:07:00,PUT,25,221.83,50.59482011621808,0.16679439210206218
2025-07-08 14:04:00,PUT,25,221.86,53.809762655609525,0.1667718380960987
2025-07-08 14:17:00,PUT,14,221.86,48.953722586393,0.1667718380960987
2025-07-08 12:39:00,PUT,14,221.94,51.28317818245993,0.16671172388934152
2025-07-14 11:25:00,CALL,6,221.98,53.14185529644927,0.16668168303450967
2025-07-08 12:32:00,PUT,25,222.05,59.26706644750586,0.16662913758162778
2025-07-11 11:59:00,PUT,14,222.11,39.55750561055342,0.16658412498311853
2025-07-22 11:18:00,CALL,6,222.35,46.90729782709133,0.1664043175174295
2025-07-23 11:45:00,CALL,12,225.355,50.54713472398769,0.1664041179472388
2025-07-14 12:41:00,CALL,12,222.38,58.54232034044023,0.16638186887310216
2025-07-11 11:03:00,PUT,14,222.51,48.06748021009539,0.16628466136353628
2025-08-04 09:29:00,CALL,20,216.54,62.40086385249597,0.1662510390690005
2025-07-31 13:33:00,CALL,6,219.65,31.28907324590421,0.16617345777372214
2025-07-29 11:44:00,CALL,6,222.44,39.29290927294706,0.16611221003417387
2025-07-29 12:50:00,CALL,12,222.81,59.230177376029566,0.16606076926529534
2025-07-29 15:22:00,PUT,14,222.98,38.54982399987187,0.1659341644990475
2025-07-11 10:26:00,PUT,14,223.02,58.95929920498866,0.16590440319254082
2025-07-18 11:38:00,CALL,12,223.12,53.82365479647369,0.1658300466116908
2025-08-06 11:08:00,CALL,12,220.13,50.85846282848879,0.16581111161586748
2025-07-23 15:27:00,CALL,20,226.195,62.28983729915228,0.1657861579610513
2025-07-17 14:41:00,CALL,20,223.48,53.635050218235286,0.16560766064077675
2025-07-17 11:31:00,CALL,6,223.43,68.7438785795593,0.16559996419460438
2025-07-21 08:36:00,PUT,25,223.9407,58.022694745844014,0.16553489383573392
2025-07-29 12:40:00,CALL,6,222.47,46.59942601022506,0.1654155616487594
2025-07-30 09:35:00,PUT,14,223.71,52.91987098778407,0.1653926959009452
2025-07-10 10:04:00,CALL,6,223.73,63.04748656213022,0.1653779108747171
2025-08-04 11:43:00,CALL,12,217.69,41.02966766672535,0.16537277780330453
2025-07-15 09:17:00,CALL,6,223.8,51.76700529287464,0.16532618409292946
2025-07-15 08:32:00,PUT,14,223.81,68.07702594683093,0.16531879719405054
2025-07-28 15:43:00,CALL,20,223.93,49.109342581696325,0.16523020586790718
2025-07-21 11:19:00,PUT,40,224.01,37.690881925205765,0.1651711977143898
2025-07-31 09:50:00,CALL,6,221.185,68.85232361749134,0.16502023193254925
2025-07-08 11:01:00,CALL,12,221.33,55.99431818596404,0.16491212217050588
2025-07-24 14:20:00,PUT,25,224.37,39.43254324887244,0.16490618175335586
2025-08-05 10:55:00,CALL,6,218.65,42.72135751987686,0.1646466956322823
2025-07-09 11:06:00,PUT,14,221.705,53.59391327830489,0.16463318373514763
2025-07-14 10:04:00,CALL,12,221.98,53.793538897284016,0.16442922785836972
2025-08-07 15:27:00,CALL,6,218.98,38.98445857432527,0.1643985752123544
2025-07-29 07:45:00,CALL,20,225.09,54.48140161844276,0.16437869296725957
2025-07-23 10:16:00,CALL,12,225.11,61.24101772763651,0.16436408866775182
2025-07-10 15:46:00,PUT,14,225.12,37.75365276218206,0.16435678749111787
2025-07-17 19:05:00,CALL,20,224.11,58.577758942674286,0.16433894069875352
2025-07-23 08:18:00,PUT,25,225.16,45.54594113156325,0.16432758926985458
2025-07-31 17:27:00,CALL,20,219.22,47.498140552016224,0.16421859319405785
2025-07-28 08:26:00,CALL,20,225.38,58.27482299212853,0.16416718431094354
2025-07-31 16:48:00,PUT,14,219.36,43.96754427353968,0.16411378555799308
2025-07-31 15:49:00,CALL,12,219.36,34.54587950552097,0.16411378555798012
2025-08-05 11:23:00,PUT,14,219.39,55.16263023699697,0.1640913441815877
2025-07-31 14:12:00,CALL,20,219.49,44.7200355752299,0.16401658389903193
2025-08-07 12:11:00,CALL,6,219.53,62.60317097157461,0.16398669885664155
2025-07-31 14:25:00,CALL,6,219.68,55.249260057015526,0.16387472687544846
2025-08-04 17:47:00,PUT,40,220.42,51.84266866667529,0.16386897740676737
2025-08-07 15:57:00,CALL,6,219.7,66.91565353770305,0.16385980883022927
2025-07-28 04:53:00,PUT,40,225.82,57.62532654921152,0.16384731201842376
2025-07-16 09:19:00,CALL,12,219.98,43.228215572644096,0.1636512410219173
2025-07-17 08:24:00,CALL,6,220.13,47.665609171426674,0.1635397265252413
2025-08-04 10:02:00,CALL,20,217.085,66.27049501663089,0.16353041435381982
2025-08-06 10:00:00,CALL,6,220.17,48.7837991550135,0.16351001498842424
2025-07-17 12:48:00,PUT,25,223.24,47.35777846836135,0.16350116466583456
2025-07-17 14:19:00,CALL,12,223.27,48.56921967240276,0.16347919559277138
2025-08-06 18:21:00,CALL,6,220.4,53.42561772845746,0.16333938294010217
2025-07-31 09:31:00,PUT,14,220.51,59.272863998827766,0.16325790213595087
2025-07-15 14:19:00,PUT,25,220.51,48.99023049241976,0.16325790213595087
2025-08-01 10:18:00,CALL,12,214.59,63.71367940603712,0.16310172887832344
2025-08-01 13:53:00,PUT,14,214.76,49.99809551872041,0.1629726205997366
2025-07-30 15:35:00,CALL,20,220.9,51.00669135849892,0.16296966953371897
2025-07-09 05:08:00,CALL,6,221.05,51.90861643556725,0.1628590816557273
2025-07-22 07:30:00,CALL,12,221.14,45.61858989312447,0.16279280094058682
2025-07-28 11:04:00,PUT,14,224.275,50.52934999581586,0.16274662802363574
2025-07-08 11:25:00,CALL,20,221.3,42.88813217983127,0.16267510167193186
2025-07-09 07:06:00,CALL,20,221.39,53.77524849607308,0.16260897059488397
2025-07-10 10:52:00,CALL,12,224.62,62.64818224549249,0.16249666102751717
2025-07-08 12:17:00,CALL,6,221.6199,55.79494415306221,0.16248540857566876
2025-08-01 14:38:00,CALL,6,215.465,69.61508094851982,0.1624393753045712
2025-07-23 09:32:00,PUT,14,224.75,45.556147867287294,0.1624026696329295
2025-07-15 10:48:00,PUT,14,221.73,51.130660052948,0.16235962657285222
2025-07-21 15:26:00,PUT,25,221.89,32.33981305389649,0.1622425526161545
2025-07-23 10:06:00,CALL,20,225.025,68.53421380030403,0.1622041995333766
2025-07-10 15:31:00,PUT,25,225.24,40.06711733982655,0.16204936956136082
2025-07-09 12:48:00,CALL,20,222.22,54.73180073561965,0.1620016200162063
2025-07-23 13:11:00,PUT,40,225.355,35.74655433954506,0.16196667480197052
2025-08-01 07:01:00,CALL,12,216.1,53.62715302813788,0.1619620546043472
2025-07-11 15:35:00,PUT,14,222.26,44.87027263761995,0.16192747232969582
2025-07-09 10:04:00,PUT,14,222.43,40.68370791965646,0.16184867149216098
2025-07-24 09:14:00,PUT,40,225.55,42.34312431918186,0.1618266459765059
2025-08-07 10:56:00,PUT,40,219.385,31.91921369149152,0.16181598559609353
2025-08-01 06:05:00,PUT,25,216.33,39.85852806064023,0.16178985808719212
2025-08-01 07:51:00,CALL,12,216.52,52.55587408498252,0.161647884721963
2025-08-01 05:50:00,PUT,25,216.54,54.76988806754925,0.1616329546504084
2025-08-07 09:12:00,PUT,25,222.78,51.62592340052528,0.16159439806087333
2025-07-16 10:39:00,CALL,6,219.72,45.16727687222188,0.16156926997996987
2025-08-04 06:17:00,PUT,40,216.7,39.37153199883891,0.16151361329026043
2025-07-09 09:51:00,PUT,14,222.93,62.6852497926339,0.16148566814695806
2025-07-11 07:33:00,CALL,20,222.94,62.82957018387011,0.16147842468826304
2025-07-16 10:08:00,CALL,12,219.92,54.44318354407975,0.16142233539469725
2025-08-04 10:20:00,CALL,6,217.3492,61.47119978369219,0.16139925980863626
2025-07-15 15:17:00,PUT,25,219.99,47.52767934469101,0.16137097140779952
2025-07-29 13:38:00,PUT,14,223.09,36.41815695656197,0.1613698507328942
2025-07-11 04:30:00,PUT,40,223.12,37.94906007816424,0.16134815346002762
2025-07-11 04:51:00,PUT,25,223.15,50.79129645132133,0.16132646202106818
2025-07-11 04:59:00,PUT,14,223.16,50.95301873532168,0.16131923283741945
2025-07-09 14:06:00,PUT,14,223.23,67.48220426440241,0.16126864668726662
2025-08-04 10:01:00,CALL,20,217.05,65.24271913897374,0.1612531674729299
2025-07-10 09:53:00,CALL,12,223.39,57.04173414157847,0.1611531402480029
2025-07-10 08:43:00,PUT,25,223.45,37.25914022048092,0.16110986797940713
2025-07-15 07:23:00,PUT,40,223.5,43.21161062363992,0.16107382550336183
2025-08-06 12:25:00,PUT,25,220.48,47.632606444427545,0.16101233671987927
2025-08-05 13:26:00,CALL,12,220.515,61.79309332997718,0.16098678094461522
2025-07-21 12:02:00,PUT,14,223.64,36.57206618082103,0.16097299230906156
2025-07-17 11:46:00,PUT,40,223.66,55.70755759205576,0.16095859787176303
2025-07-30 07:53:00,PUT,14,223.67,58.77225798847873,0.16095140161844917
2025-07-10 08:13:00,PUT,40,223.69,30.430624588607657,0.16093701104206054
2025-08-01 10:43:00,PUT,40,214.42,46.20497871453783,0.16089916985355793
2025-07-30 11:50:00,CALL,20,223.75,48.24680533112896,0.16089385474860946
2025-07-30 10:13:00,CALL,6,223.78,54.39566483901262,0.1608722852801793
2025-07-30 15:16:00,PUT,25,220.87,34.017203038791,0.16072803006294117
2025-07-18 07:27:00,CALL,20,224.09,61.54567982954038,0.16064973894416762
2025-07-24 19:50:00,PUT,25,224.13,55.13788877093121,0.16062106813009647
2025-07-08 10:31:00,CALL,6,221.1,61.800647887113705,0.16056083220263148
2025-07-15 19:44:00,CALL,20,218.21,49.12031109674248,0.1603959488566034
2025-07-15 19:58:00,CALL,6,218.25,49.16119269819478,0.16036655211912684
2025-07-28 12:09:00,PUT,40,224.52,65.68458708404191,0.1603420630678842
2025-07-15 18:11:00,PUT,25,218.47,44.90827703862367,0.16025083535496756
2025-07-15 17:58:00,PUT,25,218.5,47.35478801267951,0.16018306636155347
2025-07-15 17:40:00,PUT,40,218.55,52.08147923681626,0.16014641958362968
2025-07-24 11:26:00,PUT,40,224.8,33.668559858682684,0.16014234875445446
2025-07-31 15:59:00,CALL,12,219.42,48.84184066796303,0.15987603682436463
2025-08-07 13:04:00,PUT,14,219.02,38.09820836790622,0.15980275773902966
2025-07-11 12:43:00,CALL,12,222.17,52.11015330902385,0.15978755007427564
2025-07-14 12:34:00,CALL,12,222.2,48.21771668196403,0.15976597659766797
2025-08-05 11:39:00,CALL,20,219.1,47.18375314334211,0.1597444089456843
2025-07-11 15:27:00,PUT,14,222.35,53.3613221993298,0.15965819653698665
2025-07-24 09:40:00,PUT,14,225.545,51.08298651854155,0.15961338092176072
2025-07-09 13:33:00,CALL,6,222.49,42.38317359230882,0.15955773293181258
2025-07-21 14:45:00,PUT,14,222.78,31.902601678084608,0.15935003142112836
2025-07-21 14:42:00,PUT,14,222.795,31.98654162530994,0.1593393029466504
2025-07-31 13:34:00,CALL,6,219.72,34.01441838278703,0.15929364645912722
2025-07-23 19:19:00,PUT,40,226.15,44.49143621223309,0.1591863807207666
2025-07-25 12:22:00,CALL,6,223.18,44.37180950560871,0.1590644322967962
2025-08-05 12:26:00,CALL,6,220.14,67.1969677629294,0.1589897338057703
2025-08-06 16:29:00,PUT,40,220.6607,58.89435454408847,0.15893178984748493
2025-08-08 11:32:00,PUT,14,220.23,40.93849925769232,0.15892476047767987
2025-07-17 07:29:00,PUT,14,220.34,53.30976142507238,0.15884542071344027
2025-08-07 10:22:00,PUT,14,220.37,31.97252520200246,0.15882379634251229
2025-07-16 08:52:00,PUT,14,220.38,55.17431893377553,0.15881658952717773
2025-07-16 12:21:00,CALL,12,219.132,51.62471147024343,0.15880838946387782
2025-08-04 10:17:00,CALL,6,217.245,60.08420616526677,0.15880687702823948
2025-07-17 14:57:00,CALL,12,223.685,64.00484002137512,0.15870532221650527
2025-07-17 06:05:00,PUT,25,220.58,39.896500887448965,0.15867259044338686
2025-08-05 14:06:00,PUT,14,220.62,31.949728842972263,0.15864382195630236
2025-08-06 15:36:00,PUT,14,220.71,55.372932214282486,0.15857913098635962
2025-07-17 04:44:00,PUT,40,220.72,56.774916768148174,0.1585719463573733
2025-07-28 11:31:00,CALL,20,223.89,45.7763506822506,0.15856000714637467
2025-07-17 08:46:00,CALL,6,220.75,66.77243071856425,0.15855039637598836
2025-07-08 18:40:00,PUT,40,221.2507,44.40800256643054,0.15850797308211415
2025-08-08 10:48:00,PUT,14,220.87,43.49436847391632,0.15846425499162145
2025-08-08 10:23:00,PUT,40,220.95,46.57004911093951,0.15845213849287063
2025-08-08 09:23:00,PUT,25,220.89,37.377322513579,0.15844990719362323
2025-08-08 09:20:00,PUT,25,220.94,41.01580678735554,0.15841404906309148
2025-08-08 09:05:00,PUT,40,220.94,31.28255450424001,0.15841404906309148
2025-08-08 10:41:00,PUT,14,220.96,46.084738574710826,0.15839971035481276
2025-07-30 14:03:00,CALL,6,224.135,33.06644123897135,0.15838668659514052
2025-07-16 15:21:00,CALL,20,220.99,65.59686229284509,0.15837820715869239
2025-08-08 12:25:00,PUT,14,221.02,62.08043299122398,0.1583567098000284
2025-08-08 12:22:00,PUT,14,221.06,67.22154964108636,0.15832805573147304
2025-07-31 05:14:00,PUT,14,221.19,41.896467462479805,0.15823500158234743
2025-08-08 10:08:00,PUT,40,221.22,64.62583419085597,0.158213543079285
2025-07-08 18:36:00,PUT,40,221.25,43.92726774413039,0.15819209039547766
2025-07-09 07:15:00,CALL,12,221.35,50.77269374348817,0.15812062344702701
2025-07-10 10:55:00,CALL,12,224.645,63.37142180049748,0.15802710943933307
2025-07-21 17:44:00,CALL,12,221.7,48.91589916675885,0.15782589084349094
2025-07-09 08:51:00,CALL,20,221.82,58.41507649276417,0.15778559192137512
2025-07-22 10:25:00,CALL,6,221.87,54.2923870873219,0.1577500338035761
2025-07-14 11:08:00,CALL,20,221.88,42.45686285273923,0.15774292410311624
2025-07-09 11:53:00,CALL,12,222.01,56.62364230440422,0.15765055628125885
2025-08-06 04:40:00,PUT,40,222.01,49.83060097853852,0.15765055628124605
2025-08-06 15:13:00,CALL,20,220.5025,60.84273272224468,0.15759458509540553
2025-07-11 11:29:00,CALL,6,222.365,49.63914122243291,0.15739887122523522
2025-07-11 06:54:00,CALL,20,222.46,57.43551785943042,0.1573316551290094
2025-08-07 12:06:00,CALL,6,219.32,57.456884847588526,0.15730439540397542
2025-07-21 14:37:00,PUT,14,222.9,37.81687092641965,0.1572454015253526
2025-07-09 09:56:00,PUT,14,222.6,46.08940670547711,0.15723270440251316
2025-07-25 10:29:00,CALL,6,222.7,44.78608992178077,0.15716210148182433
2025-08-07 15:47:00,CALL,12,219.565,60.8067687863277,0.1571288684444237
2025-07-11 05:42:00,PUT,14,222.76,39.5447834734126,0.15711977015621942
2025-08-04 07:35:00,PUT,14,216.44,52.07362531578962,0.1570874145259672
2025-07-11 09:57:00,PUT,14,222.87,54.922872784481925,0.15704222192309164
2025-08-04 09:34:00,CALL,12,216.53,53.83838891110143,0.15702212164596288
2025-07-21 14:13:00,PUT,40,222.94,40.18996626361929,0.15699291289135836
2025-07-10 12:55:00,CALL,20,225.2765,47.22117720628135,0.1569182759852878
2025-07-10 08:58:00,PUT,14,223.38,43.69637013816792,0.15668367803742247
2025-08-06 11:17:00,CALL,12,220.275,57.74368301843516,0.15662240381341452
2025-08-08 13:21:00,CALL,12,220.295,50.26930649030085,0.15660818447990144
2025-07-10 08:42:00,PUT,25,223.49,38.994466745764704,0.1566065595776199
2025-08-08 11:54:00,CALL,12,220.3,60.90319534882534,0.1566046300499314
2025-07-15 14:36:00,PUT,25,220.305,36.35800911777826,0.15660107578130267
2025-07-10 08:39:00,PUT,25,223.5,38.83151029992919,0.1565995525727044
2025-07-22 15:20:00,PUT,40,223.57,58.57413989590959,0.15655052108958908
2025-07-15 12:28:00,PUT,40,220.445,33.60910239247407,0.1565016217197028
2025-07-10 10:02:00,CALL,6,223.64,60.12263828731151,0.15650152030049308
2025-07-17 15:00:00,CALL,12,223.745,66.72865348828338,0.15642807660506125
2025-07-10 10:12:00,PUT,14,224.06,69.64423763201081,0.15620815852896291
2025-07-24 12:52:00,CALL,20,224.06,40.83645885803715,0.15620815852896291
2025-07-25 08:13:00,CALL,20,224.13,56.26334455836368,0.15615937179315323
2025-07-25 08:09:00,CALL,20,224.13,56.99607877082064,0.15615937179315323
2025-07-24 15:33:00,PUT,14,224.14,33.42321465588367,0.15615240474703057
2025-07-22 19:54:00,CALL,20,224.39,67.04037343507656,0.15597843041134757
2025-07-16 15:44:00,PUT,14,221.2601,61.15008904664097,0.1559702811306703
2025-07-24 11:35:00,PUT,40,224.655,34.06953640727387,0.15579444036411133
2025-07-29 10:12:00,PUT,25,224.66,52.39410280012075,0.15579097302590328
2025-07-08 15:37:00,PUT,14,221.545,52.87699499909984,0.15572457062899137
2025-07-08 12:16:00,CALL,6,221.575,52.78703824022808,0.1557034864041516
2025-07-15 18:09:00,PUT,25,218.5,47.0157758710124,0.15560640732265602
2025-07-15 17:46:00,PUT,40,218.5,48.51976066812434,0.15560640732265602
2025-07-10 11:45:00,CALL,20,224.93,56.29439615143616,0.15560396567820847
2025-07-31 08:55:00,PUT,25,220.55,46.80256258850229,0.15552029018363986
2025-07-24 10:07:00,PUT,14,225.26,42.57198723245871,0.15537600994406212
2025-07-21 15:24:00,PUT,14,222.07,40.36246498725047,0.15535641914711526
2025-07-11 11:58:00,PUT,14,222.145,40.90256619325661,0.15530396812892427
2025-07-23 12:54:00,PUT,25,225.44,41.51662996833072,0.15525195173881934
2025-08-07 14:46:00,CALL,12,219.02,52.571331620596645,0.15523696466076312
2025-07-23 14:09:00,CALL,20,225.52,57.64904244905316,0.15519687832564485
2025-07-23 11:14:00,PUT,25,225.54,45.50840066900296,0.15518311607696833
2025-07-23 12:49:00,PUT,25,225.55,48.13566982387246,0.1551762358678886
2025-07-23 12:48:00,PUT,25,225.6,50.92349853310714,0.1551418439716287
2025-07-09 09:36:00,CALL,6,222.42,58.019451864398896,0.15511195036417538
2025-07-28 05:13:00,PUT,40,225.65,38.00741502506758,0.15510746731663827
2025-08-07 11:12:00,PUT,25,219.26,37.02845657994764,0.15506704369242152
2025-07-11 11:37:00,PUT,14,222.52,53.441895548078655,0.15504224339385173
2025-07-28 08:54:00,PUT,25,225.76,63.08842362381134,0.15503189227497977
2025-07-08 11:44:00,PUT,25,221.6035,58.10655280660649,0.15500657706218807
2025-07-23 06:04:00,PUT,25,225.8,54.91785991429569,0.15500442869797287
2025-07-22 12:22:00,PUT,25,222.605,45.63125281983884,0.15498304171065289
2025-08-07 12:09:00,PUT,40,219.42,59.42592924604939,0.15495396955609106
2025-07-10 13:45:00,PUT,25,225.91,66.88819758438177,0.15492895400823084
2025-07-31 15:38:00,PUT,14,219.55,36.93066447091342,0.15486221817353832
2025-08-07 10:47:00,PUT,25,219.6,32.40445350774401,0.1548269581056482
2025-07-16 12:41:00,CALL,12,219.65,63.62466994151828,0.15479171409060025
2025-08-04 16:06:00,CALL,20,219.66,62.622288974654,0.15478466721296705
2025-08-04 16:03:00,CALL,20,219.67,66.2310915668725,0.1547776209769215
2025-07-31 14:28:00,CALL,20,219.815,58.96324758702706,0.15467552259855033
2025-08-06 10:52:00,CALL,6,219.95,53.850010179062544,0.15458058649693268
2025-07-29 14:53:00,PUT,40,223.21,54.701698833568194,0.15456296760897756
2025-07-16 12:53:00,CALL,20,219.99,68.1792579696831,0.15455247965816782
2025-07-15 15:12:00,PUT,14,220.03,49.47045019917319,0.1545243830386781
2025-07-31 14:47:00,PUT,40,220.12,60.838534914888,0.15446120298019417
2025-08-05 13:11:00,CALL,20,220.32,55.92726046470435,0.15432098765432253
2025-08-05 12:35:00,PUT,14,220.34,64.11900369226795,0.15430698012163174
2025-08-05 10:01:00,PUT,14,220.4199,41.175518515208886,0.15420567743656544
2025-08-05 15:01:00,CALL,20,220.54,64.58938206769366,0.15416704452707147
2025-08-08 11:05:00,PUT,25,220.54,41.12488746328018,0.15416704452707147
2025-07-15 14:09:00,PUT,40,220.62,62.21227519938965,0.15411114132898351
2025-07-21 11:45:00,PUT,14,223.985,38.81051013780788,0.15402817152935566
2025-08-06 08:51:00,PUT,40,220.78,41.18903553687571,0.15399945647250812
2025-07-10 10:30:00,CALL,6,224.1199,57.67672645034818,0.15398007941285097
2025-08-01 10:50:00,PUT,14,214.42,46.0586332506627,0.15390355377296153
2025-08-08 09:31:00,PUT,14,220.93,44.78820164990371,0.15389489883673715
2025-08-01 10:17:00,CALL,6,214.47,62.26774168062057,0.15386767380053737
2025-08-01 14:03:00,CALL,20,214.49,44.40815881515409,0.1538533264954003
2025-07-30 11:04:00,PUT,14,224.245,43.87899490832736,0.15384958416018144
2025-07-28 12:43:00,PUT,40,224.28,35.987082200203574,0.15382557517388928
2025-08-01 10:40:00,CALL,6,214.65,50.84234290781598,0.15373864430467463
2025-07-28 12:10:00,PUT,40,224.49,62.80721585010642,0.15368167847120087
2025-07-08 11:27:00,CALL,12,221.24,41.89544593063912,0.15367926233954232
2025-07-15 11:19:00,CALL,6,221.24,46.32172523987754,0.15367926233954232
2025-07-30 15:55:00,CALL,6,221.26,61.82857189871184,0.15366537105667696
2025-07-09 06:55:00,CALL,20,221.3,45.68443272757446,0.1536375960234862
2025-07-24 12:00:00,PUT,14,224.585,40.93931985161053,0.1536166707482685
2025-07-09 06:58:00,CALL,20,221.36,51.17248627493803,0.15359595229489292
2025-07-15 11:02:00,CALL,6,221.37,49.2266881327775,0.15358901386818602
2025-07-08 11:35:00,CALL,12,221.4,52.00616441814201,0.15356820234869167
2025-07-23 09:05:00,PUT,40,224.73,41.22218523726139,0.15351755439861117
2025-08-01 14:30:00,CALL,6,215.14,65.21951529223281,0.1533884912150286
2025-08-01 15:13:00,PUT,25,215.16,50.49041895538729,0.15337423312882698
2025-07-24 11:16:00,PUT,25,225.02,36.38182014352653,0.15331970491511815
2025-07-09 09:00:00,CALL,12,221.83,57.313008439174894,0.1532705224721521
2025-07-08 12:40:00,PUT,40,221.85,48.010553843263736,0.15325670498084445
2025-07-14 10:56:00,PUT,25,222.1,48.67143006026833,0.15308419630797093
2025-07-11 10:54:00,CALL,6,222.22,34.31659380807835,0.15300153001530167
2025-07-11 06:39:00,CALL,20,222.26,41.57145574764992,0.15297399442095
2025-07-11 14:24:00,CALL,20,222.34,49.75325904932625,0.15291895295493543
2025-07-11 06:52:00,CALL,20,222.41,54.12873421389714,0.15287082415359174
2025-07-22 13:07:00,CALL,20,222.49,54.01245873578373,0.15281585689244614
2025-07-18 14:06:00,PUT,14,222.53,56.22969236131842,0.15278838808250728
2025-07-22 11:59:00,PUT,40,222.67,46.31358452299675,0.1526474154578525
2025-08-07 07:43:00,PUT,40,222.75,45.491699705162105,0.15263748597082083
2025-08-01 07:09:00,CALL,6,216.2,56.89722584894911,0.1526364477335858
2025-08-01 06:23:00,PUT,25,216.2,37.429321923611376,0.15263644773357266
2025-07-11 10:07:00,CALL,20,222.79,49.59987652307742,0.15261008124242714
2025-07-29 13:45:00,CALL,20,222.79,33.151334041442695,0.15261008124242714
2025-07-29 11:56:00,PUT,14,222.9101,56.456282284808125,0.1525727187776627
2025-08-01 07:40:00,CALL,20,216.54,54.899556000458446,0.15239678581325045
2025-07-16 09:03:00,PUT,40,219.95,33.96974646604333,0.1523073425778493
2025-07-29 13:26:00,PUT,14,223.33,55.26659226873203,0.15224107822504965
2025-07-18 11:55:00,PUT,25,223.44,61.488312904422784,0.15216612960974016
2025-07-15 14:48:00,PUT,14,220.33,47.39981412923468,0.15204466028230743
2025-07-17 14:56:00,CALL,12,223.63,60.58542995064009,0.15203684657693664
2025-07-30 08:58:00,PUT,40,223.7101,48.00782363041253,0.15202711008577918
2025-07-10 09:56:00,CALL,12,223.65,65.3012017581968,0.15202325061480143
2025-07-30 09:18:00,PUT,14,223.7,54.6744355026076,0.1519892713455409
2025-07-21 10:19:00,CALL,6,223.815,50.67327917114815,0.15191117664142414
2025-07-30 11:53:00,CALL,20,223.87,55.66346663257256,0.15187385536248868
2025-07-24 12:59:00,CALL,12,224.06,45.7396439249284,0.15174506828528225
2025-07-24 15:39:00,PUT,14,224.065,32.769662475384095,0.15174168210117753
2025-07-10 10:29:00,CALL,6,224.02,53.89212382795846,0.151727524328185
2025-07-24 12:58:00,CALL,12,224.0201,43.060595513698296,0.15172745659876058
2025-07-14 11:27:00,CALL,20,222.1131,59.466309774631,0.15167948220973268
2025-07-25 09:15:00,CALL,12,224.35,49.04004633555376,0.15154891909962265
2025-07-24 14:32:00,PUT,14,224.36,44.30938284725076,0.15154216437867862
2025-07-24 14:14:00,PUT,40,224.48,46.98199156842643,0.15146115466856888
2025-07-28 12:15:00,PUT,40,224.51,60.2094499464957,0.15144091577212748
2025-07-15 11:07:00,PUT,14,221.51,53.65044156651325,0.15123470723668436
2025-07-24 10:40:00,CALL,20,225.09,49.97252833608951,0.1510506908347787
2025-07-23 08:20:00,PUT,25,225.13,44.14309416857455,0.1510238528850013
2025-07-24 11:04:00,PUT,25,225.19,44.07860593511188,0.15098361383720565
2025-07-14 10:07:00,CALL,12,222.035,55.12274477821153,0.15087711396852205
2025-07-21 11:47:00,PUT,14,224.01,43.3765489264943,0.1508414802910542
2025-07-11 11:50:00,PUT,14,222.27,39.077924765607975,0.15071759571692445
2025-07-23 06:28:00,PUT,25,225.64,44.10519387209834,0.15068250310227577
2025-07-24 08:37:00,PUT,40,225.79,39.96714320969815,0.1505823995748277
2025-07-17 10:41:00,CALL,12,222.7899,50.13037931154482,0.15041076817217086
2025-07-16 12:31:00,CALL,20,219.4,58.89145889568897,0.15041020966270924
2025-08-05 11:59:00,CALL,6,219.45,60.59579914998645,0.15037593984962977
2025-07-29 13:53:00,CALL,12,222.795,42.26754165638126,0.15036244080881886
2025-07-31 14:27:00,CALL,20,219.79,58.27883786359404,0.150143318622327
2025-07-31 14:34:00,CALL,12,219.88,57.86964633311075,0.15008186283427893
2025-08-06 10:53:00,CALL,6,219.99,55.12192529341164,0.15000681849174238
2025-07-16 14:21:00,CALL,6,220.09,45.09614964057389,0.1499386614566696
2025-07-30 09:50:00,CALL,6,223.48,46.667558911618826,0.14990155718632897
2025-08-07 12:07:00,CALL,6,219.5,63.765069734749446,0.14988610478360262
2025-08-06 13:56:00,CALL,6,220.18,44.40807411987036,0.14987737305839954
2025-07-31 09:20:00,CALL,12,220.19,33.39503282631297,0.14987056632908513
2025-08-05 14:56:00,CALL,6,220.27,50.33009395943108,0.14981613474371636
2025-07-18 10:20:00,PUT,14,223.615,31.486815457404475,0.14981105918655185
2025-07-15 12:37:00,PUT,25,220.31,32.67121481518173,0.14978893377514071
2025-07-31 09:26:00,CALL,12,220.31,48.27472219821547,0.1497889337751278
2025-08-08 15:59:00,CALL,6,220.32,52.9356577268449,0.1497821350762584
2025-07-30 17:56:00,PUT,14,220.35,48.825445873444295,0.14976174268208944
2025-07-17 06:43:00,PUT,40,220.37,35.34930583974079,0.14974815083723397
2025-08-05 13:21:00,CALL,12,220.37,55.80448722383826,0.1497481508372211
2025-08-06 12:05:00,PUT,40,220.57,51.61776206359082,0.14961236795574379
2025-07-30 16:10:00,PUT,14,220.6,40.36691962582345,0.14959202175883232
2025-07-08 05:20:00,PUT,14,220.6,63.77186874468544,0.14959202175883232
2025-08-05 08:26:00,PUT,14,220.72,38.36995769466896,0.1495106922798172
2025-07-28 11:44:00,CALL,20,224.115,56.05698529119498,0.1494768310911717
2025-08-08 05:09:00,CALL,20,220.79,49.65297869913737,0.14946329090992008
2025-08-05 08:21:00,PUT,14,220.83,42.89530951506063,0.14943621790518158
2025-07-14 07:25:00,CALL,12,220.84,42.31605285175934,0.14942945118637208
2025-07-14 07:23:00,CALL,20,220.85,42.09567652385404,0.14942268508037695
2025-07-28 13:03:00,PUT,25,224.22,47.75963399267007,0.14940683257515297
2025-08-08 10:24:00,PUT,40,220.895,44.75647662789885,0.14939224518436928
2025-08-01 10:57:00,PUT,25,214.29,45.27956410215247,0.14933034672639564
2025-07-08 09:41:00,CALL,6,221.02,62.03729418810531,0.14930775495429557
2025-07-15 11:42:00,CALL,6,221.16,47.194787191235775,0.1492132392837821
2025-07-08 12:45:00,PUT,25,221.831,46.42308811103166,0.14921268893887188
2025-07-30 13:22:00,CALL,20,224.56,49.613447820021904,0.1491806198788778
2025-08-08 08:52:00,PUT,14,221.22,44.841736813339125,0.14917276918904823
2025-07-18 09:34:00,CALL,6,224.575,36.57290334685369,0.14917065568296023
2025-08-08 08:33:00,PUT,40,221.25,46.20488908493308,0.14915254237288703
2025-08-01 13:37:00,PUT,40,214.56,38.477292680728496,0.14914243102162247
2025-08-08 08:24:00,PUT,40,221.27,42.12593479852074,0.14913906087585868
2025-07-10 10:57:00,CALL,12,224.695,65.06884835386433,0.14909099000868198
2025-07-08 19:13:00,PUT,14,221.36,50.86018584476516,0.14907842428623622
2025-07-08 13:19:00,CALL,12,221.42,41.47678627083396,0.14903802727848095
2025-08-08 08:14:00,PUT,14,221.48,53.268173345967085,0.14899765215820124
2025-08-01 13:17:00,PUT,40,214.77,40.95290838074678,0.14899660101504938
2025-07-08 15:34:00,PUT,25,221.59,58.176858159492575,0.14892368789205854
2025-07-08 14:41:00,PUT,40,221.6,45.82403409696691,0.1489169675090181
2025-07-11 16:33:00,PUT,25,221.61,42.62346928409919,0.1489102477325087
2025-07-09 11:09:00,PUT,14,221.7,52.58089099146132,0.1488497970229969
2025-07-09 11:26:00,CALL,20,221.76,61.82365427971448,0.14880952380952947
2025-08-01 16:03:00,CALL,12,215.05,50.65309102453271,0.14880260404556764
2025-07-21 17:23:00,CALL,20,221.72,50.17924498110302,0.14879126826628594
2025-07-23 10:23:00,CALL,6,225.19,59.75198113440262,0.14876326657489586
2025-07-08 12:21:00,CALL,6,221.84,67.6440980811887,0.14875586007932928
2025-07-08 14:00:00,PUT,25,221.84,53.60874286700504,0.14871078254598324
2025-08-07 05:04:00,CALL,12,221.98,62.41750413047898,0.1486620416253773
2025-08-01 09:14:00,PUT,25,215.38,41.563244673081726,0.14857461231311783
2025-07-24 09:29:00,PUT,25,225.52,46.50695996547685,0.14854558354026604
2025-08-07 13:38:00,CALL,20,219.0,53.59332132846967,0.14840182648401307
2025-07-14 10:46:00,PUT,40,222.3199,52.32636167780138,0.14838977527426955
2025-08-01 08:37:00,CALL,6,215.71,43.8307709985294,0.14834731815863575
2025-08-07 14:36:00,CALL,20,219.115,60.39307752082473,0.1483239394838275
2025-07-29 11:45:00,CALL,6,222.58,45.37246062684769,0.14826129930810678
2025-08-01 06:56:00,CALL,12,215.84,41.53967079462025,0.14825796886582338
2025-08-01 06:52:00,CALL,12,215.87,40.36659706247175,0.14823736508083254
2025-08-01 08:47:00,PUT,14,215.88,47.08063989273989,0.1482304984250478
2025-07-09 09:55:00,PUT,14,222.68,49.14448369193802,0.14819471887911465
2025-07-11 10:01:00,PUT,40,222.83,51.99626453454976,0.1480949602836299
2025-08-07 07:29:00,PUT,25,222.88,57.785834628619696,0.14806173725771002
2025-07-11 09:38:00,PUT,14,222.91,44.459875644527656,0.1480418105961976
2025-07-14 15:52:00,CALL,6,222.97,50.99418956341157,0.1480019733596504
2025-07-31 14:24:00,CALL,12,219.645,54.33354943206306,0.14796603610370765
2025-07-17 13:29:00,CALL,12,223.06,51.80479647196351,0.14794225768850716
2025-07-30 04:25:00,CALL,12,223.17,51.83530015241345,0.14786933727652127
2025-07-30 04:23:00,CALL,20,223.18,52.77709679033001,0.1478627117125119
2025-07-30 04:28:00,CALL,12,223.24,57.3991412044374,0.14782297079375742
2025-07-30 04:32:00,CALL,12,223.31,62.58485598613545,0.14777663337959968
2025-08-04 09:37:00,CALL,12,216.58,55.52938088224365,0.1477514082556068
2025-07-25 10:48:00,PUT,25,223.37,61.41701212936507,0.1477369387115604
2025-07-15 15:13:00,PUT,14,220.0,47.56575833055548,0.14772727272726757
2025-07-31 14:51:00,PUT,25,220.09,56.63227094679468,0.1476668635558258
2025-07-15 07:05:00,PUT,40,223.52,48.61293626549148,0.14763779527559615
2025-08-04 04:54:00,PUT,40,217.02,63.86371510349733,0.14745184775597714
2025-07-28 11:28:00,CALL,20,223.87,43.751698569449424,0.1474516460445738
2025-07-28 11:34:00,CALL,20,223.94,48.360242678489264,0.1473609002411416
2025-08-04 11:45:00,CALL,12,217.8692,51.41836716285361,0.14729020898777553
2025-07-21 11:40:00,PUT,14,224.08,42.16684819113997,0.14726883255980566
2025-07-24 15:35:00,PUT,14,224.08,30.871787688990292,0.14726883255980566
2025-08-08 15:21:00,PUT,14,220.695,56.847078978424406,0.14726205849701562
2025-07-25 08:14:00,CALL,20,224.17,59.48577012809455,0.14720970691886182
2025-08-05 15:02:00,CALL,20,220.6,67.13223523097129,0.14718948322756442
2025-07-30 14:20:00,CALL,12,224.23,43.682088304881134,0.1471703161932001
2025-08-04 10:55:00,CALL,12,217.45,51.47946053612306,0.14716026672799337
2025-07-29 10:04:00,PUT,40,224.42,38.78395870086373,0.14704571785045187
2025-07-30 10:41:00,PUT,25,224.42,62.61892536466265,0.14704571785045187
2025-07-28 12:36:00,PUT,14,224.475,45.51228321997298,0.14700968927496785
2025-07-29 10:23:00,PUT,25,224.49,43.151359173041314,0.14699986636376342
2025-07-30 13:55:00,PUT,25,224.56,37.94562097926984,0.1469540434627772
2025-07-30 13:54:00,PUT,14,224.66,44.67794152077824,0.1468886317101327
2025-07-09 11:19:00,CALL,6,221.285,41.78304947985568,0.14686942178639179
2025-07-16 11:42:00,CALL,12,218.13,49.62071497607892,0.1468390409388911
2025-08-01 13:46:00,PUT,25,214.605,45.24500380346815,0.14678129586915392
2025-07-30 13:44:00,PUT,14,224.87,64.09860610738968,0.14675145639703494
2025-07-08 15:38:00,PUT,14,221.51,49.690549480362,0.14672023836395134
2025-07-23 10:35:00,CALL,6,225.29,53.10006894012827,0.14647787296374118
2025-07-23 10:24:00,CALL,6,225.29,62.74854292180283,0.14647787296374118
2025-07-23 11:17:00,PUT,25,225.475,42.44616817577948,0.14635768932253426
2025-07-23 13:47:00,PUT,14,225.58,65.61677457022262,0.1462895646777252
2025-07-22 12:51:00,CALL,6,222.305,47.05417743080333,0.1461955421605401
2025-07-10 13:38:00,PUT,40,225.81,66.02863570648765,0.1461405606483382
2025-07-18 12:45:00,PUT,14,222.48,42.21131108520622,0.14608054656597835
2025-07-24 08:20:00,PUT,25,226.03,54.873931110705016,0.1459983188072435
2025-07-16 12:27:00,CALL,12,219.29,56.278347470020535,0.14592548679831346
2025-07-31 18:00:00,CALL,6,219.38,56.48619146721524,0.1458656212963776
2025-07-29 15:33:00,PUT,14,222.865,35.26573455472635,0.14582819195477847
2025-08-04 18:05:00,PUT,25,220.38,48.11580532120106,0.1457482530175173
2025-07-18 10:44:00,CALL,6,223.005,39.641342535672784,0.14573664267618083
2025-07-23 16:17:00,PUT,40,226.49,50.48938375808781,0.14570179698883506
2025-07-31 18:07:00,PUT,14,219.63,60.65079650718782,0.14569958566680016
2025-07-17 12:34:00,PUT,40,223.24,41.06598470591626,0.1455832288120485
2025-08-05 04:05:00,CALL,20,220.1,49.36600900916264,0.145388459791001
2025-07-31 13:47:00,PUT,14,220.16,49.62723001129956,0.14534883720929923
2025-08-05 13:07:00,CALL,20,220.25,53.39841763100947,0.1452894438138448
2025-08-05 09:32:00,CALL,6,220.27,44.40529878399519,0.14527625187269858
2025-07-31 09:27:00,CALL,20,220.35,51.24621027105815,0.14522350805536338
2025-07-31 11:00:00,CALL,6,220.37,32.71209737244301,0.14521032808458192
2025-08-04 18:03:00,PUT,25,220.37,46.80639339128235,0.14521032808458192
2025-07-24 14:04:00,PUT,40,224.5711,57.83593583378524,0.14521013612169897
2025-08-08 15:34:00,PUT,14,220.45,34.84278345645977,0.145157632116123
2025-08-05 14:14:00,PUT,14,220.45,30.676740516038706,0.145157632116123
2025-07-28 15:52:00,CALL,12,223.955,49.93416917141643,0.14511843897210983
2025-07-17 06:14:00,PUT,25,220.51,35.21534041231746,0.14511813523195918
2025-07-31 10:55:00,PUT,25,220.52,30.866352305300097,0.14511155450753746
2025-08-08 16:02:00,CALL,12,220.53,68.55935870671073,0.14510497437989986
2025-08-08 10:59:00,PUT,25,220.54,32.96409411527493,0.1450983948490039
2025-07-30 14:21:00,PUT,25,224.095,38.650389095141385,0.14502777839754954
2025-07-14 04:48:00,CALL,20,220.71,56.10115719127396,0.1449866340446709
2025-08-06 11:35:00,PUT,14,220.72,63.67658225981323,0.14498006524102627
2025-08-05 07:51:00,PUT,40,220.78,53.06426440416693,0.14494066491529722
2025-07-17 08:48:00,CALL,6,220.82,69.08805829648861,0.144914409926634
2025-07-31 06:38:00,PUT,14,220.84,43.45396532136356,0.14490128599891017
2025-08-04 10:51:00,CALL,12,217.44,50.61202320715624,0.14486754966887314
2025-07-08 10:16:00,CALL,20,220.92,51.64577464143083,0.14484881405034475
2025-07-15 11:33:00,PUT,40,220.98,35.95580247166022,0.1448094850212658
2025-08-08 15:29:00,PUT,14,220.58,43.96132827305219,0.1448000725360421
2025-08-06 19:12:00,PUT,14,221.04,71.44085781622685,0.14477017734346417
2025-07-08 19:30:00,PUT,25,221.07,36.0169043483461,0.1447505315058548
2025-07-16 15:48:00,PUT,25,221.2,55.27126872271899,0.14466546112115425
2025-07-08 18:25:00,PUT,40,221.32,47.270039015792726,0.14458702331465442
2025-07-09 10:48:00,CALL,20,221.46,43.43692419964087,0.14449561997651636
2025-07-08 12:18:00,CALL,6,221.73,62.16097326904686,0.1443196680647732
2025-07-09 09:02:00,CALL,6,221.83,56.717576941636594,0.14425460938556245
2025-07-14 10:01:00,CALL,12,221.88,50.42842909470768,0.14422210203713412
2025-08-01 15:55:00,CALL,20,215.06,50.7366102910365,0.1441458197712277
2025-08-01 15:14:00,PUT,25,215.11,47.68144321608015,0.14411231462972537
2025-08-01 15:25:00,PUT,14,215.11,47.42707398424611,0.14411231462972537
2025-07-23 10:58:00,PUT,40,225.525,49.68141147339219,0.14410819199646027
2025-08-01 16:08:00,CALL,6,215.12,53.52706997144803,0.14410561547043615
2025-07-11 11:15:00,CALL,6,222.25,42.571350569210885,0.14398200224971572
2025-07-10 13:39:00,PUT,40,225.76,60.34040929170597,0.1439581856839071
2025-08-07 15:28:00,CALL,6,219.035,43.8023212041933,0.1438126326842732
2025-08-07 11:51:00,CALL,6,219.055,50.34171920441165,0.14379950240807
2025-07-11 05:51:00,PUT,14,222.56,30.084185424533587,0.14378145219266408
2025-07-18 14:05:00,PUT,14,222.56,58.97931284544101,0.14378145219266408
2025-07-11 10:10:00,CALL,12,222.6599,45.05414963453675,0.14376185384076634
2025-07-18 12:25:00,PUT,14,222.77,31.04558830479884,0.14364591282489636
2025-08-07 07:28:00,PUT,25,222.91,60.87537670948228,0.14355569512358943
2025-07-22 13:59:00,CALL,12,222.92,46.95487218623845,0.14354925533824764
2025-07-29 14:27:00,CALL,12,222.92,47.0467788658813,0.14354925533824764
2025-07-17 11:17:00,CALL,6,222.93,54.02020787848673,0.1435428161306209
2025-07-10 09:41:00,CALL,6,223.03,43.00781612363244,0.14347845581311625
2025-07-18 11:37:00,CALL,12,223.07,51.33945096743299,0.14345272784327484
2025-08-07 10:51:00,PUT,25,219.6,36.52301028541595,0.14344262295081864
2025-07-29 13:37:00,PUT,14,223.13,38.78730277235456,0.1434141531842393
2025-08-07 12:12:00,CALL,12,219.665,66.72131280006516,0.14340017754307594
2025-08-04 08:00:00,CALL,20,216.19,41.28843647658906,0.1433923863268432
2025-07-15 07:55:00,PUT,25,223.29,37.14025349756925,0.14331138877692381
2025-07-10 08:59:00,PUT,14,223.32,40.215815928542135,0.14329213684398764
2025-07-10 05:28:00,CALL,12,223.48,54.65251808220044,0.14318954716306678
2025-07-21 09:48:00,CALL,6,223.48,53.11919571718553,0.14318954716306678
2025-08-05 12:42:00,CALL,12,219.995,45.61904451447349,0.1431850723880078
2025-08-01 05:53:00,PUT,14,216.51,51.59129002037562,0.14318045355872813
2025-07-09 15:54:00,CALL,20,223.51,61.60317252740126,0.14317032794954213
2025-07-22 15:25:00,PUT,40,223.58,54.74741243710579,0.14312550317560677
2025-07-17 12:46:00,PUT,25,223.2845,50.20756606674036,0.14309098929840852
2025-08-04 06:37:00,PUT,25,216.65,41.46550370283121,0.14308792984075802
2025-07-10 08:34:00,PUT,14,223.65,44.27156524361872,0.14308070646098509
2025-07-15 08:54:00,CALL,20,223.65,56.39245492447125,0.14308070646098509
2025-07-17 12:03:00,PUT,14,223.77,52.81373578960813,0.14300397729812825
2025-08-05 13:09:00,CALL,20,220.275,54.08303950172086,0.14300306435137794
2025-08-04 06:15:00,PUT,25,216.78,45.88305734108079,0.14300212196697218
2025-07-09 16:13:00,PUT,14,223.8,68.13287718230292,0.14298480786417408
2025-07-21 08:38:00,PUT,25,223.86,48.29440112561274,0.1429464844099087
2025-07-21 11:49:00,PUT,14,223.92,37.8634968516009,0.14290818149338747
2025-08-04 04:51:00,PUT,40,217.0,65.59718272987286,0.1428571428571439
2025-07-30 11:07:00,PUT,25,224.05,33.808405776203344,0.1428252622182645
2025-07-24 13:04:00,CALL,12,224.1699,53.62674772899953,0.1427934794100352
2025-08-08 14:01:00,PUT,25,220.635,51.48528463140021,0.14276973281664185
2025-07-28 13:12:00,PUT,14,224.15,44.15729581409681,0.14276154360918725
2025-07-30 15:34:00,CALL,20,220.73,47.67651081138778,0.14270828614143874
2025-07-28 10:54:00,PUT,25,224.24,48.14068615348261,0.1427042454513118
2025-07-16 15:07:00,CALL,12,220.7001,54.93275127039779,0.14268230961381279
2025-07-29 10:37:00,PUT,14,224.31,38.84447926928096,0.14265971200570335
2025-07-24 14:38:00,PUT,14,224.35,44.43150460365016,0.14263427679964039
2025-08-04 10:18:00,CALL,6,217.35,62.98515580643553,0.1426270991488393
2025-07-08 10:15:00,CALL,20,220.89,50.37463796588683,0.14260491647427503
2025-07-29 10:33:00,PUT,14,224.46,43.81723290113779,0.14256437672637512
2025-07-18 09:41:00,PUT,14,224.71,44.00960147275071,0.14240576743359065
2025-08-04 11:06:00,CALL,6,217.695,57.85214467720058,0.1424010657112025
2025-07-08 09:59:00,PUT,14,221.24,56.69238517940026,0.14237931657927938
2025-07-24 10:23:00,CALL,6,224.84,41.67787014889913,0.14232342999465983
2025-07-30 13:41:00,PUT,14,224.88,67.29377843622773,0.1422981145499792
2025-07-24 10:12:00,PUT,14,224.99,33.968608436233794,0.14222854349083142
2025-07-10 10:48:00,CALL,6,224.301,50.40927163277902,0.14221960668923314
2025-07-08 11:18:00,PUT,14,221.655,57.32280223706598,0.14211274277593455
2025-07-29 09:10:00,PUT,25,225.48,46.827306383538,0.1419194607060463
2025-07-28 08:39:00,CALL,20,225.56,67.50888956614983,0.14186912573150964
2025-07-10 13:24:00,CALL,20,225.63,59.88116386984817,0.14182511190887434
2025-07-14 10:36:00,CALL,6,222.225,53.81926366970493,0.14174822814714713
2025-07-11 11:49:00,PUT,14,222.315,40.84513177932798,0.14169084407259866
2025-07-23 12:05:00,PUT,25,225.87,62.946460961309526,0.14167441448620585
2025-07-09 09:34:00,CALL,6,222.47,63.08393725010775,0.14159212478086833
2025-07-11 13:24:00,PUT,25,222.51,55.411690512531806,0.1415666711608457
2025-07-29 11:32:00,CALL,20,222.565,26.269138476785784,0.14153168737222732
2025-07-31 17:26:00,CALL,20,219.11,43.81367620115263,0.14148144767467202
2025-08-04 10:43:00,CALL,20,217.4475,50.41705705299595,0.14141344462456665
2025-07-25 10:30:00,CALL,6,222.775,47.52643027899949,0.14139827179889922
2025-07-11 10:16:00,CALL,12,222.795,53.14453540835096,0.1413855786709873
2025-07-17 13:14:00,CALL,20,222.915,40.16210723501453,0.1413094677343372
2025-07-29 13:01:00,CALL,6,223.09,69.42498976974252,0.14119861939127604
2025-08-06 10:26:00,CALL,12,219.59,36.8982157286206,0.14117218452570804
2025-08-06 10:27:00,CALL,12,219.62,37.93318163709452,0.14115290046443962
2025-07-31 16:24:00,PUT,25,219.71,56.57464939358648,0.14109507987802206
2025-08-07 10:50:00,PUT,14,219.78,40.842074274004176,0.14105014105014207
2025-07-15 13:18:00,CALL,6,219.94,44.74344876662076,0.14094753114485872
2025-08-08 08:25:00,PUT,40,221.2016,38.29059964645669,0.14086697383745278
2025-07-31 11:24:00,CALL,6,220.07,42.34004814591815,0.14086427045940034
2025-08-05 04:21:00,CALL,6,220.15,58.49042906393865,0.1408130819895536
2025-08-08 13:18:00,CALL,12,220.235,44.70983887191212,0.14075873498761496
2025-08-05 09:31:00,CALL,6,220.24,43.07131672019805,0.14075553941155206
2025-08-08 09:41:00,CALL,6,220.3,27.044028278533705,0.14071720381298333
2025-08-08 13:22:00,CALL,20,220.38,57.01449237801755,0.14066612215264648
2025-08-05 05:25:00,CALL,12,220.39,67.63348663860634,0.14065973955261232
2025-07-17 08:36:00,CALL,6,220.41,58.89317448968822,0.1406469760900151
2025-07-14 04:29:00,CALL,12,220.47,39.33473908640023,0.140608699596318
2025-07-28 15:48:00,CALL,12,224.045,61.56702666124507,0.1405967551161714
2025-07-29 10:45:00,PUT,14,224.065,33.17213219591366,0.14058420547608852
2025-08-05 09:25:00,CALL,20,220.53,58.39971481352493,0.14057044393053203
2025-08-06 17:18:00,PUT,25,220.56,47.88961446505877,0.1405513239027939
2025-08-05 13:27:00,CALL,12,220.57,64.068799371432,0.14054495171600956
2025-07-15 13:39:00,PUT,14,220.57,66.31252731236262,0.14054495171600956
2025-08-08 05:11:00,CALL,20,220.8,50.83547998665422,0.1403985507246387
2025-08-05 07:49:00,PUT,40,220.82,56.4033546158653,0.1403858346164307
2025-07-18 09:44:00,PUT,25,224.485,37.95400432037862,0.1403211795888483
2025-08-08 05:32:00,CALL,20,220.93,57.65740502990999,0.14031593717467172
2025-07-24 11:47:00,PUT,25,224.635,41.99409072385232,0.1402274801344393
2025-07-08 10:34:00,CALL,6,221.225,65.72050514402923,0.14012882811617236
2025-08-08 10:12:00,PUT,14,221.23,59.3002104708765,0.14012566107670854
2025-07-09 04:09:00,PUT,25,221.25,63.28596708382312,0.14011299435028352
2025-08-01 10:51:00,PUT,40,214.15,42.10819708499096,0.14008872285781523
2025-07-09 07:09:00,CALL,12,221.33,48.96935829811631,0.14006235033658965
2025-07-08 18:00:00,PUT,40,221.34,50.33820143018288,0.14005602240896461
2025-07-08 10:48:00,CALL,20,221.38,58.2124149712378,0.1400307164152147
2025-07-15 11:29:00,PUT,25,221.39,50.158124230514645,0.14002439134557743
2025-07-31 10:20:00,PUT,14,221.41,48.20833802812009,0.140011742920375
2025-07-24 09:54:00,PUT,25,225.185,35.843120337372724,0.1398849834580446
2025-08-01 10:19:00,PUT,40,214.48,61.39126614427423,0.1398731816486306
2025-08-06 07:13:00,PUT,25,221.66,48.88353824846506,0.1398538301903827
2025-07-08 14:51:00,PUT,25,221.67,53.54731338945594,0.13984752108989665
2025-07-24 09:55:00,CALL,6,225.27,40.26907291071839,0.13983220135836893
2025-08-01 10:20:00,CALL,6,214.68,63.963284213732656,0.13974287311346326
2025-07-16 11:25:00,CALL,20,218.275,34.40261719972786,0.1397319894628367
2025-07-14 11:09:00,CALL,20,221.94,45.09051007839549,0.1396773902856638
2025-07-22 10:28:00,CALL,6,221.94,55.93156221847028,0.1396773902856638
2025-07-15 11:37:00,CALL,12,221.1112,43.03674600212198,0.1396582353132681
2025-08-01 13:34:00,PUT,25,214.85,48.03294150387698,0.13963230160576354
2025-07-11 11:53:00,PUT,14,222.1,32.91763256384675,0.1395767672219731
2025-07-10 11:49:00,CALL,20,225.035,60.012312590182255,0.13953385028995177
2025-07-11 12:45:00,CALL,12,222.18,52.68246370663234,0.13948150148528174
2025-07-11 14:34:00,CALL,12,222.32,50.87780837732309,0.1394386469953231
2025-07-22 12:02:00,PUT,40,222.59,42.08020255987472,0.1392695089626678
2025-07-11 08:29:00,CALL,20,222.9097,44.9368322966385,0.13920435046120122
2025-08-07 08:57:00,PUT,40,222.71,56.03019764597958,0.1391944681424284
2025-07-16 12:14:00,CALL,20,219.12,52.86139061372839,0.1391931361810911
2025-07-11 05:20:00,PUT,25,222.8,36.73177442317624,0.1391382405745073
2025-07-16 12:16:00,CALL,20,219.245,55.23389339830644,0.13911377682501622
2025-07-21 13:52:00,CALL,12,222.92,42.84312684761602,0.13906334110891902
2025-07-14 15:46:00,CALL,12,222.99,54.41853092729852,0.13901968698148
2025-07-14 17:18:00,PUT,40,223.02,43.83264658418007,0.13900098645861458
2025-07-18 10:31:00,CALL,20,223.05,26.70622674661449,0.1389822909661521
2025-07-18 10:46:00,PUT,14,223.07,43.08218164850826,0.13896983009817648
2025-07-18 11:31:00,CALL,20,223.1799,57.16154254509166,0.13894620438489558
2025-07-17 10:05:00,PUT,14,223.12,61.61389080564417,0.13893868770168621
2025-07-10 09:35:00,CALL,20,223.23,51.376595158945776,0.13887022353626408
2025-08-01 12:15:00,PUT,25,216.03,60.313785425674304,0.13886960144424912
2025-07-10 09:51:00,CALL,6,223.29,53.531817052194,0.13883290787764893
2025-07-10 09:36:00,CALL,20,223.34,57.488674746944966,0.13880182681114098
2025-07-17 10:00:00,CALL,6,222.84,56.80570866476176,0.1387991383952645
2025-07-15 08:45:00,CALL,12,223.4,49.212048074907976,0.13876454789615142
2025-07-30 14:41:00,CALL,6,223.48,31.59168657275167,0.1387148738142126
2025-07-15 07:41:00,PUT,25,223.5,48.52004263875935,0.13870246085011287
2025-07-10 09:54:00,CALL,12,223.53,61.63498741564001,0.13868384556882846
2025-07-22 15:22:00,PUT,40,223.6,58.84455720351345,0.13864042933810478
2025-07-21 09:53:00,CALL,6,223.65,60.57054435277558,0.13860943438408327
2025-08-04 06:53:00,PUT,14,216.5,40.08153619305379,0.13856812933025928
2025-08-01 05:14:00,PUT,14,216.55,48.57155493909872,0.13853613484184316
2025-08-06 11:15:00,CALL,6,220.18,54.18697716279669,0.13852302661459115
2025-08-04 11:49:00,CALL,12,217.875,52.430186227499554,0.13847389558233433
2025-07-30 10:18:00,CALL,12,223.94,61.61975224591637,0.1384299365901591
2025-07-21 11:42:00,PUT,25,223.94,32.34616294702842,0.1384299365901591
2025-07-28 13:42:00,PUT,25,223.97,46.54672872566153,0.13841139438317734
2025-08-08 14:27:00,CALL,20,220.42,42.40121277079388,0.13837219853008204
2025-08-06 11:20:00,CALL,12,220.495,65.00709405188606,0.1383251320891661
2025-07-18 05:48:00,PUT,14,224.14,54.02912907926788,0.1383064156330748
2025-08-04 05:25:00,PUT,40,216.96,52.18016933681562,0.13827433628319108
2025-08-08 12:30:00,PUT,25,220.6801,40.408762655445,0.13825442348449637
2025-07-24 12:32:00,PUT,25,224.27,43.84604445107051,0.13822624515093515
2025-07-18 04:24:00,PUT,40,224.27,52.49117215065323,0.13822624515093515
2025-07-30 15:31:00,CALL,20,220.78,47.41120729106808,0.13814657124739868
2025-07-29 10:06:00,PUT,40,224.43,40.11736922225322,0.13812770128770763
2025-07-24 14:28:00,PUT,25,224.43,50.01387513293307,0.13812770128770763
2025-07-30 13:24:00,CALL,20,224.56,49.94157547444768,0.13804773779836224
2025-07-28 12:18:00,PUT,25,224.59,63.7536355954628,0.13802929783160528
2025-07-18 08:09:00,CALL,6,224.64,69.38397397384249,0.13799857549857653
2025-07-24 11:22:00,PUT,14,224.9,35.85880364995454,0.13783903957314464
2025-07-08 12:13:00,CALL,6,221.455,44.39535704884766,0.13772549727934721
2025-07-18 08:47:00,CALL,20,225.12,57.9817284737625,0.13770433546553051
2025-07-10 14:58:00,CALL,20,225.14,38.04285403563363,0.13769210269165955
2025-07-29 08:03:00,CALL,12,225.14,52.61172177839551,0.13769210269165955
2025-07-09 10:51:00,CALL,12,221.53,48.255663247856674,0.13767886967905332
2025-07-10 12:54:00,CALL,12,225.24,44.42580455897028,0.13767536849581655
2025-07-10 15:32:00,PUT,25,225.17,35.75764707039389,0.13767375760535325
2025-07-23 08:08:00,PUT,25,225.28,50.32529202696256,0.1376065340909101
2025-07-29 06:42:00,PUT,25,225.32,66.03631591709662,0.13758210545002764
2025-07-23 10:36:00,CALL,6,225.35,55.11795989970143,0.13756378966052907
2025-07-08 12:19:00,CALL,6,221.76,63.6951654263799,0.13753607503607812
2025-07-23 10:55:00,PUT,40,225.59,53.32256206912727,0.13741743871625614
2025-07-15 19:45:00,CALL,20,218.2801,55.54400578772547,0.13739227717048327
2025-07-28 05:00:00,PUT,40,225.72,46.746899317961045,0.13733829523303306
2025-07-24 07:15:00,CALL,12,225.78,50.92805175407027,0.13730179821064853
2025-07-10 13:57:00,PUT,14,225.88,53.30465411048188,0.13724101292721902
2025-07-09 12:51:00,CALL,20,222.255,57.02390335457076,0.13722975861060802
2025-07-16 04:20:00,CALL,12,218.73,65.80245248749982,0.1371553970648797
2025-07-23 15:17:00,CALL,20,226.04,56.44663941143043,0.1371438683418874
2025-07-15 16:09:00,PUT,14,218.77,31.387813987289206,0.13713031951364965
2025-07-14 10:43:00,PUT,14,222.45,58.2965019116342,0.13710946280061964
2025-07-18 12:47:00,PUT,14,222.465,42.40178080683956,0.13710021801182515
2025-08-07 13:36:00,CALL,6,218.82,46.4981574035664,0.13709898546751273
2025-08-04 15:11:00,CALL,6,219.14,64.47932830694685,0.1368987861641012
2025-07-31 17:29:00,CALL,20,219.28,49.44550296724076,0.1368113827070464
2025-07-09 15:21:00,CALL,12,223.06,64.5170581332745,0.13673451089393293
2025-08-07 10:46:00,PUT,25,219.8005,37.0852751805184,0.13671488463402018
2025-07-17 13:18:00,CALL,20,223.095,52.31935563810468,0.13671305945897794
2025-08-05 12:02:00,CALL,6,219.5,61.540606530037934,0.1366742596810986
2025-07-30 16:13:00,PUT,14,220.5513,40.2994347703595,0.13661220768138646
2025-07-25 10:55:00,PUT,25,223.35,55.439640025357,0.13655697336020006
2025-07-15 15:32:00,PUT,14,219.76,40.92007795038866,0.13651255915543453
2025-07-17 14:50:00,CALL,12,223.54,55.54514087805791,0.13644090543079843
2025-07-31 13:35:00,CALL,6,219.9,40.5448831164566,0.13642564802182033
2025-08-05 04:11:00,CALL,12,220.06,49.573387154697855,0.13632645642098126
2025-07-17 11:43:00,PUT,40,223.74,64.20697464870476,0.1363189416286792
2025-07-28 11:27:00,CALL,20,223.79,40.12907952815552,0.13628848474016125
2025-07-16 11:05:00,CALL,6,220.16,53.02068776350914,0.13626453488372609
2025-08-08 11:50:00,CALL,6,220.17,54.63864616743358,0.13625834582368687
2025-07-16 14:14:00,CALL,20,220.18,46.69130126933869,0.13625215732581658
2025-07-15 13:51:00,CALL,12,220.18,41.45871356809713,0.13625215732581658
2025-08-06 13:54:00,CALL,12,220.19,44.37013957429468,0.13624596939007738
2025-07-17 08:17:00,CALL,20,220.21,49.66347793207277,0.1362335952045697
2025-08-05 14:42:00,CALL,20,220.3,51.69071880620961,0.1361779391738461
2025-07-08 08:04:00,CALL,12,220.31,41.41906987083529,0.13617175797740064
2025-07-17 06:49:00,PUT,40,220.34,36.74642110506173,0.13615321775438477
2025-08-07 17:48:00,CALL,20,220.35,50.85271656151029,0.1361470388019112
2025-07-15 13:52:00,CALL,20,220.35,52.016467277561645,0.1361470388019112
2025-07-15 12:26:00,PUT,40,220.46,33.264269397901444,0.13607910732106113
2025-08-06 11:26:00,CALL,6,220.5,63.58838713720871,0.13605442176871263
2025-08-08 12:51:00,PUT,25,220.46,32.26413923338721,0.13603374761861928
2025-07-08 05:33:00,PUT,14,220.54,57.86295007005387,0.13602974517093633
2025-07-28 11:54:00,CALL,20,224.27,61.79851517085688,0.13599678958397396
2025-08-08 10:55:00,PUT,25,220.61,34.39563821314853,0.13598658265718297
2025-08-06 16:33:00,PUT,40,220.65,56.55655698454004,0.13596193065942053
2025-07-30 15:30:00,CALL,20,220.66,45.00018082341131,0.13595576905647214
2025-07-08 09:35:00,CALL,6,220.72,52.0554015008946,0.13591881116347018
2025-08-06 08:52:00,PUT,40,220.73,37.421919570436565,0.13591265346803016
2025-08-05 08:22:00,PUT,14,220.74,38.55414233195868,0.13590649633052973
2025-08-05 07:35:00,CALL,20,220.74,54.54797897569205,0.13590649633051685
2025-08-05 09:57:00,PUT,14,220.77,50.196695216328266,0.13588802826471502
2025-08-06 08:47:00,CALL,20,220.79,40.28133566016872,0.13587571900901824
2025-07-30 15:18:00,PUT,14,220.82,34.47449641055984,0.13585725930621453
2025-07-15 12:08:00,PUT,25,220.88,37.28018412288237,0.13582035494385322
2025-07-31 12:13:00,CALL,12,220.97,55.51738067226368,0.13576503597773967
2025-07-14 08:23:00,PUT,40,221.0,47.20330439304468,0.13574660633484675
2025-07-30 15:08:00,CALL,6,221.1199,31.17107626233981,0.13571822346156373
2025-08-05 09:29:00,CALL,20,220.63,61.58894740303542,0.13565698227802953
2025-08-08 08:54:00,PUT,14,221.2,43.22571051977096,0.1356238698010773
2025-07-08 18:13:00,PUT,40,221.3,46.01990194427871,0.13556258472662058
2025-08-08 08:00:00,PUT,40,221.41,51.13940410188405,0.13549523508422517
2025-07-08 12:12:00,CALL,6,221.43,42.48743882062101,0.13548299688388338
2025-08-01 10:15:00,CALL,6,214.12,57.97275751758923,0.13543807210909398
2025-07-31 10:16:00,PUT,25,221.51,51.53074655718902,0.135434066182106
2025-07-08 15:36:00,PUT,14,221.58,56.22492934833203,0.13539128080152152
2025-07-08 13:35:00,CALL,20,221.66,51.11039191539966,0.1353424163132777
2025-07-08 13:43:00,CALL,12,221.66,51.27361291158808,0.1353424163132777
2025-08-06 06:33:00,PUT,40,221.7,46.69893157139433,0.13531799729363236
2025-08-07 04:50:00,CALL,12,221.89,62.76157364296862,0.13520212718013944
2025-08-01 10:42:00,PUT,14,214.64,50.38976730650023,0.1351099515467723
2025-07-14 10:27:00,PUT,40,222.1,45.852102335087295,0.1350742908599653
2025-07-14 12:33:00,CALL,12,222.17,46.44179138220126,0.13503173245713254
2025-07-18 17:22:00,CALL,20,222.29,50.7317119818856,0.134958837554551
2025-07-09 12:57:00,CALL,20,222.405,62.70955896688516,0.13488905375329302
2025-07-08 09:51:00,CALL,6,221.07,54.11648126459807,0.13479893246483096
2025-08-01 15:30:00,PUT,14,215.16,49.6427484774246,0.13478341699200225
2025-07-11 07:07:00,CALL,20,222.6,57.68834203696236,0.13477088948787572
2025-07-11 05:21:00,PUT,25,222.71,33.3896631324577,0.13470432400880578
2025-07-09 14:44:00,CALL,20,222.72,42.10248906938737,0.13469827586207406
2025-08-07 07:37:00,PUT,25,222.73,43.37193263425299,0.13469222825842184
2025-07-09 09:38:00,CALL,12,222.66,67.34344266644048,0.1346896613671104
2025-08-01 14:37:00,PUT,14,215.41,68.2419567813294,0.13462699039041456
2025-07-25 10:33:00,CALL,6,222.87,51.46555450563159,0.1346076187912159
2025-07-15 08:23:00,CALL,6,222.91,28.416356774793613,0.13458346417837305
2025-07-11 09:10:00,PUT,40,222.91,38.12206887909702,0.1345834641783603
2025-07-11 09:26:00,PUT,14,222.92,44.44619250309113,0.13457742687959043
2025-07-09 13:50:00,CALL,20,222.96,68.81308710667125,0.1345532831001
2025-07-17 13:17:00,CALL,20,223.05,49.66820375646412,0.1344989912575579
2025-07-09 15:25:00,CALL,20,223.15,69.52254746634196,0.1344387183508774
2025-07-17 13:01:00,PUT,14,223.2,50.3134851126971,0.13440860215053
2025-07-29 15:04:00,PUT,25,223.21,50.44588844504042,0.13440258052955126
2025-07-17 10:02:00,CALL,12,223.23,66.82307690011791,0.13439053890606611
2025-07-10 08:47:00,PUT,25,223.3,31.39731732413644,0.13434841021048427
2025-07-25 10:46:00,PUT,25,223.44,65.5079502150764,0.134264232008598
2025-07-10 05:10:00,CALL,20,223.53,64.40364292567625,0.13421017313112843
2025-08-07 10:40:00,PUT,14,219.9051,34.79991535905441,0.13419425015608588
2025-07-09 19:15:00,PUT,25,223.6,34.73264692148446,0.13416815742396376
2025-07-15 07:11:00,PUT,14,223.61,53.33827336091387,0.1341621573274949
2025-07-15 09:00:00,CALL,12,223.65,53.82132356930947,0.13413816230716877
2025-07-29 11:02:00,PUT,14,223.69,32.51803376719525,0.13411417586839436
2025-07-15 08:33:00,PUT,14,223.75,65.45237034120014,0.13407821229050787
2025-08-06 10:45:00,CALL,12,219.9601,52.727639811330825,0.13406976992644765
2025-08-04 08:11:00,CALL,20,216.31,52.76360017619793,0.13406684850445752
2025-07-21 09:54:00,CALL,6,223.8,65.93957535536211,0.13404825737264653
2025-07-21 08:26:00,PUT,40,223.85,53.34179276230591,0.13401831583649004
2025-08-04 07:01:00,PUT,40,216.39,37.77714553558432,0.13401728360829618
2025-07-15 09:12:00,CALL,12,223.95,63.578796039338194,0.13400312569770695
2025-08-05 13:06:00,CALL,20,220.22,52.14205634527703,0.13395695213876466
2025-07-28 15:44:00,CALL,20,223.98,54.84654879292804,0.1339405304045055
2025-07-29 10:51:00,PUT,14,223.99,33.460903171670765,0.13393455064958762
2025-07-25 07:55:00,CALL,20,223.99,42.80641907936236,0.13393455064957493
2025-07-28 13:45:00,PUT,25,224.0,49.6013472868651,0.1339285714285765
2025-07-08 11:51:00,PUT,14,221.767,63.9726261750326,0.13392434401872103
2025-08-05 13:17:00,CALL,12,220.295,53.38088533668003,0.1339113461494886
2025-07-15 14:51:00,PUT,14,220.2549,43.58653687385036,0.13389032434691994
2025-07-08 19:29:00,PUT,25,221.096,37.455852814637424,0.13387849621883358
2025-07-29 10:44:00,PUT,14,224.09,33.90621953318832,0.13387478245348358
2025-07-28 13:06:00,PUT,14,224.18,44.64758182642989,0.13382103666696912
2025-07-28 11:17:00,PUT,14,224.19,47.59425126405872,0.1338150675766142
2025-07-30 14:04:00,CALL,6,224.22,37.3755964649332,0.13379716350013887
2025-08-04 04:33:00,CALL,12,216.77,64.00949013418787,0.13378234995617108
2025-07-15 12:12:00,PUT,25,220.605,31.38548381267884,0.13372317037237938
2025-07-18 09:55:00,CALL,6,224.39,41.7357928214244,0.13369579749543714
2025-07-24 12:24:00,PUT,25,224.39,43.61828626902956,0.13369579749542446
2025-08-04 05:42:00,PUT,25,216.96,51.36702195392549,0.1336651917404224
2025-07-29 10:09:00,PUT,40,224.45,42.10484015229682,0.13366005791935084
2025-07-28 10:08:00,PUT,14,224.48,51.96376128403495,0.13364219529578714
2025-07-30 13:52:00,PUT,14,224.59,37.05657224479286,0.13357673983704144
2025-07-09 18:54:00,PUT,25,223.78,52.59347317271264,0.13338993654481635
2025-07-08 10:33:00,CALL,6,221.2,64.94886226061597,0.13336347197107412
2025-07-15 11:01:00,CALL,6,221.215,43.95520308098392,0.13335442894920665
2025-07-23 10:27:00,CALL,20,225.4395,65.39318577093962,0.13329518562629866
2025-07-23 08:23:00,PUT,25,225.08,41.72966528450163,0.13328594277590694
2025-07-24 11:05:00,PUT,25,225.115,40.5975871030729,0.13322079825867136
2025-07-23 08:09:00,PUT,25,225.24,49.022727550171176,0.133191262653175
2025-07-28 08:33:00,CALL,6,225.26,47.917750288646296,0.13317943709491759
2025-08-04 11:07:00,CALL,6,217.77,60.35974895872588,0.13316802130687974
2025-07-23 13:26:00,PUT,25,225.29,45.86104920397133,0.13316170269429756
2025-07-28 08:34:00,CALL,6,225.32,52.68014998926949,0.13314397301615985
2025-07-28 08:35:00,CALL,6,225.37,56.26879873021151,0.13311443404179035
2025-08-07 14:20:00,CALL,12,218.64,37.56501278010555,0.13304976216612785
2025-07-10 14:27:00,PUT,25,225.52,48.75743959874903,0.13302589570770282
2025-08-04 11:53:00,CALL,20,218.02,59.46095923637469,0.13301531969543715
2025-07-23 06:20:00,PUT,40,225.59,38.94974969578693,0.13298461811251
2025-07-28 06:06:00,PUT,14,225.61,40.63009333142145,0.13297282921856804
2025-08-06 13:53:00,CALL,12,220.1475,39.80097923244482,0.13286546519946388
2025-07-10 13:46:00,PUT,25,225.87,62.16096033113016,0.13281976358082587
2025-07-15 19:46:00,CALL,20,218.38,62.75980645045152,0.13279604359373204
2025-07-18 13:27:00,CALL,6,222.19,47.10069506664127,0.1327692515414807
2025-07-16 04:16:00,CALL,20,218.63,60.7264993599008,0.13264419338608244
2025-07-18 12:48:00,PUT,14,222.415,40.55758440145701,0.13263493919024685
2025-08-05 10:52:00,CALL,6,218.7,43.02308067366872,0.13260173754001853
2025-07-29 15:44:00,CALL,12,222.49,31.22555387603542,0.1325902287743213
2025-07-18 14:17:00,CALL,6,222.21,43.4948494917258,0.1325772917510475
2025-07-23 15:32:00,CALL,20,226.33,69.47674354100116,0.13254981663941276
2025-07-29 12:43:00,CALL,12,222.695,56.49051295053133,0.13246817395990745
2025-08-07 09:06:00,PUT,25,222.78,56.6597414051537,0.13241763174431614
2025-08-05 11:52:00,CALL,6,219.1,48.55839622599573,0.13235965312642267
2025-07-29 14:24:00,CALL,12,222.905,44.90112242558568,0.1323433749803672
2025-07-22 13:55:00,CALL,12,222.97,50.928752510818505,0.13230479436694959
2025-07-31 17:39:00,CALL,20,219.27,49.60290646155507,0.1322570347060665
2025-07-24 12:23:00,PUT,14,224.43,46.0692249114885,0.13220157732924095
2025-07-31 16:47:00,PUT,25,219.39,44.60503132807596,0.13218469392405854
2025-07-31 16:14:00,PUT,40,219.49,46.41786611526053,0.13212447036312383
2025-08-07 11:11:00,PUT,14,219.5,44.411326640996975,0.13211845102505332
2025-07-25 12:25:00,CALL,20,223.36,55.081440061572096,0.13207378223495142
2025-07-31 16:38:00,PUT,14,219.6,47.98154135610345,0.1320582877959891
2025-07-08 11:23:00,CALL,20,221.3777,44.338427074347045,0.13203678599966626
2025-07-17 12:17:00,PUT,40,223.45,34.199205725179425,0.1320205862609029
2025-08-06 11:06:00,CALL,20,220.2093,54.66322377739849,0.13201077338694905
2025-08-01 08:31:00,CALL,20,215.945,26.989807702842384,0.13197804996642504
2025-07-22 15:50:00,PUT,14,223.545,39.52968439200643,0.13191974770179793
2025-07-16 10:04:00,CALL,20,219.87,54.23776328750771,0.13189612043479876
2025-07-31 16:26:00,PUT,14,219.81,59.86441670057025,0.13188662936171636
2025-08-06 10:43:00,CALL,12,219.94,52.20565121098405,0.13185414203873422
2025-08-05 04:10:00,CALL,12,220.0,44.71123085908265,0.1318181818181782
2025-08-04 16:07:00,CALL,20,219.72,65.38071328016987,0.13180411432732894
2025-08-05 09:47:00,CALL,6,220.95,64.12685461259596,0.13179452364788571
2025-08-07 10:27:00,PUT,14,220.1,31.23422610560789,0.13175829168559386
2025-07-16 09:01:00,PUT,40,220.1,41.01449075170445,0.13175829168559386
2025-07-15 14:43:00,PUT,14,220.13,30.41977150296657,0.13174033525643578
2025-07-15 13:22:00,CALL,12,220.22,56.76796483799746,0.13168649532285534
2025-07-15 13:27:00,CALL,6,220.24,57.10320137491944,0.1316745368688667
2025-08-07 17:59:00,CALL,6,220.28,47.40229033501351,0.13165062647539133
2025-07-17 08:35:00,CALL,6,220.37,57.46215200946846,0.1316422380541795
2025-07-30 16:16:00,PUT,14,220.37,37.68219330317015,0.13159685982665156
2025-08-08 16:00:00,CALL,6,220.38,58.46377099919879,0.13159088846537437
2025-07-31 11:30:00,CALL,6,220.38,52.87554528304442,0.13159088846537437
2025-08-08 11:11:00,PUT,25,220.385,35.23349740174483,0.1315879029879493
2025-07-28 12:54:00,PUT,25,224.205,43.2233574277909,0.13157601302380229
2025-07-15 12:53:00,PUT,14,220.41,46.01085992964304,0.13157297763259018
2025-07-15 14:27:00,PUT,14,220.44,43.59924247959783,0.13155507167482855
2025-07-31 09:02:00,PUT,14,220.45,41.45208791071884,0.13154910410523568
2025-07-30 15:25:00,CALL,6,220.49,37.17213743173493,0.13152523923987122
2025-07-08 08:52:00,CALL,20,220.49,46.41946118123138,0.13152523923987122
2025-07-28 11:59:00,CALL,20,224.32,63.22707401658473,0.13150855920114835
2025-08-08 15:30:00,PUT,14,220.52,38.36276719459454,0.13150734627245622
2025-08-08 12:50:00,PUT,14,220.52,35.57227880746861,0.13150734627245622
2025-08-08 09:55:00,CALL,6,220.57,48.38993429966192,0.13147753547627533
2025-07-28 10:11:00,PUT,14,224.385,48.89017392188576,0.13147046371191812
2025-07-15 12:25:00,PUT,14,220.67,40.82768004884559,0.13146327094756668
2025-07-31 08:45:00,PUT,40,220.6,51.42948986911895,0.13145965548503719
2025-07-30 15:36:00,PUT,40,220.66,46.50649280800386,0.13142391008791446
2025-07-17 05:46:00,PUT,14,220.7,45.857548743007605,0.13140009062074856
2025-07-17 05:39:00,PUT,14,220.75,50.11861533243268,0.13137032842581745
2025-08-08 10:44:00,PUT,25,220.82,40.31771392237568,0.13132868399601128
2025-08-08 09:34:00,PUT,14,220.83,38.92747792163028,0.13132273694698204
2025-07-31 12:03:00,CALL,20,220.84,51.25619988056067,0.1313167904365115
2025-07-31 05:45:00,PUT,40,220.84,37.635028764407565,0.1313167904365115
2025-07-16 17:59:00,PUT,40,220.84,49.56301831104971,0.1313167904365115
2025-08-05 13:45:00,PUT,25,220.85,65.2887655674444,0.13131084446456512
2025-07-17 15:10:00,PUT,40,224.0141,71.48539428219817,0.1312863788484807
2025-07-10 11:29:00,CALL,20,224.74,50.21188171124714,0.13126279256028633
2025-08-08 10:25:00,CALL,12,220.94,46.58917916814515,0.13125735493798862
2025-07-08 10:30:00,CALL,6,220.95,56.69739562573464,0.13125141434714663
2025-07-15 11:57:00,CALL,6,220.96,38.62564708399087,0.13124547429398625
2025-07-31 12:14:00,CALL,20,221.06,59.83126780916999,0.13118610332036193
2025-07-15 10:57:00,CALL,6,221.1,38.0047588664652,0.13116236996833652
2025-07-15 11:16:00,PUT,40,221.17,42.73685024096304,0.13112085725911835
2025-07-16 14:22:00,CALL,20,220.27,53.980633842372384,0.13111181731510446
2025-07-08 18:47:00,PUT,25,221.27,46.10419242112421,0.13106159895151645
2025-08-08 07:59:00,PUT,40,221.45,56.08061927123256,0.1309550688642999
2025-07-10 14:19:00,PUT,40,225.435,36.9747082685173,0.130858118748205
2025-07-11 16:17:00,PUT,40,221.64,34.54756626109706,0.13084280815736873
2025-07-14 09:33:00,CALL,6,221.69,69.13083238347625,0.13081329784834322
2025-07-08 13:46:00,PUT,40,221.695,53.07882917705895,0.13081034754955775
2025-08-01 11:17:00,PUT,14,214.13,44.30950849079798,0.1307616868257606
2025-07-21 17:47:00,CALL,20,221.78,56.49962923884771,0.13076021282351522
2025-08-07 04:46:00,CALL,12,221.8,58.36176213447058,0.1307484220017998
2025-07-22 08:59:00,PUT,25,221.85,50.303293906631865,0.13071895424836244
2025-07-08 12:37:00,PUT,25,221.87,49.12259857632551,0.13070717086581873
2025-07-11 11:56:00,PUT,14,222.0302,33.9306107084457,0.13070294041080838
2025-07-22 10:27:00,CALL,6,221.89,54.61643166822969,0.13069538960747237
2025-08-01 10:25:00,PUT,40,214.45,56.13236121977332,0.13056656563301522
2025-07-21 15:19:00,PUT,14,222.13,42.475194642356286,0.13055417998469007
2025-07-11 06:50:00,CALL,12,222.33,48.3238682154764,0.13043673818197815
2025-07-18 12:34:00,CALL,6,222.35,27.1737680154732,0.1304250056217639
2025-07-11 14:38:00,PUT,25,222.39,54.53003146743056,0.13040154683213817
2025-08-01 10:41:00,CALL,6,214.78,53.23905122816173,0.1303659558618126
2025-07-22 10:51:00,PUT,25,222.49,55.10836479240025,0.13034293676121195
2025-07-22 12:23:00,PUT,25,222.5701,43.73481063852448,0.1303409577476918
2025-08-01 15:40:00,CALL,6,214.83,38.38126236033301,0.13033561420658246
2025-07-11 13:31:00,PUT,40,222.53,52.58099200158229,0.13031950748213367
2025-07-29 11:36:00,CALL,20,222.62,34.22515208102969,0.13031174198185042
2025-07-18 13:43:00,PUT,25,222.55,58.68980565617751,0.13030779600090786
2025-08-07 06:28:00,CALL,20,222.56,48.54295341378225,0.13030194104960102
2025-07-11 09:52:00,CALL,6,222.58,43.63953830284595,0.13029023272530868
2025-07-22 11:12:00,CALL,20,222.59,55.41371815924688,0.13028437935216858
2025-07-22 11:21:00,CALL,12,222.6301,56.8023104172448,0.13021599505187695
2025-08-07 09:14:00,PUT,25,222.73,47.81557363693515,0.1302024873164783
2025-07-22 13:21:00,CALL,12,222.75,68.98543607960102,0.13019079685745996
2025-07-09 15:16:00,CALL,6,222.78,43.838566215810246,0.1301732651045839
2025-07-11 10:04:00,PUT,40,222.8,49.96334321072711,0.13016157989228927
2025-07-29 13:47:00,CALL,20,222.8,37.58413359331865,0.13016157989227647
2025-07-29 13:54:00,CALL,12,222.83,44.56977108619829,0.13014405600681778
2025-07-11 10:21:00,CALL,6,222.84,54.735814171240186,0.1301382157601831
2025-08-04 14:55:00,CALL,20,219.015,62.288912428781074,0.13012807341964022
2025-08-07 13:46:00,PUT,40,219.08,54.32979364564568,0.13008946503561483
2025-08-01 08:57:00,CALL,20,215.35,40.472391755141295,0.13002089621546373
2025-07-25 10:01:00,PUT,25,223.05,40.20678112065693,0.13001569154898923
2025-07-22 14:19:00,CALL,20,223.145,52.411969719579226,0.12996033968943604
2025-07-22 14:31:00,CALL,20,223.255,54.451684876366,0.1298963069136154
2025-07-11 09:53:00,CALL,6,222.63,45.924171505194,0.12985671293176598
2025-07-10 08:56:00,PUT,14,223.33,38.65547136322682,0.12985268436843256
2025-07-30 05:38:00,CALL,12,223.4,52.29818947321096,0.12981199641897584
2025-07-25 12:35:00,CALL,12,223.44,54.45696966658971,0.1297887576083029
2025-07-09 18:01:00,CALL,6,223.53,43.04682291160477,0.12973650069341566
2025-07-16 10:38:00,CALL,6,219.68,43.65159073851152,0.1297341587764005
2025-08-06 10:35:00,CALL,6,219.73,46.7877406365503,0.12970463750966943
2025-07-17 12:10:00,PUT,14,223.59,40.99735392473635,0.12970168612191602
2025-07-21 11:58:00,PUT,14,223.61,30.67496045709161,0.12969008541658264
2025-07-15 08:51:00,CALL,20,223.61,55.84149685647118,0.12969008541656993
2025-08-01 06:57:00,CALL,12,215.92,45.37711704291712,0.12967765839199757
2025-08-01 12:11:00,CALL,12,216.02,64.77094724498193,0.12961762799740817
2025-07-10 08:18:00,PUT,25,223.75,42.60239550974107,0.12960893854748248
2025-08-01 12:21:00,PUT,25,216.06,57.61502995482809,0.12959363139868607
2025-07-09 18:29:00,PUT,25,223.8,56.10236113341696,0.12957998212690816
2025-08-01 04:40:00,CALL,6,216.23,27.710489940227205,0.12949174490126308
2025-07-17 15:40:00,PUT,14,223.98,58.55542834358716,0.12947584605768017
2025-07-25 05:52:00,CALL,20,224.0,52.48128765476735,0.12946428571428217
2025-08-08 13:03:00,CALL,20,220.175,33.38194483935051,0.12944248892925928
2025-07-18 04:56:00,PUT,40,224.1,38.49179450840193,0.12940651494868008
2025-07-18 07:43:00,CALL,6,224.1,59.28575905356385,0.12940651494868008
2025-07-25 08:08:00,CALL,20,224.1,54.4597071112116,0.12940651494868008
2025-07-18 07:35:00,CALL,12,224.1,61.84105257486367,0.12940651494868008
2025-07-15 08:50:00,CALL,6,223.55,53.88304036517128,0.1293670319838935
2025-07-28 12:55:00,PUT,25,224.17,40.78322349020886,0.12936610608020344
2025-07-24 19:55:00,PUT,25,224.17,56.16656849459756,0.12936610608020344
2025-07-24 19:47:00,PUT,25,224.17,59.7206836355425,0.12936610608020344
2025-07-30 10:56:00,PUT,14,224.28,48.32846582035323,0.12934724451578178
2025-08-06 11:18:00,CALL,12,220.385,61.5516945684071,0.1293191460398832
2025-08-01 07:55:00,CALL,12,216.53,52.82404517262942,0.12931233547314513
2025-08-01 07:52:00,CALL,12,216.55,54.380669259001166,0.12930039251904923
2025-08-06 15:06:00,CALL,20,220.42,56.48039066450821,0.12929861174123267
2025-07-28 16:03:00,PUT,40,224.3,65.16194066092474,0.12929112795364264
2025-07-24 15:22:00,PUT,14,224.36,56.104166774522746,0.12925655197005725
2025-07-17 14:58:00,CALL,12,223.725,66.29502413946716,0.12922114202705062
2025-07-30 13:58:00,PUT,25,224.54,38.837742651434354,0.12915293488910307
2025-07-29 10:29:00,PUT,14,224.54,46.35113038068893,0.12915293488910307
2025-07-29 10:14:00,PUT,25,224.64,51.09235597154117,0.12909544159543804
2025-07-16 12:07:00,PUT,14,219.415,59.43746559066885,0.12897933140395462
2025-07-10 11:41:00,CALL,20,224.935,58.06178161627758,0.1289261342165479
2025-08-04 10:15:00,CALL,12,217.37,66.06379757579549,0.12881262363711696
2025-07-24 11:15:00,PUT,14,225.14,41.46303267752567,0.12880874122767702
2025-08-06 12:47:00,CALL,6,220.05,32.95568013878673,0.12874346739377276
2025-08-04 10:47:00,CALL,20,217.49,53.19391764275733,0.1287415513356941
2025-07-23 11:29:00,PUT,14,225.44,43.32949984308263,0.12863733144073458
2025-07-29 08:51:00,PUT,40,225.51,52.85585807435779,0.12859740144560863
2025-07-08 11:59:00,PUT,14,221.74,56.40966324222799,0.12852890772977207
2025-07-23 11:55:00,CALL,12,225.72,64.80251564916915,0.1284777600567039
2025-07-24 07:06:00,CALL,20,225.74,47.46459433964876,0.12846637724815807
2025-07-24 08:31:00,PUT,14,225.99,52.17443765766888,0.12832426213550177
2025-07-18 14:58:00,CALL,20,222.105,41.27572684147033,0.12831768758019702
2025-07-11 11:26:00,PUT,40,222.205,41.766559758035335,0.12825994014537254
2025-07-28 11:51:00,CALL,20,224.245,61.118066746022535,0.12816339271778235
2025-07-29 12:28:00,CALL,20,222.45,45.75968845081997,0.1281186783546977
2025-08-04 13:15:00,PUT,40,218.67,52.81437901021337,0.1280468285544433
2025-08-07 14:27:00,CALL,12,218.92,54.44612493542095,0.1279006029599859
2025-08-07 14:33:00,CALL,20,219.01,57.03310869290454,0.1278480434683353
2025-08-05 11:01:00,CALL,6,219.01,53.651771747215214,0.1278480434683353
2025-08-05 10:39:00,PUT,14,219.01,31.50048105702893,0.1278480434683353
2025-08-07 11:36:00,CALL,20,219.03,43.604825706730175,0.12783636944710822
2025-08-05 11:11:00,CALL,12,219.11,51.51644079633936,0.12778969467389562
2025-07-18 10:40:00,CALL,12,223.08,38.113483282517976,0.12775685852608776
2025-07-16 12:26:00,CALL,6,219.22,54.31198108878654,0.1277255724842629
2025-08-07 15:30:00,CALL,12,219.26,59.064850514637854,0.12770227127611108
2025-08-07 15:02:00,PUT,14,219.31,57.8020234388112,0.1276731567188004
2025-07-31 15:50:00,CALL,12,219.42,39.00965221183719,0.12760915139914372
2025-07-31 14:21:00,CALL,20,219.68,55.58557786860621,0.12745812090313233
2025-08-07 12:38:00,PUT,14,219.72,40.77981514372031,0.12738940469688595
2025-07-15 15:24:00,PUT,14,219.89,42.08808886548297,0.12733639547045011
2025-07-15 13:35:00,PUT,14,220.4707,63.125184295516846,0.12731850536148157
2025-07-21 10:13:00,CALL,12,223.87,52.31646299672945,0.12730602581855388
2025-08-06 13:57:00,CALL,6,220.22,48.446228102444906,0.12714558169103676
2025-07-24 12:11:00,PUT,40,224.305,34.58439014697568,0.12710372038073153
2025-07-24 12:25:00,PUT,25,224.275,37.44961748611557,0.12707613421023145
2025-07-10 10:31:00,CALL,20,224.28,62.92839262120419,0.12707330123060306
2025-08-05 09:16:00,CALL,12,220.35,40.76718846859843,0.12707056954844617
2025-08-05 13:18:00,CALL,12,220.39,57.38377147859247,0.1270475066926817
2025-08-04 17:35:00,PUT,40,220.39,51.64821852148932,0.1270475066926688
2025-08-05 14:49:00,CALL,20,220.4,56.43033241713601,0.12704174228675189
2025-08-08 12:01:00,CALL,6,220.46,64.54943469688178,0.12700716683298607
2025-08-08 15:31:00,PUT,14,220.48,35.14901627629642,0.1269956458635709
2025-08-06 18:23:00,CALL,6,220.52,58.34922576588924,0.1269726101940872
2025-07-14 04:23:00,CALL,20,220.54,38.49914968915869,0.12696109549288165
2025-07-14 04:26:00,CALL,20,220.55,42.33126734936156,0.12695533892541425
2025-08-06 17:00:00,PUT,14,220.58,50.01567008559802,0.12693807235470175
2025-08-04 09:54:00,CALL,6,216.71,53.1568621589301,0.12689769738360282
2025-08-06 18:31:00,CALL,20,220.8,68.27681873651775,0.12681159420289906
2025-08-05 09:46:00,CALL,6,220.84,61.52092678907516,0.1267886252490496
2025-08-08 10:31:00,PUT,25,220.87,44.14667644886586,0.12677140399329972
2025-08-08 09:33:00,PUT,14,220.89,42.35030144652378,0.1267599257548883
2025-07-16 15:18:00,CALL,20,220.91,65.02159409096333,0.12674844959485815
2025-08-06 09:00:00,CALL,12,220.92,57.493116360081366,0.1267427122940436
2025-08-08 10:30:00,CALL,6,220.95,47.75380159650908,0.1267255035075814
2025-07-08 10:56:00,CALL,6,221.06,46.75556373805728,0.12666244458518103
2025-07-15 12:07:00,PUT,14,221.07,44.33885502286818,0.12665671506762616
2025-07-15 11:34:00,CALL,12,221.07,40.14970993261876,0.12665671506762616
2025-07-08 19:27:00,PUT,25,221.13,39.10403844024954,0.12662234884457158
2025-08-08 10:15:00,PUT,14,221.18,54.348431519726944,0.12659372456822549
2025-07-08 09:49:00,PUT,14,221.21,59.80098093986035,0.12657655621355324
2025-07-24 09:57:00,CALL,6,225.23,41.15931138375711,0.12653731740886942
2025-07-22 07:42:00,CALL,12,221.38,62.46856303269716,0.12647935676212899
2025-07-15 10:43:00,PUT,14,221.38,39.69337187752793,0.12647935676212899
2025-07-10 13:03:00,CALL,12,225.345,53.84121283517905,0.12647274179591142
2025-07-15 11:28:00,PUT,14,221.44,52.251945443479535,0.12644508670520282
2025-07-08 11:36:00,CALL,12,221.46,54.589941934165424,0.12643366747945503
2025-07-15 10:44:00,CALL,6,221.5,44.0722222584455,0.12641083521444746
2025-07-10 14:24:00,PUT,25,225.475,45.16677592842593,0.1263998225967387
2025-07-08 11:38:00,CALL,12,221.52,57.21366943118416,0.12639942217407057
2025-07-09 07:26:00,CALL,20,221.54,61.56885842223368,0.1263880111943672
2025-07-11 16:34:00,PUT,25,221.56,37.17076806083322,0.12637660227477937
2025-07-23 12:58:00,PUT,14,225.535,47.9675912975212,0.12636619593411072
2025-07-23 13:09:00,PUT,14,225.58,46.76731619826598,0.1263409876762235
2025-08-06 06:07:00,CALL,6,221.66,43.80542381093018,0.12631958855905492
2025-08-07 04:44:00,CALL,6,221.77,56.94896460892835,0.12625693285836728
2025-08-06 06:16:00,PUT,14,221.88,57.71085900239356,0.12619433928249554
2025-08-06 06:18:00,PUT,14,221.88,56.23707234501013,0.12619433928249554
2025-08-06 04:46:00,PUT,25,221.95,48.16818174052314,0.12615453931065607
2025-07-09 11:42:00,CALL,20,222.01,64.45080232802425,0.1261204450249994
2025-08-07 05:08:00,CALL,12,222.1,66.38520829049537,0.12606933813597532
2025-07-18 15:12:00,CALL,6,222.11,45.912164352671645,0.12606366214937315
2025-07-14 09:53:00,PUT,40,222.125,57.97047555272316,0.1260551491277439
2025-08-07 05:10:00,CALL,12,222.14,67.68639449312295,0.12604663725578516
2025-07-11 10:48:00,CALL,12,222.28,29.46260097671106,0.12596724851538652
2025-07-09 09:23:00,CALL,6,222.29,68.69023213746497,0.12596158171757665
2025-08-01 11:07:00,PUT,14,214.41,50.6462420206002,0.12592696236183493
2025-07-11 14:25:00,CALL,20,222.39,53.83955035552341,0.12590494176896494
2025-07-11 06:10:00,CALL,6,222.41,48.47335277965846,0.12589361989119244
2025-08-04 12:38:00,CALL,12,218.47,63.06256724095987,0.12587540623426818
2025-07-09 09:37:00,CALL,6,222.46,59.816439592246674,0.12586532410321008
2025-07-18 12:54:00,PUT,25,222.42,42.46135401454431,0.12584299973023913
2025-07-22 11:19:00,CALL,12,222.56,54.6065307648502,0.12580877066858426
2025-07-11 09:48:00,CALL,12,222.66,45.45185693336706,0.12575226803197753
2025-07-11 10:20:00,CALL,6,222.74,51.02015297209772,0.125707102451289
2025-07-09 09:45:00,PUT,14,222.75,62.65749670631551,0.12570145903479288
2025-07-14 13:50:00,CALL,20,222.76,53.30697229879927,0.12569581612497807
2025-08-01 13:52:00,PUT,14,214.81,51.85559738427215,0.12569247241748996
2025-08-01 14:23:00,CALL,6,214.82,61.99588924790956,0.1256866213574203
2025-07-29 13:51:00,CALL,12,222.81,41.46994085771328,0.12566760917373598
2025-07-14 13:04:00,PUT,40,222.93,67.30223548649083,0.12559996411429647
2025-07-29 14:21:00,CALL,20,222.94,46.45153442737173,0.12559433031308923
2025-07-14 12:05:00,PUT,14,222.4,56.13831037894604,0.12558453237410355
2025-07-11 04:43:00,PUT,25,222.99,39.9236637501957,0.12556616888649766
2025-07-11 07:47:00,CALL,6,223.02,60.40611669138666,0.12554927809165148
2025-07-18 11:42:00,CALL,6,223.05,49.96620203329434,0.12553239184039502
2025-08-01 16:04:00,CALL,12,215.09,52.26791333952546,0.1255288483890512
2025-08-07 13:48:00,CALL,6,219.075,53.91517822712384,0.12552778728746125
2025-07-17 11:19:00,CALL,6,223.08,59.80871018277602,0.12551551013089526
2025-07-25 10:36:00,CALL,12,223.09,58.58577428504433,0.1255098839033579
2025-07-15 08:10:00,PUT,14,223.17,37.35322351194717,0.12546489223461987
2025-08-07 12:59:00,PUT,40,219.265,42.05362268538279,0.12541901352243964
2025-08-05 11:16:00,PUT,14,219.38,59.66776617250678,0.12535326830157978
2025-07-24 13:03:00,CALL,6,224.07,47.52458359224829,0.125273352077474
2025-07-17 11:50:00,CALL,6,223.62,52.58128055809707,0.12521241391646595
2025-07-31 15:25:00,PUT,14,219.77,39.43125980145705,0.12513081858306668
2025-07-21 08:51:00,PUT,14,223.77,40.85222037725872,0.1251284801358543
2025-07-09 16:15:00,PUT,14,223.79,64.73774344029385,0.12511729746637523
2025-08-08 11:45:00,CALL,6,219.86,34.71132399990162,0.12507959610660296
2025-07-21 04:31:00,PUT,14,223.86,72.08874082818056,0.12507817385866216
2025-07-30 10:16:00,CALL,12,223.88,59.14750855137184,0.12506700017866765
2025-07-28 13:23:00,PUT,40,223.935,37.79440194351627,0.12503628284993465
2025-07-25 07:53:00,CALL,20,223.96,39.6047692644861,0.12502232541525324
2025-07-28 15:55:00,CALL,6,224.07,57.35182232892423,0.12496094970321826
2025-07-21 10:06:00,CALL,20,224.08,63.84828385046893,0.12495537308104297
2025-07-10 10:22:00,CALL,12,224.1,58.42994378841888,0.12494422132976402
2025-07-16 12:59:00,CALL,20,220.1,68.10501299675563,0.12494320763289672
2025-07-22 19:40:00,CALL,12,224.12,56.74872849498127,0.12493307156880293
2025-07-21 11:13:00,PUT,40,224.17,46.81093888374245,0.12490520587054518
2025-07-18 07:46:00,CALL,6,224.17,65.79148169396984,0.12490520587054518
2025-08-06 11:09:00,CALL,12,220.21,54.1130852852805,0.12488079560419858
2025-07-25 08:19:00,CALL,20,224.23,62.671341394200525,0.12487178343665037
2025-07-21 10:28:00,PUT,25,224.34,63.208819885123305,0.12481055540697207
2025-08-05 14:57:00,CALL,6,220.34,54.432508293838175,0.12480711627485053
2025-07-30 15:27:00,CALL,20,220.38,36.60421953260628,0.12478446319992997
2025-07-23 04:04:00,CALL,6,224.41,64.04240611778577,0.12477162336794312
2025-08-06 10:07:00,PUT,14,220.425,53.85849326260957,0.12475898831802458
2025-08-08 15:05:00,PUT,40,220.475,37.957470522713145,0.12473069509014885
2025-08-01 05:18:00,PUT,40,216.47,43.34810637313054,0.12472859980598246
2025-07-30 12:42:00,CALL,20,224.5,52.6508296011568,0.12472160356347488
2025-07-23 09:07:00,PUT,40,224.64,35.42982483767463,0.12464387464386249
2025-07-18 09:30:00,PUT,25,224.67,35.69653331304674,0.12462723104998494
2025-07-08 10:13:00,CALL,20,220.925,51.72447609324167,0.12447663234128199
2025-07-23 08:37:00,PUT,25,224.97,36.52108777998329,0.12446103924967825
2025-08-04 05:09:00,PUT,40,216.95,52.62173144771419,0.12445263885687108
2025-07-31 12:08:00,CALL,20,221.04,61.59057733240825,0.12441187115454473
2025-07-23 08:34:00,PUT,14,225.07,41.56168543087808,0.12440574043630921
2025-07-10 11:56:00,CALL,12,225.11,59.30920927442963,0.12438363466748376
2025-07-23 08:32:00,PUT,14,225.12,44.40786053682086,0.12437810945273682
2025-07-29 07:49:00,CALL,20,225.17,62.26641307875436,0.12435049074033004
2025-07-24 11:03:00,PUT,14,225.32,51.135734973401526,0.12426770814841165
2025-07-28 08:23:00,CALL,20,225.39,59.92734879233365,0.12422911398021258
2025-07-24 09:16:00,PUT,40,225.39,33.26341471303047,0.12422911398019998
2025-07-09 10:34:00,PUT,40,221.505,32.329807339711394,0.12415069637254496
2025-07-08 13:20:00,CALL,12,221.51,45.85480863569416,0.12414789400027343
2025-07-24 09:27:00,PUT,40,225.54,47.729040626020726,0.12414649286157715
2025-07-28 06:22:00,PUT,14,225.58,41.80051994689326,0.12412447912048989
2025-07-10 13:34:00,CALL,20,225.73,64.30641848905073,0.12408629778939638
2025-07-24 08:54:00,PUT,40,225.66,37.89477797371343,0.12408047505096213
2025-07-24 04:11:00,CALL,12,225.7,35.36926305421481,0.12405848471422293
2025-07-08 14:40:00,PUT,40,221.67,51.8973210331536,0.12405828483781174
2025-07-23 12:00:00,CALL,6,225.72,59.202355962740775,0.12404749246854561
2025-07-28 04:55:00,PUT,40,225.77,52.19732098020153,0.12402002037471814
2025-07-24 08:33:00,PUT,40,225.83,41.228076990508114,0.12398706991985171
2025-07-24 07:23:00,CALL,6,225.84,56.3615310506625,0.12398157987956125
2025-07-28 04:45:00,PUT,40,225.85,64.90926401731633,0.12397609032543774
2025-07-11 12:09:00,CALL,20,221.825,35.329883449112074,0.12397159923363268
2025-08-04 11:48:00,CALL,6,217.8,48.7709505941568,0.12396694214875197
2025-07-11 11:28:00,CALL,6,222.34,48.47584158390323,0.12368444724296379
2025-07-15 11:12:00,PUT,25,221.385,48.19479102235551,0.12367594913837625
2025-07-11 14:35:00,CALL,12,222.395,56.80983944467037,0.12365385912452044
2025-07-18 12:35:00,CALL,6,222.415,31.506821799652386,0.12364273992311926
2025-08-01 11:09:00,PUT,14,214.34,48.916596740920525,0.12363534571242642
2025-07-11 13:34:00,PUT,14,222.51,49.702301022967006,0.1235899510134274
2025-07-09 13:34:00,CALL,6,222.54,46.864635474843,0.12357329019502368
2025-07-22 11:22:00,CALL,12,222.695,58.88956095454964,0.12348728081007913
2025-07-09 13:37:00,CALL,20,222.7,59.29927342096693,0.12348450830714222
2025-07-22 11:35:00,PUT,25,222.935,64.34869174693603,0.12335434095140094
2025-07-17 11:10:00,CALL,12,222.94,54.97854560044833,0.12335157441464326
2025-07-17 10:50:00,PUT,14,222.965,55.34684773951352,0.12333774359204613
2025-08-07 14:31:00,CALL,6,218.93,53.62407042324928,0.12332709085094862
2025-08-01 15:45:00,CALL,12,214.93,46.53841921973559,0.12329595682314537
2025-07-31 19:03:00,CALL,20,219.2,47.71693173213313,0.1231751824817565
2025-08-07 11:25:00,PUT,14,219.21,40.80427645412343,0.12316956343232985
2025-07-31 18:19:00,PUT,14,219.33,47.75640105957411,0.12310217480509288
2025-07-31 18:08:00,PUT,14,219.56,57.90040563864349,0.12297321916560858
2025-07-30 11:40:00,CALL,20,223.675,40.38532993594233,0.12294623896277065
2025-08-04 16:08:00,CALL,20,219.75,66.70382759505216,0.12286689419795688
2025-07-31 15:15:00,PUT,14,219.96,40.93243679829673,0.12274959083470185
2025-08-07 17:54:00,CALL,20,220.35,51.4332351825511,0.12271386430678242
2025-08-06 10:03:00,PUT,14,220.21,49.75509663566024,0.12261023568412434
2025-07-31 15:01:00,PUT,14,220.23,58.78760976855687,0.12259910093991817
2025-07-30 10:42:00,PUT,25,224.325,55.97650416530488,0.12258999219880853
2025-08-06 18:08:00,CALL,6,220.25,47.75950639037163,0.12258796821793881
2025-07-16 08:54:00,PUT,25,220.25,48.2559577869048,0.12258796821793881
2025-08-05 12:36:00,PUT,14,220.28,60.10617081101706,0.12257127292537234
2025-07-24 12:44:00,PUT,14,224.295,47.99701671992894,0.12256180476603311
2025-08-06 15:00:00,CALL,20,220.3,47.618853649055175,0.1225601452564602
2025-07-31 08:17:00,CALL,20,220.32,43.1857306576684,0.12254901960784778
2025-07-16 14:05:00,PUT,14,220.32,58.88722571322358,0.1225490196078349
2025-07-08 05:57:00,CALL,12,220.33,46.72245306590004,0.12254345754095303
2025-08-05 14:43:00,CALL,20,220.345,54.525377071326446,0.12253511538723831
2025-07-29 10:34:00,PUT,14,224.435,42.81648932032399,0.12252990843674369
2025-08-05 09:04:00,PUT,25,220.37,38.532470829392935,0.12252121432137326
2025-08-04 16:59:00,CALL,6,220.37,67.76424925823937,0.12252121432136036
2025-08-05 14:58:00,CALL,6,220.39,57.154625221753285,0.12251009573937575
2025-07-16 08:44:00,PUT,25,220.39,58.44351132843863,0.12251009573936286
2025-07-24 12:22:00,PUT,14,224.485,49.62983737392712,0.12250261710136787
2025-08-08 13:26:00,CALL,20,220.43,58.77766447614805,0.1224878646282184
2025-07-31 09:05:00,PUT,14,220.46,43.458767752926434,0.122471196588955
2025-08-06 11:25:00,CALL,6,220.46,61.848626855158095,0.12247119658894212
2025-08-06 17:56:00,CALL,20,220.49,52.719272005220446,0.12245453308539243
2025-08-08 11:07:00,PUT,25,220.5,40.062947222632936,0.12244897959184137
2025-07-31 08:35:00,CALL,6,220.57,56.694534075109566,0.1224101192365282
2025-07-15 14:22:00,PUT,14,220.575,52.77222356135164,0.1224073444406582
2025-07-23 09:33:00,PUT,14,224.695,43.18681737141684,0.1223881261265296
2025-07-17 05:52:00,PUT,14,220.64,41.67302301906648,0.122371283538788
2025-08-05 15:04:00,CALL,20,220.66,69.6174082210234,0.1223601921508249
2025-07-08 09:25:00,PUT,14,220.7,50.76197030127919,0.12233801540551964
2025-08-06 08:48:00,CALL,20,220.82,43.70368824152519,0.12227153337560467
2025-07-31 06:43:00,PUT,25,220.82,42.36347262657364,0.1222715333755918
2025-07-08 10:12:00,CALL,20,220.85,48.46655720808611,0.12225492415667205
2025-08-06 08:56:00,CALL,20,220.88,53.81280548666677,0.12223831944947947
2025-07-24 10:32:00,CALL,20,225.03,50.41130537535396,0.12220592809847829
2025-08-08 05:37:00,CALL,12,220.96,59.35309403309342,0.12219406227370645
2025-08-05 16:05:00,PUT,25,221.0,55.91411923513386,0.1221719457013621
2025-07-14 08:28:00,PUT,40,221.01,47.46628205638999,0.12216641780914067
2025-07-31 10:26:00,PUT,25,221.05,39.30866527667864,0.12214431124180512
2025-08-04 10:00:00,CALL,6,216.985,63.31502883063365,0.12212825771366054
2025-08-06 08:05:00,PUT,25,221.15,30.76671227265373,0.12208907981008828
2025-07-09 04:33:00,CALL,20,221.16,54.65325187049528,0.12208355941400353
2025-07-21 17:46:00,CALL,20,221.75,53.917568832945406,0.12207440811725144
2025-07-24 10:51:00,PUT,25,225.295,55.1523523535577,0.12206218513503507
2025-07-22 07:39:00,CALL,6,221.23,53.103601063679584,0.1220449306152015
2025-07-15 11:15:00,CALL,12,221.23,44.42059076415031,0.1220449306152015
2025-07-31 12:32:00,PUT,14,221.26,58.432680610467656,0.1220283828979399
2025-07-10 12:28:00,PUT,25,225.405,59.55451944709724,0.12200261751070549
2025-08-08 08:47:00,PUT,14,221.33,55.78290981555276,0.12198978900285105
2025-07-31 12:38:00,PUT,14,221.335,57.578892903801645,0.12198703323017608
2025-07-15 11:13:00,PUT,25,221.35,47.1214543589341,0.1219787666591289
2025-08-06 07:51:00,PUT,14,221.39,39.58093713162902,0.12195672794615016
2025-07-29 09:08:00,PUT,25,225.58,58.4279361596088,0.1219079705647689
2025-07-09 10:56:00,CALL,6,221.585,51.19561514896191,0.12184940316356332
2025-07-09 11:25:00,CALL,6,221.61,56.724716641869854,0.1218356572356761
2025-07-11 09:09:00,PUT,40,222.9707,41.6763891917793,0.121809726569458
2025-08-07 04:20:00,CALL,6,221.66,64.65347832106235,0.12180817468194995
2025-07-21 17:36:00,CALL,20,221.71,49.56261202742707,0.12178070452391944
2025-07-08 12:34:00,PUT,25,221.9301,50.968357311133744,0.12170498729104955
2025-07-08 12:48:00,PUT,14,221.85,47.34703251473803,0.12170385395536705
2025-07-17 15:42:00,PUT,14,223.96,55.79663055807959,0.12167351312734771
2025-07-21 15:25:00,PUT,14,221.93,33.926496737412435,0.1216599828774885
2025-07-22 08:56:00,PUT,14,221.93,62.95858636181136,0.1216599828774885
2025-07-11 12:21:00,CALL,20,221.93,46.64788528376146,0.1216599828774757
2025-08-04 11:51:00,CALL,6,217.925,54.88917558879096,0.12164735574164949
2025-07-09 12:40:00,CALL,12,222.11,47.036095016906586,0.1215613885011849
2025-08-06 04:20:00,PUT,14,222.12,59.782631140378285,0.12155591572123638
2025-07-14 11:57:00,CALL,6,222.21,44.50841755855759,0.12150668286754954
2025-08-07 05:21:00,CALL,20,222.24,67.99182269333855,0.1214902807775296
2025-07-18 13:23:00,CALL,12,222.25,48.55568457412635,0.12148481439820483
2025-07-22 10:34:00,CALL,6,222.25,63.157553991925184,0.12148481439820483
2025-07-11 13:54:00,CALL,6,222.27,47.27836550143812,0.12147388311512204
2025-07-09 10:08:00,PUT,14,222.32,38.03457053998804,0.12144656351204652
2025-07-11 11:19:00,CALL,20,222.33,48.28797701561944,0.12144110106597482
2025-07-11 06:45:00,CALL,20,222.33,47.40369817226544,0.12144110106597482
2025-07-11 06:46:00,CALL,12,222.36,49.35375442652683,0.12142471667565291
2025-07-22 11:14:00,CALL,12,222.5,51.41992436197452,0.12134831460674618
2025-07-22 12:10:00,PUT,40,222.52,40.87785525786039,0.12133740787345418
2025-07-21 17:59:00,CALL,6,221.7,48.45249396932744,0.12133513757329971
2025-07-22 13:13:00,CALL,12,222.55,58.58390663793774,0.12132105144910439
2025-08-07 07:06:00,CALL,12,222.6,43.59877876866034,0.12129380053908816
2025-08-04 12:44:00,CALL,6,218.48,59.87224405365561,0.12129256682534546
2025-07-22 11:42:00,CALL,6,222.62,47.45470260015831,0.12128290360254325
2025-07-11 14:46:00,PUT,14,222.63,66.49104476107902,0.12127745586847317
2025-07-11 09:54:00,CALL,6,222.67,47.74895601008529,0.12125566982530661
2025-08-01 10:39:00,PUT,14,214.54,48.77962780377548,0.12118952176749832
2025-07-21 12:29:00,CALL,6,222.81,28.905504255416417,0.12117948027467806
2025-07-11 10:17:00,CALL,12,222.83,54.55080937113736,0.12116860386841172
2025-07-11 08:25:00,CALL,20,222.95,45.278392030868766,0.12114823951559255
2025-07-22 13:56:00,CALL,12,223.0,53.47501553355014,0.12107623318386108
2025-07-10 09:14:00,CALL,12,223.07,37.98079184776672,0.12103823911777031
2025-08-01 13:35:00,PUT,25,214.81,46.57207068839156,0.12103719566127784
2025-07-10 09:16:00,CALL,12,223.1,40.80494655058144,0.12102196324518613
2025-07-25 09:54:00,PUT,40,223.11,39.72717976164312,0.12101653892699128
2025-07-11 07:59:00,PUT,25,223.11,54.564628803391614,0.12101653892699128
2025-07-18 11:43:00,CALL,6,223.12,53.97957287692691,0.12101111509500798
2025-07-15 08:08:00,PUT,14,223.15,32.69571120100987,0.12099484651580113
2025-07-21 13:12:00,PUT,40,223.19,55.12554758722612,0.12097316188001714
2025-07-09 15:37:00,CALL,20,223.325,63.625419346002886,0.12090003358334726
2025-07-15 07:46:00,PUT,25,223.35,38.96493829845412,0.12088650100737937
2025-07-30 08:13:00,CALL,12,223.42,43.00381822994012,0.12084862590636927
2025-07-30 14:26:00,CALL,6,224.289,49.09716352653356,0.12082625541155162
2025-07-30 07:07:00,PUT,40,223.51,43.53726583493996,0.12079996420740988
2025-07-09 19:59:00,PUT,14,223.53,42.32899505213405,0.12078915581801558
2025-07-22 15:27:00,PUT,40,223.57,53.12271571889646,0.12076754484053398
2025-07-21 07:06:00,CALL,20,223.61,53.86234628328728,0.1207459415947327
2025-07-10 08:15:00,PUT,40,223.65,30.68384042361249,0.12072434607646332
2025-07-31 13:54:00,CALL,6,219.51,36.18260883632058,0.12072342945652352
2025-07-15 08:52:00,CALL,20,223.68,58.0782797300773,0.12070815450642963
2025-07-30 08:52:00,PUT,14,223.83,60.2024605123113,0.12062726176116259
2025-07-21 04:41:00,PUT,40,223.86,61.62901342330584,0.12061109622085688
2025-08-06 10:29:00,CALL,12,219.75,42.63564250085193,0.12059158134242838
2025-07-16 10:03:00,CALL,20,219.77,51.45981232056383,0.1205806069982192
2025-07-10 07:26:00,CALL,20,223.93,62.10724855844893,0.1205733934711659
2025-07-30 11:06:00,PUT,14,224.09,35.643728097269275,0.12048730420813522
2025-07-30 12:10:00,CALL,6,224.11,68.44457287044489,0.12047655169335673
2025-07-21 10:07:00,CALL,20,224.12,65.18473253775724,0.1204711761556228
2025-07-18 06:06:00,PUT,40,224.15,52.01711801224627,0.12045505242025886
2025-07-21 11:27:00,PUT,25,224.15,48.23436901712652,0.12045505242025886
2025-07-30 11:05:00,PUT,14,224.16,39.09223866439668,0.1204496788008611
2025-07-28 16:06:00,PUT,40,224.22,57.79120738050352,0.12041744715012498
2025-07-24 15:26:00,PUT,14,224.25,42.91398247694071,0.12040133779264671
2025-07-28 12:41:00,PUT,40,224.27,31.657684041512653,0.12039060061533428
2025-08-06 13:14:00,CALL,20,220.16,43.54029502934832,0.1203670058139602
2025-07-24 12:06:00,PUT,40,224.44,37.00137796128834,0.12029941186954653
2025-08-04 07:59:00,CALL,20,216.16,38.720302529058216,0.12028127313100986
2025-08-01 07:07:00,CALL,6,216.19,56.74659150053967,0.12026458208057307
2025-07-30 13:27:00,CALL,12,224.61,55.090102477571776,0.12020836115933477
2025-07-23 09:34:00,PUT,14,224.63,40.50561710450005,0.12019765837153623
2025-08-01 05:31:00,CALL,12,216.36,44.6281764783772,0.12017008689221245
2025-07-23 09:06:00,PUT,40,224.69,38.53680499728789,0.12016556144021107
2025-08-04 07:36:00,PUT,14,216.37,46.313111413040296,0.12016453297591667
2025-08-01 05:59:00,PUT,14,216.46,46.978748888514886,0.12011457082140779
2025-07-16 15:06:00,CALL,12,220.645,51.470807457428336,0.12010242697545212
2025-08-08 13:49:00,PUT,40,220.66,56.58284812583941,0.12009426266653964
2025-08-06 15:41:00,PUT,14,220.72,53.673700957493466,0.12006161652772125
2025-08-04 06:19:00,PUT,40,216.61,33.30296304286769,0.12003139282582491
2025-07-23 04:39:00,CALL,6,224.99,69.42519255368386,0.12000533357037282
2025-07-29 05:57:00,CALL,20,225.0,59.81378867818039,0.12000000000000455
2025-07-23 08:10:00,PUT,25,225.16,46.43412784062706,0.11991472730503208
2025-07-29 07:02:00,PUT,25,225.23,49.942548841641546,0.11987745859786965
2025-07-16 15:29:00,CALL,12,221.075,61.64150141691015,0.11986882279769978
2025-08-04 05:22:00,PUT,25,216.95,52.04940607074028,0.11984328186217603
2025-07-23 06:54:00,PUT,14,225.37,34.24962126366066,0.11980299063762269
2025-07-29 08:11:00,CALL,6,225.3201,67.50760041134163,0.11978514122797164
2025-07-10 14:16:00,PUT,40,225.415,32.82639483844038,0.11977907415211136
2025-07-15 10:53:00,PUT,40,221.245,37.21569438529194,0.11977671811793024
2025-07-28 08:38:00,CALL,12,225.53,65.96104651327433,0.11971799760564458
2025-07-23 06:18:00,PUT,25,225.61,38.39512948189915,0.11967554629671125
2025-07-10 14:00:00,PUT,14,225.6999,37.28618438076477,0.1195835709275932
2025-07-24 08:23:00,PUT,40,225.82,35.47493152318049,0.11956425471613755
2025-07-28 09:03:00,PUT,14,225.84,61.53320530430133,0.1195536663124381
2025-07-23 15:05:00,CALL,20,225.91,52.9632170006359,0.11951662166349884
2025-07-24 07:36:00,PUT,40,226.09,69.98211092029854,0.11942146932637898
2025-07-14 10:10:00,CALL,6,222.08,55.887806563162655,0.11932636887607455
2025-07-14 10:15:00,CALL,6,222.31,61.55493380335896,0.11920291484862865
2025-07-23 15:52:00,PUT,14,226.63,66.80277791193481,0.11913691920751085
2025-07-15 19:51:00,CALL,12,218.36,57.94839054524437,0.11906942663491066
2025-07-08 11:32:00,CALL,12,221.34,49.298621990027954,0.11904761904761607
2025-07-17 10:29:00,CALL,6,222.63,42.23165386875248,0.11903157705610869
2025-08-01 10:12:00,CALL,6,214.335,62.19127723241873,0.11897263629365035
2025-08-05 10:53:00,CALL,6,218.73,43.975051221036125,0.11886801078956674
2025-07-09 14:17:00,PUT,25,222.955,40.65661963596013,0.11885806552892503
2025-07-09 13:57:00,CALL,6,222.975,64.51621129392626,0.11884740441754224
2025-07-09 14:16:00,PUT,14,222.99,42.5999136868197,0.11883940983901285
2025-07-23 16:45:00,CALL,12,226.411,45.860874766723576,0.11881048182288204
2025-07-17 13:31:00,CALL,12,223.15,56.730303897699045,0.11875420120994234
2025-08-07 13:23:00,PUT,14,218.99,47.85030536560732,0.11872688250605933
2025-08-07 13:50:00,PUT,25,219.02,50.43271729462317,0.11871062003470884
2025-07-29 15:03:00,PUT,14,223.285,58.11137950704035,0.11868240141522556
2025-07-31 17:53:00,CALL,6,219.2,50.18758090370272,0.11861313868614021
2025-07-16 07:32:00,CALL,20,219.24,51.03205813567702,0.11859149790183858
2025-07-31 16:56:00,PUT,25,219.31,42.99558195401491,0.11855364552459573
2025-08-07 15:31:00,CALL,6,219.34,62.93749849992406,0.11853743047323376
2025-07-17 14:42:00,CALL,20,223.58,59.8200718034051,0.11852580731728524
2025-07-16 12:29:00,CALL,12,219.39,59.09551641098136,0.11851041524227146
2025-08-05 11:57:00,CALL,12,219.41,59.457470966976665,0.1184996125974162
2025-07-31 16:43:00,PUT,14,219.46,45.67387052397572,0.11847261459948023
2025-08-04 16:12:00,CALL,12,219.77,66.18598297091498,0.11830550120580192
2025-08-04 16:15:00,CALL,20,219.84,69.4987976031376,0.11826783114992309
2025-08-07 10:37:00,PUT,14,219.86,30.932742880697987,0.118257072682625
2025-07-28 11:35:00,CALL,20,224.0201,52.33559761628152,0.11824831789646688
2025-07-16 10:59:00,CALL,6,219.9,46.79841232621981,0.11823556161891355
2025-07-28 11:49:00,CALL,20,224.255,62.604683341946256,0.1181690486276849
2025-08-06 12:48:00,CALL,12,220.18,40.4808932473336,0.11813062040148706
2025-08-05 04:56:00,CALL,20,220.11,46.29518602895829,0.11812275680341235
2025-07-28 12:37:00,PUT,14,224.395,39.55374528415533,0.11809532297957387
2025-08-05 05:02:00,CALL,20,220.19,54.70742236597045,0.11807984013805846
2025-08-05 05:09:00,CALL,12,220.25,59.0240068424598,0.1180476730987473
2025-07-10 10:50:00,CALL,12,224.5799,61.508191660487824,0.11804262091130581
2025-07-17 07:30:00,PUT,14,220.3,49.86163664177164,0.11802088061734876
2025-07-15 12:50:00,PUT,14,220.3,39.865555309787375,0.11802088061734876
2025-08-05 05:59:00,CALL,6,220.4,59.00506890431775,0.11796733212340785
2025-08-06 11:41:00,CALL,12,220.42,47.04444713741764,0.11795662825515804
2025-07-16 08:43:00,PUT,14,220.43,60.15722133885866,0.1179512770494122
2025-08-06 12:34:00,PUT,14,220.44,47.74215869387999,0.11794592632915572
2025-08-06 11:19:00,CALL,12,220.47,64.23388327031964,0.11792987708077783
2025-08-06 14:33:00,PUT,25,220.48,56.05943836659052,0.11792452830188267
2025-07-31 09:09:00,PUT,14,220.49,45.9722462559468,0.11791918000817239
2025-07-15 12:15:00,PUT,25,220.55,31.36902146509199,0.1178871004307501
2025-07-31 11:31:00,CALL,6,220.57,58.75606295950115,0.11787641111666107
2025-07-14 04:35:00,CALL,12,220.62,50.98000812550538,0.11784969631039384
2025-08-06 12:40:00,PUT,14,220.54,51.17161765923238,0.11784710256642224
2025-08-05 08:27:00,PUT,14,220.65,34.8833599481587,0.11783367323816873
2025-07-31 06:50:00,PUT,40,220.72,35.822574395851944,0.11779630300833223
2025-08-08 09:35:00,PUT,14,220.76,35.338974101137936,0.11777495923174076
2025-08-08 05:13:00,CALL,20,220.84,54.70485521147719,0.11773229487411288
2025-07-16 15:16:00,CALL,6,220.865,62.12268310212371,0.11771896860072484
2025-07-16 17:54:00,PUT,25,220.85,50.48037447004712,0.11768168440117165
2025-07-14 06:49:00,PUT,40,220.94,45.12360637206793,0.11767900787543718
2025-07-14 07:15:00,PUT,25,220.94,46.026766417652006,0.11767900787543718
2025-08-08 10:19:00,PUT,25,221.08,50.68168390443057,0.11760448706351516
2025-08-06 08:10:00,PUT,25,221.09,30.47586055910584,0.11759916775973174
2025-07-08 19:22:00,PUT,25,221.15,36.64234832547706,0.11756726203934854
2025-07-08 11:29:00,CALL,6,221.1401,40.72381661347421,0.11752730508850093
2025-07-09 05:13:00,CALL,6,221.25,67.20112576856752,0.1175141242937812
2025-07-22 04:38:00,PUT,40,221.28,47.35592689174388,0.11749819233549841
2025-07-09 06:49:00,CALL,20,221.29,44.139100358176165,0.11749288264269481
2025-08-08 08:49:00,PUT,14,221.29,51.27402603143038,0.11749288264268196
2025-07-09 07:16:00,CALL,12,221.43,56.98279729261724,0.11741859729936815
2025-08-08 08:05:00,PUT,25,221.44,53.60221737589807,0.11741329479768375
2025-07-31 10:11:00,PUT,14,221.45,51.04114634028446,0.11740799277488866
2025-07-09 07:21:00,CALL,12,221.49,60.82743836605847,0.11738678947130386
2025-08-05 09:49:00,PUT,14,220.9293,62.23692251810237,0.11736786383699423
2025-07-15 10:41:00,CALL,6,221.53,43.53686296369952,0.11736559382476003
2025-07-08 14:56:00,PUT,14,221.65,50.58462425066853,0.11730205278593248
2025-07-09 07:30:00,CALL,20,221.65,67.61068869797106,0.11730205278591965
2025-08-04 10:40:00,PUT,14,217.6,58.01311934409484,0.11718749999999792
2025-07-09 11:55:00,CALL,12,222.07,58.18625350609349,0.11708019993696551
2025-07-11 16:35:00,PUT,25,221.52,33.48071737933893,0.1170548934633424
2025-07-09 12:46:00,CALL,6,222.12,47.95857583215169,0.11705384476858945
2025-07-21 15:16:00,PUT,14,222.13,41.59214982858262,0.11704857515868676
2025-07-14 10:25:00,PUT,25,222.13,46.57161831711536,0.11704857515868676
2025-07-11 13:52:00,CALL,6,222.14,36.26853814025302,0.11704330602323729
2025-07-18 15:13:00,CALL,12,222.16,49.19617943970138,0.11703276917536501
2025-07-11 11:18:00,CALL,6,222.17,40.219486929847605,0.11702750146285247
2025-07-22 12:47:00,CALL,12,222.26,42.37897825607917,0.11698011338073398
2025-07-22 12:30:00,CALL,6,222.27,34.98072725381763,0.11697485040715837
2025-08-06 04:16:00,PUT,14,222.28,67.49353255672689,0.11696958790714004
2025-07-18 13:48:00,CALL,12,222.3,44.25152527237037,0.11695906432748128
2025-07-09 13:02:00,CALL,6,222.32,54.73931270822958,0.11694854264124654
2025-07-14 11:52:00,PUT,40,222.33,52.461245837870266,0.11694328250799232
2025-07-11 15:00:00,PUT,40,222.36,37.551618099779,0.11692750494694158
2025-07-11 06:58:00,CALL,6,222.36,50.45838212538306,0.1169275049469288
2025-07-14 12:48:00,CALL,6,222.48,58.616302467821335,0.11686443725279547
2025-07-22 12:04:00,PUT,25,222.49,37.07712924379423,0.11685918468246632
2025-07-14 10:24:00,PUT,14,222.56,64.0527948759774,0.11682242990653798
2025-07-15 09:56:00,PUT,14,222.57,33.764413437703155,0.11681718111155634
2025-08-07 07:09:00,CALL,12,222.61,45.41364632856332,0.11679619064731633
2025-07-14 12:52:00,CALL,12,222.67,64.7204076482657,0.11676471909104026
2025-08-07 07:51:00,PUT,14,222.69,41.90341787814524,0.11675423234091828
2025-08-04 12:39:00,CALL,12,218.505,65.33339558287895,0.1167021349625846
2025-08-07 07:41:00,PUT,14,222.81,50.15183724279128,0.11669135137560742
2025-07-11 04:40:00,PUT,40,222.97,36.92434438041297,0.11660761537426152
2025-07-09 14:19:00,PUT,25,222.98,43.09531789297684,0.11660238586419899
2025-07-17 09:50:00,PUT,40,223.03,73.70284041925336,0.11657624534815536
2025-07-22 14:18:00,CALL,6,223.07,48.72828140139643,0.11655534137267196
2025-07-10 09:42:00,CALL,6,223.08,45.59337941746124,0.11655011655011248
2025-07-17 13:25:00,CALL,12,223.09,53.66527110215758,0.11654489219597064
2025-07-11 04:52:00,PUT,25,223.1,47.61473582729037,0.11653966831017074
2025-07-18 11:44:00,CALL,6,223.23,59.479979603693046,0.11647180038526155
2025-07-24 12:49:00,CALL,20,224.09,40.185110498190845,0.11633718595206646
2025-07-17 12:11:00,PUT,14,223.56,39.28885788411844,0.11629987475397696
2025-07-30 08:32:00,CALL,20,223.59,53.11481843730896,0.1162842703161997
2025-07-09 17:57:00,CALL,12,223.6,48.00816246776007,0.1162790697674505
2025-07-30 07:54:00,PUT,14,223.62,53.7321785942995,0.11626867006528525
2025-07-09 17:49:00,CALL,20,223.64,47.71055051174366,0.11625827222322453
2025-07-21 08:22:00,PUT,40,223.77,45.44054629401613,0.11619073155472999
2025-07-31 15:39:00,PUT,14,219.495,34.60025522268282,0.11617576710175423
2025-07-30 08:55:00,PUT,25,223.8,56.56526202811007,0.11617515638964224
2025-07-21 04:34:00,PUT,14,223.81,65.12374282258806,0.11616996559581383
2025-07-30 10:15:00,CALL,6,223.82,56.2417116572038,0.11616477526584727
2025-07-17 18:01:00,CALL,12,223.82,41.737586856436096,0.11616477526584727
2025-07-28 13:50:00,PUT,14,223.86,37.64124062422568,0.11614401858305161
2025-07-30 11:51:00,CALL,20,223.86,55.24119833113375,0.1161440185830389
2025-07-17 15:37:00,PUT,14,223.93,56.61045159565147,0.11610771223150955
2025-07-28 14:06:00,CALL,20,223.61,35.216441821728125,0.11609498680737786
2025-07-17 15:15:00,PUT,40,223.96,58.47349529221064,0.11609215931417188
2025-07-30 10:19:00,CALL,12,224.14,69.18270880045522,0.1159989292406618
2025-07-22 19:41:00,CALL,12,224.15,58.28223334546235,0.11599375418246304
2025-07-15 07:45:00,PUT,25,223.379,40.61350898280324,0.11594644080239688
2025-07-28 16:05:00,PUT,40,224.25,60.52602490537739,0.11594202898550318
2025-07-18 04:22:00,PUT,40,224.26,52.321262086429904,0.11593685900293896
2025-07-24 13:08:00,CALL,6,224.29,60.13946707708442,0.1159213518213114
2025-07-23 04:03:00,CALL,6,224.33,59.02747313134997,0.1159006820309325
2025-07-29 09:59:00,CALL,12,224.43,37.92547481571027,0.11584903978968537
2025-07-25 15:37:00,PUT,25,224.53,62.23873211273566,0.11579744354874222
2025-08-06 09:58:00,CALL,6,220.215,49.133112219564815,0.11579592670798784
2025-08-01 12:13:00,CALL,12,216.16,66.71901706949777,0.11565507031828276
2025-08-01 07:05:00,CALL,12,216.19,57.693189445394175,0.11563902123132429
2025-08-05 09:39:00,PUT,40,220.52,54.24090890794817,0.11563576999819693
2025-08-04 08:01:00,CALL,20,216.23,44.62093595873152,0.11561762937612728
2025-07-16 14:41:00,CALL,20,220.57,64.26600360407727,0.11560955705671462
2025-07-24 11:25:00,PUT,25,224.9,37.27211392477206,0.11560693641619356
2025-07-15 14:10:00,PUT,40,220.595,60.35629416225313,0.11559645504204331
2025-07-18 09:28:00,PUT,14,224.94,36.96751987574508,0.11558637858984215
2025-07-16 15:05:00,CALL,12,220.62,49.84767575581732,0.1155833559967344
2025-07-24 10:27:00,CALL,6,224.95,48.542565603230805,0.11558124027562541
2025-08-01 04:41:00,CALL,6,216.3,32.580538610491914,0.1155802126675913
2025-07-08 10:09:00,CALL,6,220.635,37.34704072768584,0.11557549799442311
2025-08-08 15:25:00,PUT,14,220.655,51.70845047487006,0.11556502231990912
2025-08-01 04:45:00,CALL,20,216.37,38.930260960217126,0.1155428201691547
2025-07-18 08:53:00,CALL,12,225.05,52.794438708577054,0.1155298822483852
2025-08-04 07:33:00,PUT,14,216.49,56.75588446838732,0.11547877500115479
2025-07-29 08:01:00,CALL,12,225.2,59.72738134953372,0.11545293072825016
2025-07-10 13:00:00,CALL,6,225.29,50.11432328332731,0.11545119623595998
2025-07-29 07:00:00,PUT,14,225.26,55.31205693248311,0.11542217881558685
2025-07-29 06:35:00,PUT,25,225.26,65.56905413749848,0.11542217881558685
2025-07-28 08:18:00,CALL,20,225.3,56.15510042599109,0.11540168664003146
2025-08-04 09:57:00,CALL,6,216.7,52.77011270522252,0.11536686663590218
2025-07-24 11:01:00,PUT,14,225.4,56.924272531250665,0.11535048802130406
2025-07-23 11:26:00,PUT,14,225.44,43.07457225970104,0.1153300212916922
2025-07-10 15:24:00,PUT,14,225.455,54.890603856778434,0.1153223481404357
2025-08-01 08:04:00,PUT,14,216.83,68.52526126461206,0.11529769865793477
2025-07-29 08:05:00,CALL,6,225.1904,57.025129495768,0.11528022508951431
2025-08-04 05:45:00,PUT,25,216.91,46.87863366888695,0.1152551749573556
2025-07-24 04:12:00,CALL,12,225.75,39.49772051387422,0.11517165005536696
2025-07-31 10:17:00,PUT,14,221.415,48.74552899098142,0.1151683490278416
2025-07-08 10:50:00,CALL,20,221.45,60.63270990267405,0.11515014676000176
2025-07-28 09:01:00,PUT,14,225.82,62.24988247300385,0.11513594898591396
2025-07-23 15:04:00,CALL,20,225.87,50.08924835961134,0.1151104617700407
2025-07-24 05:16:00,PUT,25,225.96,46.99941364861925,0.11506461320588568
2025-07-24 05:38:00,PUT,14,225.98,47.9957537954682,0.11505442959553541
2025-07-24 08:16:00,PUT,25,226.03,57.11359663560602,0.11502897845418347
2025-08-04 10:21:00,CALL,6,217.4,62.883478947004136,0.11499540018399264
2025-08-04 10:57:00,CALL,6,217.505,53.489299598844966,0.1149398864393922
2025-08-04 10:25:00,PUT,25,217.55,63.96974225652325,0.11491611123879567
2025-07-09 11:48:00,CALL,20,222.025,61.02170391439319,0.11485193108883929
2025-07-23 15:44:00,CALL,6,226.3301,60.64101979544697,0.11483227374530212
2025-07-11 12:46:00,CALL,12,222.245,56.48104646441139,0.11473823933046658
2025-07-18 10:47:00,CALL,6,223.129,45.48714103821809,0.1147318367401818
2025-08-04 11:18:00,PUT,25,217.94,57.335932237197625,0.11471047077177204
2025-07-18 13:52:00,CALL,12,222.345,49.17129952441055,0.11468663563381028
2025-07-09 13:05:00,CALL,12,222.45,61.44664740552732,0.11463250168578282
2025-07-18 14:24:00,PUT,14,222.465,57.27424213441102,0.1146247724361115
2025-07-15 18:15:00,PUT,14,218.4,40.36198132391497,0.11446886446886448
2025-07-15 19:49:00,CALL,20,218.4,62.94664579818204,0.11446886446886448
2025-07-25 12:06:00,CALL,6,223.215,46.59498590604471,0.11423963443316777
2025-08-07 11:34:00,CALL,20,219.0,40.50062474562345,0.1141552511415525
2025-07-31 18:43:00,CALL,6,219.12,43.72609494650441,0.11409273457466229
2025-08-07 14:51:00,CALL,6,219.13,56.91458754196072,0.11408752795144435
2025-07-16 12:15:00,CALL,20,219.19,54.17684120532187,0.11405629818878597
2025-07-31 17:18:00,PUT,14,219.26,46.39813457863803,0.11401988506795585
2025-07-30 10:12:00,CALL,6,223.685,49.26895809440495,0.11399959764847685
2025-08-05 11:24:00,PUT,14,219.3,51.91322937254872,0.11399908800729594
2025-08-04 15:54:00,CALL,6,219.32,51.106070324013785,0.1139886923217217
2025-08-08 15:22:00,PUT,14,220.67,53.99240464096516,0.11392577151402078
2025-07-17 11:58:00,PUT,14,223.85,59.77490321795808,0.113915568461021
2025-07-31 13:56:00,CALL,6,219.56,39.83608973119899,0.11386409182000364
2025-07-28 13:15:00,PUT,14,224.09,40.67547735299456,0.1137935650854547
2025-07-24 13:05:00,CALL,20,224.225,56.62287043119117,0.1137250529601942
2025-07-16 10:12:00,CALL,6,219.86,52.414244779743214,0.11370872373328482
2025-08-04 16:21:00,CALL,20,219.94,69.83379257267597,0.11366736382649814
2025-07-15 15:15:00,PUT,14,219.95,44.60259447572411,0.11366219595362584
2025-07-16 09:02:00,PUT,40,220.0,36.14251958286128,0.11363636363636363
2025-08-04 16:26:00,CALL,20,220.0,68.32776839992424,0.11363636363636363
2025-07-31 15:13:00,PUT,14,220.03,43.919570121160895,0.11362086988137982
2025-07-31 14:40:00,CALL,20,220.03,61.6332760564484,0.11362086988137982
2025-07-31 11:22:00,CALL,6,220.13,42.3208997701067,0.11356925453141326
2025-08-04 16:54:00,CALL,6,220.2499,60.894860576339,0.11355283248709912
2025-07-30 13:28:00,PUT,40,224.585,52.24762249658429,0.1135427566400229
2025-08-06 11:16:00,CALL,6,220.21,55.31530768126192,0.11352799600381454
2025-08-08 13:17:00,CALL,6,220.21,42.48253366820171,0.11352799600381454
2025-07-17 08:18:00,CALL,12,220.24,52.4063898105936,0.11351253178350891
2025-07-16 08:40:00,PUT,25,220.26,56.31469933245262,0.11350222464360303
2025-07-31 09:25:00,CALL,6,220.26,44.33687826274081,0.11350222464360303
2025-07-15 13:54:00,CALL,20,220.36,52.469384876809706,0.1134960972953235
2025-07-08 06:06:00,CALL,12,220.3,47.54052283895128,0.11348161597821152
2025-08-05 13:23:00,CALL,6,220.34,53.88293478262022,0.11346101479531633
2025-08-04 17:33:00,PUT,40,220.35,49.556521423766426,0.11345586566825505
2025-08-04 18:00:00,PUT,25,220.36,45.42664000296722,0.11345071700853149
2025-08-05 13:24:00,CALL,6,220.42,57.65308968531301,0.11341983486072044
2025-08-06 10:05:00,PUT,14,220.43,54.62128826751075,0.11341468947058023
2025-08-06 18:12:00,CALL,20,220.5,58.785830570559696,0.11337868480725624
2025-07-17 08:37:00,CALL,6,220.51,62.30710825142541,0.11337354314997052
2025-08-05 15:00:00,CALL,6,220.43,59.2181376069427,0.11336932359479049
2025-08-06 17:02:00,PUT,14,220.56,47.79882152110865,0.11334784185709104
2025-08-06 15:14:00,CALL,20,220.585,66.74949629700976,0.11333499557993516
2025-08-05 09:38:00,CALL,12,220.59,57.0202258733756,0.11333242667391993
2025-07-16 08:39:00,PUT,14,220.62,73.63496286034066,0.11331701568307498
2025-08-06 18:51:00,CALL,6,220.65,56.216355039586965,0.11330160888284614
2025-07-14 04:38:00,CALL,20,220.65,53.03537129780383,0.11330160888284614
2025-08-06 12:09:00,PUT,14,220.67,55.54491861151125,0.11329134000996964
2025-07-08 10:10:00,CALL,6,220.67,39.22432415168237,0.11329134000996964
2025-07-31 11:36:00,CALL,12,220.67,58.739099605602696,0.11329134000996964
2025-07-10 12:17:00,CALL,12,225.13,47.08547131433681,0.1132678896637478
2025-07-16 15:08:00,CALL,20,220.8,60.44263992948829,0.11322463768115942
2025-07-17 05:12:00,PUT,14,220.81,60.97947079666674,0.1132195099859608
2025-08-05 09:50:00,PUT,14,220.84,58.52812582446086,0.11320412968665097
2025-07-14 04:59:00,CALL,12,220.89,63.50295546151327,0.11317850513830414
2025-08-08 05:20:00,CALL,20,220.96,63.746613478396185,0.11314265025343952
2025-08-08 16:47:00,PUT,25,220.99,53.37223433650165,0.11312729082763925
2025-07-09 05:01:00,CALL,6,221.0,46.7193837509684,0.11312217194570137
2025-08-05 19:21:00,PUT,14,221.03,57.17277184057407,0.1131068180789938
2025-07-15 11:41:00,PUT,40,221.04,40.35715510208208,0.1131017010495838
2025-07-22 06:31:00,CALL,20,221.04,48.22576377169821,0.1131017010495838
2025-07-16 15:30:00,PUT,40,221.05,59.40617803148962,0.1130965844831486
2025-07-16 15:27:00,PUT,25,221.05,60.25272800747244,0.1130965844831486
2025-08-06 08:24:00,PUT,25,221.06,43.19229621432668,0.11309146837962544
2025-07-23 14:05:00,CALL,6,225.495,57.26920633234717,0.11308454732920706
2025-07-16 15:35:00,CALL,6,221.09,60.13834162380348,0.11307612284589985
2025-07-14 06:44:00,PUT,14,221.11,59.201326536826784,0.11306589480349148
2025-07-31 10:25:00,PUT,25,221.19,42.74448677308097,0.11302500113025002
2025-07-10 13:27:00,CALL,20,225.615,57.34667666465926,0.11302439997340401
2025-08-08 08:34:00,PUT,40,221.21,43.55814424154548,0.11301478233352923
2025-08-06 08:01:00,PUT,14,221.24,32.91651959110948,0.1129994576026035
2025-07-31 08:48:00,PUT,25,220.56,49.31783386313898,0.11293978962640486
2025-07-15 10:52:00,PUT,25,221.36,39.93352010817175,0.11293820021684134
2025-07-22 07:43:00,CALL,12,221.46,66.3303517798416,0.11288720310665583
2025-07-11 15:08:00,CALL,20,222.0893,38.98058853791242,0.11288252067974225
2025-07-08 11:05:00,CALL,6,221.49,60.871468813614015,0.11287191295318072
2025-08-06 07:24:00,PUT,14,221.57,43.50344506591468,0.11283115945299453
2025-08-06 07:23:00,PUT,14,221.64,47.42668518748168,0.11279552427359685
2025-07-11 16:10:00,PUT,25,221.77,44.95967405664899,0.11272940433782748
2025-07-11 12:11:00,CALL,6,221.82,37.51543680374663,0.1127039942295555
2025-08-07 04:49:00,CALL,12,221.84,60.338496290119885,0.1126938333934367
2025-07-23 15:43:00,CALL,12,226.295,57.42984853729763,0.11268476988003442
2025-07-11 12:15:00,CALL,20,222.02,49.95446162476047,0.11260246824610395
2025-07-14 11:10:00,CALL,20,222.03,48.87066948926275,0.1125973967481872
2025-07-09 11:46:00,CALL,20,222.09,66.12840290436284,0.11256697735152416
2025-07-14 11:11:00,CALL,20,222.1,51.6582370599813,0.1125619090499775
2025-07-18 15:05:00,CALL,12,222.15,47.58299531877278,0.11253657438667568
2025-08-06 04:17:00,PUT,14,222.17,62.18882979092887,0.11252644371427287
2025-08-07 05:20:00,CALL,6,222.17,64.6666647767426,0.11252644371427287
2025-08-07 05:13:00,CALL,12,222.19,67.79063042776939,0.11251631486565551
2025-08-04 11:03:00,CALL,12,217.755,61.19516910452579,0.11251176781245187
2025-07-14 12:37:00,CALL,6,222.24,50.838413713835415,0.1124910007199424
2025-07-11 14:22:00,CALL,20,222.3299,48.647610334475615,0.11244551452593646
2025-07-11 11:30:00,CALL,6,222.41,51.75081979673743,0.11240501775999281
2025-07-11 10:12:00,PUT,40,222.43,36.6778710868098,0.11239491075844085
2025-07-22 10:40:00,PUT,14,222.52,63.43859982030945,0.11234945173467553
2025-07-22 12:05:00,CALL,12,222.62,46.27545231546685,0.11229898481717725
2025-07-29 11:49:00,CALL,6,222.7,50.93456309186927,0.1122586439155815
2025-07-14 14:00:00,CALL,6,222.74,50.13365793104539,0.11223848433150758
2025-07-11 10:14:00,CALL,12,222.77,52.17052070505667,0.11222336939444269
2025-07-09 15:18:00,CALL,6,222.83,49.2075253360957,0.11219315173001838
2025-07-18 11:12:00,CALL,6,222.88,42.62183589759682,0.11216798277099785
2025-07-11 05:07:00,PUT,25,222.91,36.72831776531737,0.11215288681530662
2025-07-29 12:59:00,CALL,6,223.06,69.87788404966997,0.112122298933024
2025-07-17 10:18:00,PUT,25,223.02,45.82951926014999,0.11209756972468837
2025-07-11 10:25:00,PUT,14,223.06,61.007114520501055,0.11207746794584417
2025-08-01 10:59:00,PUT,25,214.18,43.26337270335519,0.11205528060510275
2025-07-22 14:20:00,CALL,20,223.18,54.07037018613341,0.11201720584281746
2025-07-25 10:44:00,PUT,14,223.27,61.08119122903101,0.11197205177587673
2025-07-22 16:01:00,CALL,20,223.3,35.7246489182299,0.11195700850873264
2025-07-30 04:38:00,CALL,6,223.32,62.29118527699638,0.11194698190936773
2025-08-04 12:55:00,PUT,14,218.855,72.9080996114136,0.11194626579240873
2025-07-24 16:05:00,CALL,12,223.55,34.033612620293226,0.11183180496533213
2025-08-01 13:44:00,PUT,14,214.65,46.20910950124954,0.1118099231306821
2025-08-01 13:27:00,PUT,40,214.65,39.33365319032839,0.1118099231306821
2025-07-21 04:16:00,CALL,6,223.6,69.95416237610485,0.11180679785330948
2025-07-17 14:54:00,CALL,12,223.62,60.63308243168929,0.11179679813970128
2025-08-01 13:43:00,PUT,14,214.69,47.59719575047939,0.11178909124784997
2025-07-16 11:55:00,CALL,12,219.17,64.36437318977667,0.11178537208559773
2025-07-22 15:44:00,PUT,14,223.68,53.7968454246601,0.1117668097281831
2025-07-15 08:55:00,CALL,12,223.7,58.10676983324272,0.11175681716584712
2025-07-15 09:02:00,CALL,12,223.72,56.43947479515955,0.11174682639013053
2025-08-01 13:26:00,PUT,14,214.83,44.6808896192863,0.11171624074850305
2025-07-21 08:16:00,PUT,40,223.8,48.60692827688983,0.11170688114387846
2025-07-21 09:56:00,CALL,6,223.82,65.55221287411501,0.1116968992940756
2025-08-07 14:57:00,PUT,14,219.38,64.46397860558062,0.11167836630504356
2025-07-22 19:13:00,CALL,6,223.87,69.66100502734363,0.11167195247241703
2025-07-18 07:22:00,CALL,20,223.93,49.02576922143246,0.1116420309918278
2025-07-31 15:57:00,CALL,6,219.405,46.778079547852734,0.11162006335316023
2025-07-18 07:23:00,CALL,20,223.99,54.0002532964129,0.1116121255413188
2025-08-01 14:26:00,CALL,6,215.08,66.9265561625155,0.11158638646084278
2025-07-21 10:21:00,CALL,6,224.1399,62.90428130968282,0.11158209671726224
2025-07-25 07:57:00,CALL,20,224.07,50.36307229397615,0.11157227652073014
2025-07-28 10:38:00,CALL,6,224.12,44.57780364969628,0.11154738532928787
2025-07-22 19:28:00,CALL,20,224.15,58.51782922172551,0.1115324559446799
2025-07-23 04:10:00,CALL,6,224.47,65.0901137419543,0.11137345747761393
2025-07-21 08:41:00,PUT,14,223.85,47.44487419954391,0.11136922046013187
2025-07-16 12:57:00,CALL,20,220.105,69.35325355294489,0.11135594375412093
2025-07-29 10:25:00,PUT,14,224.6,49.00471539415976,0.11130899376669634
2025-07-16 13:55:00,CALL,12,220.18,50.49226139267434,0.11127259514942527
2025-07-15 14:52:00,PUT,14,220.21,41.173845679965616,0.11125743608374032
2025-07-10 11:27:00,CALL,20,224.73,48.97059734528692,0.11124460463667511
2025-08-06 13:47:00,CALL,20,220.24,43.626568754600704,0.11124228114784078
2025-07-30 13:03:00,PUT,14,224.75,60.68339716908158,0.11123470522803114
2025-07-24 08:04:00,PUT,40,225.9112,46.35287035427464,0.11119413291594725
2025-07-23 09:28:00,PUT,14,224.86,51.853907566019615,0.11118028995819622
2025-07-31 15:06:00,PUT,14,220.365,62.30542679694485,0.1111791799968255
2025-07-21 14:41:00,PUT,14,222.8178,33.640754362359985,0.11116706115939072
2025-07-23 10:14:00,CALL,6,224.935,56.344120209615774,0.11114321915219952
2025-07-28 09:53:00,CALL,12,224.31,36.87075513712857,0.11114083188444794
2025-08-06 12:01:00,CALL,6,220.46,46.58715545061644,0.11113127097886445
2025-08-01 08:52:00,PUT,14,215.99,48.4798312548161,0.11111625538219783
2025-07-29 05:51:00,CALL,20,224.99,59.47087521257964,0.11111604960220454
2025-07-28 07:26:00,CALL,20,225.07,36.60475084688191,0.11107655396098992
2025-07-24 10:28:00,CALL,20,225.07,52.35929138184943,0.11107655396098992
2025-07-16 14:49:00,CALL,12,220.58,59.67442357500568,0.11107081331035275
2025-07-15 14:13:00,PUT,25,220.6,58.99940693524308,0.1110607434270193
2025-07-24 10:45:00,PUT,40,225.15,51.3719643189928,0.11103708638685321
2025-07-29 07:03:00,PUT,25,225.19,46.25672001839924,0.11101736311559128
2025-08-08 09:36:00,PUT,14,220.69,32.147515310105064,0.11101545153835904
2025-07-30 15:19:00,PUT,14,220.73,33.335261866455696,0.11099533366555345
2025-07-28 07:04:00,PUT,14,225.28,45.45223974210451,0.11097301136363637
2025-08-01 06:30:00,PUT,14,216.28,45.67793954875902,0.11096726465693041
2025-07-29 09:00:00,PUT,40,225.3901,40.74601733438962,0.11096317007712553
2025-07-10 13:01:00,CALL,12,225.34,53.85284748638279,0.1109434632111476
2025-07-28 08:22:00,CALL,20,225.35,57.59586834036336,0.11093854004881297
2025-08-04 07:02:00,PUT,40,216.35,35.57139998376057,0.11093136122023604
2025-07-28 08:36:00,CALL,6,225.43,60.172172496177296,0.11089917047420485
2025-07-10 15:02:00,CALL,20,225.28,53.13042315291551,0.11083984374999557
2025-08-01 05:16:00,PUT,14,216.54,47.89197312529888,0.1108340260459872
2025-07-10 14:07:00,PUT,14,225.58,35.472622407530025,0.11082542778615126
2025-08-01 05:07:00,PUT,14,216.56,51.99368135248988,0.11082379017362813
2025-08-01 07:47:00,CALL,20,216.57,56.526003283451246,0.11081867294639566
2025-08-01 07:58:00,CALL,6,216.59,56.89099910911212,0.11080843990951064
2025-07-10 13:31:00,CALL,20,225.66,59.83109393144013,0.11078613843835859
2025-07-10 13:32:00,CALL,12,225.7,62.48514134833571,0.11076650420912718
2025-08-04 05:59:00,PUT,40,216.7,36.37981788975984,0.11075219197045716
2025-07-23 12:01:00,CALL,6,225.76,60.403366751814886,0.11073706591070162
2025-07-28 04:41:00,PUT,40,225.86,67.38735234947814,0.11068803683697864
2025-07-24 08:32:00,PUT,25,225.9,45.58768155092288,0.11066843736166444
2025-08-04 05:27:00,PUT,40,216.93,48.955161533093815,0.11063476697552625
2025-08-04 04:55:00,PUT,40,216.97,58.823288726130016,0.11061437065032452
2025-07-24 07:37:00,PUT,40,226.03,62.71356781095699,0.1106047869751803
2025-07-24 05:33:00,PUT,14,226.05,55.20146614261305,0.11059500110595
2025-07-08 12:14:00,CALL,6,221.545,50.73186980591493,0.11054187636823273
2025-07-16 11:31:00,CALL,12,218.2299,37.46619837053615,0.11047981967641336
2025-07-21 15:27:00,PUT,14,221.855,30.97475248969701,0.11043248968920066
2025-07-11 15:41:00,PUT,14,221.995,30.066434089469283,0.11036284601004731
2025-08-04 11:01:00,CALL,6,217.53,53.84893731124925,0.11032960970900982
2025-07-23 16:03:00,PUT,40,226.6,54.55591498344496,0.11032656663724626
2025-08-04 10:48:00,CALL,20,217.54,55.13594732582152,0.11032453801600126
2025-07-14 09:52:00,PUT,14,222.2,60.68292100430212,0.11026102610259952
2025-07-11 13:53:00,CALL,6,222.185,40.372433133515216,0.11017845489119332
2025-07-18 14:07:00,PUT,25,222.41,46.82588515994351,0.11015691740479501
2025-07-11 14:36:00,CALL,12,222.455,60.87989522735277,0.11013463397090474
2025-07-29 12:41:00,CALL,12,222.675,55.85644453761545,0.11002582238687598
2025-07-17 09:57:00,PUT,40,222.765,54.61704916071086,0.10998137050253683
2025-07-09 09:47:00,PUT,14,222.795,63.47114518787569,0.10996656118852582
2025-07-15 19:56:00,CALL,6,218.29,52.08087774776401,0.10994548536351144
2025-07-21 12:45:00,CALL,20,222.95,44.485726254635615,0.10989010989011193
2025-07-15 18:02:00,PUT,25,218.45,43.882680338553776,0.1098649576562054
2025-07-25 09:52:00,CALL,6,223.04,35.2836441482944,0.10984576757532484
2025-08-01 11:30:00,CALL,6,213.96,45.58389583803954,0.10983361375957433
2025-08-01 11:01:00,PUT,25,214.03,40.83826634534377,0.1097976919123551
2025-07-15 17:35:00,PUT,25,218.64,58.86223027538974,0.10976948408341597
2025-08-07 14:21:00,CALL,6,218.68,39.79393548967064,0.10974940552404458
2025-07-25 12:10:00,CALL,20,223.275,50.41400892507267,0.1097301533982777
2025-08-04 13:14:00,PUT,40,218.74,58.001606044098494,0.1097193014537849
2025-07-16 04:30:00,CALL,20,218.77,65.39472662209057,0.10970425561090673
2025-08-04 14:27:00,CALL,12,218.79,64.52109651119812,0.10969422734129032
2025-07-16 04:34:00,CALL,20,218.82,67.80319683636435,0.1096791883740102
2025-07-21 09:41:00,CALL,12,223.405,46.96055018817509,0.10966630111233165
2025-07-09 15:55:00,CALL,20,223.545,63.54918878033331,0.10959762016596415
2025-07-21 12:00:00,PUT,14,223.58,30.78150222819328,0.10958046336881856
2025-08-07 11:38:00,CALL,20,219.02,44.31439083674195,0.10957903387817582
2025-08-04 15:03:00,CALL,12,219.06,60.20859563266063,0.10955902492468234
2025-07-30 09:45:00,CALL,12,223.63,50.74433628082261,0.10955596297455822
2025-07-17 12:08:00,PUT,14,223.695,47.53218586128852,0.10952412883614053
2025-08-07 15:15:00,CALL,20,219.18,48.51239797837502,0.10949904188337471
2025-07-30 11:57:00,CALL,12,223.835,53.01254815062179,0.10945562579578909
2025-08-04 15:57:00,CALL,6,219.43,60.18890888018914,0.10937428792780417
2025-07-16 08:05:00,CALL,12,219.46,55.87364205306027,0.10935933655334942
2025-07-17 15:14:00,PUT,14,224.055,67.17952486554016,0.10934815112361007
2025-07-31 15:34:00,PUT,14,219.56,35.57054871867537,0.10930952814720764
2025-08-04 16:55:00,CALL,12,220.2992,64.48968891462178,0.10930588944489075
2025-07-16 09:51:00,CALL,20,219.59,43.49583706703707,0.10929459447151922
2025-08-01 14:59:00,PUT,40,215.035,43.16159228315707,0.10928453507567848
2025-07-16 17:27:00,PUT,40,220.83,49.79158957536468,0.10926957388037126
2025-07-24 12:34:00,PUT,14,224.23,42.44485667885855,0.10926281050705798
2025-07-30 10:54:00,PUT,14,224.3,50.406126220184,0.10922871154703724
2025-07-24 12:07:00,PUT,40,224.36,33.623735195043054,0.10919950080228408
2025-07-15 15:00:00,CALL,20,219.825,33.77205232625769,0.1091777550324163
2025-07-28 12:03:00,CALL,20,224.41,66.6129993948008,0.10917517044695181
2025-07-24 12:10:00,PUT,25,224.435,40.14918183336752,0.10916300933455324
2025-07-15 15:03:00,PUT,40,219.88,39.14002516014554,0.1091504456976574
2025-07-25 15:44:00,PUT,25,224.495,51.52177515185343,0.10913383371567499
2025-08-06 09:59:00,PUT,25,219.94,43.41734077214071,0.10912066927344234
2025-07-15 13:02:00,CALL,20,219.98,37.24953176117901,0.10910082734794486
2025-07-24 14:11:00,PUT,14,224.575,55.69829227590528,0.10909495714125622
2025-08-07 10:36:00,PUT,14,220.02,34.87888538255625,0.10908099263703713
2025-07-31 14:44:00,CALL,20,220.035,60.22771773026816,0.1090735564796551
2025-08-06 10:40:00,CALL,20,220.06,56.65134926353723,0.109061165136785
2025-07-30 13:30:00,CALL,12,224.65,57.83967477495744,0.10905853549966817
2025-07-30 16:50:00,CALL,12,220.1,42.41300179244463,0.1090413448432572
2025-08-06 09:48:00,CALL,6,220.145,41.58056830044488,0.10901905562242188
2025-07-16 13:08:00,CALL,12,220.2,67.65847176303672,0.10899182561308317
2025-08-05 05:21:00,CALL,6,220.27,59.37614193798338,0.10895718890451749
2025-07-31 18:14:00,PUT,40,219.36,50.16024585353103,0.10895331874544326
2025-07-16 08:45:00,PUT,25,220.32,55.46570248414955,0.10893246187362957
2025-07-08 04:08:00,PUT,40,220.34,72.86084093758163,0.1089225742035078
2025-08-07 18:00:00,CALL,6,220.37,53.517443663285086,0.10890774606344289
2025-07-08 08:05:00,CALL,12,220.38,45.35487683005121,0.10890280424721349
2025-07-15 14:02:00,CALL,6,220.42,54.757193101903816,0.10888304146629577
2025-08-05 06:01:00,CALL,6,220.43,61.1503600675678,0.10887810189174824
2025-07-08 07:20:00,PUT,25,220.52,50.45346000867646,0.10883366588064985
2025-08-07 18:02:00,CALL,20,220.54,62.70314265591757,0.10882379613675938
2025-07-17 05:57:00,PUT,25,220.56,36.41202955043442,0.10881392818281152
2025-07-14 04:31:00,CALL,12,220.58,48.17174144393332,0.10880406201830659
2025-08-06 16:35:00,PUT,40,220.6,49.96775370334183,0.10879419764278361
2025-07-14 04:45:00,CALL,12,220.68,54.65584090692463,0.10875475802065464
2025-08-05 07:42:00,CALL,12,220.7,51.82671222124425,0.10874490258269556
2025-08-06 15:35:00,PUT,14,220.8,66.15760912528994,0.10869565217391716
2025-08-06 08:42:00,CALL,20,220.84,42.01895825128717,0.10867596449918905
2025-07-31 11:57:00,CALL,20,220.89,55.05724020042466,0.10865136493277609
2025-08-05 17:54:00,PUT,14,220.95,53.98144177515531,0.10862186014934633
2025-07-10 14:03:00,PUT,14,225.665,34.711430756718315,0.10856801010347397
2025-08-05 07:58:00,CALL,6,220.94,59.18820543032924,0.10853625418665812
2025-08-08 08:58:00,PUT,25,221.13,38.97189565836925,0.10853344186677932
2025-07-08 09:50:00,PUT,14,221.04,53.14609133693053,0.10853239232718323
2025-08-08 08:28:00,PUT,40,221.15,36.63738067905938,0.10852362649785624
2025-07-09 04:10:00,PUT,25,221.17,56.64217429779865,0.10851381290409219
2025-07-22 04:41:00,PUT,40,221.23,43.31006130853952,0.10848438276905513
2025-07-08 18:32:00,PUT,40,221.24,42.96740570713486,0.10847947929850346
2025-07-08 11:03:00,PUT,25,221.26,52.76518925020103,0.10846967368705626
2025-07-31 05:01:00,PUT,14,221.26,42.908146728009854,0.10846967368705626
2025-08-08 08:19:00,PUT,40,221.28,35.09790971090989,0.10845986984816028
2025-07-23 15:02:00,CALL,20,225.895,51.79035518359462,0.10845746917814741
2025-07-08 15:23:00,CALL,6,221.325,42.53069850037177,0.10843781768892313
2025-07-21 15:48:00,CALL,20,221.34,25.599930695481675,0.10843046896178236
2025-07-31 04:52:00,PUT,14,221.41,54.055697588624376,0.1083961880673904
2025-07-31 04:31:00,PUT,25,221.44,67.98521167427128,0.10838150289017752
2025-08-08 08:17:00,PUT,14,221.45,49.28699492746477,0.1083766087152769
2025-07-09 05:26:00,PUT,14,221.47,63.378880152641074,0.10836682169142958
2025-07-08 15:07:00,PUT,14,221.51,42.56926140431992,0.10834725294568222
2025-07-22 10:05:00,CALL,12,221.63,54.51303883379869,0.10828858908992875
2025-07-08 13:49:00,PUT,40,221.73,54.38314486666562,0.10823975104856387
2025-07-23 15:37:00,CALL,20,226.35,67.74001065914098,0.10823945217583589
2025-07-11 16:11:00,PUT,25,221.74,42.29824583973412,0.10823486966718186
2025-07-29 12:03:00,PUT,25,222.691,43.91508101999504,0.10822170631054416
2025-07-09 15:19:00,CALL,6,222.9089,55.2969699715025,0.10816077778860206
2025-07-17 14:39:00,CALL,20,223.4683,53.0022429703012,0.10815851733780973
2025-07-08 13:57:00,PUT,25,221.91,60.78811204969374,0.1081519534946641
2025-07-29 12:44:00,CALL,12,222.7392,58.31445109899689,0.10810849639397951
2025-07-09 09:06:00,CALL,20,222.04,69.92054674865757,0.10808863267880071
2025-07-21 15:14:00,PUT,14,222.05,35.3551232032993,0.1080837649178154
2025-07-11 06:43:00,CALL,20,222.25,41.86057308791837,0.10798650168729318
2025-07-11 12:49:00,CALL,6,222.285,58.14783339275987,0.10796949861664489
2025-07-14 10:44:00,PUT,14,222.325,52.9325315080702,0.10795007309118664
2025-07-22 12:09:00,PUT,25,222.6603,48.23002451689609,0.1079222474774439
2025-07-14 11:42:00,PUT,14,222.42,64.23290380966213,0.10790396547072237
2025-07-22 13:12:00,CALL,12,222.51,55.028803795230615,0.10786032088445872
2025-07-09 09:04:00,CALL,12,221.9906,67.35685964152685,0.10784240413782799
2025-07-11 13:15:00,PUT,40,222.55,62.11539351613682,0.10784093462143747
2025-07-14 13:27:00,CALL,6,222.6,43.17790798100382,0.10781671159030058
2025-07-15 06:41:00,PUT,40,223.62,55.13844377204308,0.10777211340667825
2025-07-29 11:33:00,CALL,20,222.78,37.64474823319642,0.1077295987072489
2025-08-07 07:34:00,PUT,25,222.79,47.92526383396795,0.10772476322993882
2025-08-07 07:44:00,PUT,25,222.72,43.40073611304932,0.1077137212643704
2025-07-14 13:05:00,PUT,40,222.84,60.72058673315653,0.10770059235326201
2025-07-17 11:08:00,CALL,12,222.84,50.19716124046924,0.10770059235326201
2025-07-29 11:52:00,PUT,14,222.88,57.42708224041114,0.107681263460162
2025-07-25 09:48:00,CALL,12,222.94,25.035925923606086,0.1076522831255087
2025-07-14 17:23:00,PUT,25,222.98,40.82477264849112,0.10763297156694801
2025-07-17 13:28:00,CALL,6,222.99,47.71448955456031,0.10762814475984604
2025-07-18 11:26:00,CALL,20,223.0,49.08627687682544,0.10762331838565431
2025-07-11 05:05:00,PUT,14,223.0,40.49734144671464,0.10762331838565431
2025-07-25 10:12:00,PUT,14,223.0,46.76130653845046,0.10762331838565431
2025-07-29 12:57:00,CALL,6,223.02,68.05563990780672,0.10761366693569216
2025-07-11 04:44:00,CALL,12,223.02,42.19141792970911,0.10761366693569216
2025-07-10 04:01:00,CALL,20,223.16,28.76414300882305,0.1075461552249548
2025-07-25 10:56:00,PUT,25,223.21,49.19817800876004,0.10752206442364101
2025-07-29 15:08:00,PUT,14,223.22,50.50410324768468,0.10751724755846657
2025-07-17 12:24:00,PUT,25,223.3,36.574794642694734,0.10747872816838741
2025-07-18 11:47:00,CALL,6,223.31,63.41628080176989,0.10747391518517266
2025-07-15 08:00:00,PUT,14,223.32,41.9979474282708,0.10746910263298437
2025-07-09 15:53:00,CALL,6,223.39,53.740532071222,0.10743542683200193
2025-07-15 08:46:00,CALL,6,223.44,50.50314167869654,0.1074113856068784
2025-07-30 09:41:00,CALL,12,223.44,42.04589957209474,0.1074113856068784
2025-07-30 07:23:00,CALL,12,223.46,42.16309746662886,0.10740177212923148
2025-07-30 05:41:00,CALL,12,223.47,57.32760334352013,0.10739696603571357
2025-07-15 06:54:00,CALL,12,223.49,46.74303387540242,0.10738735513892374
2025-07-25 12:37:00,CALL,20,223.57,62.355219149825,0.10734892874715261
2025-07-22 15:29:00,PUT,40,223.58,53.40399412714941,0.10734412738170188
2025-07-21 08:54:00,PUT,25,223.65,30.14730928656381,0.10731052984574518
2025-07-10 06:43:00,CALL,20,223.65,57.318917993755065,0.10731052984573246
2025-07-21 07:17:00,CALL,20,223.69,59.97479527432214,0.1072913406947155
2025-07-30 11:48:00,CALL,12,223.71,45.27556259787841,0.10728174869249504
2025-08-07 15:19:00,CALL,12,219.105,45.36487829325437,0.10725451267657683
2025-07-10 08:07:00,PUT,14,223.77,32.36216037397233,0.10725298297359301
2025-07-21 08:43:00,PUT,14,223.8,43.36263995518282,0.10723860589812739
2025-07-24 18:00:00,CALL,6,223.88,51.61181741604087,0.10720028586743305
2025-07-18 07:20:00,CALL,20,223.88,44.51542359879311,0.10720028586743305
2025-08-01 13:41:00,PUT,40,214.56,42.261895926515976,0.10719612229678867
2025-07-10 07:34:00,CALL,20,223.96,62.81596633691776,0.10716199321306513
2025-07-24 14:52:00,CALL,12,224.03,34.51843383292693,0.1071285095746146
2025-07-28 17:34:00,CALL,20,224.04,51.92284423309757,0.10712372790573517
2025-07-28 10:25:00,CALL,20,224.09,42.268813454651415,0.10709982596278687
2025-07-30 14:18:00,PUT,25,224.15,39.33637906412245,0.10707115770689678
2025-07-18 06:01:00,PUT,40,224.16,53.55314711623315,0.10706638115632097
2025-07-18 05:43:00,PUT,14,224.18,58.52587539773884,0.10705682933357528
2025-07-18 04:52:00,PUT,40,224.18,45.52172024186119,0.10705682933357528
2025-07-28 09:58:00,CALL,12,224.19,39.74393096940569,0.10705205406129135
2025-07-25 08:22:00,CALL,12,224.24,62.21546160433759,0.107028184088468
2025-07-24 14:35:00,PUT,14,224.35,44.06786078535117,0.10697570759972395
2025-07-28 12:05:00,PUT,40,224.4,63.41309949494454,0.10695187165775807
2025-08-01 15:07:00,CALL,12,215.145,50.898870822083474,0.10690464570405529
2025-07-28 12:29:00,PUT,14,224.52,50.19272809106205,0.1068947087119228
2025-07-18 09:43:00,PUT,25,224.52,38.847270737648536,0.1068947087119228
2025-07-25 15:43:00,PUT,25,224.53,56.81259506445798,0.10688994789115444
2025-08-01 14:31:00,CALL,6,215.18,66.16523398249615,0.10688725718003057
2025-07-09 13:03:00,CALL,12,222.4,59.81872337626826,0.10687949640287302
2025-08-01 15:48:00,PUT,14,215.23,59.94457293994378,0.10686242624169018
2025-08-01 16:32:00,PUT,40,215.27,50.987972136071285,0.1068425697960785
2025-07-15 13:19:00,CALL,6,219.975,46.489832162707565,0.10683032162746386
2025-07-18 09:42:00,PUT,14,224.68,43.15911636061977,0.10681858643404357
2025-08-01 16:56:00,PUT,14,215.33,46.076660179241095,0.10681279895974466
2025-08-01 16:26:00,PUT,40,215.34,58.24604568019955,0.10680783876659691
2025-07-16 11:02:00,CALL,6,220.03,49.74255049635189,0.10680361768849031
2025-07-31 14:58:00,CALL,6,220.04,51.79833753623681,0.10679876386112236
2025-07-15 12:54:00,PUT,25,220.2101,38.42548459557953,0.10676167896023704
2025-07-29 05:02:00,CALL,6,224.87,62.5562302786358,0.10672833192511633
2025-07-10 11:10:00,PUT,14,224.91,62.373326668705474,0.10670935040683345
2025-07-29 05:49:00,CALL,12,224.93,55.5670111194702,0.1066998621793361
2025-07-16 14:26:00,CALL,12,220.3,55.45011969954944,0.10667271901951213
2025-07-29 07:42:00,CALL,6,225.0,42.7249867362825,0.10666666666667071
2025-08-05 13:15:00,CALL,12,220.335,55.93994746268721,0.10665577416206468
2025-07-15 14:01:00,CALL,12,220.365,51.91044849654451,0.10664125428266069
2025-07-24 11:19:00,PUT,14,225.065,40.62784320054759,0.10663586075134256
2025-08-01 08:53:00,PUT,40,215.77,45.20599171490042,0.10659498540113
2025-07-24 10:41:00,CALL,12,225.175,52.9918182991824,0.10658376818029561
2025-07-23 08:04:00,PUT,14,225.37,53.25170206062501,0.10649154723344238
2025-08-06 11:33:00,PUT,14,220.72,65.1146034254606,0.10646973541137424
2025-07-29 08:56:00,PUT,40,225.46,47.50529656837238,0.10644903752328977
2025-07-23 14:07:00,CALL,6,225.475,55.4763472933274,0.10644195587094316
2025-07-23 06:40:00,PUT,14,225.51,35.76327354649926,0.10642543567911875
2025-07-16 15:12:00,CALL,20,220.835,60.86888711636939,0.10641429121288981
2025-07-23 06:50:00,PUT,14,225.55,45.03411379888776,0.10640656173797787
2025-07-28 08:47:00,PUT,25,225.72,68.35438847055451,0.10632642211589982
2025-07-23 11:57:00,PUT,25,225.73,61.84596803497509,0.10632171177955109
2025-08-04 09:20:00,CALL,12,216.36,50.46830681282337,0.10630430763541772
2025-08-04 08:19:00,CALL,12,216.37,56.077434342944265,0.10629939455561759
2025-08-04 08:04:00,CALL,20,216.3,50.23669230874909,0.1062875635691107
2025-07-08 09:42:00,CALL,6,221.105,64.32636359994282,0.10628434454219202
2025-07-10 15:22:00,PUT,14,225.5297,63.02695076754985,0.10628311925214246
2025-08-04 08:25:00,PUT,40,216.5,62.504260844686456,0.10623556581985671
2025-07-24 05:20:00,PUT,25,225.92,42.46375430011671,0.10623229461755518
2025-08-04 08:34:00,PUT,25,216.52,55.969160973760864,0.10622575281730011
2025-07-24 04:44:00,PUT,40,225.97,48.80381320552713,0.10620878877727535
2025-07-24 05:56:00,PUT,14,225.99,48.03369550888992,0.10619938935351524
2025-08-04 06:44:00,PUT,25,216.58,38.73744872165673,0.10619632468372804
2025-08-04 09:42:00,CALL,6,216.61,54.52263815255011,0.10618161673052479
2025-07-29 08:24:00,CALL,20,225.33,49.72951158939024,0.10615541650023633
2025-07-08 15:13:00,CALL,20,221.41,38.7024186802379,0.10613793414932192
2025-07-14 10:58:00,PUT,25,222.085,48.10137708163903,0.105815340973057
2025-08-04 10:53:00,CALL,12,217.41,49.94331211157735,0.1057909019824248
2025-07-11 11:51:00,PUT,14,222.175,35.57825149485264,0.10577247665129452
2025-07-14 11:58:00,CALL,6,222.245,47.311334303508566,0.10573916173591542
2025-08-04 10:28:00,PUT,14,217.58,61.88930756067782,0.10570824524313732
2025-07-14 12:40:00,CALL,6,222.32,55.67723178015065,0.1057034904642019
2025-07-18 14:25:00,PUT,40,222.385,52.55367956288131,0.10567259482428457
2025-07-11 14:59:00,PUT,14,222.445,42.81679307823594,0.1056440917979659
2025-08-04 11:15:00,PUT,25,218.0,63.65488279184778,0.10550458715595862
2025-08-04 11:54:00,CALL,12,218.07,61.688960172712896,0.1054707204108856
2025-07-09 15:20:00,CALL,6,222.96,58.74655691436678,0.10540007176174436
2025-07-15 18:29:00,PUT,14,218.35,40.59735089971328,0.10538126860544682
2025-08-04 12:25:00,CALL,20,218.35,59.31589164757263,0.10533547057477362
2025-07-16 04:03:00,CALL,20,218.62,65.03405645154845,0.10520537919677513
2025-08-07 11:40:00,CALL,20,218.98,43.62981968412376,0.10503242305234185
2025-08-05 10:58:00,CALL,6,218.99,53.23154625928694,0.10502762683227078
2025-07-17 12:00:00,PUT,14,223.8,55.37524878745746,0.10500446827525185
2025-07-28 13:49:00,PUT,14,223.89,39.691403145331584,0.10496225825181349
2025-07-31 14:11:00,CALL,12,219.32,39.26269070174958,0.10486959693599225
2025-07-08 11:09:00,PUT,14,221.61,62.16909141489384,0.10482378954018738
2025-07-16 11:57:00,PUT,14,219.44,65.29796811476476,0.10481224936200774
2025-07-21 11:08:00,PUT,40,224.225,51.847749341575806,0.1048054409633115
2025-08-04 15:58:00,CALL,12,219.48,63.61160878610534,0.10479314743941051
2025-08-04 15:27:00,PUT,25,219.5,61.79447887545449,0.1047835990888336
2025-07-28 10:45:00,PUT,25,224.33,55.43117036841851,0.10475638568181413
2025-07-24 14:15:00,PUT,40,224.45,44.6744010420169,0.10470037870349085
2025-08-05 12:16:00,CALL,12,219.9599,69.59500694252887,0.10460997663664744
2025-07-31 15:21:00,PUT,14,219.78,39.19731310965807,0.10460460460461136
2025-08-08 11:47:00,CALL,6,219.98,43.54545429280183,0.1045549595417848
2025-07-10 11:00:00,CALL,6,224.775,68.38983760409201,0.10454899343787574
2025-08-05 12:23:00,PUT,25,220.04,67.71368119945278,0.10452644973640692
2025-07-31 13:48:00,PUT,14,220.04,45.85816240798554,0.10452644973640692
2025-08-05 04:03:00,CALL,20,220.13,51.40190898489621,0.10448371416890846
2025-08-06 09:56:00,PUT,40,220.13,46.05015700564698,0.10448371416889556
2025-08-05 05:07:00,CALL,20,220.2,55.35228864816239,0.10445049954587565
2025-07-31 15:03:00,PUT,14,220.2,56.76547801246761,0.10445049954586276
2025-07-17 07:10:00,PUT,25,220.22,41.31867582083656,0.10444101353191798
2025-07-31 09:23:00,CALL,6,220.23,39.8148301561867,0.10443627117105671
2025-07-14 17:49:00,PUT,40,223.0129,44.80195947467298,0.104433420667594
2025-08-06 14:59:00,CALL,12,220.27,45.00683912534114,0.10441730603349968
2025-07-17 06:55:00,PUT,40,220.32,36.79667143919329,0.10439360929556543
2025-08-06 15:08:00,CALL,20,220.4699,60.344597941191466,0.10436798855535069
2025-07-15 14:05:00,PUT,40,220.425,53.99100614470073,0.10434388113871756
2025-07-17 06:16:00,PUT,25,220.43,30.61335736484992,0.10434151431294207
2025-08-08 11:16:00,PUT,14,220.43,41.17272560080946,0.10434151431294207
2025-08-08 11:10:00,PUT,14,220.45,38.18072176117035,0.10433204808346101
2025-07-10 12:15:00,CALL,12,225.265,56.731103930655074,0.1043215768095415
2025-07-17 08:30:00,CALL,12,220.49,68.728994709121,0.1043131207764478
2025-08-08 12:33:00,PUT,25,220.57,35.72440561368312,0.10427528675703394
2025-08-08 12:03:00,CALL,6,220.58,69.63907646258141,0.10427055943421422
2025-08-08 14:55:00,PUT,40,220.6,47.2328113557854,0.10426110607433807
2025-07-17 04:47:00,CALL,12,220.63,48.13354059249976,0.10424692924807062
2025-08-05 13:28:00,CALL,12,220.65,67.13512485622068,0.1042374801722138
2025-08-08 10:51:00,PUT,25,220.66,34.68706527676315,0.10423275627662004
2025-07-24 09:41:00,PUT,14,225.505,49.033815980671015,0.10421054965521173
2025-07-23 12:43:00,PUT,40,225.53,47.60118410501755,0.10419899791602608
2025-08-06 18:30:00,CALL,20,220.76,66.89061194608365,0.10418554085885948
2025-08-05 13:36:00,CALL,12,220.77,68.35781206242845,0.10418082166960628
2025-07-10 13:30:00,CALL,6,225.57,52.86391985673992,0.10418052045928698
2025-08-05 09:45:00,CALL,6,220.78,60.05108076617793,0.10417610290786745
2025-08-06 08:55:00,CALL,6,220.8,46.26210209560518,0.10416666666666202
2025-07-17 05:22:00,PUT,14,220.81,57.93828585001384,0.1041619491870793
2025-08-06 08:50:00,CALL,12,220.85,47.39088302040314,0.10414308354087308
2025-08-01 12:31:00,PUT,14,216.05,48.4750699338969,0.10414255959269739
2025-07-14 09:12:00,CALL,12,220.86,55.77164421243601,0.10413836819704327
2025-07-31 12:05:00,CALL,12,220.9,54.597754946832026,0.10411951109098676
2025-07-17 14:16:00,CALL,12,223.2676,45.3904789222145,0.10409033823089989
2025-08-04 11:41:00,CALL,12,217.7933,45.23569453445498,0.10408951974189397
2025-08-05 07:55:00,PUT,25,220.97,62.96672233341868,0.10408652758292518
2025-08-06 08:25:00,PUT,14,221.0,39.242787179048086,0.10407239819004062
2025-07-17 09:03:00,PUT,14,221.1,63.2111942222843,0.1040253279059203
2025-07-18 14:31:00,PUT,40,222.28,48.30377549904212,0.1040129566312764
2025-07-31 12:16:00,CALL,20,221.15,63.39235233004791,0.10400180872710367
2025-08-08 07:06:00,CALL,6,221.19,49.3865298548715,0.1039830010398254
2025-07-22 04:58:00,PUT,25,221.2,44.6823545925761,0.10397830018082721
2025-08-08 06:55:00,CALL,20,221.21,51.45036169344057,0.10397359974684225
2025-07-22 07:32:00,CALL,6,221.23,52.97263362259429,0.10396420015369442
2025-07-31 12:29:00,PUT,40,221.27,61.8153132158417,0.1039454060649967
2025-07-11 17:22:00,CALL,20,221.34,39.34873280021788,0.10391253275503287
2025-07-21 18:30:00,PUT,40,222.0407,62.85056523530153,0.10389987060930028
2025-07-22 04:16:00,PUT,25,221.38,41.72557520392637,0.1038937573403152
2025-07-08 15:20:00,CALL,12,221.395,44.762972296715375,0.10388671830890027
2025-08-06 07:41:00,PUT,14,221.4,38.75680920379019,0.10388437217706331
2025-07-17 15:16:00,PUT,40,223.9201,55.23578691136688,0.1038763380330711
2025-08-08 08:09:00,PUT,25,221.44,50.51524384362128,0.10386560693641156
2025-07-22 07:45:00,CALL,20,221.47,66.02190678819511,0.10385153745427812
2025-08-06 07:19:00,PUT,14,221.65,48.12155751481871,0.10376720054140229
2025-07-21 15:39:00,PUT,25,221.66,33.17079328078725,0.10376251917350436
2025-08-06 07:04:00,PUT,25,221.68,50.37690426511177,0.10375315770480792
2025-07-08 14:55:00,PUT,14,221.68,53.10738025871144,0.10375315770480792
2025-08-05 18:39:00,CALL,20,220.8709,53.03789612089182,0.10372575110618389
2025-07-14 11:07:00,CALL,6,221.8,38.82403273076262,0.10369702434625327
2025-07-22 08:58:00,PUT,14,221.9,57.32324728139909,0.10365029292474907
2025-07-09 07:56:00,PUT,14,221.93,64.99165094663293,0.10363628171045744
2025-07-15 10:04:00,CALL,6,222.08,29.481931663712885,0.10356628242074466
2025-07-18 15:03:00,CALL,12,222.12,45.37276413827667,0.1035476319106743
2025-07-11 14:29:00,CALL,12,222.26,44.19379421413412,0.10348240799064978
2025-07-14 11:32:00,PUT,40,222.28,63.39055036936553,0.10347309699477675
2025-07-18 13:30:00,CALL,6,222.31,53.13777336035108,0.10345913364220671
2025-07-14 12:26:00,CALL,20,222.325,55.14960543850289,0.10345215337907038
2025-07-09 09:35:00,PUT,40,222.33,53.69289778483729,0.10344982683399369
2025-07-18 13:51:00,CALL,6,222.24,42.60804535438838,0.10344672426205294
2025-07-11 10:55:00,CALL,6,222.34,40.9981896191989,0.1034451740577448
2025-07-11 06:51:00,CALL,12,222.36,50.56231961210099,0.10343586976074373
2025-07-11 13:38:00,PUT,14,222.37,39.86805392533574,0.10343121823987868
2025-07-11 13:18:00,CALL,12,222.42,49.28625184717053,0.10340796690945878
2025-07-11 06:59:00,CALL,12,222.45,55.75008938721143,0.10339402112835164
2025-07-11 06:19:00,PUT,14,222.45,48.42455396532085,0.10339402112833884
2025-07-09 13:06:00,CALL,12,222.49,63.51137245594117,0.10337543260370793
2025-08-07 06:25:00,CALL,20,222.52,44.8464348204646,0.10336149559589689
2025-07-18 12:52:00,PUT,14,222.47,44.42479941133701,0.1033397761495871
2025-07-14 13:47:00,CALL,6,222.62,43.777228347147,0.10331506603179848
2025-07-09 13:28:00,CALL,20,222.66,56.66755547508288,0.1032965058834051
2025-08-07 07:15:00,CALL,12,222.68,51.810455736786,0.10328722830967746
2025-07-17 10:40:00,CALL,12,222.7,47.08389939151562,0.10327795240234316
2025-07-17 11:13:00,CALL,6,222.85,50.23924071039037,0.10320843616783407
2025-07-25 10:18:00,CALL,20,222.98,49.2635742993645,0.10314826441834164
2025-07-21 14:20:00,PUT,25,223.01,49.4242082464216,0.10313438859243522
2025-07-17 13:33:00,CALL,6,223.1199,54.29789256898687,0.10312840764091105
2025-07-14 17:08:00,PUT,40,223.03,49.16352447955303,0.10312514011567493
2025-07-11 04:36:00,CALL,20,223.03,39.39637431265334,0.10312514011567493
2025-07-25 09:55:00,PUT,25,223.03,37.49792252603402,0.10312514011567493
2025-07-21 13:37:00,PUT,14,223.08,49.58040429882954,0.1031020261789574
2025-07-24 16:02:00,CALL,12,223.5396,30.52175284443345,0.10306898643461966
2025-07-17 13:02:00,PUT,14,223.17,48.34567553558995,0.10306044719271845
2025-07-25 10:40:00,CALL,6,223.21,60.89069918571626,0.10304197840598081
2025-07-14 15:59:00,PUT,25,223.22,62.72302664093961,0.10303736224352199
2025-07-25 12:18:00,CALL,12,223.29,49.238178766235286,0.10300506068342433
2025-07-30 08:12:00,CALL,6,223.31,34.28342588252306,0.10299583538578198
2025-07-30 08:10:00,CALL,20,223.36,32.96769544551785,0.10297277936962292
2025-07-09 15:38:00,CALL,20,223.36,65.49421866405923,0.10297277936962292
2025-07-10 09:45:00,CALL,12,223.37,58.56224740013392,0.10296816940501846
2025-07-10 05:34:00,CALL,20,223.4,47.68987505801127,0.10295434198746185
2025-07-25 12:26:00,CALL,20,223.475,60.5934510945661,0.10291978968565531
2025-07-30 08:19:00,CALL,20,223.54,52.21788954624531,0.10288986311175548
2025-07-17 14:53:00,CALL,12,223.56,56.66733510770368,0.1028806584362094
2025-07-10 06:35:00,CALL,12,223.6,55.3366342338385,0.10286225402505286
2025-07-30 09:15:00,PUT,25,223.6,44.90842092818908,0.10286225402504015
2025-07-10 06:36:00,CALL,12,223.63,57.07408215852524,0.1028484550373466
2025-07-21 07:16:00,CALL,20,223.66,57.93151766797149,0.10283465975140381
2025-07-30 11:41:00,CALL,20,223.74,45.38941871773685,0.1027978904085053
2025-07-17 15:20:00,CALL,20,223.75,45.48525361249226,0.1027932960893809
2025-07-28 13:22:00,PUT,40,223.97,39.63080508009416,0.1026923248649327
2025-08-01 11:00:00,CALL,12,214.26,45.23729849745087,0.10267898814524358
2025-07-17 18:43:00,CALL,12,224.01,49.603663328909946,0.10267398776841132
2025-07-28 11:43:00,CALL,12,224.055,52.97067857662682,0.1026533663609336
2025-07-28 09:57:00,CALL,6,224.1,35.709673523891155,0.10263275323517099
2025-07-21 11:28:00,PUT,25,224.12,46.14809209362839,0.10262359450295296
2025-08-01 13:58:00,PUT,14,214.41,39.24761732471303,0.10260715451704625
2025-08-04 15:56:00,CALL,6,219.375,55.95748987472806,0.10256410256409998
2025-07-28 10:02:00,CALL,6,224.25,45.73309177206025,0.10256410256409801
2025-07-17 19:40:00,CALL,6,224.25,59.03659999740009,0.10256410256409801
2025-07-25 09:07:00,CALL,12,224.29,41.50975170698658,0.10254581122654519
2025-08-01 13:40:00,CALL,12,214.59,43.194881132754624,0.10252108672351874
2025-07-28 10:15:00,PUT,25,224.4,49.05673224712431,0.10249554367202238
2025-08-01 13:19:00,PUT,40,214.77,41.73954374091645,0.10243516319783902
2025-07-18 09:32:00,PUT,25,224.56,35.71368179775797,0.10242251514071506
2025-07-24 11:36:00,PUT,40,224.59,31.87093816280404,0.10240883387505667
2025-07-10 11:24:00,CALL,20,224.67,44.15938284821308,0.10237236836249532
2025-07-14 12:06:00,PUT,25,222.35,52.09152111786536,0.10231616820327953
2025-07-29 04:55:00,CALL,6,224.8,56.72217507495915,0.10231316725978193
2025-07-10 11:30:00,CALL,20,224.89,57.31540511135152,0.10227222197519596
2025-07-23 08:38:00,PUT,25,224.94,35.053649253145466,0.10224948875255169
2025-08-08 11:48:00,CALL,6,220.075,49.4474299593874,0.10223787345224253
2025-07-16 13:06:00,CALL,6,220.11,64.42408282876458,0.10222161646449243
2025-07-10 15:47:00,PUT,14,225.02,33.35246859200953,0.10221313661008717
2025-07-28 07:20:00,CALL,12,225.04,31.338979033580955,0.1022040526128769
2025-07-29 06:00:00,CALL,20,225.04,62.86273164415888,0.1022040526128769
2025-07-31 11:18:00,CALL,12,220.155,39.49362695604049,0.10220072221843442
2025-07-31 14:45:00,CALL,20,220.17,64.87331402460123,0.1021937593677716
2025-07-16 14:01:00,CALL,6,220.2,51.60042853854728,0.10217983651227192
2025-07-16 13:48:00,CALL,20,220.23,52.288293575847526,0.10216591744994902
2025-08-05 12:04:00,CALL,6,219.6456,66.23325596684398,0.10216457784722427
2025-08-01 16:48:00,PUT,14,215.34,48.15368358711668,0.10216401968979236
2025-08-01 16:47:00,PUT,14,215.37,50.6173463751154,0.10214978873566369
2025-08-01 16:53:00,PUT,14,215.38,50.69849873933781,0.10214504596527017
2025-07-10 12:22:00,CALL,6,225.175,51.13553767360109,0.10214277783945364
2025-07-10 14:54:00,CALL,20,225.22,41.228561650430045,0.1021223692389618
2025-08-01 08:58:00,CALL,6,215.45,42.51273982728754,0.10211185889997627
2025-07-23 13:59:00,CALL,6,225.265,45.28914071843943,0.10210196879231936
2025-07-31 11:28:00,CALL,6,220.38,52.98184354932633,0.1020963789817562
2025-08-06 09:35:00,PUT,14,220.4,33.69418998772805,0.10208711433756547
2025-08-06 12:27:00,PUT,40,220.405,43.53949395482692,0.10208479843923429
2025-08-05 14:45:00,CALL,20,220.405,57.614868123220255,0.10208479843923429
2025-07-31 08:59:00,PUT,40,220.47,42.04887211640322,0.10205470131990489
2025-07-23 14:03:00,CALL,12,225.46,56.1263708814088,0.10201366095981095
2025-08-06 14:09:00,PUT,14,220.57,66.89828352484864,0.1020084326971004
2025-07-23 11:21:00,PUT,14,225.51,45.42091219959684,0.1019910425258258
2025-07-24 09:36:00,CALL,12,225.52,50.24827773263063,0.10198652004256374
2025-08-05 13:30:00,CALL,12,220.67,65.9580322983798,0.10196220600898298
2025-08-06 15:27:00,PUT,25,220.67,62.77738902978912,0.1019622060089701
2025-08-08 14:54:00,PUT,40,220.675,54.52813888366846,0.10195989577433907
2025-07-28 05:56:00,PUT,14,225.65,43.74701550544078,0.10192776423665773
2025-07-23 06:14:00,PUT,25,225.66,41.7969496156329,0.10192324736328538
2025-07-28 09:04:00,PUT,14,225.73,50.45755268745385,0.10189164045540682
2025-07-24 08:40:00,PUT,25,225.77,40.299546583160655,0.10187358816495468
2025-07-23 15:00:00,CALL,12,225.85,48.64539959511696,0.1018375027673315
2025-07-23 05:58:00,PUT,14,225.85,64.19846614825687,0.10183750276731893
2025-07-31 12:06:00,CALL,20,220.945,56.92775693547554,0.10183529837742167
2025-07-30 15:52:00,PUT,14,221.045,57.96128251346349,0.10178922843764589
2025-07-24 05:01:00,PUT,40,225.98,45.820131692184624,0.10177891848835727
2025-07-24 04:39:00,PUT,40,226.03,55.81579254544639,0.10175640401716134
2025-08-01 12:24:00,PUT,14,216.23,61.71451394120345,0.10174351385099148
2025-07-31 13:00:00,PUT,14,221.165,48.48552227441988,0.1017339995026312
2025-08-01 04:42:00,CALL,20,216.4,38.91195518536964,0.10166358595194032
2025-08-01 06:00:00,PUT,14,216.42,43.86409248608375,0.10165419092505261
2025-07-09 10:54:00,PUT,25,221.51,48.00412523746714,0.1015755496365827
2025-07-08 14:58:00,PUT,25,221.55,42.783889495654265,0.10155721056196015
2025-07-08 11:19:00,PUT,14,221.585,53.40452107313689,0.10154116930297373
2025-08-04 05:48:00,PUT,40,216.69,32.402019260753136,0.10152752780469743
2025-08-04 04:31:00,CALL,12,216.81,68.72703320806775,0.10147133434804614
2025-08-04 06:12:00,PUT,25,216.83,50.67779092862316,0.10146197481898209
2025-08-04 05:46:00,PUT,40,216.83,40.74417521981216,0.10146197481898209
2025-08-04 04:35:00,CALL,12,216.83,66.45572031826262,0.10146197481898209
2025-08-04 05:28:00,PUT,40,216.9,45.90007599977726,0.10142923005993493
2025-08-04 05:12:00,PUT,40,216.92,49.069886363327626,0.10141987829614552
2025-07-11 12:20:00,CALL,12,221.885,44.3124932859791,0.10140388038849979
2025-08-04 05:40:00,PUT,14,216.99,54.26152518537664,0.10138716069864918
2025-07-14 11:34:00,CALL,6,222.215,58.55620288749567,0.10125329073194622
2025-08-04 10:46:00,CALL,12,217.29,44.22666799716483,0.10124718118643236
2025-07-15 10:00:00,CALL,6,222.26,31.47071973797999,0.10123279042563788
2025-07-14 10:16:00,CALL,6,222.345,62.4936470136102,0.10119409026512595
2025-07-11 13:14:00,PUT,25,222.575,65.17200388858946,0.10108952038638407
2025-08-04 11:33:00,PUT,14,217.9201,51.977947038550326,0.10100032075976571
2025-08-04 10:14:00,CALL,6,217.13,59.39012581174109,0.10095334592179835
2025-07-17 14:15:00,CALL,12,223.1999,37.95245894094083,0.10085129966455972
2025-07-18 10:32:00,CALL,20,223.14,31.793673919757623,0.10083355740791555
2025-07-17 12:36:00,PUT,40,223.165,37.49934177322091,0.10082226155534889
2025-07-25 12:24:00,CALL,6,223.295,51.52257031067787,0.10076356389530565
2025-07-25 12:36:00,CALL,6,223.47,56.44785917680058,0.10068465565847509
2025-07-22 15:51:00,PUT,14,223.485,35.2575937080036,0.10067789784550314
2025-07-25 12:46:00,CALL,20,223.705,65.40017848429449,0.10057888737399447
2025-08-07 13:33:00,CALL,6,218.77,44.40080134170233,0.10056223431000541
2025-07-17 15:06:00,CALL,6,223.87,66.79846823746288,0.10050475722517278
2025-07-16 05:10:00,CALL,20,218.92,55.291584670402194,0.10049333089713086
2025-07-16 05:45:00,CALL,6,218.93,51.47951832862493,0.1004887406933718
2025-07-30 12:03:00,CALL,12,223.99,61.310988210568986,0.1004509129871844
2025-07-28 15:46:00,CALL,20,223.995,56.33332942655322,0.10044867072925481
2025-08-05 11:36:00,CALL,12,219.06,45.54827880570544,0.10042910618095448
2025-07-31 18:39:00,CALL,12,219.06,36.448320446400025,0.10042910618095448
2025-07-28 11:40:00,CALL,20,224.06,53.21591327367029,0.10041953048290383
2025-07-23 10:13:00,CALL,6,224.8892,55.01548834978964,0.1004049994397334
2025-08-05 11:25:00,PUT,25,219.17,47.55564386265576,0.10037870146461599
2025-07-31 17:41:00,CALL,20,219.18,48.02441950658528,0.10037412172643437
2025-08-05 11:12:00,CALL,6,219.19,54.38564661803725,0.10036954240613115
2025-07-16 07:34:00,CALL,20,219.28,54.07743457972564,0.10032834731849638
2025-08-05 11:02:00,CALL,12,219.2,58.92834192962183,0.10031934306570438
2025-07-31 18:22:00,PUT,14,219.34,48.131569255820416,0.10030090270812385
2025-07-28 12:01:00,CALL,6,224.36,64.25957223899675,0.1002852558388279
2025-08-04 15:45:00,CALL,20,219.38,52.45565896368287,0.10028261464126122
2025-07-10 10:49:00,CALL,6,224.42,55.63674040055994,0.10025844398895943
2025-07-31 16:09:00,PUT,40,219.53,49.7195527898672,0.10021409374572898
2025-07-31 16:15:00,CALL,6,219.54,48.76841000921743,0.10020952901521313
2025-08-05 12:10:00,CALL,12,219.87,66.44682922726616,0.10005912584709095
