Run Date,Strategy,company,ticker,maxProfit,breakeven,nextEPSDate,releaseTime,confirmDate,expDate,lastTrade,avgEPSMove,maxReturn,maxRisk,epsImpact,longStrike,shortBid,shortStrike,longAsk,maxLoss,ewRating,totRatings,netRatings,Strike_Hit,Hit_Date,Max_Favorable,Min_Unfavorable,Day0_Check,Day1_Check,Day2_Check,Day3_Check,Day4_Check,Day5_Check,Exp_Result,OHLC_Volume,Hit_RSI,Hit_SMA20,Hit_SMA50,Hit_EMA9,Hit_EMA21,Hit_VWAP,Hit_RVOL,Hit_ATR,Hit_PriceVsSMA20,Hit_PriceVsVWAP
2025-08-22 19:52:34,Bear Spreads,"CooperCompanies, Inc.",COO,10.8,70.8,2025-08-27 0:00:00,3,2025-07-24 16:19:24,2025-09-19 0:00:00,73.04,0.0852,0.1478,0.0575,0.0743,75,0.2,60,4.4,4.2,4.09,7,5,"[""-0.022933"",""-0.027600"",""-0.018000"",""-0.176267"",""-0.135733"",""-0.134667""]",,"[""0.022933"",""0.027600"",""0.018000"",""0.176267"",""0.135733"",""0.134667""]","[""0.005867"",""0.000000"",""0.000000"",""0.000000"",""0.000000"",""0.000000""]",73.47,73.64,74.12,64.58,67.39,65.35,,"[{""o"":""75.22"",""h"":""75.44"",""l"":""73.28"",""c"":""73.48"",""v"":1619700,""src"":""BACKFILL""},{""o"":""73.48"",""h"":""73.79"",""l"":""72.93"",""c"":""73.66"",""v"":4309300,""src"":""BACKFILL""},{""o"":""73.79"",""h"":""74.81"",""l"":""73.65"",""c"":""74.11"",""v"":4098000,""src"":""BACKFILL""},{""o"":""62.27"",""h"":""66.83"",""l"":""61.78"",""c"":""64.58"",""v"":14909500,""src"":""BACKFILL""},{""o"":""65.06"",""h"":""67.55"",""l"":""64.82"",""c"":""67.40"",""v"":6341080,""src"":""BACKFILL""},{""o"":""66.38"",""h"":""67.21"",""l"":""64.90"",""c"":""65.35"",""v"":3100427,""src"":""BACKFILL""}]","[""48.02"",""71.41"",""31.33"",""42.47"",""81.52"",""54.17""]","[""73.45"",""73.40"",""74.26"",""64.71"",""66.98"",""65.34""]","[""73.54"",""73.24"",""74.24"",""64.74"",""66.38"",""65.31""]","[""73.52"",""73.57"",""74.19"",""64.64"",""67.28"",""65.32""]","[""73.49"",""73.44"",""74.23"",""64.70"",""66.98"",""65.32""]","[""74.07"",""73.63"",""73.86"",""68.20"",""67.87"",""67.65""]","[""1.00"",""1.45"",""1.23"",""2.39"",""1.60"",""3.64""]","[""0.0630"",""0.0732"",""0.0469"",""0.1300"",""0.1348"",""0.0568""]","[""0.03"",""0.33"",""-0.19"",""-0.22"",""0.63"",""0.02""]","[""-0.79"",""0.05"",""0.34"",""-5.31"",""-0.69"",""-3.40""]"
2025-08-22 19:52:34,Bear Spreads,Trip.com Group Limited,TCOM,6.55,61.55,2025-08-27 0:00:00,3,2025-08-15 8:15:48,2025-09-19 0:00:00,63.62,0.0609,0.1029,0.0542,0.1053,65,0.25,55,3.7,3.45,2.08,10,-4,"[null,""-0.002308"",""-0.016308"",null]",,"[""0.000000"",""0.002308"",""0.016308"",""0.000000"",""0.000000"",""0.000000""]","[""0.023077"",""0.015077"",""0.006154"",""0.159231"",""0.164462"",""0.112308""]",65.96,64.91,65.33,75.03,73.75,71.6,,"[{""o"":""65.68"",""h"":""66.50"",""l"":""65.50"",""c"":""65.93"",""v"":2595700,""src"":""BACKFILL""},{""o"":""65.78"",""h"":""65.98"",""l"":""64.85"",""c"":""64.93"",""v"":2168300,""src"":""BACKFILL""},{""o"":""64.62"",""h"":""65.40"",""l"":""63.94"",""c"":""65.29"",""v"":2919600,""src"":""BACKFILL""},{""o"":""70.19"",""h"":""75.35"",""l"":""69.67"",""c"":""75.03"",""v"":8970200,""src"":""BACKFILL""},{""o"":""74.99"",""h"":""75.69"",""l"":""73.50"",""c"":""73.75"",""v"":6358941,""src"":""BACKFILL""},{""o"":""72.16"",""h"":""72.30"",""l"":""70.78"",""c"":""71.60"",""v"":4090786,""src"":""BACKFILL""}]","[""44.43"",""30.46"",""61.37"",""45.27"",""48.85"",""66.46""]","[""65.98"",""64.98"",""65.22"",""75.09"",""73.74"",""71.53""]","[""66.08"",""65.02"",""65.26"",""75.15"",""73.84"",""71.50""]","[""65.94"",""64.96"",""65.22"",""75.02"",""73.71"",""71.56""]","[""65.97"",""64.98"",""65.22"",""75.07"",""73.75"",""71.53""]","[""65.98"",""65.65"",""65.35"",""69.66"",""70.90"",""70.99""]","[""1.00"",""0.91"",""1.14"",""2.15"",""3.48"",""2.88""]","[""0.0394"",""0.0260"",""0.0509"",""0.0777"",""0.0491"",""0.0371""]","[""-0.03"",""-0.11"",""0.17"",""-0.08"",""0.02"",""0.10""]","[""-0.07"",""-1.09"",""-0.10"",""7.71"",""4.02"",""0.87""]"
2025-08-26 8:08:08,Bear Spreads,"CooperCompanies, Inc.",COO,11,71,8/27/2025,3,8/26/2025,9/19/2025,73.48,0.0852,0.1497,0.0544,0.0946,75,0.1,60,4.1,4,4.93,9,7,"[""-0.027600"",""-0.018000"",""-0.176267"",""-0.135733"",""-0.134667"",""-0.126000""]",,"[""0.027600"",""0.018000"",""0.176267"",""0.135733"",""0.134667"",""0.126000""]","[""-0.016133"",""-0.002533"",""-0.108933"",""-0.099333"",""-0.103867"",""-0.103067""]",73.64,74.12,64.58,67.39,65.35,67.14,,"[{""o"":""73.48"",""h"":""73.79"",""l"":""72.93"",""c"":""73.66"",""v"":4309300,""src"":""BACKFILL""},{""o"":""73.79"",""h"":""74.81"",""l"":""73.65"",""c"":""74.11"",""v"":4098000,""src"":""BACKFILL""},{""o"":""62.27"",""h"":""66.83"",""l"":""61.78"",""c"":""64.58"",""v"":14909500,""src"":""BACKFILL""},{""o"":""65.06"",""h"":""67.55"",""l"":""64.82"",""c"":""67.40"",""v"":6341080,""src"":""BACKFILL""},{""o"":""66.38"",""h"":""67.21"",""l"":""64.90"",""c"":""65.35"",""v"":3100427,""src"":""BACKFILL""},{""o"":""65.94"",""h"":""67.27"",""l"":""65.55"",""c"":""67.14"",""v"":3409435,""src"":""BACKFILL""}]","[""71.41"",""31.33"",""42.47"",""81.52"",""54.17"",""63.44""]","[""73.40"",""74.26"",""64.71"",""66.98"",""65.34"",""67.15""]","[""73.24"",""74.24"",""64.74"",""66.38"",""65.31"",""66.78""]","[""73.57"",""74.19"",""64.64"",""67.28"",""65.32"",""67.15""]","[""73.44"",""74.23"",""64.70"",""66.98"",""65.32"",""67.07""]","[""73.46"",""73.82"",""67.79"",""67.53"",""67.34"",""67.27""]","[""1.00"",""0.97"",""1.92"",""1.60"",""3.64"",""3.63""]","[""0.0732"",""0.0469"",""0.1300"",""0.1348"",""0.0568"",""0.0785""]","[""0.33"",""-0.19"",""-0.22"",""0.63"",""0.02"",""-0.02""]","[""0.27"",""0.40"",""-4.74"",""-0.20"",""-2.95"",""-0.19""]"
2025-08-26 8:08:08,Bear Spreads,"Shoe Carnival, Inc.",SCVL,1.45,21.45,9/4/2025,1,8/25/2025,9/19/2025,22.34,0.0469,0.0649,0.047,0.1007,22.5,0.55,20,1.6,1.05,0.61,4,0,"[""-0.059556"",""-0.050667"",""-0.070222"",""-0.072889"",""-0.084000"",""-0.066222""]",,"[""0.059556"",""0.050667"",""0.070222"",""0.072889"",""0.084000"",""0.066222""]","[""-0.020444"",""-0.015111"",""-0.008444"",""-0.047556"",""-0.042222"",""-0.027556""]",21.3,21.97,21.12,20.9,21.42,21.52,,"[{""o"":""21.22"",""h"":""22.04"",""l"":""21.16"",""c"":""21.30"",""v"":508800,""src"":""BACKFILL""},{""o"":""21.46"",""h"":""22.16"",""l"":""21.36"",""c"":""21.99"",""v"":373800,""src"":""BACKFILL""},{""o"":""21.92"",""h"":""22.31"",""l"":""20.92"",""c"":""21.12"",""v"":661600,""src"":""BACKFILL""},{""o"":""21.30"",""h"":""21.43"",""l"":""20.86"",""c"":""20.89"",""v"":535970,""src"":""BACKFILL""},{""o"":""20.61"",""h"":""21.55"",""l"":""20.61"",""c"":""21.42"",""v"":322231,""src"":""BACKFILL""},{""o"":""21.41"",""h"":""21.88"",""l"":""21.01"",""c"":""21.52"",""v"":317717,""src"":""BACKFILL""}]","[""65.30"",""46.37"",""52.62"",""32.69"",""46.31"",""83.02""]","[""21.20"",""21.99"",""21.07"",""20.99"",""21.45"",""21.31""]","[""21.24"",""21.96"",""21.16"",""20.99"",""21.41"",""21.23""]","[""21.24"",""21.99"",""21.11"",""20.94"",""21.46"",""21.39""]","[""21.22"",""21.99"",""21.10"",""20.97"",""21.45"",""21.32""]","[""21.50"",""21.64"",""21.56"",""21.43"",""21.41"",""21.40""]","[""1.00"",""0.85"",""1.29"",""4.06"",""3.74"",""7.13""]","[""0.0303"",""0.0201"",""0.0415"",""0.0295"",""0.0255"",""0.0298""]","[""0.47"",""-0.08"",""0.25"",""-0.48"",""-0.12"",""1.00""]","[""-0.93"",""1.61"",""-2.04"",""-2.50"",""0.02"",""0.54""]"
2025-08-26 8:08:08,Bear Spreads,"Agilent Technologies, Inc.",A,6.45,116.45,8/27/2025,3,8/19/2025,9/19/2025,119.15,0.0349,0.0541,0.0297,0.0684,120,1.25,110,4.8,3.55,4.51,9,7,"[""-0.015750"",""-0.020750"",""-0.015000""]",,"[""0.015750"",""0.020750"",""0.015000"",""0.000000"",""0.000000"",""0.000000""]","[""0.000000"",""0.000000"",""0.045167"",""0.052500"",""0.046000"",""0.048583""]",118.3,118.65,124.96,125.66,125.21,125.24,,"[{""o"":""119.23"",""h"":""119.63"",""l"":""118.11"",""c"":""118.30"",""v"":1898200,""src"":""BACKFILL""},{""o"":""118.50"",""h"":""119.20"",""l"":""117.51"",""c"":""118.69"",""v"":1698600,""src"":""BACKFILL""},{""o"":""118.80"",""h"":""125.42"",""l"":""118.20"",""c"":""124.96"",""v"":3886400,""src"":""BACKFILL""},{""o"":""125.00"",""h"":""126.30"",""l"":""124.11"",""c"":""125.77"",""v"":2554786,""src"":""BACKFILL""},{""o"":""124.88"",""h"":""125.52"",""l"":""121.80"",""c"":""125.21"",""v"":2124013,""src"":""BACKFILL""},{""o"":""124.96"",""h"":""125.83"",""l"":""123.72"",""c"":""125.24"",""v"":1917631,""src"":""BACKFILL""}]","[""47.30"",""32.78"",""55.56"",""64.59"",""83.34"",""53.27""]","[""118.32"",""118.91"",""124.88"",""125.61"",""124.53"",""125.20""]","[""118.32"",""118.89"",""124.69"",""125.40"",""124.40"",""125.14""]","[""118.39"",""118.87"",""125.06"",""125.67"",""124.87"",""125.22""]","[""118.35"",""118.90"",""124.92"",""125.59"",""124.64"",""125.19""]","[""118.68"",""118.58"",""120.80"",""121.97"",""122.30"",""122.63""]","[""1.00"",""0.94"",""1.56"",""4.77"",""4.22"",""4.43""]","[""0.1001"",""0.0838"",""0.1551"",""0.0892"",""0.1037"",""0.1171""]","[""-0.02"",""-0.22"",""0.08"",""0.12"",""0.55"",""0.03""]","[""-0.32"",""0.09"",""3.44"",""3.11"",""2.38"",""2.13""]"
2025-08-26 8:08:08,Bear Spreads,TD Bank Group,TD,3.25,73.25,8/28/2025,1,8/4/2025,9/19/2025,73.76,0.0255,0.044,0.0237,0.0464,75,0.4,70,2.15,1.75,3.75,9,7,"[""-0.018533"",null,""-0.030267"",""-0.029600"",""-0.016000"",""-0.006667""]",,"[""0.018533"",""0.000000"",""0.030267"",""0.029600"",""0.016000"",""0.006667""]","[""0.004533"",""0.020000"",""0.052667"",""0.002600"",""0.000000"",""0.001200""]",75.24,76.17,72.85,75.14,74.52,74.87,,"[{""o"":""73.61"",""h"":""75.34"",""l"":""73.61"",""c"":""75.24"",""v"":2699500,""src"":""BACKFILL""},{""o"":""75.12"",""h"":""76.50"",""l"":""75.01"",""c"":""76.14"",""v"":3863300,""src"":""BACKFILL""},{""o"":""78.50"",""h"":""78.95"",""l"":""72.73"",""c"":""72.85"",""v"":6171000,""src"":""BACKFILL""},{""o"":""73.08"",""h"":""75.19"",""l"":""72.78"",""c"":""75.12"",""v"":4322839,""src"":""BACKFILL""},{""o"":""74.30"",""h"":""74.61"",""l"":""73.80"",""c"":""74.52"",""v"":1698180,""src"":""BACKFILL""},{""o"":""74.50"",""h"":""75.09"",""l"":""74.50"",""c"":""74.87"",""v"":1292857,""src"":""BACKFILL""}]","[""61.70"",""31.86"",""35.50"",""58.77"",""65.29"",""70.84""]","[""75.15"",""76.30"",""73.00"",""75.03"",""74.45"",""74.77""]","[""75.07"",""76.36"",""73.06"",""75.08"",""74.40"",""74.73""]","[""75.21"",""76.22"",""72.92"",""75.02"",""74.46"",""74.80""]","[""75.16"",""76.28"",""72.98"",""75.02"",""74.45"",""74.77""]","[""74.73"",""75.41"",""75.13"",""74.99"",""74.94"",""74.93""]","[""1.00"",""1.18"",""1.45"",""7.41"",""4.44"",""4.20""]","[""0.0457"",""0.0422"",""0.0644"",""0.0539"",""0.0282"",""0.0327""]","[""0.11"",""-0.17"",""-0.19"",""0.12"",""0.09"",""0.13""]","[""0.68"",""0.97"",""-3.04"",""0.17"",""-0.56"",""-0.08""]"
2025-08-26 8:35:17,Bear Spreads,"CooperCompanies, Inc.",COO,11,71,8/27/2025,3,8/26/2025,9/19/2025,73.48,0.0852,0.1497,0.0544,0.0946,75,0.1,60,4.1,4,4.93,9,7,"[""-0.027600"",""-0.018000"",""-0.176267"",""-0.135733"",""-0.134667"",""-0.126000""]",,"[""0.027600"",""0.018000"",""0.176267"",""0.135733"",""0.134667"",""0.126000""]","[""-0.016133"",""-0.002533"",""-0.108933"",""-0.099333"",""-0.103867"",""-0.103067""]",73.64,74.12,64.58,67.39,65.35,67.14,,"[{""o"":""73.48"",""h"":""73.79"",""l"":""72.93"",""c"":""73.66"",""v"":4309300,""src"":""BACKFILL""},{""o"":""73.79"",""h"":""74.81"",""l"":""73.65"",""c"":""74.11"",""v"":4098000,""src"":""BACKFILL""},{""o"":""62.27"",""h"":""66.83"",""l"":""61.78"",""c"":""64.58"",""v"":14909500,""src"":""BACKFILL""},{""o"":""65.06"",""h"":""67.55"",""l"":""64.82"",""c"":""67.40"",""v"":6338489,""src"":""BACKFILL""},{""o"":""66.38"",""h"":""67.21"",""l"":""64.90"",""c"":""65.35"",""v"":3100427,""src"":""BACKFILL""},{""o"":""65.94"",""h"":""67.27"",""l"":""65.55"",""c"":""67.14"",""v"":3409435,""src"":""BACKFILL""}]","[""71.41"",""31.33"",""42.47"",""81.52"",""54.17"",""63.44""]","[""73.40"",""74.26"",""64.71"",""66.98"",""65.34"",""67.15""]","[""73.24"",""74.24"",""64.74"",""66.38"",""65.31"",""66.78""]","[""73.57"",""74.19"",""64.64"",""67.28"",""65.32"",""67.15""]","[""73.44"",""74.23"",""64.70"",""66.98"",""65.32"",""67.07""]","[""73.46"",""73.82"",""67.79"",""67.53"",""67.34"",""67.27""]","[""1.00"",""0.97"",""1.92"",""1.60"",""3.64"",""3.63""]","[""0.0732"",""0.0469"",""0.1300"",""0.1348"",""0.0568"",""0.0785""]","[""0.33"",""-0.19"",""-0.22"",""0.63"",""0.02"",""-0.02""]","[""0.27"",""0.40"",""-4.74"",""-0.20"",""-2.95"",""-0.19""]"
2025-08-26 8:35:17,Bear Spreads,"Shoe Carnival, Inc.",SCVL,1.45,21.45,9/4/2025,1,8/25/2025,9/19/2025,22.34,0.0469,0.0649,0.047,0.1007,22.5,0.55,20,1.6,1.05,0.61,4,0,"[""-0.059556"",""-0.050667"",""-0.070222"",""-0.072889"",""-0.084000"",""-0.066222""]",,"[""0.059556"",""0.050667"",""0.070222"",""0.072889"",""0.084000"",""0.066222""]","[""-0.020444"",""-0.015111"",""-0.008444"",""-0.047556"",""-0.042222"",""-0.027556""]",21.3,21.97,21.12,20.9,21.42,21.52,,"[{""o"":""21.22"",""h"":""22.04"",""l"":""21.16"",""c"":""21.30"",""v"":508800,""src"":""BACKFILL""},{""o"":""21.46"",""h"":""22.16"",""l"":""21.36"",""c"":""21.99"",""v"":373800,""src"":""BACKFILL""},{""o"":""21.92"",""h"":""22.31"",""l"":""20.92"",""c"":""21.12"",""v"":661600,""src"":""BACKFILL""},{""o"":""21.30"",""h"":""21.43"",""l"":""20.86"",""c"":""20.89"",""v"":535970,""src"":""BACKFILL""},{""o"":""20.61"",""h"":""21.55"",""l"":""20.61"",""c"":""21.42"",""v"":322231,""src"":""BACKFILL""},{""o"":""21.41"",""h"":""21.88"",""l"":""21.01"",""c"":""21.52"",""v"":317717,""src"":""BACKFILL""}]","[""65.30"",""46.37"",""52.62"",""32.69"",""46.31"",""83.02""]","[""21.20"",""21.99"",""21.07"",""20.99"",""21.45"",""21.31""]","[""21.24"",""21.96"",""21.16"",""20.99"",""21.41"",""21.23""]","[""21.24"",""21.99"",""21.11"",""20.94"",""21.46"",""21.39""]","[""21.22"",""21.99"",""21.10"",""20.97"",""21.45"",""21.32""]","[""21.50"",""21.64"",""21.56"",""21.43"",""21.41"",""21.40""]","[""1.00"",""0.85"",""1.29"",""4.06"",""3.74"",""7.13""]","[""0.0303"",""0.0201"",""0.0415"",""0.0295"",""0.0255"",""0.0298""]","[""0.47"",""-0.08"",""0.25"",""-0.48"",""-0.12"",""1.00""]","[""-0.93"",""1.61"",""-2.04"",""-2.50"",""0.02"",""0.54""]"
2025-08-26 8:35:17,Bear Spreads,"Agilent Technologies, Inc.",A,6.45,116.45,8/27/2025,3,8/19/2025,9/19/2025,119.15,0.0349,0.0541,0.0297,0.0684,120,1.25,110,4.8,3.55,4.51,9,7,"[""-0.015750"",""-0.020750"",""-0.015000"",null]",,"[""0.015750"",""0.020750"",""0.015000"",""0.000000"",""0.000000"",""0.000000""]","[""0.000000"",""0.000000"",""0.045167"",""0.052500"",""0.046000"",""0.048583""]",118.3,118.65,124.98,125.66,125.21,125.24,,"[{""o"":""119.23"",""h"":""119.63"",""l"":""118.11"",""c"":""118.30"",""v"":1898200,""src"":""BACKFILL""},{""o"":""118.50"",""h"":""119.20"",""l"":""117.51"",""c"":""118.69"",""v"":1698600,""src"":""BACKFILL""},{""o"":""118.80"",""h"":""125.42"",""l"":""118.20"",""c"":""124.96"",""v"":3886400,""src"":""BACKFILL""},{""o"":""125.00"",""h"":""126.30"",""l"":""124.11"",""c"":""125.77"",""v"":2553959,""src"":""BACKFILL""},{""o"":""124.88"",""h"":""125.52"",""l"":""121.80"",""c"":""125.21"",""v"":2124013,""src"":""BACKFILL""},{""o"":""124.96"",""h"":""125.83"",""l"":""123.72"",""c"":""125.24"",""v"":1917631,""src"":""BACKFILL""}]","[""47.30"",""32.78"",""55.56"",""64.59"",""83.34"",""53.27""]","[""118.32"",""118.91"",""124.88"",""125.61"",""124.53"",""125.20""]","[""118.32"",""118.89"",""124.69"",""125.40"",""124.40"",""125.14""]","[""118.39"",""118.87"",""125.06"",""125.67"",""124.87"",""125.22""]","[""118.35"",""118.90"",""124.92"",""125.59"",""124.64"",""125.19""]","[""118.68"",""118.58"",""120.80"",""121.97"",""122.30"",""122.63""]","[""1.00"",""0.94"",""1.56"",""4.77"",""4.22"",""4.43""]","[""0.1001"",""0.0838"",""0.1551"",""0.0892"",""0.1037"",""0.1171""]","[""-0.02"",""-0.22"",""0.08"",""0.12"",""0.55"",""0.03""]","[""-0.32"",""0.09"",""3.44"",""3.11"",""2.38"",""2.13""]"
2025-08-26 8:35:17,Bear Spreads,TD Bank Group,TD,3.25,73.25,8/28/2025,1,8/4/2025,9/19/2025,73.76,0.0255,0.044,0.0237,0.0464,75,0.4,70,2.15,1.75,3.75,9,7,"[""-0.018533"",null,""-0.030267"",""-0.029600"",""-0.016000"",""-0.006667""]",,"[""0.018533"",""0.000000"",""0.030267"",""0.029600"",""0.016000"",""0.006667""]","[""0.004533"",""0.020000"",""0.052667"",""0.002600"",""0.000000"",""0.001200""]",75.24,76.17,72.86,75.14,74.52,74.87,,"[{""o"":""73.61"",""h"":""75.34"",""l"":""73.61"",""c"":""75.24"",""v"":2699500,""src"":""BACKFILL""},{""o"":""75.12"",""h"":""76.50"",""l"":""75.01"",""c"":""76.14"",""v"":3863300,""src"":""BACKFILL""},{""o"":""78.50"",""h"":""78.95"",""l"":""72.73"",""c"":""72.85"",""v"":6171000,""src"":""BACKFILL""},{""o"":""73.08"",""h"":""75.19"",""l"":""72.78"",""c"":""75.12"",""v"":4318585,""src"":""BACKFILL""},{""o"":""74.30"",""h"":""74.61"",""l"":""73.80"",""c"":""74.52"",""v"":1698180,""src"":""BACKFILL""},{""o"":""74.50"",""h"":""75.09"",""l"":""74.50"",""c"":""74.87"",""v"":1292857,""src"":""BACKFILL""}]","[""61.70"",""31.86"",""35.50"",""58.77"",""65.29"",""70.84""]","[""75.15"",""76.30"",""73.00"",""75.03"",""74.45"",""74.77""]","[""75.07"",""76.36"",""73.06"",""75.08"",""74.40"",""74.73""]","[""75.21"",""76.22"",""72.92"",""75.02"",""74.46"",""74.80""]","[""75.16"",""76.28"",""72.98"",""75.02"",""74.45"",""74.77""]","[""74.73"",""75.41"",""75.13"",""74.99"",""74.94"",""74.93""]","[""1.00"",""1.18"",""1.45"",""7.41"",""4.44"",""4.20""]","[""0.0457"",""0.0422"",""0.0644"",""0.0539"",""0.0282"",""0.0327""]","[""0.11"",""-0.17"",""-0.19"",""0.12"",""0.09"",""0.13""]","[""0.68"",""0.97"",""-3.04"",""0.17"",""-0.56"",""-0.08""]"
2025-08-27 8:08:31,Bear Spreads,Brown-Forman Corporation,BFB,3.25,28.25,8/28/2025,1,8/4/2025,9/19/2025,29.85,0.0887,0.1088,0.0586,0.1106,30,0.1,25,1.85,1.75,0.15,4,-2,"[""NO_DATA""]"
2025-08-28 9:53:45,Bear Spreads,Ferguson plc,FERG,28.65,228.65,2025-09-16 0:00:00,1,2025-08-18 0:00:00,2025-09-19 0:00:00,235.12,0.0947,0.1218,0.0482,,240,0.15,200,11.5,11.35,5.84,8,8,"[""-0.027458"",""-0.037917"",""-0.059583"",""-0.045958"",""-0.041083"",""-0.014104""]",,"[""0.027458"",""0.037917"",""0.059583"",""0.045958"",""0.041083"",""0.014104""]","[""0.000000"",""0.000000"",""0.000000"",""0.000000"",""0.000000"",""0.014167""]",234.24,231.15,229.61,229.82,238.17,237.78,,"[{""o"":""235.82"",""h"":""236.00"",""l"":""233.41"",""c"":""234.24"",""v"":778900,""src"":""BACKFILL""},{""o"":""234.56"",""h"":""234.56"",""l"":""230.90"",""c"":""230.97"",""v"":1917171,""src"":""BACKFILL""},{""o"":""226.37"",""h"":""229.80"",""l"":""225.70"",""c"":""229.61"",""v"":1457151,""src"":""BACKFILL""},{""o"":""230.12"",""h"":""231.13"",""l"":""228.97"",""c"":""229.82"",""v"":986360,""src"":""BACKFILL""},{""o"":""230.85"",""h"":""238.21"",""l"":""230.14"",""c"":""238.07"",""v"":2353666,""src"":""BACKFILL""},{""o"":""240.32"",""h"":""243.40"",""l"":""236.62"",""c"":""237.78"",""v"":591307,""src"":""BACKFILL""}]","[""73.38"",""34.74"",""60.84"",""59.12"",""76.97"",""40.87""]","[""233.76"",""231.39"",""229.41"",""229.76"",""237.22"",""238.27""]","[""233.73"",""231.37"",""229.27"",""229.47"",""236.87"",""238.43""]","[""233.94"",""231.27"",""229.53"",""229.86"",""237.65"",""237.94""]","[""233.83"",""231.34"",""229.43"",""229.76"",""237.32"",""238.15""]","[""234.55"",""232.69"",""231.26"",""231.02"",""232.53"",""233.02""]","[""1.00"",""4.64"",""6.31"",""5.76"",""4.55"",""0.00""]","[""0.1096"",""0.1847"",""0.1500"",""0.0965"",""0.2195"",""0.2092""]","[""0.21"",""-0.18"",""0.09"",""0.03"",""0.36"",""-0.20""]","[""-0.13"",""-0.74"",""-0.71"",""-0.52"",""2.38"",""2.04""]"
2025-08-29 8:08:23,Bear Spreads,Ferguson plc,FERG,28,228,2025-09-16 0:00:00,1,2025-08-18 0:00:00,2025-09-19 0:00:00,234.24,0.0947,0.1195,0.0512,,240,0.1,200,12.1,12,5.84,8,8,"[""-0.037917"",""-0.059583"",""-0.045958"",""-0.041083"",""-0.014104"",""-0.015563""]",,"[""0.037917"",""0.059583"",""0.045958"",""0.041083"",""0.014104"",""0.015563""]","[""0.000000"",""0.000000"",""0.000000"",""0.000000"",""0.014167"",""0.004583""]",231.15,229.61,229.82,238.17,237.89,237.64,,"[{""o"":""234.56"",""h"":""234.56"",""l"":""230.90"",""c"":""231.15"",""v"":1271000,""src"":""BACKFILL""},{""o"":""226.37"",""h"":""229.80"",""l"":""225.70"",""c"":""229.69"",""v"":1729600,""src"":""BACKFILL""},{""o"":""230.12"",""h"":""231.13"",""l"":""228.97"",""c"":""229.92"",""v"":1141600,""src"":""BACKFILL""},{""o"":""230.85"",""h"":""238.21"",""l"":""230.14"",""c"":""238.17"",""v"":2529600,""src"":""BACKFILL""},{""o"":""240.32"",""h"":""243.40"",""l"":""236.62"",""c"":""238.36"",""v"":1520307,""src"":""BACKFILL""},{""o"":""238.24"",""h"":""241.10"",""l"":""236.26"",""c"":""237.64"",""v"":1179980,""src"":""BACKFILL""}]","[""34.74"",""58.80"",""59.12"",""76.97"",""36.45"",""39.83""]","[""231.39"",""229.46"",""229.76"",""237.22"",""238.76"",""237.70""]","[""231.37"",""229.30"",""229.47"",""236.87"",""239.00"",""238.42""]","[""231.27"",""229.56"",""229.86"",""237.65"",""238.61"",""237.58""]","[""231.34"",""229.47"",""229.76"",""237.32"",""238.75"",""237.80""]","[""232.20"",""230.01"",""230.01"",""232.09"",""233.32"",""234.00""]","[""1.00"",""1.15"",""0.83"",""1.52"",""4.18"",""4.40""]","[""0.1846"",""0.1586"",""0.0965"",""0.2195"",""0.2188"",""0.1945""]","[""-0.18"",""0.07"",""0.03"",""0.36"",""-0.17"",""-0.02""]","[""-0.45"",""-0.14"",""-0.04"",""2.62"",""2.16"",""1.55""]"
2025-08-29 8:08:23,Bear Spreads,Braze,BRZE,2.95,25.45,2025-09-04 0:00:00,3,2025-08-14 16:15:30,2025-09-19 0:00:00,27.4,0.0901,0.1076,0.0748,0.156,27.5,0.45,22.5,2.5,2.05,-0.21,6,-6,"[""-0.006909"",""-0.029091"",""-0.027636"",""-0.065091"",""0.217455"",""0.193273""]",4,"[""0.006909"",""0.029091"",""0.027636"",""0.065091"",""0.000000"",""0.000000""]","[""0.014000"",""0.002545"",""0.003273"",""0.009455"",""0.217455"",""0.193273""]",27.7,27.01,26.99,27.66,30.76,32.29,,"[{""o"":""27.54"",""h"":""27.89"",""l"":""27.31"",""c"":""27.70"",""v"":1109900,""src"":""BACKFILL""},{""o"":""27.16"",""h"":""27.57"",""l"":""26.70"",""c"":""27.04"",""v"":1662400,""src"":""BACKFILL""},{""o"":""27.38"",""h"":""27.59"",""l"":""26.74"",""c"":""26.99"",""v"":2280100,""src"":""BACKFILL""},{""o"":""26.81"",""h"":""27.76"",""l"":""25.71"",""c"":""27.66"",""v"":4477500,""src"":""BACKFILL""},{""o"":""32.51"",""h"":""33.48"",""l"":""29.93"",""c"":""31.45"",""v"":9696146,""src"":""BACKFILL""},{""o"":""32.00"",""h"":""32.81"",""l"":""31.07"",""c"":""32.29"",""v"":3261249,""src"":""BACKFILL""}]","[""63.45"",""50.20"",""58.42"",""75.49"",""72.60"",""33.12""]","[""27.62"",""27.02"",""26.97"",""27.51"",""31.10"",""32.43""]","[""27.61"",""26.98"",""26.89"",""27.42"",""30.97"",""32.57""]","[""27.66"",""27.03"",""26.98"",""27.59"",""31.32"",""32.36""]","[""27.64"",""27.02"",""26.96"",""27.52"",""31.17"",""32.43""]","[""27.63"",""27.31"",""27.22"",""27.14"",""29.25"",""29.67""]","[""1.00"",""1.20"",""1.35"",""1.88"",""4.65"",""5.34""]","[""0.0334"",""0.0410"",""0.0348"",""0.0544"",""0.0953"",""0.0566""]","[""0.29"",""-0.02"",""0.09"",""0.69"",""1.13"",""-0.42""]","[""0.25"",""-1.01"",""-0.85"",""1.93"",""7.52"",""8.84""]"
2025-08-29 8:08:23,Bear Spreads,"General Mills, Inc.",GIS,2.95,47.95,2025-09-17 0:00:00,1,2025-08-27 8:04:41,2025-09-19 0:00:00,48.44,0.0278,0.0609,0.0423,,50,0.3,45,2.35,2.05,-0.11,3,-3,"[""-0.029800"",""-0.022600"",""-0.021600"",""-0.009000"",""-0.011400"",""-0.006600""]",,"[""0.029800"",""0.022600"",""0.021600"",""0.009000"",""0.011400"",""0.006600""]","[""0.000000"",""0.000000"",""0.000000"",""0.008000"",""0.015000"",""0.007800""]",49.33,49.31,49.75,49.61,50.31,50.12,,"[{""o"":""48.60"",""h"":""49.34"",""l"":""48.51"",""c"":""49.33"",""v"":4881100,""src"":""BACKFILL""},{""o"":""49.43"",""h"":""49.91"",""l"":""48.87"",""c"":""49.32"",""v"":6253500,""src"":""BACKFILL""},{""o"":""48.93"",""h"":""49.78"",""l"":""48.92"",""c"":""49.75"",""v"":5293700,""src"":""BACKFILL""},{""o"":""50.00"",""h"":""50.40"",""l"":""49.55"",""c"":""49.61"",""v"":4170500,""src"":""BACKFILL""},{""o"":""49.56"",""h"":""50.75"",""l"":""49.43"",""c"":""50.58"",""v"":4562968,""src"":""BACKFILL""},{""o"":""50.23"",""h"":""50.39"",""l"":""49.67"",""c"":""50.12"",""v"":4008736,""src"":""BACKFILL""}]","[""58.42"",""70.69"",""62.73"",""41.28"",""73.78"",""77.18""]","[""49.28"",""49.22"",""49.71"",""49.64"",""50.44"",""49.95""]","[""49.27"",""49.14"",""49.65"",""49.68"",""50.39"",""49.90""]","[""49.29"",""49.27"",""49.73"",""49.61"",""50.50"",""50.04""]","[""49.28"",""49.23"",""49.71"",""49.63"",""50.45"",""49.98""]","[""49.06"",""49.23"",""49.31"",""49.42"",""49.60"",""49.66""]","[""1.00"",""1.12"",""0.97"",""0.81"",""5.92"",""5.12""]","[""0.0322"",""0.0312"",""0.0337"",""0.0243"",""0.0379"",""0.0337""]","[""0.07"",""0.19"",""0.09"",""-0.05"",""0.27"",""0.32""]","[""0.55"",""0.18"",""0.89"",""0.38"",""1.98"",""0.91""]"
2025-08-30 8:08:30,Bear Spreads,"Core & Main, Inc.",CNM,6.6,61.6,2025-09-09 0:00:00,1,2025-08-26 16:28:09,2025-09-19 0:00:00,64.72,0.0927,0.1019,0.0525,0.0722,65,0.1,55,3.5,3.4,0.7,6,0,"[""-0.038462"",""-0.013692"",""-0.006769"",""0.033538"",""0.031692"",""-0.186615""]",3,"[""0.038462"",""0.013692"",""0.006769"",""0.000000"",""0.000000"",""0.153846""]","[""0.000000"",""0.000000"",""0.013077"",""0.033538"",""0.031692"",""0.000000""]",64.69,64.56,65.85,66.55,66.57,49.7,,"[{""o"":""63.69"",""h"":""64.81"",""l"":""62.50"",""c"":""64.69"",""v"":2069400,""src"":""BACKFILL""},{""o"":""64.69"",""h"":""64.89"",""l"":""64.11"",""c"":""64.57"",""v"":1213800,""src"":""BACKFILL""},{""o"":""64.96"",""h"":""65.85"",""l"":""64.56"",""c"":""65.85"",""v"":1467300,""src"":""BACKFILL""},{""o"":""66.67"",""h"":""67.18"",""l"":""66.20"",""c"":""66.96"",""v"":1962915,""src"":""BACKFILL""},{""o"":""67.06"",""h"":""67.06"",""l"":""66.08"",""c"":""66.57"",""v"":2242490,""src"":""BACKFILL""},{""o"":""51.12"",""h"":""52.87"",""l"":""48.64"",""c"":""49.70"",""v"":20680284,""src"":""BACKFILL""}]","[""55.01"",""62.70"",""81.63"",""55.06"",""66.25"",""46.08""]","[""64.67"",""64.49"",""65.63"",""66.86"",""66.34"",""49.82""]","[""64.59"",""64.38"",""65.49"",""66.99"",""66.30"",""49.66""]","[""64.69"",""64.55"",""65.74"",""66.89"",""66.45"",""49.76""]","[""64.66"",""64.50"",""65.65"",""66.89"",""66.37"",""49.77""]","[""64.00"",""64.19"",""64.57"",""65.22"",""65.52"",""55.20""]","[""1.00"",""0.74"",""0.93"",""2.83"",""4.40"",""2.42""]","[""0.0591"",""0.0416"",""0.0418"",""0.0747"",""0.0722"",""0.1138""]","[""0.03"",""0.10"",""0.29"",""0.16"",""0.34"",""-0.25""]","[""1.08"",""0.59"",""1.98"",""2.68"",""1.61"",""-9.96""]"
2025-08-30 8:08:30,Bear Spreads,"Descartes Systems Group, Inc.",DSGX,7.2,97.2,2025-09-03 0:00:00,3,2025-08-01 7:23:18,2025-09-19 0:00:00,99.95,0.0648,0.072,0.028,0.0493,100,0.7,90,3.5,2.8,-0.34,10,-4,"[""-0.021400"",""-0.019800"",""-0.016700"",""0.085100"",""0.090000"",""0.078100""]",3,"[""0.021400"",""0.019800"",""0.016700"",""0.000000"",""0.000000"",""0.000000""]","[""0.000000"",""0.000000"",""0.063900"",""0.085100"",""0.090000"",""0.078100""]",98.38,99.43,106.22,108.47,107.43,106.91,,"[{""o"":""98.36"",""h"":""99.73"",""l"":""97.86"",""c"":""98.40"",""v"":554500,""src"":""BACKFILL""},{""o"":""98.46"",""h"":""99.58"",""l"":""98.02"",""c"":""99.51"",""v"":652100,""src"":""BACKFILL""},{""o"":""98.50"",""h"":""106.39"",""l"":""98.33"",""c"":""106.22"",""v"":1120300,""src"":""BACKFILL""},{""o"":""106.78"",""h"":""108.51"",""l"":""106.60"",""c"":""107.84"",""v"":682662,""src"":""BACKFILL""},{""o"":""108.41"",""h"":""109.00"",""l"":""105.86"",""c"":""107.43"",""v"":362288,""src"":""BACKFILL""},{""o"":""107.57"",""h"":""107.81"",""l"":""106.37"",""c"":""106.91"",""v"":316280,""src"":""BACKFILL""}]","[""49.37"",""60.60"",""66.38"",""50.14"",""51.05"",""59.11""]","[""98.38"",""99.30"",""105.99"",""107.80"",""107.45"",""106.75""]","[""98.31"",""99.21"",""105.84"",""107.94"",""107.30"",""106.66""]","[""98.46"",""99.39"",""106.10"",""107.78"",""107.50"",""106.92""]","[""98.41"",""99.32"",""106.00"",""107.82"",""107.44"",""106.82""]","[""98.66"",""98.87"",""101.17"",""102.70"",""103.17"",""103.49""]","[""1.00"",""1.08"",""1.44"",""3.31"",""3.43"",""2.80""]","[""0.0753"",""0.0855"",""0.0861"",""0.0975"",""0.0876"",""0.0654""]","[""-0.00"",""0.13"",""0.22"",""0.04"",""-0.02"",""0.15""]","[""-0.27"",""0.65"",""4.99"",""5.01"",""4.13"",""3.30""]"
2025-08-31 8:08:10,Bear Spreads,"Core & Main, Inc.",CNM,6.6,61.6,2025-09-09 0:00:00,1,2025-08-26 16:28:09,2025-09-19 0:00:00,64.72,0.0927,0.1019,0.0525,0.0722,65,0.1,55,3.5,3.4,0.7,6,0,"[""-0.038462"",""-0.013692"",""-0.006769"",""0.033538"",""0.031692"",""-0.186615""]",3,"[""0.038462"",""0.013692"",""0.006769"",""0.000000"",""0.000000"",""0.153846""]","[""0.000000"",""0.000000"",""0.013077"",""0.033538"",""0.031692"",""0.000000""]",64.69,64.56,65.85,66.51,66.57,49.7,,"[{""o"":""63.69"",""h"":""64.81"",""l"":""62.50"",""c"":""64.69"",""v"":2069400,""src"":""BACKFILL""},{""o"":""64.69"",""h"":""64.89"",""l"":""64.11"",""c"":""64.57"",""v"":1213800,""src"":""BACKFILL""},{""o"":""64.96"",""h"":""65.85"",""l"":""64.56"",""c"":""65.85"",""v"":1467300,""src"":""BACKFILL""},{""o"":""66.67"",""h"":""67.18"",""l"":""66.20"",""c"":""66.96"",""v"":1962915,""src"":""BACKFILL""},{""o"":""67.06"",""h"":""67.06"",""l"":""66.08"",""c"":""66.57"",""v"":2242490,""src"":""BACKFILL""},{""o"":""51.12"",""h"":""52.87"",""l"":""48.64"",""c"":""49.70"",""v"":20680284,""src"":""BACKFILL""}]","[""55.01"",""62.70"",""81.63"",""55.06"",""66.25"",""46.08""]","[""64.67"",""64.49"",""65.63"",""66.86"",""66.34"",""49.82""]","[""64.59"",""64.38"",""65.49"",""66.99"",""66.30"",""49.66""]","[""64.69"",""64.55"",""65.74"",""66.89"",""66.45"",""49.76""]","[""64.66"",""64.50"",""65.65"",""66.89"",""66.37"",""49.77""]","[""64.00"",""64.19"",""64.57"",""65.22"",""65.52"",""55.20""]","[""1.00"",""0.74"",""0.93"",""2.83"",""4.40"",""2.42""]","[""0.0591"",""0.0416"",""0.0418"",""0.0747"",""0.0722"",""0.1138""]","[""0.03"",""0.10"",""0.29"",""0.16"",""0.34"",""-0.25""]","[""1.08"",""0.59"",""1.98"",""2.68"",""1.61"",""-9.96""]"
2025-08-31 8:08:10,Bear Spreads,"Descartes Systems Group, Inc.",DSGX,7.2,97.2,2025-09-03 0:00:00,3,2025-08-01 7:23:18,2025-09-19 0:00:00,99.95,0.0648,0.072,0.028,0.0493,100,0.7,90,3.5,2.8,-0.34,10,-4,"[""-0.021400"",""-0.019800"",""-0.016700"",""0.085100"",""0.090000"",""0.078100""]",3,"[""0.021400"",""0.019800"",""0.016700"",""0.000000"",""0.000000"",""0.000000""]","[""0.000000"",""0.000000"",""0.063900"",""0.085100"",""0.090000"",""0.078100""]",98.38,99.43,106.22,108.48,107.43,106.91,,"[{""o"":""98.36"",""h"":""99.73"",""l"":""97.86"",""c"":""98.40"",""v"":554500,""src"":""BACKFILL""},{""o"":""98.46"",""h"":""99.58"",""l"":""98.02"",""c"":""99.51"",""v"":652100,""src"":""BACKFILL""},{""o"":""98.50"",""h"":""106.39"",""l"":""98.33"",""c"":""106.22"",""v"":1120300,""src"":""BACKFILL""},{""o"":""106.78"",""h"":""108.51"",""l"":""106.60"",""c"":""107.84"",""v"":682662,""src"":""BACKFILL""},{""o"":""108.41"",""h"":""109.00"",""l"":""105.86"",""c"":""107.43"",""v"":362288,""src"":""BACKFILL""},{""o"":""107.57"",""h"":""107.81"",""l"":""106.37"",""c"":""106.91"",""v"":316280,""src"":""BACKFILL""}]","[""49.37"",""60.60"",""66.38"",""50.14"",""51.05"",""59.11""]","[""98.38"",""99.30"",""105.99"",""107.80"",""107.45"",""106.75""]","[""98.31"",""99.21"",""105.84"",""107.94"",""107.30"",""106.66""]","[""98.46"",""99.39"",""106.10"",""107.78"",""107.50"",""106.92""]","[""98.41"",""99.32"",""106.00"",""107.82"",""107.44"",""106.82""]","[""98.66"",""98.87"",""101.17"",""102.70"",""103.17"",""103.49""]","[""1.00"",""1.08"",""1.44"",""3.31"",""3.43"",""2.80""]","[""0.0753"",""0.0855"",""0.0861"",""0.0975"",""0.0876"",""0.0654""]","[""-0.00"",""0.13"",""0.22"",""0.04"",""-0.02"",""0.15""]","[""-0.27"",""0.65"",""4.99"",""5.01"",""4.13"",""3.30""]"
2025-09-01 8:08:23,Bear Spreads,"Core & Main, Inc.",CNM,6.6,61.6,2025-09-09 0:00:00,1,2025-08-26 16:28:09,2025-09-19 0:00:00,64.72,0.0927,0.1019,0.0525,0.0722,65,0.1,55,3.5,3.4,0.7,6,0,"[""-0.038462"",""-0.013692"",""-0.006769"",""0.033538"",""0.031692"",""-0.186615""]",3,"[""0.038462"",""0.013692"",""0.006769"",""0.000000"",""0.000000"",""0.153846""]","[""0.000000"",""0.000000"",""0.013077"",""0.033538"",""0.031692"",""0.000000""]",64.69,64.56,65.85,66.53,66.57,49.7,,"[{""o"":""63.69"",""h"":""64.81"",""l"":""62.50"",""c"":""64.69"",""v"":2069400,""src"":""BACKFILL""},{""o"":""64.69"",""h"":""64.89"",""l"":""64.11"",""c"":""64.57"",""v"":1213800,""src"":""BACKFILL""},{""o"":""64.96"",""h"":""65.85"",""l"":""64.56"",""c"":""65.85"",""v"":1467300,""src"":""BACKFILL""},{""o"":""66.67"",""h"":""67.18"",""l"":""66.20"",""c"":""66.96"",""v"":1962915,""src"":""BACKFILL""},{""o"":""67.06"",""h"":""67.06"",""l"":""66.08"",""c"":""66.57"",""v"":2242490,""src"":""BACKFILL""},{""o"":""51.12"",""h"":""52.87"",""l"":""48.64"",""c"":""49.70"",""v"":20680284,""src"":""BACKFILL""}]","[""55.01"",""62.70"",""81.63"",""55.06"",""66.25"",""46.08""]","[""64.67"",""64.49"",""65.63"",""66.86"",""66.34"",""49.82""]","[""64.59"",""64.38"",""65.49"",""66.99"",""66.30"",""49.66""]","[""64.69"",""64.55"",""65.74"",""66.89"",""66.45"",""49.76""]","[""64.66"",""64.50"",""65.65"",""66.89"",""66.37"",""49.77""]","[""64.00"",""64.19"",""64.57"",""65.22"",""65.52"",""55.20""]","[""1.00"",""0.74"",""0.93"",""2.83"",""4.40"",""2.42""]","[""0.0591"",""0.0416"",""0.0418"",""0.0747"",""0.0722"",""0.1138""]","[""0.03"",""0.10"",""0.29"",""0.16"",""0.34"",""-0.25""]","[""1.08"",""0.59"",""1.98"",""2.68"",""1.61"",""-9.96""]"
2025-09-01 8:08:23,Bear Spreads,"Descartes Systems Group, Inc.",DSGX,7.2,97.2,2025-09-03 0:00:00,3,2025-08-01 7:23:18,2025-09-19 0:00:00,99.95,0.0648,0.072,0.028,0.0493,100,0.7,90,3.5,2.8,-0.34,10,-4,"[""-0.021400"",""-0.019800"",""-0.016700"",""0.085100"",""0.090000"",""0.078100""]",3,"[""0.021400"",""0.019800"",""0.016700"",""0.000000"",""0.000000"",""0.000000""]","[""0.000000"",""0.000000"",""0.063900"",""0.085100"",""0.090000"",""0.078100""]",98.38,99.43,106.22,108.48,107.43,106.91,,"[{""o"":""98.36"",""h"":""99.73"",""l"":""97.86"",""c"":""98.40"",""v"":554500,""src"":""BACKFILL""},{""o"":""98.46"",""h"":""99.58"",""l"":""98.02"",""c"":""99.51"",""v"":652100,""src"":""BACKFILL""},{""o"":""98.50"",""h"":""106.39"",""l"":""98.33"",""c"":""106.22"",""v"":1120300,""src"":""BACKFILL""},{""o"":""106.78"",""h"":""108.51"",""l"":""106.60"",""c"":""107.84"",""v"":682662,""src"":""BACKFILL""},{""o"":""108.41"",""h"":""109.00"",""l"":""105.86"",""c"":""107.43"",""v"":362288,""src"":""BACKFILL""},{""o"":""107.57"",""h"":""107.81"",""l"":""106.37"",""c"":""106.91"",""v"":316280,""src"":""BACKFILL""}]","[""49.37"",""60.60"",""66.38"",""50.14"",""51.05"",""59.11""]","[""98.38"",""99.30"",""105.99"",""107.80"",""107.45"",""106.75""]","[""98.31"",""99.21"",""105.84"",""107.94"",""107.30"",""106.66""]","[""98.46"",""99.39"",""106.10"",""107.78"",""107.50"",""106.92""]","[""98.41"",""99.32"",""106.00"",""107.82"",""107.44"",""106.82""]","[""98.66"",""98.87"",""101.17"",""102.70"",""103.17"",""103.49""]","[""1.00"",""1.08"",""1.44"",""3.31"",""3.43"",""2.80""]","[""0.0753"",""0.0855"",""0.0861"",""0.0975"",""0.0876"",""0.0654""]","[""-0.00"",""0.13"",""0.22"",""0.04"",""-0.02"",""0.15""]","[""-0.27"",""0.65"",""4.99"",""5.01"",""4.13"",""3.30""]"
2025-09-02 8:08:48,Bear Spreads,"Core & Main, Inc.",CNM,6.6,61.6,2025-09-09 0:00:00,1,2025-08-26 16:28:09,2025-09-19 0:00:00,64.72,0.0927,0.1019,0.0525,0.0722,65,0.1,55,3.5,3.4,0.7,6,0,"[""-0.038462"",""-0.013692"",""-0.006769"",""0.033538"",""0.031692"",""-0.186615""]",3,"[""0.038462"",""0.013692"",""0.006769"",""0.000000"",""0.000000"",""0.153846""]","[""0.000000"",""0.000000"",""0.013077"",""0.033538"",""0.031692"",""0.000000""]",64.69,64.56,65.85,66.53,66.57,49.7,,"[{""o"":""63.69"",""h"":""64.81"",""l"":""62.50"",""c"":""64.69"",""v"":2069400,""src"":""BACKFILL""},{""o"":""64.69"",""h"":""64.89"",""l"":""64.11"",""c"":""64.57"",""v"":1213800,""src"":""BACKFILL""},{""o"":""64.96"",""h"":""65.85"",""l"":""64.56"",""c"":""65.85"",""v"":1467300,""src"":""BACKFILL""},{""o"":""66.67"",""h"":""67.18"",""l"":""66.20"",""c"":""66.96"",""v"":1962915,""src"":""BACKFILL""},{""o"":""67.06"",""h"":""67.06"",""l"":""66.08"",""c"":""66.57"",""v"":2242490,""src"":""BACKFILL""},{""o"":""51.12"",""h"":""52.87"",""l"":""48.64"",""c"":""49.70"",""v"":20680284,""src"":""BACKFILL""}]","[""55.01"",""62.70"",""81.63"",""55.06"",""66.25"",""46.08""]","[""64.67"",""64.49"",""65.63"",""66.86"",""66.34"",""49.82""]","[""64.59"",""64.38"",""65.49"",""66.99"",""66.30"",""49.66""]","[""64.69"",""64.55"",""65.74"",""66.89"",""66.45"",""49.76""]","[""64.66"",""64.50"",""65.65"",""66.89"",""66.37"",""49.77""]","[""64.00"",""64.19"",""64.57"",""65.22"",""65.52"",""55.20""]","[""1.00"",""0.74"",""0.93"",""2.83"",""4.40"",""2.42""]","[""0.0591"",""0.0416"",""0.0418"",""0.0747"",""0.0722"",""0.1138""]","[""0.03"",""0.10"",""0.29"",""0.16"",""0.34"",""-0.25""]","[""1.08"",""0.59"",""1.98"",""2.68"",""1.61"",""-9.96""]"
2025-09-02 8:08:48,Bear Spreads,"Descartes Systems Group, Inc.",DSGX,7.2,97.2,2025-09-03 0:00:00,3,2025-08-01 7:23:18,2025-09-19 0:00:00,99.95,0.0648,0.072,0.028,0.0493,100,0.7,90,3.5,2.8,-0.34,10,-4,"[""-0.021400"",""-0.019800"",""-0.016700"",""0.085100"",""0.090000"",""0.078100""]",3,"[""0.021400"",""0.019800"",""0.016700"",""0.000000"",""0.000000"",""0.000000""]","[""0.000000"",""0.000000"",""0.063900"",""0.085100"",""0.090000"",""0.078100""]",98.38,99.43,106.22,108.48,107.43,106.91,,"[{""o"":""98.36"",""h"":""99.73"",""l"":""97.86"",""c"":""98.40"",""v"":554500,""src"":""BACKFILL""},{""o"":""98.46"",""h"":""99.58"",""l"":""98.02"",""c"":""99.51"",""v"":652100,""src"":""BACKFILL""},{""o"":""98.50"",""h"":""106.39"",""l"":""98.33"",""c"":""106.22"",""v"":1120300,""src"":""BACKFILL""},{""o"":""106.78"",""h"":""108.51"",""l"":""106.60"",""c"":""107.84"",""v"":682662,""src"":""BACKFILL""},{""o"":""108.41"",""h"":""109.00"",""l"":""105.86"",""c"":""107.43"",""v"":362288,""src"":""BACKFILL""},{""o"":""107.57"",""h"":""107.81"",""l"":""106.37"",""c"":""106.91"",""v"":316280,""src"":""BACKFILL""}]","[""49.37"",""60.60"",""66.38"",""50.14"",""51.05"",""59.11""]","[""98.38"",""99.30"",""105.99"",""107.80"",""107.45"",""106.75""]","[""98.31"",""99.21"",""105.84"",""107.94"",""107.30"",""106.66""]","[""98.46"",""99.39"",""106.10"",""107.78"",""107.50"",""106.92""]","[""98.41"",""99.32"",""106.00"",""107.82"",""107.44"",""106.82""]","[""98.66"",""98.87"",""101.17"",""102.70"",""103.17"",""103.49""]","[""1.00"",""1.08"",""1.44"",""3.31"",""3.43"",""2.80""]","[""0.0753"",""0.0855"",""0.0861"",""0.0975"",""0.0876"",""0.0654""]","[""-0.00"",""0.13"",""0.22"",""0.04"",""-0.02"",""0.15""]","[""-0.27"",""0.65"",""4.99"",""5.01"",""4.13"",""3.30""]"
2025-09-03 8:09:36,Bear Spreads,Science Applications International Corporation,SAIC,14.65,114.65,2025-09-04 0:00:00,1,2025-08-21 8:32:03,2025-09-19 0:00:00,118.27,0.0823,0.1238,0.0452,0.063,120,0.15,100,5.5,5.35,2.79,8,2,"[""-0.052333"",""-0.150000"",""-0.132333"",""-0.154750"",""-0.152250"",""-0.151833""]",,"[""0.052333"",""0.150000"",""0.132333"",""0.154750"",""0.152250"",""0.151833""]","[""0.000000"",""0.000000"",""0.000000"",""0.000000"",""0.000000"",""0.000000""]",113.94,106.22,105.56,102.6,102.78,103.18,,"[{""o"":""117.95"",""h"":""118.64"",""l"":""113.72"",""c"":""114.11"",""v"":828800,""src"":""BACKFILL""},{""o"":""103.62"",""h"":""109.50"",""l"":""102.00"",""c"":""106.22"",""v"":1374100,""src"":""BACKFILL""},{""o"":""106.72"",""h"":""108.35"",""l"":""104.12"",""c"":""104.93"",""v"":948915,""src"":""BACKFILL""},{""o"":""103.28"",""h"":""103.86"",""l"":""101.43"",""c"":""102.60"",""v"":746500,""src"":""BACKFILL""},{""o"":""103.22"",""h"":""103.55"",""l"":""101.73"",""c"":""102.78"",""v"":597087,""src"":""BACKFILL""},{""o"":""102.81"",""h"":""104.22"",""l"":""101.78"",""c"":""103.18"",""v"":500926,""src"":""BACKFILL""}]","[""44.12"",""49.82"",""46.89"",""69.92"",""37.63"",""57.00""]","[""114.06"",""106.18"",""105.02"",""102.37"",""103.00"",""103.12""]","[""113.98"",""106.64"",""105.05"",""102.17"",""102.96"",""103.12""]","[""114.08"",""106.06"",""104.98"",""102.49"",""102.94"",""103.11""]","[""114.07"",""106.20"",""105.00"",""102.37"",""102.98"",""103.10""]","[""115.49"",""109.51"",""108.34"",""107.18"",""106.59"",""106.22""]","[""1.00"",""1.25"",""2.39"",""3.44"",""3.41"",""4.13""]","[""0.1447"",""0.2776"",""0.1346"",""0.1036"",""0.0978"",""0.0844""]","[""-0.11"",""0.08"",""-0.09"",""0.22"",""-0.21"",""0.06""]","[""-1.19"",""-3.01"",""-3.15"",""-4.27"",""-3.58"",""-2.86""]"
2025-09-03 8:09:36,Bear Spreads,Braze,BRZE,2.9,25.4,2025-09-04 0:00:00,3,2025-08-14 16:15:30,2025-09-19 0:00:00,27.04,0.0901,0.1072,0.0776,0.1535,27.5,0.55,22.5,2.65,2.1,0.11,7,-5,"[""-0.027636"",""-0.065091"",""0.217455"",""0.193273"",""0.180000"",""0.146364""]",2,"[""0.027636"",""0.065091"",""0.000000"",""0.000000"",""0.000000"",""0.000000""]","[""0.003273"",""0.009455"",""0.217455"",""0.193273"",""0.180000"",""0.146364""]",26.99,27.66,30.89,32.29,31.3,30.09,,"[{""o"":""27.38"",""h"":""27.59"",""l"":""26.74"",""c"":""26.99"",""v"":2280100,""src"":""BACKFILL""},{""o"":""26.81"",""h"":""27.76"",""l"":""25.71"",""c"":""27.66"",""v"":4477500,""src"":""BACKFILL""},{""o"":""32.51"",""h"":""33.48"",""l"":""29.93"",""c"":""31.45"",""v"":9696146,""src"":""BACKFILL""},{""o"":""32.00"",""h"":""32.81"",""l"":""31.07"",""c"":""32.29"",""v"":3261249,""src"":""BACKFILL""},{""o"":""31.84"",""h"":""32.45"",""l"":""30.88"",""c"":""31.30"",""v"":2747516,""src"":""BACKFILL""},{""o"":""30.97"",""h"":""31.52"",""l"":""30.03"",""c"":""30.09"",""v"":1731533,""src"":""BACKFILL""}]","[""58.42"",""75.49"",""72.60"",""33.12"",""50.94"",""41.43""]","[""26.97"",""27.51"",""31.10"",""32.43"",""31.29"",""30.14""]","[""26.89"",""27.42"",""30.97"",""32.57"",""31.27"",""30.18""]","[""26.98"",""27.59"",""31.32"",""32.36"",""31.32"",""30.11""]","[""26.96"",""27.52"",""31.17"",""32.43"",""31.30"",""30.14""]","[""27.11"",""27.06"",""29.58"",""30.00"",""30.16"",""30.18""]","[""1.00"",""1.33"",""4.65"",""5.34"",""4.20"",""3.67""]","[""0.0348"",""0.0544"",""0.0953"",""0.0566"",""0.0516"",""0.0492""]","[""0.09"",""0.69"",""1.13"",""-0.42"",""0.03"",""-0.18""]","[""-0.43"",""2.20"",""6.33"",""7.63"",""3.79"",""-0.32""]"
2025-09-03 8:09:36,Bear Spreads,Zumiez Inc.,ZUMZ,1.5,16.5,2025-09-04 0:00:00,3,2025-08-21 16:06:41,2025-09-19 0:00:00,17.34,0.0723,0.0865,0.0576,0.1874,17.5,0.4,15,1.4,1,0.77,12,-4,"[""-0.024571"",""0.057143"",""0.265714"",""0.227714"",""0.228000"",""0.218286""]",1,"[""0.024571"",""0.000000"",""0.000000"",""0.000000"",""0.000000"",""0.000000""]","[""0.010286"",""0.057143"",""0.265714"",""0.227714"",""0.228000"",""0.218286""]",17.54,18.45,21.62,21.26,21.02,20.77,,"[{""o"":""17.32"",""h"":""17.68"",""l"":""17.07"",""c"":""17.54"",""v"":164700,""src"":""BACKFILL""},{""o"":""17.90"",""h"":""18.50"",""l"":""17.68"",""c"":""18.45"",""v"":483200,""src"":""BACKFILL""},{""o"":""20.03"",""h"":""22.15"",""l"":""19.95"",""c"":""21.32"",""v"":895012,""src"":""BACKFILL""},{""o"":""21.04"",""h"":""21.49"",""l"":""20.71"",""c"":""21.26"",""v"":325444,""src"":""BACKFILL""},{""o"":""21.27"",""h"":""21.49"",""l"":""20.57"",""c"":""21.02"",""v"":259996,""src"":""BACKFILL""},{""o"":""20.88"",""h"":""21.32"",""l"":""20.68"",""c"":""20.77"",""v"":150850,""src"":""BACKFILL""}]","[""53.30"",""51.64"",""66.52"",""50.29"",""75.91"",""54.59""]","[""17.50"",""18.42"",""21.14"",""21.26"",""20.87"",""20.73""]","[""17.56"",""18.40"",""21.00"",""21.31"",""20.78"",""20.75""]","[""17.53"",""18.41"",""21.19"",""21.25"",""20.94"",""20.76""]","[""17.52"",""18.41"",""21.13"",""21.25"",""20.88"",""20.75""]","[""17.43"",""18.01"",""19.86"",""20.08"",""20.19"",""20.24""]","[""1.00"",""1.49"",""4.18"",""2.95"",""4.51"",""4.86""]","[""0.0292"",""0.0386"",""0.0592"",""0.0275"",""0.0357"",""0.0260""]","[""0.21"",""0.00"",""0.85"",""0.01"",""0.74"",""0.18""]","[""0.63"",""2.43"",""7.34"",""5.86"",""4.13"",""2.64""]"
2025-09-06 8:09:05,Bear Spreads,"Mama’s Creations, Inc. ",MAMA,1.65,9.15,2025-09-08 0:00:00,3,2025-09-02 9:00:00,2025-09-19 0:00:00,9.44,0.0511,0.1747,0.09,0.2754,10,0.05,7.5,0.9,0.85,-0.05,4,0,"[""-0.060500"",""-0.132900"",""-0.081000"",""-0.055000"",""-0.066500"",""-0.077000""]",,"[""0.060500"",""0.132900"",""0.081000"",""0.055000"",""0.066500"",""0.077000""]","[""0.000000"",""0.000000"",""0.000000"",""0.000000"",""0.000000"",""0.000000""]",9.92,9.45,9.65,9.6,9.41,9.74,10.7,"[{""o"":""9.60"",""h"":""9.95"",""l"":""9.40"",""c"":""9.94"",""v"":833900,""src"":""BACKFILL""},{""o"":""9.65"",""h"":""9.71"",""l"":""8.67"",""c"":""9.45"",""v"":920100,""src"":""BACKFILL""},{""o"":""9.33"",""h"":""9.95"",""l"":""9.19"",""c"":""9.66"",""v"":448500,""src"":""BACKFILL""},{""o"":""9.61"",""h"":""9.89"",""l"":""9.45"",""c"":""9.60"",""v"":459100,""src"":""BACKFILL""},{""o"":""9.59"",""h"":""9.66"",""l"":""9.34"",""c"":""9.41"",""v"":320400,""src"":""BACKFILL""},{""o"":""9.48"",""h"":""9.88"",""l"":""9.23"",""c"":""9.74"",""v"":206700,""src"":""BACKFILL""}]","[""63.27"",""39.44"",""86.05"",""52.36""]","[""9.87"",""9.47"",""9.52"",""9.60""]","[""9.81"",""9.55"",""9.41"",""9.55""]","[""9.90"",""9.48"",""9.60"",""9.61""]","[""9.87"",""9.49"",""9.53"",""9.60""]","[""9.73"",""9.46"",""9.47"",""9.51""]","[""3.15"",""1.54"",""0.74"",""0.00""]","[""0.0355"",""0.0301"",""0.0206"",""0.0187""]","[""0.52"",""-0.24"",""1.42"",""0.01""]","[""1.95"",""-0.12"",""1.88"",""0.93""]"
2025-09-06 8:09:05,Bear Spreads,"Oxford Industries, Inc.",OXM,5.9,40.9,2025-09-10 0:00:00,3,2025-08-27 16:29:45,2025-09-19 0:00:00,42.14,0.0554,0.14,0.0972,0.1038,45,0.3,35,4.4,4.1,1.68,8,-2,"[""-0.110444"",""-0.114889"",""-0.117778"",""0.146889"",""0.132000"",""0.059778""]",3,"[""0.110444"",""0.114889"",""0.117778"",""0.000000"",""0.000000"",""0.000000""]","[""0.000000"",""0.000000"",""0.000000"",""0.146889"",""0.132000"",""0.059778""]",40.58,40.79,40.41,51.58,47.13,46.78,44.45,"[{""o"":""42.12"",""h"":""42.12"",""l"":""40.03"",""c"":""40.61"",""v"":787500,""src"":""BACKFILL""},{""o"":""40.63"",""h"":""41.08"",""l"":""39.83"",""c"":""40.75"",""v"":602900,""src"":""BACKFILL""},{""o"":""40.63"",""h"":""41.17"",""l"":""39.70"",""c"":""40.41"",""v"":1254300,""src"":""BACKFILL""},{""o"":""47.06"",""h"":""51.61"",""l"":""45.61"",""c"":""51.58"",""v"":2165300,""src"":""BACKFILL""},{""o"":""50.69"",""h"":""50.94"",""l"":""46.42"",""c"":""47.13"",""v"":932200,""src"":""BACKFILL""},{""o"":""47.03"",""h"":""47.69"",""l"":""45.50"",""c"":""46.78"",""v"":466100,""src"":""BACKFILL""}]","[""53.95"",""57.59"",""56.94"",""72.44""]","[""40.51"",""40.72"",""40.22"",""51.14""]","[""40.61"",""40.60"",""40.23"",""50.71""]","[""40.53"",""40.80"",""40.29"",""51.34""]","[""40.53"",""40.73"",""40.25"",""51.14""]","[""40.77"",""40.72"",""40.55"",""45.11""]","[""3.27"",""3.59"",""2.43"",""0.00""]","[""0.0656"",""0.0675"",""0.1479"",""0.1440""]","[""0.17"",""0.18"",""0.47"",""0.86""]","[""-0.47"",""0.18"",""-0.35"",""14.35""]"
2025-09-06 8:09:05,Bear Spreads,"Core & Main, Inc.",CNM,9.1,64.1,2025-09-09 0:00:00,1,2025-08-26 16:28:09,2025-09-19 0:00:00,66.98,0.0927,0.1358,0.0507,0.0694,67.5,0.1,55,3.5,3.4,1.47,9,1,"[""-0.020963"",""-0.216741"",""-0.241926"",""-0.259259"",""-0.263407"",""-0.256444""]",,"[""0.020963"",""0.185185"",""0.185185"",""0.185185"",""0.185185"",""0.185185""]","[""0.000000"",""0.000000"",""0.000000"",""0.000000"",""0.000000"",""0.000000""]",66.57,49.7,48.54,49.45,48.67,49.76,50.93,"[{""o"":""67.06"",""h"":""67.06"",""l"":""66.08"",""c"":""66.59"",""v"":2539600,""src"":""BACKFILL""},{""o"":""51.12"",""h"":""52.87"",""l"":""48.63"",""c"":""49.70"",""v"":21197600,""src"":""BACKFILL""},{""o"":""49.70"",""h"":""51.17"",""l"":""48.51"",""c"":""48.56"",""v"":6131500,""src"":""BACKFILL""},{""o"":""48.27"",""h"":""50.00"",""l"":""47.82"",""c"":""49.45"",""v"":6280500,""src"":""BACKFILL""},{""o"":""49.29"",""h"":""49.72"",""l"":""48.67"",""c"":""48.67"",""v"":3652900,""src"":""BACKFILL""},{""o"":""48.82"",""h"":""50.19"",""l"":""48.65"",""c"":""49.76"",""v"":4369700,""src"":""BACKFILL""}]","[""66.25"",""46.08"",""28.25"",""48.24""]","[""66.34"",""49.82"",""48.82"",""49.46""]","[""66.30"",""49.66"",""48.79"",""49.44""]","[""66.45"",""49.76"",""48.73"",""49.50""]","[""66.37"",""49.77"",""48.79"",""49.47""]","[""66.41"",""52.25"",""51.74"",""51.33""]","[""4.40"",""2.42"",""3.97"",""0.00""]","[""0.0722"",""0.1138"",""0.0698"",""0.0778""]","[""0.34"",""-0.25"",""-0.56"",""-0.02""]","[""0.25"",""-4.89"",""-6.17"",""-3.65""]"
2025-09-07 8:08:16,Bear Spreads,"Mama’s Creations, Inc. ",MAMA,1.65,9.15,2025-09-08 0:00:00,3,2025-09-02 9:00:00,2025-09-19 0:00:00,9.44,0.0511,0.1747,0.09,0.2754,10,0.05,7.5,0.9,0.85,-0.05,4,0,"[""-0.060500"",""-0.132900"",""-0.081000"",""-0.055000"",""-0.066500"",""-0.077000""]",,"[""0.060500"",""0.132900"",""0.081000"",""0.055000"",""0.066500"",""0.077000""]","[""0.000000"",""0.000000"",""0.000000"",""0.000000"",""0.000000"",""0.000000""]",9.92,9.45,9.65,9.6,9.41,9.74,10.7,"[{""o"":""9.60"",""h"":""9.95"",""l"":""9.40"",""c"":""9.94"",""v"":833900,""src"":""BACKFILL""},{""o"":""9.65"",""h"":""9.71"",""l"":""8.67"",""c"":""9.45"",""v"":920100,""src"":""BACKFILL""},{""o"":""9.33"",""h"":""9.95"",""l"":""9.19"",""c"":""9.66"",""v"":448500,""src"":""BACKFILL""},{""o"":""9.61"",""h"":""9.89"",""l"":""9.45"",""c"":""9.60"",""v"":459100,""src"":""BACKFILL""},{""o"":""9.59"",""h"":""9.66"",""l"":""9.34"",""c"":""9.41"",""v"":320400,""src"":""BACKFILL""},{""o"":""9.48"",""h"":""9.88"",""l"":""9.23"",""c"":""9.74"",""v"":206700,""src"":""BACKFILL""}]","[""63.27"",""39.44"",""86.05"",""52.36""]","[""9.87"",""9.47"",""9.52"",""9.60""]","[""9.81"",""9.55"",""9.41"",""9.55""]","[""9.90"",""9.48"",""9.60"",""9.61""]","[""9.87"",""9.49"",""9.53"",""9.60""]","[""9.73"",""9.46"",""9.47"",""9.51""]","[""3.15"",""1.54"",""0.74"",""0.00""]","[""0.0355"",""0.0301"",""0.0206"",""0.0187""]","[""0.52"",""-0.24"",""1.42"",""0.01""]","[""1.95"",""-0.12"",""1.88"",""0.93""]"
2025-09-07 8:08:16,Bear Spreads,"Oxford Industries, Inc.",OXM,5.9,40.9,2025-09-10 0:00:00,3,2025-08-27 16:29:45,2025-09-19 0:00:00,42.14,0.0554,0.14,0.0972,0.1038,45,0.3,35,4.4,4.1,1.68,8,-2,"[""-0.110444"",""-0.114889"",""-0.117778"",""0.146889"",""0.132000"",""0.059778""]",3,"[""0.110444"",""0.114889"",""0.117778"",""0.000000"",""0.000000"",""0.000000""]","[""0.000000"",""0.000000"",""0.000000"",""0.146889"",""0.132000"",""0.059778""]",40.58,40.79,40.41,51.58,47.13,46.78,44.45,"[{""o"":""42.12"",""h"":""42.12"",""l"":""40.03"",""c"":""40.61"",""v"":787500,""src"":""BACKFILL""},{""o"":""40.63"",""h"":""41.08"",""l"":""39.83"",""c"":""40.75"",""v"":602900,""src"":""BACKFILL""},{""o"":""40.63"",""h"":""41.17"",""l"":""39.70"",""c"":""40.41"",""v"":1254300,""src"":""BACKFILL""},{""o"":""47.06"",""h"":""51.61"",""l"":""45.61"",""c"":""51.58"",""v"":2165300,""src"":""BACKFILL""},{""o"":""50.69"",""h"":""50.94"",""l"":""46.42"",""c"":""47.13"",""v"":932200,""src"":""BACKFILL""},{""o"":""47.03"",""h"":""47.69"",""l"":""45.50"",""c"":""46.78"",""v"":466100,""src"":""BACKFILL""}]","[""53.95"",""57.59"",""56.94"",""72.44""]","[""40.51"",""40.72"",""40.22"",""51.14""]","[""40.61"",""40.60"",""40.23"",""50.71""]","[""40.53"",""40.80"",""40.29"",""51.34""]","[""40.53"",""40.73"",""40.25"",""51.14""]","[""40.77"",""40.72"",""40.55"",""45.11""]","[""3.27"",""3.59"",""2.43"",""0.00""]","[""0.0656"",""0.0675"",""0.1479"",""0.1440""]","[""0.17"",""0.18"",""0.47"",""0.86""]","[""-0.47"",""0.18"",""-0.35"",""14.35""]"
2025-09-07 8:08:16,Bear Spreads,"Core & Main, Inc.",CNM,9.1,64.1,2025-09-09 0:00:00,1,2025-08-26 16:28:09,2025-09-19 0:00:00,66.98,0.0927,0.1358,0.0507,0.0694,67.5,0.1,55,3.5,3.4,1.47,9,1,"[""-0.020963"",""-0.216741"",""-0.241926"",""-0.259259"",""-0.263407"",""-0.256444""]",,"[""0.020963"",""0.185185"",""0.185185"",""0.185185"",""0.185185"",""0.185185""]","[""0.000000"",""0.000000"",""0.000000"",""0.000000"",""0.000000"",""0.000000""]",66.57,49.7,48.54,49.45,48.67,49.76,50.93,"[{""o"":""67.06"",""h"":""67.06"",""l"":""66.08"",""c"":""66.59"",""v"":2539600,""src"":""BACKFILL""},{""o"":""51.12"",""h"":""52.87"",""l"":""48.63"",""c"":""49.70"",""v"":21197600,""src"":""BACKFILL""},{""o"":""49.70"",""h"":""51.17"",""l"":""48.51"",""c"":""48.56"",""v"":6131500,""src"":""BACKFILL""},{""o"":""48.27"",""h"":""50.00"",""l"":""47.82"",""c"":""49.45"",""v"":6280500,""src"":""BACKFILL""},{""o"":""49.29"",""h"":""49.72"",""l"":""48.67"",""c"":""48.67"",""v"":3652900,""src"":""BACKFILL""},{""o"":""48.82"",""h"":""50.19"",""l"":""48.65"",""c"":""49.76"",""v"":4369700,""src"":""BACKFILL""}]","[""66.25"",""46.08"",""28.25"",""48.24""]","[""66.34"",""49.82"",""48.82"",""49.46""]","[""66.30"",""49.66"",""48.79"",""49.44""]","[""66.45"",""49.76"",""48.73"",""49.50""]","[""66.37"",""49.77"",""48.79"",""49.47""]","[""66.41"",""52.25"",""51.74"",""51.33""]","[""4.40"",""2.42"",""3.97"",""0.00""]","[""0.0722"",""0.1138"",""0.0698"",""0.0778""]","[""0.34"",""-0.25"",""-0.56"",""-0.02""]","[""0.25"",""-4.89"",""-6.17"",""-3.65""]"
2025-09-08 8:08:15,Bear Spreads,"Oxford Industries, Inc.",OXM,5.9,40.9,2025-09-10 0:00:00,3,2025-08-27 16:29:45,2025-09-19 0:00:00,42.14,0.0554,0.14,0.0972,0.1038,45,0.3,35,4.4,4.1,1.68,8,-2,"[""-0.110444"",""-0.114889"",""-0.117778"",""0.146889"",""0.132000"",""0.059778""]",3,"[""0.110444"",""0.114889"",""0.117778"",""0.000000"",""0.000000"",""0.000000""]","[""0.000000"",""0.000000"",""0.000000"",""0.146889"",""0.132000"",""0.059778""]",40.58,40.79,40.41,51.58,47.13,46.78,44.45,"[{""o"":""42.12"",""h"":""42.12"",""l"":""40.03"",""c"":""40.61"",""v"":787500,""src"":""BACKFILL""},{""o"":""40.63"",""h"":""41.08"",""l"":""39.83"",""c"":""40.75"",""v"":602900,""src"":""BACKFILL""},{""o"":""40.63"",""h"":""41.17"",""l"":""39.70"",""c"":""40.41"",""v"":1254300,""src"":""BACKFILL""},{""o"":""47.06"",""h"":""51.61"",""l"":""45.61"",""c"":""51.58"",""v"":2165300,""src"":""BACKFILL""},{""o"":""50.69"",""h"":""50.94"",""l"":""46.42"",""c"":""47.13"",""v"":932200,""src"":""BACKFILL""},{""o"":""47.03"",""h"":""47.69"",""l"":""45.50"",""c"":""46.78"",""v"":466100,""src"":""BACKFILL""}]","[""53.95"",""57.59"",""56.94"",""72.44""]","[""40.51"",""40.72"",""40.22"",""51.14""]","[""40.61"",""40.60"",""40.23"",""50.71""]","[""40.53"",""40.80"",""40.29"",""51.34""]","[""40.53"",""40.73"",""40.25"",""51.14""]","[""40.79"",""40.72"",""40.54"",""45.27""]","[""3.27"",""3.59"",""2.43"",""0.00""]","[""0.0656"",""0.0675"",""0.1479"",""0.1440""]","[""0.17"",""0.18"",""0.47"",""0.86""]","[""-0.50"",""0.18"",""-0.32"",""13.93""]"
2025-09-08 8:08:15,Bear Spreads,"Core & Main, Inc.",CNM,9.1,64.1,2025-09-09 0:00:00,1,2025-08-26 16:28:09,2025-09-19 0:00:00,66.98,0.0927,0.1358,0.0507,0.0694,67.5,0.1,55,3.5,3.4,1.47,9,1,"[""-0.020963"",""-0.216741"",""-0.241926"",""-0.259259"",""-0.263407"",""-0.256444""]",,"[""0.020963"",""0.185185"",""0.185185"",""0.185185"",""0.185185"",""0.185185""]","[""0.000000"",""0.000000"",""0.000000"",""0.000000"",""0.000000"",""0.000000""]",66.57,49.7,48.54,49.45,48.67,49.76,50.93,"[{""o"":""67.06"",""h"":""67.06"",""l"":""66.08"",""c"":""66.59"",""v"":2539600,""src"":""BACKFILL""},{""o"":""51.12"",""h"":""52.87"",""l"":""48.63"",""c"":""49.70"",""v"":21197600,""src"":""BACKFILL""},{""o"":""49.70"",""h"":""51.17"",""l"":""48.51"",""c"":""48.56"",""v"":6131500,""src"":""BACKFILL""},{""o"":""48.27"",""h"":""50.00"",""l"":""47.82"",""c"":""49.45"",""v"":6280500,""src"":""BACKFILL""},{""o"":""49.29"",""h"":""49.72"",""l"":""48.67"",""c"":""48.67"",""v"":3652900,""src"":""BACKFILL""},{""o"":""48.82"",""h"":""50.19"",""l"":""48.65"",""c"":""49.76"",""v"":4369700,""src"":""BACKFILL""}]","[""66.25"",""46.08"",""28.25"",""48.24""]","[""66.34"",""49.82"",""48.82"",""49.46""]","[""66.30"",""49.66"",""48.79"",""49.44""]","[""66.45"",""49.76"",""48.73"",""49.50""]","[""66.37"",""49.77"",""48.79"",""49.47""]","[""66.35"",""51.96"",""51.49"",""51.11""]","[""4.40"",""2.42"",""3.97"",""0.00""]","[""0.0722"",""0.1138"",""0.0698"",""0.0778""]","[""0.34"",""-0.25"",""-0.56"",""-0.02""]","[""0.33"",""-4.34"",""-5.72"",""-3.25""]"
2025-09-11 8:08:54,Bear Spreads,"Cracker Barrel Old Country Store, Inc.",CBRL,3.5,48.5,2025-09-17 0:00:00,3,2025-09-10 18:02:28,2025-09-19 0:00:00,49.17,0.0519,0.0711,0.0305,0.0879,50,0.35,45,1.85,1.5,1.33,2,2,"[""-0.026800"",""0.042600"",""0.059200"",""0.053000"",""-0.015800"",""-0.092200""]",1,"[""0.026800"",""0.000000"",""0.000000"",""0.000000"",""0.015800"",""0.092200""]","[""0.043600"",""0.042600"",""0.059200"",""0.053000"",""0.030000"",""0.000000""]",52.13,51.17,52.39,51.21,49.59,45.8,43.5,"[{""o"":""50.16"",""h"":""52.18"",""l"":""50.11"",""c"":""52.18"",""v"":1321674,""src"":""BACKFILL""},{""o"":""51.95"",""h"":""52.13"",""l"":""50.43"",""c"":""51.17"",""v"":1166565,""src"":""BACKFILL""},{""o"":""51.52"",""h"":""52.96"",""l"":""51.23"",""c"":""52.38"",""v"":1023775,""src"":""BACKFILL""},{""o"":""52.28"",""h"":""52.65"",""l"":""50.49"",""c"":""51.21"",""v"":1145511,""src"":""BACKFILL""},{""o"":""51.03"",""h"":""51.49"",""l"":""49.21"",""c"":""49.55"",""v"":1681429,""src"":""BACKFILL""},{""o"":""48.28"",""h"":""49.98"",""l"":""46.91"",""c"":""48.07"",""v"":1785069,""src"":""BACKFILL""}]","[""75.30"",""58.18"",""29.60"",""59.33"",""37.43"",""41.02""]","[""51.72"",""51.02"",""52.74"",""51.05"",""49.82"",""48.24""]","[""51.67"",""51.11"",""52.75"",""50.87"",""49.76"",""48.68""]","[""51.88"",""51.04"",""52.58"",""51.18"",""49.69"",""48.04""]","[""51.77"",""51.04"",""52.68"",""51.08"",""49.76"",""48.22""]","[""51.43"",""51.21"",""51.55"",""51.47"",""51.14"",""50.54""]","[""4.22"",""4.89"",""3.80"",""3.74"",""3.62"",""0.94""]","[""0.0872"",""0.0826"",""0.0937"",""0.1012"",""0.1415"",""0.1558""]","[""0.90"",""0.29"",""-0.67"",""0.31"",""-0.54"",""-0.35""]","[""1.47"",""-0.07"",""1.61"",""-0.50"",""-3.11"",""-4.88""]"
2025-09-12 8:10:32,Bear Spreads,Fastenal Co.,FAST,2.65,46.4,2025-10-13 0:00:00,1,2025-08-14 12:42:27,2025-10-17 0:00:00,47.33,0.0509,0.0559,0.0232,,47.5,0.45,43.75,1.55,1.1,,,,"[""-0.011790"",""-0.004421"",""-0.016211"",""-0.010737"",""-0.014316"",""-0.018105""]",,"[""0.011790"",""0.004421"",""0.016211"",""0.010737"",""0.014316"",""0.018105""]","[""0.001895"",""0.010316"",""0.009053"",""0.005474"",""0.006105"",""0.005474""]",47.45,47.76,47.25,47.12,47.22,47.58,,"[{""o"":""47.17"",""h"":""47.58"",""l"":""47.10"",""c"":""47.43"",""v"":3308408,""src"":""BACKFILL""},{""o"":""47.48"",""h"":""47.99"",""l"":""47.29"",""c"":""47.78"",""v"":3669984,""src"":""BACKFILL""},{""o"":""47.74"",""h"":""47.93"",""l"":""46.72"",""c"":""47.23"",""v"":4332170,""src"":""BACKFILL""},{""o"":""47.52"",""h"":""47.76"",""l"":""46.99"",""c"":""47.11"",""v"":3797715,""src"":""BACKFILL""},{""o"":""47.22"",""h"":""47.78"",""l"":""46.83"",""c"":""47.20"",""v"":3888551,""src"":""BACKFILL""},{""o"":""47.22"",""h"":""47.22"",""l"":""46.64"",""c"":""46.83"",""v"":2478230,""src"":""BACKFILL""}]","[""48.62"",""59.89"",""58.19"",""44.08"",""43.67"",""44.02""]","[""47.43"",""47.75"",""47.21"",""47.14"",""47.22"",""46.86""]","[""47.41"",""47.72"",""47.14"",""47.20"",""47.27"",""46.86""]","[""47.46"",""47.75"",""47.23"",""47.12"",""47.22"",""46.86""]","[""47.45"",""47.74"",""47.20"",""47.14"",""47.23"",""46.86""]","[""47.37"",""47.53"",""47.39"",""47.37"",""47.38"",""47.34""]","[""3.34"",""4.10"",""4.12"",""5.36"",""3.53"",""0.89""]","[""0.0386"",""0.0323"",""0.0347"",""0.0500"",""0.0370"",""0.0279""]","[""-0.01"",""0.07"",""0.05"",""-0.07"",""-0.05"",""-0.05""]","[""0.13"",""0.52"",""-0.33"",""-0.56"",""-0.39"",""-1.06""]"
2025-09-13 8:08:20,Bear Spreads,"General Mills, Inc.",GIS,1.55,49.05,2025-09-17 0:00:00,1,2025-09-02 9:03:38,2025-09-19 0:00:00,49.92,0.0278,0.031,0.019,0.0571,50,0.3,47.5,1.25,0.95,0.91,6,-2,"[""-0.020200"",""-0.023200"",""-0.031600"",""-0.023000"",""-0.002400"",""-0.006600""]",,"[""0.020200"",""0.023200"",""0.031600"",""0.023000"",""0.002400"",""0.006600""]","[""0.003200"",""0.000000"",""0.000000"",""0.007000"",""0.015400"",""0.010400""]",49.01,49.56,49.18,49.85,50.35,50.07,50.35,"[{""o"":""50.00"",""h"":""50.16"",""l"":""48.99"",""c"":""49.00"",""v"":4341541,""src"":""BACKFILL""},{""o"":""49.10"",""h"":""49.76"",""l"":""48.83"",""c"":""49.61"",""v"":7179059,""src"":""BACKFILL""},{""o"":""48.71"",""h"":""49.62"",""l"":""48.42"",""c"":""49.17"",""v"":13984672,""src"":""BACKFILL""},{""o"":""48.95"",""h"":""50.35"",""l"":""48.85"",""c"":""49.85"",""v"":6010414,""src"":""BACKFILL""},{""o"":""50.29"",""h"":""50.77"",""l"":""49.88"",""c"":""50.36"",""v"":7957225,""src"":""BACKFILL""},{""o"":""50.47"",""h"":""50.52"",""l"":""49.67"",""c"":""50.07"",""v"":8413800,""src"":""BACKFILL""}]","[""29.69"",""50.19"",""59.18"",""33.99"",""18.29""]","[""49.15"",""49.62"",""49.13"",""50.03"",""50.60""]","[""49.23"",""49.55"",""49.02"",""50.01"",""50.65""]","[""49.07"",""49.65"",""49.16"",""49.95"",""50.49""]","[""49.13"",""49.62"",""49.12"",""49.99"",""50.57""]","[""49.50"",""49.37"",""49.24"",""49.37"",""49.59""]","[""4.59"",""2.90"",""3.11"",""2.83"",""5.50""]","[""0.0433"",""0.0574"",""0.0592"",""0.0519"",""0.0425""]","[""-0.30"",""-0.02"",""0.10"",""-0.36"",""-0.48""]","[""-1.02"",""0.48"",""-0.13"",""0.96"",""1.54""]"
2025-09-14 8:08:25,Bear Spreads,"General Mills, Inc.",GIS,1.55,49.05,2025-09-17 0:00:00,1,2025-09-02 9:03:38,2025-09-19 0:00:00,49.92,0.0278,0.031,0.019,0.0571,50,0.3,47.5,1.25,0.95,0.91,6,-2,"[""-0.020200"",""-0.023200"",""-0.031600"",""-0.023000"",""-0.002400"",""-0.006600""]",,"[""0.020200"",""0.023200"",""0.031600"",""0.023000"",""0.002400"",""0.006600""]","[""0.003200"",""0.000000"",""0.000000"",""0.007000"",""0.015400"",""0.010400""]",49.01,49.56,49.18,49.85,50.35,50.07,50.35,"[{""o"":""50.00"",""h"":""50.16"",""l"":""48.99"",""c"":""49.00"",""v"":4341541,""src"":""BACKFILL""},{""o"":""49.10"",""h"":""49.76"",""l"":""48.83"",""c"":""49.61"",""v"":7179059,""src"":""BACKFILL""},{""o"":""48.71"",""h"":""49.62"",""l"":""48.42"",""c"":""49.17"",""v"":13984672,""src"":""BACKFILL""},{""o"":""48.95"",""h"":""50.35"",""l"":""48.85"",""c"":""49.85"",""v"":6010414,""src"":""BACKFILL""},{""o"":""50.29"",""h"":""50.77"",""l"":""49.88"",""c"":""50.36"",""v"":7957225,""src"":""BACKFILL""},{""o"":""50.47"",""h"":""50.52"",""l"":""49.67"",""c"":""50.07"",""v"":8413800,""src"":""BACKFILL""}]","[""29.69"",""50.19"",""59.18"",""33.99"",""18.29""]","[""49.15"",""49.62"",""49.13"",""50.03"",""50.60""]","[""49.23"",""49.55"",""49.02"",""50.01"",""50.65""]","[""49.07"",""49.65"",""49.16"",""49.95"",""50.49""]","[""49.13"",""49.62"",""49.12"",""49.99"",""50.57""]","[""49.50"",""49.37"",""49.24"",""49.37"",""49.59""]","[""4.59"",""2.90"",""3.11"",""2.83"",""5.50""]","[""0.0433"",""0.0574"",""0.0592"",""0.0519"",""0.0425""]","[""-0.30"",""-0.02"",""0.10"",""-0.36"",""-0.48""]","[""-1.02"",""0.48"",""-0.13"",""0.96"",""1.54""]"
2025-09-15 8:18:43,Bear Spreads,"General Mills, Inc.",GIS,1.55,49.05,2025-09-17 0:00:00,1,2025-09-02 9:03:38,2025-09-19 0:00:00,49.92,0.0278,0.031,0.019,0.0571,50,0.3,47.5,1.25,0.95,0.91,6,-2,"[""-0.020200"",""-0.023200"",""-0.031600"",""-0.023000"",""-0.002400"",""-0.006600""]",,"[""0.020200"",""0.023200"",""0.031600"",""0.023000"",""0.002400"",""0.006600""]","[""0.003200"",""0.000000"",""0.000000"",""0.007000"",""0.015400"",""0.010400""]",49.01,49.56,49.18,49.85,50.35,50.07,50.35,"[{""o"":""49.79"",""h"":""49.80"",""l"":""48.99"",""c"":""49.00"",""v"":3092637,""src"":""BACKFILL""},{""o"":""49.10"",""h"":""49.76"",""l"":""48.83"",""c"":""49.61"",""v"":7179059,""src"":""BACKFILL""},{""o"":""48.71"",""h"":""49.62"",""l"":""48.42"",""c"":""49.17"",""v"":13984672,""src"":""BACKFILL""},{""o"":""48.95"",""h"":""50.35"",""l"":""48.85"",""c"":""49.85"",""v"":6010414,""src"":""BACKFILL""},{""o"":""50.29"",""h"":""50.77"",""l"":""49.88"",""c"":""50.36"",""v"":7957225,""src"":""BACKFILL""},{""o"":""50.47"",""h"":""50.52"",""l"":""49.96"",""c"":""50.27"",""v"":2435379,""src"":""BACKFILL""}]","[""29.69"",""50.19"",""59.18"",""33.99"",""18.29"",""61.14""]","[""49.15"",""49.62"",""49.13"",""50.03"",""50.60"",""50.22""]","[""49.23"",""49.55"",""49.02"",""50.01"",""50.65"",""50.21""]","[""49.07"",""49.65"",""49.16"",""49.95"",""50.49"",""50.25""]","[""49.13"",""49.62"",""49.12"",""49.99"",""50.57"",""50.23""]","[""49.35"",""49.31"",""49.21"",""49.35"",""49.59"",""49.62""]","[""4.59"",""2.90"",""3.11"",""2.83"",""5.50"",""1.30""]","[""0.0433"",""0.0574"",""0.0592"",""0.0519"",""0.0425"",""0.0337""]","[""-0.30"",""-0.02"",""0.10"",""-0.36"",""-0.48"",""0.10""]","[""-0.72"",""0.61"",""-0.07"",""1.00"",""1.56"",""1.31""]"
2025-09-16 8:18:55,Bear Spreads,"Cracker Barrel Old Country Store, Inc.",CBRL,3.2,50.7,2025-09-17 0:00:00,3,2025-09-10 18:02:28,2025-09-19 0:00:00,52.39,0.0519,0.061,0.0343,0.0916,52.5,0.5,47.5,2.3,1.8,1.08,5,1,"[""-0.038286"",""-0.062667"",""-0.048000"",""-0.123810"",""-0.165143"",""-0.151619""]",,"[""0.038286"",""0.062667"",""0.095238"",""0.095238"",""0.095238"",""0.095238""]","[""0.002857"",""0.000000"",""0.000000"",""0.000000"",""0.000000"",""0.000000""]",51.21,49.59,45.8,43.5,43.65,44.03,43.5,"[{""o"":""51.39"",""h"":""51.75"",""l"":""50.49"",""c"":""51.21"",""v"":915521,""src"":""BACKFILL""},{""o"":""51.03"",""h"":""51.49"",""l"":""49.21"",""c"":""49.55"",""v"":1681429,""src"":""BACKFILL""},{""o"":""48.28"",""h"":""49.98"",""l"":""45.39"",""c"":""45.79"",""v"":4673012,""src"":""BACKFILL""},{""o"":""45.89"",""h"":""46.00"",""l"":""43.38"",""c"":""43.46"",""v"":2536955,""src"":""BACKFILL""},{""o"":""43.50"",""h"":""43.83"",""l"":""42.80"",""c"":""43.66"",""v"":1679550,""src"":""BACKFILL""},{""o"":""43.80"",""h"":""44.41"",""l"":""43.58"",""c"":""44.02"",""v"":186615,""src"":""BACKFILL""}]","[""59.33"",""37.43"",""55.19"",""25.26"",""46.71"",""42.85""]","[""51.05"",""49.82"",""45.69"",""43.63"",""43.71"",""44.10""]","[""50.87"",""49.76"",""45.64"",""43.89"",""43.67"",""44.12""]","[""51.18"",""49.69"",""45.79"",""43.54"",""43.68"",""44.04""]","[""51.08"",""49.76"",""45.72"",""43.64"",""43.69"",""44.08""]","[""51.10"",""50.54"",""48.36"",""47.33"",""46.76"",""46.72""]","[""3.74"",""3.62"",""3.20"",""5.40"",""3.61"",""0.58""]","[""0.1012"",""0.1415"",""0.1253"",""0.0762"",""0.0680"",""0.0484""]","[""0.31"",""-0.54"",""0.22"",""-0.40"",""-0.10"",""-0.18""]","[""0.22"",""-1.97"",""-5.31"",""-8.18"",""-6.64"",""-5.78""]"
2025-09-17 8:18:58,Bear Spreads,"McCormick & Company, Incorporated",MKC,6.25,66.25,2025-10-07 0:00:00,1,2025-09-09 16:45:37,2025-10-17 0:00:00,67.11,0.041,0.0931,0.0558,,70,0.45,60,4.2,3.75,1.04,4,0,"[""-0.048714"",""-0.057714"",""-0.064714"",""-0.078143"",""-0.090571"",""-0.081714""]",,"[""0.048714"",""0.057714"",""0.064714"",""0.078143"",""0.090571"",""0.081714""]","[""0.000000"",""0.000000"",""0.000000"",""0.000000"",""0.000000"",""0.000000""]",66.81,66.25,65.48,64.64,64.29,65.19,,"[{""o"":""67.27"",""h"":""67.59"",""l"":""66.59"",""c"":""66.84"",""v"":924030,""src"":""BACKFILL""},{""o"":""66.49"",""h"":""66.84"",""l"":""65.96"",""c"":""66.26"",""v"":1418134,""src"":""BACKFILL""},{""o"":""66.46"",""h"":""66.81"",""l"":""65.47"",""c"":""65.48"",""v"":1913529,""src"":""BACKFILL""},{""o"":""65.10"",""h"":""65.21"",""l"":""64.53"",""c"":""64.64"",""v"":2135820,""src"":""BACKFILL""},{""o"":""64.80"",""h"":""65.03"",""l"":""63.66"",""c"":""64.29"",""v"":2728001,""src"":""BACKFILL""},{""o"":""64.36"",""h"":""64.84"",""l"":""64.28"",""c"":""64.71"",""v"":683873,""src"":""BACKFILL""}]","[""54.39"",""42.42"",""18.01"",""27.09"",""78.98"",""48.40""]","[""66.79"",""66.35"",""65.93"",""64.83"",""64.00"",""64.73""]","[""66.76"",""66.37"",""66.07"",""64.85"",""63.86"",""64.70""]","[""66.82"",""66.33"",""65.69"",""64.78"",""64.18"",""64.72""]","[""66.79"",""66.35"",""65.87"",""64.81"",""64.04"",""64.72""]","[""67.08"",""66.65"",""66.36"",""65.83"",""65.36"",""65.31""]","[""3.08"",""4.09"",""6.31"",""5.07"",""3.47"",""0.48""]","[""0.0769"",""0.0628"",""0.0758"",""0.0488"",""0.0745"",""0.0366""]","[""0.08"",""-0.14"",""-0.69"",""-0.29"",""0.47"",""-0.04""]","[""-0.35"",""-0.59"",""-1.32"",""-1.81"",""-1.63"",""-0.92""]"
2025-09-18 8:18:59,Bear Spreads,"McCormick & Company, Incorporated",MKC,6,66,2025-10-07 0:00:00,1,2025-09-09 16:45:37,2025-10-17 0:00:00,66.81,0.041,0.0898,0.0598,,70,0.4,60,4.4,4,1.04,4,0,"[""-0.057714"",""-0.064714"",""-0.078143"",""-0.090571"",""-0.081714"",""-0.078000""]",,"[""0.057714"",""0.064714"",""0.078143"",""0.090571"",""0.081714"",""0.078000""]","[""0.000000"",""0.000000"",""0.000000"",""0.000000"",""0.000000"",""0.000000""]",66.25,65.48,64.64,64.29,65.19,64.63,,"[{""o"":""66.31"",""h"":""66.69"",""l"":""66.24"",""c"":""66.26"",""v"":828087,""src"":""BACKFILL""},{""o"":""66.46"",""h"":""66.81"",""l"":""65.47"",""c"":""65.48"",""v"":1913529,""src"":""BACKFILL""},{""o"":""65.10"",""h"":""65.21"",""l"":""64.53"",""c"":""64.64"",""v"":2135820,""src"":""BACKFILL""},{""o"":""64.80"",""h"":""65.03"",""l"":""63.66"",""c"":""64.29"",""v"":2728001,""src"":""BACKFILL""},{""o"":""64.36"",""h"":""65.51"",""l"":""64.28"",""c"":""65.19"",""v"":2946707,""src"":""BACKFILL""},{""o"":""65.59"",""h"":""66.00"",""l"":""65.11"",""c"":""65.44"",""v"":1023442,""src"":""BACKFILL""}]","[""42.42"",""18.01"",""27.09"",""78.98"",""42.24"",""51.99""]","[""66.35"",""65.93"",""64.83"",""64.00"",""65.33"",""65.43""]","[""66.37"",""66.07"",""64.85"",""63.86"",""65.17"",""65.39""]","[""66.33"",""65.69"",""64.78"",""64.18"",""65.32"",""65.46""]","[""66.35"",""65.87"",""64.81"",""64.04"",""65.31"",""65.44""]","[""66.44"",""66.13"",""65.54"",""65.08"",""65.07"",""65.11""]","[""4.09"",""6.31"",""5.07"",""3.47"",""1.96"",""0.84""]","[""0.0628"",""0.0758"",""0.0488"",""0.0745"",""0.0797"",""0.0550""]","[""-0.14"",""-0.69"",""-0.29"",""0.47"",""-0.22"",""0.02""]","[""-0.27"",""-0.98"",""-1.38"",""-1.21"",""0.19"",""0.52""]"
2025-09-18 8:18:59,Bear Spreads,"Prologis, Inc.",PLD,6.75,111.75,2025-10-15 0:00:00,1,2025-09-17 16:49:20,2025-10-17 0:00:00,113.89,0.0393,0.0592,0.0285,,115,0.75,105,4,3.25,4.96,7,7,"[""-0.009739"",""-0.015217"",""-0.026087"",""-0.016522"",""-0.021043"",""-0.020870""]",,"[""0.009739"",""0.015217"",""0.026087"",""0.016522"",""0.021043"",""0.020870""]","[""0.006957"",""0.002696"",""0.000000"",""0.000000"",""0.000000"",""0.000000""]",115.16,113.51,113.92,114.44,112.83,113.19,,"[{""o"":""114.99"",""h"":""115.79"",""l"":""114.64"",""c"":""115.15"",""v"":1501810,""src"":""BACKFILL""},{""o"":""115.18"",""h"":""115.31"",""l"":""113.25"",""c"":""113.49"",""v"":3309082,""src"":""BACKFILL""},{""o"":""113.16"",""h"":""114.46"",""l"":""112.00"",""c"":""113.92"",""v"":1605018,""src"":""BACKFILL""},{""o"":""113.98"",""h"":""114.65"",""l"":""113.10"",""c"":""114.44"",""v"":1720467,""src"":""BACKFILL""},{""o"":""113.80"",""h"":""114.34"",""l"":""112.58"",""c"":""112.83"",""v"":1693811,""src"":""BACKFILL""},{""o"":""112.92"",""h"":""113.55"",""l"":""112.60"",""c"":""113.14"",""v"":489084,""src"":""BACKFILL""}]","[""48.18"",""34.71"",""31.37"",""62.22"",""33.55"",""58.12""]","[""115.14"",""113.79"",""114.24"",""114.35"",""113.08"",""113.07""]","[""115.25"",""113.83"",""114.23"",""114.14"",""113.10"",""112.99""]","[""115.18"",""113.61"",""114.17"",""114.45"",""113.00"",""113.12""]","[""115.17"",""113.73"",""114.22"",""114.36"",""113.07"",""113.07""]","[""115.34"",""114.67"",""114.45"",""114.33"",""114.14"",""114.09""]","[""4.45"",""4.98"",""6.27"",""4.62"",""4.97"",""0.16""]","[""0.1032"",""0.1179"",""0.0937"",""0.0957"",""0.0984"",""0.0660""]","[""0.01"",""-0.27"",""-0.28"",""0.08"",""-0.23"",""0.06""]","[""-0.17"",""-1.03"",""-0.46"",""0.09"",""-1.15"",""-0.83""]"
2025-09-18 8:18:59,Bear Spreads,Synchrony Financial,SYF,3,73,2025-10-15 0:00:00,1,2025-09-17 8:04:53,2025-10-17 0:00:00,74.82,0.0354,0.04,0.0267,,75,1.2,70,3.2,2,3.99,7,7,"[""0.024133"",""0.029200"",""0.014133"",""-0.006533"",""-0.015067"",""-0.026933""]",0,"[""0.000000"",""0.000000"",""0.000000"",""0.006533"",""0.015067"",""0.026933""]","[""0.024133"",""0.029200"",""0.014133"",""0.022667"",""0.006733"",""0.000000""]",76.53,76.59,75.58,74.75,74.62,74.29,,"[{""o"":""75.91"",""h"":""76.70"",""l"":""75.78"",""c"":""76.54"",""v"":1397055,""src"":""BACKFILL""},{""o"":""76.73"",""h"":""77.19"",""l"":""76.21"",""c"":""76.61"",""v"":2691055,""src"":""BACKFILL""},{""o"":""75.62"",""h"":""76.06"",""l"":""75.10"",""c"":""75.58"",""v"":2554021,""src"":""BACKFILL""},{""o"":""75.75"",""h"":""76.70"",""l"":""74.51"",""c"":""74.75"",""v"":1788482,""src"":""BACKFILL""},{""o"":""75.25"",""h"":""75.50"",""l"":""73.87"",""c"":""74.62"",""v"":1952145,""src"":""BACKFILL""},{""o"":""73.54"",""h"":""74.24"",""l"":""72.98"",""c"":""74.01"",""v"":538025,""src"":""BACKFILL""}]","[""50.19"",""36.10"",""43.90"",""42.28"",""68.42"",""43.63""]","[""76.55"",""76.83"",""75.64"",""74.89"",""74.38"",""74.10""]","[""76.51"",""76.82"",""75.60"",""74.85"",""74.28"",""74.08""]","[""76.55"",""76.74"",""75.67"",""74.86"",""74.55"",""74.06""]","[""76.54"",""76.80"",""75.65"",""74.87"",""74.43"",""74.08""]","[""76.41"",""76.58"",""76.22"",""76.03"",""75.74"",""75.63""]","[""3.25"",""3.86"",""2.34"",""3.64"",""4.39"",""0.42""]","[""0.0630"",""0.1013"",""0.0721"",""0.0869"",""0.0830"",""0.0640""]","[""-0.02"",""-0.29"",""-0.08"",""-0.19"",""0.32"",""-0.12""]","[""0.17"",""0.03"",""-0.84"",""-1.69"",""-1.47"",""-2.15""]"
2025-09-19 8:19:05,Bear Spreads,Infosys Technologies Ltd.,INFY,1.15,17.15,2025-10-16 0:00:00,1,2025-09-01 9:52:20,2025-10-17 0:00:00,17.57,0.0358,0.0654,0.0483,,18,0.15,16,1,0.85,0.83,3,1,"[""-0.097778"",""-0.067222"",""-0.061944"",""-0.065556"",""-0.083889"",""-0.091111""]",,"[""0.097778"",""0.067222"",""0.061944"",""0.065556"",""0.083889"",""0.091111""]","[""0.000000"",""0.000000"",""0.000000"",""0.000000"",""0.000000"",""0.000000""]",16.97,17.16,16.9,17.03,16.55,16.52,,"[{""o"":""17.40"",""h"":""17.51"",""l"":""16.24"",""c"":""17.00"",""v"":36598039,""src"":""BACKFILL""},{""o"":""16.87"",""h"":""17.17"",""l"":""16.79"",""c"":""17.16"",""v"":14369340,""src"":""BACKFILL""},{""o"":""17.05"",""h"":""17.14"",""l"":""16.89"",""c"":""16.90"",""v"":10389410,""src"":""BACKFILL""},{""o"":""16.90"",""h"":""17.03"",""l"":""16.82"",""c"":""17.03"",""v"":15989240,""src"":""BACKFILL""},{""o"":""16.75"",""h"":""16.86"",""l"":""16.49"",""c"":""16.55"",""v"":16731887,""src"":""BACKFILL""},{""o"":""16.47"",""h"":""16.47"",""l"":""16.36"",""c"":""16.43"",""v"":5518972,""src"":""BACKFILL""}]","[""67.80"",""55.21"",""37.76"",""71.74"",""57.13"",""66.97""]","[""16.91"",""17.15"",""16.91"",""17.01"",""16.54"",""16.42""]","[""16.88"",""17.15"",""16.92"",""17.00"",""16.54"",""16.40""]","[""16.96"",""17.16"",""16.91"",""17.02"",""16.53"",""16.42""]","[""16.93"",""17.15"",""16.92"",""17.01"",""16.54"",""16.42""]","[""17.00"",""17.03"",""17.02"",""17.00"",""16.93"",""16.90""]","[""4.07"",""4.42"",""6.83"",""4.24"",""4.10"",""0.06""]","[""0.0318"",""0.0105"",""0.0142"",""0.0102"",""0.0149"",""0.0105""]","[""0.54"",""0.08"",""-0.11"",""0.14"",""0.07"",""0.08""]","[""0.02"",""0.78"",""-0.72"",""0.18"",""-2.24"",""-2.78""]"
2025-09-19 8:19:05,Bear Spreads,Citizens Financial Group Inc,CFG,3,53,2025-10-15 0:00:00,1,2025-09-01 9:51:15,2025-10-17 0:00:00,53.64,0.0249,0.0559,0.0372,,55,0.5,50,2.5,2,4.76,7,7,"[""-0.032909"",""-0.049455"",""-0.043818"",""-0.046182"",""-0.044636"",""-0.039636""]",,"[""0.032909"",""0.049455"",""0.043818"",""0.046182"",""0.044636"",""0.039636""]","[""0.000000"",""0.000000"",""0.000000"",""0.000000"",""0.000000"",""0.000000""]",53.55,52.56,53.11,53.15,52.9,53.38,,"[{""o"":""53.58"",""h"":""53.78"",""l"":""53.19"",""c"":""53.55"",""v"":9097700,""src"":""BACKFILL""},{""o"":""53.00"",""h"":""53.57"",""l"":""52.28"",""c"":""52.56"",""v"":2758322,""src"":""BACKFILL""},{""o"":""52.72"",""h"":""53.89"",""l"":""52.59"",""c"":""53.11"",""v"":3639714,""src"":""BACKFILL""},{""o"":""53.12"",""h"":""53.59"",""l"":""52.46"",""c"":""53.15"",""v"":3415584,""src"":""BACKFILL""},{""o"":""52.83"",""h"":""53.15"",""l"":""52.54"",""c"":""52.90"",""v"":3937169,""src"":""BACKFILL""},{""o"":""53.26"",""h"":""53.67"",""l"":""52.82"",""c"":""53.38"",""v"":2931073,""src"":""BACKFILL""}]","[null,""52.40"",""65.84"",""55.26"",""65.64"",""54.79""]","[null,""52.58"",""52.98"",""53.12"",""52.83"",""53.35""]","[null,""52.48"",""52.90"",""53.06"",""52.80"",""53.33""]","[null,""52.59"",""53.03"",""53.16"",""52.87"",""53.37""]","[null,""52.57"",""52.99"",""53.13"",""52.84"",""53.35""]","[""53.50"",""53.35"",""53.31"",""53.28"",""53.20"",""53.21""]","[""1.00"",""2.71"",""4.86"",""2.63"",""3.36"",""0.00""]","[null,""0.0338"",""0.0518"",""0.0466"",""0.0345"",""0.0390""]","[null,""-0.02"",""0.24"",""0.06"",""0.14"",""0.05""]","[""0.08"",""-1.46"",""-0.38"",""-0.23"",""-0.57"",""0.32""]"
2025-09-20 8:18:40,Bear Spreads,"Steelcase, Inc.",SCS,1.35,16.35,2025-09-24 0:00:00,3,2025-09-12 16:45:08,2025-10-17 0:00:00,16.88,0.0416,0.0799,0.0681,0.0755,17.5,0.05,15,1.2,1.15,1.39,7,-1,"[""-0.038857"",""-0.037714"",""-0.055429"",""-0.052000"",""-0.042857"",""-0.028857""]",,"[""0.038857"",""0.037714"",""0.055429"",""0.052000"",""0.042857"",""0.028857""]","[""0.000000"",""0.000000"",""0.000000"",""0.000000"",""0.000000"",""0.000000""]",16.91,16.9,16.68,16.71,17.09,17.19,,"[{""o"":""16.88"",""h"":""16.99"",""l"":""16.82"",""c"":""16.90"",""v"":1864600,""src"":""BACKFILL""},{""o"":""16.88"",""h"":""17.13"",""l"":""16.84"",""c"":""16.90"",""v"":1939625,""src"":""BACKFILL""},{""o"":""16.88"",""h"":""16.90"",""l"":""16.53"",""c"":""16.68"",""v"":1962343,""src"":""BACKFILL""},{""o"":""16.84"",""h"":""16.86"",""l"":""16.59"",""c"":""16.71"",""v"":2148556,""src"":""BACKFILL""},{""o"":""16.75"",""h"":""17.12"",""l"":""16.75"",""c"":""17.08"",""v"":2616015,""src"":""BACKFILL""},{""o"":""17.13"",""h"":""17.21"",""l"":""17.00"",""c"":""17.19"",""v"":3111495,""src"":""BACKFILL""}]","[""55.72"",""48.12"",""41.60"",""43.91"",""49.19"",""60.29""]","[""16.90"",""16.90"",""16.70"",""16.73"",""17.09"",""17.17""]","[""16.89"",""16.89"",""16.69"",""16.71"",""17.09"",""17.16""]","[""16.90"",""16.90"",""16.69"",""16.73"",""17.08"",""17.18""]","[""16.90"",""16.90"",""16.70"",""16.73"",""17.09"",""17.17""]","[""16.90"",""16.91"",""16.83"",""16.80"",""16.84"",""16.91""]","[""1.00"",""2.53"",""3.83"",""3.78"",""6.11"",""0.00""]","[""0.0097"",""0.0130"",""0.0147"",""0.0172"",""0.0118"",""0.0129""]","[""0.03"",""-0.04"",""-0.13"",""-0.10"",""-0.03"",""0.13""]","[""-0.02"",""-0.09"",""-0.92"",""-0.54"",""1.43"",""1.65""]"
2025-09-20 8:18:40,Bear Spreads,"Prologis, Inc.",PLD,6.75,111.75,2025-10-15 0:00:00,1,2025-09-17 16:49:20,2025-10-17 0:00:00,113.51,0.0393,0.0594,0.0286,,115,0.85,105,4.1,3.25,4.96,7,7,"[""-0.026087"",""-0.016522"",""-0.021043"",""-0.020870"",""-0.018696"",""-0.012043""]",,"[""0.026087"",""0.016522"",""0.021043"",""0.020870"",""0.018696"",""0.012043""]","[""0.000000"",""0.000000"",""0.000000"",""0.000000"",""0.000000"",""0.000000""]",113.92,114.44,112.83,113.19,114.19,114.24,,"[{""o"":""113.16"",""h"":""114.46"",""l"":""112.00"",""c"":""113.93"",""v"":2798700,""src"":""BACKFILL""},{""o"":""113.98"",""h"":""114.65"",""l"":""113.10"",""c"":""114.44"",""v"":1720467,""src"":""BACKFILL""},{""o"":""113.80"",""h"":""114.34"",""l"":""112.58"",""c"":""112.83"",""v"":1693811,""src"":""BACKFILL""},{""o"":""112.92"",""h"":""113.76"",""l"":""112.60"",""c"":""113.19"",""v"":1894972,""src"":""BACKFILL""},{""o"":""113.46"",""h"":""114.60"",""l"":""112.85"",""c"":""114.19"",""v"":1893721,""src"":""BACKFILL""},{""o"":""114.60"",""h"":""114.86"",""l"":""113.61"",""c"":""114.24"",""v"":1548276,""src"":""BACKFILL""}]","[""31.37"",""62.22"",""33.55"",""37.53"",""47.02"",""58.87""]","[""114.24"",""114.35"",""113.08"",""113.38"",""114.25"",""114.19""]","[""114.23"",""114.14"",""113.10"",""113.48"",""114.21"",""114.05""]","[""114.17"",""114.45"",""113.00"",""113.27"",""114.22"",""114.17""]","[""114.22"",""114.36"",""113.07"",""113.36"",""114.23"",""114.15""]","[""113.46"",""113.63"",""113.52"",""113.46"",""113.55"",""113.63""]","[""1.00"",""4.62"",""4.97"",""4.74"",""4.26"",""0.00""]","[""0.0937"",""0.0957"",""0.0984"",""0.1094"",""0.0966"",""0.0791""]","[""-0.28"",""0.08"",""-0.23"",""-0.17"",""-0.06"",""0.05""]","[""0.41"",""0.71"",""-0.61"",""-0.24"",""0.56"",""0.54""]"
2025-09-20 8:18:40,Bear Spreads,Citizens Financial Group Inc,CFG,3,53,2025-10-15 0:00:00,1,2025-09-01 9:51:15,2025-10-17 0:00:00,53.55,0.0249,0.056,0.0373,,55,0.45,50,2.45,2,4.76,7,7,"[""-0.049455"",""-0.043818"",""-0.046182"",""-0.044636"",""-0.039636"",""-0.037636""]",,"[""0.049455"",""0.043818"",""0.046182"",""0.044636"",""0.039636"",""0.037636""]","[""0.000000"",""0.000000"",""0.000000"",""0.000000"",""0.000000"",""0.000000""]",52.56,53.11,53.15,52.9,53.38,53.65,,"[{""o"":""53.00"",""h"":""53.57"",""l"":""52.28"",""c"":""52.55"",""v"":3353700,""src"":""BACKFILL""},{""o"":""52.72"",""h"":""53.89"",""l"":""52.59"",""c"":""53.11"",""v"":3639714,""src"":""BACKFILL""},{""o"":""53.12"",""h"":""53.59"",""l"":""52.46"",""c"":""53.15"",""v"":3415584,""src"":""BACKFILL""},{""o"":""52.83"",""h"":""53.15"",""l"":""52.54"",""c"":""52.90"",""v"":3937169,""src"":""BACKFILL""},{""o"":""53.26"",""h"":""53.67"",""l"":""52.82"",""c"":""53.39"",""v"":2931073,""src"":""BACKFILL""},{""o"":""54.50"",""h"":""54.50"",""l"":""52.93"",""c"":""53.65"",""v"":3484855,""src"":""BACKFILL""}]","[""52.40"",""65.84"",""55.26"",""65.64"",""56.33"",""50.56""]","[""52.58"",""52.98"",""53.12"",""52.83"",""53.35"",""53.68""]","[""52.48"",""52.90"",""53.06"",""52.80"",""53.32"",""53.59""]","[""52.59"",""53.03"",""53.16"",""52.87"",""53.36"",""53.65""]","[""52.57"",""52.99"",""53.13"",""52.84"",""53.35"",""53.65""]","[""52.80"",""53.01"",""53.04"",""52.99"",""53.04"",""53.11""]","[""1.00"",""4.86"",""2.63"",""3.36"",""3.28"",""0.00""]","[""0.0338"",""0.0518"",""0.0466"",""0.0345"",""0.0413"",""0.0448""]","[""-0.02"",""0.24"",""0.06"",""0.14"",""0.07"",""-0.05""]","[""-0.47"",""0.19"",""0.21"",""-0.17"",""0.67"",""1.02""]"
2025-09-21 8:18:52,Bear Spreads,"Steelcase, Inc.",SCS,1.35,16.35,2025-09-24 0:00:00,3,2025-09-12 16:45:08,2025-10-17 0:00:00,16.88,0.0416,0.0799,0.0681,0.0755,17.5,0.05,15,1.2,1.15,1.39,7,-1,"[""-0.038857"",""-0.037714"",""-0.055429"",""-0.052000"",""-0.042857"",""-0.028857""]",,"[""0.038857"",""0.037714"",""0.055429"",""0.052000"",""0.042857"",""0.028857""]","[""0.000000"",""0.000000"",""0.000000"",""0.000000"",""0.000000"",""0.000000""]",16.91,16.9,16.68,16.71,17.09,17.19,,"[{""o"":""16.88"",""h"":""16.99"",""l"":""16.82"",""c"":""16.90"",""v"":1864600,""src"":""BACKFILL""},{""o"":""16.88"",""h"":""17.13"",""l"":""16.84"",""c"":""16.90"",""v"":1939625,""src"":""BACKFILL""},{""o"":""16.88"",""h"":""16.90"",""l"":""16.53"",""c"":""16.68"",""v"":1962343,""src"":""BACKFILL""},{""o"":""16.84"",""h"":""16.86"",""l"":""16.59"",""c"":""16.71"",""v"":2148556,""src"":""BACKFILL""},{""o"":""16.75"",""h"":""17.12"",""l"":""16.75"",""c"":""17.08"",""v"":2616015,""src"":""BACKFILL""},{""o"":""17.13"",""h"":""17.21"",""l"":""17.00"",""c"":""17.19"",""v"":3111495,""src"":""BACKFILL""}]","[""55.72"",""48.12"",""41.60"",""43.91"",""49.19"",""60.29""]","[""16.90"",""16.90"",""16.70"",""16.73"",""17.09"",""17.17""]","[""16.89"",""16.89"",""16.69"",""16.71"",""17.09"",""17.16""]","[""16.90"",""16.90"",""16.69"",""16.73"",""17.08"",""17.18""]","[""16.90"",""16.90"",""16.70"",""16.73"",""17.09"",""17.17""]","[""16.90"",""16.91"",""16.83"",""16.80"",""16.84"",""16.91""]","[""1.00"",""2.53"",""3.83"",""3.78"",""6.11"",""0.00""]","[""0.0097"",""0.0130"",""0.0147"",""0.0172"",""0.0118"",""0.0129""]","[""0.03"",""-0.04"",""-0.13"",""-0.10"",""-0.03"",""0.13""]","[""-0.02"",""-0.09"",""-0.92"",""-0.54"",""1.43"",""1.65""]"
2025-09-21 8:18:52,Bear Spreads,"Prologis, Inc.",PLD,6.75,111.75,2025-10-15 0:00:00,1,2025-09-17 16:49:20,2025-10-17 0:00:00,113.51,0.0393,0.0594,0.0286,,115,0.85,105,4.1,3.25,4.96,7,7,"[""-0.026087"",""-0.016522"",""-0.021043"",""-0.020870"",""-0.018696"",""-0.012043""]",,"[""0.026087"",""0.016522"",""0.021043"",""0.020870"",""0.018696"",""0.012043""]","[""0.000000"",""0.000000"",""0.000000"",""0.000000"",""0.000000"",""0.000000""]",113.92,114.44,112.83,113.19,114.19,114.24,,"[{""o"":""113.16"",""h"":""114.46"",""l"":""112.00"",""c"":""113.93"",""v"":2798700,""src"":""BACKFILL""},{""o"":""113.98"",""h"":""114.65"",""l"":""113.10"",""c"":""114.44"",""v"":1720467,""src"":""BACKFILL""},{""o"":""113.80"",""h"":""114.34"",""l"":""112.58"",""c"":""112.83"",""v"":1693811,""src"":""BACKFILL""},{""o"":""112.92"",""h"":""113.76"",""l"":""112.60"",""c"":""113.19"",""v"":1894972,""src"":""BACKFILL""},{""o"":""113.46"",""h"":""114.60"",""l"":""112.85"",""c"":""114.19"",""v"":1893721,""src"":""BACKFILL""},{""o"":""114.60"",""h"":""114.86"",""l"":""113.61"",""c"":""114.24"",""v"":1548276,""src"":""BACKFILL""}]","[""31.37"",""62.22"",""33.55"",""37.53"",""47.02"",""58.87""]","[""114.24"",""114.35"",""113.08"",""113.38"",""114.25"",""114.19""]","[""114.23"",""114.14"",""113.10"",""113.48"",""114.21"",""114.05""]","[""114.17"",""114.45"",""113.00"",""113.27"",""114.22"",""114.17""]","[""114.22"",""114.36"",""113.07"",""113.36"",""114.23"",""114.15""]","[""113.46"",""113.63"",""113.52"",""113.46"",""113.55"",""113.63""]","[""1.00"",""4.62"",""4.97"",""4.74"",""4.26"",""0.00""]","[""0.0937"",""0.0957"",""0.0984"",""0.1094"",""0.0966"",""0.0791""]","[""-0.28"",""0.08"",""-0.23"",""-0.17"",""-0.06"",""0.05""]","[""0.41"",""0.71"",""-0.61"",""-0.24"",""0.56"",""0.54""]"
2025-09-21 8:18:52,Bear Spreads,Citizens Financial Group Inc,CFG,3,53,2025-10-15 0:00:00,1,2025-09-01 9:51:15,2025-10-17 0:00:00,53.55,0.0249,0.056,0.0373,,55,0.45,50,2.45,2,4.76,7,7,"[""-0.049455"",""-0.043818"",""-0.046182"",""-0.044636"",""-0.039636"",""-0.037636""]",,"[""0.049455"",""0.043818"",""0.046182"",""0.044636"",""0.039636"",""0.037636""]","[""0.000000"",""0.000000"",""0.000000"",""0.000000"",""0.000000"",""0.000000""]",52.56,53.11,53.15,52.9,53.38,53.65,,"[{""o"":""53.00"",""h"":""53.57"",""l"":""52.28"",""c"":""52.55"",""v"":3353700,""src"":""BACKFILL""},{""o"":""52.72"",""h"":""53.89"",""l"":""52.59"",""c"":""53.11"",""v"":3639714,""src"":""BACKFILL""},{""o"":""53.12"",""h"":""53.59"",""l"":""52.46"",""c"":""53.15"",""v"":3415584,""src"":""BACKFILL""},{""o"":""52.83"",""h"":""53.15"",""l"":""52.54"",""c"":""52.90"",""v"":3937169,""src"":""BACKFILL""},{""o"":""53.26"",""h"":""53.67"",""l"":""52.82"",""c"":""53.39"",""v"":2931073,""src"":""BACKFILL""},{""o"":""54.50"",""h"":""54.50"",""l"":""52.93"",""c"":""53.65"",""v"":3484855,""src"":""BACKFILL""}]","[""52.40"",""65.84"",""55.26"",""65.64"",""56.33"",""50.56""]","[""52.58"",""52.98"",""53.12"",""52.83"",""53.35"",""53.68""]","[""52.48"",""52.90"",""53.06"",""52.80"",""53.32"",""53.59""]","[""52.59"",""53.03"",""53.16"",""52.87"",""53.36"",""53.65""]","[""52.57"",""52.99"",""53.13"",""52.84"",""53.35"",""53.65""]","[""52.80"",""53.01"",""53.04"",""52.99"",""53.04"",""53.11""]","[""1.00"",""4.86"",""2.63"",""3.36"",""3.28"",""0.00""]","[""0.0338"",""0.0518"",""0.0466"",""0.0345"",""0.0413"",""0.0448""]","[""-0.02"",""0.24"",""0.06"",""0.14"",""0.07"",""-0.05""]","[""-0.47"",""0.19"",""0.21"",""-0.17"",""0.67"",""1.02""]"
2025-09-22 8:18:41,Bear Spreads,"Steelcase, Inc.",SCS,1.35,16.35,2025-09-24 0:00:00,3,2025-09-12 16:45:08,2025-10-17 0:00:00,16.88,0.0416,0.0799,0.0681,0.0755,17.5,0.05,15,1.2,1.15,1.39,7,-1,"[""-0.038857"",""-0.037714"",""-0.055429"",""-0.052000"",""-0.042857"",""-0.028857""]",,"[""0.038857"",""0.037714"",""0.055429"",""0.052000"",""0.042857"",""0.028857""]","[""0.000000"",""0.000000"",""0.000000"",""0.000000"",""0.000000"",""0.000000""]",16.91,16.9,16.68,16.71,17.09,17.19,,"[{""o"":""16.88"",""h"":""16.99"",""l"":""16.82"",""c"":""16.90"",""v"":1864600,""src"":""BACKFILL""},{""o"":""16.88"",""h"":""17.13"",""l"":""16.84"",""c"":""16.90"",""v"":1939625,""src"":""BACKFILL""},{""o"":""16.88"",""h"":""16.90"",""l"":""16.53"",""c"":""16.68"",""v"":1962343,""src"":""BACKFILL""},{""o"":""16.84"",""h"":""16.86"",""l"":""16.59"",""c"":""16.71"",""v"":2148556,""src"":""BACKFILL""},{""o"":""16.75"",""h"":""17.12"",""l"":""16.75"",""c"":""17.08"",""v"":2616015,""src"":""BACKFILL""},{""o"":""17.13"",""h"":""17.21"",""l"":""17.00"",""c"":""17.19"",""v"":3111495,""src"":""BACKFILL""}]","[""55.72"",""48.12"",""41.60"",""43.91"",""49.19"",""60.29""]","[""16.90"",""16.90"",""16.70"",""16.73"",""17.09"",""17.17""]","[""16.89"",""16.89"",""16.69"",""16.71"",""17.09"",""17.16""]","[""16.90"",""16.90"",""16.69"",""16.73"",""17.08"",""17.18""]","[""16.90"",""16.90"",""16.70"",""16.73"",""17.09"",""17.17""]","[""16.90"",""16.91"",""16.83"",""16.80"",""16.84"",""16.91""]","[""1.00"",""2.53"",""3.83"",""3.78"",""6.11"",""0.00""]","[""0.0097"",""0.0130"",""0.0147"",""0.0172"",""0.0118"",""0.0129""]","[""0.03"",""-0.04"",""-0.13"",""-0.10"",""-0.03"",""0.13""]","[""-0.02"",""-0.09"",""-0.92"",""-0.54"",""1.43"",""1.65""]"
2025-09-22 8:18:41,Bear Spreads,"Prologis, Inc.",PLD,6.75,111.75,2025-10-15 0:00:00,1,2025-09-17 16:49:20,2025-10-17 0:00:00,113.51,0.0393,0.0594,0.0286,,115,0.85,105,4.1,3.25,4.96,7,7,"[""-0.026087"",""-0.016522"",""-0.021043"",""-0.020870"",""-0.018696"",""-0.012043""]",,"[""0.026087"",""0.016522"",""0.021043"",""0.020870"",""0.018696"",""0.012043""]","[""0.000000"",""0.000000"",""0.000000"",""0.000000"",""0.000000"",""0.000000""]",113.92,114.44,112.83,113.19,114.19,114.24,,"[{""o"":""113.16"",""h"":""114.46"",""l"":""112.00"",""c"":""113.93"",""v"":2798700,""src"":""BACKFILL""},{""o"":""113.98"",""h"":""114.65"",""l"":""113.10"",""c"":""114.44"",""v"":1720467,""src"":""BACKFILL""},{""o"":""113.80"",""h"":""114.34"",""l"":""112.58"",""c"":""112.83"",""v"":1693811,""src"":""BACKFILL""},{""o"":""112.92"",""h"":""113.76"",""l"":""112.60"",""c"":""113.19"",""v"":1894972,""src"":""BACKFILL""},{""o"":""113.46"",""h"":""114.60"",""l"":""112.85"",""c"":""114.19"",""v"":1893721,""src"":""BACKFILL""},{""o"":""114.60"",""h"":""114.86"",""l"":""113.61"",""c"":""114.24"",""v"":1548276,""src"":""BACKFILL""}]","[""31.37"",""62.22"",""33.55"",""37.53"",""47.02"",""58.87""]","[""114.24"",""114.35"",""113.08"",""113.38"",""114.25"",""114.19""]","[""114.23"",""114.14"",""113.10"",""113.48"",""114.21"",""114.05""]","[""114.17"",""114.45"",""113.00"",""113.27"",""114.22"",""114.17""]","[""114.22"",""114.36"",""113.07"",""113.36"",""114.23"",""114.15""]","[""113.46"",""113.63"",""113.52"",""113.46"",""113.55"",""113.63""]","[""1.00"",""4.62"",""4.97"",""4.74"",""4.26"",""0.00""]","[""0.0937"",""0.0957"",""0.0984"",""0.1094"",""0.0966"",""0.0791""]","[""-0.28"",""0.08"",""-0.23"",""-0.17"",""-0.06"",""0.05""]","[""0.41"",""0.71"",""-0.61"",""-0.24"",""0.56"",""0.54""]"
2025-09-22 8:18:41,Bear Spreads,Citizens Financial Group Inc,CFG,3,53,2025-10-15 0:00:00,1,2025-09-01 9:51:15,2025-10-17 0:00:00,53.55,0.0249,0.056,0.0373,,55,0.45,50,2.45,2,4.76,7,7,"[""-0.049455"",""-0.043818"",""-0.046182"",""-0.044636"",""-0.039636"",""-0.037636""]",,"[""0.049455"",""0.043818"",""0.046182"",""0.044636"",""0.039636"",""0.037636""]","[""0.000000"",""0.000000"",""0.000000"",""0.000000"",""0.000000"",""0.000000""]",52.56,53.11,53.15,52.9,53.38,53.65,,"[{""o"":""53.00"",""h"":""53.57"",""l"":""52.28"",""c"":""52.55"",""v"":3353700,""src"":""BACKFILL""},{""o"":""52.72"",""h"":""53.89"",""l"":""52.59"",""c"":""53.11"",""v"":3639714,""src"":""BACKFILL""},{""o"":""53.12"",""h"":""53.59"",""l"":""52.46"",""c"":""53.15"",""v"":3415584,""src"":""BACKFILL""},{""o"":""52.83"",""h"":""53.15"",""l"":""52.54"",""c"":""52.90"",""v"":3937169,""src"":""BACKFILL""},{""o"":""53.26"",""h"":""53.67"",""l"":""52.82"",""c"":""53.39"",""v"":2931073,""src"":""BACKFILL""},{""o"":""54.50"",""h"":""54.50"",""l"":""52.93"",""c"":""53.65"",""v"":3484855,""src"":""BACKFILL""}]","[""52.40"",""65.84"",""55.26"",""65.64"",""56.33"",""50.56""]","[""52.58"",""52.98"",""53.12"",""52.83"",""53.35"",""53.68""]","[""52.48"",""52.90"",""53.06"",""52.80"",""53.32"",""53.59""]","[""52.59"",""53.03"",""53.16"",""52.87"",""53.36"",""53.65""]","[""52.57"",""52.99"",""53.13"",""52.84"",""53.35"",""53.65""]","[""52.80"",""53.01"",""53.04"",""52.99"",""53.04"",""53.11""]","[""1.00"",""4.86"",""2.63"",""3.36"",""3.28"",""0.00""]","[""0.0338"",""0.0518"",""0.0466"",""0.0345"",""0.0413"",""0.0448""]","[""-0.02"",""0.24"",""0.06"",""0.14"",""0.07"",""-0.05""]","[""-0.47"",""0.19"",""0.21"",""-0.17"",""0.67"",""1.02""]"
2025-09-23 8:18:09,Bear Spreads,"Steelcase, Inc.",SCS,1.45,16.45,2025-09-24 0:00:00,3,2025-09-12 16:45:08,2025-10-17 0:00:00,16.9,0.0416,0.0857,0.0621,0.1524,17.5,0.05,15,1.1,1.05,1.39,7,-1,"[""-0.037714"",""-0.055429"",""-0.052000"",""-0.042857"",""-0.028857"",""-0.021714""]",,"[""0.037714"",""0.055429"",""0.052000"",""0.042857"",""0.028857"",""0.021714""]","[""0.000000"",""0.000000"",""0.000000"",""0.000000"",""0.000000"",""0.000000""]",16.87,16.68,16.71,17.08,17.2,17.2,,"[{""o"":""16.88"",""h"":""17.13"",""l"":""16.84"",""c"":""16.87"",""v"":2361600,""src"":""BACKFILL""},{""o"":""16.88"",""h"":""16.90"",""l"":""16.53"",""c"":""16.68"",""v"":1962343,""src"":""BACKFILL""},{""o"":""16.84"",""h"":""16.86"",""l"":""16.59"",""c"":""16.71"",""v"":2148656,""src"":""BACKFILL""},{""o"":""16.75"",""h"":""17.12"",""l"":""16.75"",""c"":""17.08"",""v"":2301285,""src"":""BACKFILL""},{""o"":""17.13"",""h"":""17.21"",""l"":""17.00"",""c"":""17.20"",""v"":3111495,""src"":""BACKFILL""},{""o"":""17.20"",""h"":""17.26"",""l"":""17.12"",""c"":""17.20"",""v"":1588872,""src"":""BACKFILL""}]","[null,""41.60"",""43.91"",""49.19"",""66.07"",""47.69""]","[null,""16.70"",""16.73"",""17.09"",""17.17"",""17.21""]","[null,""16.69"",""16.71"",""17.09"",""17.16"",""17.20""]","[null,""16.69"",""16.73"",""17.08"",""17.18"",""17.21""]","[null,""16.70"",""16.73"",""17.09"",""17.17"",""17.21""]","[""16.95"",""16.83"",""16.79"",""16.84"",""16.92"",""16.95""]","[""1.00"",""3.83"",""3.78"",""6.11"",""5.34"",""0.00""]","[null,""0.0147"",""0.0172"",""0.0118"",""0.0132"",""0.0108""]","[null,""-0.13"",""-0.10"",""-0.03"",""0.20"",""-0.04""]","[""-0.45"",""-0.88"",""-0.48"",""1.47"",""1.68"",""1.48""]"
2025-09-23 8:18:09,Bear Spreads,Huntington Bancshares Incorporated,HBAN,1.15,17.15,2025-10-17 0:00:00,1,2025-09-15 8:07:24,2025-11-21 0:00:00,17.33,0.0215,0.0663,0.049,,18,0.25,16,1.1,0.85,1.45,6,2,"[""-0.038889"",""-0.042778"",""-0.046456"",""-0.038889"",""-0.046111"",""-0.057778""]",,"[""0.038889"",""0.042778"",""0.046456"",""0.038889"",""0.046111"",""0.057778""]","[""0.000000"",""0.000000"",""0.000000"",""0.000000"",""0.000000"",""0.000000""]",17.34,17.36,17.32,17.42,17.35,17.27,,"[{""o"":""17.36"",""h"":""17.65"",""l"":""17.30"",""c"":""17.35"",""v"":25576300,""src"":""BACKFILL""},{""o"":""17.37"",""h"":""17.50"",""l"":""17.23"",""c"":""17.36"",""v"":18267100,""src"":""BACKFILL""},{""o"":""17.28"",""h"":""17.43"",""l"":""17.16"",""c"":""17.32"",""v"":26127772,""src"":""BACKFILL""},{""o"":""17.44"",""h"":""17.57"",""l"":""17.30"",""c"":""17.42"",""v"":22395082,""src"":""BACKFILL""},{""o"":""17.50"",""h"":""17.52"",""l"":""17.17"",""c"":""17.35"",""v"":49104662,""src"":""BACKFILL""},{""o"":""17.36"",""h"":""17.51"",""l"":""16.96"",""c"":""17.27"",""v"":64573030,""src"":""BACKFILL""}]","[""47.41"",""48.37"",""48.75"",""54.91"",""45.96"",""58.63""]","[""17.35"",""17.37"",""17.32"",""17.41"",""17.37"",""17.25""]","[""17.34"",""17.36"",""17.31"",""17.42"",""17.36"",""17.23""]","[""17.35"",""17.37"",""17.32"",""17.41"",""17.36"",""17.27""]","[""17.35"",""17.37"",""17.32"",""17.42"",""17.36"",""17.26""]","[""17.43"",""17.41"",""17.38"",""17.39"",""17.35"",""17.26""]","[""1.00"",""3.24"",""2.97"",""1.56"",""2.72"",""0.00""]","[""0.0161"",""0.0146"",""0.0132"",""0.0149"",""0.0157"",""0.0162""]","[""-0.05"",""-0.04"",""-0.02"",""0.07"",""-0.10"",""0.10""]","[""-0.48"",""-0.25"",""-0.37"",""0.20"",""0.04"",""0.04""]"
2025-09-23 8:18:09,Bear Spreads,"Prologis, Inc.",PLD,6.4,111.4,2025-10-15 0:00:00,1,2025-09-17 16:49:20,2025-10-17 0:00:00,113.93,0.0393,0.0561,0.0315,,115,0.6,105,4.2,3.6,4.96,7,7,"[""-0.016522"",""-0.021043"",""-0.020870"",""-0.018696"",""-0.012043"",""-0.016478""]",,"[""0.016522"",""0.021043"",""0.020870"",""0.018696"",""0.012043"",""0.016478""]","[""0.000000"",""0.000000"",""0.000000"",""0.000000"",""0.000000"",""0.000000""]",114.44,112.83,113.19,114.19,114.24,114.52,,"[{""o"":""113.98"",""h"":""114.65"",""l"":""113.10"",""c"":""114.44"",""v"":2319000,""src"":""BACKFILL""},{""o"":""113.80"",""h"":""114.34"",""l"":""112.58"",""c"":""112.83"",""v"":1693811,""src"":""BACKFILL""},{""o"":""112.92"",""h"":""113.76"",""l"":""112.60"",""c"":""113.19"",""v"":1894972,""src"":""BACKFILL""},{""o"":""113.46"",""h"":""114.60"",""l"":""112.85"",""c"":""114.19"",""v"":1893721,""src"":""BACKFILL""},{""o"":""114.60"",""h"":""114.86"",""l"":""113.61"",""c"":""114.27"",""v"":1548276,""src"":""BACKFILL""},{""o"":""114.22"",""h"":""114.54"",""l"":""113.11"",""c"":""114.52"",""v"":2124306,""src"":""BACKFILL""}]","[""62.22"",""33.55"",""37.53"",""47.02"",""62.00"",""60.69""]","[""114.35"",""113.08"",""113.38"",""114.25"",""114.19"",""114.27""]","[""114.14"",""113.10"",""113.48"",""114.21"",""114.04"",""114.25""]","[""114.45"",""113.00"",""113.27"",""114.22"",""114.15"",""114.34""]","[""114.36"",""113.07"",""113.36"",""114.23"",""114.15"",""114.28""]","[""114.06"",""113.71"",""113.57"",""113.66"",""113.74"",""113.76""]","[""1.00"",""4.97"",""4.74"",""4.26"",""5.14"",""0.00""]","[""0.0957"",""0.0984"",""0.1094"",""0.0966"",""0.0829"",""0.1489""]","[""0.08"",""-0.23"",""-0.17"",""-0.06"",""0.07"",""0.22""]","[""0.33"",""-0.77"",""-0.34"",""0.47"",""0.47"",""0.67""]"
2025-09-24 8:20:41,Bear Spreads,LightPath Technologies Inc.,LPTH,1.5,6.5,2025-09-25 0:00:00,3,2025-09-18 9:03:29,2025-10-17 0:00:00,7.16,0.0535,0.2094,0.1396,0.2304,7.5,0.1,5,1.1,1,-0.47,4,-2,"[""-0.137333"",""0.078667"",""0.117333"",""0.036000"",""0.036000""]",3,"[""0.137333"",""0.000000"",""0.000000"",""0.000000"",""0.000000""]","[""0.124000"",""0.078667"",""0.117333"",""0.036000"",""0.036000""]",6.83,6.47,7.9,8.15,7.93,,,"[{""o"":""7.11"",""h"":""8.43"",""l"":""6.47"",""c"":""7.68"",""v"":77476427,""src"":""BACKFILL""},{""o"":""7.88"",""h"":""8.09"",""l"":""7.60"",""c"":""7.67"",""v"":1477659,""src"":""BACKFILL""},{""o"":""8.38"",""h"":""8.38"",""l"":""8.38"",""c"":""8.38"",""v"":0,""src"":""BACKFILL""},{""o"":""7.77"",""h"":""7.77"",""l"":""7.77"",""c"":""7.77"",""v"":0,""src"":""BACKFILL""},{""o"":""7.77"",""h"":""7.77"",""l"":""7.77"",""c"":""7.77"",""v"":0,""src"":""BACKFILL""}]","[""78.95"",""53.77"",""89.53"",""68.79"",""68.79""]","[""7.85"",""7.64"",""7.68"",""7.65"",""7.65""]","[""7.80"",""7.68"",""7.70"",""7.68"",""7.68""]","[""7.90"",""7.65"",""7.79"",""7.67"",""7.67""]","[""7.86"",""7.65"",""7.72"",""7.66"",""7.66""]","[""7.66"",""7.66"",""7.66"",""7.65"",""7.65""]","[""1.38"",""2.28"",""0.00"",""0.00"",""0.00""]","[""0.0218"",""0.0242"",""0.0732"",""0.0296"",""0.0296""]","[""1.11"",""0.37"",""9.14"",""1.60"",""1.60""]","[""3.68"",""0.11"",""9.37"",""1.51"",""1.51""]"
2025-09-24 8:20:41,Bear Spreads,Huntington Bancshares Incorporated,HBAN,1.1,17.1,2025-10-17 0:00:00,1,2025-09-15 8:07:24,2025-11-21 0:00:00,17.35,0.0215,0.0634,0.0518,,18,0.25,16,1.15,0.9,1.45,6,2,"[""-0.073333"",""-0.053889"",""-0.071667"",""-0.043889"",""-0.043889""]",,"[""0.073333"",""0.053889"",""0.071667"",""0.043889"",""0.043889""]","[""0.000000"",""0.000000"",""0.000000"",""0.000000"",""0.000000""]",17.36,17.32,17.42,17.35,17.27,,,"[{""o"":""17.39"",""h"":""17.57"",""l"":""16.68"",""c"":""16.71"",""v"":905915717,""src"":""BACKFILL""},{""o"":""17.27"",""h"":""17.30"",""l"":""17.03"",""c"":""17.03"",""v"":34227181,""src"":""BACKFILL""},{""o"":""16.71"",""h"":""16.71"",""l"":""16.71"",""c"":""16.71"",""v"":0,""src"":""BACKFILL""},{""o"":""17.21"",""h"":""17.21"",""l"":""17.21"",""c"":""17.21"",""v"":0,""src"":""BACKFILL""},{""o"":""17.21"",""h"":""17.21"",""l"":""17.21"",""c"":""17.21"",""v"":0,""src"":""BACKFILL""}]","[""63.89"",""31.22"",""6.39"",""77.76"",""77.76""]","[""17.25"",""17.07"",""17.05"",""17.07"",""17.07""]","[""17.23"",""17.07"",""17.06"",""17.07"",""17.07""]","[""17.27"",""17.06"",""16.99"",""17.09"",""17.09""]","[""17.25"",""17.06"",""17.03"",""17.08"",""17.08""]","[""17.20"",""17.20"",""17.20"",""17.20"",""17.20""]","[""2.68"",""3.89"",""0.00"",""0.00"",""0.00""]","[""0.0167"",""0.0156"",""0.0377"",""0.0270"",""0.0270""]","[""0.17"",""-0.19"",""-1.99"",""0.80"",""0.80""]","[""0.44"",""-0.97"",""-2.85"",""0.06"",""0.06""]"
2025-09-24 8:20:41,Bear Spreads,"Prologis, Inc.",PLD,7.15,112.15,2025-10-15 0:00:00,1,2025-09-17 16:49:20,2025-10-17 0:00:00,114.44,0.0393,0.0624,0.0249,,115,0.55,105,3.4,2.85,4.96,7,7,"[""-0.020870"",""-0.010435"",""0.018522"",""0.017913"",""0.017913""]",4,"[""0.020870"",""0.010435"",""0.000000"",""0.000000"",""0.000000""]","[""0.027826"",""0.013217"",""0.018522"",""0.017913"",""0.017913""]",112.83,113.19,114.19,114.24,114.52,,,"[{""o"":""113.08"",""h"":""118.20"",""l"":""112.60"",""c"":""115.99"",""v"":56163544,""src"":""BACKFILL""},{""o"":""114.31"",""h"":""116.52"",""l"":""113.80"",""c"":""116.49"",""v"":2098478,""src"":""BACKFILL""},{""o"":""117.13"",""h"":""117.13"",""l"":""117.13"",""c"":""117.13"",""v"":0,""src"":""BACKFILL""},{""o"":""117.06"",""h"":""117.06"",""l"":""117.06"",""c"":""117.06"",""v"":0,""src"":""BACKFILL""},{""o"":""117.06"",""h"":""117.06"",""l"":""117.06"",""c"":""117.06"",""v"":0,""src"":""BACKFILL""}]","[""59.58"",""66.13"",""86.54"",""85.59"",""85.59""]","[""114.25"",""116.40"",""116.43"",""116.43"",""116.43""]","[""114.24"",""116.23"",""116.25"",""116.25"",""116.25""]","[""114.29"",""116.41"",""116.56"",""116.54"",""116.54""]","[""114.26"",""116.38"",""116.44"",""116.44"",""116.44""]","[""114.92"",""114.97"",""114.97"",""114.80"",""114.80""]","[""4.41"",""4.12"",""0.00"",""0.00"",""0.00""]","[""0.1577"",""0.0747"",""0.1150"",""0.1100"",""0.1100""]","[""0.20"",""0.08"",""0.60"",""0.54"",""0.54""]","[""-0.38"",""1.32"",""1.88"",""1.97"",""1.97""]"
2025-09-26 8:19:33,Bear Spreads,Infosys Technologies Ltd.,INFY,1.15,16.15,2025-10-16 0:00:00,1,2025-09-01 9:52:20,2025-10-17 0:00:00,16.54,0.0358,0.0695,0.0513,,17,0.15,15,1,0.85,0.83,4,0,"[""-0.057059"",""-0.045882"",""-0.046471"",""-0.046471"",""-0.057059"",""-0.054706""]",,"[""0.057059"",""0.045882"",""0.046471"",""0.046471"",""0.057059"",""0.054706""]","[""0.000000"",""0.000000"",""0.000000"",""0.000000"",""0.000000"",""0.000000""]",16.52,16.32,16.27,16.37,16.15,16.23,,"[{""o"":""16.44"",""h"":""16.60"",""l"":""16.03"",""c"":""16.15"",""v"":69352296,""src"":""BACKFILL""},{""o"":""16.44"",""h"":""16.48"",""l"":""16.22"",""c"":""16.33"",""v"":18351991,""src"":""BACKFILL""},{""o"":""16.31"",""h"":""16.44"",""l"":""16.21"",""c"":""16.26"",""v"":11468260,""src"":""BACKFILL""},{""o"":""16.22"",""h"":""16.40"",""l"":""16.21"",""c"":""16.37"",""v"":14382857,""src"":""BACKFILL""},{""o"":""16.32"",""h"":""16.43"",""l"":""16.03"",""c"":""16.15"",""v"":12761746,""src"":""BACKFILL""},{""o"":""16.24"",""h"":""16.25"",""l"":""16.07"",""c"":""16.23"",""v"":14624547,""src"":""BACKFILL""}]","[""55.35"",""37.40"",""75.67"",""76.67"",""56.80"",""61.74""]","[""16.53"",""16.34"",""16.23"",""16.34"",""16.14"",""16.20""]","[""16.56"",""16.35"",""16.23"",""16.32"",""16.14"",""16.19""]","[""16.52"",""16.33"",""16.25"",""16.35"",""16.14"",""16.21""]","[""16.53"",""16.34"",""16.24"",""16.34"",""16.14"",""16.20""]","[""16.26"",""16.27"",""16.27"",""16.28"",""16.27"",""16.25""]","[""1.00"",""3.03"",""2.82"",""5.63"",""2.31"",""0.00""]","[""0.0180"",""0.0123"",""0.0108"",""0.0104"",""0.0124"",""0.0160""]","[""0.09"",""-0.07"",""0.22"",""0.20"",""0.07"",""0.19""]","[""-0.68"",""0.33"",""-0.04"",""0.57"",""-0.71"",""-0.14""]"
2025-09-26 8:19:33,Bear Spreads,Sonoco,SON,2.75,42.75,2025-10-22 0:00:00,3,2025-09-22 8:33:51,2025-11-21 0:00:00,44.11,0.0372,0.0623,0.051,,45,0.7,40,2.95,2.25,0.74,3,-1,"[""-0.068222"",""-0.068222"",""-0.058747"",""-0.049556"",""-0.049778"",""-0.042889""]",,"[""0.068222"",""0.068222"",""0.058747"",""0.049556"",""0.049778"",""0.042889""]","[""0.000000"",""0.000000"",""0.000000"",""0.000000"",""0.000000"",""0.000000""]",43.91,42.77,43.09,43.04,43.08,43.32,,"[{""o"":""44.15"",""h"":""44.31"",""l"":""41.93"",""c"":""43.08"",""v"":4603743,""src"":""BACKFILL""},{""o"":""44.12"",""h"":""44.12"",""l"":""41.93"",""c"":""42.77"",""v"":1522371,""src"":""BACKFILL""},{""o"":""42.60"",""h"":""43.13"",""l"":""42.36"",""c"":""43.08"",""v"":997694,""src"":""BACKFILL""},{""o"":""42.99"",""h"":""43.44"",""l"":""42.77"",""c"":""43.02"",""v"":743316,""src"":""BACKFILL""},{""o"":""42.94"",""h"":""43.22"",""l"":""42.76"",""c"":""43.09"",""v"":512705,""src"":""BACKFILL""},{""o"":""43.14"",""h"":""43.56"",""l"":""43.07"",""c"":""43.32"",""v"":479468,""src"":""BACKFILL""}]","[""52.75"",""54.59"",""60.96"",""62.55"",""52.68"",""54.70""]","[""43.88"",""42.73"",""42.99"",""42.95"",""43.08"",""43.31""]","[""43.90"",""42.72"",""43.01"",""42.93"",""43.06"",""43.30""]","[""43.87"",""42.72"",""43.04"",""42.98"",""43.09"",""43.30""]","[""43.88"",""42.73"",""43.01"",""42.96"",""43.08"",""43.30""]","[""43.11"",""43.02"",""42.99"",""42.99"",""42.99"",""43.01""]","[""1.00"",""4.41"",""3.34"",""4.66"",""4.97"",""0.00""]","[""0.0324"",""0.0566"",""0.0372"",""0.0338"",""0.0253"",""0.0259""]","[""0.04"",""0.10"",""0.21"",""0.17"",""0.02"",""0.02""]","[""-0.06"",""-0.58"",""0.21"",""0.07"",""0.23"",""0.72""]"
2025-09-26 8:19:33,Bear Spreads,"Prologis, Inc.",PLD,6.65,111.65,2025-10-15 0:00:00,1,2025-09-17 16:49:20,2025-10-17 0:00:00,113.21,0.0393,0.0587,0.0295,,115,0.55,105,3.9,3.35,4.96,7,7,"[""-0.016478"",""-0.012043"",""-0.016478"",""-0.010435"",""-0.004000"",""0.027826""]",5,"[""0.016478"",""0.012043"",""0.016478"",""0.010435"",""0.004000"",""0.000000""]","[""0.013217"",""0.000000"",""0.000000"",""0.013217"",""0.012826"",""0.027826""]",114.19,114.24,114.52,116.48,116.12,117.06,,"[{""o"":""113.36"",""h"":""116.52"",""l"":""113.11"",""c"":""116.12"",""v"":9163302,""src"":""BACKFILL""},{""o"":""114.60"",""h"":""114.86"",""l"":""113.61"",""c"":""114.27"",""v"":1548276,""src"":""BACKFILL""},{""o"":""114.22"",""h"":""114.54"",""l"":""113.11"",""c"":""114.49"",""v"":2124306,""src"":""BACKFILL""},{""o"":""114.31"",""h"":""116.52"",""l"":""113.80"",""c"":""116.49"",""v"":2098478,""src"":""BACKFILL""},{""o"":""116.22"",""h"":""116.47"",""l"":""114.54"",""c"":""116.14"",""v"":1896849,""src"":""BACKFILL""},{""o"":""116.40"",""h"":""118.20"",""l"":""116.01"",""c"":""117.06"",""v"":1719409,""src"":""BACKFILL""}]","[""47.02"",""62.00"",""59.58"",""66.13"",""66.08"",""32.63""]","[""114.25"",""114.19"",""114.25"",""116.40"",""115.93"",""117.24""]","[""114.21"",""114.04"",""114.24"",""116.23"",""115.77"",""117.38""]","[""114.22"",""114.15"",""114.29"",""116.41"",""116.06"",""117.12""]","[""114.23"",""114.15"",""114.26"",""116.38"",""115.96"",""117.21""]","[""115.25"",""115.09"",""114.89"",""115.00"",""115.06"",""115.28""]","[""1.00"",""5.14"",""4.41"",""4.12"",""4.38"",""0.00""]","[""0.0966"",""0.0829"",""0.1577"",""0.0747"",""0.0827"",""0.0764""]","[""-0.06"",""0.07"",""0.20"",""0.08"",""0.18"",""-0.16""]","[""0.76"",""-0.71"",""-0.35"",""1.29"",""0.93"",""1.55""]"
2025-09-26 8:19:33,Bear Spreads,WM,WM,12.7,212.7,2025-10-27 0:00:00,3,2025-09-23 17:14:22,2025-11-21 0:00:00,217.16,0.0399,0.0584,0.0336,,220,1,200,8.3,7.3,,,,"[""-0.015545"",""-0.010955"",""-0.005477"",""-0.008295"",""-0.015545"",""-0.018000""]",,"[""0.015545"",""0.010955"",""0.005477"",""0.008295"",""0.015545"",""0.018000""]","[""0.007182"",""0.000000"",""0.007182"",""0.005682"",""0.000000"",""0.004591""]",218.69,219.43,220.83,219.87,216.91,219.76,,"[{""o"":""219.55"",""h"":""221.58"",""l"":""216.58"",""c"":""216.91"",""v"":5345288,""src"":""BACKFILL""},{""o"":""218.86"",""h"":""219.81"",""l"":""217.59"",""c"":""219.43"",""v"":719341,""src"":""BACKFILL""},{""o"":""218.85"",""h"":""221.58"",""l"":""218.79"",""c"":""220.85"",""v"":1160085,""src"":""BACKFILL""},{""o"":""220.38"",""h"":""221.25"",""l"":""218.18"",""c"":""219.85"",""v"":1281554,""src"":""BACKFILL""},{""o"":""218.98"",""h"":""219.05"",""l"":""216.58"",""c"":""216.88"",""v"":1507804,""src"":""BACKFILL""},{""o"":""216.50"",""h"":""221.01"",""l"":""216.04"",""c"":""219.76"",""v"":942406,""src"":""BACKFILL""}]","[""56.38"",""62.92"",""42.44"",""29.83"",""46.20"",""34.88""]","[""218.59"",""219.23"",""220.94"",""220.18"",""216.96"",""220.01""]","[""218.37"",""219.19"",""221.12"",""220.40"",""217.01"",""220.11""]","[""218.69"",""219.24"",""220.89"",""220.05"",""216.86"",""219.83""]","[""218.59"",""219.22"",""220.96"",""220.17"",""216.93"",""219.96""]","[""218.36"",""218.44"",""218.80"",""218.97"",""218.74"",""218.81""]","[""1.00"",""3.66"",""6.87"",""5.22"",""4.51"",""0.00""]","[""0.1151"",""0.0993"",""0.1331"",""0.1153"",""0.1417"",""0.0928""]","[""0.03"",""0.09"",""-0.04"",""-0.15"",""-0.04"",""-0.11""]","[""-0.66"",""0.45"",""0.94"",""0.40"",""-0.85"",""0.43""]"
2025-09-26 8:19:33,Bear Spreads,"McCormick & Company, Incorporated",MKC,3.05,63.05,2025-10-07 0:00:00,1,2025-09-09 16:45:37,2025-10-17 0:00:00,64.62,0.041,0.0471,0.0301,0.0607,65,0.55,60,2.5,1.95,1.74,5,1,"[""-0.001692"",""-0.001692"",""0.035077"",""0.046692"",""0.049308"",""0.061692""]",2,"[""0.001692"",""0.001692"",""0.000000"",""0.000000"",""0.000000"",""0.000000""]","[""0.049308"",""0.028308"",""0.035077"",""0.046692"",""0.049308"",""0.061692""]",65.7,66.8,66.91,67.76,68.09,68.91,,"[{""o"":""65.54"",""h"":""68.21"",""l"":""64.89"",""c"":""68.09"",""v"":11777678,""src"":""BACKFILL""},{""o"":""65.60"",""h"":""66.84"",""l"":""64.89"",""c"":""66.80"",""v"":2898205,""src"":""BACKFILL""},{""o"":""66.79"",""h"":""67.28"",""l"":""66.29"",""c"":""66.91"",""v"":2692665,""src"":""BACKFILL""},{""o"":""66.91"",""h"":""68.04"",""l"":""66.78"",""c"":""67.78"",""v"":2249930,""src"":""BACKFILL""},{""o"":""67.38"",""h"":""68.21"",""l"":""67.10"",""c"":""68.11"",""v"":2565412,""src"":""BACKFILL""},{""o"":""67.87"",""h"":""69.01"",""l"":""67.87"",""c"":""68.91"",""v"":3455854,""src"":""BACKFILL""}]","[""72.20"",""62.36"",""39.06"",""45.77"",""50.07"",""62.96""]","[""65.56"",""66.72"",""66.99"",""67.81"",""68.11"",""68.83""]","[""65.47"",""66.65"",""66.99"",""67.82"",""68.07"",""68.72""]","[""65.61"",""66.76"",""66.96"",""67.79"",""68.15"",""68.88""]","[""65.56"",""66.73"",""66.98"",""67.80"",""68.12"",""68.83""]","[""67.06"",""66.88"",""66.87"",""66.96"",""67.07"",""67.27""]","[""1.00"",""3.38"",""4.18"",""3.40"",""3.96"",""0.00""]","[""0.0515"",""0.0541"",""0.0460"",""0.0570"",""0.0425"",""0.0516""]","[""0.25"",""0.11"",""-0.12"",""-0.05"",""0.00"",""0.11""]","[""1.53"",""-0.12"",""0.05"",""1.22"",""1.56"",""2.43""]"
2025-09-27 8:19:45,Bear Spreads,RPM International Inc.,RPM,12.95,112.95,2025-10-01 0:00:00,1,2025-09-05 9:03:44,2025-10-17 0:00:00,117.01,0.0628,0.1106,0.0602,0.056,120,0.25,100,7.3,7.05,5.14,12,8,"[""-0.042250"",""-0.028917"",""-0.041500"",""-0.039958"",""-0.035167"",""-0.051667""]",,"[""0.042250"",""0.028917"",""0.041500"",""0.039958"",""0.035167"",""0.051667""]","[""0.000000"",""0.000000"",""0.016167"",""0.000000"",""0.000000"",""0.000000""]",117.03,117.88,117.19,116.27,116.83,114.21,,"[{""o"":""117.21"",""h"":""117.25"",""l"":""114.93"",""c"":""117.03"",""v"":1737000,""src"":""BACKFILL""},{""o"":""117.30"",""h"":""118.13"",""l"":""116.53"",""c"":""117.88"",""v"":1987200,""src"":""BACKFILL""},{""o"":""117.91"",""h"":""121.94"",""l"":""115.02"",""c"":""117.19"",""v"":1845500,""src"":""BACKFILL""},{""o"":""116.54"",""h"":""117.27"",""l"":""115.21"",""c"":""116.23"",""v"":1052803,""src"":""BACKFILL""},{""o"":""116.36"",""h"":""117.38"",""l"":""115.78"",""c"":""116.80"",""v"":665761,""src"":""BACKFILL""},{""o"":""116.74"",""h"":""116.83"",""l"":""113.80"",""c"":""114.21"",""v"":658329,""src"":""BACKFILL""}]","[""51.98"",""49.88"",""47.91"",""47.91"",""56.29"",""59.61""]","[""117.84"",""117.11"",""116.17"",""116.17"",""116.73"",""114.05""]","[""117.91"",""117.34"",""116.59"",""116.59"",""116.71"",""114.05""]","[""117.95"",""117.06"",""116.08"",""116.08"",""116.68"",""114.16""]","[""117.90"",""117.13"",""116.21"",""116.21"",""116.70"",""114.10""]","[""116.40"",""117.00"",""117.34"",""117.19"",""117.15"",""116.93""]","[""1.00"",""1.07"",""0.99"",""3.64"",""4.45"",""4.13""]","[""0.0988"",""0.1618"",""0.1405"",""0.1405"",""0.0822"",""0.0944""]","[""0.07"",""0.05"",""0.05"",""0.05"",""0.06"",""0.14""]","[""0.54"",""0.76"",""-0.13"",""-0.82"",""-0.30"",""-2.33""]"
2025-09-27 8:19:45,Bear Spreads,Infosys Technologies Ltd.,INFY,1.1,16.1,2025-10-16 0:00:00,1,2025-09-01 9:52:20,2025-10-17 0:00:00,16.52,0.0358,0.0665,0.0544,,17,0.15,15,1.05,0.9,0.83,4,0,"[""-0.057059"",""-0.054706"",""-0.036176"",""-0.015294"",""-0.036176""]",,"[""0.057059"",""0.054706"",""0.036176"",""0.015294"",""0.036176""]","[""0.000000"",""0.000000"",""0.000000"",""0.000000"",""0.000000""]",16.32,16.27,16.37,16.15,16.23,,,"[{""o"":""16.30"",""h"":""16.74"",""l"":""16.03"",""c"":""16.15"",""v"":210539718,""src"":""BACKFILL""},{""o"":""16.24"",""h"":""16.25"",""l"":""16.07"",""c"":""16.24"",""v"":14624547,""src"":""BACKFILL""},{""o"":""16.49"",""h"":""16.72"",""l"":""16.39"",""c"":""16.69"",""v"":19564848,""src"":""BACKFILL""},{""o"":""16.74"",""h"":""16.74"",""l"":""16.74"",""c"":""16.74"",""v"":0,""src"":""BACKFILL""},{""o"":""16.49"",""h"":""16.72"",""l"":""16.39"",""c"":""16.69"",""v"":19564848,""src"":""BACKFILL""}]","[""56.80"",""66.33"",""59.47"",""71.89"",""56.69""]","[""16.14"",""16.20"",""16.67"",""16.68"",""16.68""]","[""16.14"",""16.19"",""16.67"",""16.67"",""16.67""]","[""16.14"",""16.20"",""16.68"",""16.69"",""16.68""]","[""16.14"",""16.20"",""16.68"",""16.68"",""16.68""]","[""16.39"",""16.38"",""16.39"",""16.39"",""16.28""]","[""2.31"",""4.52"",""4.96"",""0.00"",""0.00""]","[""0.0124"",""0.0165"",""0.0172"",""0.0192"",""0.0163""]","[""0.07"",""0.26"",""0.12"",""0.36"",""0.08""]","[""-1.47"",""-0.83"",""1.85"",""2.13"",""2.54""]"
2025-09-27 8:19:45,Bear Spreads,WM,WM,14.2,214.2,2025-10-27 0:00:00,3,2025-09-23 17:14:22,2025-11-21 0:00:00,218.69,0.0399,0.0649,0.0265,,220,1.5,200,7.3,5.8,,,,"[""-0.010955"",""-0.005455"",""-0.008273"",""-0.015545"",""-0.018000"",""-0.013568""]",,"[""0.010955"",""0.005455"",""0.008273"",""0.015545"",""0.018000"",""0.013568""]","[""0.000000"",""0.007182"",""0.005682"",""0.000000"",""0.004591"",""0.000000""]",219.43,220.83,219.87,216.91,219.76,217.65,,"[{""o"":""218.86"",""h"":""219.81"",""l"":""217.59"",""c"":""219.43"",""v"":1073300,""src"":""BACKFILL""},{""o"":""218.85"",""h"":""221.58"",""l"":""218.80"",""c"":""220.83"",""v"":1814700,""src"":""BACKFILL""},{""o"":""220.38"",""h"":""221.25"",""l"":""218.18"",""c"":""219.87"",""v"":1582900,""src"":""BACKFILL""},{""o"":""218.98"",""h"":""219.05"",""l"":""216.58"",""c"":""216.88"",""v"":1507804,""src"":""BACKFILL""},{""o"":""216.50"",""h"":""221.01"",""l"":""216.04"",""c"":""219.79"",""v"":942406,""src"":""BACKFILL""},{""o"":""219.27"",""h"":""220.00"",""l"":""217.01"",""c"":""217.65"",""v"":816339,""src"":""BACKFILL""}]","[""42.44"",""29.83"",""46.20"",""46.20"",""36.16"",""57.91""]","[""220.94"",""220.18"",""216.96"",""216.96"",""220.03"",""217.58""]","[""221.12"",""220.40"",""217.01"",""217.01"",""220.13"",""217.32""]","[""220.89"",""220.05"",""216.86"",""216.86"",""219.85"",""217.59""]","[""220.96"",""220.17"",""216.93"",""216.93"",""219.98"",""217.53""]","[""218.94"",""219.86"",""219.83"",""219.22"",""219.28"",""219.16""]","[""1.00"",""1.26"",""1.06"",""4.51"",""4.62"",""5.99""]","[""0.1331"",""0.1153"",""0.1417"",""0.1417"",""0.0977"",""0.1157""]","[""-0.04"",""-0.15"",""-0.04"",""-0.04"",""-0.11"",""0.03""]","[""0.22"",""0.44"",""0.02"",""-1.07"",""0.23"",""-0.69""]"
2025-09-27 8:19:45,Bear Spreads,Cal-Maine Foods,CALM,5.85,95.85,2025-10-01 0:00:00,1,2025-09-22 8:14:37,2025-10-17 0:00:00,98.43,0.0432,0.0594,0.0421,0.0813,100,1.15,90,5.3,4.15,2.19,3,3,"[""-0.099700"",""-0.077300"",""-0.080000"",""-0.078800"",""-0.080000""]",,"[""0.100000"",""0.077300"",""0.080000"",""0.078800"",""0.080000""]","[""0.000000"",""0.000000"",""0.000000"",""0.000000"",""0.000000""]",96.12,94.1,92.96,92.58,92.56,,,"[{""o"":""96.03"",""h"":""96.71"",""l"":""86.64"",""c"":""92.61"",""v"":23919966,""src"":""BACKFILL""},{""o"":""92.63"",""h"":""94.80"",""l"":""92.27"",""c"":""92.55"",""v"":1541172,""src"":""BACKFILL""},{""o"":""92.50"",""h"":""94.12"",""l"":""92.00"",""c"":""92.84"",""v"":1197574,""src"":""BACKFILL""},{""o"":""92.12"",""h"":""92.12"",""l"":""92.12"",""c"":""92.12"",""v"":0,""src"":""BACKFILL""},{""o"":""92.50"",""h"":""94.12"",""l"":""92.00"",""c"":""92.77"",""v"":1197574,""src"":""BACKFILL""}]","[""69.87"",""46.85"",""46.35"",""28.72"",""43.74""]","[""92.22"",""92.61"",""92.97"",""92.94"",""92.97""]","[""92.12"",""92.63"",""92.85"",""92.83"",""92.85""]","[""92.43"",""92.54"",""92.90"",""92.74"",""92.87""]","[""92.29"",""92.58"",""92.93"",""92.86"",""92.92""]","[""91.82"",""91.90"",""91.95"",""91.95"",""92.39""]","[""4.37"",""3.46"",""3.05"",""0.00"",""0.00""]","[""0.1101"",""0.1013"",""0.1415"",""0.1829"",""0.1364""]","[""0.42"",""-0.06"",""-0.14"",""-0.88"",""-0.22""]","[""0.85"",""0.71"",""0.97"",""0.19"",""0.42""]"
2025-09-28 8:17:39,Bear Spreads,RPM International Inc.,RPM,12.95,112.95,2025-10-01 0:00:00,1,2025-09-05 9:03:44,2025-10-17 0:00:00,117.01,0.0628,0.1106,0.0602,0.056,120,0.25,100,7.3,7.05,5.14,12,8,"[""-0.042250"",""-0.028917"",""-0.041500"",""-0.039958"",""-0.035167"",""-0.051667""]",,"[""0.042250"",""0.028917"",""0.041500"",""0.039958"",""0.035167"",""0.051667""]","[""0.000000"",""0.000000"",""0.016167"",""0.000000"",""0.000000"",""0.000000""]",117.03,117.88,117.19,116.27,116.83,114.21,,"[{""o"":""117.21"",""h"":""117.25"",""l"":""114.93"",""c"":""117.03"",""v"":1737000,""src"":""BACKFILL""},{""o"":""117.30"",""h"":""118.13"",""l"":""116.53"",""c"":""117.88"",""v"":1987200,""src"":""BACKFILL""},{""o"":""117.91"",""h"":""121.94"",""l"":""115.02"",""c"":""117.19"",""v"":1845500,""src"":""BACKFILL""},{""o"":""116.54"",""h"":""117.27"",""l"":""115.21"",""c"":""116.23"",""v"":1052803,""src"":""BACKFILL""},{""o"":""116.36"",""h"":""117.38"",""l"":""115.78"",""c"":""116.80"",""v"":665761,""src"":""BACKFILL""},{""o"":""116.74"",""h"":""116.83"",""l"":""113.80"",""c"":""114.21"",""v"":658329,""src"":""BACKFILL""}]","[""51.98"",""49.88"",""47.91"",""47.91"",""56.29"",""59.61""]","[""117.84"",""117.11"",""116.17"",""116.17"",""116.73"",""114.05""]","[""117.91"",""117.34"",""116.59"",""116.59"",""116.71"",""114.05""]","[""117.95"",""117.06"",""116.08"",""116.08"",""116.68"",""114.16""]","[""117.90"",""117.13"",""116.21"",""116.21"",""116.70"",""114.10""]","[""116.40"",""117.00"",""117.34"",""117.19"",""117.15"",""116.93""]","[""1.00"",""1.07"",""0.99"",""3.64"",""4.45"",""4.13""]","[""0.0988"",""0.1618"",""0.1405"",""0.1405"",""0.0822"",""0.0941""]","[""0.07"",""0.05"",""0.05"",""0.05"",""0.06"",""0.14""]","[""0.54"",""0.76"",""-0.13"",""-0.82"",""-0.30"",""-2.33""]"
2025-09-28 8:17:39,Bear Spreads,Infosys Technologies Ltd.,INFY,1.1,16.1,2025-10-16 0:00:00,1,2025-09-01 9:52:20,2025-10-17 0:00:00,16.52,0.0358,0.0665,0.0544,,17,0.15,15,1.05,0.9,0.83,4,0,"[""-0.057059"",""-0.054706"",""-0.036176"",""-0.015294"",""-0.036176""]",,"[""0.057059"",""0.054706"",""0.036176"",""0.015294"",""0.036176""]","[""0.000000"",""0.000000"",""0.000000"",""0.000000"",""0.000000""]",16.32,16.27,16.37,16.15,16.23,,,"[{""o"":""16.30"",""h"":""16.74"",""l"":""16.03"",""c"":""16.15"",""v"":210539718,""src"":""BACKFILL""},{""o"":""16.24"",""h"":""16.25"",""l"":""16.07"",""c"":""16.24"",""v"":14624547,""src"":""BACKFILL""},{""o"":""16.49"",""h"":""16.72"",""l"":""16.39"",""c"":""16.69"",""v"":19564848,""src"":""BACKFILL""},{""o"":""16.74"",""h"":""16.74"",""l"":""16.74"",""c"":""16.74"",""v"":0,""src"":""BACKFILL""},{""o"":""16.49"",""h"":""16.72"",""l"":""16.39"",""c"":""16.69"",""v"":19564848,""src"":""BACKFILL""}]","[""56.80"",""66.33"",""59.47"",""71.89"",""56.69""]","[""16.14"",""16.20"",""16.67"",""16.68"",""16.68""]","[""16.14"",""16.19"",""16.67"",""16.67"",""16.67""]","[""16.14"",""16.20"",""16.68"",""16.69"",""16.68""]","[""16.14"",""16.20"",""16.68"",""16.68"",""16.68""]","[""16.39"",""16.38"",""16.39"",""16.39"",""16.28""]","[""2.31"",""4.52"",""4.96"",""0.00"",""0.00""]","[""0.0124"",""0.0165"",""0.0171"",""0.0191"",""0.0163""]","[""0.07"",""0.26"",""0.12"",""0.36"",""0.08""]","[""-1.47"",""-0.83"",""1.85"",""2.13"",""2.54""]"
2025-09-28 8:17:39,Bear Spreads,WM,WM,14.2,214.2,2025-10-27 0:00:00,3,2025-09-23 17:14:22,2025-11-21 0:00:00,218.69,0.0399,0.0649,0.0265,,220,1.5,200,7.3,5.8,,,,"[""-0.010955"",""-0.005455"",""-0.008273"",""-0.015545"",""-0.018000"",""-0.013568""]",,"[""0.010955"",""0.005455"",""0.008273"",""0.015545"",""0.018000"",""0.013568""]","[""0.000000"",""0.007182"",""0.005682"",""0.000000"",""0.004591"",""0.000000""]",219.43,220.83,219.87,216.91,219.76,217.65,,"[{""o"":""218.86"",""h"":""219.81"",""l"":""217.59"",""c"":""219.43"",""v"":1073300,""src"":""BACKFILL""},{""o"":""218.85"",""h"":""221.58"",""l"":""218.80"",""c"":""220.83"",""v"":1814700,""src"":""BACKFILL""},{""o"":""220.38"",""h"":""221.25"",""l"":""218.18"",""c"":""219.87"",""v"":1582900,""src"":""BACKFILL""},{""o"":""218.98"",""h"":""219.05"",""l"":""216.58"",""c"":""216.88"",""v"":1507804,""src"":""BACKFILL""},{""o"":""216.50"",""h"":""221.01"",""l"":""216.04"",""c"":""219.79"",""v"":942406,""src"":""BACKFILL""},{""o"":""219.27"",""h"":""220.00"",""l"":""217.01"",""c"":""217.65"",""v"":816339,""src"":""BACKFILL""}]","[""42.44"",""29.83"",""46.20"",""46.20"",""36.16"",""57.91""]","[""220.94"",""220.18"",""216.96"",""216.96"",""220.03"",""217.58""]","[""221.12"",""220.40"",""217.01"",""217.01"",""220.13"",""217.32""]","[""220.89"",""220.05"",""216.86"",""216.86"",""219.85"",""217.59""]","[""220.96"",""220.17"",""216.93"",""216.93"",""219.98"",""217.53""]","[""218.94"",""219.86"",""219.83"",""219.22"",""219.28"",""219.16""]","[""1.00"",""1.26"",""1.06"",""4.51"",""4.62"",""5.99""]","[""0.1331"",""0.1153"",""0.1417"",""0.1417"",""0.0977"",""0.1157""]","[""-0.04"",""-0.15"",""-0.04"",""-0.04"",""-0.11"",""0.03""]","[""0.22"",""0.44"",""0.02"",""-1.07"",""0.23"",""-0.69""]"
2025-09-28 8:17:39,Bear Spreads,Cal-Maine Foods,CALM,5.85,95.85,2025-10-01 0:00:00,1,2025-09-22 8:14:37,2025-10-17 0:00:00,98.43,0.0432,0.0594,0.0421,0.0813,100,1.15,90,5.3,4.15,2.19,3,3,"[""-0.099700"",""-0.077300"",""-0.080000"",""-0.078800"",""-0.080000""]",,"[""0.100000"",""0.077300"",""0.080000"",""0.078800"",""0.080000""]","[""0.000000"",""0.000000"",""0.000000"",""0.000000"",""0.000000""]",96.12,94.1,92.96,92.58,92.56,,,"[{""o"":""96.03"",""h"":""96.71"",""l"":""86.64"",""c"":""92.61"",""v"":23919966,""src"":""BACKFILL""},{""o"":""92.63"",""h"":""94.80"",""l"":""92.27"",""c"":""92.55"",""v"":1541172,""src"":""BACKFILL""},{""o"":""92.50"",""h"":""94.12"",""l"":""92.00"",""c"":""92.84"",""v"":1197574,""src"":""BACKFILL""},{""o"":""92.12"",""h"":""92.12"",""l"":""92.12"",""c"":""92.12"",""v"":0,""src"":""BACKFILL""},{""o"":""92.50"",""h"":""94.12"",""l"":""92.00"",""c"":""92.77"",""v"":1197574,""src"":""BACKFILL""}]","[""69.87"",""46.85"",""46.35"",""28.72"",""43.74""]","[""92.22"",""92.61"",""92.97"",""92.94"",""92.97""]","[""92.12"",""92.63"",""92.85"",""92.83"",""92.85""]","[""92.43"",""92.54"",""92.90"",""92.74"",""92.87""]","[""92.29"",""92.58"",""92.93"",""92.86"",""92.92""]","[""91.82"",""91.90"",""91.95"",""91.95"",""92.39""]","[""4.37"",""3.46"",""3.05"",""0.00"",""0.00""]","[""0.1101"",""0.1013"",""0.1415"",""0.1829"",""0.1364""]","[""0.42"",""-0.06"",""-0.14"",""-0.88"",""-0.22""]","[""0.85"",""0.71"",""0.97"",""0.19"",""0.42""]"
2025-09-29 8:17:35,Bear Spreads,RPM International Inc.,RPM,12.95,112.95,2025-10-01 0:00:00,1,2025-09-05 9:03:44,2025-10-17 0:00:00,117.01,0.0628,0.1106,0.0602,0.056,120,0.25,100,7.3,7.05,5.14,12,8,"[""-0.042250"",""-0.028917"",""-0.041500"",""-0.039958"",""-0.035167"",""-0.051667""]",,"[""0.042250"",""0.028917"",""0.041500"",""0.039958"",""0.035167"",""0.051667""]","[""0.000000"",""0.000000"",""0.016167"",""0.000000"",""0.000000"",""0.000000""]",117.03,117.88,117.19,116.27,116.83,114.21,,"[{""o"":""117.21"",""h"":""117.25"",""l"":""114.93"",""c"":""117.03"",""v"":1737000,""src"":""BACKFILL""},{""o"":""117.30"",""h"":""118.13"",""l"":""116.53"",""c"":""117.88"",""v"":1987200,""src"":""BACKFILL""},{""o"":""117.91"",""h"":""121.94"",""l"":""115.02"",""c"":""117.19"",""v"":1845500,""src"":""BACKFILL""},{""o"":""116.54"",""h"":""117.27"",""l"":""115.21"",""c"":""116.23"",""v"":1052803,""src"":""BACKFILL""},{""o"":""116.36"",""h"":""117.38"",""l"":""115.78"",""c"":""116.80"",""v"":665761,""src"":""BACKFILL""},{""o"":""116.74"",""h"":""116.83"",""l"":""113.80"",""c"":""114.21"",""v"":658329,""src"":""BACKFILL""}]","[""51.98"",""49.88"",""47.91"",""47.91"",""56.29"",""59.61""]","[""117.84"",""117.11"",""116.17"",""116.17"",""116.73"",""114.05""]","[""117.91"",""117.34"",""116.59"",""116.59"",""116.71"",""114.05""]","[""117.95"",""117.06"",""116.08"",""116.08"",""116.68"",""114.16""]","[""117.90"",""117.13"",""116.21"",""116.21"",""116.70"",""114.10""]","[""116.40"",""117.00"",""117.34"",""117.19"",""117.15"",""116.93""]","[""1.00"",""1.07"",""0.99"",""3.64"",""4.45"",""4.13""]","[""0.0988"",""0.1618"",""0.1405"",""0.1405"",""0.0822"",""0.0941""]","[""0.07"",""0.05"",""0.05"",""0.05"",""0.06"",""0.14""]","[""0.54"",""0.76"",""-0.13"",""-0.82"",""-0.30"",""-2.33""]"
2025-09-29 8:17:35,Bear Spreads,Infosys Technologies Ltd.,INFY,1.1,16.1,2025-10-16 0:00:00,1,2025-09-01 9:52:20,2025-10-17 0:00:00,16.52,0.0358,0.0665,0.0544,,17,0.15,15,1.05,0.9,0.83,4,0,"[""-0.057059"",""-0.054706"",""-0.036176"",""-0.015294"",""-0.036176""]",,"[""0.057059"",""0.054706"",""0.036176"",""0.015294"",""0.036176""]","[""0.000000"",""0.000000"",""0.000000"",""0.000000"",""0.000000""]",16.32,16.27,16.37,16.15,16.23,,,"[{""o"":""16.32"",""h"":""16.74"",""l"":""16.03"",""c"":""16.15"",""v"":210539718,""src"":""BACKFILL""},{""o"":""16.24"",""h"":""16.25"",""l"":""16.07"",""c"":""16.24"",""v"":14624547,""src"":""BACKFILL""},{""o"":""16.49"",""h"":""16.72"",""l"":""16.39"",""c"":""16.69"",""v"":19564848,""src"":""BACKFILL""},{""o"":""16.74"",""h"":""16.74"",""l"":""16.74"",""c"":""16.74"",""v"":0,""src"":""BACKFILL""},{""o"":""16.49"",""h"":""16.72"",""l"":""16.39"",""c"":""16.69"",""v"":19564848,""src"":""BACKFILL""}]","[""56.80"",""66.33"",""59.47"",""71.89"",""56.69""]","[""16.14"",""16.20"",""16.67"",""16.68"",""16.68""]","[""16.14"",""16.19"",""16.67"",""16.67"",""16.67""]","[""16.14"",""16.20"",""16.68"",""16.69"",""16.68""]","[""16.14"",""16.20"",""16.68"",""16.68"",""16.68""]","[""16.39"",""16.38"",""16.39"",""16.39"",""16.28""]","[""2.31"",""4.52"",""4.96"",""0.00"",""0.00""]","[""0.0124"",""0.0165"",""0.0171"",""0.0191"",""0.0163""]","[""0.07"",""0.26"",""0.12"",""0.36"",""0.08""]","[""-1.47"",""-0.83"",""1.85"",""2.13"",""2.54""]"
2025-09-29 8:17:35,Bear Spreads,WM,WM,14.2,214.2,2025-10-27 0:00:00,3,2025-09-23 17:14:22,2025-11-21 0:00:00,218.69,0.0399,0.0649,0.0265,,220,1.5,200,7.3,5.8,,,,"[""-0.010955"",""-0.005455"",""-0.008273"",""-0.015545"",""-0.018000"",""-0.013568""]",,"[""0.010955"",""0.005455"",""0.008273"",""0.015545"",""0.018000"",""0.013568""]","[""0.000000"",""0.007182"",""0.005682"",""0.000000"",""0.004591"",""0.000000""]",219.43,220.83,219.87,216.91,219.76,217.65,,"[{""o"":""218.86"",""h"":""219.81"",""l"":""217.59"",""c"":""219.43"",""v"":1073300,""src"":""BACKFILL""},{""o"":""218.85"",""h"":""221.58"",""l"":""218.80"",""c"":""220.83"",""v"":1814700,""src"":""BACKFILL""},{""o"":""220.38"",""h"":""221.25"",""l"":""218.18"",""c"":""219.87"",""v"":1582900,""src"":""BACKFILL""},{""o"":""218.98"",""h"":""219.05"",""l"":""216.58"",""c"":""216.88"",""v"":1507804,""src"":""BACKFILL""},{""o"":""216.50"",""h"":""221.01"",""l"":""216.04"",""c"":""219.79"",""v"":942406,""src"":""BACKFILL""},{""o"":""219.27"",""h"":""220.00"",""l"":""217.01"",""c"":""217.65"",""v"":816339,""src"":""BACKFILL""}]","[""42.44"",""29.83"",""46.20"",""46.20"",""36.16"",""57.91""]","[""220.94"",""220.18"",""216.96"",""216.96"",""220.03"",""217.58""]","[""221.12"",""220.40"",""217.01"",""217.01"",""220.13"",""217.32""]","[""220.89"",""220.05"",""216.86"",""216.86"",""219.85"",""217.59""]","[""220.96"",""220.17"",""216.93"",""216.93"",""219.98"",""217.53""]","[""218.94"",""219.86"",""219.83"",""219.22"",""219.28"",""219.16""]","[""1.00"",""1.26"",""1.06"",""4.51"",""4.62"",""5.99""]","[""0.1331"",""0.1153"",""0.1417"",""0.1417"",""0.0977"",""0.1157""]","[""-0.04"",""-0.15"",""-0.04"",""-0.04"",""-0.11"",""0.03""]","[""0.22"",""0.44"",""0.02"",""-1.07"",""0.23"",""-0.69""]"
2025-09-29 8:17:35,Bear Spreads,Cal-Maine Foods,CALM,5.85,95.85,2025-10-01 0:00:00,1,2025-09-22 8:14:37,2025-10-17 0:00:00,98.43,0.0432,0.0594,0.0421,0.0813,100,1.15,90,5.3,4.15,2.19,3,3,"[""-0.099700"",""-0.077300"",""-0.080000"",""-0.078800"",""-0.080000""]",,"[""0.100000"",""0.077300"",""0.080000"",""0.078800"",""0.080000""]","[""0.000000"",""0.000000"",""0.000000"",""0.000000"",""0.000000""]",96.12,94.1,92.96,92.58,92.56,,,"[{""o"":""92.05"",""h"":""96.71"",""l"":""86.64"",""c"":""92.61"",""v"":23919966,""src"":""BACKFILL""},{""o"":""92.63"",""h"":""94.80"",""l"":""92.27"",""c"":""92.55"",""v"":1541172,""src"":""BACKFILL""},{""o"":""92.50"",""h"":""94.12"",""l"":""92.00"",""c"":""92.84"",""v"":1197574,""src"":""BACKFILL""},{""o"":""92.12"",""h"":""92.12"",""l"":""92.12"",""c"":""92.12"",""v"":0,""src"":""BACKFILL""},{""o"":""92.50"",""h"":""94.12"",""l"":""92.00"",""c"":""92.77"",""v"":1197574,""src"":""BACKFILL""}]","[""69.87"",""46.85"",""46.35"",""28.72"",""43.74""]","[""92.22"",""92.61"",""92.97"",""92.94"",""92.97""]","[""92.12"",""92.63"",""92.85"",""92.83"",""92.85""]","[""92.43"",""92.54"",""92.90"",""92.74"",""92.87""]","[""92.29"",""92.58"",""92.93"",""92.86"",""92.92""]","[""91.82"",""91.90"",""91.95"",""91.95"",""92.39""]","[""4.37"",""3.46"",""3.05"",""0.00"",""0.00""]","[""0.1101"",""0.1013"",""0.1415"",""0.1829"",""0.1364""]","[""0.42"",""-0.06"",""-0.14"",""-0.88"",""-0.22""]","[""0.85"",""0.71"",""0.97"",""0.19"",""0.42""]"
2025-09-29 8:17:35,Bear Spreads,Weyerhaeuser Co.,WY,1.05,24.05,2025-10-30 0:00:00,3,2025-09-26 7:38:09,2025-11-21 0:00:00,24.54,0.0224,0.0427,0.0387,,25,0.45,23,1.4,0.95,,,,"[""-0.026400"",""-0.016400"",""-0.010800"",""-0.019400"",""-0.000800"",""-0.009600""]",,"[""0.026400"",""0.016400"",""0.010800"",""0.019400"",""0.000800"",""0.009600""]","[""0.000000"",""0.014000"",""0.001600"",""0.000400"",""0.012000"",""0.004000""]",24.86,24.79,24.95,24.93,25.12,24.96,,"[{""o"":""24.63"",""h"":""24.87"",""l"":""24.34"",""c"":""24.86"",""v"":5111100,""src"":""BACKFILL""},{""o"":""24.95"",""h"":""25.35"",""l"":""24.59"",""c"":""24.79"",""v"":5465100,""src"":""BACKFILL""},{""o"":""24.85"",""h"":""25.04"",""l"":""24.73"",""c"":""24.95"",""v"":3650300,""src"":""BACKFILL""},{""o"":""24.92"",""h"":""25.01"",""l"":""24.51"",""c"":""24.95"",""v"":2873933,""src"":""BACKFILL""},{""o"":""24.99"",""h"":""25.30"",""l"":""24.98"",""c"":""25.13"",""v"":2219210,""src"":""BACKFILL""},{""o"":""25.06"",""h"":""25.10"",""l"":""24.76"",""c"":""24.96"",""v"":2549841,""src"":""BACKFILL""}]","[""43.52"",""41.38"",""64.61"",""64.61"",""40.45"",""56.88""]","[""24.81"",""25.00"",""24.90"",""24.90"",""25.16"",""24.94""]","[""24.80"",""24.99"",""24.88"",""24.88"",""25.16"",""24.91""]","[""24.81"",""24.98"",""24.92"",""24.92"",""25.13"",""24.96""]","[""24.81"",""24.99"",""24.91"",""24.91"",""25.14"",""24.95""]","[""24.69"",""24.80"",""24.83"",""24.84"",""24.87"",""24.88""]","[""1.00"",""1.03"",""0.77"",""4.20"",""4.85"",""2.81""]","[""0.0227"",""0.0194"",""0.0217"",""0.0217"",""0.0142"",""0.0187""]","[""-0.09"",""-0.14"",""0.18"",""0.18"",""-0.12"",""0.07""]","[""0.69"",""-0.06"",""0.48"",""0.45"",""1.01"",""0.31""]"
2025-09-30 8:17:37,Bear Spreads,"Reliance, Inc.",RS,44.75,264.75,2025-10-23 0:00:00,1,2025-09-22 0:00:00,2025-11-21 0:00:00,277.33,0.053,0.1613,0.0549,,280,0.45,220,15.7,15.25,0.38,9,-5,"[""-0.013214"",""0.017357"",""0.022607"",""0.020071"",""0.016071"",""-0.000268""]",1,"[""0.013214"",""0.000000"",""0.000000"",""0.000000"",""0.000000"",""0.000268""]","[""0.003607"",""0.017357"",""0.022607"",""0.020071"",""0.016071"",""0.014660""]",280.83,283.16,285.6,284.11,280.96,280.54,,"[{""o"":""278.37"",""h"":""281.01"",""l"":""276.30"",""c"":""280.83"",""v"":286600,""src"":""BACKFILL""},{""o"":""280.25"",""h"":""284.86"",""l"":""280.25"",""c"":""283.16"",""v"":280200,""src"":""BACKFILL""},{""o"":""282.74"",""h"":""286.33"",""l"":""280.06"",""c"":""285.73"",""v"":233238,""src"":""BACKFILL""},{""o"":""285.61"",""h"":""285.62"",""l"":""281.88"",""c"":""284.14"",""v"":158294,""src"":""BACKFILL""},{""o"":""284.19"",""h"":""284.50"",""l"":""280.61"",""c"":""280.78"",""v"":157292,""src"":""BACKFILL""},{""o"":""281.82"",""h"":""284.10"",""l"":""279.92"",""c"":""280.54"",""v"":164953,""src"":""BACKFILL""}]","[""61.93"",""45.72"",""60.83"",""64.59"",""33.36"",""53.12""]","[""279.84"",""283.31"",""285.23"",""283.54"",""281.22"",""280.34""]","[""279.30"",""283.37"",""285.16"",""283.13"",""281.87"",""280.30""]","[""280.44"",""283.25"",""285.29"",""283.53"",""281.10"",""280.56""]","[""279.99"",""283.28"",""285.22"",""283.45"",""281.31"",""280.43""]","[""279.38"",""281.05"",""282.00"",""282.26"",""282.23"",""282.05""]","[""1.00"",""0.99"",""6.47"",""5.37"",""3.45"",""4.90""]","[""0.2765"",""0.2566"",""0.2721"",""0.3129"",""0.2287"",""0.2232""]","[""0.26"",""-0.07"",""0.18"",""0.21"",""-0.16"",""0.07""]","[""0.52"",""0.75"",""1.32"",""0.67"",""-0.51"",""-0.54""]"
2025-09-30 8:17:37,Bear Spreads,"McCormick & Company, Incorporated",MKC,6,66,2025-10-07 0:00:00,1,2025-09-09 16:45:37,2025-10-17 0:00:00,66.8,0.041,0.0898,0.0598,0.0894,70,0.3,60,4.3,4,1.74,5,1,"[""-0.059857"",""-0.030429"",""-0.029786"",""-0.062857"",""-0.059857""]",,"[""0.059857"",""0.030429"",""0.029786"",""0.062857"",""0.059857""]","[""0.000000"",""0.000000"",""0.000000"",""0.000000"",""0.000000""]",66.91,67.76,68.09,68.91,68.29,,,"[{""o"":""67.38"",""h"":""69.09"",""l"":""65.81"",""c"":""68.11"",""v"":30187286,""src"":""BACKFILL""},{""o"":""67.87"",""h"":""69.01"",""l"":""67.87"",""c"":""68.93"",""v"":3455854,""src"":""BACKFILL""},{""o"":""68.76"",""h"":""69.09"",""l"":""67.92"",""c"":""68.29"",""v"":4741980,""src"":""BACKFILL""},{""o"":""67.45"",""h"":""69.13"",""l"":""65.60"",""c"":""65.60"",""v"":5246595,""src"":""BACKFILL""},{""o"":""65.81"",""h"":""65.81"",""l"":""65.81"",""c"":""65.81"",""v"":0,""src"":""BACKFILL""}]","[""50.07"",""66.31"",""43.52"",""24.77"",""42.98""]","[""68.11"",""68.83"",""68.39"",""65.93"",""65.91""]","[""68.07"",""68.72"",""68.27"",""66.04"",""66.03""]","[""68.15"",""68.87"",""68.38"",""65.77"",""65.78""]","[""68.12"",""68.83"",""68.37"",""65.89"",""65.89""]","[""67.52"",""67.63"",""67.75"",""67.61"",""67.61""]","[""3.96"",""8.39"",""5.13"",""4.25"",""0.00""]","[""0.0425"",""0.0540"",""0.0698"",""0.0916"",""0.1001""]","[""0.00"",""0.15"",""-0.14"",""-0.50"",""-0.15""]","[""0.88"",""1.92"",""0.80"",""-2.97"",""-2.66""]"
2025-09-30 8:17:37,Bear Spreads,Federal Realty Investment Trust,FRT,6.85,96.85,2025-10-31 0:00:00,1,2025-09-25 16:37:55,2025-11-21 0:00:00,99.92,0.0247,0.0685,0.0315,,100,0.65,90,3.8,3.15,,,,"[""-0.000600"",""-0.005800"",""-0.019700"",""-0.008400"",""-0.013300"",""-0.026610""]",0,"[""0.000600"",""0.005800"",""0.019700"",""0.008400"",""0.013300"",""0.026610""]","[""0.014400"",""0.006200"",""0.000000"",""0.001450"",""0.001000"",""0.000000""]",101.31,99.64,99.01,99.41,98.74,97.6,,"[{""o"":""100.23"",""h"":""101.44"",""l"":""99.94"",""c"":""101.31"",""v"":718300,""src"":""BACKFILL""},{""o"":""99.90"",""h"":""100.62"",""l"":""99.42"",""c"":""99.64"",""v"":511400,""src"":""BACKFILL""},{""o"":""99.36"",""h"":""99.87"",""l"":""98.03"",""c"":""99.02"",""v"":392062,""src"":""BACKFILL""},{""o"":""99.16"",""h"":""100.14"",""l"":""99.16"",""c"":""99.44"",""v"":263733,""src"":""BACKFILL""},{""o"":""99.36"",""h"":""100.10"",""l"":""98.67"",""c"":""98.77"",""v"":399494,""src"":""BACKFILL""},{""o"":""98.39"",""h"":""98.53"",""l"":""97.34"",""c"":""97.60"",""v"":346649,""src"":""BACKFILL""}]","[""56.01"",""34.82"",""66.22"",""49.67"",""21.28"",""62.39""]","[""101.28"",""99.82"",""98.86"",""99.46"",""98.99"",""97.49""]","[""101.16"",""99.76"",""98.80"",""99.45"",""99.10"",""97.46""]","[""101.35"",""99.74"",""98.90"",""99.42"",""98.90"",""97.55""]","[""101.29"",""99.78"",""98.86"",""99.44"",""98.98"",""97.51""]","[""100.90"",""100.48"",""100.03"",""99.98"",""99.88"",""99.60""]","[""1.00"",""0.83"",""3.21"",""4.62"",""3.90"",""3.27""]","[""0.0586"",""0.0522"",""0.0505"",""0.0471"",""0.0543"",""0.0412""]","[""0.03"",""-0.17"",""0.16"",""-0.02"",""-0.23"",""0.11""]","[""0.41"",""-0.84"",""-1.01"",""-0.54"",""-1.11"",""-2.01""]"
2025-09-30 8:17:37,Bear Spreads,"Prologis, Inc.",PLD,7.1,112.1,2025-10-15 0:00:00,1,2025-09-17 16:49:20,2025-10-17 0:00:00,114.24,0.0393,0.0621,0.0253,0.0576,115,0.3,105,3.2,2.9,4.96,7,7,"[""-0.016478"",""0.027826"",""0.024261"",""-0.007391"",""0.008609""]",3,"[""0.016478"",""0.000000"",""0.000000"",""0.007391"",""0.000000""]","[""0.027826"",""0.027826"",""0.024261"",""0.022739"",""0.008609""]",114.52,116.48,116.12,117.06,117.13,,,"[{""o"":""116.22"",""h"":""118.20"",""l"":""113.11"",""c"":""116.14"",""v"":20214178,""src"":""BACKFILL""},{""o"":""116.40"",""h"":""118.20"",""l"":""116.01"",""c"":""117.08"",""v"":1719409,""src"":""BACKFILL""},{""o"":""117.00"",""h"":""117.79"",""l"":""116.36"",""c"":""117.12"",""v"":1560399,""src"":""BACKFILL""},{""o"":""117.48"",""h"":""117.61"",""l"":""114.15"",""c"":""115.97"",""v"":2113270,""src"":""BACKFILL""},{""o"":""115.99"",""h"":""115.99"",""l"":""115.99"",""c"":""115.99"",""v"":0,""src"":""BACKFILL""}]","[""66.08"",""33.81"",""47.23"",""59.69"",""60.59""]","[""115.93"",""117.26"",""117.13"",""115.84"",""115.86""]","[""115.77"",""117.39"",""117.12"",""115.64"",""115.64""]","[""116.06"",""117.13"",""117.15"",""115.93"",""115.94""]","[""115.96"",""117.23"",""117.14"",""115.83"",""115.84""]","[""116.02"",""116.12"",""116.20"",""116.20"",""116.20""]","[""4.38"",""3.91"",""4.49"",""4.40"",""0.00""]","[""0.0827"",""0.0807"",""0.0737"",""0.1346"",""0.1264""]","[""0.18"",""-0.15"",""-0.01"",""0.11"",""0.11""]","[""0.10"",""0.82"",""0.80"",""-0.20"",""-0.18""]"
2025-09-30 8:17:37,Bear Spreads,"Raymond James Financial, Inc.",RJF,10.55,170.55,2025-10-22 0:00:00,3,2025-09-25 8:23:43,2025-11-21 0:00:00,176.43,0.038,0.0597,0.0535,,180,0.75,160,10.2,9.45,2.8,7,3,"[""-0.048278"",""-0.078667"",""-0.089500"",""-0.078833"",""-0.078167"",""-0.091222""]",,"[""0.048278"",""0.078667"",""0.089500"",""0.078833"",""0.078167"",""0.091222""]","[""0.000000"",""0.000000"",""0.000000"",""0.000000"",""0.000000"",""0.000000""]",172.6,165.9,166.46,166.82,167.64,165.63,,"[{""o"":""176.42"",""h"":""177.31"",""l"":""171.31"",""c"":""172.60"",""v"":1183000,""src"":""BACKFILL""},{""o"":""169.66"",""h"":""170.73"",""l"":""165.84"",""c"":""165.90"",""v"":1181200,""src"":""BACKFILL""},{""o"":""165.10"",""h"":""167.23"",""l"":""163.89"",""c"":""166.47"",""v"":655308,""src"":""BACKFILL""},{""o"":""167.10"",""h"":""168.09"",""l"":""165.81"",""c"":""166.82"",""v"":630331,""src"":""BACKFILL""},{""o"":""168.03"",""h"":""168.62"",""l"":""165.93"",""c"":""167.66"",""v"":508560,""src"":""BACKFILL""},{""o"":""168.46"",""h"":""169.46"",""l"":""163.58"",""c"":""165.63"",""v"":1017504,""src"":""BACKFILL""}]","[""44.49"",""34.78"",""36.63"",""57.68"",""57.34"",""64.08""]","[""172.74"",""166.28"",""166.66"",""166.73"",""167.56"",""165.37""]","[""172.80"",""166.43"",""166.82"",""166.66"",""167.52"",""164.76""]","[""172.74"",""166.18"",""166.56"",""166.68"",""167.66"",""165.44""]","[""172.76"",""166.28"",""166.65"",""166.68"",""167.60"",""165.31""]","[""173.74"",""170.62"",""169.69"",""169.20"",""169.01"",""168.24""]","[""1.00"",""1.00"",""5.33"",""6.32"",""3.97"",""4.92""]","[""0.1911"",""0.1606"",""0.1154"",""0.0949"",""0.0929"",""0.1549""]","[""-0.09"",""-0.23"",""-0.12"",""0.05"",""0.06"",""0.16""]","[""-0.66"",""-2.76"",""-1.90"",""-1.41"",""-0.80"",""-1.55""]"
2025-09-30 8:17:37,Bear Spreads,Fifth Third Bancorp,FITB,1.7,44.7,2025-10-17 0:00:00,1,2025-09-05 9:34:24,2025-11-21 0:00:00,45.4,0.0205,0.0374,0.0286,,46,1,43,2.3,1.3,1.46,4,2,"[""-0.048696"",""-0.039456"",""-0.045978"",""-0.044022"",""-0.063478""]",,"[""0.048696"",""0.039456"",""0.045978"",""0.044022"",""0.063478""]","[""0.000000"",""0.000000"",""0.000000"",""0.000000"",""0.000000""]",44.55,44.35,44.22,44.41,43.79,,,"[{""o"":""43.94"",""h"":""44.67"",""l"":""43.76"",""c"":""44.53"",""v"":2562162,""src"":""BACKFILL""},{""o"":""44.37"",""h"":""44.74"",""l"":""44.19"",""c"":""44.34"",""v"":3168859,""src"":""BACKFILL""},{""o"":""44.29"",""h"":""44.48"",""l"":""43.88"",""c"":""44.22"",""v"":2780135,""src"":""BACKFILL""},{""o"":""44.34"",""h"":""44.75"",""l"":""43.97"",""c"":""44.41"",""v"":1939820,""src"":""BACKFILL""},{""o"":""44.10"",""h"":""45.32"",""l"":""43.08"",""c"":""43.79"",""v"":39540613,""src"":""BACKFILL""}]","[""46.93"",""36.62"",""49.64"",""44.42"",""70.80""]","[""44.56"",""44.40"",""44.23"",""44.43"",""43.61""]","[""44.52"",""44.37"",""44.22"",""44.46"",""43.53""]","[""44.57"",""44.38"",""44.23"",""44.40"",""43.75""]","[""44.56"",""44.39"",""44.23"",""44.42"",""43.65""]","[""44.41"",""44.42"",""44.33"",""44.34"",""44.04""]","[""0.00"",""3.68"",""4.67"",""5.17"",""0.00""]","[""0.0353"",""0.0252"",""0.0257"",""0.0224"",""0.0617""]","[""-0.07"",""-0.14"",""-0.01"",""-0.05"",""0.41""]","[""0.26"",""-0.19"",""-0.24"",""0.15"",""-0.57""]"
2025-09-30 8:17:37,Bear Spreads,WEC Energy Group Inc.,WEC,2.6,112.6,2025-10-30 0:00:00,1,2025-09-25 12:13:10,2025-11-21 0:00:00,114.22,0.0059,0.0227,0.021,,115,1.5,110,3.9,2.4,,,,"[""-0.011652"",""-0.017783"",""-0.029826"",""-0.022174"",""-0.013826""]",,"[""0.011652"",""0.017783"",""0.029826"",""0.022174"",""0.013826""]","[""0.000000"",""0.000000"",""0.000000"",""0.000000"",""0.000000""]",114.59,112.99,112.03,113.29,114.55,,,"[{""o"":""113.79"",""h"":""114.85"",""l"":""113.66"",""c"":""114.59"",""v"":1175689,""src"":""BACKFILL""},{""o"":""114.38"",""h"":""114.64"",""l"":""112.96"",""c"":""112.98"",""v"":1577869,""src"":""BACKFILL""},{""o"":""112.33"",""h"":""112.70"",""l"":""111.57"",""c"":""112.03"",""v"":1878107,""src"":""BACKFILL""},{""o"":""113.07"",""h"":""114.10"",""l"":""112.45"",""c"":""113.29"",""v"":1911226,""src"":""BACKFILL""},{""o"":""113.94"",""h"":""114.63"",""l"":""113.41"",""c"":""114.55"",""v"":1103205,""src"":""BACKFILL""}]","[""48.67"",""31.50"",""72.31"",""40.06"",""60.32""]","[""114.60"",""113.21"",""111.78"",""113.35"",""114.51""]","[""114.64"",""113.35"",""111.76"",""113.48"",""114.37""]","[""114.58"",""113.10"",""111.88"",""113.28"",""114.54""]","[""114.60"",""113.20"",""111.81"",""113.35"",""114.50""]","[""114.36"",""113.96"",""113.17"",""113.30"",""113.43""]","[""4.16"",""4.08"",""3.30"",""6.26"",""0.00""]","[""0.0718"",""0.0875"",""0.0724"",""0.0631"",""0.0476""]","[""-0.01"",""-0.20"",""0.23"",""-0.06"",""0.04""]","[""0.20"",""-0.86"",""-1.01"",""-0.01"",""0.99""]"
2025-10-01 8:17:44,Bear Spreads,"McCormick & Company, Incorporated",MKC,6.1,66.1,2025-10-07 0:00:00,1,2025-09-09 16:45:37,2025-10-17 0:00:00,66.91,0.041,0.0911,0.0582,0.0889,70,0.3,60,4.2,3.9,1.74,6,0,"[""-0.041000"",""-0.041429"",""-0.030429"",""-0.029786""]",,"[""0.041000"",""0.041429"",""0.030429"",""0.029786""]","[""0.000000"",""0.000000"",""0.000000"",""0.000000""]",67.76,68.09,68.91,68.29,,,,"[{""o"":""67.33"",""h"":""68.04"",""l"":""67.13"",""c"":""67.78"",""v"":1772875,""src"":""BACKFILL""},{""o"":""67.38"",""h"":""68.21"",""l"":""67.10"",""c"":""68.11"",""v"":2565412,""src"":""BACKFILL""},{""o"":""67.87"",""h"":""69.01"",""l"":""67.87"",""c"":""68.93"",""v"":3455854,""src"":""BACKFILL""},{""o"":""68.76"",""h"":""69.09"",""l"":""67.92"",""c"":""68.29"",""v"":4741980,""src"":""BACKFILL""}]","[""45.77"",""50.07"",""66.31"",""43.52""]","[""67.81"",""68.11"",""68.83"",""68.39""]","[""67.82"",""68.07"",""68.72"",""68.28""]","[""67.79"",""68.15"",""68.87"",""68.36""]","[""67.80"",""68.12"",""68.83"",""68.37""]","[""67.70"",""67.83"",""68.17"",""68.32""]","[""3.40"",""3.96"",""8.39"",""0.00""]","[""0.0570"",""0.0425"",""0.0540"",""0.0648""]","[""-0.05"",""0.00"",""0.15"",""-0.14""]","[""0.11"",""0.42"",""1.12"",""-0.04""]"
2025-10-01 8:17:44,Bear Spreads,Cemex S.A.B. de C.V.,CX,0.6,8.6,2025-10-28 0:00:00,1,2025-09-25 11:28:26,2025-11-21 0:00:00,8.99,0.0558,0.0667,0.0444,,9,0.15,8,0.55,0.4,3.33,5,5,"[""-0.014444"",""-0.030000"",""-0.007778"",""-0.002222""]",,"[""0.014444"",""0.030000"",""0.007778"",""0.002222""]","[""0.007767"",""0.006667"",""0.012222"",""0.013889""]",8.89,9.06,9.07,8.99,,,,"[{""o"":""9.02"",""h"":""9.07"",""l"":""8.87"",""c"":""8.88"",""v"":4366872,""src"":""BACKFILL""},{""o"":""8.89"",""h"":""9.06"",""l"":""8.73"",""c"":""9.05"",""v"":7824304,""src"":""BACKFILL""},{""o"":""9.07"",""h"":""9.11"",""l"":""8.93"",""c"":""9.07"",""v"":8861247,""src"":""BACKFILL""},{""o"":""9.10"",""h"":""9.13"",""l"":""8.98"",""c"":""8.99"",""v"":5025862,""src"":""BACKFILL""}]","[""37.67"",""66.98"",""75.02"",""52.42""]","[""8.89"",""9.04"",""9.05"",""8.99""]","[""8.89"",""9.02"",""9.04"",""8.99""]","[""8.89"",""9.04"",""9.06"",""8.99""]","[""8.89"",""9.04"",""9.05"",""8.99""]","[""8.96"",""8.94"",""8.98"",""8.98""]","[""2.36"",""4.17"",""5.33"",""0.00""]","[""0.0090"",""0.0101"",""0.0095"",""0.0084""]","[""-0.16"",""0.18"",""0.25"",""0.04""]","[""-0.92"",""1.29"",""1.11"",""0.06""]"
2025-10-01 8:17:44,Bear Spreads,Huntington Bancshares Incorporated,HBAN,1.15,17.15,2025-10-17 0:00:00,1,2025-09-15 8:07:24,2025-11-21 0:00:00,17.27,0.0215,0.0665,0.0492,,18,0.25,16,1.1,0.85,1.45,6,2,"[""-0.053889"",""-0.061661"",""-0.051111"",""-0.073333""]",,"[""0.053889"",""0.061661"",""0.051111"",""0.073333""]","[""0.000000"",""0.000000"",""0.000000"",""0.000000""]",17.04,17.04,17.21,16.71,,,,"[{""o"":""17.15"",""h"":""17.24"",""l"":""17.03"",""c"":""17.03"",""v"":27774401,""src"":""BACKFILL""},{""o"":""17.00"",""h"":""17.13"",""l"":""16.89"",""c"":""17.03"",""v"":24990218,""src"":""BACKFILL""},{""o"":""17.11"",""h"":""17.32"",""l"":""17.08"",""c"":""17.20"",""v"":24650589,""src"":""BACKFILL""},{""o"":""17.29"",""h"":""17.53"",""l"":""16.68"",""c"":""16.71"",""v"":40149908,""src"":""BACKFILL""}]","[""31.22"",""32.79"",""45.00"",""48.99""]","[""17.07"",""17.05"",""17.21"",""16.71""]","[""17.07"",""17.07"",""17.22"",""16.71""]","[""17.06"",""17.04"",""17.20"",""16.71""]","[""17.06"",""17.05"",""17.21"",""16.71""]","[""17.11"",""17.05"",""17.10"",""17.05""]","[""3.89"",""4.18"",""2.70"",""0.00""]","[""0.0156"",""0.0132"",""0.0139"",""0.0157""]","[""-0.19"",""-0.13"",""-0.04"",""0.01""]","[""-0.44"",""-0.14"",""0.59"",""-2.00""]"
2025-10-01 8:17:44,Bear Spreads,Regions Financial Corporation,RF,1.15,26.15,2025-10-17 0:00:00,1,2025-09-22 8:23:55,2025-11-21 0:00:00,26.37,0.0156,0.0436,0.0322,,27,0.5,25,1.35,0.85,3.92,7,7,"[""-0.032407"",""-0.041111"",""-0.028519"",""-0.044074""]",,"[""0.032407"",""0.041111"",""0.028519"",""0.044074""]","[""0.000000"",""0.000000"",""0.000000"",""0.000000""]",26.21,26.2,26.39,25.86,,,,"[{""o"":""26.34"",""h"":""26.45"",""l"":""26.13"",""c"":""26.19"",""v"":13834438,""src"":""BACKFILL""},{""o"":""26.12"",""h"":""26.28"",""l"":""25.89"",""c"":""26.19"",""v"":19336027,""src"":""BACKFILL""},{""o"":""26.31"",""h"":""26.57"",""l"":""26.23"",""c"":""26.38"",""v"":18888712,""src"":""BACKFILL""},{""o"":""26.46"",""h"":""26.87"",""l"":""25.81"",""c"":""25.86"",""v"":25554376,""src"":""BACKFILL""}]","[""47.02"",""42.40"",""40.62"",""33.88""]","[""26.21"",""26.21"",""26.40"",""25.90""]","[""26.19"",""26.22"",""26.42"",""25.91""]","[""26.20"",""26.19"",""26.37"",""25.89""]","[""26.20"",""26.20"",""26.39"",""25.90""]","[""26.24"",""26.15"",""26.24"",""26.20""]","[""2.35"",""2.69"",""2.84"",""0.00""]","[""0.0188"",""0.0156"",""0.0208"",""0.0187""]","[""-0.04"",""-0.06"",""-0.10"",""-0.16""]","[""-0.17"",""0.15"",""0.51"",""-1.28""]"
2025-10-02 8:17:36,Bear Spreads,"McCormick & Company, Incorporated",MKC,6.55,66.55,2025-10-07 0:00:00,1,2025-09-09 16:45:37,2025-10-17 0:00:00,67.76,0.041,0.0966,0.0509,0.0885,70,0.25,60,3.7,3.45,1.74,6,0,"[""-0.033714"",""-0.030429"",""-0.029786""]",,"[""0.033714"",""0.030429"",""0.029786""]","[""0.000000"",""0.000000"",""0.000000""]",68.09,68.91,68.29,,,,,"[{""o"":""67.68"",""h"":""68.21"",""l"":""67.64"",""c"":""68.11"",""v"":1950226,""src"":""BACKFILL""},{""o"":""67.87"",""h"":""69.01"",""l"":""67.87"",""c"":""68.93"",""v"":3455854,""src"":""BACKFILL""},{""o"":""68.76"",""h"":""69.09"",""l"":""67.92"",""c"":""68.29"",""v"":4741980,""src"":""BACKFILL""}]","[""50.07"",""66.31"",""43.52""]","[""68.11"",""68.83"",""68.39""]","[""68.07"",""68.72"",""68.28""]","[""68.15"",""68.87"",""68.36""]","[""68.12"",""68.83"",""68.37""]","[""67.99"",""68.37"",""68.46""]","[""3.96"",""8.39"",""0.00""]","[""0.0425"",""0.0540"",""0.0648""]","[""0.00"",""0.15"",""-0.14""]","[""0.18"",""0.81"",""-0.25""]"
2025-10-02 8:17:36,Bear Spreads,Portland General Electric Co.,POR,3.1,43.1,2025-10-31 0:00:00,1,2025-09-30 19:03:36,2025-11-21 0:00:00,43.37,0.0201,0.0714,0.0438,,45,0.25,40,2.15,1.9,,,,"[""-0.053887"",""-0.045556"",""-0.040889""]",,"[""0.053887"",""0.045556"",""0.040889""]","[""0.000000"",""0.000000"",""0.000000""]",42.86,43.17,43.73,,,,,"[{""o"":""42.83"",""h"":""42.97"",""l"":""42.58"",""c"":""42.85"",""v"":807905,""src"":""BACKFILL""},{""o"":""42.95"",""h"":""43.38"",""l"":""42.95"",""c"":""43.17"",""v"":1155169,""src"":""BACKFILL""},{""o"":""43.16"",""h"":""43.99"",""l"":""43.16"",""c"":""43.73"",""v"":1233743,""src"":""BACKFILL""}]","[""65.59"",""55.03"",""63.50""]","[""42.77"",""43.15"",""43.70""]","[""42.75"",""43.15"",""43.66""]","[""42.81"",""43.15"",""43.71""]","[""42.78"",""43.15"",""43.70""]","[""42.79"",""43.03"",""43.28""]","[""2.82"",""2.19"",""0.00""]","[""0.0274"",""0.0263"",""0.0211""]","[""0.18"",""0.04"",""0.08""]","[""0.14"",""0.33"",""1.03""]"
2025-10-02 8:17:36,Bear Spreads,"Republic Services, Inc.",RSG,12.65,222.65,2025-10-30 0:00:00,3,2025-09-30 17:48:28,2025-11-21 0:00:00,227.29,0.0348,0.0556,0.0323,,230,1.55,210,8.9,7.35,,,,"[""-0.033217"",""-0.034652"",""-0.033391""]",,"[""0.033217"",""0.034652"",""0.033391""]","[""0.000000"",""0.000000"",""0.000000""]",222.57,224.15,223.18,,,,,"[{""o"":""223.51"",""h"":""223.77"",""l"":""222.36"",""c"":""222.57"",""v"":779907,""src"":""BACKFILL""},{""o"":""222.57"",""h"":""225.76"",""l"":""222.03"",""c"":""224.15"",""v"":866427,""src"":""BACKFILL""},{""o"":""224.09"",""h"":""224.32"",""l"":""222.32"",""c"":""223.18"",""v"":785339,""src"":""BACKFILL""}]","[""49.31"",""29.60"",""62.86""]","[""222.60"",""224.54"",""223.00""]","[""222.60"",""224.75"",""222.67""]","[""222.54"",""224.24"",""223.06""]","[""222.57"",""224.46"",""222.95""]","[""222.94"",""223.75"",""223.56""]","[""4.38"",""4.83"",""0.00""]","[""0.1163"",""0.1140"",""0.1295""]","[""-0.01"",""-0.17"",""0.08""]","[""-0.17"",""0.18"",""-0.17""]"
2025-10-02 8:17:36,Bear Spreads,Ecolab Inc.,ECL,12.8,262.8,2025-10-28 0:00:00,1,2025-09-16 17:24:03,2025-11-21 0:00:00,269.71,0.0403,0.0474,0.0266,,270,2.3,250,9.5,7.2,0.83,8,0,"[""0.015963"",""0.031741"",""0.038185""]",0,"[""0.000000"",""0.000000"",""0.000000""]","[""0.015963"",""0.031741"",""0.038185""]",274,276.59,279.74,,,,,"[{""o"":""270.38"",""h"":""274.31"",""l"":""270.38"",""c"":""274.01"",""v"":780360,""src"":""BACKFILL""},{""o"":""273.36"",""h"":""278.57"",""l"":""273.36"",""c"":""276.59"",""v"":829248,""src"":""BACKFILL""},{""o"":""277.74"",""h"":""280.31"",""l"":""276.00"",""c"":""279.74"",""v"":628683,""src"":""BACKFILL""}]","[""57.24"",""41.93"",""56.43""]","[""273.77"",""276.80"",""279.64""]","[""273.93"",""277.07"",""279.53""]","[""273.81"",""276.58"",""279.65""]","[""273.80"",""276.78"",""279.62""]","[""272.93"",""275.15"",""276.24""]","[""5.37"",""6.23"",""0.00""]","[""0.1569"",""0.1859"",""0.1325""]","[""0.09"",""-0.08"",""0.03""]","[""0.39"",""0.52"",""1.27""]"
2025-10-02 8:17:36,Bear Spreads,Synchrony Financial,SYF,3,68,2025-10-15 0:00:00,1,2025-09-17 8:04:53,2025-10-17 0:00:00,69.84,0.0354,0.0429,0.0286,0.0648,70,0.9,65,2.9,2,4.74,9,7,"[""-0.013213"",""0.027357"",""0.000000"",""-0.002500"",""0.030857""]",1,"[""0.013213"",""0.000000"",""0.000000"",""0.002500"",""0.000000""]","[""0.007286"",""0.027357"",""0.033500"",""0.021000"",""0.030857""]",70.28,71.23,71.38,70.9,70.97,,,"[{""o"":""69.29"",""h"":""70.51"",""l"":""69.08"",""c"":""70.27"",""v"":2008259,""src"":""BACKFILL""},{""o"":""70.65"",""h"":""71.92"",""l"":""70.37"",""c"":""71.22"",""v"":2780656,""src"":""BACKFILL""},{""o"":""71.85"",""h"":""72.35"",""l"":""70.00"",""c"":""71.39"",""v"":2439705,""src"":""BACKFILL""},{""o"":""70.69"",""h"":""71.47"",""l"":""69.82"",""c"":""70.90"",""v"":2240057,""src"":""BACKFILL""},{""o"":""71.40"",""h"":""72.16"",""l"":""70.16"",""c"":""70.97"",""v"":2973165,""src"":""BACKFILL""}]","[""51.30"",""54.70"",""53.90"",""54.11"",""52.06""]","[""70.25"",""71.17"",""71.36"",""70.88"",""70.98""]","[""70.31"",""71.20"",""71.36"",""70.83"",""70.91""]","[""70.22"",""71.21"",""71.38"",""70.87"",""70.99""]","[""70.25"",""71.19"",""71.36"",""70.86"",""70.96""]","[""69.94"",""70.73"",""70.95"",""70.89"",""71.00""]","[""4.03"",""4.70"",""5.07"",""3.50"",""0.00""]","[""0.0514"",""0.0477"",""0.0546"",""0.0609"",""0.0597""]","[""0.03"",""0.07"",""0.04"",""0.02"",""-0.01""]","[""0.48"",""0.69"",""0.63"",""0.01"",""-0.04""]"
2025-10-03 8:17:38,Bear Spreads,Byrna Technologies Inc.,BYRN,3.3,20.8,2025-10-09 0:00:00,1,2025-09-25 8:14:16,2025-10-17 0:00:00,22.25,0.1024,0.1483,0.0764,0.1596,22.5,0.15,17.5,1.85,1.7,2.04,5,1,"[""-0.010667"",""-0.004622"",""-0.008000"",""-0.041778""]",,"[""0.010667"",""0.004622"",""0.008000"",""0.041778""]","[""0.016000"",""0.043556"",""0.069778"",""0.036889""]",22.6,23.13,22.62,22.8,,,,"[{""o"":""22.78"",""h"":""22.86"",""l"":""22.26"",""c"":""22.57"",""v"":261496,""src"":""BACKFILL""},{""o"":""23.19"",""h"":""23.48"",""l"":""22.40"",""c"":""23.08"",""v"":592161,""src"":""BACKFILL""},{""o"":""23.06"",""h"":""24.07"",""l"":""22.32"",""c"":""22.62"",""v"":506642,""src"":""BACKFILL""},{""o"":""22.80"",""h"":""23.33"",""l"":""21.56"",""c"":""22.80"",""v"":610472,""src"":""BACKFILL""}]","[""40.55"",""32.39"",""53.23"",""30.71""]","[""22.65"",""23.25"",""22.60"",""23.02""]","[""22.69"",""23.34"",""22.61"",""23.10""]","[""22.63"",""23.17"",""22.61"",""22.89""]","[""22.64"",""23.24"",""22.60"",""22.98""]","[""22.63"",""22.94"",""22.91"",""22.84""]","[""3.80"",""4.15"",""2.54"",""0.00""]","[""0.0359"",""0.0542"",""0.0287"",""0.0608""]","[""-0.34"",""-0.74"",""0.08"",""-0.95""]","[""-0.25"",""0.60"",""-1.27"",""-0.18""]"
2025-10-03 8:17:38,Bear Spreads,WM,WM,13.2,213.2,2025-10-27 0:00:00,3,2025-09-23 17:14:22,2025-11-21 0:00:00,216.91,0.0399,0.0608,0.0313,,220,1.5,200,8.3,6.8,2.88,8,2,"[""-0.002091"",""-0.013568"",""-0.017500"",""-0.013273""]",,"[""0.002091"",""0.013568"",""0.017500"",""0.013273""]","[""0.004591"",""0.000000"",""0.000000"",""0.002591""]",219.76,217.69,217.56,219.98,,,,"[{""o"":""219.59"",""h"":""221.01"",""l"":""219.54"",""c"":""219.79"",""v"":658989,""src"":""BACKFILL""},{""o"":""219.27"",""h"":""220.00"",""l"":""217.01"",""c"":""217.65"",""v"":816339,""src"":""BACKFILL""},{""o"":""217.64"",""h"":""218.26"",""l"":""216.15"",""c"":""217.56"",""v"":753721,""src"":""BACKFILL""},{""o"":""217.58"",""h"":""220.57"",""l"":""217.08"",""c"":""219.98"",""v"":908728,""src"":""BACKFILL""}]","[""36.16"",""57.91"",""70.59"",""42.75""]","[""220.03"",""217.58"",""217.20"",""220.08""]","[""220.13"",""217.32"",""217.15"",""220.23""]","[""219.85"",""217.59"",""217.42"",""220.05""]","[""219.98"",""217.53"",""217.28"",""220.10""]","[""220.21"",""219.11"",""218.45"",""218.71""]","[""4.62"",""5.99"",""3.32"",""0.00""]","[""0.0977"",""0.1157"",""0.1012"",""0.1127""]","[""-0.11"",""0.03"",""0.17"",""-0.05""]","[""-0.19"",""-0.66"",""-0.41"",""0.58""]"
2025-10-04 8:17:37,Bear Spreads,TechnipFMC,FTI,4.65,36.65,2025-10-23 0:00:00,1,2025-09-18 16:18:18,2025-11-21 0:00:00,38.04,0.0585,0.1222,0.0617,,39,0.25,32,2.6,2.35,4.67,7,7,"[""-0.033972"",""-0.033097"",""-0.052821""]",,"[""0.033972"",""0.033097"",""0.052821""]","[""0.000000"",""0.000000"",""0.000000""]",38.01,38.21,37.92,,,,,"[{""o"":""38.11"",""h"":""38.49"",""l"":""37.38"",""c"":""38.02"",""v"":3215580,""src"":""BACKFILL""},{""o"":""38.36"",""h"":""38.89"",""l"":""37.71"",""c"":""38.21"",""v"":2633803,""src"":""BACKFILL""},{""o"":""38.38"",""h"":""38.75"",""l"":""36.94"",""c"":""37.91"",""v"":2578380,""src"":""BACKFILL""},{""o"":""37.91"",""h"":""38.19"",""l"":""36.57"",""c"":""36.90"",""v"":1548233,""src"":""BACKFILL""}]","[""42.74"",""68.59"",""56.12"",""62.55""]","[""38.06"",""38.14"",""37.91"",""36.89""]","[""38.02"",""38.08"",""37.78"",""36.79""]","[""38.05"",""38.17"",""37.94"",""36.89""]","[""38.05"",""38.14"",""37.90"",""36.88""]","[""37.90"",""37.96"",""37.86"",""37.73""]","[""3.61"",""4.67"",""4.21"",""0.00""]","[""0.0245"",""0.0255"",""0.0331"",""0.0196""]","[""-0.11"",""0.18"",""0.00"",""0.04""]","[""0.31"",""0.63"",""0.12"",""-2.18""]"
2025-10-04 8:17:37,Bear Spreads,Mohawk Industries Inc.,MHK,13.05,123.05,2025-10-23 0:00:00,3,2025-10-03 9:27:47,2025-11-21 0:00:00,129.17,0.0754,0.101,0.0538,,130,1.55,110,8.5,6.95,3.31,7,5,"[""-0.030000"",""-0.059615"",""-0.064846""]",,"[""0.030000"",""0.059615"",""0.064846""]","[""0.000000"",""0.000000"",""0.000000""]",126.17,122.58,122.25,,,,,"[{""o"":""128.97"",""h"":""129.52"",""l"":""126.10"",""c"":""126.16"",""v"":382289,""src"":""BACKFILL""},{""o"":""125.15"",""h"":""125.41"",""l"":""122.25"",""c"":""122.58"",""v"":549768,""src"":""BACKFILL""},{""o"":""122.70"",""h"":""123.15"",""l"":""121.57"",""c"":""122.21"",""v"":661532,""src"":""BACKFILL""},{""o"":""122.11"",""h"":""122.11"",""l"":""119.41"",""c"":""119.61"",""v"":178521,""src"":""BACKFILL""}]","[""40.34"",""39.66"",""55.03"",""46.77""]","[""126.31"",""122.89"",""122.19"",""119.66""]","[""126.32"",""122.73"",""121.98"",""119.71""]","[""126.31"",""122.68"",""122.19"",""119.60""]","[""126.33"",""122.77"",""122.15"",""119.64""]","[""126.89"",""124.68"",""123.63"",""123.28""]","[""3.59"",""3.62"",""2.82"",""0.00""]","[""0.1071"",""0.1030"",""0.1156"",""0.0644""]","[""-0.12"",""-0.26"",""0.02"",""-0.04""]","[""-0.57"",""-1.69"",""-1.15"",""-2.98""]"
2025-10-04 8:17:37,Bear Spreads,"Winnebago Industries, Inc.",WGO,2.7,32.7,2025-10-22 0:00:00,1,2025-09-25 16:10:30,2025-11-21 0:00:00,34.8,0.0704,0.0775,0.066,,35,0.8,30,3.1,2.3,1.61,6,0,"[""-0.061429"",""-0.088571"",""-0.088571""]",,"[""0.061429"",""0.088571"",""0.088571""]","[""0.000000"",""0.000000"",""0.000000""]",32.87,32.11,32.13,,,,,"[{""o"":""34.84"",""h"":""34.84"",""l"":""32.85"",""c"":""32.85"",""v"":413207,""src"":""BACKFILL""},{""o"":""32.82"",""h"":""33.25"",""l"":""31.90"",""c"":""32.11"",""v"":369952,""src"":""BACKFILL""},{""o"":""32.11"",""h"":""32.51"",""l"":""31.90"",""c"":""32.13"",""v"":249930,""src"":""BACKFILL""},{""o"":""31.90"",""h"":""31.94"",""l"":""31.16"",""c"":""31.50"",""v"":269404,""src"":""BACKFILL""}]","[""26.62"",""54.65"",""54.06"",""51.91""]","[""33.00"",""32.10"",""32.11"",""31.51""]","[""33.08"",""32.03"",""32.07"",""31.48""]","[""32.96"",""32.09"",""32.14"",""31.48""]","[""33.01"",""32.08"",""32.12"",""31.49""]","[""33.27"",""32.82"",""32.66"",""32.41""]","[""6.38"",""3.40"",""3.71"",""0.00""]","[""0.0467"",""0.0425"",""0.0300"",""0.0229""]","[""-0.45"",""0.03"",""0.07"",""-0.02""]","[""-1.27"",""-2.17"",""-1.62"",""-2.79""]"
2025-10-04 8:17:37,Bear Spreads,"Travelers Companies, Inc.",TRV,21.05,281.05,2025-10-16 0:00:00,1,2025-09-15 11:03:48,2025-10-17 0:00:00,284.56,0.0538,0.0739,0.0314,0.0499,290,0.75,260,9.7,8.95,5.41,8,8,"[""-0.028190"",""-0.024862"",""-0.028069""]",,"[""0.028190"",""0.024862"",""0.028069""]","[""0.000000"",""0.000000"",""0.000000""]",282.73,284.97,282.76,,,,,"[{""o"":""285.01"",""h"":""285.69"",""l"":""281.83"",""c"":""282.83"",""v"":638667,""src"":""BACKFILL""},{""o"":""282.79"",""h"":""286.89"",""l"":""282.79"",""c"":""284.98"",""v"":579863,""src"":""BACKFILL""},{""o"":""287.95"",""h"":""287.95"",""l"":""281.86"",""c"":""282.80"",""v"":576008,""src"":""BACKFILL""},{""o"":""283.06"",""h"":""284.82"",""l"":""273.88"",""c"":""274.68"",""v"":679675,""src"":""BACKFILL""}]","[""69.79"",""48.04"",""61.66"",""52.05""]","[""282.32"",""284.99"",""282.47"",""274.39""]","[""282.21"",""284.94"",""282.32"",""274.85""]","[""282.63"",""285.13"",""282.62"",""274.56""]","[""282.43"",""285.04"",""282.50"",""274.56""]","[""283.18"",""284.28"",""284.16"",""282.56""]","[""5.91"",""5.66"",""4.96"",""0.00""]","[""0.1763"",""0.1383"",""0.1668"",""0.1694""]","[""0.18"",""-0.00"",""0.12"",""0.11""]","[""-0.12"",""0.24"",""-0.48"",""-2.79""]"
2025-10-04 8:17:37,Bear Spreads,"Albertsons Companies, Inc.",ACI,0.9,16.9,2025-10-14 0:00:00,1,2025-09-30 17:48:00,2025-10-17 0:00:00,17.38,0.0274,0.0517,0.0345,0.0503,17.5,0.05,16,0.65,0.6,-0.22,8,-6,"[""-0.042857"",""-0.045714"",""-0.020000""]",,"[""0.042857"",""0.045714"",""0.020000""]","[""0.000000"",""0.000000"",""0.000000""]",16.8,17.2,17.35,,,,,"[{""o"":""17.30"",""h"":""17.35"",""l"":""16.75"",""c"":""16.80"",""v"":7626615,""src"":""BACKFILL""},{""o"":""16.81"",""h"":""17.22"",""l"":""16.70"",""c"":""17.20"",""v"":7156093,""src"":""BACKFILL""},{""o"":""17.28"",""h"":""17.37"",""l"":""17.15"",""c"":""17.34"",""v"":6230603,""src"":""BACKFILL""},{""o"":""17.45"",""h"":""17.65"",""l"":""17.19"",""c"":""17.20"",""v"":4383222,""src"":""BACKFILL""}]","[""48.94"",""75.17"",""52.51"",""40.93""]","[""16.79"",""17.15"",""17.34"",""17.21""]","[""16.82"",""17.12"",""17.31"",""17.22""]","[""16.80"",""17.19"",""17.35"",""17.20""]","[""16.80"",""17.16"",""17.34"",""17.21""]","[""16.96"",""16.99"",""17.08"",""17.13""]","[""2.53"",""4.11"",""5.71"",""0.00""]","[""0.0197"",""0.0170"",""0.0145"",""0.0091""]","[""0.06"",""0.27"",""-0.00"",""-0.07""]","[""-0.93"",""1.25"",""1.54"",""0.40""]"
2025-10-04 8:17:37,Bear Spreads,First Horizon National Corp,FHN,1.15,22.15,2025-10-15 0:00:00,1,2025-09-22 8:17:26,2025-10-17 0:00:00,22.56,0.0263,0.0509,0.0376,0.0499,23,0.15,21,1,0.85,3.78,8,6,"[""-0.015000"",""-0.001957"",""-0.011304""]",,"[""0.015000"",""0.001957"",""0.011304""]","[""0.020435"",""0.014348"",""0.012174""]",23.05,22.98,23.06,,,,,"[{""o"":""23.00"",""h"":""23.47"",""l"":""22.66"",""c"":""23.06"",""v"":15270859,""src"":""BACKFILL""},{""o"":""23.16"",""h"":""23.33"",""l"":""22.95"",""c"":""23.00"",""v"":9509716,""src"":""BACKFILL""},{""o"":""23.16"",""h"":""23.28"",""l"":""22.74"",""c"":""23.08"",""v"":12377857,""src"":""BACKFILL""},{""o"":""23.15"",""h"":""23.37"",""l"":""23.01"",""c"":""23.22"",""v"":12380247,""src"":""BACKFILL""}]","[""44.57"",""41.76"",""70.95"",""50.18""]","[""23.08"",""23.02"",""23.00"",""23.21""]","[""23.07"",""23.02"",""22.97"",""23.23""]","[""23.08"",""23.02"",""23.04"",""23.21""]","[""23.08"",""23.02"",""23.01"",""23.21""]","[""23.16"",""23.12"",""23.09"",""23.12""]","[""3.40"",""3.10"",""3.86"",""0.00""]","[""0.0213"",""0.0166"",""0.0247"",""0.0173""]","[""-0.07"",""-0.07"",""0.31"",""0.03""]","[""-0.44"",""-0.52"",""-0.06"",""0.43""]"
2025-10-05 8:17:45,Bear Spreads,TechnipFMC,FTI,4.65,36.65,2025-10-23 0:00:00,1,2025-09-18 16:18:18,2025-11-21 0:00:00,38.04,0.0585,0.1222,0.0617,,39,0.25,32,2.6,2.35,4.67,7,7,"[""-0.033972"",""-0.033097"",""-0.052821""]",,"[""0.033972"",""0.033097"",""0.052821""]","[""0.000000"",""0.000000"",""0.000000""]",38.01,38.21,37.92,,,,,"[{""o"":""38.11"",""h"":""38.49"",""l"":""37.38"",""c"":""38.02"",""v"":3215580,""src"":""BACKFILL""},{""o"":""38.36"",""h"":""38.89"",""l"":""37.71"",""c"":""38.21"",""v"":2633803,""src"":""BACKFILL""},{""o"":""38.38"",""h"":""38.75"",""l"":""36.94"",""c"":""37.91"",""v"":2578380,""src"":""BACKFILL""},{""o"":""37.91"",""h"":""38.19"",""l"":""36.57"",""c"":""36.88"",""v"":1555515,""src"":""BACKFILL""}]","[""42.74"",""68.59"",""56.12"",""54.19""]","[""38.06"",""38.14"",""37.91"",""36.89""]","[""38.02"",""38.08"",""37.78"",""36.79""]","[""38.05"",""38.17"",""37.94"",""36.90""]","[""38.05"",""38.14"",""37.90"",""36.88""]","[""37.90"",""37.96"",""37.86"",""37.73""]","[""3.61"",""4.67"",""4.21"",""0.00""]","[""0.0245"",""0.0255"",""0.0331"",""0.0205""]","[""-0.11"",""0.18"",""0.00"",""-0.01""]","[""0.31"",""0.63"",""0.12"",""-2.23""]"
2025-10-05 8:17:45,Bear Spreads,Mohawk Industries Inc.,MHK,13.05,123.05,2025-10-23 0:00:00,3,2025-10-03 9:27:47,2025-11-21 0:00:00,129.17,0.0754,0.101,0.0538,,130,1.55,110,8.5,6.95,3.31,7,5,"[""-0.030000"",""-0.059615"",""-0.064846""]",,"[""0.030000"",""0.059615"",""0.064846""]","[""0.000000"",""0.000000"",""0.000000""]",126.17,122.58,122.25,,,,,"[{""o"":""128.97"",""h"":""129.52"",""l"":""126.10"",""c"":""126.16"",""v"":382289,""src"":""BACKFILL""},{""o"":""125.15"",""h"":""125.41"",""l"":""122.25"",""c"":""122.58"",""v"":549768,""src"":""BACKFILL""},{""o"":""122.70"",""h"":""123.15"",""l"":""121.57"",""c"":""122.21"",""v"":661532,""src"":""BACKFILL""},{""o"":""122.11"",""h"":""122.11"",""l"":""119.41"",""c"":""119.63"",""v"":180921,""src"":""BACKFILL""}]","[""40.34"",""39.66"",""55.03"",""48.20""]","[""126.31"",""122.89"",""122.19"",""119.66""]","[""126.32"",""122.73"",""121.98"",""119.70""]","[""126.31"",""122.68"",""122.19"",""119.60""]","[""126.33"",""122.77"",""122.15"",""119.64""]","[""126.89"",""124.68"",""123.63"",""123.27""]","[""3.59"",""3.62"",""2.82"",""0.00""]","[""0.1071"",""0.1030"",""0.1156"",""0.0616""]","[""-0.12"",""-0.26"",""0.02"",""-0.02""]","[""-0.57"",""-1.69"",""-1.15"",""-2.96""]"
2025-10-05 8:17:45,Bear Spreads,"Winnebago Industries, Inc.",WGO,2.7,32.7,2025-10-22 0:00:00,1,2025-09-25 16:10:30,2025-11-21 0:00:00,34.8,0.0704,0.0775,0.066,,35,0.8,30,3.1,2.3,1.61,6,0,"[""-0.061429"",""-0.088571"",""-0.088571""]",,"[""0.061429"",""0.088571"",""0.088571""]","[""0.000000"",""0.000000"",""0.000000""]",32.87,32.11,32.13,,,,,"[{""o"":""34.84"",""h"":""34.84"",""l"":""32.85"",""c"":""32.85"",""v"":413207,""src"":""BACKFILL""},{""o"":""32.82"",""h"":""33.25"",""l"":""31.90"",""c"":""32.11"",""v"":369952,""src"":""BACKFILL""},{""o"":""32.11"",""h"":""32.51"",""l"":""31.90"",""c"":""32.13"",""v"":249930,""src"":""BACKFILL""},{""o"":""31.90"",""h"":""31.94"",""l"":""31.16"",""c"":""31.52"",""v"":269950,""src"":""BACKFILL""}]","[""26.62"",""54.65"",""54.06"",""54.63""]","[""33.00"",""32.10"",""32.11"",""31.51""]","[""33.08"",""32.03"",""32.07"",""31.49""]","[""32.96"",""32.09"",""32.14"",""31.48""]","[""33.01"",""32.08"",""32.12"",""31.50""]","[""33.27"",""32.82"",""32.66"",""32.41""]","[""6.38"",""3.40"",""3.71"",""0.00""]","[""0.0467"",""0.0425"",""0.0300"",""0.0229""]","[""-0.45"",""0.03"",""0.07"",""0.03""]","[""-1.27"",""-2.17"",""-1.62"",""-2.75""]"
2025-10-05 8:17:45,Bear Spreads,"Travelers Companies, Inc.",TRV,21.05,281.05,2025-10-16 0:00:00,1,2025-09-15 11:03:48,2025-10-17 0:00:00,284.56,0.0538,0.0739,0.0314,0.0499,290,0.75,260,9.7,8.95,5.41,8,8,"[""-0.028190"",""-0.024862"",""-0.028069""]",,"[""0.028190"",""0.024862"",""0.028069""]","[""0.000000"",""0.000000"",""0.000000""]",282.73,284.97,282.76,,,,,"[{""o"":""285.01"",""h"":""285.69"",""l"":""281.83"",""c"":""282.83"",""v"":638667,""src"":""BACKFILL""},{""o"":""282.79"",""h"":""286.89"",""l"":""282.79"",""c"":""284.98"",""v"":579863,""src"":""BACKFILL""},{""o"":""287.95"",""h"":""287.95"",""l"":""281.86"",""c"":""282.80"",""v"":576008,""src"":""BACKFILL""},{""o"":""283.06"",""h"":""284.82"",""l"":""273.88"",""c"":""274.68"",""v"":680631,""src"":""BACKFILL""}]","[""69.79"",""48.04"",""61.66"",""52.05""]","[""282.32"",""284.99"",""282.47"",""274.39""]","[""282.21"",""284.94"",""282.32"",""274.85""]","[""282.63"",""285.13"",""282.62"",""274.56""]","[""282.43"",""285.04"",""282.50"",""274.56""]","[""283.18"",""284.28"",""284.16"",""282.56""]","[""5.91"",""5.66"",""4.96"",""0.00""]","[""0.1763"",""0.1383"",""0.1668"",""0.1694""]","[""0.18"",""-0.00"",""0.12"",""0.11""]","[""-0.12"",""0.24"",""-0.48"",""-2.79""]"
2025-10-05 8:17:45,Bear Spreads,"Bentley Systems, Incorporated",BSY,3,53,2025-11-05 0:00:00,1,2025-10-01 16:01:13,2025-11-21 0:00:00,54.99,0.0372,0.0545,0.0363,,55,0.85,50,2.85,2,,,,"[""-0.000545"",""-0.045818"",""-0.090000""]",,"[""0.000545"",""0.045818"",""0.090000""]","[""0.038909"",""0.040909"",""0.000000""]",56.79,52.57,50.91,,,,,"[{""o"":""54.98"",""h"":""57.14"",""l"":""54.97"",""c"":""56.78"",""v"":2335794,""src"":""BACKFILL""},{""o"":""56.99"",""h"":""57.25"",""l"":""52.48"",""c"":""52.57"",""v"":3219742,""src"":""BACKFILL""},{""o"":""52.47"",""h"":""53.33"",""l"":""50.05"",""c"":""50.91"",""v"":2960630,""src"":""BACKFILL""},{""o"":""50.50"",""h"":""51.73"",""l"":""50.00"",""c"":""50.74"",""v"":1581710,""src"":""BACKFILL""}]","[""56.72"",""34.48"",""56.55"",""56.34""]","[""56.73"",""52.73"",""50.86"",""50.72""]","[""56.70"",""53.03"",""50.59"",""50.69""]","[""56.76"",""52.62"",""50.95"",""50.73""]","[""56.74"",""52.74"",""50.84"",""50.72""]","[""56.40"",""54.94"",""53.77"",""53.33""]","[""3.36"",""2.67"",""2.68"",""0.00""]","[""0.0592"",""0.0928"",""0.1160"",""0.0262""]","[""0.09"",""-0.31"",""0.10"",""0.03""]","[""0.67"",""-4.31"",""-5.33"",""-4.85""]"
2025-10-05 8:17:45,Bear Spreads,"Albertsons Companies, Inc.",ACI,0.9,16.9,2025-10-14 0:00:00,1,2025-09-30 17:48:00,2025-10-17 0:00:00,17.38,0.0274,0.0517,0.0345,0.0503,17.5,0.05,16,0.65,0.6,-0.22,8,-6,"[""-0.042857"",""-0.045714"",""-0.020000""]",,"[""0.042857"",""0.045714"",""0.020000""]","[""0.000000"",""0.000000"",""0.000000""]",16.8,17.2,17.35,,,,,"[{""o"":""17.30"",""h"":""17.35"",""l"":""16.75"",""c"":""16.80"",""v"":7626615,""src"":""BACKFILL""},{""o"":""16.81"",""h"":""17.22"",""l"":""16.70"",""c"":""17.20"",""v"":7156093,""src"":""BACKFILL""},{""o"":""17.28"",""h"":""17.37"",""l"":""17.15"",""c"":""17.34"",""v"":6230603,""src"":""BACKFILL""},{""o"":""17.45"",""h"":""17.65"",""l"":""17.17"",""c"":""17.17"",""v"":4317994,""src"":""BACKFILL""}]","[""48.94"",""75.17"",""52.51"",""28.43""]","[""16.79"",""17.15"",""17.34"",""17.21""]","[""16.82"",""17.12"",""17.31"",""17.22""]","[""16.80"",""17.19"",""17.35"",""17.19""]","[""16.80"",""17.16"",""17.34"",""17.20""]","[""16.96"",""16.99"",""17.08"",""17.13""]","[""2.53"",""4.11"",""5.71"",""0.00""]","[""0.0197"",""0.0170"",""0.0145"",""0.0089""]","[""0.06"",""0.27"",""-0.00"",""-0.21""]","[""-0.93"",""1.25"",""1.54"",""0.23""]"
2025-10-05 8:17:45,Bear Spreads,First Horizon National Corp,FHN,1.15,22.15,2025-10-15 0:00:00,1,2025-09-22 8:17:26,2025-10-17 0:00:00,22.56,0.0263,0.0509,0.0376,0.0499,23,0.15,21,1,0.85,3.78,8,6,"[""-0.015000"",""-0.001957"",""-0.011304""]",,"[""0.015000"",""0.001957"",""0.011304""]","[""0.020435"",""0.014348"",""0.012174""]",23.05,22.98,23.06,,,,,"[{""o"":""23.00"",""h"":""23.47"",""l"":""22.66"",""c"":""23.06"",""v"":15270859,""src"":""BACKFILL""},{""o"":""23.16"",""h"":""23.33"",""l"":""22.95"",""c"":""23.00"",""v"":9509716,""src"":""BACKFILL""},{""o"":""23.16"",""h"":""23.28"",""l"":""22.74"",""c"":""23.08"",""v"":12377857,""src"":""BACKFILL""},{""o"":""23.15"",""h"":""23.37"",""l"":""23.01"",""c"":""23.22"",""v"":12413065,""src"":""BACKFILL""}]","[""44.57"",""41.76"",""70.95"",""51.65""]","[""23.08"",""23.02"",""23.00"",""23.21""]","[""23.07"",""23.02"",""22.97"",""23.23""]","[""23.08"",""23.02"",""23.04"",""23.21""]","[""23.08"",""23.02"",""23.01"",""23.21""]","[""23.16"",""23.12"",""23.09"",""23.12""]","[""3.40"",""3.10"",""3.86"",""0.00""]","[""0.0213"",""0.0166"",""0.0247"",""0.0177""]","[""-0.07"",""-0.07"",""0.31"",""0.04""]","[""-0.44"",""-0.52"",""-0.06"",""0.44""]"
2025-10-06 8:17:38,Bear Spreads,TechnipFMC,FTI,4.65,36.65,2025-10-23 0:00:00,1,2025-09-18 16:18:18,2025-11-21 0:00:00,38.04,0.0585,0.1222,0.0617,,39,0.25,32,2.6,2.35,4.67,7,7,"[""-0.033972"",""-0.033097"",""-0.052821""]",,"[""0.033972"",""0.033097"",""0.052821""]","[""0.000000"",""0.000000"",""0.000000""]",38.01,38.21,37.92,,,,,"[{""o"":""37.74"",""h"":""38.18"",""l"":""37.68"",""c"":""38.02"",""v"":2132447,""src"":""BACKFILL""},{""o"":""38.36"",""h"":""38.89"",""l"":""37.71"",""c"":""38.21"",""v"":2633803,""src"":""BACKFILL""},{""o"":""38.38"",""h"":""38.75"",""l"":""36.94"",""c"":""37.91"",""v"":2578380,""src"":""BACKFILL""},{""o"":""37.91"",""h"":""38.19"",""l"":""36.57"",""c"":""36.85"",""v"":1570694,""src"":""BACKFILL""}]","[""42.74"",""68.59"",""56.12"",""46.97""]","[""38.06"",""38.14"",""37.91"",""36.89""]","[""38.02"",""38.08"",""37.78"",""36.80""]","[""38.05"",""38.17"",""37.94"",""36.89""]","[""38.05"",""38.14"",""37.90"",""36.88""]","[""38.01"",""38.03"",""37.89"",""37.73""]","[""3.61"",""4.67"",""4.21"",""0.00""]","[""0.0245"",""0.0255"",""0.0331"",""0.0214""]","[""-0.11"",""0.18"",""0.00"",""-0.09""]","[""0.03"",""0.46"",""0.05"",""-2.32""]"
2025-10-06 8:17:38,Bear Spreads,Mohawk Industries Inc.,MHK,13.05,123.05,2025-10-23 0:00:00,3,2025-10-03 9:27:47,2025-11-21 0:00:00,129.17,0.0754,0.101,0.0538,,130,1.55,110,8.5,6.95,3.31,7,5,"[""-0.030000"",""-0.059615"",""-0.064846""]",,"[""0.030000"",""0.059615"",""0.064846""]","[""0.000000"",""0.000000"",""0.000000""]",126.17,122.58,122.25,,,,,"[{""o"":""127.60"",""h"":""127.92"",""l"":""126.10"",""c"":""126.16"",""v"":321022,""src"":""BACKFILL""},{""o"":""125.15"",""h"":""125.41"",""l"":""122.25"",""c"":""122.58"",""v"":549768,""src"":""BACKFILL""},{""o"":""122.70"",""h"":""123.15"",""l"":""121.57"",""c"":""122.21"",""v"":661532,""src"":""BACKFILL""},{""o"":""122.11"",""h"":""122.11"",""l"":""119.41"",""c"":""119.48"",""v"":182139,""src"":""BACKFILL""}]","[""40.34"",""39.66"",""55.03"",""39.67""]","[""126.31"",""122.89"",""122.19"",""119.65""]","[""126.32"",""122.73"",""121.98"",""119.69""]","[""126.31"",""122.68"",""122.19"",""119.58""]","[""126.33"",""122.77"",""122.15"",""119.62""]","[""126.76"",""124.48"",""123.47"",""123.12""]","[""3.59"",""3.62"",""2.82"",""0.00""]","[""0.1071"",""0.1030"",""0.1156"",""0.0589""]","[""-0.12"",""-0.26"",""0.02"",""-0.14""]","[""-0.48"",""-1.53"",""-1.02"",""-2.96""]"
2025-10-06 8:17:38,Bear Spreads,"Winnebago Industries, Inc.",WGO,2.7,32.7,2025-10-22 0:00:00,1,2025-09-25 16:10:30,2025-11-21 0:00:00,34.8,0.0704,0.0775,0.066,,35,0.8,30,3.1,2.3,1.61,6,0,"[""-0.061429"",""-0.088571"",""-0.088571""]",,"[""0.061429"",""0.088571"",""0.088571""]","[""0.000000"",""0.000000"",""0.000000""]",32.87,32.11,32.13,,,,,"[{""o"":""33.41"",""h"":""33.66"",""l"":""32.85"",""c"":""32.85"",""v"":308981,""src"":""BACKFILL""},{""o"":""32.82"",""h"":""33.25"",""l"":""31.90"",""c"":""32.11"",""v"":369952,""src"":""BACKFILL""},{""o"":""32.11"",""h"":""32.51"",""l"":""31.90"",""c"":""32.13"",""v"":249930,""src"":""BACKFILL""},{""o"":""31.90"",""h"":""31.94"",""l"":""31.16"",""c"":""31.60"",""v"":275971,""src"":""BACKFILL""}]","[""26.62"",""54.65"",""54.06"",""65.75""]","[""33.00"",""32.10"",""32.11"",""31.51""]","[""33.08"",""32.03"",""32.07"",""31.49""]","[""32.96"",""32.09"",""32.14"",""31.51""]","[""33.01"",""32.08"",""32.12"",""31.51""]","[""33.18"",""32.71"",""32.56"",""32.31""]","[""6.38"",""3.40"",""3.71"",""0.00""]","[""0.0466"",""0.0425"",""0.0300"",""0.0223""]","[""-0.45"",""0.03"",""0.07"",""0.27""]","[""-0.99"",""-1.84"",""-1.32"",""-2.19""]"
2025-10-06 8:17:38,Bear Spreads,"Travelers Companies, Inc.",TRV,21.05,281.05,2025-10-16 0:00:00,1,2025-09-15 11:03:48,2025-10-17 0:00:00,284.56,0.0538,0.0739,0.0314,0.0499,290,0.75,260,9.7,8.95,5.41,8,8,"[""-0.028190"",""-0.024862"",""-0.028069""]",,"[""0.028190"",""0.024862"",""0.028069""]","[""0.000000"",""0.000000"",""0.000000""]",282.73,284.97,282.76,,,,,"[{""o"":""284.45"",""h"":""284.46"",""l"":""281.83"",""c"":""282.83"",""v"":502515,""src"":""BACKFILL""},{""o"":""282.79"",""h"":""286.89"",""l"":""282.79"",""c"":""284.98"",""v"":579863,""src"":""BACKFILL""},{""o"":""287.95"",""h"":""287.95"",""l"":""281.86"",""c"":""282.80"",""v"":576008,""src"":""BACKFILL""},{""o"":""283.06"",""h"":""284.82"",""l"":""273.88"",""c"":""274.59"",""v"":675089,""src"":""BACKFILL""}]","[""69.79"",""48.04"",""61.66"",""48.97""]","[""282.32"",""284.99"",""282.47"",""274.39""]","[""282.21"",""284.94"",""282.32"",""274.81""]","[""282.63"",""285.13"",""282.62"",""274.57""]","[""282.43"",""285.04"",""282.50"",""274.56""]","[""282.88"",""284.28"",""284.15"",""282.48""]","[""5.91"",""5.66"",""4.96"",""0.00""]","[""0.1763"",""0.1383"",""0.1668"",""0.1591""]","[""0.18"",""-0.00"",""0.12"",""0.07""]","[""-0.02"",""0.24"",""-0.47"",""-2.79""]"
2025-10-06 8:17:38,Bear Spreads,"Bentley Systems, Incorporated",BSY,3,53,2025-11-05 0:00:00,1,2025-10-01 16:01:13,2025-11-21 0:00:00,54.99,0.0372,0.0545,0.0363,,55,0.85,50,2.85,2,,,,"[""0.038909"",""-0.045818"",""-0.090000""]",0,"[""0.000000"",""0.045818"",""0.090000""]","[""0.038909"",""0.040909"",""0.000000""]",56.79,52.57,50.91,,,,,"[{""o"":""55.82"",""h"":""57.14"",""l"":""55.70"",""c"":""56.78"",""v"":1897646,""src"":""BACKFILL""},{""o"":""56.99"",""h"":""57.25"",""l"":""52.48"",""c"":""52.57"",""v"":3219742,""src"":""BACKFILL""},{""o"":""52.47"",""h"":""53.33"",""l"":""50.05"",""c"":""50.91"",""v"":2960630,""src"":""BACKFILL""},{""o"":""50.50"",""h"":""51.73"",""l"":""50.00"",""c"":""50.74"",""v"":1586796,""src"":""BACKFILL""}]","[""56.72"",""34.48"",""56.55"",""56.34""]","[""56.73"",""52.73"",""50.86"",""50.72""]","[""56.70"",""53.03"",""50.59"",""50.69""]","[""56.76"",""52.62"",""50.95"",""50.74""]","[""56.74"",""52.74"",""50.84"",""50.72""]","[""56.57"",""54.87"",""53.67"",""53.22""]","[""3.36"",""2.67"",""2.68"",""0.00""]","[""0.0592"",""0.0928"",""0.1160"",""0.0256""]","[""0.09"",""-0.31"",""0.10"",""0.03""]","[""0.38"",""-4.20"",""-5.14"",""-4.65""]"
2025-10-06 8:17:38,Bear Spreads,"Albertsons Companies, Inc.",ACI,0.9,16.9,2025-10-14 0:00:00,1,2025-09-30 17:48:00,2025-10-17 0:00:00,17.38,0.0274,0.0517,0.0345,0.0503,17.5,0.05,16,0.65,0.6,-0.22,8,-6,"[""-0.042857"",""-0.045714"",""-0.020000""]",,"[""0.042857"",""0.045714"",""0.020000""]","[""0.000000"",""0.000000"",""0.000000""]",16.8,17.2,17.35,,,,,"[{""o"":""16.85"",""h"":""17.23"",""l"":""16.75"",""c"":""16.80"",""v"":6307444,""src"":""BACKFILL""},{""o"":""16.81"",""h"":""17.22"",""l"":""16.70"",""c"":""17.20"",""v"":7156093,""src"":""BACKFILL""},{""o"":""17.28"",""h"":""17.37"",""l"":""17.15"",""c"":""17.34"",""v"":6230603,""src"":""BACKFILL""},{""o"":""17.45"",""h"":""17.65"",""l"":""17.15"",""c"":""17.15"",""v"":4408672,""src"":""BACKFILL""}]","[""48.94"",""75.17"",""52.51"",""22.64""]","[""16.79"",""17.15"",""17.34"",""17.20""]","[""16.82"",""17.12"",""17.31"",""17.22""]","[""16.80"",""17.19"",""17.35"",""17.18""]","[""16.80"",""17.16"",""17.34"",""17.20""]","[""16.94"",""16.98"",""17.08"",""17.14""]","[""2.53"",""4.11"",""5.71"",""0.00""]","[""0.0197"",""0.0170"",""0.0145"",""0.0107""]","[""0.06"",""0.27"",""-0.00"",""-0.30""]","[""-0.80"",""1.29"",""1.53"",""0.09""]"
2025-10-06 8:17:38,Bear Spreads,First Horizon National Corp,FHN,1.15,22.15,2025-10-15 0:00:00,1,2025-09-22 8:17:26,2025-10-17 0:00:00,22.56,0.0263,0.0509,0.0376,0.0499,23,0.15,21,1,0.85,3.78,8,6,"[""-0.015000"",""-0.001957"",""-0.011304""]",,"[""0.015000"",""0.001957"",""0.011304""]","[""0.020435"",""0.014348"",""0.012174""]",23.05,22.98,23.06,,,,,"[{""o"":""23.27"",""h"":""23.44"",""l"":""23.02"",""c"":""23.06"",""v"":10833498,""src"":""BACKFILL""},{""o"":""23.16"",""h"":""23.33"",""l"":""22.95"",""c"":""23.00"",""v"":9509716,""src"":""BACKFILL""},{""o"":""23.16"",""h"":""23.28"",""l"":""22.74"",""c"":""23.08"",""v"":12377857,""src"":""BACKFILL""},{""o"":""23.15"",""h"":""23.37"",""l"":""23.01"",""c"":""23.23"",""v"":12561437,""src"":""BACKFILL""}]","[""44.57"",""41.76"",""70.95"",""53.90""]","[""23.08"",""23.02"",""23.00"",""23.21""]","[""23.07"",""23.02"",""22.97"",""23.23""]","[""23.08"",""23.02"",""23.04"",""23.21""]","[""23.08"",""23.02"",""23.01"",""23.21""]","[""23.21"",""23.14"",""23.09"",""23.12""]","[""3.40"",""3.10"",""3.86"",""0.00""]","[""0.0213"",""0.0166"",""0.0247"",""0.0176""]","[""-0.07"",""-0.07"",""0.31"",""0.07""]","[""-0.63"",""-0.59"",""-0.08"",""0.44""]"
2025-10-07 8:17:52,Bear Spreads,Coeur D’Alene Mines Corp.,CDE,2.95,17.95,2025-10-29 0:00:00,3,2025-10-02 14:47:38,2025-11-21 0:00:00,19.34,0.1013,0.1525,0.1059,,20,0.4,15,2.45,2.05,6.41,10,10,"[""-0.069500"",""-0.041500""]",,"[""0.069500"",""0.041500""]","[""0.000000"",""0.052000""]",18.82,21.01,,,,,,"[{""o"":""19.14"",""h"":""19.21"",""l"":""18.61"",""c"":""18.82"",""v"":6879546,""src"":""BACKFILL""},{""o"":""19.37"",""h"":""21.04"",""l"":""19.17"",""c"":""21.01"",""v"":28399660,""src"":""BACKFILL""}]"
2025-10-07 8:17:52,Bear Spreads,"EPAM Systems, Inc.",EPAM,23.25,143.25,2025-11-06 0:00:00,1,2025-10-06 16:16:23,2025-11-21 0:00:00,152.51,0.1333,0.1524,0.077,,155,0.45,120,12.2,11.75,,,,"[""-0.036677"",""-0.035355""]",,"[""0.036677"",""0.035355""]","[""0.000000"",""0.000000""]",149.9,151.06,,,,,,"[{""o"":""150.82"",""h"":""151.02"",""l"":""149.32"",""c"":""149.90"",""v"":291374,""src"":""BACKFILL""},{""o"":""150.57"",""h"":""151.66"",""l"":""149.52"",""c"":""151.06"",""v"":229427,""src"":""BACKFILL""}]","[""51.71"",""42.81""]","[""149.81"",""151.30""]","[""149.93"",""151.22""]","[""149.90"",""151.08""]","[""149.86"",""151.20""]","[""149.93"",""150.37""]","[""4.48"",""0.00""]","[""0.1287"",""0.1195""]","[""0.06"",""-0.16""]","[""-0.02"",""0.46""]"
2025-10-07 8:17:52,Bear Spreads,Invitation Homes Inc.,INVH,3,28,2025-10-29 0:00:00,3,2025-10-06 17:46:10,2025-11-21 0:00:00,28.22,0.0401,0.1063,0.0708,,30,0.15,25,2.15,2,0.79,2,0,"[""-0.065667"",""-0.068000""]",,"[""0.065667"",""0.068000""]","[""0.000000"",""0.000000""]",28.14,28.18,,,,,,"[{""o"":""28.41"",""h"":""28.49"",""l"":""28.03"",""c"":""28.14"",""v"":2750768,""src"":""BACKFILL""},{""o"":""28.03"",""h"":""28.31"",""l"":""27.96"",""c"":""28.18"",""v"":4235423,""src"":""BACKFILL""}]","[""69.82"",""58.51""]","[""28.09"",""28.16""]","[""28.07"",""28.15""]","[""28.12"",""28.17""]","[""28.10"",""28.16""]","[""28.19"",""28.17""]","[""3.52"",""0.00""]","[""0.0148"",""0.0140""]","[""0.18"",""0.06""]","[""-0.17"",""0.03""]"
2025-10-07 8:17:52,Bear Spreads,"Bentley Systems, Incorporated",BSY,5.7,55.7,2025-11-05 0:00:00,1,2025-10-01 16:01:13,2025-11-21 0:00:00,56.79,0.0372,0.1003,0.0757,,60,0.6,50,4.9,4.3,,,,"[""-0.125333"",""-0.165833""]",,"[""0.125333"",""0.165833""]","[""0.000000"",""0.000000""]",52.57,50.91,,,,,,"[{""o"":""55.67"",""h"":""55.78"",""l"":""52.48"",""c"":""52.57"",""v"":2897642,""src"":""BACKFILL""},{""o"":""52.47"",""h"":""53.33"",""l"":""50.05"",""c"":""50.91"",""v"":2960630,""src"":""BACKFILL""}]","[""34.48"",""56.55""]","[""52.73"",""50.89""]","[""53.03"",""50.59""]","[""52.62"",""50.94""]","[""52.74"",""50.84""]","[""53.62"",""52.59""]","[""2.67"",""0.00""]","[""0.0928"",""0.1077""]","[""-0.31"",""0.04""]","[""-1.96"",""-3.20""]"
2025-10-07 8:17:52,Bear Spreads,Brookfield Infrastructure Partners L.P,BIP,3.4,33.4,2025-11-07 0:00:00,1,2025-10-03 7:18:13,2025-11-21 0:00:00,34.35,0.019,0.0989,0.0465,,35,0.1,30,1.7,1.6,,,,"[""-0.018857"",""-0.015929""]",,"[""0.018857"",""0.015929""]","[""0.000000"",""0.000000""]",34.62,34.59,,,,,,"[{""o"":""34.65"",""h"":""34.67"",""l"":""34.34"",""c"":""34.62"",""v"":267113,""src"":""BACKFILL""},{""o"":""34.60"",""h"":""34.71"",""l"":""34.44"",""c"":""34.59"",""v"":317490,""src"":""BACKFILL""}]","[""62.45"",""44.74""]","[""34.57"",""34.60""]","[""34.59"",""34.61""]","[""34.60"",""34.60""]","[""34.59"",""34.60""]","[""34.56"",""34.58""]","[""2.31"",""0.00""]","[""0.0200"",""0.0185""]","[""0.14"",""-0.03""]","[""0.18"",""0.03""]"
2025-10-07 8:17:52,Bear Spreads,Eastman Chemical Company,EMN,6.3,61.3,2025-11-03 0:00:00,3,2025-10-06 16:18:10,2025-11-21 0:00:00,63.72,0.0681,0.0988,0.058,,65,1,55,4.7,3.7,-0.8,7,-7,"[""-0.047692"",""-0.049692""]",,"[""0.047692"",""0.049692""]","[""0.000000"",""0.000000""]",62.37,62.34,,,,,,"[{""o"":""62.35"",""h"":""62.59"",""l"":""61.90"",""c"":""62.37"",""v"":723664,""src"":""BACKFILL""},{""o"":""62.56"",""h"":""62.78"",""l"":""61.77"",""c"":""62.35"",""v"":795223,""src"":""BACKFILL""},{""o"":""62.78"",""h"":""62.85"",""l"":""60.85"",""c"":""60.95"",""v"":461726,""src"":""BACKFILL""}]","[""53.84"",""48.78"",""49.90""]","[""62.36"",""62.35"",""60.94""]","[""62.32"",""62.35"",""60.97""]","[""62.36"",""62.36"",""60.94""]","[""62.35"",""62.36"",""60.94""]","[""62.31"",""62.33"",""62.12""]","[""2.56"",""4.85"",""0.00""]","[""0.0422"",""0.0408"",""0.0379""]","[""0.01"",""-0.00"",""0.01""]","[""0.10"",""0.03"",""-1.88""]"
2025-10-07 8:17:52,Bear Spreads,Polaris Inc. ,PII,5.4,60.4,2025-10-28 0:00:00,1,2025-09-30 7:28:44,2025-11-21 0:00:00,64.32,0.0716,0.0839,0.0715,,65,1.5,55,6.1,4.6,3.96,9,3,"[""-0.035769"",""-0.025145""]",,"[""0.035769"",""0.025145""]","[""0.000000"",""0.000000""]",63.82,64.36,,,,,,"[{""o"":""63.53"",""h"":""63.82"",""l"":""62.67"",""c"":""63.82"",""v"":642315,""src"":""BACKFILL""},{""o"":""64.11"",""h"":""64.96"",""l"":""63.37"",""c"":""64.37"",""v"":892257,""src"":""BACKFILL""},{""o"":""63.54"",""h"":""63.76"",""l"":""62.23"",""c"":""62.88"",""v"":407120,""src"":""BACKFILL""}]","[""78.08"",""66.44"",""43.79""]","[""63.42"",""64.17"",""62.98""]","[""63.26"",""63.97"",""62.96""]","[""63.57"",""64.27"",""62.94""]","[""63.45"",""64.18"",""62.97""]","[""63.25"",""63.81"",""63.66""]","[""4.85"",""4.72"",""0.00""]","[""0.0805"",""0.1022"",""0.0783""]","[""0.63"",""0.31"",""-0.17""]","[""0.89"",""0.87"",""-1.23""]"
2025-10-07 8:17:52,Bear Spreads,Thomson Reuters Corporation,TRI,11.65,146.65,2025-11-04 0:00:00,1,2025-10-01 16:04:16,2025-11-21 0:00:00,152.03,0.0463,0.0766,0.0549,,155,0.75,135,9.1,8.35,,,,"[""-0.029129"",""-0.027290""]",,"[""0.029129"",""0.027290""]","[""0.000000"",""0.000000""]",151.49,151.7,,,,,,"[{""o"":""151.94"",""h"":""152.23"",""l"":""150.49"",""c"":""151.49"",""v"":558593,""src"":""BACKFILL""},{""o"":""151.61"",""h"":""152.00"",""l"":""150.77"",""c"":""151.70"",""v"":676422,""src"":""BACKFILL""}]","[""65.70"",""56.84""]","[""151.28"",""151.52""]","[""151.22"",""151.68""]","[""151.43"",""151.64""]","[""151.33"",""151.59""]","[""151.33"",""151.47""]","[""3.94"",""0.00""]","[""0.0742"",""0.0967""]","[""0.14"",""0.12""]","[""0.10"",""0.15""]"
2025-10-07 8:17:52,Bear Spreads,Laboratory Corp. of America Holdings,LH,19.35,269.35,2025-10-28 0:00:00,1,2025-09-25 16:24:51,2025-11-21 0:00:00,275.05,0.0509,0.0703,0.0387,,280,1.65,250,12.3,10.65,3.75,6,6,"[""-0.004000"",""-0.017232""]",,"[""0.004000"",""0.017232""]","[""0.013179"",""0.000571""]",279.55,277.51,,,,,,"[{""o"":""280.70"",""h"":""283.69"",""l"":""278.88"",""c"":""279.55"",""v"":377508,""src"":""BACKFILL""},{""o"":""279.26"",""h"":""280.16"",""l"":""275.17"",""c"":""277.51"",""v"":453583,""src"":""BACKFILL""}]","[""53.29"",""55.89""]","[""279.33"",""277.43""]","[""279.71"",""277.22""]","[""279.37"",""277.39""]","[""279.38"",""277.36""]","[""280.79"",""279.01""]","[""2.63"",""0.00""]","[""0.2274"",""0.2136""]","[""0.08"",""0.03""]","[""-0.44"",""-0.54""]"
2025-10-07 8:17:52,Bear Spreads,Cemex S.A.B. de C.V.,CX,0.6,8.6,2025-10-28 0:00:00,1,2025-09-25 11:28:26,2025-11-21 0:00:00,8.99,0.0558,0.0667,0.0444,,9,0.15,8,0.55,0.4,3.33,5,5,"[""0.013333"",""0.032222""]",0,"[""0.000000"",""0.000000""]","[""0.013333"",""0.032222""]",9.11,9.28,,,,,,"[{""o"":""9.09"",""h"":""9.12"",""l"":""9.04"",""c"":""9.11"",""v"":5711348,""src"":""BACKFILL""},{""o"":""9.17"",""h"":""9.29"",""l"":""9.01"",""c"":""9.28"",""v"":5909464,""src"":""BACKFILL""}]","[""60.30"",""73.01""]","[""9.09"",""9.25""]","[""9.09"",""9.24""]","[""9.10"",""9.27""]","[""9.10"",""9.26""]","[""9.08"",""9.14""]","[""2.05"",""0.00""]","[""0.0100"",""0.0093""]","[""0.18"",""0.29""]","[""0.36"",""1.53""]"
2025-10-07 8:17:52,Bear Spreads,WM,WM,13.6,213.6,2025-10-27 0:00:00,3,2025-09-23 17:14:22,2025-11-21 0:00:00,217.69,0.0399,0.0624,0.0293,,220,1.3,200,7.7,6.4,2.88,8,2,"[""-0.015364"",""-0.013273""]",,"[""0.015364"",""0.013273""]","[""0.000000"",""0.002591""]",217.56,219.98,,,,,,"[{""o"":""216.80"",""h"":""217.97"",""l"":""216.62"",""c"":""217.56"",""v"":517189,""src"":""BACKFILL""},{""o"":""217.58"",""h"":""220.57"",""l"":""217.08"",""c"":""219.98"",""v"":908728,""src"":""BACKFILL""}]","[""70.59"",""42.75""]","[""217.20"",""220.08""]","[""217.15"",""220.23""]","[""217.42"",""220.05""]","[""217.28"",""220.10""]","[""217.22"",""218.58""]","[""3.32"",""0.00""]","[""0.1012"",""0.1127""]","[""0.17"",""-0.05""]","[""0.15"",""0.64""]"
2025-10-07 8:17:52,Bear Spreads,LyondellBasell Industries,LYB,2.6,47.6,2025-10-31 0:00:00,1,2025-10-07 7:25:20,2025-11-21 0:00:00,48.68,0.0255,0.0534,0.0493,,50,1.8,45,4.2,2.4,0.33,7,-5,"[""-0.031400"",""-0.029200""]",,"[""0.031400"",""0.029200""]","[""0.000000"",""0.000000""]",49.12,48.69,,,,,,"[{""o"":""49.14"",""h"":""49.25"",""l"":""48.43"",""c"":""49.12"",""v"":3789069,""src"":""BACKFILL""},{""o"":""49.14"",""h"":""49.47"",""l"":""48.54"",""c"":""48.69"",""v"":2519878,""src"":""BACKFILL""}]","[""52.48"",""47.29""]","[""49.10"",""48.71""]","[""49.10"",""48.67""]","[""49.11"",""48.72""]","[""49.10"",""48.71""]","[""48.99"",""48.96""]","[""4.36"",""0.00""]","[""0.0469"",""0.0346""]","[""0.04"",""-0.05""]","[""0.26"",""-0.55""]"
2025-10-07 8:17:52,Bear Spreads,Valley National Bancorp,VLY,0.55,10.55,2025-10-23 0:00:00,1,2025-09-22 16:49:00,2025-11-21 0:00:00,10.91,0.0206,0.0504,0.0412,,11,0.15,10,0.6,0.45,3.48,8,4,"[""-0.020909"",""-0.021364""]",,"[""0.020909"",""0.021364""]","[""0.001364"",""0.000000""]",10.82,10.84,,,,,,"[{""o"":""10.98"",""h"":""11.02"",""l"":""10.77"",""c"":""10.82"",""v"":8272656,""src"":""BACKFILL""},{""o"":""10.93"",""h"":""10.97"",""l"":""10.77"",""c"":""10.84"",""v"":10815964,""src"":""BACKFILL""}]"
2025-10-07 8:17:52,Bear Spreads,AvalonBay Communities Inc.,AVB,9.3,184.3,2025-10-29 0:00:00,3,2025-10-02 16:28:56,2025-11-21 0:00:00,187.58,0.0239,0.0495,0.0303,,190,1.3,175,7,5.7,1.6,4,0,"[""-0.016237"",""-0.022421""]",,"[""0.016237"",""0.022421""]","[""0.000000"",""0.000000""]",187.52,186.42,,,,,,"[{""o"":""189.19"",""h"":""189.76"",""l"":""186.91"",""c"":""187.52"",""v"":304592,""src"":""BACKFILL""},{""o"":""186.45"",""h"":""187.45"",""l"":""185.74"",""c"":""186.42"",""v"":317653,""src"":""BACKFILL""}]","[""63.50"",""53.65""]","[""187.27"",""186.35""]","[""187.14"",""186.33""]","[""187.40"",""186.38""]","[""187.30"",""186.36""]","[""187.95"",""187.22""]","[""5.90"",""0.00""]","[""0.1090"",""0.1048""]","[""0.13"",""0.04""]","[""-0.23"",""-0.42""]"
2025-10-07 8:17:52,Bear Spreads,Ecolab Inc.,ECL,12.25,272.25,2025-10-28 0:00:00,1,2025-09-16 17:24:03,2025-11-21 0:00:00,279.74,0.0403,0.0437,0.0277,,280,2.45,260,10.2,7.75,0.83,8,0,"[""-0.005935"",""-0.007107""]",,"[""0.005935"",""0.007107""]","[""0.000107"",""0.007857""]",278.98,281.35,,,,,,"[{""o"":""279.56"",""h"":""280.03"",""l"":""278.34"",""c"":""278.98"",""v"":586929,""src"":""BACKFILL""},{""o"":""279.78"",""h"":""282.20"",""l"":""278.01"",""c"":""281.35"",""v"":695254,""src"":""BACKFILL""}]","[""65.78"",""45.85""]","[""278.83"",""281.57""]","[""278.66"",""281.23""]","[""278.84"",""281.60""]","[""278.80"",""281.54""]","[""279.02"",""279.85""]","[""3.87"",""0.00""]","[""0.1070"",""0.1871""]","[""0.05"",""-0.08""]","[""-0.02"",""0.54""]"
2025-10-07 8:17:52,Bear Spreads,"Alexandria Real Estate Equities, Inc.",ARE,2.8,77.8,2025-10-27 0:00:00,3,2025-09-27 7:47:59,2025-11-21 0:00:00,79.99,0.032,0.035,0.0275,,80,1.9,75,4.1,2.2,3.08,8,2,"[""-0.026500"",""-0.060500""]",,"[""0.026500"",""0.060500""]","[""0.002625"",""0.000000""]",78.07,75.22,,,,,,"[{""o"":""80.14"",""h"":""80.21"",""l"":""77.88"",""c"":""78.07"",""v"":1879319,""src"":""BACKFILL""},{""o"":""77.50"",""h"":""78.75"",""l"":""75.16"",""c"":""75.22"",""v"":5414832,""src"":""BACKFILL""}]"
2025-10-07 8:17:52,Bear Spreads,Plains GP Holdings L.P.,PAGP,0.55,17.55,2025-11-05 0:00:00,1,2025-10-02 18:04:04,2025-11-21 0:00:00,17.93,0.0213,0.0306,0.025,,18,0.25,17,0.7,0.45,,,,"[""-0.019167"",""-0.023333""]",,"[""0.019167"",""0.023333""]","[""0.000000"",""0.000000""]",17.84,17.6,,,,,,"[{""o"":""17.68"",""h"":""17.84"",""l"":""17.66"",""c"":""17.84"",""v"":797475,""src"":""BACKFILL""},{""o"":""17.82"",""h"":""17.88"",""l"":""17.58"",""c"":""17.60"",""v"":1047448,""src"":""BACKFILL""}]","[""73.37"",""39.75""]","[""17.80"",""17.62""]","[""17.79"",""17.63""]","[""17.82"",""17.61""]","[""17.81"",""17.62""]","[""17.75"",""17.71""]","[""4.44"",""0.00""]","[""0.0103"",""0.0109""]","[""0.22"",""-0.11""]","[""0.51"",""-0.60""]"
2025-10-07 8:17:52,Bear Spreads,"Enbridge, Inc.",ENB,1.45,48.95,2025-11-07 0:00:00,1,2025-09-27 7:16:54,2025-11-21 0:00:00,49.77,0.0169,0.0291,0.021,,50,0.55,47.5,1.6,1.05,,,,"[""-0.014700"",""-0.024400""]",,"[""0.014700"",""0.024400""]","[""0.000000"",""0.000000""]",49.44,49.03,,,,,,"[{""o"":""49.64"",""h"":""49.69"",""l"":""49.26"",""c"":""49.44"",""v"":1926598,""src"":""BACKFILL""},{""o"":""49.70"",""h"":""49.70"",""l"":""48.78"",""c"":""49.03"",""v"":3257570,""src"":""BACKFILL""}]","[""61.37"",""64.96""]","[""49.41"",""48.98""]","[""49.36"",""48.92""]","[""49.43"",""49.02""]","[""49.41"",""48.99""]","[""49.45"",""49.17""]","[""3.97"",""0.00""]","[""0.0310"",""0.0239""]","[""0.07"",""0.11""]","[""-0.00"",""-0.28""]"
2025-10-07 8:17:52,Bear Spreads,Stryker Corp.,SYK,10.3,360.3,2025-10-30 0:00:00,3,2025-10-01 9:09:33,2025-11-21 0:00:00,366.28,0.0175,0.0281,0.0264,,370,6.1,350,15.8,9.7,0.98,6,0,"[""-0.008784"",""-0.001784""]",,"[""0.008784"",""0.001784""]","[""0.000000"",""0.015703""]",369.25,375.29,,,,,,"[{""o"":""367.21"",""h"":""370.00"",""l"":""366.75"",""c"":""369.25"",""v"":579849,""src"":""BACKFILL""},{""o"":""370.13"",""h"":""375.81"",""l"":""369.34"",""c"":""375.29"",""v"":1151040,""src"":""BACKFILL""}]","[""55.63"",""52.39""]","[""369.10"",""375.18""]","[""368.89"",""375.34""]","[""369.04"",""375.20""]","[""369.04"",""375.20""]","[""368.74"",""372.04""]","[""4.25"",""0.00""]","[""0.2307"",""0.2335""]","[""0.04"",""0.03""]","[""0.14"",""0.87""]"
2025-10-07 8:17:52,Bear Spreads,Fifth Third Bancorp,FITB,1.15,43.15,2025-10-17 0:00:00,1,2025-10-07 7:22:51,2025-11-21 0:00:00,43.79,0.0205,0.0262,0.0194,0.0542,44,0.95,42,1.8,0.85,1,5,1,"[""-0.015000"",""-0.014773""]",,"[""0.015000"",""0.014773""]","[""0.005682"",""0.010341""]",43.68,43.54,,,,,,"[{""o"":""44.21"",""h"":""44.25"",""l"":""43.34"",""c"":""43.68"",""v"":9944911,""src"":""BACKFILL""},{""o"":""43.77"",""h"":""44.46"",""l"":""43.35"",""c"":""43.54"",""v"":22182256,""src"":""BACKFILL""}]"
2025-10-07 8:17:52,Bear Spreads,Realty Income Corp.,O,1.5,59,2025-11-03 0:00:00,3,2025-10-02 16:25:04,2025-11-21 0:00:00,59.9,0.0102,0.025,0.0166,,60,0.5,57.5,1.5,1,0.49,6,0,"[""-0.008250"",""-0.017333""]",,"[""0.008250"",""0.017333""]","[""0.001417"",""0.000000""]",59.64,59.01,,,,,,"[{""o"":""59.80"",""h"":""60.08"",""l"":""59.51"",""c"":""59.64"",""v"":2615403,""src"":""BACKFILL""},{""o"":""59.49"",""h"":""59.55"",""l"":""58.96"",""c"":""59.01"",""v"":6299887,""src"":""BACKFILL""}]"
2025-10-08 8:17:44,Bear Spreads,Iridium Communications Inc,IRDM,3.1,18.1,2025-10-23 0:00:00,1,2025-10-02 17:59:41,2025-11-21 0:00:00,19.42,0.1137,0.1596,0.0978,0.1892,20,0.25,15,2.15,1.9,0.59,6,-4,"[""-0.023000""]",,"[""0.023000""]","[""0.000000""]",19.75,,,,,,,"[{""o"":""19.69"",""h"":""19.81"",""l"":""19.54"",""c"":""19.75"",""v"":1091173,""src"":""BACKFILL""}]","[""58.82""]","[""19.72""]","[""19.69""]","[""19.74""]","[""19.72""]","[""19.70""]","[""0.00""]","[""0.0214""]","[""0.14""]","[""0.28""]"
2025-10-08 8:17:44,Bear Spreads,WM,WM,13.7,213.7,2025-10-27 0:00:00,3,2025-09-23 17:14:22,2025-11-21 0:00:00,217.56,0.0399,0.0629,0.0289,,220,1.5,200,7.8,6.3,3.4,9,3,"[""-0.005364""]",,"[""0.005364""]","[""0.002591""]",219.98,,,,,,,"[{""o"":""219.20"",""h"":""220.57"",""l"":""218.82"",""c"":""219.98"",""v"":594683,""src"":""BACKFILL""}]","[""42.75""]","[""220.08""]","[""220.23""]","[""220.05""]","[""220.10""]","[""219.71""]","[""0.00""]","[""0.1127""]","[""-0.05""]","[""0.12""]"
2025-10-08 8:17:44,Bear Spreads,Bank OZK,OZK,3.2,50.7,2025-10-16 0:00:00,3,2025-09-30 19:06:25,2025-10-17 0:00:00,51.99,0.048,0.0615,0.0346,0.0654,52.5,0.25,47.5,2.05,1.8,3.57,6,6,"[""-0.017331""]",,"[""0.017331""]","[""0.000000""]",52.03,,,,,,,"[{""o"":""52.27"",""h"":""52.32"",""l"":""51.59"",""c"":""52.03"",""v"":732118,""src"":""BACKFILL""}]","[""53.44""]","[""52.03""]","[""51.97""]","[""52.03""]","[""52.02""]","[""52.04""]","[""0.00""]","[""0.0340""]","[""0.01""]","[""-0.02""]"
2025-10-08 8:17:44,Bear Spreads,Sanofi,SNY,3,48,2025-10-23 0:00:00,1,2025-09-25 9:19:33,2025-11-21 0:00:00,49.195,0.0436,0.0609,0.0406,0.06,50,0.45,45,2.45,2,1.69,7,1,"[""-0.024300""]",,"[""0.024300""]","[""0.000000""]",48.8,,,,,,,"[{""o"":""49.11"",""h"":""49.34"",""l"":""48.78"",""c"":""48.80"",""v"":2101639,""src"":""BACKFILL""}]","[""36.85""]","[""48.86""]","[""48.86""]","[""48.83""]","[""48.85""]","[""48.98""]","[""0.00""]","[""0.0231""]","[""-0.12""]","[""-0.36""]"
2025-10-08 8:17:44,Bear Spreads,LyondellBasell Industries,LYB,2.75,47.75,2025-10-31 0:00:00,1,2025-10-07 7:25:20,2025-11-21 0:00:00,49.13,0.0255,0.0559,0.0457,,50,1.65,45,3.9,2.25,0.33,7,-5,"[""-0.029200""]",,"[""0.029200""]","[""0.000000""]",48.69,,,,,,,"[{""o"":""49.30"",""h"":""49.47"",""l"":""48.54"",""c"":""48.69"",""v"":1773506,""src"":""BACKFILL""}]","[""47.29""]","[""48.71""]","[""48.67""]","[""48.72""]","[""48.71""]","[""48.88""]","[""0.00""]","[""0.0346""]","[""-0.05""]","[""-0.38""]"
2025-10-08 8:17:44,Bear Spreads,Zions Bancorporation,ZION,2.9,55.4,2025-10-20 0:00:00,3,2025-09-22 8:24:37,2025-11-21 0:00:00,56.71,0.0318,0.0511,0.037,0.082,57.5,1.2,52.5,3.3,2.1,5.85,9,9,"[""-0.026435""]",,"[""0.026435""]","[""0.000000""]",56.1,,,,,,,"[{""o"":""57.07"",""h"":""57.40"",""l"":""55.98"",""c"":""56.10"",""v"":911164,""src"":""BACKFILL""}]","[""47.20""]","[""56.13""]","[""56.13""]","[""56.11""]","[""56.12""]","[""56.56""]","[""0.00""]","[""0.0426""]","[""-0.05""]","[""-0.82""]"
2025-10-08 8:17:44,Bear Spreads,"Dominion Energy, Inc.",D,2.95,60.45,2025-10-31 0:00:00,1,2025-10-02 16:25:47,2025-11-21 0:00:00,60.87,0.0153,0.0484,0.0336,,62.5,0.65,57.5,2.7,2.05,2.95,6,4,"[""-0.038320""]",,"[""0.038320""]","[""0.000000""]",60.57,,,,,,,"[{""o"":""60.89"",""h"":""60.93"",""l"":""60.10"",""c"":""60.57"",""v"":3145745,""src"":""BACKFILL""}]","[""63.26""]","[""60.52""]","[""60.43""]","[""60.55""]","[""60.52""]","[""60.47""]","[""0.00""]","[""0.0345""]","[""0.09""]","[""0.17""]"
2025-10-08 8:17:44,Bear Spreads,KeyCorp,KEY,0.61,18.11,2025-10-16 0:00:00,1,2025-10-02 7:31:33,2025-10-17 0:00:00,18.41,0.0238,0.0331,0.0211,0.0568,18.5,0.15,17.5,0.54,0.39,2.18,8,4,"[""-0.024865""]",,"[""0.024865""]","[""0.000000""]",18.09,,,,,,,"[{""o"":""18.50"",""h"":""18.50"",""l"":""18.04"",""c"":""18.09"",""v"":23233303,""src"":""BACKFILL""}]","[""52.20""]","[""18.08""]","[""18.09""]","[""18.09""]","[""18.08""]","[""18.28""]","[""0.00""]","[""0.0164""]","[""0.04""]","[""-1.05""]"
2025-10-08 8:17:44,Bear Spreads,AGNC Investment Corp.,AGNC,0.31,9.81,2025-10-20 0:00:00,3,2025-10-07 7:18:59,2025-10-24 0:00:00,9.99,0.02,0.031,0.019,0.0345,10,0.03,9.5,0.22,0.19,1.33,6,0,"[""0.016000""]",0,"[""0.000000""]","[""0.016000""]",10.16,,,,,,,"[{""o"":""10.14"",""h"":""10.16"",""l"":""10.09"",""c"":""10.16"",""v"":9806929,""src"":""BACKFILL""}]","[""77.55""]","[""10.13""]","[""10.12""]","[""10.14""]","[""10.13""]","[""10.13""]","[""0.00""]","[""0.0105""]","[""0.29""]","[""0.30""]"
2025-10-08 8:17:44,Bear Spreads,Ares Capital Corp,ARCC,0.55,19.55,2025-10-28 0:00:00,1,2025-10-06 21:15:01,2025-11-21 0:00:00,19.86,0.0175,0.0276,0.0226,,20,0.25,19,0.7,0.45,-0.75,6,-6,"[""-0.019000""]",,"[""0.019000""]","[""0.000000""]",19.67,,,,,,,"[{""o"":""19.80"",""h"":""19.86"",""l"":""19.62"",""c"":""19.67"",""v"":4665594,""src"":""BACKFILL""}]","[""54.18""]","[""19.66""]","[""19.65""]","[""19.67""]","[""19.66""]","[""19.73""]","[""0.00""]","[""0.0140""]","[""0.03""]","[""-0.28""]"
2025-10-08 8:17:44,Bear Spreads,Realty Income Corp.,O,1.5,59,2025-11-03 0:00:00,3,2025-10-02 16:25:04,2025-11-21 0:00:00,59.63,0.0102,0.0251,0.0167,,60,0.55,57.5,1.55,1,0.49,6,0,"[""-0.017333""]",,"[""0.017333""]","[""0.000000""]",59.01,,,,,,,"[{""o"":""59.33"",""h"":""59.36"",""l"":""58.96"",""c"":""59.01"",""v"":2558866,""src"":""BACKFILL""}]","[""48.06""]","[""59.01""]","[""59.02""]","[""59.02""]","[""59.02""]","[""59.14""]","[""0.00""]","[""0.0261""]","[""0.01""]","[""-0.22""]"
2025-10-09 8:17:51,Bear Spreads,"EPAM Systems, Inc.",EPAM,28.9,138.9,2025-11-06 0:00:00,1,2025-10-06 16:16:23,2025-11-21 0:00:00,151.06,0.1333,0.1913,0.1065,,155,0.1,110,16.2,16.1
2025-10-09 8:17:51,Bear Spreads,Garmin Ltd.,GRMN,35.45,245.45,2025-10-29 0:00:00,1,2025-10-01 7:48:22,2025-11-21 0:00:00,259.77,0.1157,0.1364,0.056,,260,0.05,210,14.6,14.55,3.89,6,4
2025-10-09 8:17:51,Bear Spreads,DENTSPLY SIRONA Inc.,XRAY,1.65,11.65,2025-11-06 0:00:00,1,2025-10-08 16:35:21,2025-11-21 0:00:00,12.38,0.1062,0.1332,0.0686,,12.5,0.1,10,0.95,0.85
2025-10-09 8:17:51,Bear Spreads,"Apple Hospitality REIT, Inc.",APLE,1.4,11.4,2025-11-03 0:00:00,3,2025-09-30 7:23:27,2025-11-21 0:00:00,11.58,0.0073,0.1208,0.0949,,12.5,0.05,10,1.15,1.1,0.91,1,1
2025-10-09 8:17:51,Bear Spreads,"Flagstar Financial, Inc. ",FLG,1.4,11.4,2025-10-24 0:00:00,1,2025-10-03 10:20:19,2025-11-21 0:00:00,11.96,0.0826,0.117,0.0501,0.0794,12,0.1,10,0.7,0.6,0.71,6,-2
2025-10-09 8:17:51,Bear Spreads,Ero Copper Corp. ,ERO,2.65,22.65,2025-11-04 0:00:00,3,2025-10-08 5:21:40,2025-11-21 0:00:00,23.42,0.0397,0.1131,0.1003,,25,0.4,20,2.75,2.35,4.54,7,7
2025-10-09 8:17:51,Bear Spreads,Brookfield Infrastructure Partners L.P,BIP,3.75,33.75,2025-11-07 0:00:00,1,2025-10-03 7:18:13,2025-11-21 0:00:00,34.59,0.019,0.1084,0.0361,,35,0.1,30,1.35,1.25
2025-10-09 8:17:51,Bear Spreads,NOV Inc. ,NOV,1.2,13.2,2025-10-27 0:00:00,3,2025-09-29 7:45:03,2025-11-21 0:00:00,13.66,0.054,0.0878,0.0585,,14,0.2,12,1,0.8,1.09,6,-4
2025-10-09 8:17:51,Bear Spreads,"Crown Holdings, Inc.",CCK,8.05,88.05,2025-10-20 0:00:00,3,2025-09-23 10:17:40,2025-11-21 0:00:00,91.92,0.042,0.0875,0.0484,0.0492,92.5,0.05,80,4.5,4.45,2.71,6,4
2025-10-09 8:17:51,Bear Spreads,"CoStar Group, Inc.",CSGP,6.2,76.2,2025-10-28 0:00:00,3,2025-10-02 16:25:52,2025-11-21 0:00:00,79,0.0635,0.0784,0.0481,,80,1.2,70,5,3.8,3.19,8,4
2025-10-09 8:17:51,Bear Spreads,TransUnion,TRU,6,76,2025-10-23 0:00:00,1,2025-09-23 7:03:05,2025-11-21 0:00:00,79.25,0.0616,0.0757,0.0504,0.111,80,1.6,70,5.6,4,3.63,8,2
2025-10-09 8:17:51,Bear Spreads,Huntington Bancshares Incorporated,HBAN,1.1,16.1,2025-10-17 0:00:00,1,2025-10-06 16:18:55,2025-11-21 0:00:00,16.34,0.0215,0.0673,0.055,0.0597,17,0.2,15,1.1,0.9,0.99,7,1
2025-10-09 8:17:51,Bear Spreads,AGNC Investment Corp.,AGNC,0.57,10.07,2025-10-20 0:00:00,3,2025-10-07 7:18:59,2025-10-24 0:00:00,10.16,0.02,0.0561,0.0423,0.0502,10.5,0.02,9.5,0.45,0.43,1.33,6,0
2025-10-09 8:17:51,Bear Spreads,VICI Properties Inc.,VICI,1.35,31.35,2025-10-30 0:00:00,3,2025-09-29 8:40:18,2025-11-21 0:00:00,31.43,0.0085,0.0429,0.0365,,32.5,0.3,30,1.45,1.15,1.54,3,3
2025-10-09 8:17:51,Bear Spreads,Welltower Inc.,WELL,5.9,165.9,2025-10-27 0:00:00,3,2025-10-03 9:25:42,2025-11-21 0:00:00,169.14,0.0248,0.0348,0.0242,,170,2.3,160,6.4,4.1,5.32,8,8